index,AL,AT,BA,BE,BG,CH,CY,CZ,CZ+DE+SK,DE_LU,DK_1,DK_2,EE,ES,FI,FR,GB,GE,GR,HR,HU,IE(SEM),IE,IT,IT_BRNN,IT_CALA,IT_CNOR,IT_CSUD,IT_FOGN,IT_NORD,IT_ROSN,IT_SARD,IT_SICI,IT_SUD,LT,LV,MD,ME,MK,MT,NL,NO_1,NO_2,NO_3,NO_4,NO_5,PL,PT,RO,RS,SE_1,SE_2,SE_3,SE_4,SI,SK,TR,UA,UA_BEI,UA_IPS,XK,IS
2019-01-01 00:00:00+01:00,,33.48,,69.49,24.51,50.26,,8.5,,28.32,28.32,28.32,28.32,66.88,28.32,51.0,66.81,,74.12,51.0,59.9,,70.13,,,,51.0,51.0,,51.0,51.0,51.0,51.0,51.0,28.32,28.32,,,,,68.92,48.77,48.77,45.36,45.36,48.77,23.41,66.88,59.85,69.51,28.32,28.32,28.32,28.32,51.0,8.5,,,,,,
2019-01-01 01:00:00+01:00,,39.76,,66.58,24.5,48.74,,3.97,,10.07,10.07,10.07,10.07,66.88,10.07,46.27,66.93,,67.87,46.27,52.71,,70.28,,,,46.27,46.27,,46.27,46.27,46.27,46.27,46.27,10.07,10.07,,,,,64.98,49.25,49.25,45.31,45.31,49.25,10.04,66.88,52.67,51.08,10.07,10.07,10.07,10.07,46.27,3.97,,,,,,
2019-01-01 02:00:00+01:00,,39.78,,65.07,24.08,47.24,,4.7,,-4.08,-4.08,-4.08,10.03,66.0,10.03,39.78,62.07,,68.02,39.78,36.49,,65.18,,,,39.78,39.78,,39.78,39.78,39.78,39.78,39.78,10.03,10.03,,,,,60.27,49.17,49.17,45.37,45.37,49.17,10.03,66.0,36.46,34.03,10.03,10.03,10.03,10.03,39.78,4.7,,,,,,
2019-01-01 03:00:00+01:00,,27.87,,52.17,24.06,36.29,,0.93,,-9.91,-9.91,-9.91,4.56,63.64,4.56,27.87,51.45,,70.0,27.87,31.24,,60.91,,,,27.87,27.87,,27.87,27.87,27.87,27.87,27.87,4.56,4.56,,,,,49.97,48.37,48.37,45.21,45.21,48.37,7.8,63.64,31.22,28.49,4.56,4.56,4.56,4.56,27.87,0.93,,,,,,
2019-01-01 04:00:00+01:00,,-0.36,,47.66,22.54,30.09,,3.9,,-7.41,-7.41,-7.41,4.83,58.85,4.83,23.21,49.07,,70.0,-0.36,25.98,,65.16,,,,22.0,22.0,,22.0,22.0,22.0,22.0,22.0,4.83,4.83,,,,,47.66,47.19,47.19,44.9,44.9,47.19,6.94,58.85,25.96,26.95,4.83,4.83,4.83,4.83,-0.36,3.9,,,,,,
2019-01-01 05:00:00+01:00,,-4.45,,50.87,24.04,27.31,,7.95,,-12.55,-12.55,-12.55,8.09,55.47,8.09,22.64,49.41,,64.83,-4.45,26.69,,65.16,,,,20.0,20.0,,20.0,20.0,20.0,20.0,20.0,8.09,8.09,,,,,48.0,47.37,47.37,45.16,45.16,47.37,8.06,55.47,26.67,30.9,8.09,8.09,8.09,8.09,-4.45,7.95,,,,,,
2019-01-01 06:00:00+01:00,,-8.99,,52.88,22.54,28.53,,11.7,,-17.25,-17.25,-17.25,25.54,56.0,25.54,20.9,51.2,,60.0,-8.99,27.99,,68.29,,,,20.9,20.9,,20.9,20.9,20.9,20.9,20.9,25.54,25.54,,,,,49.75,48.16,48.16,46.17,46.17,48.16,8.81,56.0,27.97,31.94,25.54,25.54,25.54,25.54,-8.99,11.7,,,,,,
2019-01-01 07:00:00+01:00,,-6.05,,61.78,22.55,26.84,,5.01,,-15.07,-15.07,-15.07,39.16,61.09,39.16,26.54,56.72,,64.83,-6.05,28.49,,63.03,,,,26.54,26.54,,26.54,26.54,26.54,26.54,26.54,39.16,39.16,,,,,55.12,49.09,49.09,46.1,46.1,49.09,7.55,61.09,28.47,44.93,39.16,39.16,39.16,39.16,-6.05,5.01,,,,,,
2019-01-01 08:00:00+01:00,,1.53,,50.08,24.5,28.7,,1.01,,-4.93,-4.93,-4.93,37.66,61.01,37.66,25.0,43.37,,64.19,1.53,33.98,,51.62,,,,25.0,25.0,,25.0,25.0,25.0,25.0,25.0,37.66,37.66,,,,,44.8,47.63,47.63,45.75,45.75,47.63,6.96,61.01,33.96,40.32,37.66,37.66,37.66,37.66,1.53,1.01,,,,,,
2019-01-01 09:00:00+01:00,,0.41,,50.27,24.53,35.7,,0.11,,-6.33,-6.33,-6.33,21.52,61.0,21.52,25.0,49.11,,70.3,0.41,41.24,,51.63,,,,25.0,25.0,,25.0,25.0,25.0,25.0,25.0,21.52,21.52,,,,,49.58,47.99,47.99,46.01,46.01,47.99,8.2,61.0,41.22,45.03,21.52,21.52,21.52,21.52,0.41,0.11,,,,,,
2019-01-01 10:00:00+01:00,,14.34,,66.36,24.52,37.53,,14.8,,-4.93,-4.93,-4.93,28.25,63.0,28.25,34.64,57.03,,70.34,14.34,41.0,,59.96,,,,34.64,34.64,,34.64,34.64,34.64,34.64,34.64,28.25,28.25,,,,,55.44,49.2,49.2,46.92,46.92,49.2,11.38,63.0,40.97,49.97,28.25,28.25,28.25,28.25,14.34,14.8,,,,,,
2019-01-01 11:00:00+01:00,,9.2,,75.08,24.5,38.36,,15.5,,0.45,0.45,0.45,19.29,63.0,19.29,41.03,64.4,,70.34,41.03,45.16,,67.73,,,,41.03,41.03,,41.03,41.03,41.03,41.03,41.03,19.29,19.29,,,,,62.62,49.39,49.39,47.36,47.36,49.39,11.63,63.0,45.13,52.01,19.29,19.29,19.29,19.29,41.03,15.5,,,,,,
2019-01-01 12:00:00+01:00,,10.68,,90.66,24.5,43.95,,16.5,,0.12,0.12,0.12,19.32,64.03,19.32,48.97,60.11,,67.67,48.97,44.07,,64.09,,,,48.97,48.97,,48.97,48.97,48.97,48.97,48.97,19.32,19.32,,,,,57.4,49.2,49.2,47.55,47.55,49.2,9.53,64.03,44.04,52.0,19.32,19.32,19.32,19.32,48.97,16.5,,,,,,
2019-01-01 13:00:00+01:00,,8.85,,75.71,24.5,43.07,,16.0,,-0.02,-0.02,-0.02,16.21,65.88,16.21,41.06,64.39,,70.36,41.06,41.16,,80.0,,,,41.06,41.06,,41.06,41.06,41.06,41.06,41.06,16.21,16.21,,,,,50.76,49.13,49.13,47.71,47.71,49.13,11.58,65.88,41.14,46.91,16.21,16.21,16.21,16.21,41.06,16.0,,,,,,
2019-01-01 14:00:00+01:00,,20.49,,68.3,24.54,38.82,,19.53,,0.0,0.0,0.0,21.47,65.01,21.47,37.95,73.15,,64.51,37.95,42.83,,110.33,,,,37.95,37.95,,37.95,37.95,37.95,37.95,37.95,21.47,21.47,,,,,49.92,48.33,48.33,47.8,47.8,48.33,11.61,65.01,42.8,40.57,21.47,21.47,21.47,21.47,37.95,19.53,,,,,,
2019-01-01 15:00:00+01:00,,18.78,,61.83,46.05,48.02,,5.0,,-0.03,-0.03,-0.03,32.69,60.84,32.69,33.42,77.75,,64.89,53.59,54.91,,100.28,,,,53.59,53.59,,53.59,53.59,53.59,53.59,53.59,32.69,32.69,,,,,50.05,48.45,48.45,48.08,48.08,48.45,11.7,60.84,54.88,52.08,32.69,32.69,32.69,32.69,53.59,5.0,,,,,,
2019-01-01 16:00:00+01:00,,21.75,,72.12,97.02,48.93,,20.0,,1.97,1.97,1.97,29.34,61.09,29.34,39.8,54.31,,65.22,58.65,72.02,,110.33,,,,58.65,58.65,,58.65,58.65,58.65,58.65,58.65,29.34,29.34,,,,,50.6,48.98,48.98,48.13,48.13,48.98,29.25,61.09,71.98,69.57,29.34,29.34,29.34,29.34,58.65,20.0,,,,,,
2019-01-01 17:00:00+01:00,,40.1,,62.58,98.7,50.99,,16.74,,9.06,9.06,9.06,30.19,63.08,30.19,44.29,77.65,,66.0,64.64,73.8,,185.0,,,,64.64,64.64,,64.64,64.64,64.64,64.64,64.64,30.19,30.19,,,,,60.72,49.45,49.45,48.15,48.15,49.45,30.11,63.08,73.76,69.58,30.19,30.19,30.19,30.19,64.64,16.74,,,,,,
2019-01-01 18:00:00+01:00,,40.0,,56.94,97.03,52.79,,22.14,,0.07,0.07,0.07,30.09,66.66,30.09,62.65,94.19,,67.79,65.0,72.02,,270.0,,,,65.0,65.0,,65.0,65.0,65.0,65.0,65.0,30.09,30.09,,,,,50.51,48.89,48.89,48.05,48.05,48.89,30.01,66.66,71.98,70.02,30.09,30.09,30.09,30.09,65.0,22.14,,,,,,
2019-01-01 19:00:00+01:00,,25.07,,57.89,95.66,55.17,,23.27,,-4.97,-4.97,-4.97,29.58,67.06,29.58,65.56,78.33,,68.29,65.56,70.63,,250.0,,,,65.56,65.56,,65.56,65.56,65.56,75.01,65.56,29.58,29.58,,,,,47.35,48.91,48.91,47.76,47.76,48.91,29.5,67.06,70.6,70.02,29.58,29.58,29.58,29.58,65.56,23.27,,,,,,
2019-01-01 20:00:00+01:00,,32.63,,51.3,83.46,55.05,,23.0,,-6.98,-6.98,-6.98,36.91,67.26,36.91,61.27,76.58,,68.25,64.23,68.38,,148.0,,,,64.23,64.23,,64.23,64.23,64.23,87.0,64.23,36.91,36.91,,,,,50.4,49.31,49.31,47.67,47.67,49.31,28.37,67.26,68.35,70.07,36.91,36.91,36.91,36.91,64.23,23.0,,,,,,
2019-01-01 21:00:00+01:00,,0.02,,51.89,71.59,50.7,,20.0,,-24.93,-16.01,-16.01,33.14,68.07,33.14,57.41,67.05,,67.94,61.72,53.12,,90.0,,,,61.72,61.72,,61.72,61.72,61.72,74.97,61.72,33.14,33.14,,,,,47.53,49.1,49.1,47.57,47.57,49.1,19.89,68.07,53.1,71.32,33.14,33.14,33.14,33.14,61.72,20.0,,,,,,
2019-01-01 22:00:00+01:00,,1.76,,60.88,51.16,55.12,,18.0,,-4.87,-4.87,-4.87,21.61,67.08,21.61,58.65,59.79,,68.0,58.65,36.86,,66.0,,,,58.65,58.65,,58.65,58.65,58.65,58.65,58.65,21.61,21.61,,,,,51.06,49.42,49.42,47.48,47.48,49.42,12.33,67.08,36.85,70.09,21.61,21.61,21.61,21.61,58.65,18.0,,,,,,
2019-01-01 23:00:00+01:00,,-4.95,,60.74,46.06,55.11,,-0.99,,-28.93,-28.93,-28.93,4.04,64.03,4.04,54.91,55.95,,64.9,54.91,23.95,,89.0,,,,54.91,54.91,,54.91,54.91,54.91,54.91,54.91,4.04,4.04,,,,,47.55,49.12,49.12,47.21,47.21,49.12,1.38,64.03,23.94,69.56,4.04,4.04,4.04,4.04,54.91,-0.99,,,,,,
2019-01-02 00:00:00+01:00,,-4.98,,65.96,22.54,49.97,,1.0,,-33.57,-33.57,-33.57,9.7,61.74,9.7,53.11,54.36,,48.45,53.11,23.99,,76.09,,,,53.11,53.11,,53.11,53.11,53.11,53.11,53.11,9.7,9.7,,,,,49.0,49.16,49.16,47.09,47.09,49.16,4.62,61.74,24.01,90.08,9.7,9.7,9.7,9.7,53.11,1.0,,,,,,
2019-01-02 01:00:00+01:00,,-16.4,,57.9,22.51,48.66,,-2.0,,-45.92,-45.92,-45.92,6.32,53.0,6.32,45.87,57.62,,45.45,45.87,17.16,,76.2,,,,45.87,45.87,,45.87,45.87,45.87,45.87,45.87,2.15,6.32,,,,,46.6,48.14,48.14,47.15,47.15,48.14,2.15,54.87,17.17,53.09,6.32,6.32,6.32,6.32,45.87,-2.0,,,,,,
2019-01-02 02:00:00+01:00,,-16.45,,56.48,10.08,41.56,,-3.48,,-48.29,-48.29,-48.29,4.35,48.23,4.35,39.15,58.16,,31.5,19.2,15.39,,73.66,,,,39.15,39.15,,39.15,39.15,39.15,39.15,39.15,1.17,4.35,,,,,46.6,48.14,48.14,46.97,46.97,48.14,1.17,54.42,15.4,35.01,4.35,4.35,4.35,4.35,19.2,-3.48,,,,,,
2019-01-02 03:00:00+01:00,,-16.49,,46.68,10.03,43.07,,-7.0,,-44.99,-33.6,-33.6,8.81,47.23,8.81,25.84,55.35,,37.28,1.3,7.92,,71.38,,,,36.0,36.0,,36.0,36.0,36.0,36.0,36.0,8.81,8.81,,,,,45.73,47.24,47.24,47.1,47.1,47.24,2.3,52.99,7.92,28.05,8.81,8.81,8.81,8.81,1.3,-7.0,,,,,,
2019-01-02 04:00:00+01:00,,-16.45,,50.8,15.8,38.6,,-7.85,,-48.93,-33.54,-33.54,22.67,45.24,22.67,28.36,53.81,,42.95,0.01,8.91,,71.38,,,,39.0,39.0,,39.0,39.0,39.0,39.0,39.0,22.67,22.67,,,,,46.01,47.53,47.53,47.22,47.22,47.53,2.31,51.1,8.91,25.46,22.67,22.67,22.67,22.67,0.01,-7.85,,,,,,
2019-01-02 05:00:00+01:00,,0.71,,45.28,30.5,49.21,,10.75,,-29.91,-17.79,-17.79,43.28,45.7,43.28,30.72,53.21,,64.21,39.0,22.04,,66.98,,,,39.0,39.0,,39.0,39.0,39.0,39.0,39.0,43.28,43.28,,,,,46.45,47.98,47.98,47.62,47.62,47.98,6.15,51.09,22.05,31.0,43.28,43.28,43.28,43.28,39.0,10.75,,,,,,
2019-01-02 06:00:00+01:00,,11.49,,55.3,51.54,52.54,,33.4,,-0.01,-0.01,-0.01,44.64,51.1,44.64,51.1,55.49,,70.49,53.1,33.4,,71.38,,,,53.1,53.1,,53.1,53.1,53.1,53.1,53.1,44.64,44.64,,,,,47.86,49.44,49.44,47.95,47.95,49.44,44.04,51.1,33.42,36.99,44.64,44.64,44.64,44.64,53.1,33.4,,,,,,
2019-01-02 07:00:00+01:00,,41.8,,56.86,115.53,54.99,,49.1,,37.43,37.43,37.43,49.64,58.37,49.64,58.37,69.64,,75.14,65.41,49.1,,71.38,,,,65.41,65.41,,65.41,65.41,65.41,65.41,65.41,49.64,49.64,,,,,49.5,50.11,50.11,49.64,49.64,50.11,49.64,58.37,49.12,50.97,49.64,49.64,49.64,49.64,65.41,49.1,,,,,,
2019-01-02 08:00:00+01:00,,49.89,,55.99,127.1,60.04,,46.25,,48.06,48.06,48.06,49.96,63.75,49.96,56.82,55.47,,75.02,50.55,54.1,,75.0,,,,70.0,70.0,,70.0,70.0,70.0,87.0,70.0,49.96,49.96,,,,,52.42,50.74,50.74,49.96,49.96,50.74,49.95,63.75,54.13,63.82,49.96,49.96,49.96,49.96,50.55,46.25,,,,,,
2019-01-02 09:00:00+01:00,,52.04,,55.33,118.13,64.83,,49.97,,50.74,50.74,50.74,50.74,66.1,50.74,57.44,58.75,,74.51,52.93,56.92,,77.52,,,,69.19,69.19,,69.19,69.19,69.19,69.19,69.19,50.74,50.74,,,,,52.42,50.74,50.74,50.74,50.74,50.74,50.73,66.1,54.12,65.08,50.74,50.74,50.74,50.74,52.93,49.97,,,,,,
2019-01-02 10:00:00+01:00,,50.91,,53.47,120.43,64.8,,45.5,,47.57,48.11,48.11,49.99,65.88,49.99,61.09,62.48,,70.44,54.0,56.87,,100.0,,,,65.64,65.64,,65.64,65.64,65.64,65.64,65.64,49.99,49.99,,,,,52.36,50.69,50.69,49.99,49.99,50.69,49.98,65.88,46.91,67.05,49.99,49.99,49.99,49.99,54.0,45.5,,,,,,
2019-01-02 11:00:00+01:00,,48.78,,53.22,102.3,64.29,,46.3,,43.94,48.66,48.66,50.25,63.63,50.25,63.63,65.07,,69.74,64.0,60.07,,126.8,,,,64.0,64.0,,64.0,64.0,64.0,64.0,64.0,50.25,50.25,,,,,51.94,50.27,50.27,50.25,50.25,50.27,50.24,63.63,41.01,67.07,50.25,50.25,50.25,50.25,64.0,46.3,,,,,,
2019-01-02 12:00:00+01:00,,46.07,,57.32,72.17,63.44,,47.5,,40.97,49.94,49.94,49.94,62.8,49.94,62.8,64.22,,67.78,62.8,59.07,,132.02,,,,62.8,62.8,,62.8,62.8,62.8,62.8,62.8,49.94,49.94,,,,,51.59,49.94,49.94,49.94,49.94,49.94,49.93,62.8,42.65,67.23,49.94,49.94,49.94,49.94,62.8,47.5,,,,,,
2019-01-02 13:00:00+01:00,,48.34,,51.91,70.1,60.24,,49.0,,44.95,47.26,47.26,49.97,63.16,49.97,58.65,70.3,,64.93,58.65,55.85,,150.65,,,,58.65,58.65,,58.65,58.65,58.65,58.65,58.65,49.97,49.97,,,,,51.77,50.11,50.11,49.97,49.97,50.11,49.96,63.16,49.72,66.73,49.97,49.97,49.97,49.97,58.65,49.0,,,,,,
2019-01-02 14:00:00+01:00,,50.85,,54.59,114.65,59.4,,49.9,,49.64,49.64,50.93,50.93,61.5,50.93,55.64,69.74,,70.46,59.84,61.08,,142.74,,,,59.84,59.84,,59.84,59.84,59.84,59.84,59.84,50.93,50.93,,,,,52.61,50.93,50.93,50.93,50.93,50.93,50.92,61.5,61.08,66.96,50.93,50.93,50.93,50.93,59.84,49.9,,,,,,
2019-01-02 15:00:00+01:00,,54.52,,58.89,120.95,62.01,,57.4,,53.67,53.67,52.38,52.38,60.69,52.38,56.72,70.83,,75.89,65.0,65.46,,131.53,,,,65.0,65.0,,65.0,65.0,65.0,65.0,65.0,52.38,52.38,,,,,60.0,52.38,52.38,52.38,52.38,52.38,52.37,60.69,65.46,71.89,52.38,52.38,52.38,52.38,65.0,57.4,,,,,,
2019-01-02 16:00:00+01:00,,57.73,,66.57,119.73,63.59,,60.0,,56.01,56.01,56.01,54.67,62.19,54.67,62.19,72.01,,77.65,66.63,72.69,,145.44,,,,66.63,66.63,,66.63,66.63,66.63,87.0,66.63,54.67,54.67,,,,,69.95,54.67,54.67,54.67,54.67,54.67,54.65,62.19,72.68,77.69,54.67,54.67,54.67,54.67,66.63,60.0,,,,,,
2019-01-02 17:00:00+01:00,,59.62,,74.33,117.32,68.67,,61.28,,56.95,56.95,56.95,55.58,67.1,55.58,67.1,89.84,,78.15,72.69,75.04,,237.07,,,,72.69,72.69,,72.69,72.69,72.69,88.06,72.69,55.58,55.58,,,,,80.0,55.58,55.58,55.58,55.58,55.58,55.57,67.1,75.03,87.72,55.58,55.58,55.58,55.58,72.69,61.28,,,,,,
2019-01-02 18:00:00+01:00,,64.04,,74.45,112.74,70.12,,59.9,,62.08,55.39,55.39,55.39,69.3,55.39,69.3,121.79,,78.15,73.0,74.83,,365.04,,,,73.0,73.0,,73.0,73.0,73.0,88.06,73.0,55.39,55.39,,,,,77.67,55.39,55.39,55.39,55.39,55.39,55.37,69.3,74.82,80.53,55.39,55.39,55.39,55.39,73.0,59.9,,,,,,
2019-01-02 19:00:00+01:00,,64.05,,74.33,101.71,69.69,,61.19,,62.11,54.9,54.9,54.9,69.25,54.9,69.25,94.15,,77.61,73.56,73.06,,267.5,,,,73.56,73.56,,73.56,73.56,73.56,88.0,73.56,54.9,54.9,,,,,76.53,54.9,54.9,54.9,54.9,54.9,54.89,69.25,73.04,76.06,54.9,54.9,54.9,54.9,73.56,61.19,,,,,,
2019-01-02 20:00:00+01:00,,59.47,,67.29,95.71,66.9,,59.98,,57.99,53.86,53.86,53.86,68.07,53.86,63.43,88.54,,76.49,66.63,72.69,,142.6,,,,66.63,66.63,,66.63,66.63,66.63,87.29,66.63,53.86,53.86,,,,,67.29,53.86,53.86,53.86,53.86,53.86,53.84,68.07,72.67,67.21,53.86,53.86,53.86,53.86,66.63,59.98,,,,,,
2019-01-02 21:00:00+01:00,,55.64,,55.64,87.75,60.94,,52.75,,55.64,52.71,52.71,52.71,68.01,52.71,55.64,73.09,,70.79,61.29,72.69,,87.0,,,,61.29,61.29,,61.29,61.29,61.29,65.0,61.29,52.71,52.71,,,,,55.64,52.71,52.71,52.71,52.71,52.71,52.7,68.01,72.66,67.05,52.71,52.71,52.71,52.71,61.29,52.75,,,,,,
2019-01-02 22:00:00+01:00,,55.32,,56.77,60.09,60.07,,51.25,,55.13,52.09,52.09,52.09,66.66,52.09,55.97,61.94,,69.6,58.65,70.0,,76.98,,,,58.65,58.65,,58.65,57.0,58.65,57.0,57.0,48.84,52.09,,,,,53.81,52.09,52.09,52.09,52.09,52.09,48.83,66.66,69.97,64.13,52.09,52.09,52.09,52.09,58.65,51.25,,,,,,
2019-01-02 23:00:00+01:00,,51.59,,57.28,51.49,58.97,,41.0,,50.76,50.76,50.76,50.76,64.28,50.76,54.31,55.49,,67.8,54.31,59.48,,77.52,,,,54.31,54.31,,54.31,54.31,54.31,54.31,54.31,39.01,50.76,,,,,52.43,50.76,50.76,50.76,50.76,50.76,38.99,64.28,59.46,61.5,50.76,50.76,50.76,50.76,54.31,41.0,,,,,,
2019-01-03 00:00:00+01:00,,43.98,,50.12,53.55,53.03,,43.0,,42.91,42.91,42.91,49.8,62.01,49.8,47.03,60.9,,67.99,43.98,52.16,,71.01,,,,47.03,47.03,,47.03,35.0,47.03,35.0,35.0,40.29,49.8,,,,,50.12,50.03,50.03,49.8,49.8,50.03,40.41,62.01,52.14,57.0,49.8,49.8,49.8,49.8,43.98,43.0,,,,,,
2019-01-03 01:00:00+01:00,,45.41,,46.45,53.53,50.5,,42.99,,45.22,45.22,45.22,48.89,54.85,48.89,45.93,60.9,,67.63,45.41,45.06,,70.72,,,,45.93,37.91,,45.93,34.49,37.91,34.49,37.91,37.05,48.89,,,,,47.1,48.89,48.89,48.89,48.89,48.89,37.17,54.85,45.04,47.08,48.89,48.89,48.89,48.89,45.41,42.99,,,,,,
2019-01-03 02:00:00+01:00,,45.7,,46.12,53.53,48.32,,42.11,,45.63,48.31,48.31,48.31,52.19,48.31,45.91,60.92,,67.38,45.7,42.11,,66.72,,,,45.91,34.45,,45.91,34.45,34.45,34.45,34.45,35.37,48.31,,,,,46.4,48.31,48.31,48.31,48.31,48.31,35.48,52.19,42.09,46.97,48.31,48.31,48.31,48.31,45.7,42.11,,,,,,
2019-01-03 03:00:00+01:00,,44.0,,44.0,53.55,45.44,,42.05,,44.0,48.4,48.4,48.4,50.21,48.4,44.0,60.84,,64.86,44.0,42.05,,66.72,,,,44.0,34.43,,44.0,34.43,34.43,34.43,34.43,36.03,48.4,,,,,44.0,48.4,48.4,48.4,48.4,48.4,36.14,50.21,42.03,46.91,48.4,48.4,48.4,48.4,44.0,42.05,,,,,,
2019-01-03 04:00:00+01:00,,43.88,,43.88,53.6,45.49,,43.17,,43.88,48.79,48.79,48.79,50.2,48.79,43.88,56.59,,64.86,43.88,43.17,,62.72,,,,43.88,34.43,,43.88,34.43,34.43,34.43,34.43,38.35,48.79,,,,,43.88,48.79,48.79,48.79,48.79,48.79,38.48,50.2,43.15,46.03,48.79,48.79,48.79,48.79,43.88,43.17,,,,,,
2019-01-03 05:00:00+01:00,,45.92,,45.92,94.68,49.94,,45.59,,45.92,45.92,45.92,49.61,52.19,49.61,45.92,56.51,,67.7,45.92,49.04,,62.72,,,,45.92,34.48,,45.92,34.48,34.48,34.48,34.48,49.61,49.61,,,,,45.92,49.61,49.61,49.61,49.61,49.61,42.91,52.19,49.01,50.98,49.61,49.61,49.61,49.61,45.92,45.59,,,,,,
2019-01-03 06:00:00+01:00,,54.78,,52.96,140.18,54.97,,48.86,,51.07,51.07,51.07,51.55,54.91,51.55,54.69,57.53,,69.29,55.1,66.25,,62.72,,,,55.1,55.1,,55.1,55.1,55.1,55.1,55.1,51.17,51.55,,,,,52.46,51.17,51.17,51.17,51.17,51.17,51.33,54.91,66.23,62.08,51.17,51.17,51.17,51.17,55.1,48.86,,,,,,
2019-01-03 07:00:00+01:00,,66.13,,60.22,148.28,66.88,,60.5,,52.77,52.77,53.91,57.09,66.58,57.09,66.58,68.06,,75.27,66.58,115.78,,69.8,,,,66.58,63.41,,66.58,59.0,63.41,59.0,59.0,53.91,57.09,,,,,58.63,53.91,53.91,53.91,53.91,53.91,54.08,66.58,115.73,71.91,53.91,53.91,53.91,53.91,66.58,60.5,,,,,,
2019-01-03 08:00:00+01:00,,68.36,,65.65,148.32,69.47,,65.21,,62.89,62.89,61.76,58.86,68.03,58.86,68.03,69.55,,79.85,69.6,83.95,,75.2,,,,69.6,68.65,,69.6,59.0,68.65,59.0,59.0,58.86,58.86,,,,,65.08,58.86,58.86,54.96,54.96,56.67,58.48,66.88,104.19,84.08,54.96,54.96,58.86,58.86,69.6,65.21,,,,,,
2019-01-03 09:00:00+01:00,,62.63,,75.58,148.3,69.56,,63.5,,60.03,60.03,60.03,59.14,69.12,59.14,69.12,77.84,,79.81,69.7,85.03,,81.75,,,,69.39,68.65,,69.7,56.68,68.65,56.68,56.68,59.14,59.14,,,,,75.58,59.14,59.14,54.27,54.27,56.76,59.33,69.12,106.18,84.09,54.27,54.27,59.14,59.14,69.7,63.5,,,,,,
2019-01-03 10:00:00+01:00,,61.35,,77.03,148.29,69.63,,62.33,,58.19,58.19,58.19,58.19,69.19,58.19,69.19,82.06,,79.81,69.19,81.93,,86.36,,,,69.19,68.65,,69.19,54.66,68.65,54.66,54.66,58.19,58.19,,,,,79.68,58.19,58.19,53.79,53.79,56.78,58.39,69.19,99.93,82.94,53.79,53.79,58.19,58.19,69.19,62.33,,,,,,
2019-01-03 11:00:00+01:00,,64.43,,71.59,148.28,69.05,,62.71,,62.99,61.47,61.47,61.47,68.01,61.47,68.01,76.53,,77.6,73.0,95.02,,112.33,,,,68.01,63.18,,68.01,45.0,63.18,45.0,45.0,61.47,61.47,,,,,74.29,61.47,61.47,53.25,53.25,56.68,61.68,68.01,94.98,75.51,53.25,53.25,61.47,61.47,73.0,62.71,,,,,,
2019-01-03 12:00:00+01:00,,64.58,,69.83,146.15,68.95,,64.4,,63.52,62.0,62.0,62.0,67.2,62.0,67.2,77.65,,76.53,72.96,95.04,,86.36,,,,67.2,59.84,,67.2,39.49,59.84,39.49,39.49,62.0,62.0,,,,,73.7,62.0,62.0,53.15,53.15,56.62,62.2,67.2,95.0,73.94,53.15,53.15,62.0,62.0,72.96,64.4,,,,,,
2019-01-03 13:00:00+01:00,,65.25,,68.15,144.27,66.62,,65.22,,64.67,63.12,63.12,63.12,66.7,63.12,66.7,72.45,,71.68,66.7,83.89,,110.0,,,,66.63,59.84,,66.7,39.49,59.84,39.49,39.49,63.12,63.12,,,,,70.31,63.12,63.12,52.61,52.61,56.6,63.33,66.7,83.85,72.01,52.61,52.61,63.12,63.12,66.7,65.22,,,,,,
2019-01-03 14:00:00+01:00,,65.74,,68.25,141.86,66.11,,66.54,,65.24,63.67,63.67,63.67,67.0,63.67,67.0,72.03,,75.32,67.0,83.37,,101.44,,,,67.0,63.18,,67.0,54.66,63.18,54.66,54.66,63.67,63.67,,,,,69.9,63.67,63.67,52.63,52.63,56.61,63.89,67.0,83.33,72.03,52.63,52.63,63.67,63.67,67.0,66.54,,,,,,
2019-01-03 15:00:00+01:00,,67.83,,68.19,125.05,67.78,,68.3,,67.76,66.13,66.13,66.13,68.01,66.13,68.01,70.56,,75.55,68.01,83.35,,99.0,,,,68.01,68.01,,68.01,58.09,68.01,58.09,58.09,66.13,66.13,,,,,68.45,66.13,66.13,52.69,52.69,56.67,66.36,68.01,83.32,73.17,52.69,52.69,66.13,66.13,68.01,68.3,,,,,,
2019-01-03 16:00:00+01:00,,68.58,,69.4,90.1,68.65,,70.63,,68.41,68.41,68.41,68.41,68.99,68.41,68.99,80.36,,75.78,68.99,116.64,,114.0,,,,68.99,68.99,,68.99,65.01,68.99,65.01,65.01,68.41,68.41,,,,,70.0,68.41,68.41,52.85,52.85,56.73,68.65,68.99,116.59,77.07,52.85,52.85,68.41,68.41,68.99,70.63,,,,,,
2019-01-03 17:00:00+01:00,,69.98,,72.32,70.09,71.21,,73.0,,69.55,69.55,69.55,69.55,70.0,69.55,71.15,113.23,,76.06,73.0,96.49,,190.57,,,,73.0,73.0,,73.0,73.0,73.0,88.81,73.0,69.55,69.55,,,,,73.7,69.55,69.55,52.58,52.58,56.66,69.79,70.0,96.45,82.25,52.58,52.58,69.55,69.55,73.0,73.0,,,,,,
2019-01-03 18:00:00+01:00,,69.05,,77.92,70.7,71.79,,73.42,,67.28,65.67,65.67,65.67,71.1,65.67,73.43,149.44,,76.11,73.43,83.93,,270.0,,,,73.43,73.43,,73.43,73.43,73.43,88.81,73.43,65.67,65.67,,,,,83.7,65.67,65.67,52.23,52.23,56.57,65.89,71.1,83.9,83.93,52.23,52.23,65.67,65.67,73.43,73.42,,,,,,
2019-01-03 19:00:00+01:00,,69.78,,71.34,68.53,71.09,,71.48,,69.46,61.51,61.51,61.51,70.55,61.51,70.55,122.15,,76.86,70.55,75.98,,224.0,,,,70.55,70.55,,70.55,70.55,70.55,95.42,70.55,61.51,61.51,,,,,71.34,61.51,61.51,52.33,52.33,56.53,61.72,70.55,75.95,79.8,52.33,52.33,61.51,61.51,70.55,71.48,,,,,,
2019-01-03 20:00:00+01:00,,68.38,,68.38,61.39,69.65,,69.5,,68.38,56.04,57.6,57.6,68.38,56.04,68.38,88.93,,75.68,68.38,72.0,,135.0,,,,68.38,68.38,,68.38,68.38,68.38,88.81,68.38,57.6,57.6,,,,,68.38,56.04,56.04,53.34,53.34,56.04,57.8,68.38,71.98,74.93,53.34,53.34,56.04,57.6,68.38,69.5,,,,,,
2019-01-03 21:00:00+01:00,,61.72,,61.72,53.57,63.02,,63.0,,61.72,54.44,54.44,54.44,67.83,54.44,61.72,77.69,,70.48,61.72,67.08,,81.44,,,,61.72,61.72,,61.72,61.72,61.72,87.0,61.72,54.44,54.44,,,,,61.72,54.44,54.44,54.07,54.07,54.44,54.63,67.83,67.06,72.03,54.07,54.07,54.44,54.44,61.72,63.0,,,,,,
2019-01-03 22:00:00+01:00,,55.06,,56.6,53.55,61.02,,58.0,,53.72,52.09,52.09,52.09,66.1,52.09,59.84,70.32,,70.5,59.84,60.03,,77.04,,,,59.84,59.84,,59.84,59.84,59.84,59.84,59.84,52.09,52.09,,,,,53.81,52.09,52.09,52.09,52.09,52.09,54.28,66.1,32.53,69.97,52.09,52.09,52.09,52.09,59.84,58.0,,,,,,
2019-01-03 23:00:00+01:00,,51.78,,56.06,24.07,57.35,,51.08,,49.98,49.98,49.98,49.98,66.88,49.98,58.65,60.1,,70.46,51.78,51.08,,77.68,,,,58.65,58.65,,58.65,58.52,58.65,58.52,58.52,49.98,49.98,,,,,49.98,49.98,49.98,49.98,49.98,49.98,50.16,66.88,10.72,64.94,49.98,49.98,49.98,49.98,51.78,51.08,,,,,,
2019-01-04 00:00:00+01:00,,51.78,,53.44,22.54,52.59,,48.9,,50.73,49.87,49.87,49.87,67.2,49.87,55.52,63.86,,70.5,55.52,50.31,,72.69,,,,55.52,55.52,,55.52,55.52,55.52,55.52,55.52,49.87,49.87,,,,,51.63,49.98,49.98,49.87,49.87,49.98,50.07,67.2,50.3,60.02,49.87,49.87,49.87,49.87,55.52,48.9,,,,,,
2019-01-04 01:00:00+01:00,,48.3,,51.27,22.54,51.69,,46.2,,47.11,47.11,47.97,47.97,63.75,47.97,52.91,65.79,,70.49,52.91,49.43,,68.69,,,,52.91,52.91,,52.91,52.91,52.91,52.91,52.91,47.97,47.97,,,,,47.11,48.67,48.67,47.97,47.97,48.67,48.16,63.75,29.99,50.27,47.97,47.97,47.97,47.97,52.91,46.2,,,,,,
2019-01-04 02:00:00+01:00,,47.6,,50.0,22.53,49.95,,45.51,,47.07,47.07,47.07,47.07,58.89,47.07,49.61,66.09,,70.4,49.61,47.37,,69.0,,,,49.61,49.61,,49.61,49.61,49.61,49.61,49.61,47.07,47.07,,,,,47.07,47.71,47.71,47.07,47.07,47.71,47.25,58.89,25.93,48.09,47.07,47.07,47.07,47.07,49.61,45.51,,,,,,
2019-01-04 03:00:00+01:00,,47.05,,47.87,22.53,48.41,,46.06,,46.94,46.94,46.94,47.05,54.94,47.05,47.41,56.79,,68.18,47.41,46.06,,59.29,,,,47.41,47.41,,47.41,47.41,47.41,47.41,47.41,47.05,47.05,,,,,46.21,47.64,47.64,47.05,47.05,47.64,47.24,54.94,25.47,46.03,47.05,47.05,47.05,47.05,47.41,46.06,,,,,,
2019-01-04 04:00:00+01:00,,47.0,,47.0,22.54,48.12,,45.32,,47.0,47.0,47.0,47.43,54.85,47.43,47.0,56.71,,70.44,47.0,45.32,,59.19,,,,47.0,47.0,,47.0,47.0,47.0,47.0,47.0,47.43,47.43,,,,,47.0,47.43,47.43,47.43,47.43,47.43,47.62,54.85,27.65,46.18,47.43,47.43,47.43,47.43,47.0,45.32,,,,,,
2019-01-04 05:00:00+01:00,,47.09,,47.51,24.49,50.33,,45.6,,46.91,46.91,46.91,48.58,58.0,48.58,47.78,55.94,,75.17,52.99,47.46,,58.4,,,,52.99,52.99,,52.99,52.99,52.99,52.99,52.99,48.58,48.58,,,,,46.91,48.58,48.58,48.58,48.58,48.58,48.77,58.0,47.44,51.07,48.58,48.58,48.58,48.58,52.99,45.6,,,,,,
2019-01-04 06:00:00+01:00,,52.47,,59.54,43.29,54.03,,51.89,,49.59,49.59,50.87,51.2,63.0,51.2,59.54,61.69,,75.83,64.82,64.04,,65.43,,,,64.82,64.82,,64.82,64.82,64.82,64.82,64.82,51.2,51.2,,,,,59.54,50.87,50.87,50.87,50.87,50.87,51.4,63.0,64.03,65.98,50.87,50.87,50.87,50.87,64.82,51.89,,,,,,
2019-01-04 07:00:00+01:00,,59.12,,68.4,60.01,65.95,,59.08,,55.32,55.27,53.99,57.77,68.4,57.77,68.4,70.87,,75.8,73.93,69.95,,72.94,,,,73.93,73.93,,73.93,73.93,73.93,73.93,73.93,57.77,57.77,,,,,68.4,52.32,52.32,51.96,51.96,52.32,58.0,68.4,69.93,75.08,51.96,51.96,52.32,53.99,73.93,59.08,,,,,,
2019-01-04 08:00:00+01:00,,59.84,,74.19,60.03,69.92,,60.77,,55.78,54.44,54.44,60.04,69.71,60.04,69.71,72.33,,83.35,75.04,66.96,,75.5,,,,75.04,75.04,,75.04,73.93,75.04,101.27,73.93,60.04,60.04,,,,,74.19,54.44,54.44,52.61,52.61,54.44,60.28,69.71,66.94,80.43,52.61,52.61,54.44,54.44,75.04,60.77,,,,,,
2019-01-04 09:00:00+01:00,,60.14,,81.91,37.3,70.0,,61.56,,55.52,54.18,54.18,59.94,71.06,59.94,71.86,82.26,,84.52,73.43,69.16,,85.86,,,,73.43,73.43,,73.43,73.43,73.43,87.0,73.43,59.94,59.94,,,,,80.0,54.18,54.18,53.19,53.19,54.18,61.51,71.06,69.14,78.97,53.19,53.19,54.18,54.18,73.43,61.56,,,,,,
2019-01-04 10:00:00+01:00,,60.07,,83.56,36.57,69.93,,60.0,,55.23,53.9,53.9,59.92,71.06,59.92,71.58,88.48,,84.52,71.58,68.64,,139.2,,,,71.58,71.58,,71.58,71.58,71.58,71.58,71.58,59.92,59.92,,,,,85.38,53.9,53.9,53.53,53.53,53.9,60.81,71.06,68.62,77.91,53.53,53.53,53.9,53.9,71.58,60.0,,,,,,
2019-01-04 11:00:00+01:00,,58.45,,82.33,33.94,69.92,,60.0,,53.58,53.01,53.01,57.99,70.16,57.99,70.16,85.61,,84.52,70.16,70.49,,146.9,,,,69.38,69.38,,70.16,69.38,69.38,69.38,69.38,57.99,57.99,,,,,82.61,53.01,53.01,53.01,53.01,53.01,61.5,70.16,70.47,78.15,53.01,53.01,53.01,53.01,70.16,60.0,,,,,,
2019-01-04 12:00:00+01:00,,56.73,,79.38,37.26,69.37,,60.0,,51.74,51.74,51.74,58.43,70.01,58.43,70.16,72.2,,84.52,70.16,70.26,,143.85,,,,69.38,65.0,,70.16,65.0,65.0,65.0,65.0,58.43,58.43,,,,,69.67,51.74,51.74,51.74,51.74,51.74,61.57,70.01,70.25,76.04,51.74,51.74,51.74,51.74,70.16,60.0,,,,,,
2019-01-04 13:00:00+01:00,,56.46,,78.45,40.88,69.04,,60.38,,51.6,51.6,51.6,57.98,69.17,57.98,69.17,72.27,,83.5,69.17,70.54,,144.0,,,,69.17,65.0,,69.17,65.0,65.0,65.0,65.0,57.98,57.98,,,,,69.73,51.6,51.6,51.6,51.6,51.6,62.52,69.17,70.52,77.93,51.6,51.6,51.6,51.6,69.17,60.38,,,,,,
2019-01-04 14:00:00+01:00,,56.38,,80.62,62.1,67.64,,62.4,,51.41,51.41,51.41,58.37,69.15,58.37,69.15,72.27,,84.54,69.15,74.09,,111.89,,,,69.15,68.12,,69.15,68.12,68.12,68.12,68.12,58.37,58.37,,,,,69.73,51.41,51.41,51.41,51.41,51.41,61.51,69.15,74.07,77.94,51.41,51.41,51.41,51.41,69.15,62.63,,,,,,
2019-01-04 15:00:00+01:00,,56.45,,80.39,62.04,68.3,,63.43,,51.69,51.69,51.69,60.67,68.4,60.67,68.4,75.66,,84.58,68.4,84.83,,88.06,,,,68.4,68.4,,68.4,68.4,68.4,87.0,68.4,60.67,60.67,,,,,73.0,51.69,51.69,51.69,51.69,51.69,61.47,68.4,84.81,88.92,51.69,51.69,51.69,51.69,68.4,63.43,,,,,,
2019-01-04 16:00:00+01:00,,57.1,,79.73,112.93,69.39,,64.31,,52.59,52.59,52.59,59.95,68.4,59.95,68.4,78.77,,84.82,73.22,117.93,,109.49,,,,73.22,73.22,,73.22,73.22,73.22,95.41,73.22,59.95,59.95,,,,,76.0,52.59,52.59,52.59,52.59,52.59,62.83,68.4,117.9,116.07,52.59,52.59,52.59,52.59,73.22,110.0,,,,,,
2019-01-04 17:00:00+01:00,,60.08,,86.94,95.1,71.58,,67.53,,54.66,53.34,53.34,59.92,69.15,59.92,73.18,93.19,,115.0,75.0,128.65,,195.59,,,,75.0,75.0,,75.0,74.46,75.0,127.12,74.46,59.92,59.92,,,,,89.9,53.34,53.34,53.34,53.34,53.34,62.53,69.15,128.62,117.95,53.34,53.34,53.34,53.34,75.0,101.0,,,,,,
2019-01-04 18:00:00+01:00,,60.43,,85.7,95.01,72.19,,59.0,,54.1,52.81,52.81,57.58,71.06,57.58,77.23,101.31,,115.0,77.23,122.22,,270.5,,,,77.23,77.23,,77.23,76.84,77.23,128.9,76.84,57.58,57.58,,,,,73.3,52.81,52.81,52.81,52.81,52.81,61.56,71.06,122.19,114.94,52.81,52.81,52.81,52.81,77.23,59.0,,,,,,
2019-01-04 19:00:00+01:00,,58.06,,79.6,80.19,69.98,,52.32,,51.89,51.89,51.79,59.1,71.94,59.1,75.97,84.52,,84.64,75.97,119.86,,231.0,,,,75.97,75.97,,75.97,75.97,75.97,140.91,75.97,59.1,59.1,,,,,55.0,51.79,51.79,51.79,51.79,51.79,61.14,71.94,119.84,102.94,51.79,51.79,51.79,51.79,75.97,52.32,,,,,,
2019-01-04 20:00:00+01:00,,52.38,,60.4,95.0,69.76,,46.99,,46.58,46.58,51.04,54.22,70.2,54.22,70.2,83.75,,84.55,73.95,121.79,,167.29,,,,73.95,73.95,,73.95,73.95,73.95,128.9,73.95,54.22,54.22,,,,,52.73,51.04,51.04,51.04,51.04,51.04,57.76,70.2,121.76,95.69,51.04,51.04,51.04,51.04,73.95,46.99,,,,,,
2019-01-04 21:00:00+01:00,,51.13,,60.3,95.05,64.66,,40.84,,45.43,45.43,45.43,50.45,68.71,50.45,68.71,70.74,,77.64,70.0,104.81,,109.48,,,,70.0,70.0,,70.0,70.0,70.0,127.12,70.0,50.45,50.45,,,,,52.12,50.45,50.45,50.45,50.45,50.45,50.67,68.71,104.79,84.95,50.45,50.45,50.45,50.45,70.0,51.5,,,,,,
2019-01-04 22:00:00+01:00,,45.74,,60.3,135.17,64.74,,39.15,,43.96,43.96,43.96,49.79,68.68,49.79,68.68,70.71,,74.25,68.68,111.28,,80.28,,,,68.68,68.68,,68.68,68.68,68.68,110.0,68.68,49.79,49.79,,,,,51.43,49.79,49.79,49.79,49.79,49.79,50.0,68.68,111.26,93.52,49.79,49.79,49.79,49.79,68.68,48.54,,,,,,
2019-01-04 23:00:00+01:00,,45.0,,54.9,94.63,60.7,,31.07,,31.41,31.41,31.41,49.02,68.17,49.02,67.51,69.51,,64.98,65.92,85.18,,83.86,,,,65.92,62.99,,65.92,62.99,62.99,62.99,62.99,49.02,49.02,,,,,50.64,49.02,49.02,49.02,49.02,49.02,49.23,68.17,85.16,75.09,49.02,49.02,49.02,49.02,65.92,41.77,,,,,,
2019-01-05 00:00:00+01:00,,45.06,,59.3,76.88,63.06,,28.1,,26.9,26.9,26.9,48.42,71.68,48.42,71.68,73.45,,67.7,71.68,64.23,,82.99,,,,71.68,71.68,,71.68,71.68,71.68,71.68,71.68,48.42,48.42,,,,,50.02,48.42,48.42,48.42,48.42,48.42,48.59,71.68,64.24,75.06,48.42,48.42,48.42,48.42,71.68,28.1,,,,,,
2019-01-05 01:00:00+01:00,,45.46,,57.17,66.23,58.48,,26.87,,25.12,25.12,25.12,47.52,69.5,47.52,63.74,65.32,,67.86,63.74,51.05,,72.57,,,,63.74,63.74,,63.74,63.74,63.74,63.74,63.74,47.52,47.52,,,,,46.0,47.52,47.52,47.52,47.52,47.52,47.69,69.5,51.06,75.07,47.52,47.52,47.52,47.52,63.74,26.87,,,,,,
2019-01-05 02:00:00+01:00,,48.0,,45.9,60.04,54.73,,29.13,,24.12,24.12,24.12,47.19,68.07,47.19,60.0,63.52,,67.96,53.1,44.95,,72.57,,,,60.0,60.0,,60.0,60.0,60.0,60.0,60.0,46.98,47.19,,,,,45.68,47.19,47.19,47.19,47.19,47.19,47.14,68.07,44.96,68.14,47.19,47.19,47.19,47.19,53.1,29.13,,,,,,
2019-01-05 03:00:00+01:00,,46.1,,49.05,56.9,52.53,,26.33,,22.04,22.04,22.04,47.0,66.0,47.0,55.84,58.93,,66.31,49.1,39.05,,72.57,,,,55.84,55.84,,55.84,55.84,55.84,55.84,55.84,47.0,47.0,,,,,45.49,47.0,47.0,47.0,47.0,47.0,46.68,66.0,39.06,63.2,47.0,47.0,47.0,47.0,49.1,26.33,,,,,,
2019-01-05 04:00:00+01:00,,46.05,,51.0,58.01,51.58,,25.72,,18.37,18.37,18.37,47.01,63.93,47.01,53.48,57.91,,64.88,46.05,39.05,,72.57,,,,53.5,53.5,,53.5,53.5,53.5,53.5,53.5,47.01,47.01,,,,,45.0,47.01,47.01,47.01,47.01,47.01,45.8,63.93,39.06,58.51,47.01,47.01,47.01,47.01,46.05,25.72,,,,,,
2019-01-05 05:00:00+01:00,,48.03,,51.0,61.09,52.52,,23.48,,22.09,22.09,22.09,47.33,62.0,47.33,53.34,56.74,,67.86,51.8,47.5,,67.56,,,,54.4,54.4,,54.4,54.4,54.4,54.4,54.4,47.33,47.33,,,,,43.8,47.33,47.33,47.33,47.33,47.33,47.5,62.0,47.52,55.99,47.33,47.33,47.33,47.33,51.8,23.48,,,,,,
2019-01-05 06:00:00+01:00,,48.1,,52.21,77.09,52.94,,26.26,,23.35,23.35,23.35,47.59,60.84,47.59,52.57,56.48,,67.7,60.7,57.34,,69.0,,,,61.45,61.45,,61.45,61.45,61.45,61.45,61.45,47.59,47.59,,,,,45.9,47.59,47.59,47.59,47.59,47.59,47.76,60.84,57.36,72.74,47.59,47.59,47.59,47.59,60.7,26.26,,,,,,
2019-01-05 07:00:00+01:00,,49.02,,48.09,69.96,54.07,,27.0,,28.76,47.04,48.22,48.22,62.92,48.22,55.67,58.48,,71.22,49.02,53.07,,63.89,,,,70.7,70.7,,70.7,70.7,70.7,70.7,70.7,48.22,48.22,,,,,46.68,48.22,48.22,48.22,48.22,48.22,48.4,62.92,66.25,75.04,48.22,48.22,48.22,48.22,49.02,27.0,,,,,,
2019-01-05 08:00:00+01:00,,49.06,,59.11,72.92,60.32,,35.89,,36.63,49.99,49.99,49.99,60.79,49.99,60.79,62.31,,75.49,73.95,66.07,,63.73,,,,73.95,73.95,,73.95,73.95,73.95,73.95,73.95,49.99,49.99,,,,,51.65,49.99,49.99,49.99,49.99,49.99,50.18,60.79,66.25,74.78,49.99,49.99,49.99,49.99,73.95,35.89,,,,,,
2019-01-05 09:00:00+01:00,,55.33,,69.0,69.97,65.05,,50.52,,40.46,50.73,50.73,51.47,66.92,51.47,66.92,68.6,,75.81,73.41,69.82,,67.63,,,,73.41,73.41,,73.41,73.41,73.41,73.41,73.41,51.47,51.47,,,,,52.41,50.73,50.73,50.73,50.73,50.73,51.66,66.92,69.85,76.82,50.73,50.73,50.73,50.73,73.41,52.89,,,,,,
2019-01-05 10:00:00+01:00,,50.72,,69.0,71.98,65.08,,53.56,,45.85,50.93,50.93,52.53,69.12,52.53,69.12,70.86,,76.39,69.12,71.96,,72.47,,,,69.12,69.12,,69.12,69.12,69.12,69.12,69.12,52.53,52.53,,,,,52.62,50.93,50.93,50.93,50.93,50.93,52.72,69.12,71.98,84.57,50.93,50.93,50.93,50.93,69.12,54.89,,,,,,
2019-01-05 11:00:00+01:00,,53.66,,69.0,60.57,64.8,,54.37,,49.8,51.02,51.02,53.49,68.25,53.49,68.25,70.86,,76.53,68.25,70.52,,73.23,,,,68.25,68.25,,68.25,68.25,68.25,68.25,68.25,53.49,53.49,,,,,52.71,51.02,51.02,51.02,51.02,51.02,55.07,68.25,70.54,83.21,51.02,51.02,51.02,51.02,68.25,65.0,,,,,,
2019-01-05 12:00:00+01:00,,54.73,,73.0,58.38,63.4,,52.99,,51.36,51.36,51.36,53.64,67.67,53.64,67.67,80.11,,77.62,67.67,68.26,,81.92,,,,67.67,67.67,,67.67,67.67,67.67,67.67,67.67,53.64,53.64,,,,,73.0,51.36,51.36,51.36,51.36,51.36,54.15,67.67,68.29,82.54,51.36,51.36,51.36,51.36,67.67,59.0,,,,,,
2019-01-05 13:00:00+01:00,,54.34,,73.0,67.93,60.07,,52.0,,51.74,51.74,51.74,52.93,64.0,52.93,64.0,80.07,,76.03,64.0,64.25,,81.92,,,,64.0,64.0,,64.0,64.0,64.0,64.0,64.0,52.93,52.93,,,,,73.0,51.74,51.74,51.74,51.74,51.74,53.64,64.0,64.27,75.05,51.74,51.74,51.74,51.74,64.0,56.89,,,,,,
2019-01-05 14:00:00+01:00,,53.97,,68.96,78.36,58.06,,50.5,,51.92,51.92,51.92,52.45,61.57,52.45,61.57,76.8,,76.52,61.57,62.09,,81.92,,,,61.57,61.57,,61.57,61.57,61.57,61.57,61.57,52.45,52.45,,,,,68.96,51.92,51.92,51.92,51.92,51.92,52.64,61.57,62.11,75.04,51.92,51.92,51.92,51.92,61.57,53.46,,,,,,
2019-01-05 15:00:00+01:00,,54.53,,64.12,85.42,57.95,,51.7,,53.22,53.22,53.22,57.13,59.4,57.13,59.4,66.22,,77.64,62.43,65.08,,81.92,,,,62.43,62.43,,62.43,62.43,62.43,62.43,62.43,56.59,57.13,,,,,64.12,53.22,53.22,53.22,53.22,53.22,56.8,59.4,65.11,78.02,53.22,53.22,53.22,53.22,62.43,54.14,,,,,,
2019-01-05 16:00:00+01:00,,56.99,,59.61,105.02,58.85,,54.5,,56.62,55.26,55.26,62.87,58.31,62.87,58.31,62.53,,78.1,68.26,68.16,,81.92,,,,68.26,73.93,,68.26,73.93,73.93,73.93,73.93,62.87,62.87,,,,,59.61,55.26,55.26,55.26,55.26,55.26,63.11,58.31,96.49,100.44,55.26,55.26,55.26,55.26,68.26,68.16,,,,,,
2019-01-05 17:00:00+01:00,,59.19,,75.14,105.15,66.13,,58.0,,56.92,55.87,55.87,61.07,67.2,61.07,67.2,84.69,,77.69,76.55,74.8,,134.2,,,,76.55,76.65,,76.55,76.65,76.65,88.08,76.65,61.07,61.07,,,,,75.14,55.87,55.87,55.87,55.87,55.87,61.3,67.2,74.83,100.08,55.87,55.87,55.87,55.87,76.55,60.89,,,,,,
2019-01-05 18:00:00+01:00,,63.27,,74.7,96.13,68.09,,59.7,,61.64,55.26,60.16,60.51,69.0,60.51,69.0,94.61,,77.74,76.84,74.8,,200.0,,,,76.84,76.84,,76.84,76.84,76.84,140.91,76.84,60.51,60.51,,,,,74.7,55.26,55.26,55.26,55.26,55.26,60.74,69.0,74.83,93.71,55.26,55.26,55.26,60.16,76.84,60.69,,,,,,
2019-01-05 19:00:00+01:00,,61.5,,76.29,79.98,68.01,,59.0,,59.44,53.8,58.01,58.88,68.71,58.88,68.71,83.83,,83.85,77.51,72.66,,199.0,,,,77.51,77.51,,77.51,77.51,77.51,140.91,77.51,58.88,58.88,,,,,73.0,53.8,53.8,53.8,53.8,53.8,59.11,68.71,72.69,90.9,53.8,53.8,53.8,58.01,77.51,60.89,,,,,,
2019-01-05 20:00:00+01:00,,56.14,,68.07,79.94,66.41,,55.0,,52.75,52.75,52.75,52.75,68.07,52.75,68.07,75.15,,76.73,76.55,65.15,,184.99,,,,76.55,76.55,,76.55,76.55,76.55,140.91,76.55,52.75,52.75,,,,,68.07,52.75,52.75,52.75,52.75,52.75,53.92,68.07,65.17,85.14,52.75,52.75,52.75,52.75,76.55,56.89,,,,,,
2019-01-05 21:00:00+01:00,,53.71,,60.05,70.9,59.9,,50.5,,51.9,51.9,51.9,51.9,65.38,51.9,60.05,66.91,,75.43,53.71,58.46,,117.76,,,,75.69,75.69,,75.69,75.69,75.69,88.08,75.69,51.9,51.9,,,,,53.62,51.9,51.9,51.9,51.9,51.9,52.1,65.38,58.48,78.93,51.9,51.9,51.9,51.9,53.71,52.97,,,,,,
2019-01-05 22:00:00+01:00,,54.73,,65.76,42.4,61.13,,49.25,,51.38,51.38,51.13,51.13,65.76,51.13,65.76,67.45,,70.66,54.73,54.67,,82.48,,,,70.0,70.0,,70.0,70.0,70.0,79.43,70.0,51.13,51.13,,,,,52.82,51.13,51.13,51.13,51.13,51.13,51.33,65.76,54.69,75.08,51.13,51.13,51.13,51.13,54.73,49.25,,,,,,
2019-01-05 23:00:00+01:00,,52.94,,64.9,50.58,61.12,,43.06,,49.96,49.96,50.21,50.21,62.8,50.21,62.8,64.41,,75.19,52.94,46.31,,144.33,,,,65.09,65.09,,65.09,65.09,65.09,65.09,65.09,50.21,50.21,,,,,62.36,50.21,50.21,50.21,50.21,50.21,49.72,62.8,46.33,63.9,50.21,50.21,50.21,50.21,52.94,43.06,,,,,,
2019-01-06 00:00:00+01:00,,52.46,,59.23,51.43,62.94,,43.57,,50.29,50.29,50.29,50.29,63.75,50.29,60.9,62.35,,74.41,52.46,50.81,,72.95,,,,60.9,60.9,,60.9,60.9,60.9,60.9,60.9,50.29,50.29,,,,,51.95,50.29,50.29,50.29,50.29,50.29,44.2,63.75,50.82,73.78,50.29,50.29,50.29,50.29,52.46,43.57,,,,,,
2019-01-06 01:00:00+01:00,,49.02,,51.54,36.84,58.94,,43.0,,47.72,47.72,49.03,49.03,54.7,49.03,53.78,69.32,,74.79,52.0,47.95,,72.95,,,,54.9,54.9,,54.9,54.9,54.9,54.9,54.9,49.03,49.03,,,,,50.0,49.03,49.03,49.03,49.03,49.03,42.71,54.7,47.97,75.01,49.03,49.03,49.03,49.03,52.0,43.0,,,,,,
2019-01-06 02:00:00+01:00,,49.01,,50.6,24.53,54.74,,42.5,,48.38,48.81,48.81,48.81,54.05,48.81,51.43,62.31,,70.43,49.01,46.07,,65.58,,,,51.43,51.43,,51.43,51.43,51.43,51.43,51.43,48.81,48.81,,,,,48.38,48.81,48.81,48.81,48.81,48.81,42.01,54.05,46.09,59.62,48.81,48.81,48.81,48.81,49.01,42.5,,,,,,
2019-01-06 03:00:00+01:00,,48.02,,48.02,24.54,50.55,,42.83,,48.02,48.66,48.66,48.66,48.06,48.66,48.02,58.99,,70.48,48.02,42.86,,62.07,,,,48.02,48.02,,48.02,48.02,48.02,48.02,48.02,48.66,48.66,,,,,48.02,48.66,48.66,48.66,48.66,48.66,41.62,52.2,42.87,44.03,48.66,48.66,48.66,48.66,48.02,42.83,,,,,,
2019-01-06 04:00:00+01:00,,48.3,,46.41,38.06,49.85,,40.5,,44.23,47.82,47.82,47.82,48.37,47.82,48.37,58.63,,70.22,48.3,43.01,,68.38,,,,48.37,48.37,,48.37,48.37,48.37,48.37,48.37,47.82,47.82,,,,,45.91,47.82,47.82,47.82,47.82,47.82,41.57,50.2,43.02,41.37,47.82,47.82,47.82,47.82,48.3,40.5,,,,,,
2019-01-06 05:00:00+01:00,,47.17,,47.17,40.48,48.13,,40.7,,47.17,48.72,48.72,48.72,47.17,48.72,47.17,58.0,,70.47,47.17,46.31,,72.95,,,,47.17,47.17,,47.17,47.17,47.17,47.17,47.17,48.72,48.72,,,,,47.17,48.72,48.72,48.72,48.72,48.72,41.59,50.2,46.32,44.92,48.72,48.72,48.72,48.72,47.17,40.7,,,,,,
2019-01-06 06:00:00+01:00,,48.19,,48.19,42.89,51.52,,42.62,,48.19,48.19,49.38,49.38,48.19,49.38,48.19,58.0,,68.05,48.19,47.4,,72.95,,,,48.19,48.19,,48.19,48.19,48.19,48.19,48.19,49.38,49.38,,,,,48.19,49.38,49.38,49.38,49.38,49.38,42.02,50.2,49.11,58.02,49.38,49.38,49.38,49.38,48.19,42.62,,,,,,
2019-01-06 07:00:00+01:00,,49.11,,49.11,49.48,54.35,,42.64,,49.11,49.11,49.65,49.65,50.2,49.65,49.11,61.45,,68.16,49.11,48.25,,64.66,,,,52.87,52.87,,52.87,52.87,52.87,52.87,52.87,49.65,49.65,,,,,49.11,49.65,49.65,49.65,49.65,49.65,42.63,50.2,48.27,56.14,49.65,49.65,49.65,49.65,49.11,42.64,,,,,,
2019-01-06 08:00:00+01:00,,51.11,,50.77,50.0,55.06,,47.89,,50.44,50.44,50.44,50.44,52.2,50.44,51.06,52.12,,68.19,54.99,60.03,,54.83,,,,54.99,54.99,,54.99,54.99,54.99,54.99,54.99,50.44,50.44,,,,,50.7,50.44,50.44,50.44,50.44,50.44,49.73,52.2,60.04,62.01,50.44,50.44,50.44,50.44,54.99,47.89,,,,,,
2019-01-06 09:00:00+01:00,,53.4,,53.4,53.26,57.53,,53.05,,53.4,53.4,53.4,51.68,54.7,51.68,53.4,54.89,,70.38,56.5,66.02,,57.76,,,,56.5,56.5,,56.5,56.5,56.5,56.5,56.5,51.68,51.68,,,,,53.4,51.68,51.68,51.68,51.68,51.68,52.08,54.7,66.04,65.08,51.68,51.68,51.68,51.68,56.5,53.05,,,,,,
2019-01-06 10:00:00+01:00,,56.55,,56.55,66.01,62.05,,55.59,,56.55,52.35,52.35,52.35,62.0,52.35,56.55,62.37,,70.5,56.55,69.97,,65.62,,,,56.55,56.55,,56.55,56.55,56.55,56.55,56.55,52.35,52.35,,,,,56.55,52.35,52.35,52.35,52.35,52.35,52.76,62.0,69.99,70.03,52.35,52.35,52.35,52.35,56.55,55.59,,,,,,
2019-01-06 11:00:00+01:00,,60.02,,60.02,56.07,62.65,,57.52,,60.02,52.77,52.77,52.77,64.01,52.77,60.02,70.96,,70.5,60.02,70.08,,74.65,,,,60.02,60.02,,60.02,60.02,60.02,60.02,60.02,52.77,52.77,,,,,60.02,52.77,52.77,52.77,52.77,52.77,53.19,64.01,70.11,71.07,52.77,52.77,52.77,52.77,60.02,57.52,,,,,,
2019-01-06 12:00:00+01:00,,60.22,,60.22,51.35,63.72,,57.92,,60.22,52.86,52.86,52.86,64.18,52.86,60.22,75.75,,73.9,60.22,66.06,,79.69,,,,60.22,60.22,,60.22,60.22,60.22,60.22,60.22,52.86,52.86,,,,,60.22,52.86,52.86,52.86,52.86,52.86,53.28,64.18,66.08,68.08,52.86,52.86,52.86,52.86,60.22,57.92,,,,,,
2019-01-06 13:00:00+01:00,,55.0,,55.0,57.63,60.95,,56.82,,55.0,52.44,52.44,52.44,64.86,52.44,55.0,77.14,,70.41,55.0,57.49,,81.14,,,,55.0,55.0,,55.0,55.0,55.0,55.0,55.0,52.44,52.44,,,,,55.0,52.44,52.44,52.44,52.44,52.44,52.86,64.86,57.52,65.09,52.44,52.44,52.44,52.44,55.0,56.82,,,,,,
2019-01-06 14:00:00+01:00,,52.39,,52.39,55.31,57.23,,53.93,,52.39,51.52,51.52,51.52,64.01,51.52,52.39,83.66,,70.6,52.39,53.93,,88.0,,,,54.19,54.19,,54.19,54.19,54.19,54.19,54.19,51.52,51.52,,,,,52.39,51.52,51.52,51.52,51.52,51.52,51.92,64.01,53.95,64.16,51.52,51.52,51.52,51.52,52.39,53.93,,,,,,
2019-01-06 15:00:00+01:00,,51.57,,51.57,69.95,55.98,,54.28,,51.57,51.57,51.57,51.57,58.31,51.57,51.57,76.74,,75.39,53.0,58.92,,80.73,,,,58.65,58.65,,58.65,58.65,58.65,58.65,58.65,51.57,51.57,,,,,51.57,51.57,51.57,51.57,51.57,51.57,51.98,58.31,58.94,65.0,51.57,51.57,51.57,51.57,53.0,54.28,,,,,,
2019-01-06 16:00:00+01:00,,54.71,,54.71,77.05,59.05,,57.59,,54.71,53.28,53.4,53.28,54.94,53.28,54.71,67.08,,76.74,57.12,64.85,,72.87,,,,62.24,62.24,,62.24,62.24,62.24,62.24,62.24,53.4,53.4,,,,,54.71,53.28,53.28,53.28,53.28,53.28,53.82,54.94,64.88,74.29,53.28,53.28,53.28,53.4,57.12,57.59,,,,,,
2019-01-06 17:00:00+01:00,,63.43,,63.43,85.83,64.6,,62.4,,63.43,55.25,61.91,55.25,63.43,55.25,63.43,98.05,,77.99,67.0,71.04,,110.33,,,,67.0,67.0,,67.0,67.0,67.0,88.08,67.0,61.91,61.91,,,,,63.43,55.25,55.25,53.41,53.41,55.25,62.4,63.43,71.07,79.9,53.41,53.41,55.25,61.91,67.0,62.4,,,,,,
2019-01-06 18:00:00+01:00,,67.37,,67.37,77.21,67.7,,67.0,,67.37,54.25,61.36,54.25,67.37,54.25,67.37,124.8,,75.97,67.37,72.07,,160.48,,,,68.0,68.0,,68.0,68.0,68.0,128.9,68.0,61.36,61.36,,,,,67.37,54.25,54.25,53.09,53.09,54.25,61.85,67.37,72.1,78.07,53.09,53.09,54.25,61.36,67.37,67.0,,,,,,
2019-01-06 19:00:00+01:00,,67.2,,67.2,70.55,67.29,,64.89,,67.2,52.9,58.57,52.9,67.2,52.9,67.2,93.92,,75.86,67.2,68.45,,125.38,,,,70.0,70.0,,70.0,70.0,70.0,140.91,70.0,58.57,58.57,,,,,67.2,52.9,52.9,52.62,52.62,52.9,59.04,67.2,68.48,75.99,52.62,52.62,52.9,58.57,67.2,64.89,,,,,,
2019-01-06 20:00:00+01:00,,66.03,,66.03,69.95,67.04,,61.85,,66.03,51.95,51.95,51.95,66.03,51.95,66.03,83.91,,75.55,66.03,72.67,,88.25,,,,68.47,68.47,,68.47,68.47,68.47,140.91,68.47,51.95,51.95,,,,,66.03,51.95,51.95,51.95,51.95,51.95,53.83,66.03,72.71,74.01,51.95,51.95,51.95,51.95,66.03,61.85,,,,,,
2019-01-06 21:00:00+01:00,,55.36,,55.36,64.02,61.24,,56.0,,55.36,51.57,51.57,51.57,68.0,51.57,55.36,73.3,,70.6,55.78,59.85,,77.08,,,,66.05,66.05,,66.05,66.05,66.05,128.9,66.05,51.57,51.57,,,,,55.36,51.57,51.57,51.57,51.57,51.57,51.99,68.0,59.88,67.18,51.57,51.57,51.57,51.57,55.78,56.0,,,,,,
2019-01-06 22:00:00+01:00,,58.59,,58.59,54.24,63.25,,54.89,,58.59,50.71,50.71,50.71,67.65,50.71,58.59,66.65,,68.24,58.59,56.78,,70.0,,,,61.14,61.14,,61.14,61.14,61.14,88.08,61.14,50.71,50.71,,,,,58.59,50.71,50.71,50.71,50.71,50.71,51.11,67.65,56.8,75.01,50.71,50.71,50.71,50.71,58.59,54.89,,,,,,
2019-01-06 23:00:00+01:00,,53.96,,55.97,33.79,61.07,,50.0,,53.7,50.23,50.23,49.94,65.38,49.94,54.86,57.96,,70.5,53.96,51.13,,61.02,,,,58.65,58.65,,58.65,58.65,58.65,58.65,58.65,49.94,49.94,,,,,51.89,50.23,50.23,49.94,49.94,50.23,47.24,65.38,36.02,75.23,49.94,49.94,49.94,49.94,53.96,50.0,,,,,,
2019-01-07 00:00:00+01:00,,48.59,,54.58,35.27,52.94,,49.01,,46.03,46.03,48.62,48.62,59.59,48.62,58.15,67.53,,70.48,48.59,49.01,,69.32,,,,61.6,61.6,,61.6,61.6,61.6,61.6,61.6,48.62,48.62,,,,,46.03,48.62,48.62,48.62,48.62,48.62,49.01,59.59,49.03,62.27,48.62,48.62,48.62,48.62,48.59,49.01,,,,,,
2019-01-07 01:00:00+01:00,,48.8,,50.7,33.21,51.23,,48.46,,47.98,47.98,47.98,47.98,54.09,47.98,51.86,71.33,,70.24,48.8,48.46,,68.15,,,,56.75,56.75,,56.75,56.75,56.75,56.75,56.75,47.98,47.98,,,,,47.98,48.14,48.14,47.98,47.98,48.14,48.36,54.09,48.48,53.58,47.98,47.98,47.98,47.98,48.8,48.46,,,,,,
2019-01-07 02:00:00+01:00,,47.84,,47.84,24.52,47.74,,46.6,,47.84,47.84,47.84,47.84,52.2,47.84,47.84,61.04,,67.86,47.84,46.6,,58.32,,,,50.32,50.32,,50.32,50.32,50.32,50.32,50.32,47.84,47.84,,,,,47.84,48.16,48.16,47.84,47.84,48.16,48.22,52.2,46.62,50.92,47.84,47.84,47.84,47.84,47.84,46.6,,,,,,
2019-01-07 03:00:00+01:00,,46.11,,46.11,24.54,46.64,,46.02,,46.11,46.11,46.96,46.96,50.9,46.96,46.11,53.5,,67.86,46.11,46.02,,51.11,,,,50.0,50.0,,50.0,50.0,50.0,50.0,50.0,46.96,46.96,,,,,46.11,47.63,47.63,46.96,46.96,47.63,47.32,50.9,46.03,50.76,46.96,46.96,46.96,46.96,46.11,46.02,,,,,,
2019-01-07 04:00:00+01:00,,46.08,,46.08,46.21,46.84,,47.0,,46.08,46.08,48.09,48.09,50.5,48.09,46.08,47.39,,67.68,46.08,47.0,,45.28,,,,50.0,50.0,,50.0,50.0,50.0,50.0,50.0,48.09,48.09,,,,,46.08,48.09,48.09,48.09,48.09,48.09,48.45,50.5,47.01,51.41,48.09,48.09,48.09,48.09,46.08,47.0,,,,,,
2019-01-07 05:00:00+01:00,,47.62,,47.62,70.1,49.89,,50.52,,47.62,47.62,49.87,49.87,50.9,49.87,47.62,48.64,,70.49,47.62,50.52,,46.47,,,,56.75,56.75,,56.75,56.75,56.75,56.75,56.75,49.87,49.87,,,,,47.62,49.98,49.98,49.87,49.87,49.98,50.24,50.9,50.52,54.09,49.87,49.87,49.87,49.87,47.62,50.52,,,,,,
2019-01-07 06:00:00+01:00,,55.77,,55.77,76.95,59.14,,62.0,,55.77,55.77,53.51,52.74,55.77,52.74,55.77,54.35,,68.09,68.51,62.0,,43.58,,,,68.51,67.56,,68.51,67.56,67.56,67.56,67.56,53.51,53.51,,,,,55.77,52.74,52.74,52.74,52.74,52.74,53.9,55.77,79.54,63.91,52.74,52.74,52.74,53.51,68.51,62.0,,,,,,
2019-01-07 07:00:00+01:00,,68.61,,68.61,104.44,71.19,,71.1,,68.61,59.66,66.97,56.79,68.61,56.79,68.61,66.87,,75.48,70.85,71.1,,57.97,,,,69.59,65.0,,70.85,65.0,65.0,65.0,65.0,66.97,66.97,,,,,68.61,56.79,56.79,52.95,52.95,56.79,67.44,68.61,99.79,75.0,52.95,52.95,56.79,66.97,70.85,71.1,,,,,,
2019-01-07 08:00:00+01:00,,74.15,,74.15,120.09,74.0,,74.83,,74.15,57.94,72.85,57.94,69.15,57.94,74.15,72.26,,77.62,77.87,74.83,,70.73,,,,79.85,67.56,,79.85,67.56,67.56,87.0,67.56,72.85,72.85,,,,,74.15,57.94,57.94,53.44,53.44,57.94,73.35,69.15,111.67,76.93,53.44,53.44,57.94,72.85,77.87,74.83,,,,,,
2019-01-07 09:00:00+01:00,,74.93,,74.93,107.07,74.91,,75.09,,74.93,56.9,73.13,56.9,69.7,56.9,74.93,73.02,,77.63,78.14,75.09,,69.77,,,,78.14,67.56,,78.14,65.0,67.56,65.0,65.0,73.13,73.13,,,,,74.93,56.9,56.9,53.45,53.45,56.9,75.96,69.7,117.88,78.91,53.45,53.45,56.9,73.13,78.14,75.09,,,,,,
2019-01-07 10:00:00+01:00,,73.59,,73.59,111.93,75.48,,75.23,,73.59,56.28,72.32,56.28,69.49,56.28,73.59,75.16,,78.4,73.59,75.23,,71.81,,,,73.59,61.66,,73.59,61.0,61.66,61.0,61.0,72.32,72.32,,,,,73.59,56.28,56.28,53.49,53.49,56.28,75.49,69.49,103.94,78.35,53.49,53.49,56.28,72.32,73.59,75.23,,,,,,
2019-01-07 11:00:00+01:00,,71.23,,71.23,93.58,75.03,,75.45,,71.23,55.56,69.52,55.56,69.01,55.56,71.23,71.44,,83.3,72.47,75.45,,69.92,,,,72.47,61.66,,72.47,57.24,61.66,57.24,57.24,69.52,69.52,,,,,71.23,55.56,55.56,53.62,53.62,55.56,74.78,69.01,96.43,78.47,53.62,53.62,55.56,69.52,72.47,75.45,,,,,,
2019-01-07 12:00:00+01:00,,69.09,,70.18,102.18,72.42,,73.91,,68.79,55.14,67.13,55.14,69.0,55.14,70.0,68.21,,83.63,70.0,73.91,,70.03,,,,70.0,61.66,,70.0,59.0,61.66,59.0,59.0,67.13,67.13,,,,,67.27,55.14,55.14,53.67,53.67,55.14,73.3,69.0,94.23,76.98,53.67,53.67,55.14,67.13,70.0,73.91,,,,,,
2019-01-07 13:00:00+01:00,,67.24,,68.74,103.06,70.4,,72.0,,66.75,54.16,65.15,54.16,68.74,54.16,68.74,66.99,,83.63,68.74,73.05,,68.77,,,,68.74,61.66,,68.74,59.0,61.66,59.0,59.0,65.15,65.15,,,,,65.14,54.16,54.16,53.86,53.86,54.16,73.25,68.74,88.06,75.08,53.86,53.86,54.16,65.15,68.74,73.05,,,,,,
2019-01-07 14:00:00+01:00,,64.99,,64.6,103.41,68.85,,72.0,,62.47,53.73,60.98,53.73,66.62,53.73,66.62,64.35,,77.95,73.59,72.76,,66.06,,,,73.59,61.66,,73.59,60.0,61.66,60.0,60.0,61.36,61.36,,,,,62.56,53.73,53.73,53.73,53.73,53.73,67.59,66.62,88.06,75.09,53.73,53.73,53.73,60.98,73.59,72.76,,,,,,
2019-01-07 15:00:00+01:00,,66.05,,59.25,93.56,68.23,,72.99,,53.25,53.25,53.25,53.25,64.99,53.25,64.99,61.04,,81.85,80.0,73.02,,62.66,,,,80.0,66.56,,80.0,66.46,66.56,66.46,66.46,62.18,62.18,,,,,57.56,53.25,53.25,53.25,53.25,53.25,67.01,64.99,89.98,75.85,53.25,53.25,53.25,53.25,80.0,72.99,,,,,,
2019-01-07 16:00:00+01:00,,66.06,,58.16,95.07,68.46,,71.0,,53.26,53.26,53.26,53.26,62.67,53.26,62.67,61.07,,83.31,67.01,71.27,,62.7,,,,80.0,80.0,,80.0,77.96,80.0,87.21,77.96,68.03,68.03,,,,,56.99,53.26,53.26,53.26,53.26,53.26,70.07,62.67,119.97,82.18,53.26,53.26,53.26,53.26,67.01,71.0,,,,,,
2019-01-07 17:00:00+01:00,,66.92,,74.0,100.1,69.97,,71.0,,53.42,53.42,53.0,53.0,67.04,53.0,67.04,74.89,,78.34,81.66,74.4,,76.88,,,,84.0,84.0,,84.0,79.57,84.0,131.33,79.57,67.23,67.23,,,,,72.82,53.0,52.41,53.0,53.0,53.0,67.61,67.04,119.77,83.61,53.0,53.0,53.0,53.0,81.66,74.4,,,,,,
2019-01-07 18:00:00+01:00,,65.98,,53.95,93.53,71.31,,65.0,,47.91,50.19,51.32,51.59,70.39,51.59,70.39,81.35,,76.21,74.02,71.04,,87.42,,,,78.0,78.0,,78.0,78.0,78.0,140.91,78.0,61.38,61.38,,,,,52.89,51.32,51.2,51.32,51.32,51.32,63.07,70.39,117.8,85.01,51.32,51.32,51.32,51.32,74.02,70.0,,,,,,
2019-01-07 19:00:00+01:00,,64.98,,50.0,82.95,70.67,,61.31,,42.05,45.08,50.89,51.54,70.33,51.54,70.33,71.82,,77.17,78.0,69.89,,99.42,,,,78.0,78.0,,78.0,78.0,78.0,146.91,78.0,62.68,62.68,,,,,50.0,50.89,50.72,50.89,50.89,50.89,63.02,70.33,101.08,78.69,50.89,50.89,50.89,50.89,78.0,69.89,,,,,,
2019-01-07 20:00:00+01:00,,65.9,,51.0,82.94,69.1,,48.73,,40.96,40.96,50.6,50.6,69.0,50.6,69.0,78.04,,72.05,77.36,77.08,,82.08,,,,77.36,77.36,,77.36,77.36,77.36,140.91,77.36,50.6,50.6,,,,,51.0,50.6,50.6,50.6,50.6,50.6,58.8,69.0,77.0,75.08,50.6,50.6,50.6,50.6,77.36,77.08,,,,,,
2019-01-07 21:00:00+01:00,,64.92,,44.4,76.98,64.04,,52.0,,32.04,37.4,50.03,50.03,67.14,50.03,62.37,66.39,,70.42,70.0,70.01,,69.82,,,,70.0,70.0,,70.0,70.0,70.0,130.7,70.0,50.03,50.03,,,,,49.0,50.03,50.03,50.03,50.03,50.03,50.28,67.14,69.93,70.1,50.03,50.03,50.03,50.03,70.0,52.2,,,,,,
2019-01-07 22:00:00+01:00,,64.09,,48.72,68.94,62.02,,58.3,,20.82,21.15,21.15,49.11,63.0,49.11,62.3,63.62,,70.52,66.06,68.94,,66.91,,,,66.06,66.06,,66.06,66.06,66.06,87.21,66.06,49.11,49.11,,,,,47.54,49.11,49.11,49.11,49.11,49.11,49.35,63.0,68.86,68.97,49.11,49.11,49.11,49.11,66.06,58.3,,,,,,
2019-01-07 23:00:00+01:00,,46.02,,44.4,58.33,60.96,,40.7,,1.84,14.38,14.38,46.75,60.84,46.75,56.42,57.61,,67.99,53.09,61.89,,60.59,,,,63.8,63.0,,63.8,63.0,63.0,63.0,63.0,46.75,46.75,,,,,44.4,47.95,47.95,46.75,46.75,47.95,46.97,60.84,61.81,66.29,46.75,46.75,46.75,46.75,53.09,42.89,,,,,,
2019-01-08 00:00:00+01:00,,42.02,,37.88,61.4,51.08,,40.7,,17.94,17.94,17.94,46.94,59.59,46.94,52.29,55.12,,68.05,42.02,51.4,,58.21,,,,70.11,70.11,,70.11,70.11,70.11,70.11,70.11,46.94,46.94,,,,,36.7,47.37,47.37,46.94,46.94,47.37,44.23,59.59,38.92,63.99,46.94,46.94,46.94,46.94,42.02,43.5,,,,,,
2019-01-08 01:00:00+01:00,,38.06,,43.76,61.39,46.27,,41.5,,20.91,20.91,20.91,46.34,54.34,46.34,42.01,55.04,,67.94,38.06,42.99,,57.74,,,,70.0,70.0,,70.0,70.0,70.0,70.0,70.0,46.34,46.34,,,,,45.56,47.07,47.07,46.34,46.34,47.07,42.84,54.34,36.49,60.05,46.34,46.34,46.34,46.34,38.06,41.5,,,,,,
2019-01-08 02:00:00+01:00,,39.05,,44.5,60.93,45.57,,41.0,,7.78,7.78,7.78,46.24,52.1,46.24,42.57,53.48,,67.86,39.05,41.0,,56.11,,,,68.28,68.28,,68.28,68.28,68.28,68.28,68.28,46.24,46.24,,,,,39.0,46.3,46.3,46.24,46.24,46.3,41.59,52.1,34.52,55.95,46.24,46.24,46.24,46.24,39.05,41.0,,,,,,
2019-01-08 03:00:00+01:00,,22.65,,30.87,64.23,43.77,,39.76,,14.33,14.33,14.33,46.28,50.71,46.28,29.4,50.06,,67.7,22.65,39.76,,52.53,,,,68.26,68.26,,68.26,68.26,68.26,68.26,68.26,46.28,46.28,,,,,40.0,46.28,46.28,46.28,46.28,46.28,40.89,50.71,39.7,55.03,46.28,46.28,46.28,46.28,22.65,39.76,,,,,,
2019-01-08 04:00:00+01:00,,38.05,,28.28,64.64,42.54,,37.14,,18.56,18.56,18.56,46.7,50.5,46.7,27.4,46.76,,67.86,38.05,42.77,,49.07,,,,68.28,68.28,,68.28,68.28,68.28,68.28,68.28,46.7,46.7,,,,,32.8,46.7,46.7,46.7,46.7,46.7,42.74,50.5,42.71,56.12,46.7,46.7,46.7,46.7,38.05,41.25,,,,,,
2019-01-08 05:00:00+01:00,,40.09,,42.0,80.2,46.36,,47.01,,18.57,18.57,18.57,47.86,51.17,47.86,39.27,47.05,,70.56,72.26,63.05,,49.37,,,,77.96,77.96,,77.96,77.96,77.96,77.96,77.96,47.86,47.86,,,,,43.0,47.86,47.86,47.86,47.86,47.86,47.88,51.17,62.96,62.61,47.86,47.86,47.86,47.86,72.26,47.01,,,,,,
2019-01-08 06:00:00+01:00,,42.09,,54.0,108.03,52.9,,51.86,,35.81,35.81,35.81,50.08,54.69,50.08,51.85,55.61,,77.54,81.62,75.3,,58.36,,,,84.99,78.52,,84.99,78.52,78.52,78.52,78.52,50.08,50.08,,,,,53.96,50.08,50.08,50.08,50.08,50.08,50.1,54.69,75.19,78.88,50.08,50.08,50.08,50.08,81.62,51.86,,,,,,
2019-01-08 07:00:00+01:00,,63.97,,60.79,145.08,64.5,,66.97,,43.87,43.87,43.87,55.65,65.82,55.65,65.82,69.1,,76.73,82.93,110.17,,66.6,,,,81.03,81.03,,81.03,81.03,81.03,88.16,81.03,55.65,55.65,,,,,53.0,51.31,51.31,51.31,51.31,51.31,57.75,65.82,112.65,88.99,51.31,51.31,51.31,51.31,81.03,105.0,,,,,,
2019-01-08 08:00:00+01:00,,64.95,,72.7,135.0,66.78,,64.0,,46.93,46.93,46.93,55.4,67.2,55.4,67.2,68.75,,83.1,94.99,90.01,,73.28,,,,94.99,93.15,,94.99,93.15,93.15,93.15,93.15,62.2,62.2,,,,,59.8,51.7,51.7,51.7,51.7,51.7,62.23,67.2,119.44,88.96,51.7,51.7,51.7,51.7,94.99,64.0,,,,,,
2019-01-08 09:00:00+01:00,,65.93,,67.64,129.07,68.05,,68.16,,43.88,43.88,43.88,55.64,68.16,55.64,68.16,69.73,,89.06,85.0,93.96,,77.0,,,,85.0,85.0,,85.0,85.0,85.0,93.15,85.0,64.93,64.93,,,,,60.1,51.48,51.48,51.48,51.48,51.48,64.97,68.16,104.63,92.37,51.48,51.48,51.48,51.48,85.0,68.16,,,,,,
2019-01-08 10:00:00+01:00,,65.93,,61.81,125.14,67.13,,66.0,,43.85,43.85,43.85,55.65,68.53,55.65,68.53,73.49,,83.33,84.97,90.07,,125.0,,,,84.97,78.0,,84.97,78.0,78.0,88.16,78.0,64.61,64.61,,,,,55.89,51.48,51.48,51.48,51.48,51.48,64.66,68.53,94.65,91.03,51.48,51.48,51.48,51.48,84.97,66.0,,,,,,
2019-01-08 11:00:00+01:00,,65.92,,58.55,120.13,67.0,,66.38,,46.74,46.74,46.74,55.65,68.15,55.65,68.15,69.71,,82.52,81.95,94.35,,150.84,,,,81.95,77.96,,81.95,77.96,77.96,88.16,77.96,64.7,64.7,,,,,53.48,51.21,51.21,51.21,51.21,51.21,64.75,68.15,94.2,89.93,51.21,51.21,51.21,51.21,81.95,66.38,,,,,,
2019-01-08 12:00:00+01:00,,64.96,,49.39,129.68,64.31,,66.0,,43.94,43.94,43.94,53.64,67.95,53.64,67.95,69.5,,80.88,80.0,94.63,,151.99,,,,70.13,70.13,,70.13,70.13,70.13,86.24,70.13,68.06,68.06,,,,,48.7,50.88,50.88,50.88,50.88,50.88,68.12,67.95,94.47,84.96,50.88,50.88,50.88,50.88,80.0,69.79,,,,,,
2019-01-08 13:00:00+01:00,,64.93,,49.01,138.56,64.31,,65.72,,43.21,43.21,43.21,55.65,67.97,55.65,67.97,69.52,,80.87,74.01,90.09,,163.0,,,,69.34,63.82,,69.34,63.82,63.82,63.82,63.82,70.02,70.02,,,,,49.01,50.63,50.63,50.63,50.63,50.63,70.08,67.97,89.94,85.48,50.63,50.63,50.63,50.63,74.01,69.79,,,,,,
2019-01-08 14:00:00+01:00,,64.93,,52.38,143.18,63.71,,63.9,,43.81,43.81,43.81,57.62,65.48,57.62,65.48,66.96,,89.07,80.0,91.58,,142.73,,,,80.0,68.99,,80.0,68.99,68.99,86.24,68.99,70.06,70.06,,,,,52.38,50.7,50.7,50.7,50.7,50.7,70.14,65.48,91.42,86.4,50.7,50.7,50.7,50.7,80.0,63.9,,,,,,
2019-01-08 15:00:00+01:00,,64.0,,52.37,135.08,63.08,,63.9,,45.6,45.6,45.6,55.93,63.13,55.93,63.13,64.55,,89.1,80.0,90.59,,125.0,,,,80.0,77.96,,80.0,77.96,77.96,88.16,77.96,70.67,70.67,,,,,52.37,50.69,50.69,50.69,50.69,50.69,70.75,63.16,90.44,88.36,50.69,50.69,50.69,50.69,80.0,63.9,,,,,,
2019-01-08 16:00:00+01:00,,63.99,,52.84,129.69,61.82,,69.0,,35.21,35.21,35.21,55.58,59.99,55.58,59.99,61.34,,89.09,80.0,94.61,,143.06,,,,80.0,78.0,,80.0,78.0,78.0,140.91,78.0,73.08,73.08,,,,,52.84,51.15,51.15,51.15,51.15,51.15,73.17,60.66,112.62,101.24,51.15,51.15,51.15,51.15,80.0,69.0,,,,,,
2019-01-08 17:00:00+01:00,,63.96,,77.35,143.29,65.13,,68.0,,45.64,45.64,45.64,55.58,67.25,55.58,67.25,81.68,,92.03,81.77,99.68,,200.6,,,,81.77,81.77,,81.77,81.77,81.77,146.91,81.77,73.06,73.06,,,,,78.24,51.05,51.05,51.05,51.05,51.05,73.16,67.25,99.51,103.21,51.05,51.05,51.05,51.05,81.77,68.0,,,,,,
2019-01-08 18:00:00+01:00,,62.0,,55.22,123.03,68.04,,63.0,,45.63,45.63,45.63,57.1,69.94,57.1,69.94,90.8,,92.07,78.52,87.96,,267.5,,,,78.52,78.52,,78.52,78.52,78.52,146.91,78.52,69.95,69.95,,,,,52.29,50.62,50.62,50.62,50.62,50.62,70.04,69.94,87.81,91.86,50.62,50.62,50.62,50.62,78.52,63.0,,,,,,
2019-01-08 19:00:00+01:00,,49.02,,51.99,107.08,67.8,,62.5,,37.94,37.94,37.94,54.01,70.0,54.01,70.0,81.74,,92.06,78.0,81.99,,250.0,,,,78.0,78.0,,78.0,78.0,78.0,146.91,78.0,66.23,66.23,,,,,48.38,49.98,49.98,49.98,49.98,49.98,66.33,70.0,81.84,87.01,49.98,49.98,49.98,49.98,78.0,62.5,,,,,,
2019-01-08 20:00:00+01:00,,46.33,,50.1,99.91,63.77,,58.61,,39.53,39.53,39.53,50.9,68.15,50.9,68.15,82.77,,83.01,71.56,78.08,,200.0,,,,71.56,71.56,,71.56,71.56,71.56,146.91,71.56,62.34,62.34,,,,,50.1,49.71,49.71,49.71,49.71,49.71,62.43,68.15,77.94,84.92,49.71,49.71,49.71,49.71,71.56,61.0,,,,,,
2019-01-08 21:00:00+01:00,,53.3,,51.6,86.48,60.05,,48.98,,35.97,35.97,35.97,49.7,67.25,49.7,55.8,69.59,,76.6,65.85,71.45,,127.47,,,,65.85,65.85,,65.85,65.85,65.85,130.7,65.85,49.7,49.7,,,,,51.12,49.49,49.49,49.49,49.49,49.49,54.72,67.25,71.32,75.01,49.49,49.49,49.49,49.49,65.85,55.2,,,,,,
2019-01-08 22:00:00+01:00,,52.69,,53.34,86.02,60.01,,45.81,,29.72,29.72,29.72,49.03,63.7,49.03,55.39,65.41,,69.95,63.99,72.67,,74.33,,,,63.99,63.99,,63.99,63.99,54.78,86.24,63.99,49.03,49.03,,,,,50.66,49.03,49.03,49.03,49.03,49.03,49.12,63.7,72.54,73.96,49.03,49.03,49.03,49.03,63.99,50.58,,,,,,
2019-01-08 23:00:00+01:00,,42.01,,54.98,63.16,56.24,,45.0,,22.55,22.55,22.55,46.45,58.85,46.45,53.46,54.62,,70.79,61.0,63.01,,74.33,,,,61.0,61.0,,61.0,61.0,30.0,61.0,61.0,46.45,46.45,,,,,46.72,48.27,48.27,46.45,46.45,48.27,46.54,58.85,62.89,67.29,46.45,46.45,46.45,46.45,61.0,46.0,,,,,,
2019-01-09 00:00:00+01:00,,28.03,,45.1,36.58,57.01,,31.01,,20.04,20.04,20.04,45.75,54.09,45.75,49.45,53.97,,71.44,62.51,46.49,,66.28,,,,62.51,62.51,,62.51,62.51,50.0,62.51,62.51,45.75,45.75,,,,,42.6,46.92,46.92,45.75,45.75,46.92,45.89,65.25,46.39,56.9,45.75,45.75,45.75,45.75,62.51,45.5,,,,,,
2019-01-09 01:00:00+01:00,,42.0,,43.05,32.83,53.01,,34.96,,7.24,7.24,7.24,44.41,52.5,44.41,48.91,55.62,,74.46,61.5,42.78,,66.83,,,,61.5,61.5,,61.5,61.5,50.0,61.5,61.5,44.41,44.41,,,,,39.5,46.74,46.74,44.41,44.41,46.74,44.54,52.5,42.68,52.33,44.41,44.41,44.41,44.41,61.5,34.96,,,,,,
2019-01-09 02:00:00+01:00,,41.1,,40.41,25.69,52.57,,29.98,,3.43,3.43,3.43,43.87,49.4,43.87,46.22,58.92,,70.48,60.55,36.24,,65.0,,,,60.55,60.55,,60.55,59.0,50.0,59.0,60.55,43.87,43.87,,,,,37.0,46.54,46.54,43.87,43.87,46.54,44.01,51.6,36.15,43.95,43.87,43.87,43.87,43.87,60.55,36.24,,,,,,
2019-01-09 03:00:00+01:00,,40.06,,35.49,25.64,50.27,,29.16,,10.04,10.04,10.04,43.93,49.6,43.93,30.81,56.93,,67.97,61.49,32.38,,62.23,,,,61.49,61.49,,61.49,59.0,50.4,59.0,61.49,43.93,43.93,,,,,42.4,46.48,46.48,43.93,43.93,46.48,43.42,50.29,32.3,41.97,43.93,43.93,43.93,43.93,61.49,32.38,,,,,,
2019-01-09 04:00:00+01:00,,43.01,,30.76,28.69,49.09,,35.01,,14.2,14.2,14.2,45.55,49.4,45.55,27.83,54.67,,68.06,61.66,38.6,,60.0,,,,61.66,61.66,,61.66,59.0,55.04,59.0,61.66,45.55,45.55,,,,,36.42,46.37,46.37,45.55,45.55,46.37,45.51,49.79,38.5,43.99,45.55,45.55,45.55,45.55,61.66,38.6,,,,,,
2019-01-09 05:00:00+01:00,,43.04,,38.53,60.03,51.87,,43.1,,25.41,25.41,25.41,49.43,49.99,49.61,37.58,54.43,,69.85,62.7,49.86,,59.0,,,,62.7,62.7,,62.7,59.0,55.04,59.0,62.7,48.21,49.43,,,,,42.0,48.03,48.03,48.03,48.03,48.03,48.36,49.99,49.73,54.97,48.03,48.03,48.03,48.03,62.7,49.8,,,,,,
2019-01-09 06:00:00+01:00,,43.1,,50.69,75.99,59.22,,57.5,,36.98,36.98,36.98,59.24,53.28,59.06,50.8,57.42,,76.42,65.99,74.84,,64.0,,,,65.99,65.99,,65.99,65.99,65.99,65.99,65.99,59.24,59.24,,,,,50.63,49.46,49.46,49.46,49.46,49.46,59.43,53.28,74.64,71.01,49.46,49.46,49.46,49.46,65.99,62.2,,,,,,
2019-01-09 07:00:00+01:00,,65.0,,60.6,104.32,64.56,,67.43,,43.89,43.89,43.89,65.04,64.07,65.04,64.07,74.39,,83.4,72.91,90.06,,69.15,,,,72.91,72.91,,72.91,72.91,72.91,72.91,72.91,65.04,65.04,,,,,57.51,50.74,50.74,50.74,50.74,50.74,65.24,64.07,89.82,107.15,50.74,50.74,50.74,50.74,72.91,90.06,,,,,,
2019-01-09 08:00:00+01:00,,64.98,,70.39,110.01,66.18,,68.49,,50.98,50.98,50.98,64.93,67.16,64.93,67.16,68.46,,84.53,82.93,96.5,,77.8,,,,80.0,77.96,,80.0,77.96,77.96,77.96,77.96,64.93,64.93,,,,,66.69,50.98,50.98,50.98,50.98,50.98,65.14,67.16,96.23,90.96,50.98,50.98,50.98,50.98,82.93,96.5,,,,,,
2019-01-09 09:00:00+01:00,,64.98,,74.0,114.02,66.2,,69.88,,50.3,50.3,50.3,62.33,67.29,62.33,67.29,68.58,,84.58,85.5,104.99,,72.27,,,,82.5,77.96,,82.5,77.96,77.96,77.96,77.96,65.53,65.53,,,,,65.9,50.94,50.94,50.94,50.94,50.94,65.74,67.29,104.7,90.52,50.94,50.94,50.94,50.94,85.5,104.99,,,,,,
2019-01-09 10:00:00+01:00,,64.99,,70.1,110.13,66.06,,70.48,,50.21,50.21,50.21,62.57,67.2,62.57,67.2,69.98,,84.55,83.03,96.5,,89.3,,,,75.81,71.0,,75.81,71.0,71.0,71.0,71.0,65.31,65.31,,,,,68.2,51.02,51.02,51.02,51.02,51.02,65.51,67.2,96.22,89.19,51.02,51.02,51.02,51.02,83.03,96.5,,,,,,
2019-01-09 11:00:00+01:00,,65.0,,54.68,109.81,65.9,,68.1,,45.8,45.8,45.8,65.82,67.0,65.82,67.0,68.24,,84.52,115.02,107.03,,116.0,,,,75.0,65.0,,75.0,65.0,65.0,65.0,65.0,65.82,65.82,,,,,54.0,50.96,50.96,50.96,50.96,50.96,66.03,67.0,106.72,90.07,50.96,50.96,50.96,50.96,115.02,107.03,,,,,,
2019-01-09 12:00:00+01:00,,65.94,,51.09,115.13,65.94,,70.92,,43.64,43.64,43.64,66.6,64.97,66.6,64.97,66.17,,77.66,115.09,110.1,,106.66,,,,67.13,65.88,,67.13,65.88,65.88,65.88,65.88,66.6,66.6,,,,,51.09,50.76,50.76,50.76,50.76,50.76,66.81,64.97,109.77,85.3,50.76,50.76,50.76,50.76,115.09,110.1,,,,,,
2019-01-09 13:00:00+01:00,,65.93,,50.1,112.27,65.43,,70.33,,43.49,43.49,43.49,67.08,64.25,67.08,64.25,65.42,,75.73,78.09,107.22,,107.6,,,,67.07,64.99,,67.07,64.99,64.99,64.99,64.99,67.08,67.08,,,,,50.1,50.69,50.69,50.69,50.69,50.69,67.29,65.25,106.89,84.91,50.69,50.69,50.69,50.69,78.09,107.22,,,,,,
2019-01-09 14:00:00+01:00,,65.94,,54.16,104.56,64.37,,70.0,,45.05,45.05,45.05,66.44,61.46,66.44,61.46,63.96,,76.53,77.24,94.49,,100.0,,,,71.71,65.89,,71.71,65.89,65.89,65.89,65.89,66.44,66.44,,,,,52.56,50.88,50.88,50.88,50.88,50.88,66.65,65.25,94.19,85.9,50.88,50.88,50.88,50.88,77.24,94.49,,,,,,
2019-01-09 15:00:00+01:00,,65.92,,56.34,101.56,63.75,,70.0,,49.95,49.95,49.95,69.52,58.64,69.52,58.64,63.84,,77.68,76.32,96.5,,84.72,,,,74.25,69.88,,74.25,69.88,69.88,69.88,69.88,69.52,69.52,,,,,53.95,51.42,51.42,51.42,51.42,51.42,69.74,65.25,96.19,80.98,51.42,51.42,51.42,51.42,76.32,96.5,,,,,,
2019-01-09 16:00:00+01:00,,64.99,,64.98,61.04,63.95,,72.04,,53.82,53.82,53.82,70.47,61.49,70.47,61.49,65.96,,76.71,81.23,88.28,,85.3,,,,79.21,77.96,,79.21,77.96,77.96,77.96,77.96,70.47,70.47,,,,,64.37,53.69,53.69,53.69,53.69,53.69,70.7,61.71,117.55,87.39,53.69,53.69,53.69,53.69,81.23,88.28,,,,,,
2019-01-09 17:00:00+01:00,,64.96,,73.93,81.33,66.63,,73.0,,55.94,55.94,55.94,70.43,67.05,70.43,67.05,83.05,,76.89,82.06,90.04,,170.51,,,,82.06,81.03,,82.06,81.03,81.03,140.91,81.03,70.43,70.43,,,,,75.64,54.59,54.59,54.59,54.59,54.59,70.65,67.05,103.64,90.71,54.59,54.59,54.59,54.59,82.06,90.04,,,,,,
2019-01-09 18:00:00+01:00,,64.96,,74.69,63.94,68.22,,69.47,,54.19,54.19,54.19,67.09,68.53,67.09,68.53,88.6,,76.67,81.52,84.98,,205.62,,,,81.52,81.52,,81.52,81.03,81.52,140.91,81.03,67.09,67.09,,,,,74.22,54.19,54.19,54.19,54.19,54.19,67.31,68.53,87.6,85.83,54.19,54.19,54.19,54.19,81.52,84.98,,,,,,
2019-01-09 19:00:00+01:00,,64.91,,56.3,63.58,67.97,,66.23,,54.19,54.19,54.19,58.77,69.01,58.77,69.01,82.48,,76.81,78.52,81.07,,190.57,,,,78.52,78.52,,78.52,78.52,78.52,140.91,78.52,66.73,66.73,,,,,55.98,54.19,54.19,54.19,54.19,54.19,66.95,69.01,80.79,80.14,54.19,54.19,54.19,54.19,78.52,81.07,,,,,,
2019-01-09 20:00:00+01:00,,56.2,,56.3,75.93,66.13,,62.68,,52.98,52.98,52.98,52.98,66.58,52.98,66.58,77.49,,75.65,72.0,74.84,,164.24,,,,72.0,72.0,,72.0,72.0,72.0,140.91,72.0,52.98,52.98,,,,,54.73,52.98,52.98,52.98,52.98,52.98,61.58,66.58,74.57,68.06,52.98,52.98,52.98,52.98,72.0,74.84,,,,,,
2019-01-09 21:00:00+01:00,,54.54,,56.3,54.93,62.24,,50.0,,51.68,51.68,51.68,51.68,64.54,51.68,62.74,67.1,,67.96,66.63,66.04,,110.0,,,,66.63,66.63,,66.63,66.63,66.63,88.13,66.63,51.68,51.68,,,,,50.02,51.68,51.68,51.68,51.68,51.68,59.46,64.54,65.8,66.76,51.68,51.68,51.68,51.68,66.63,62.2,,,,,,
2019-01-09 22:00:00+01:00,,62.94,,56.3,48.59,62.29,,50.01,,48.95,50.96,50.96,50.96,62.44,50.96,62.44,63.43,,67.86,64.12,58.0,,68.47,,,,64.12,64.12,,64.12,64.12,64.12,64.12,64.12,50.96,50.96,,,,,52.64,50.96,50.96,50.96,50.96,50.96,54.82,62.44,57.79,69.85,50.96,50.96,50.96,50.96,64.12,58.0,,,,,,
2019-01-09 23:00:00+01:00,,55.12,,51.27,45.08,59.04,,46.78,,47.63,49.96,49.96,49.96,54.7,49.96,54.7,55.56,,70.5,61.66,51.0,,68.47,,,,61.66,61.66,,61.66,59.0,61.66,59.0,61.66,49.96,49.96,,,,,50.31,49.96,49.96,49.96,49.96,49.96,50.12,54.7,36.1,71.58,49.96,49.96,49.96,49.96,61.66,51.0,,,,,,
2019-01-10 00:00:00+01:00,,58.46,,52.69,39.14,57.96,,48.0,,46.48,50.51,50.51,50.51,58.6,50.51,58.6,59.64,,68.01,58.46,52.13,,66.46,,,,60.99,60.99,,60.99,60.0,60.99,60.0,60.99,50.51,50.51,,,,,51.07,50.51,50.51,50.21,50.21,50.51,50.65,58.6,42.62,56.31,50.51,50.51,50.51,50.51,58.46,48.0,,,,,,
2019-01-10 01:00:00+01:00,,50.55,,49.8,31.06,53.82,,48.07,,49.08,49.98,49.98,49.98,50.49,49.98,50.49,59.73,,68.12,50.55,49.98,,65.0,,,,58.59,58.59,,58.59,58.59,58.59,58.59,58.59,49.98,49.98,,,,,49.61,49.98,49.98,49.84,49.84,49.98,49.4,50.49,36.1,54.07,49.98,49.98,49.98,49.98,50.55,48.07,,,,,,
2019-01-10 02:00:00+01:00,,50.96,,49.19,28.96,53.55,,46.0,,47.11,49.55,49.55,49.55,51.2,49.55,51.2,58.56,,67.86,50.96,47.9,,61.77,,,,55.88,55.88,,55.88,55.88,55.88,55.88,55.88,49.55,49.55,,,,,48.63,49.55,49.55,49.55,49.55,49.55,49.32,51.2,34.18,51.22,49.55,49.55,49.55,49.55,50.96,46.0,,,,,,
2019-01-10 03:00:00+01:00,,48.8,,48.8,28.46,53.73,,47.0,,48.8,49.98,49.98,49.98,48.8,49.98,48.8,56.1,,67.86,48.8,47.41,,59.16,,,,53.55,53.55,,53.55,53.55,53.55,53.55,53.55,49.98,49.98,,,,,48.8,49.98,49.98,49.53,49.53,49.98,48.98,48.8,34.18,48.94,49.98,49.98,49.98,49.98,48.8,47.0,,,,,,
2019-01-10 04:00:00+01:00,,48.5,,48.5,35.47,52.91,,48.36,,48.5,49.94,49.94,49.94,48.5,49.94,48.5,56.11,,67.86,48.5,48.36,,59.16,,,,54.98,54.98,,54.98,54.98,54.98,54.98,54.98,49.94,49.94,,,,,48.5,49.94,49.94,49.53,49.53,49.94,49.22,48.5,36.11,48.9,49.94,49.94,49.94,49.94,48.5,48.36,,,,,,
2019-01-10 05:00:00+01:00,,49.8,,49.8,62.09,54.9,,51.7,,49.8,49.8,49.8,51.9,49.8,51.9,49.8,56.12,,67.98,49.8,52.03,,59.16,,,,55.63,55.63,,55.63,55.63,55.63,55.63,55.63,51.9,51.9,,,,,49.8,51.9,51.9,49.77,49.77,51.9,52.05,49.8,51.89,51.97,51.9,51.9,51.9,51.9,49.8,51.7,,,,,,
2019-01-10 06:00:00+01:00,,62.92,,60.08,79.99,61.84,,60.79,,56.97,56.97,56.97,59.32,57.74,59.32,62.92,61.36,,67.94,63.99,67.91,,64.09,,,,63.99,63.99,,63.99,63.99,63.99,63.99,63.99,59.32,59.32,,,,,59.29,56.61,56.61,50.46,50.46,56.61,59.48,57.74,67.72,69.54,50.73,50.73,56.61,56.61,63.99,60.79,,,,,,
2019-01-10 07:00:00+01:00,,72.6,,72.6,61.15,72.93,,72.5,,72.6,72.6,72.6,70.86,66.18,70.86,72.6,70.61,,76.54,72.6,81.59,,69.7,,,,72.6,70.85,,72.6,70.85,70.85,70.85,70.85,70.86,70.86,,,,,72.6,70.86,70.86,50.43,50.43,70.86,69.41,66.18,81.36,77.05,50.43,50.43,70.86,70.86,72.6,81.59,,,,,,
2019-01-10 08:00:00+01:00,,81.17,,81.17,94.99,78.27,,79.0,,81.17,79.23,81.17,79.23,67.2,79.23,81.17,78.96,,84.58,81.17,96.42,,83.19,,,,81.17,77.96,,81.17,77.96,77.96,77.96,77.96,79.23,79.23,,,,,81.17,79.23,79.23,50.56,50.56,79.23,78.06,67.2,96.16,84.78,50.56,50.56,79.23,79.23,81.17,79.0,,,,,,
2019-01-10 09:00:00+01:00,,81.79,,81.79,130.02,78.17,,79.2,,81.79,79.17,81.79,79.17,68.0,79.17,81.79,79.57,,84.52,87.21,119.99,,81.83,,,,87.21,87.21,,87.21,61.03,87.21,75.0,61.03,79.17,79.17,,,,,81.79,79.17,79.17,50.45,50.45,79.17,79.38,68.0,119.67,90.29,50.45,50.45,79.17,79.17,87.21,110.1,,,,,,
2019-01-10 10:00:00+01:00,,81.15,,81.15,130.01,77.85,,77.8,,81.15,78.55,81.15,78.55,67.73,78.55,81.15,78.97,,84.53,81.15,119.99,,85.15,,,,81.15,81.15,,81.15,60.0,81.15,60.0,60.0,78.55,78.55,,,,,81.15,78.55,78.55,50.24,50.24,78.55,78.76,67.73,119.68,94.18,50.24,50.24,78.55,78.55,81.15,77.8,,,,,,
2019-01-10 11:00:00+01:00,,80.0,,80.0,125.87,76.88,,76.7,,80.0,77.44,80.0,77.44,67.05,77.44,80.0,77.86,,84.53,80.0,119.99,,95.0,,,,80.0,80.0,,80.0,58.58,80.0,58.58,58.58,77.92,77.44,,,,,80.0,77.44,77.44,50.22,50.22,77.44,78.13,67.05,119.68,105.03,50.22,50.22,77.44,77.92,80.0,76.7,,,,,,
2019-01-10 12:00:00+01:00,,76.39,,76.39,139.04,73.23,,75.69,,76.39,69.66,76.39,69.66,66.15,69.66,76.39,74.36,,84.58,76.39,119.99,,85.0,,,,76.39,76.39,,76.39,60.0,76.39,60.0,60.0,74.56,74.56,,,,,76.39,69.66,69.66,50.11,50.11,69.66,74.75,66.15,119.69,104.2,50.11,50.11,69.66,74.56,76.39,75.69,,,,,,
2019-01-10 13:00:00+01:00,,75.0,,75.0,139.05,72.58,,75.0,,75.0,63.61,75.0,63.61,66.01,63.61,75.0,74.94,,84.41,76.91,116.9,,85.0,,,,75.0,66.82,,75.0,66.82,66.82,66.82,66.82,73.2,73.2,,,,,75.0,63.61,63.61,50.13,50.13,63.61,73.39,66.01,116.61,99.94,50.13,50.13,63.61,73.2,76.91,75.11,,,,,,
2019-01-10 14:00:00+01:00,,76.06,,76.06,139.04,72.57,,75.11,,76.06,59.94,76.06,59.94,64.18,59.94,76.06,74.07,,77.74,76.06,104.94,,80.0,,,,76.06,70.85,,76.06,70.85,70.85,70.85,70.85,74.24,74.24,,,,,76.06,59.94,59.94,50.02,50.02,59.94,74.43,64.18,104.69,93.03,50.02,50.02,59.94,74.24,76.06,75.11,,,,,,
2019-01-10 15:00:00+01:00,,75.4,,75.4,139.0,73.18,,76.05,,75.4,59.01,75.4,59.01,63.52,59.01,75.4,73.44,,77.78,75.4,117.85,,79.9,,,,75.4,75.4,,75.4,75.4,75.4,82.42,75.4,73.59,73.59,,,,,75.4,59.01,59.01,49.96,49.96,59.01,73.79,63.52,117.57,96.77,49.96,49.96,59.01,73.59,75.4,112.0,,,,,,
2019-01-10 16:00:00+01:00,,76.78,,76.78,138.57,74.36,,78.3,,76.78,59.57,76.78,59.57,64.6,59.57,76.78,77.43,,84.51,78.02,130.7,,81.45,,,,78.02,78.02,,78.02,78.02,78.02,88.13,78.02,74.94,74.94,,,,,76.78,59.57,59.57,49.87,49.87,59.57,77.17,64.6,130.4,114.94,49.87,49.87,59.57,74.94,78.02,78.3,,,,,,
2019-01-10 17:00:00+01:00,,83.45,,83.45,135.79,80.02,,83.8,,83.45,59.21,83.45,59.21,67.2,59.21,83.45,85.21,,84.54,85.15,130.7,,119.0,,,,85.15,85.15,,85.15,81.03,85.15,146.91,81.03,81.45,81.45,,,,,83.45,59.21,59.21,49.93,49.93,59.21,81.66,67.2,130.4,101.1,49.93,49.93,59.21,81.45,85.15,115.0,,,,,,
2019-01-10 18:00:00+01:00,,85.15,,85.15,129.02,79.49,,82.11,,85.15,56.38,85.15,56.38,69.0,56.38,85.15,86.96,,84.52,85.15,124.02,,185.56,,,,85.15,85.15,,85.15,81.03,85.15,148.93,81.03,77.82,75.67,,,,,85.15,56.38,56.38,49.92,49.92,56.38,78.02,69.0,128.27,104.66,49.92,49.92,56.38,77.82,85.15,112.0,,,,,,
2019-01-10 19:00:00+01:00,,78.16,,78.16,94.19,77.33,,78.93,,78.16,54.28,78.16,54.28,69.69,54.28,78.16,79.84,,84.54,78.52,97.07,,165.0,,,,78.52,78.52,,78.52,78.52,78.52,148.93,78.52,74.38,73.58,,,,,78.16,54.28,54.28,49.88,49.88,54.28,74.57,69.69,113.65,93.97,49.88,49.88,54.28,74.38,78.52,97.07,,,,,,
2019-01-10 20:00:00+01:00,,71.92,,71.92,91.8,70.93,,74.73,,71.92,52.78,71.92,52.78,69.75,52.78,71.92,77.73,,84.41,77.96,86.83,,145.0,,,,77.96,77.96,,77.96,77.96,77.96,148.93,77.96,60.6,60.6,,,,,71.92,52.78,52.78,49.9,49.9,52.78,67.88,69.75,86.65,84.36,49.9,49.9,52.78,52.78,77.96,86.83,,,,,,
2019-01-10 21:00:00+01:00,,67.5,,67.43,83.59,67.08,,68.0,,67.43,52.01,67.43,52.01,67.73,52.01,67.73,69.2,,75.74,68.9,76.99,,80.0,,,,68.9,68.9,,68.9,68.9,68.9,146.91,68.9,52.01,52.01,,,,,67.25,52.01,52.01,50.14,50.14,52.01,60.67,67.73,76.83,78.5,50.14,50.14,52.01,52.01,68.9,76.99,,,,,,
2019-01-10 22:00:00+01:00,,65.48,,62.84,95.56,64.75,,62.51,,60.49,50.48,60.49,49.99,65.52,49.99,65.52,66.96,,68.04,68.95,74.04,,70.36,,,,68.95,68.95,,68.95,68.95,68.95,140.91,68.95,49.99,49.99,,,,,62.04,50.48,50.48,49.99,49.99,50.48,59.39,65.52,73.89,71.07,49.99,49.99,49.99,49.99,68.95,62.51,,,,,,
2019-01-10 23:00:00+01:00,,56.19,,56.15,81.04,56.95,,56.1,,54.45,49.44,50.5,48.11,63.02,48.11,63.02,64.42,,0.0,63.99,70.99,,67.68,,,,63.99,63.99,,63.99,63.99,63.99,88.13,63.99,48.11,48.11,,,,,51.07,49.44,49.44,48.11,48.11,49.44,52.56,63.02,70.85,71.02,48.11,48.11,48.11,48.11,63.99,56.1,,,,,,
2019-01-11 00:00:00+01:00,,50.52,,53.54,61.38,63.44,,51.69,,47.84,47.84,47.84,47.84,60.84,47.84,60.84,62.48,,63.86,61.66,69.52,,68.51,,,,61.66,61.66,,61.66,61.66,61.66,61.66,61.66,47.84,47.84,,,,,46.0,47.84,47.84,47.84,47.84,47.84,48.02,60.84,69.46,64.62,47.84,47.84,47.84,47.84,61.66,51.69,,,,,,
2019-01-11 01:00:00+01:00,,48.43,,49.37,50.08,57.01,,50.97,,46.58,46.58,46.58,46.58,55.61,46.58,55.61,57.12,,64.93,59.66,62.96,,68.51,,,,59.66,59.66,,59.66,59.66,59.66,59.66,59.66,46.58,46.58,,,,,44.2,46.58,46.58,46.58,46.58,46.58,48.89,55.61,62.9,59.82,46.58,46.58,46.58,46.58,59.66,50.97,,,,,,
2019-01-11 02:00:00+01:00,,47.19,,49.5,42.64,56.04,,49.1,,45.74,45.74,45.74,45.74,52.85,45.74,52.85,55.54,,62.22,47.19,55.6,,60.0,,,,57.12,57.12,,57.12,57.12,57.12,57.12,57.12,45.74,45.74,,,,,45.43,46.93,46.93,45.74,45.74,46.93,48.24,52.85,55.55,54.34,45.74,45.74,45.74,45.74,47.19,49.1,,,,,,
2019-01-11 03:00:00+01:00,,51.18,,47.39,57.27,52.93,,48.22,,43.81,43.81,43.81,43.81,51.0,43.81,51.0,53.08,,62.22,51.18,52.24,,55.48,,,,57.97,57.97,,57.97,57.97,57.97,57.97,57.97,43.81,43.81,,,,,46.42,47.48,47.48,43.81,43.81,47.48,47.56,51.0,52.19,49.9,43.81,43.81,43.81,43.81,51.18,48.22,,,,,,
2019-01-11 04:00:00+01:00,,47.01,,47.16,62.32,52.45,,48.07,,46.24,46.24,46.24,46.24,49.98,46.24,49.98,52.64,,55.97,47.01,52.3,,55.02,,,,58.0,58.0,,58.0,58.0,58.0,58.0,58.0,46.24,46.24,,,,,45.0,46.49,46.49,46.24,46.24,46.49,47.34,49.98,52.25,49.95,46.24,46.24,46.24,46.24,47.01,48.07,,,,,,
2019-01-11 05:00:00+01:00,,47.52,,46.54,72.04,53.81,,49.77,,46.46,46.46,46.46,47.69,51.6,47.69,51.6,53.02,,67.88,59.14,62.07,,55.42,,,,59.14,59.14,,59.14,59.14,59.14,59.14,59.14,47.69,47.69,,,,,43.5,47.69,47.69,47.69,47.69,47.69,47.87,51.6,62.01,55.01,47.69,47.69,47.69,47.69,59.14,49.77,,,,,,
2019-01-11 06:00:00+01:00,,52.81,,54.2,76.68,64.19,,57.8,,51.29,51.29,51.29,55.06,58.31,55.06,58.31,57.19,,75.85,66.26,71.6,,59.76,,,,66.26,66.26,,66.26,66.26,66.26,77.0,66.26,56.02,56.02,,,,,50.0,50.06,50.06,50.0,50.0,50.06,56.23,58.31,71.53,69.12,50.0,50.0,50.06,50.06,66.26,57.8,,,,,,
2019-01-11 07:00:00+01:00,,63.06,,70.31,65.66,69.6,,66.96,,60.53,53.03,60.53,56.55,68.35,56.55,70.31,68.0,,78.17,70.31,78.0,,69.18,,,,70.31,70.31,,70.31,70.31,70.31,88.2,70.31,66.22,66.22,,,,,54.78,53.03,53.03,49.74,49.74,53.03,66.47,68.35,77.93,78.52,49.74,49.74,53.03,53.03,70.31,66.96,,,,,,
2019-01-11 08:00:00+01:00,,64.1,,76.57,97.46,70.81,,69.01,,60.02,54.25,60.02,56.63,69.01,56.63,76.57,72.31,,84.51,78.06,85.01,,75.0,,,,78.26,77.96,,78.26,77.96,77.96,94.79,77.96,67.19,67.19,,,,,60.02,54.25,54.25,49.96,49.96,54.25,67.45,69.01,84.92,87.42,49.96,49.96,54.25,54.25,78.06,69.01,,,,,,
2019-01-11 09:00:00+01:00,,65.99,,70.31,98.85,70.52,,69.07,,62.92,53.69,62.92,56.02,69.45,56.02,73.83,72.43,,83.38,67.7,81.47,,75.66,,,,76.22,76.22,,76.22,76.22,76.22,94.79,76.22,62.07,62.07,,,,,69.96,53.69,53.69,49.96,49.96,53.69,62.3,69.45,81.39,88.89,49.96,49.96,53.69,53.69,67.7,69.07,,,,,,
2019-01-11 10:00:00+01:00,,64.91,,74.14,72.54,70.56,,67.0,,61.58,53.63,61.58,55.41,69.01,55.41,73.87,72.76,,83.41,64.91,77.82,,76.0,,,,73.87,73.87,,73.87,73.87,73.87,88.2,73.87,60.45,60.45,,,,,70.27,53.63,53.63,49.76,49.76,53.63,60.68,69.01,77.74,82.86,49.76,49.76,53.63,53.63,64.91,67.0,,,,,,
2019-01-11 11:00:00+01:00,,64.01,,72.74,63.68,70.68,,64.0,,60.6,53.32,60.6,53.83,67.71,53.83,72.77,74.83,,83.41,64.01,74.77,,78.15,,,,72.77,72.77,,72.77,72.77,72.77,88.2,72.77,60.43,60.43,,,,,71.33,53.32,53.32,49.64,49.64,53.32,60.66,67.71,74.69,84.16,49.64,49.64,53.32,53.32,64.01,64.0,,,,,,
2019-01-11 12:00:00+01:00,,58.53,,56.96,62.91,70.34,,65.6,,51.89,51.89,51.89,52.73,67.69,52.73,68.77,70.72,,84.55,68.77,72.56,,73.85,,,,68.77,68.77,,68.77,68.77,68.77,88.2,68.77,60.41,60.41,,,,,53.61,51.89,51.89,49.64,49.64,51.89,60.64,67.69,72.48,86.1,49.64,49.64,51.89,51.89,68.77,65.6,,,,,,
2019-01-11 13:00:00+01:00,,66.01,,53.0,62.89,70.0,,64.9,,50.8,50.8,50.8,52.31,67.2,52.31,67.2,69.11,,84.54,67.2,71.84,,72.17,,,,67.2,67.2,,67.2,67.2,67.2,88.2,67.2,59.95,59.95,,,,,52.48,50.8,50.8,49.53,49.53,50.8,60.18,67.2,71.76,82.69,49.53,49.53,50.8,50.8,67.2,71.84,,,,,,
2019-01-11 14:00:00+01:00,,64.31,,53.08,81.25,69.99,,63.15,,45.46,45.46,45.46,54.92,67.66,54.92,68.0,69.95,,84.56,68.0,74.08,,73.03,,,,68.0,68.0,,68.0,68.0,68.0,88.2,68.0,59.11,59.11,,,,,50.96,49.33,49.33,49.26,49.26,49.33,59.34,67.66,73.99,82.93,49.26,49.26,49.26,49.26,68.0,74.08,,,,,,
2019-01-11 15:00:00+01:00,,66.95,,52.43,85.21,68.24,,67.99,,42.2,42.2,42.2,56.36,66.06,56.36,66.06,67.95,,84.58,70.77,80.18,,70.57,,,,70.77,70.77,,70.77,70.77,70.77,140.91,70.77,59.1,59.1,,,,,50.69,49.07,49.07,49.07,49.07,49.07,59.33,66.06,80.09,91.92,49.07,49.07,49.07,49.07,70.77,75.11,,,,,,
2019-01-11 16:00:00+01:00,,66.08,,53.01,74.1,68.97,,64.11,,45.0,45.93,45.93,56.38,66.18,56.38,66.18,66.33,,84.57,75.0,90.04,,67.6,,,,75.0,75.0,,75.0,75.0,75.0,146.91,75.0,60.55,60.55,,,,,51.17,49.54,49.54,49.54,49.54,49.54,60.79,66.18,128.27,115.06,49.54,49.54,49.54,49.54,75.0,75.11,,,,,,
2019-01-11 17:00:00+01:00,,66.92,,71.2,81.99,69.65,,66.96,,51.51,51.51,51.51,55.86,68.07,55.86,69.23,71.24,,84.59,78.86,94.86,,74.0,,,,78.86,78.86,,78.86,78.86,78.86,148.93,78.86,60.52,60.52,,,,,65.0,51.51,51.51,49.45,49.45,51.51,60.76,68.07,128.6,119.01,49.45,49.45,51.51,51.51,78.86,75.11,,,,,,
2019-01-11 18:00:00+01:00,,64.96,,72.4,87.01,69.66,,64.15,,48.59,50.44,50.44,55.68,70.0,55.68,77.54,79.8,,84.57,78.29,100.05,,85.0,,,,78.29,78.29,,78.29,78.29,78.29,148.93,78.29,59.14,59.14,,,,,52.11,50.44,50.44,49.49,49.49,50.44,59.37,70.0,128.27,119.09,49.49,49.49,50.44,50.44,78.29,64.15,,,,,,
2019-01-11 19:00:00+01:00,,54.27,,65.12,78.04,69.53,,58.93,,49.2,49.64,49.64,49.64,70.45,49.64,71.83,73.48,,84.59,77.52,90.07,,75.3,,,,77.52,77.52,,77.52,77.52,77.52,148.93,77.52,58.78,58.78,,,,,51.28,49.64,49.64,49.54,49.54,49.64,59.01,70.45,128.27,99.07,49.54,49.54,49.64,49.64,77.52,61.4,,,,,,
2019-01-11 20:00:00+01:00,,47.19,,69.37,92.69,69.62,,51.42,,44.99,48.93,48.93,48.93,69.19,48.93,69.19,71.21,,84.53,70.99,88.1,,73.46,,,,70.99,70.99,,70.99,70.99,70.99,148.93,70.99,54.82,54.82,,,,,51.17,49.53,49.53,48.93,48.93,49.53,55.04,69.19,118.65,88.55,48.93,48.93,48.93,48.93,70.99,58.0,,,,,,
2019-01-11 21:00:00+01:00,,47.18,,57.7,75.94,66.5,,49.73,,44.93,48.34,48.34,48.34,67.12,48.34,67.12,65.94,,78.17,67.6,83.72,,63.12,,,,67.6,67.6,,67.6,67.6,67.6,146.91,67.6,48.34,48.34,,,,,47.37,48.93,48.93,48.34,48.34,48.93,51.32,67.12,83.62,78.0,48.34,48.34,48.34,48.34,67.6,49.73,,,,,,
2019-01-11 22:00:00+01:00,,48.61,,57.7,61.39,66.08,,47.61,,46.4,47.54,47.54,47.54,66.03,47.54,66.03,64.87,,75.36,70.1,85.61,,61.48,,,,66.26,66.26,,66.26,66.26,66.26,140.91,66.26,47.54,47.54,,,,,46.45,47.99,47.99,47.54,47.54,47.99,49.41,66.03,85.51,75.05,47.54,47.54,47.54,47.54,67.6,49.21,,,,,,
2019-01-11 23:00:00+01:00,,44.76,,61.56,61.37,63.9,,39.36,,43.46,45.03,45.03,45.03,63.9,45.03,63.57,56.66,,76.36,63.57,72.0,,55.0,,,,63.57,63.57,,63.57,63.57,63.57,77.0,63.57,45.03,45.03,,,,,45.88,47.4,47.4,45.03,45.03,47.4,47.82,63.9,71.91,70.04,45.03,45.03,45.03,45.03,63.57,39.36,,,,,,
2019-01-12 00:00:00+01:00,,49.56,,67.17,93.46,62.18,,42.01,,47.24,47.24,47.24,47.24,67.18,47.24,57.54,70.22,,75.13,65.1,72.97,,68.13,,,,65.1,65.1,,65.1,65.1,65.1,65.1,65.1,47.24,47.24,,,,,46.8,48.35,48.35,47.24,47.24,48.35,46.98,67.18,72.94,78.86,47.24,47.24,47.24,47.24,65.1,42.01,,,,,,
2019-01-12 01:00:00+01:00,,47.09,,49.34,85.54,57.05,,40.6,,45.88,45.88,45.88,45.88,59.86,45.88,51.63,64.59,,75.16,62.12,67.93,,61.18,,,,62.12,62.12,,62.12,62.12,62.12,62.12,62.12,45.88,45.88,,,,,46.48,48.02,48.02,45.88,45.88,48.02,44.71,59.86,67.91,64.05,45.88,45.88,45.88,45.88,62.12,40.6,,,,,,
2019-01-12 02:00:00+01:00,,44.98,,47.35,78.05,54.67,,40.0,,44.61,44.61,44.61,44.61,53.89,44.61,46.16,68.08,,67.89,59.05,61.19,,58.97,,,,59.05,59.05,,59.05,59.05,59.05,59.05,59.05,44.61,44.61,,,,,49.0,48.09,48.09,45.69,45.69,48.09,41.93,53.89,61.17,59.01,44.61,44.61,44.61,44.61,59.05,40.0,,,,,,
2019-01-12 03:00:00+01:00,,45.08,,43.96,68.0,53.39,,38.66,,42.9,42.9,42.9,42.9,51.6,42.9,44.95,55.04,,67.93,59.0,57.78,,45.0,,,,59.0,59.0,,59.0,59.0,59.0,59.0,59.0,42.9,42.9,,,,,43.69,47.67,47.67,45.68,45.68,47.67,42.69,51.6,57.76,55.0,42.9,42.9,42.9,42.9,59.0,38.66,,,,,,
2019-01-12 04:00:00+01:00,,42.44,,43.6,67.08,53.01,,38.44,,42.03,42.03,42.03,42.03,51.4,42.03,43.22,48.03,,67.66,51.8,54.02,,37.35,,,,56.63,56.63,,56.63,56.63,56.63,56.63,56.63,42.03,42.03,,,,,46.27,47.8,47.8,45.72,45.72,47.8,42.13,51.4,54.0,52.6,42.03,42.03,42.03,42.03,51.8,38.44,,,,,,
2019-01-12 05:00:00+01:00,,44.03,,42.98,68.61,52.68,,40.8,,39.33,42.0,42.0,42.0,51.45,42.0,42.51,43.81,,71.89,51.8,53.62,,37.0,,,,56.63,56.63,,56.63,56.63,56.63,56.63,56.63,42.0,42.0,,,,,42.6,47.57,47.57,45.87,45.87,47.57,42.11,51.45,53.6,62.04,42.0,42.0,42.0,42.0,51.8,40.8,,,,,,
2019-01-12 06:00:00+01:00,,42.98,,42.98,55.0,53.08,,40.71,,42.98,44.06,44.06,44.06,52.37,44.06,42.98,44.3,,70.1,49.1,48.97,,37.0,,,,61.66,61.66,,61.66,61.66,61.66,61.66,61.66,44.06,44.06,,,,,42.98,47.7,47.7,46.31,46.31,47.7,44.18,52.37,48.95,63.03,44.06,44.06,44.06,44.06,49.1,40.71,,,,,,
2019-01-12 07:00:00+01:00,,43.06,,51.36,75.03,55.78,,44.92,,41.23,46.39,46.39,46.39,57.49,46.39,51.36,52.95,,75.34,66.61,67.86,,50.11,,,,66.61,66.61,,66.61,66.61,66.61,66.61,66.61,46.39,46.39,,,,,50.99,48.52,48.52,46.39,46.39,48.52,46.51,57.49,67.83,68.12,46.39,46.39,46.39,46.39,66.61,44.92,,,,,,
2019-01-12 08:00:00+01:00,,44.42,,54.89,62.08,58.55,,46.76,,42.12,48.02,48.02,48.02,64.0,48.02,54.89,56.59,,77.6,73.0,78.0,,53.56,,,,73.0,73.0,,73.0,73.0,73.0,73.0,73.0,48.02,48.02,,,,,54.5,48.74,48.74,48.02,48.02,48.74,48.15,64.0,77.96,73.04,48.02,48.02,48.02,48.02,73.0,46.76,,,,,,
2019-01-12 09:00:00+01:00,,48.25,,62.11,57.29,61.32,,51.34,,45.1,49.91,49.91,49.91,68.0,49.91,62.11,64.05,,83.4,85.3,77.19,,60.61,,,,73.0,73.0,,73.0,73.0,73.0,73.0,73.0,49.91,49.91,,,,,62.11,49.91,49.91,49.91,49.91,49.91,50.04,68.0,77.16,74.46,49.91,49.91,49.91,49.91,85.3,52.0,,,,,,
2019-01-12 10:00:00+01:00,,48.2,,65.0,53.84,63.21,,51.31,,44.27,50.3,50.3,50.3,68.39,50.3,65.0,67.51,,83.45,83.81,74.46,,63.87,,,,65.0,65.0,,65.0,65.0,65.0,65.0,65.0,50.3,50.3,,,,,65.0,50.3,50.3,50.3,50.3,50.3,52.49,68.39,74.42,75.0,50.3,50.3,50.3,50.3,83.81,59.6,,,,,,
2019-01-12 11:00:00+01:00,,48.16,,65.25,51.55,63.98,,51.0,,44.18,50.32,50.32,50.32,67.13,50.32,64.47,66.49,,84.0,78.1,72.51,,62.91,,,,63.03,63.03,,64.47,63.03,63.03,63.03,63.03,50.32,50.32,,,,,64.01,50.32,50.32,50.32,50.32,50.32,59.52,67.13,72.47,75.0,50.32,50.32,50.32,50.32,78.1,62.0,,,,,,
2019-01-12 12:00:00+01:00,,46.47,,62.0,48.64,61.99,,54.59,,42.05,50.32,50.32,50.32,64.69,50.32,62.89,64.87,,77.81,82.3,68.76,,62.86,,,,62.89,61.66,,62.89,60.0,61.66,60.0,60.0,50.32,50.32,,,,,51.98,50.32,50.32,50.32,50.32,50.32,57.49,64.69,68.73,71.49,50.32,50.32,50.32,50.32,82.3,62.0,,,,,,
2019-01-12 13:00:00+01:00,,43.08,,62.0,45.06,60.6,,54.0,,38.61,49.95,49.95,49.95,66.12,49.95,59.5,64.63,,75.81,59.5,63.03,,61.13,,,,59.5,59.5,,59.5,59.5,59.5,59.5,59.5,49.95,49.95,,,,,49.0,49.95,49.95,49.95,49.95,49.95,57.26,66.12,62.99,71.04,49.95,49.95,49.95,49.95,59.5,61.74,,,,,,
2019-01-12 14:00:00+01:00,,44.03,,62.0,46.12,58.13,,55.1,,37.76,50.09,50.09,50.09,64.58,50.09,55.73,61.46,,75.86,56.99,61.89,,58.13,,,,56.99,56.99,,56.99,56.99,56.99,56.99,56.99,50.09,50.09,,,,,51.75,50.09,50.09,50.09,50.09,50.09,50.23,64.58,61.86,71.0,50.09,50.09,50.09,50.09,56.99,55.1,,,,,,
2019-01-12 15:00:00+01:00,,45.04,,62.0,68.13,58.04,,57.03,,33.03,50.82,50.82,50.82,59.86,50.82,50.69,54.91,,77.62,61.92,66.05,,52.0,,,,61.92,61.92,,61.92,61.92,61.92,61.92,61.92,50.82,50.82,,,,,52.5,50.82,50.82,50.82,50.82,50.82,50.96,59.86,66.01,72.48,50.82,50.82,50.82,50.82,61.92,57.03,,,,,,
2019-01-12 16:00:00+01:00,,45.09,,54.69,84.61,60.53,,59.66,,35.84,51.7,51.7,51.7,57.52,51.7,47.68,54.89,,83.39,65.63,74.63,,51.9,,,,65.63,65.63,,65.63,65.63,65.63,65.63,65.63,57.1,57.1,,,,,52.81,51.7,51.7,51.7,51.7,51.7,57.26,57.52,74.59,75.72,51.7,51.7,51.7,51.7,65.63,61.74,,,,,,
2019-01-12 17:00:00+01:00,,46.45,,62.0,94.05,60.57,,60.6,,44.24,52.96,52.96,52.96,59.86,52.96,54.03,74.31,,83.6,78.09,82.5,,71.96,,,,77.96,77.96,,77.96,77.96,77.96,140.91,77.96,57.48,57.48,,,,,59.47,52.96,52.96,52.96,52.96,52.96,57.64,59.86,82.45,86.37,52.96,52.96,52.96,52.96,77.96,61.77,,,,,,
2019-01-12 18:00:00+01:00,,48.89,,65.0,92.05,63.04,,59.0,,46.29,52.33,52.33,52.33,68.39,52.33,57.89,94.67,,77.87,78.0,84.14,,96.15,,,,78.0,78.0,,78.0,78.0,78.0,145.0,78.0,52.33,52.33,,,,,49.9,52.33,52.33,52.33,52.33,52.33,52.48,68.39,84.08,84.1,52.33,52.33,52.33,52.33,78.0,59.0,,,,,,
2019-01-12 19:00:00+01:00,,44.09,,62.0,85.57,61.15,,54.0,,40.05,51.23,51.23,51.23,69.45,51.23,58.31,86.44,,77.74,78.52,83.4,,87.78,,,,78.52,78.52,,78.52,78.52,78.52,146.91,78.52,51.23,51.23,,,,,49.59,51.23,51.23,51.23,51.23,51.23,51.37,69.45,83.35,82.53,51.23,51.23,51.23,51.23,78.52,54.0,,,,,,
2019-01-12 20:00:00+01:00,,40.03,,51.85,66.82,57.71,,50.34,,38.15,50.02,50.02,50.02,69.69,50.02,53.19,75.68,,75.73,73.0,78.0,,71.53,,,,73.0,73.0,,73.0,73.0,73.0,146.91,73.0,50.02,50.02,,,,,48.42,50.02,50.02,50.02,50.02,50.02,50.16,69.69,77.95,80.22,50.02,50.02,50.02,50.02,73.0,52.3,,,,,,
2019-01-12 21:00:00+01:00,,45.08,,52.29,65.56,53.96,,40.8,,30.26,49.23,49.23,49.23,69.45,49.23,46.54,63.15,,70.36,75.65,74.63,,59.68,,,,67.31,67.31,,67.31,67.31,67.31,140.91,67.31,49.23,49.23,,,,,49.0,50.12,50.12,49.23,49.23,50.12,49.37,69.45,74.58,74.93,49.23,49.23,49.23,49.23,67.31,40.8,,,,,,
2019-01-12 22:00:00+01:00,,41.45,,53.67,87.21,56.5,,35.1,,40.2,48.29,48.29,48.29,68.71,48.29,57.61,59.5,,70.28,78.07,72.49,,56.21,,,,63.6,63.6,,63.6,63.6,63.6,76.0,63.6,48.29,48.29,,,,,47.58,49.16,49.16,48.29,48.29,49.16,48.12,68.71,72.44,77.18,48.29,48.29,48.29,48.29,63.6,35.1,,,,,,
2019-01-12 23:00:00+01:00,,33.17,,52.44,35.76,53.97,,30.48,,30.89,47.22,47.22,47.22,67.83,47.22,54.06,55.83,,75.8,60.32,70.02,,52.75,,,,60.32,60.32,,60.32,60.32,60.32,60.32,60.32,47.22,47.22,,,,,47.55,49.12,49.12,47.22,47.22,49.12,40.77,67.83,69.97,77.97,47.22,47.22,47.22,47.22,60.32,30.48,,,,,,
2019-01-13 00:00:00+01:00,,40.05,,53.32,39.34,53.9,,23.06,,23.35,44.01,44.01,49.02,57.48,49.02,57.48,58.71,,70.66,63.44,70.02,,54.69,,,,63.44,63.44,,63.44,63.44,63.44,63.44,63.44,49.02,49.02,,,,,52.4,50.26,50.26,49.02,49.02,50.26,39.16,57.48,70.0,76.03,49.02,49.02,49.02,49.02,63.44,23.06,,,,,,
2019-01-13 01:00:00+01:00,,43.03,,46.7,39.32,52.07,,23.26,,12.4,44.02,44.02,48.18,52.29,48.18,52.29,53.42,,70.69,60.68,55.03,,37.35,,,,60.68,60.68,,60.68,60.68,60.68,60.68,60.68,48.18,48.18,,,,,47.93,49.51,49.51,48.18,48.18,49.51,38.82,52.29,55.01,78.01,48.18,48.18,48.18,48.18,60.68,23.26,,,,,,
2019-01-13 02:00:00+01:00,,43.03,,43.9,39.32,49.06,,21.98,,19.01,37.03,37.03,48.06,50.81,48.06,43.74,44.69,,67.98,58.7,48.93,,15.17,,,,58.7,58.7,,58.7,58.7,58.7,58.7,58.7,48.06,48.06,,,,,43.44,48.99,48.99,48.06,48.06,48.99,37.65,51.19,48.91,59.08,48.06,48.06,48.06,48.06,58.7,21.98,,,,,,
2019-01-13 03:00:00+01:00,,43.01,,32.7,39.33,47.06,,23.16,,23.51,26.54,26.54,48.03,50.0,48.03,31.66,32.41,,67.95,49.11,45.81,,0.0,,,,53.26,53.26,,53.26,53.26,53.26,53.26,53.26,48.03,48.03,,,,,33.48,48.7,48.7,48.03,48.03,48.7,36.17,50.79,45.8,53.29,48.03,48.03,48.03,48.03,49.11,23.16,,,,,,
2019-01-13 04:00:00+01:00,,28.06,,27.38,38.91,43.43,,21.0,,23.25,23.25,23.25,47.5,49.91,47.5,27.08,33.53,,68.07,49.1,44.9,,0.0,,,,50.2,50.2,,50.2,50.2,50.2,50.2,50.2,47.5,47.5,,,,,34.63,48.59,48.59,47.5,47.5,48.59,34.79,49.91,44.89,51.01,47.5,47.5,47.5,47.5,49.1,21.0,,,,,,
2019-01-13 05:00:00+01:00,,38.01,,28.35,36.77,39.09,,20.05,,20.01,20.01,20.01,47.33,49.91,47.33,26.8,33.53,,68.2,49.58,42.64,,0.0,,,,49.58,49.58,,49.58,49.58,49.58,49.58,49.58,47.33,47.33,,,,,34.63,48.52,48.52,47.33,47.33,48.52,37.61,50.79,42.63,51.73,47.33,47.33,47.33,47.33,49.58,20.05,,,,,,
2019-01-13 06:00:00+01:00,,34.54,,29.08,43.1,26.81,,20.0,,20.8,40.06,40.06,47.42,49.97,47.42,27.45,28.05,,67.78,34.54,49.04,,0.0,,,,62.39,62.39,,62.39,50.25,62.39,50.25,50.25,47.42,47.42,,,,,28.97,48.1,48.1,47.42,47.42,48.1,38.84,50.79,49.01,59.6,47.42,47.42,47.42,47.42,34.54,20.0,,,,,,
2019-01-13 07:00:00+01:00,,22.77,,29.79,36.79,37.53,,20.0,,22.14,45.86,45.86,47.53,50.97,47.53,26.48,38.74,,75.19,22.77,45.83,,0.0,,,,66.04,66.04,,66.04,58.0,66.04,58.0,58.0,47.53,47.53,,,,,40.0,48.61,48.61,47.53,47.53,48.61,39.3,51.19,45.81,59.9,47.53,47.53,47.53,47.53,22.77,20.0,,,,,,
2019-01-13 08:00:00+01:00,,29.68,,29.65,36.78,39.78,,27.42,,23.68,26.23,26.23,48.0,51.31,48.0,33.41,37.1,,74.64,29.68,60.02,,0.0,,,,66.7,66.7,,66.7,58.25,66.7,58.25,58.25,48.0,48.0,,,,,38.3,48.88,48.88,48.0,48.0,48.88,39.3,51.31,59.99,67.03,48.0,48.0,48.0,48.0,29.68,27.42,,,,,,
2019-01-13 09:00:00+01:00,,43.04,,43.7,40.06,46.24,,42.0,,25.05,37.16,48.78,48.78,52.29,48.78,52.22,53.4,,77.9,49.1,72.46,,36.21,,,,69.01,69.01,,69.01,58.25,69.01,58.25,58.25,48.78,48.78,,,,,47.33,48.9,48.9,48.78,48.78,48.9,41.51,52.29,72.43,74.4,48.78,48.78,48.78,48.78,49.1,42.0,,,,,,
2019-01-13 10:00:00+01:00,,43.06,,49.63,40.27,48.47,,50.0,,26.3,26.3,49.47,49.47,61.78,49.47,52.05,63.66,,84.55,69.01,74.6,,42.67,,,,69.01,69.01,,69.01,58.0,69.01,58.0,58.0,49.47,49.47,,,,,48.8,49.47,49.47,49.47,49.47,49.47,47.84,61.78,74.56,78.05,49.47,49.47,49.47,49.47,69.01,50.0,,,,,,
2019-01-13 11:00:00+01:00,,43.06,,54.74,39.59,47.92,,46.23,,30.81,30.81,49.85,49.85,62.5,49.85,53.12,67.23,,83.16,67.28,78.06,,53.17,,,,67.28,67.28,,67.28,52.0,67.28,52.0,52.0,49.85,49.85,,,,,51.5,49.85,49.85,49.85,49.85,49.85,48.29,62.5,78.02,78.8,49.85,49.85,49.85,49.85,67.28,46.23,,,,,,
2019-01-13 12:00:00+01:00,,44.01,,52.95,51.62,54.09,,46.0,,27.06,27.06,49.87,49.87,63.15,49.87,57.61,67.13,,83.18,61.92,70.33,,54.53,,,,61.92,61.92,,61.92,61.92,61.92,61.92,61.92,49.87,49.87,,,,,51.52,49.87,49.87,49.87,49.87,49.87,47.94,63.15,70.29,77.05,49.87,49.87,49.87,49.87,61.92,46.0,,,,,,
2019-01-13 13:00:00+01:00,,44.05,,58.28,50.09,53.83,,49.6,,8.5,8.5,49.36,49.36,66.0,49.36,54.62,72.72,,76.3,59.57,55.78,,65.0,,,,59.57,59.57,,59.57,59.57,59.57,59.57,59.57,49.36,49.36,,,,,50.99,49.36,49.36,49.36,49.36,49.36,48.66,66.0,55.75,74.03,49.36,49.36,49.36,49.36,59.57,49.6,,,,,,
2019-01-13 14:00:00+01:00,,53.1,,43.9,62.12,52.83,,52.09,,-0.08,34.44,48.73,48.73,66.0,48.73,49.05,67.15,,84.55,62.0,52.09,,64.05,,,,62.0,62.0,,62.0,62.0,62.0,62.0,62.0,48.73,48.73,,,,,50.0,49.12,49.12,48.73,48.73,49.12,48.68,66.0,52.06,72.06,48.73,48.73,48.73,48.73,62.0,52.09,,,,,,
2019-01-13 15:00:00+01:00,,44.09,,33.35,82.13,53.64,,50.1,,-0.01,46.59,49.21,49.21,63.67,49.21,32.82,63.79,,84.54,63.73,67.08,,60.81,,,,63.73,63.73,,63.73,63.73,63.73,63.73,63.73,49.21,49.21,,,,,50.84,49.21,49.21,49.21,49.21,49.21,48.73,63.67,67.05,73.08,49.21,49.21,49.21,49.21,63.73,50.1,,,,,,
2019-01-13 16:00:00+01:00,,44.08,,33.06,116.98,54.45,,56.0,,-0.27,47.15,50.17,50.17,60.82,50.17,32.45,61.59,,84.68,72.11,88.01,,58.74,,,,72.11,72.11,,72.11,72.11,72.11,72.11,72.11,50.17,50.17,,,,,51.82,50.17,50.17,50.17,50.17,50.17,50.12,60.82,87.95,78.08,50.17,50.17,50.17,50.17,72.11,56.0,,,,,,
2019-01-13 17:00:00+01:00,,44.02,,52.48,120.87,57.05,,56.84,,21.55,50.29,50.29,50.29,64.39,50.29,46.95,77.99,,84.6,90.09,126.02,,70.0,,,,78.52,78.52,,78.52,78.52,78.52,78.52,78.52,50.29,50.29,,,,,72.5,50.29,50.29,50.29,50.29,50.29,50.24,64.39,125.95,87.96,50.29,50.29,50.29,50.29,78.52,56.84,,,,,,
2019-01-13 18:00:00+01:00,,44.02,,58.59,116.02,58.77,,55.0,,24.04,49.08,49.57,49.57,68.52,49.57,63.76,96.28,,84.61,81.03,101.05,,91.79,,,,81.03,81.03,,81.03,81.03,81.03,81.03,81.03,49.57,49.57,,,,,51.55,49.9,49.9,49.57,49.57,49.9,49.53,68.52,100.99,80.08,49.57,49.57,49.57,49.57,81.03,55.0,,,,,,
2019-01-13 19:00:00+01:00,,43.1,,55.79,103.18,57.02,,54.68,,15.91,46.03,48.63,48.63,70.11,48.63,64.45,84.17,,84.57,81.03,93.06,,80.24,,,,81.03,81.03,,81.03,81.03,81.03,81.03,81.03,48.63,48.63,,,,,51.73,50.07,50.07,48.63,48.63,50.07,48.58,70.11,93.0,80.08,48.63,48.63,48.63,48.63,81.03,54.68,,,,,,
2019-01-13 20:00:00+01:00,,44.01,,58.57,76.98,53.63,,52.53,,-0.02,40.01,40.01,47.3,71.69,47.3,59.04,72.68,,84.53,78.4,78.07,,69.28,,,,78.4,78.4,,78.4,78.4,78.4,78.4,78.4,47.3,47.3,,,,,48.28,49.87,49.87,47.3,47.3,49.87,47.26,71.69,78.02,80.63,47.3,47.3,47.3,47.3,78.4,52.53,,,,,,
2019-01-13 21:00:00+01:00,,41.76,,43.7,72.99,52.06,,49.0,,-0.33,40.22,40.22,45.81,71.69,45.81,53.4,71.56,,76.45,75.34,74.6,,68.2,,,,75.34,75.34,,75.34,75.34,75.34,130.7,75.34,45.81,45.81,,,,,47.61,49.19,49.19,47.01,47.01,49.19,45.77,71.69,74.55,76.01,45.81,45.81,45.81,45.81,75.34,49.0,,,,,,
2019-01-13 22:00:00+01:00,,38.0,,50.04,55.31,52.95,,45.51,,3.04,3.04,3.04,43.56,70.01,43.56,56.03,63.82,,75.89,65.95,61.79,,60.81,,,,65.95,65.95,,65.95,65.95,65.95,75.0,65.95,43.56,43.56,,,,,45.1,48.94,48.94,47.4,47.4,48.94,42.12,70.01,61.75,74.09,43.56,43.56,43.56,43.56,65.95,45.51,,,,,,
2019-01-13 23:00:00+01:00,,36.08,,46.57,39.33,52.63,,40.2,,-7.28,-7.28,-7.28,39.23,68.0,39.23,56.84,58.21,,71.01,60.47,42.64,,55.46,,,,60.47,60.47,,60.47,60.47,60.47,60.47,60.47,39.23,39.23,,,,,42.2,49.1,49.1,47.22,47.22,49.1,39.2,68.0,42.62,77.27,39.23,39.23,39.23,39.23,60.47,40.2,,,,,,
2019-01-14 00:00:00+01:00,,0.05,,46.8,38.3,48.92,,32.0,,-3.14,-3.14,-3.14,27.75,60.0,27.75,44.16,49.07,,67.89,53.06,45.84,,50.23,,,,53.06,53.06,,53.06,53.06,53.06,53.06,53.06,27.75,27.75,,,,,46.52,48.06,48.06,47.22,47.22,48.06,27.73,69.89,45.81,71.1,27.75,27.75,27.75,27.75,53.06,32.0,,,,,,
2019-01-14 01:00:00+01:00,,0.07,,33.93,25.65,40.91,,31.0,,-12.0,-12.0,-9.36,20.7,51.91,20.7,30.97,56.37,,67.89,49.11,40.03,,55.0,,,,49.11,49.11,,49.11,49.11,49.11,49.11,49.11,20.7,20.7,,,,,42.4,47.83,47.83,47.06,47.06,47.83,20.69,68.88,40.01,53.02,20.7,20.7,20.7,20.7,49.11,31.0,,,,,,
2019-01-14 02:00:00+01:00,,23.22,,28.59,22.54,42.1,,26.5,,-15.04,-15.03,-15.03,16.54,51.41,16.54,25.15,56.14,,67.41,23.22,27.47,,55.0,,,,40.0,40.0,,40.0,40.0,40.0,40.0,40.0,16.54,16.54,,,,,46.48,48.02,48.02,46.89,46.89,48.02,16.53,67.01,27.45,49.93,16.54,16.54,16.54,16.54,23.22,26.5,,,,,,
2019-01-14 03:00:00+01:00,,0.07,,29.58,22.55,38.06,,26.0,,-11.09,-11.09,-11.09,22.75,50.81,22.75,28.34,56.03,,64.86,0.96,26.0,,55.0,,,,39.99,39.99,,39.99,39.99,39.99,39.99,39.99,22.75,22.75,,,,,46.37,47.9,47.9,46.83,46.83,47.9,20.05,66.16,25.98,46.92,22.75,22.75,22.75,22.75,0.96,26.0,,,,,,
2019-01-14 04:00:00+01:00,,1.8,,37.42,25.55,39.05,,27.0,,-4.94,-4.94,-4.94,35.45,50.47,35.45,23.49,56.26,,64.87,1.8,30.14,,57.1,,,,39.75,39.75,,39.75,39.75,39.75,39.75,39.75,35.45,35.45,,,,,45.0,47.25,47.25,46.78,46.78,47.25,27.5,56.2,30.12,47.04,35.45,35.45,35.45,35.45,1.8,27.0,,,,,,
2019-01-14 05:00:00+01:00,,3.62,,36.14,39.37,48.12,,35.1,,1.59,1.59,1.59,44.66,51.31,44.66,30.16,60.53,,67.91,47.36,53.54,,61.93,,,,47.36,47.36,,47.36,47.36,47.36,47.36,47.36,44.66,44.66,,,,,46.67,48.21,48.21,46.95,46.95,48.21,38.62,56.2,53.5,52.96,44.66,44.66,44.66,44.66,47.36,35.1,,,,,,
2019-01-14 06:00:00+01:00,,37.82,,51.9,49.52,55.32,,44.82,,35.9,35.9,48.07,53.94,56.2,53.94,55.26,67.17,,76.43,61.12,105.05,,68.19,,,,61.12,61.12,,61.12,61.12,61.12,61.12,61.12,53.94,53.94,,,,,50.41,48.8,48.8,48.07,48.07,48.8,48.03,56.2,104.97,73.04,48.07,48.07,48.07,48.07,61.12,44.82,,,,,,
2019-01-14 07:00:00+01:00,,53.67,,63.67,99.07,62.91,,56.85,,51.22,51.22,51.22,57.99,66.49,57.99,66.49,68.16,,84.58,123.3,106.88,,68.19,,,,67.07,67.07,,67.07,67.07,67.07,67.07,67.07,57.99,57.99,,,,,58.0,51.22,51.22,51.22,51.22,51.22,54.59,66.49,106.79,83.9,51.22,51.22,51.22,51.22,123.3,56.85,,,,,,
2019-01-14 08:00:00+01:00,,54.28,,66.15,99.05,65.96,,55.0,,51.66,51.66,51.66,56.67,67.83,56.67,65.81,65.18,,84.6,116.08,106.88,,68.19,,,,74.29,74.29,,74.29,74.29,74.29,74.29,74.29,56.67,56.67,,,,,63.14,51.66,51.66,51.66,51.66,51.66,55.68,67.83,106.79,90.45,51.66,51.66,51.66,51.66,116.08,55.0,,,,,,
2019-01-14 09:00:00+01:00,,51.08,,66.57,79.55,65.98,,57.0,,46.09,46.09,50.68,58.19,68.07,58.19,66.77,68.46,,84.6,130.1,128.05,,71.81,,,,77.68,77.68,,77.68,77.68,77.68,77.68,77.68,58.19,58.19,,,,,66.3,50.68,50.68,50.68,50.68,50.68,58.14,68.07,128.15,89.95,50.68,50.68,50.68,50.68,130.1,57.0,,,,,,
2019-01-14 10:00:00+01:00,,50.69,,76.37,99.01,66.22,,55.5,,50.26,50.26,50.6,58.28,67.27,58.28,66.73,68.42,,84.59,123.3,117.07,,89.69,,,,76.19,76.19,,76.19,76.19,76.19,76.19,76.19,58.28,58.28,,,,,65.5,50.6,50.6,50.6,50.6,50.6,58.22,67.27,116.98,89.99,50.6,50.6,50.6,50.6,123.3,55.5,,,,,,
2019-01-14 11:00:00+01:00,,48.87,,55.94,61.44,66.27,,55.81,,44.49,44.49,50.27,59.22,67.0,59.22,67.0,75.15,,84.59,123.6,115.0,,99.11,,,,74.05,74.05,,74.05,74.05,74.05,74.05,74.05,59.22,59.22,,,,,51.94,50.27,50.27,50.27,50.27,50.27,59.17,67.0,114.9,92.1,50.27,50.27,50.27,50.27,123.6,55.81,,,,,,
2019-01-14 12:00:00+01:00,,47.36,,44.04,85.16,65.51,,57.0,,41.24,41.24,49.89,58.15,67.2,58.15,67.2,71.89,,84.59,123.3,115.0,,98.4,,,,67.81,67.81,,67.81,67.81,67.81,67.81,67.81,58.15,58.15,,,,,48.3,49.89,49.89,49.89,49.89,49.89,58.1,67.2,114.9,90.09,49.89,49.89,49.89,49.89,123.3,57.0,,,,,,
2019-01-14 13:00:00+01:00,,42.28,,72.7,99.07,65.15,,57.0,,38.91,38.91,49.92,59.24,66.42,59.24,66.42,68.12,,84.57,123.3,96.83,,111.0,,,,66.59,66.59,,66.59,66.59,66.59,66.59,66.59,59.24,59.24,,,,,51.57,49.92,49.92,49.92,49.92,49.92,59.19,66.42,96.74,89.24,49.92,49.92,49.92,49.92,123.3,57.0,,,,,,
2019-01-14 14:00:00+01:00,,47.1,,55.43,109.79,64.57,,55.51,,41.79,41.79,50.04,58.49,64.33,58.49,64.33,65.99,,84.57,69.23,94.74,,70.0,,,,69.0,69.0,,69.0,69.0,69.0,69.0,69.0,58.49,58.49,,,,,51.73,50.07,50.07,50.04,50.04,50.07,58.44,64.33,94.66,86.1,50.04,50.04,50.04,50.04,69.23,55.51,,,,,,
2019-01-14 15:00:00+01:00,,52.24,,64.04,114.72,64.83,,57.0,,49.63,49.63,50.18,58.25,62.56,58.25,62.56,64.18,,84.58,78.08,99.74,,67.18,,,,74.04,74.04,,74.04,74.04,74.04,74.04,74.04,58.25,58.25,,,,,62.12,50.18,50.18,50.18,50.18,50.18,58.2,62.56,99.65,94.24,50.18,50.18,50.18,50.18,78.08,57.0,,,,,,
2019-01-14 16:00:00+01:00,,54.45,,71.74,99.01,64.17,,59.0,,50.93,50.93,50.93,60.74,62.84,60.74,62.84,67.34,,90.32,123.3,118.21,,70.48,,,,77.68,77.68,,77.68,77.68,77.68,77.68,77.68,60.74,60.74,,,,,65.17,50.93,50.93,50.93,50.93,50.93,60.68,62.84,118.1,109.96,50.93,50.93,50.93,50.93,123.3,59.0,,,,,,
2019-01-14 17:00:00+01:00,,56.16,,80.62,130.04,65.98,,60.64,,51.25,51.25,51.25,60.02,68.07,60.02,68.07,88.6,,116.0,123.3,114.99,,92.73,,,,87.0,87.0,,87.0,80.71,87.0,80.71,80.71,60.02,60.02,,,,,85.74,51.25,51.25,51.25,51.25,51.25,59.97,68.07,114.88,109.93,51.25,51.25,51.25,51.25,123.3,60.64,,,,,,
2019-01-14 18:00:00+01:00,,55.65,,69.7,102.16,69.97,,56.2,,50.93,50.93,50.93,59.32,71.64,59.32,71.64,102.06,,125.0,86.29,102.21,,107.2,,,,78.21,78.21,,78.21,78.21,78.21,78.21,78.21,59.32,59.32,,,,,63.14,50.93,50.93,50.93,50.93,50.93,59.27,71.64,102.11,95.1,50.93,50.93,50.93,50.93,86.29,56.2,,,,,,
2019-01-14 19:00:00+01:00,,55.53,,69.7,99.09,69.17,,55.9,,50.52,50.52,50.52,53.53,72.52,53.53,72.52,85.32,,98.0,77.65,96.11,,91.34,,,,77.65,77.65,,77.65,77.65,77.65,77.65,77.65,55.72,55.72,,,,,56.0,50.52,50.52,50.52,50.52,50.52,55.67,72.52,96.02,85.18,50.52,50.52,50.52,50.52,77.65,55.9,,,,,,
2019-01-14 20:00:00+01:00,,54.5,,59.24,99.1,66.23,,53.5,,49.61,49.61,49.61,49.61,71.81,49.61,71.81,83.2,,90.06,106.04,106.88,,84.98,,,,71.81,71.81,,71.81,71.81,71.81,71.81,71.81,53.04,53.04,,,,,52.14,50.47,50.47,49.61,49.61,50.47,52.99,71.81,106.77,81.05,49.61,49.61,49.61,49.61,106.04,54.3,,,,,,
2019-01-14 21:00:00+01:00,,48.59,,55.17,38.33,62.28,,48.82,,44.3,44.3,44.3,46.0,70.11,46.0,63.73,65.43,,84.52,66.59,80.67,,66.82,,,,66.59,66.59,,66.59,66.59,66.59,66.59,66.59,46.0,46.0,,,,,55.0,50.63,50.63,47.67,47.67,50.63,45.96,70.11,80.59,78.03,46.0,46.0,46.0,46.0,66.59,49.0,,,,,,
2019-01-14 22:00:00+01:00,,42.8,,58.2,55.07,61.39,,42.7,,41.29,41.29,41.29,44.4,68.4,44.4,60.49,62.1,,74.81,100.01,84.96,,63.42,,,,63.53,63.53,,63.53,63.53,63.53,63.53,63.53,44.4,44.4,,,,,51.68,50.03,50.03,47.83,47.83,50.03,44.36,68.4,84.87,78.03,44.4,44.4,44.4,44.4,100.01,44.0,,,,,,
2019-01-14 23:00:00+01:00,,38.4,,52.0,39.36,57.06,,39.0,,37.26,37.26,37.26,39.55,65.54,39.55,57.66,57.73,,70.46,59.45,72.46,,59.74,,,,59.45,59.45,,59.45,59.45,59.45,59.45,59.45,39.55,39.55,,,,,47.43,49.0,49.0,47.62,47.62,49.0,39.29,65.54,72.39,64.85,39.55,39.55,39.55,39.55,59.45,41.0,,,,,,
2019-01-15 00:00:00+01:00,,39.81,,58.08,54.6,57.68,,37.39,,35.18,37.67,37.67,37.67,60.0,37.67,57.63,62.26,,67.88,62.14,65.2,,65.1,,,,62.14,62.14,,62.14,58.91,62.14,58.91,62.14,37.67,37.67,,,,,46.67,48.22,48.22,47.75,47.75,48.22,37.63,60.0,65.13,66.31,37.67,37.67,37.67,37.67,62.14,37.39,,,,,,
2019-01-15 01:00:00+01:00,,38.61,,49.0,39.33,55.37,,35.1,,35.82,36.7,36.7,36.7,56.2,36.7,49.31,63.11,,67.49,59.25,59.12,,64.41,,,,59.25,59.25,,59.25,58.48,59.25,58.48,59.25,36.7,36.7,,,,,42.0,47.61,47.61,47.6,47.6,47.61,36.4,56.2,59.06,57.17,36.7,36.7,36.7,36.7,59.25,35.1,,,,,,
2019-01-15 02:00:00+01:00,,37.65,,43.55,39.33,53.56,,32.76,,34.99,37.06,37.06,37.06,54.9,37.06,47.78,60.99,,67.89,53.21,54.83,,62.23,,,,53.21,53.21,,53.21,53.21,53.21,53.21,53.21,37.06,37.06,,,,,38.3,47.47,47.47,47.47,47.47,47.47,32.06,54.9,54.77,53.84,37.06,37.06,37.06,37.06,53.21,32.76,,,,,,
2019-01-15 03:00:00+01:00,,35.99,,38.91,38.33,53.26,,31.49,,34.56,40.64,40.64,40.64,54.9,40.64,41.45,53.91,,62.22,49.1,48.2,,54.99,,,,52.43,52.43,,52.43,52.43,52.43,52.43,52.43,40.64,40.64,,,,,36.0,47.57,47.57,47.57,47.57,47.57,33.17,54.9,48.15,48.28,40.64,40.64,40.64,40.64,49.1,31.49,,,,,,
2019-01-15 04:00:00+01:00,,32.09,,42.2,39.35,53.23,,31.34,,30.8,44.31,44.31,44.31,54.9,44.31,37.58,52.84,,62.22,53.26,51.01,,53.89,,,,53.26,53.26,,53.26,53.26,53.26,53.26,53.26,44.31,44.31,,,,,42.2,47.66,47.66,47.66,47.66,47.66,37.2,54.9,50.95,50.07,44.31,44.31,44.31,44.31,53.26,34.73,,,,,,
2019-01-15 05:00:00+01:00,,35.47,,45.0,65.52,54.35,,37.5,,33.41,48.46,48.46,48.46,57.57,48.46,44.02,52.79,,64.93,58.42,67.98,,53.84,,,,58.42,58.42,,58.42,58.42,58.42,58.42,58.42,48.46,48.46,,,,,44.3,48.46,48.46,48.46,48.46,48.46,39.5,57.57,67.9,61.91,48.46,48.46,48.46,48.46,58.42,39.99,,,,,,
2019-01-15 06:00:00+01:00,,48.64,,50.67,74.0,59.85,,47.7,,47.4,50.91,50.91,55.96,66.01,55.96,53.11,54.61,,75.76,65.05,72.46,,55.0,,,,65.05,65.05,,65.05,65.05,65.05,65.05,65.05,55.96,55.96,,,,,47.4,50.91,50.91,50.91,50.91,50.91,45.87,66.01,72.38,99.96,50.91,50.91,50.91,50.91,65.05,48.07,,,,,,
2019-01-15 07:00:00+01:00,,59.98,,61.46,130.24,66.99,,56.01,,53.73,53.73,53.73,58.14,68.65,58.14,68.65,67.38,,84.52,78.0,119.93,,62.84,,,,78.0,77.65,,78.0,77.65,77.65,77.65,77.65,58.14,58.14,,,,,57.45,53.73,53.73,53.73,53.73,53.73,58.09,68.65,119.79,114.98,53.73,53.73,53.73,53.73,78.0,56.01,,,,,,
2019-01-15 08:00:00+01:00,,60.03,,70.79,136.27,69.56,,59.0,,57.02,57.02,57.02,59.92,70.16,59.92,70.16,68.88,,84.57,88.0,119.93,,68.5,,,,88.0,88.0,,88.0,77.68,88.0,77.68,77.68,59.92,59.92,,,,,62.36,57.02,57.02,55.86,55.86,57.02,59.88,70.16,119.79,120.93,55.86,55.86,57.02,57.02,88.0,59.0,,,,,,
2019-01-15 09:00:00+01:00,,61.24,,64.81,115.91,69.02,,60.85,,58.38,58.38,58.38,60.62,70.11,60.62,69.68,68.42,,84.57,87.5,128.25,,69.71,,,,87.5,87.5,,87.5,77.65,87.5,77.65,77.65,60.62,60.62,,,,,61.72,58.38,58.38,56.79,56.79,58.38,60.58,70.11,128.1,132.09,56.79,56.79,58.38,58.38,87.5,60.85,,,,,,
2019-01-15 10:00:00+01:00,,59.94,,61.88,68.09,69.28,,61.0,,56.54,56.54,56.54,61.55,71.04,61.55,71.04,73.11,,84.56,76.91,123.66,,74.48,,,,76.91,66.0,,76.91,65.53,66.0,65.53,65.53,61.55,61.55,,,,,60.2,56.54,56.54,56.54,56.54,56.54,61.51,71.04,123.51,121.61,56.54,56.54,56.54,56.54,76.91,61.0,,,,,,
2019-01-15 11:00:00+01:00,,58.49,,59.81,35.78,67.19,,59.0,,55.0,55.0,55.0,60.03,70.11,60.03,70.11,68.87,,84.52,72.65,115.06,,70.14,,,,72.65,61.12,,72.65,59.16,61.12,59.16,59.16,60.03,60.03,,,,,56.82,55.0,55.0,55.0,55.0,55.0,59.99,70.11,114.92,114.92,55.0,55.0,55.0,55.0,72.65,59.0,,,,,,
2019-01-15 12:00:00+01:00,,57.27,,60.08,35.77,66.52,,59.26,,53.92,53.92,53.92,59.41,69.43,59.41,68.29,67.09,,76.51,68.29,119.9,,68.32,,,,68.29,61.12,,68.29,58.0,61.12,58.0,58.0,59.41,59.41,,,,,55.7,53.92,53.92,53.92,53.92,53.92,59.38,69.43,119.75,115.07,53.92,53.92,53.92,53.92,68.29,59.26,,,,,,
2019-01-15 13:00:00+01:00,,55.89,,57.65,35.74,66.05,,60.13,,53.31,53.31,53.31,59.28,69.43,59.28,64.37,63.25,,76.35,65.38,106.88,,64.4,,,,65.38,60.82,,65.38,58.0,60.82,58.0,58.0,59.28,59.28,,,,,54.9,53.31,53.31,53.31,53.31,53.31,59.25,69.43,106.74,111.96,53.31,53.31,53.31,53.31,65.38,60.13,,,,,,
2019-01-15 14:00:00+01:00,,54.48,,59.8,42.94,65.91,,58.0,,52.63,52.63,52.63,58.08,69.13,58.08,60.86,62.02,,84.42,71.3,115.04,,62.74,,,,71.3,62.41,,71.3,62.41,62.41,62.41,62.41,58.08,58.08,,,,,54.37,52.63,52.63,52.63,52.63,52.63,58.05,69.13,114.9,111.91,52.63,52.63,52.63,52.63,71.3,59.2,,,,,,
2019-01-15 15:00:00+01:00,,53.27,,55.6,68.1,64.16,,60.99,,52.12,52.12,52.63,58.11,68.99,58.11,57.16,58.88,,84.56,78.53,125.01,,59.92,,,,78.53,73.04,,78.53,73.04,73.04,73.04,73.04,58.11,58.11,,,,,52.12,52.63,52.12,52.63,52.63,52.63,58.09,68.99,124.85,117.9,52.63,52.63,52.63,52.63,78.53,60.99,,,,,,
2019-01-15 16:00:00+01:00,,54.14,,57.37,74.84,65.39,,61.51,,51.0,52.28,53.91,62.95,69.08,62.95,64.76,66.73,,84.55,80.0,128.25,,64.73,,,,80.0,80.0,,80.0,78.21,80.0,140.91,78.21,62.95,62.95,,,,,55.0,53.91,52.32,53.91,53.91,53.91,62.92,69.08,128.09,129.98,53.91,53.91,53.91,53.91,80.0,67.5,,,,,,
2019-01-15 17:00:00+01:00,,57.92,,73.21,55.26,68.77,,60.0,,53.91,53.91,54.5,64.01,71.52,64.01,71.52,78.07,,95.16,103.88,130.67,,75.72,,,,88.15,88.15,,88.15,87.54,88.15,146.91,87.54,64.01,64.01,,,,,62.8,54.5,53.86,54.5,54.5,54.5,63.99,71.52,130.49,128.55,54.5,54.5,54.5,54.5,103.88,69.25,,,,,,
2019-01-15 18:00:00+01:00,,53.1,,60.79,38.33,70.63,,58.17,,46.35,52.54,54.27,60.08,74.05,60.08,74.05,89.02,,84.6,112.0,127.4,,90.53,,,,85.6,85.6,,85.6,85.6,85.6,146.91,85.6,60.08,60.08,,,,,50.86,54.27,52.54,54.27,54.27,54.27,60.07,74.05,127.23,123.92,54.27,54.27,54.27,54.27,112.0,66.17,,,,,,
2019-01-15 19:00:00+01:00,,50.17,,63.94,55.53,70.1,,56.45,,42.73,52.76,53.32,56.93,74.74,56.93,74.74,77.06,,84.58,86.0,115.02,,77.25,,,,82.0,82.0,,82.0,82.0,82.0,148.92,82.0,57.65,57.65,,,,,51.07,53.32,52.76,53.32,53.32,53.32,57.64,74.74,114.86,117.92,53.32,53.32,53.32,53.32,86.0,59.51,,,,,,
2019-01-15 20:00:00+01:00,,47.35,,55.0,62.54,69.01,,52.0,,40.32,52.5,52.5,52.5,72.92,52.5,71.34,73.57,,84.53,84.43,108.46,,69.61,,,,78.72,78.72,,78.72,78.72,78.72,146.91,78.72,53.99,53.99,,,,,50.82,52.5,52.5,52.5,52.5,52.5,53.99,72.92,108.31,111.97,52.5,52.5,52.5,52.5,84.43,54.9,,,,,,
2019-01-15 21:00:00+01:00,,44.74,,50.0,80.13,66.19,,45.37,,39.93,51.65,51.65,51.65,72.71,51.65,61.88,64.92,,76.3,80.08,93.59,,61.42,,,,77.65,77.65,,77.65,77.65,77.65,146.91,77.65,51.65,51.65,,,,,49.99,51.65,51.65,51.65,51.65,51.65,53.52,72.71,93.46,90.93,51.65,51.65,51.65,51.65,80.08,53.5,,,,,,
2019-01-15 22:00:00+01:00,,58.03,,49.0,68.02,63.09,,40.03,,39.66,50.4,50.4,50.4,71.88,50.4,56.98,58.79,,75.81,70.84,81.23,,55.6,,,,70.84,70.84,,70.84,70.84,70.84,140.91,70.84,50.4,50.4,,,,,48.79,50.4,50.4,50.4,50.4,50.4,49.12,71.88,81.11,79.95,50.4,50.4,50.4,50.4,70.84,48.63,,,,,,
2019-01-15 23:00:00+01:00,,37.03,,50.69,39.32,62.12,,30.69,,32.04,48.66,48.66,48.66,70.16,48.66,56.09,57.87,,68.66,62.56,66.05,,54.73,,,,62.56,62.56,,62.56,62.56,62.56,79.0,62.56,48.66,48.66,,,,,47.1,48.66,48.66,48.66,48.66,48.66,48.65,70.16,65.96,74.94,48.66,48.66,48.66,48.66,62.56,44.0,,,,,,
2019-01-16 00:00:00+01:00,,35.31,,47.24,54.88,59.9,,29.73,,29.23,49.48,49.48,49.48,70.16,49.48,58.26,59.83,,68.35,66.69,68.83,,56.85,,,,66.69,66.69,,66.69,66.69,66.69,66.69,66.69,49.48,49.48,,,,,41.6,49.48,49.48,49.48,49.48,49.48,41.73,70.16,68.71,66.45,49.48,49.48,49.48,49.48,66.69,41.54,,,,,,
2019-01-16 01:00:00+01:00,,34.8,,35.0,39.35,55.12,,29.13,,29.26,49.01,49.01,49.01,68.4,49.01,55.51,57.0,,68.58,61.34,61.07,,54.16,,,,61.34,61.34,,61.34,61.34,61.34,61.34,61.34,49.01,49.01,,,,,38.3,49.01,49.01,49.01,49.01,49.01,41.72,68.4,60.97,61.75,49.01,49.01,49.01,49.01,61.34,41.35,,,,,,
2019-01-16 02:00:00+01:00,,37.01,,42.55,39.33,53.91,,29.28,,32.64,48.91,48.91,48.91,66.0,48.91,53.56,56.43,,68.58,59.68,46.71,,53.61,,,,59.68,59.68,,59.68,59.68,59.68,59.68,59.68,48.91,48.91,,,,,44.2,48.91,48.91,48.91,48.91,48.91,41.76,66.0,46.63,53.9,48.91,48.91,48.91,48.91,59.68,29.28,,,,,,
2019-01-16 03:00:00+01:00,,35.02,,42.55,25.56,53.19,,30.02,,32.41,49.06,49.06,49.06,63.93,49.06,45.07,55.34,,68.61,59.01,38.0,,53.83,,,,59.01,59.01,,59.01,59.01,59.01,59.01,59.01,49.06,49.06,,,,,42.1,49.06,49.06,49.06,49.06,49.06,41.8,63.93,37.93,47.05,49.06,49.06,49.06,49.06,59.01,38.0,,,,,,
2019-01-16 04:00:00+01:00,,35.52,,39.3,39.37,52.86,,32.29,,33.06,49.12,49.12,49.12,61.07,49.12,44.68,55.27,,72.32,59.54,46.05,,53.76,,,,59.54,59.54,,59.54,59.54,59.54,59.54,59.54,49.12,49.12,,,,,39.7,49.12,49.12,49.12,49.12,49.12,43.24,61.07,45.97,49.96,49.12,49.12,49.12,49.12,59.54,41.82,,,,,,
2019-01-16 05:00:00+01:00,,37.77,,42.55,55.56,55.1,,34.85,,33.22,51.06,51.06,51.06,63.93,51.06,54.34,55.84,,75.46,61.12,58.14,,54.31,,,,61.12,61.12,,61.12,61.12,61.12,61.12,61.12,51.06,51.06,,,,,39.0,51.06,51.06,51.06,51.06,51.06,44.67,63.93,58.04,61.5,51.06,51.06,51.06,51.06,61.12,44.0,,,,,,
2019-01-16 06:00:00+01:00,,50.09,,54.84,115.18,62.01,,49.1,,46.63,52.64,52.82,59.38,68.07,59.38,61.91,62.14,,83.42,71.15,75.5,,60.0,,,,71.15,71.15,,71.15,71.15,71.15,71.15,71.15,59.38,59.38,,,,,46.63,52.82,52.64,52.82,52.82,52.82,58.44,68.07,75.36,73.33,52.82,52.82,52.82,52.82,71.15,51.9,,,,,,
2019-01-16 07:00:00+01:00,,58.05,,63.54,109.91,66.69,,55.48,,53.8,53.8,56.67,62.01,70.3,62.01,70.3,68.97,,83.49,82.0,89.38,,63.74,,,,82.0,77.65,,82.0,77.65,77.65,99.48,77.65,62.01,62.01,,,,,60.05,56.67,53.8,56.67,56.67,56.6,57.65,70.3,89.21,100.42,56.67,56.67,56.67,56.67,82.0,58.8,,,,,,
2019-01-16 08:00:00+01:00,,59.91,,66.23,119.56,68.05,,58.6,,55.73,55.73,59.41,60.55,71.69,60.55,71.69,67.82,,83.58,100.0,96.26,,65.93,,,,100.0,77.65,,100.0,77.65,77.65,118.46,77.65,60.55,60.55,,,,,63.14,59.41,55.73,59.41,59.41,56.69,60.79,71.69,96.07,114.54,59.41,59.41,59.41,59.41,100.0,58.6,,,,,,
2019-01-16 09:00:00+01:00,,58.68,,65.77,109.98,70.1,,59.3,,53.83,53.83,56.37,60.61,72.47,60.61,72.47,71.11,,83.46,90.0,101.0,,72.5,,,,90.0,75.43,,90.0,75.43,75.43,118.46,75.43,60.61,60.61,,,,,60.2,56.37,53.83,56.37,56.37,56.37,60.85,72.47,100.8,122.0,56.37,56.37,56.37,56.37,90.0,59.3,,,,,,
2019-01-16 10:00:00+01:00,,58.77,,63.1,109.96,70.17,,59.06,,54.22,54.22,55.56,60.49,72.2,60.49,72.2,70.86,,83.42,82.0,89.92,,72.23,,,,82.0,64.95,,82.0,64.95,64.95,115.4,64.95,60.49,60.49,,,,,56.01,55.56,54.22,55.56,55.56,55.56,60.73,72.2,89.74,120.03,55.56,55.56,55.56,55.56,82.0,59.06,,,,,,
2019-01-16 11:00:00+01:00,,59.0,,62.94,63.95,70.18,,56.35,,54.92,54.92,54.92,60.96,71.04,60.96,71.04,69.73,,82.72,72.15,85.02,,71.07,,,,72.15,61.91,,72.15,61.91,61.91,93.28,61.91,60.96,60.96,,,,,56.74,54.92,54.92,54.92,54.92,54.92,61.2,71.04,84.85,113.02,54.92,54.92,54.92,54.92,72.15,60.7,,,,,,
2019-01-16 12:00:00+01:00,,57.25,,59.78,63.93,70.11,,55.37,,53.65,53.65,54.15,60.6,70.04,60.6,68.1,66.86,,82.72,68.1,84.96,,68.13,,,,63.42,61.91,,68.1,61.91,61.91,61.91,61.91,60.6,60.6,,,,,54.0,54.15,53.65,54.15,54.15,54.15,60.85,70.04,84.78,108.01,54.15,54.15,54.15,54.15,68.1,58.36,,,,,,
2019-01-16 13:00:00+01:00,,56.22,,61.58,63.93,64.95,,58.36,,52.69,52.69,53.16,61.19,70.0,61.19,67.75,66.52,,80.58,67.75,83.39,,67.78,,,,63.42,61.0,,67.75,61.0,61.0,61.0,61.0,61.19,61.19,,,,,52.69,53.16,52.69,53.16,53.16,53.16,61.44,70.0,83.21,102.93,53.16,53.16,53.16,53.16,67.75,58.36,,,,,,
2019-01-16 14:00:00+01:00,,56.52,,57.95,63.93,62.38,,54.78,,53.55,53.55,53.55,59.84,68.71,59.84,65.53,64.36,,83.47,68.18,81.01,,67.07,,,,68.18,63.16,,68.18,63.16,63.16,63.16,63.16,59.84,59.84,,,,,55.32,53.55,53.55,53.55,53.55,53.55,60.08,68.71,80.84,102.92,53.55,53.55,53.55,53.55,68.18,58.36,,,,,,
2019-01-16 15:00:00+01:00,,55.94,,59.05,63.96,62.97,,56.01,,53.72,53.72,53.72,59.77,68.29,59.77,63.36,62.23,,83.57,75.96,89.9,,64.93,,,,75.96,67.48,,75.96,67.48,67.48,67.48,67.48,59.77,59.77,,,,,53.72,53.72,53.72,53.72,53.72,53.72,60.02,68.29,89.7,105.07,53.72,53.72,53.72,53.72,75.96,58.36,,,,,,
2019-01-16 16:00:00+01:00,,59.96,,60.85,63.93,63.7,,59.01,,54.83,54.83,54.83,61.35,68.29,61.35,60.82,62.61,,85.73,100.0,126.6,,63.76,,,,79.0,77.65,,79.0,77.65,77.65,115.4,77.65,61.35,61.35,,,,,60.39,54.83,54.83,54.83,54.83,54.83,61.6,68.29,126.31,122.03,54.83,54.83,54.83,54.83,100.0,120.0,,,,,,
2019-01-16 17:00:00+01:00,,57.93,,63.1,75.18,69.2,,61.7,,54.01,54.01,54.01,61.32,69.59,61.32,69.59,76.4,,140.0,136.06,134.91,,77.79,,,,88.7,78.21,,88.7,78.21,78.21,140.91,78.21,61.32,61.32,,,,,63.1,54.01,54.01,54.01,54.01,54.01,61.58,69.59,134.6,130.05,54.01,54.01,54.01,54.01,136.06,120.0,,,,,,
2019-01-16 18:00:00+01:00,,57.23,,54.68,72.43,70.74,,58.01,,52.67,52.67,52.67,60.57,72.33,60.57,72.33,92.14,,103.77,131.19,133.04,,93.81,,,,80.6,80.6,,80.6,78.21,80.6,140.91,78.21,60.57,60.57,,,,,52.67,52.67,52.67,52.67,52.67,52.67,60.83,72.33,132.73,130.08,52.67,52.67,52.67,52.67,131.19,75.12,,,,,,
2019-01-16 19:00:00+01:00,,56.04,,53.2,65.52,70.08,,55.0,,50.92,52.16,52.16,57.49,72.95,57.49,72.95,87.65,,104.05,118.0,120.05,,85.7,,,,77.68,77.68,,77.68,77.68,77.68,146.91,77.68,57.49,57.49,,,,,50.92,52.16,52.16,52.16,52.16,52.16,57.74,72.95,127.98,116.76,52.16,52.16,52.16,52.16,118.0,60.7,,,,,,
2019-01-16 20:00:00+01:00,,46.06,,49.7,63.94,65.41,,46.05,,39.81,51.35,51.35,51.68,72.2,51.35,67.09,77.0,,85.73,118.0,128.28,,72.94,,,,71.31,71.31,,71.31,71.31,71.31,140.91,71.31,51.68,51.68,,,,,49.7,51.35,51.35,51.35,51.35,51.35,51.9,72.2,127.98,111.97,51.35,51.35,51.35,51.35,118.0,54.0,,,,,,
2019-01-16 21:00:00+01:00,,42.68,,49.5,63.93,55.16,,44.9,,39.29,50.09,50.09,49.76,72.99,50.09,53.94,66.31,,83.47,90.03,115.22,,63.74,,,,67.0,67.0,,67.0,67.0,67.0,131.48,67.0,49.76,49.76,,,,,49.5,50.39,50.39,50.09,50.09,50.39,49.98,72.99,114.93,96.93,50.09,50.09,50.09,50.09,90.03,51.5,,,,,,
2019-01-16 22:00:00+01:00,,56.35,,48.92,39.4,55.36,,41.01,,39.91,46.4,46.4,46.4,71.59,46.4,55.47,62.26,,82.77,91.33,100.88,,58.96,,,,65.9,65.9,,67.57,65.9,65.9,89.48,65.9,46.4,46.4,,,,,48.08,49.66,49.66,49.14,49.14,49.66,46.61,71.59,100.63,88.95,46.4,46.4,46.4,46.4,91.33,45.28,,,,,,
2019-01-16 23:00:00+01:00,,37.06,,48.2,52.22,52.9,,33.9,,30.77,43.21,43.21,43.21,70.0,43.21,56.85,58.91,,76.96,70.06,76.08,,55.77,,,,61.37,61.12,,61.37,61.12,61.12,61.12,61.12,43.21,43.21,,,,,48.2,49.47,49.47,48.82,48.82,49.47,42.15,70.0,75.89,74.9,43.21,43.21,43.21,43.21,70.06,33.9,,,,,,
2019-01-17 00:00:00+01:00,,33.1,,48.6,56.27,54.86,,38.9,,26.35,31.44,31.44,46.22,67.36,46.22,59.34,61.02,,76.9,80.01,70.48,,60.0,,,,59.34,59.34,,59.34,59.0,59.34,59.0,59.34,46.22,46.22,,,,,48.6,49.83,49.83,48.18,48.18,49.83,41.68,67.36,70.38,74.7,46.22,46.22,46.22,46.22,80.01,38.9,,,,,,
2019-01-17 01:00:00+01:00,,31.53,,46.6,56.27,54.35,,32.65,,25.23,30.59,30.59,44.05,65.54,44.05,55.99,63.23,,75.92,66.9,63.14,,60.0,,,,58.08,58.08,,58.08,58.08,58.08,58.08,58.08,44.05,44.05,,,,,46.6,48.46,48.46,47.93,47.93,48.46,41.23,65.54,63.04,66.09,44.05,44.05,44.05,44.05,66.9,32.65,,,,,,
2019-01-17 02:00:00+01:00,,37.05,,46.9,56.27,54.43,,28.32,,22.77,36.54,36.54,43.9,58.9,43.9,54.53,59.99,,72.72,56.26,59.01,,56.92,,,,56.26,56.26,,56.26,56.26,56.26,56.26,56.26,43.9,43.9,,,,,46.9,48.45,48.45,47.86,47.86,48.45,39.8,58.9,58.91,58.95,43.9,43.9,43.9,43.9,56.26,28.32,,,,,,
2019-01-17 03:00:00+01:00,,37.13,,35.55,56.26,54.41,,28.9,,24.02,38.83,38.83,44.07,55.0,44.07,32.58,56.66,,72.76,56.26,58.01,,53.76,,,,56.26,56.26,,56.26,56.26,56.26,56.26,56.26,44.07,44.07,,,,,46.76,48.31,48.31,47.86,47.86,48.31,38.92,55.0,57.91,56.22,44.07,44.07,44.07,44.07,56.26,28.9,,,,,,
2019-01-17 04:00:00+01:00,,39.0,,38.76,56.28,52.3,,30.34,,25.63,46.99,46.99,48.25,52.2,48.25,33.97,55.48,,75.94,56.81,59.93,,52.63,,,,56.81,56.81,,56.81,56.81,56.81,56.81,56.81,48.25,48.25,,,,,46.94,48.5,48.5,48.25,48.25,48.5,39.58,52.2,61.78,56.93,48.25,48.25,48.25,48.25,56.81,30.34,,,,,,
2019-01-17 05:00:00+01:00,,39.02,,48.6,102.22,55.2,,39.23,,28.06,50.3,50.3,50.3,54.1,50.3,49.79,54.62,,76.95,72.08,65.05,,52.9,,,,59.15,59.15,,59.15,59.0,59.15,59.0,59.15,50.3,50.3,,,,,48.6,50.3,50.3,50.3,50.3,50.3,41.51,54.1,74.4,63.51,50.3,50.3,50.3,50.3,72.08,41.16,,,,,,
2019-01-17 06:00:00+01:00,,55.41,,55.14,145.5,56.83,,48.0,,35.38,52.74,52.74,52.74,60.02,52.74,56.37,57.99,,83.52,66.73,74.03,,59.1,,,,66.73,65.0,,66.73,65.0,65.0,65.0,65.0,52.74,52.74,,,,,54.58,52.74,52.74,52.74,52.74,52.74,48.61,60.02,130.02,90.71,52.74,52.74,52.74,52.74,66.73,50.0,,,,,,
2019-01-17 07:00:00+01:00,,51.28,,64.08,145.6,65.98,,51.2,,46.04,53.94,53.94,53.94,67.07,53.94,67.07,65.83,,83.51,81.72,127.52,,64.22,,,,68.05,68.05,,68.05,68.05,68.05,76.0,68.05,53.94,53.94,,,,,63.55,53.94,53.94,53.94,53.94,53.94,54.1,67.07,138.53,120.93,53.94,53.94,53.94,53.94,81.72,51.2,,,,,,
2019-01-17 08:00:00+01:00,,57.91,,72.55,146.21,71.69,,51.5,,49.96,54.42,54.42,54.42,68.17,54.42,68.17,66.93,,89.65,110.03,138.82,,71.09,,,,77.33,77.33,,77.33,77.33,77.33,93.38,77.33,54.42,54.42,,,,,68.66,54.42,54.42,54.42,54.42,54.42,54.57,68.17,138.52,131.01,54.42,54.42,54.42,54.42,110.03,51.5,,,,,,
2019-01-17 09:00:00+01:00,,57.93,,70.1,142.9,71.15,,51.94,,50.56,54.74,54.74,55.62,68.13,55.62,68.13,68.1,,83.55,88.91,137.89,,78.92,,,,82.0,74.0,,82.0,74.0,74.0,93.38,74.0,55.62,55.62,,,,,69.85,54.74,54.74,54.74,54.74,54.74,55.77,68.13,137.58,132.97,54.74,54.74,54.74,54.74,82.0,51.94,,,,,,
2019-01-17 10:00:00+01:00,,54.36,,74.41,132.89,71.02,,52.0,,46.1,54.8,54.8,55.0,68.07,55.0,68.07,67.24,,83.46,80.06,130.28,,131.33,,,,76.42,64.03,,76.42,64.03,64.03,93.38,64.03,55.0,55.0,,,,,64.9,54.8,54.8,54.8,54.8,54.8,55.14,68.07,129.97,131.02,54.8,54.8,54.8,54.8,76.42,52.0,,,,,,
2019-01-17 11:00:00+01:00,,57.97,,65.97,73.16,65.98,,50.58,,46.02,54.62,54.62,55.35,67.46,55.35,66.03,67.94,,82.71,80.07,128.34,,155.57,,,,74.99,62.41,,74.99,62.41,62.41,62.41,62.41,55.35,55.35,,,,,65.57,54.62,54.62,54.62,54.62,54.62,55.48,67.46,128.02,127.36,54.62,54.62,54.62,54.62,74.99,50.58,,,,,,
2019-01-17 12:00:00+01:00,,57.95,,59.61,72.63,64.1,,50.62,,43.94,54.43,54.43,56.14,67.16,56.14,65.82,64.63,,77.05,75.09,128.34,,155.57,,,,67.86,62.93,,67.86,55.45,62.93,55.45,55.45,56.14,56.14,,,,,59.0,54.43,54.43,54.43,54.43,54.43,56.27,67.16,128.01,118.05,54.43,54.43,54.43,54.43,73.1,50.62,,,,,,
2019-01-17 13:00:00+01:00,,57.93,,56.27,72.64,64.71,,51.29,,46.64,54.47,54.47,55.02,67.01,55.02,63.23,65.07,,80.54,80.05,120.93,,165.0,,,,67.86,61.0,,67.86,61.0,61.0,61.0,61.0,55.02,55.02,,,,,56.27,54.47,54.47,54.47,54.47,54.47,55.14,67.01,127.81,114.81,54.47,54.47,54.47,54.47,68.1,51.29,,,,,,
2019-01-17 14:00:00+01:00,,57.95,,56.93,129.99,62.83,,56.0,,55.0,55.0,55.0,56.68,65.18,56.68,61.71,63.51,,83.22,75.0,79.95,,155.57,,,,75.0,62.41,,75.0,62.41,62.41,62.41,62.41,56.68,56.68,,,,,56.81,55.0,55.0,55.0,55.0,55.0,56.81,65.18,127.8,105.08,55.0,55.0,55.0,55.0,75.0,56.0,,,,,,
2019-01-17 15:00:00+01:00,,57.98,,57.75,144.05,62.46,,58.0,,55.9,55.9,55.9,57.33,65.08,57.33,64.5,66.38,,83.47,77.33,80.03,,151.97,,,,77.33,67.46,,77.33,67.46,67.46,89.51,67.46,57.33,57.33,,,,,57.75,55.9,55.9,55.9,55.9,55.9,57.45,65.08,129.91,113.09,55.9,55.9,55.9,55.9,77.33,58.0,,,,,,
2019-01-17 16:00:00+01:00,,59.3,,59.32,146.58,63.13,,57.56,,57.43,57.43,57.43,59.53,66.26,59.53,65.39,67.3,,83.49,77.65,101.57,,151.97,,,,77.65,77.65,,77.65,77.65,77.65,96.42,77.65,59.53,59.53,,,,,59.32,57.43,57.43,55.09,55.09,57.43,59.65,66.26,138.42,127.45,55.09,55.09,57.43,57.43,77.65,101.57,,,,,,
2019-01-17 17:00:00+01:00,,61.34,,75.72,152.85,68.87,,60.44,,58.72,58.72,58.72,59.8,68.25,59.8,68.25,84.73,,104.31,80.71,94.69,,156.75,,,,80.71,80.71,,80.71,80.71,80.71,140.91,80.71,59.8,59.8,,,,,79.44,58.72,58.72,54.7,54.7,58.72,59.91,68.25,138.41,126.93,54.7,54.7,58.72,58.72,80.71,94.69,,,,,,
2019-01-17 18:00:00+01:00,,59.11,,58.44,145.54,72.87,,57.98,,55.06,55.06,55.06,58.06,72.09,58.06,72.09,102.03,,145.0,77.68,89.93,,180.0,,,,77.68,77.68,,77.68,77.68,77.68,146.91,77.68,58.06,58.06,,,,,56.88,55.06,55.06,54.49,54.49,55.06,58.17,71.45,138.39,124.63,54.49,54.49,55.06,55.06,77.68,59.15,,,,,,
2019-01-17 19:00:00+01:00,,58.37,,60.73,139.11,72.45,,56.0,,53.85,53.85,53.85,53.85,73.45,53.85,73.45,99.83,,104.48,77.65,88.01,,151.97,,,,77.65,77.65,,77.65,77.65,77.65,146.91,77.65,53.85,53.85,,,,,53.85,53.85,53.85,53.85,53.85,53.85,54.18,73.45,138.38,113.09,53.85,53.85,53.85,53.85,77.65,62.0,,,,,,
2019-01-17 20:00:00+01:00,,54.37,,53.26,139.45,71.0,,53.0,,49.52,53.05,53.05,53.05,70.84,53.05,70.84,87.8,,83.49,79.4,84.93,,89.41,,,,70.84,70.84,,70.84,70.84,70.84,140.91,70.84,53.05,53.05,,,,,50.0,53.05,53.05,53.05,53.05,53.05,53.14,70.84,126.87,96.91,53.05,53.05,53.05,53.05,79.4,54.95,,,,,,
2019-01-17 21:00:00+01:00,,47.43,,51.06,102.59,63.53,,50.0,,42.35,52.75,52.75,52.75,70.11,52.75,65.58,69.21,,83.32,65.58,72.47,,70.84,,,,65.58,65.58,,65.58,65.58,65.58,130.7,65.58,52.75,52.75,,,,,51.06,52.75,52.75,52.75,52.75,52.75,52.83,70.11,74.29,88.37,52.75,52.75,52.75,52.75,65.58,52.1,,,,,,
2019-01-17 22:00:00+01:00,,47.26,,47.4,102.53,62.94,,50.0,,42.44,51.19,51.19,51.19,68.74,51.19,64.97,66.9,,77.02,64.97,69.38,,64.58,,,,64.97,63.6,,64.97,63.6,63.6,89.51,63.6,51.19,51.19,,,,,47.4,51.19,51.19,51.19,51.19,51.19,51.26,68.74,69.14,79.96,51.19,51.19,51.19,51.19,64.97,50.0,,,,,,
2019-01-17 23:00:00+01:00,,57.98,,53.71,66.91,61.05,,40.9,,41.11,50.03,50.03,50.03,68.12,50.03,61.53,63.36,,75.81,61.53,66.21,,60.04,,,,61.53,61.12,,61.53,61.12,61.12,61.12,61.12,50.03,50.03,,,,,50.57,50.03,50.03,50.03,50.03,50.03,43.39,68.12,65.98,74.96,50.03,50.03,50.03,50.03,61.53,40.9,,,,,,
2019-01-18 00:00:00+01:00,,46.76,,65.0,56.25,60.82,,40.9,,42.26,51.16,51.16,47.31,68.1,51.16,60.15,61.81,,68.58,60.15,58.04,,58.69,,,,60.15,60.15,,60.15,60.15,60.15,60.15,60.15,47.31,47.31,,,,,53.9,51.16,51.16,51.16,50.92,51.16,47.34,68.1,57.84,68.85,51.16,51.16,51.16,51.16,60.15,45.9,,,,,,
2019-01-18 01:00:00+01:00,,44.89,,60.47,51.16,56.44,,45.3,,40.91,50.47,50.47,47.09,66.05,50.47,58.94,62.73,,72.68,58.94,48.3,,54.26,,,,58.94,58.94,,58.94,58.94,58.94,58.94,58.94,47.09,47.09,,,,,49.66,50.47,50.47,50.47,50.47,50.47,46.41,66.05,48.13,61.96,50.47,50.47,50.47,50.47,58.94,45.3,,,,,,
2019-01-18 02:00:00+01:00,,46.65,,53.49,51.17,54.64,,45.85,,43.77,50.12,50.12,47.09,61.87,50.12,56.99,61.84,,70.04,49.1,47.56,,48.13,,,,56.99,56.99,,56.99,56.99,56.99,56.99,56.99,47.09,47.09,,,,,48.52,50.12,50.12,50.12,50.12,50.12,45.89,61.87,47.39,58.17,50.12,50.12,50.12,50.12,49.1,45.85,,,,,,
2019-01-18 03:00:00+01:00,,47.06,,51.87,51.15,51.89,,45.0,,45.05,50.15,50.15,50.15,58.85,50.15,54.27,59.59,,68.74,47.06,47.57,,48.0,,,,55.0,55.0,,55.0,55.0,55.0,55.0,55.0,50.15,50.15,,,,,48.54,50.15,50.15,50.15,50.15,50.15,45.65,58.85,47.4,55.63,50.15,50.15,50.15,50.15,47.06,45.0,,,,,,
2019-01-18 04:00:00+01:00,,47.91,,48.07,56.25,50.24,,44.59,,47.89,50.65,50.65,50.65,58.07,50.65,48.0,57.41,,70.05,56.64,52.25,,48.0,,,,56.64,56.64,,56.64,56.64,56.64,56.64,56.64,50.65,50.65,,,,,48.5,50.65,50.65,50.65,50.65,50.65,45.62,58.07,52.06,55.36,50.65,50.65,50.65,50.65,56.64,44.59,,,,,,
2019-01-18 05:00:00+01:00,,55.74,,52.63,78.03,55.87,,47.92,,49.79,53.03,53.03,53.03,61.06,53.03,55.34,57.38,,75.31,79.82,67.82,,51.26,,,,60.0,60.0,,60.0,60.0,60.0,60.0,60.0,53.03,53.03,,,,,51.85,53.03,53.03,53.03,50.76,53.03,49.51,61.06,67.57,60.09,53.03,53.03,53.03,53.03,79.82,47.92,,,,,,
2019-01-18 06:00:00+01:00,,65.52,,60.84,85.38,65.58,,54.0,,54.77,54.77,55.94,62.82,66.31,62.82,66.31,65.01,,77.04,112.24,80.31,,59.67,,,,67.11,62.58,,67.11,62.58,62.58,62.58,62.58,62.82,62.82,,,,,59.26,55.94,55.94,51.27,51.27,55.94,56.98,66.31,80.02,80.02,55.94,55.94,55.94,55.94,112.24,56.0,,,,,,
2019-01-18 07:00:00+01:00,,73.08,,73.08,106.97,73.05,,71.8,,73.08,71.91,71.91,71.33,71.35,71.33,73.08,71.65,,83.58,119.99,107.99,,65.58,,,,76.46,73.81,,76.46,73.81,73.81,130.7,73.81,71.33,71.33,,,,,73.08,70.75,70.75,54.04,52.47,70.75,66.53,71.35,107.59,102.91,54.84,54.84,70.75,71.33,119.99,71.8,,,,,,
2019-01-18 08:00:00+01:00,,76.86,,76.86,106.99,77.03,,77.0,,76.86,75.02,75.02,75.02,71.94,75.02,76.86,78.96,,83.58,95.13,104.93,,73.22,,,,95.13,77.65,,95.13,77.65,77.65,140.91,77.65,75.02,75.02,,,,,76.86,75.02,75.02,54.88,54.69,75.02,69.94,71.94,104.54,107.9,54.88,54.88,75.02,75.02,95.13,77.0,,,,,,
2019-01-18 09:00:00+01:00,,74.45,,74.78,74.16,75.2,,76.0,,74.32,74.07,74.07,74.07,71.95,74.07,74.93,76.97,,83.56,92.59,99.17,,74.89,,,,92.59,77.0,,92.59,77.0,77.0,130.7,77.0,74.07,74.07,,,,,74.4,74.07,74.07,55.27,55.27,74.07,74.12,71.95,98.79,106.79,55.27,55.27,74.07,74.07,92.59,76.0,,,,,,
2019-01-18 10:00:00+01:00,,70.98,,73.0,73.66,73.94,,74.95,,70.51,70.51,70.51,70.51,72.01,70.51,72.01,76.97,,83.42,83.07,89.95,,77.81,,,,83.07,62.58,,83.07,62.58,62.58,93.38,62.58,70.51,70.51,,,,,74.4,70.51,70.51,55.3,55.3,70.51,70.56,72.01,89.61,110.02,55.3,55.3,70.51,70.51,83.07,74.95,,,,,,
2019-01-18 11:00:00+01:00,,69.44,,72.32,73.15,71.94,,72.97,,69.02,69.02,69.02,69.02,71.2,69.02,71.2,73.74,,78.01,83.06,91.07,,76.0,,,,77.33,61.12,,77.33,61.12,61.12,61.12,61.12,69.02,69.02,,,,,71.28,69.02,69.02,55.22,54.24,69.02,69.07,71.2,90.72,115.67,55.22,55.22,69.02,69.02,83.06,72.97,,,,,,
2019-01-18 12:00:00+01:00,,69.15,,69.43,72.63,68.88,,70.69,,68.94,67.29,67.29,67.29,69.74,67.29,69.74,71.64,,76.8,105.09,91.05,,74.9,,,,69.74,61.0,,69.74,61.0,61.0,61.0,61.0,67.29,67.29,,,,,69.25,67.29,67.29,55.03,52.35,67.29,67.34,69.74,90.7,120.0,55.03,55.03,67.29,67.29,105.09,70.69,,,,,,
2019-01-18 13:00:00+01:00,,66.08,,67.83,72.64,68.0,,69.41,,65.27,63.18,63.71,64.64,68.6,64.64,68.6,70.47,,76.87,99.93,87.93,,73.67,,,,68.6,60.15,,68.6,60.15,60.15,60.15,60.15,64.64,64.64,,,,,65.27,63.18,63.18,55.24,51.97,63.18,64.69,68.6,87.59,110.67,55.24,55.24,63.18,63.71,99.93,87.93,,,,,,
2019-01-18 14:00:00+01:00,,67.44,,67.44,73.14,68.89,,69.94,,67.44,60.38,65.83,65.83,67.44,65.83,67.44,69.27,,82.31,80.02,85.02,,72.43,,,,68.43,61.12,,68.43,61.12,61.12,61.12,61.12,65.83,65.83,,,,,67.44,60.38,60.38,54.89,51.95,60.38,65.88,67.44,84.68,108.07,54.89,54.89,60.38,65.83,80.02,69.94,,,,,,
2019-01-18 15:00:00+01:00,,68.14,,68.14,73.14,70.14,,71.51,,68.14,59.38,66.5,66.7,68.14,66.7,68.14,69.98,,83.55,83.03,87.76,,73.18,,,,73.3,62.58,,73.3,62.58,62.58,92.54,62.58,66.7,66.7,,,,,68.14,59.38,59.38,54.79,51.92,59.38,66.76,68.14,87.41,103.16,54.79,54.79,59.38,66.5,83.03,72.5,,,,,,
2019-01-18 16:00:00+01:00,,69.0,,69.0,73.15,72.59,,73.8,,69.0,66.79,67.34,68.2,69.0,68.2,69.0,70.87,,83.55,93.03,105.02,,76.0,,,,75.88,75.88,,75.88,75.88,75.88,130.7,75.88,68.2,68.2,,,,,69.0,66.79,66.79,54.76,51.73,66.79,68.25,69.0,104.59,113.02,54.76,54.76,66.79,67.34,93.03,105.02,,,,,,
2019-01-18 17:00:00+01:00,,75.04,,75.04,115.07,78.11,,80.72,,75.04,73.24,73.24,73.24,70.11,73.24,75.04,77.07,,83.58,112.4,108.01,,86.0,,,,81.05,78.21,,81.05,78.21,78.21,146.91,78.21,73.24,73.24,,,,,75.04,73.24,73.24,54.54,51.51,73.24,73.3,70.11,107.57,113.51,54.54,54.54,73.24,73.24,112.4,80.72,,,,,,
2019-01-18 18:00:00+01:00,,76.13,,76.13,107.81,79.01,,79.83,,76.13,73.7,73.7,73.7,70.74,73.7,76.13,81.66,,83.59,105.08,99.83,,118.7,,,,78.21,78.21,,78.21,78.21,78.21,146.91,78.21,73.7,73.7,,,,,76.13,73.7,73.7,54.81,51.65,73.7,73.75,70.74,99.43,103.06,54.81,54.81,73.7,73.7,105.08,79.83,,,,,,
2019-01-18 19:00:00+01:00,,72.92,,72.46,85.75,73.02,,73.04,,72.46,60.48,60.48,60.48,71.69,60.48,74.43,76.43,,83.56,77.68,84.43,,110.33,,,,77.68,77.68,,77.68,77.68,77.68,146.91,77.68,60.48,60.48,,,,,72.46,60.48,60.48,54.87,51.64,60.48,65.41,71.69,84.08,95.02,57.23,57.23,60.48,60.48,77.68,73.04,,,,,,
2019-01-18 20:00:00+01:00,,63.93,,61.83,71.63,68.8,,69.06,,61.83,57.96,57.96,57.96,70.74,57.96,70.74,74.04,,83.53,90.08,78.08,,88.0,,,,70.74,70.74,,70.74,70.74,70.74,146.91,70.74,57.96,57.96,,,,,61.83,57.96,57.96,57.96,51.58,57.96,63.14,70.74,77.76,89.3,57.96,57.96,57.96,57.96,90.08,69.06,,,,,,
2019-01-18 21:00:00+01:00,,60.52,,58.19,55.28,65.57,,61.7,,59.24,56.33,56.33,56.33,69.69,56.33,64.7,66.45,,77.13,83.9,71.9,,69.26,,,,67.11,67.11,,67.11,67.11,67.11,146.91,67.11,56.33,56.33,,,,,58.19,56.33,56.33,56.33,51.19,56.33,56.37,69.69,71.6,76.95,56.33,56.33,56.33,56.33,83.9,61.7,,,,,,
2019-01-18 22:00:00+01:00,,58.6,,56.7,54.34,65.32,,56.13,,56.7,55.34,55.34,55.34,68.5,55.34,65.19,66.94,,75.94,81.07,69.07,,68.35,,,,65.19,65.19,,65.19,65.19,65.19,130.7,65.19,55.34,55.34,,,,,56.7,55.34,55.34,55.34,50.9,55.34,58.22,68.5,68.78,76.97,55.34,55.34,55.34,55.34,81.07,56.13,,,,,,
2019-01-18 23:00:00+01:00,,55.35,,53.16,56.25,63.44,,50.7,,53.16,53.16,53.16,53.16,68.36,53.16,63.06,64.75,,68.73,63.06,61.65,,68.16,,,,63.06,62.41,,63.06,62.41,62.41,88.0,62.41,53.16,53.16,,,,,53.16,53.16,53.16,53.16,50.71,53.16,53.2,68.36,61.38,75.93,53.16,53.16,53.16,53.16,63.06,50.7,,,,,,
2019-01-19 00:00:00+01:00,,65.0,,59.36,56.02,64.69,,50.7,,52.47,52.47,53.76,53.76,70.16,53.76,64.5,65.96,,72.68,65.0,63.98,,69.72,,,,65.0,65.0,,65.0,65.0,65.0,65.0,65.0,53.76,53.76,,,,,57.78,53.76,53.76,53.76,50.69,53.76,52.28,70.16,63.79,63.15,53.76,53.76,53.76,53.76,65.0,50.7,,,,,,
2019-01-19 01:00:00+01:00,,62.41,,58.22,45.63,61.58,,50.01,,53.18,53.18,53.18,53.18,68.4,53.18,61.76,63.15,,72.72,62.41,53.19,,69.72,,,,62.41,62.41,,62.41,62.41,62.41,62.41,62.41,53.18,53.18,,,,,57.32,53.18,53.18,53.18,50.61,53.18,49.93,68.4,53.03,58.8,53.18,53.18,53.18,53.18,62.41,50.01,,,,,,
2019-01-19 02:00:00+01:00,,55.74,,55.28,43.5,58.06,,52.0,,54.73,54.73,53.41,53.41,64.11,53.41,55.66,61.2,,72.54,55.74,52.0,,64.27,,,,61.11,61.11,,61.11,61.11,61.11,61.11,61.11,53.41,53.41,,,,,55.18,53.41,53.41,53.41,50.56,53.41,50.66,64.11,51.84,54.29,53.41,53.41,53.41,53.41,55.74,52.0,,,,,,
2019-01-19 03:00:00+01:00,,59.56,,55.88,43.48,54.51,,51.5,,51.15,51.15,52.46,52.46,59.2,52.46,59.2,60.53,,70.01,59.56,51.5,,63.58,,,,60.71,60.71,,60.71,60.71,60.71,60.71,60.71,52.46,52.46,,,,,55.0,52.46,52.46,52.46,50.53,52.46,50.88,59.2,51.34,54.32,52.46,52.46,52.46,52.46,59.56,51.5,,,,,,
2019-01-19 04:00:00+01:00,,55.81,,54.22,43.47,53.03,,51.68,,52.25,52.25,52.25,52.25,55.55,52.25,55.55,58.28,,70.01,55.81,51.68,,61.22,,,,60.37,60.37,,60.37,60.37,60.37,60.37,60.37,52.25,52.25,,,,,53.88,52.25,52.25,52.25,50.55,52.25,50.84,55.55,51.51,53.41,52.25,52.25,52.25,52.25,55.81,51.68,,,,,,
2019-01-19 05:00:00+01:00,,56.06,,54.31,43.5,53.94,,51.5,,50.93,51.99,51.99,51.99,56.6,51.99,56.6,57.87,,72.81,56.06,53.1,,60.78,,,,60.92,60.92,,60.92,60.92,60.92,60.92,60.92,51.99,51.99,,,,,53.71,51.99,51.99,51.99,50.65,51.99,51.7,56.6,52.93,55.11,51.99,51.99,51.99,51.99,56.06,51.5,,,,,,
2019-01-19 06:00:00+01:00,,57.17,,54.39,51.34,57.09,,53.5,,49.04,51.72,51.72,51.72,57.96,51.72,57.96,59.26,,70.97,63.58,66.3,,62.25,,,,63.58,63.58,,63.58,63.58,63.58,63.58,63.58,51.72,51.72,,,,,53.43,51.72,51.72,51.72,50.74,51.72,50.82,57.96,66.09,65.88,51.72,51.72,51.72,51.72,63.58,53.5,,,,,,
2019-01-19 07:00:00+01:00,,62.01,,57.81,59.78,62.64,,55.12,,50.56,50.56,52.75,52.75,62.84,52.75,62.84,64.24,,76.99,67.62,74.28,,66.24,,,,67.62,67.62,,67.62,67.62,67.62,73.06,67.62,52.75,52.75,,,,,56.49,52.75,52.75,52.75,50.94,52.75,52.9,62.84,74.04,73.96,52.75,52.75,52.75,52.75,67.62,55.12,,,,,,
2019-01-19 08:00:00+01:00,,64.88,,61.52,63.29,66.26,,59.2,,55.71,55.71,54.65,54.65,65.48,54.65,65.48,65.68,,77.06,73.34,80.0,,68.99,,,,73.34,73.34,,73.34,73.34,73.34,130.7,73.34,54.65,54.65,,,,,60.46,54.65,54.65,54.65,51.09,54.65,54.81,65.48,79.74,81.49,54.65,54.65,54.65,54.65,73.34,59.2,,,,,,
2019-01-19 09:00:00+01:00,,68.58,,63.76,59.09,67.83,,61.5,,56.62,56.62,56.62,56.62,68.71,56.62,68.71,70.24,,82.82,80.09,86.81,,72.37,,,,77.0,77.0,,77.0,77.0,77.0,130.7,77.0,56.62,56.62,,,,,62.48,56.62,56.62,56.62,51.23,56.62,56.78,68.71,86.52,82.73,56.62,56.62,56.62,56.62,77.0,64.63,,,,,,
2019-01-19 10:00:00+01:00,,64.2,,62.49,55.93,67.11,,61.97,,63.13,60.07,60.12,58.94,68.5,58.94,68.5,70.03,,77.26,122.16,92.06,,74.99,,,,71.92,71.92,,71.92,71.92,71.92,71.92,71.92,60.12,60.12,,,,,62.49,58.94,58.94,58.94,51.35,58.94,60.29,68.5,91.75,83.99,58.94,58.94,58.94,60.12,71.92,65.41,,,,,,
2019-01-19 11:00:00+01:00,,59.5,,57.33,39.38,66.72,,61.0,,57.33,57.04,57.04,57.04,68.25,57.04,68.25,77.09,,77.25,115.09,91.1,,80.98,,,,68.25,68.25,,68.25,68.25,68.25,68.25,68.25,57.04,57.04,,,,,57.33,57.04,57.04,57.04,51.62,57.04,65.61,68.25,90.8,85.42,57.04,57.04,57.04,57.04,68.25,67.0,,,,,,
2019-01-19 12:00:00+01:00,,57.59,,55.26,38.34,65.7,,59.5,,55.26,55.26,55.26,55.26,66.95,55.26,66.95,83.89,,76.84,115.1,93.65,,89.0,,,,66.95,66.95,,66.95,66.95,66.95,66.95,66.95,55.26,55.26,,,,,55.26,55.26,55.26,55.26,51.62,55.26,64.36,66.95,93.33,87.94,55.26,55.26,55.26,55.26,68.3,67.0,,,,,,
2019-01-19 13:00:00+01:00,,61.99,,55.69,41.0,64.09,,57.89,,54.38,54.38,54.38,54.38,64.2,54.38,64.2,85.02,,76.31,70.58,83.94,,89.32,,,,64.2,64.2,,64.2,64.2,64.2,64.2,64.2,54.38,54.38,,,,,55.43,54.38,54.38,54.38,51.65,54.38,64.32,64.2,83.65,80.06,54.38,54.38,54.38,54.38,64.2,64.18,,,,,,
2019-01-19 14:00:00+01:00,,64.58,,59.28,73.03,63.57,,55.57,,52.55,52.55,53.84,53.84,63.93,53.84,63.93,84.91,,76.98,69.42,85.95,,89.22,,,,63.93,63.93,,63.93,63.93,63.93,63.93,63.93,53.84,53.84,,,,,58.08,53.84,53.84,53.84,51.67,53.84,57.37,63.93,85.64,80.06,53.84,53.84,53.84,53.84,64.58,62.83,,,,,,
2019-01-19 15:00:00+01:00,,61.28,,59.16,73.15,62.39,,58.67,,55.41,55.41,55.41,55.41,61.73,55.41,61.73,71.9,,77.25,80.04,89.64,,75.54,,,,63.72,63.72,,63.72,63.72,63.72,64.3,63.72,55.41,55.41,,,,,58.48,55.41,55.41,55.41,51.45,55.41,56.23,61.73,89.32,80.07,55.41,55.41,55.41,55.41,63.72,61.1,,,,,,
2019-01-19 16:00:00+01:00,,62.93,,62.93,73.05,62.97,,62.9,,62.93,60.78,61.42,59.89,62.93,59.89,62.93,67.44,,82.92,90.08,99.92,,75.0,,,,68.15,68.15,,68.15,68.15,68.15,92.57,68.15,64.73,64.73,,,,,62.93,59.49,59.49,59.49,51.43,59.49,67.24,62.93,127.5,94.52,59.49,59.49,59.49,61.42,68.15,67.19,,,,,,
2019-01-19 17:00:00+01:00,,67.15,,67.15,73.13,67.83,,68.42,,67.15,63.96,64.74,63.96,66.4,63.96,67.15,87.06,,82.96,126.03,104.94,,91.47,,,,76.85,76.85,,76.85,76.85,76.85,140.91,76.85,64.74,64.74,,,,,67.15,63.96,63.96,63.96,51.4,63.96,64.93,66.4,138.12,100.21,63.96,63.96,63.96,64.74,76.85,73.3,,,,,,
2019-01-19 18:00:00+01:00,,68.91,,68.91,72.43,68.7,,69.35,,68.91,62.72,62.72,60.99,68.71,60.99,68.91,107.69,,82.93,126.02,100.05,,120.36,,,,77.68,77.68,,77.68,77.68,77.68,146.91,77.68,62.72,62.72,,,,,68.91,60.99,60.99,60.99,51.37,60.99,62.9,68.71,138.12,94.92,60.99,60.99,60.99,62.72,77.68,69.57,,,,,,
2019-01-19 19:00:00+01:00,,69.04,,64.79,65.59,67.94,,64.13,,57.37,57.37,57.37,57.04,70.0,57.04,70.0,102.0,,82.95,126.0,95.01,,119.2,,,,77.68,77.68,,77.68,77.68,77.68,146.91,77.68,57.04,57.04,,,,,63.42,57.04,57.04,57.04,51.34,57.04,60.94,70.0,117.07,88.06,57.04,57.04,57.04,57.04,77.68,65.34,,,,,,
2019-01-19 20:00:00+01:00,,68.0,,62.04,70.58,66.41,,58.5,,54.61,54.61,54.61,54.61,67.56,54.61,67.56,86.06,,77.24,70.0,86.1,,91.73,,,,70.0,70.0,,70.0,70.0,70.0,146.91,70.0,54.61,54.61,,,,,60.22,54.61,54.61,54.61,51.45,54.61,57.3,67.56,85.78,82.4,54.61,54.61,54.61,54.61,70.0,61.63,,,,,,
2019-01-19 21:00:00+01:00,,66.04,,59.84,61.87,59.69,,54.2,,52.32,52.32,53.6,53.6,66.42,53.6,65.02,77.07,,75.94,67.0,79.67,,80.98,,,,67.0,67.0,,67.0,67.0,67.0,140.91,67.0,53.6,53.6,,,,,58.53,53.6,53.6,53.6,51.21,53.6,53.76,66.42,79.37,80.09,53.6,53.6,53.6,53.6,67.0,56.48,,,,,,
2019-01-19 22:00:00+01:00,,64.96,,60.08,61.38,62.9,,53.0,,51.53,52.03,52.8,52.8,66.02,52.8,66.02,69.47,,71.85,66.02,74.43,,73.0,,,,66.02,66.02,,66.02,66.02,66.02,110.0,66.02,52.8,52.8,,,,,58.52,52.8,52.8,52.8,51.01,52.8,52.96,66.02,74.15,78.92,52.8,52.8,52.8,52.8,66.02,53.0,,,,,,
2019-01-19 23:00:00+01:00,,62.57,,57.96,55.99,61.95,,51.0,,49.8,50.75,50.75,50.75,63.5,50.75,63.5,68.56,,76.95,62.57,66.14,,72.05,,,,62.57,62.57,,62.57,62.57,62.57,92.57,62.57,50.75,50.75,,,,,56.46,52.3,52.3,50.75,50.75,52.3,50.9,63.5,65.88,71.46,50.75,50.75,50.75,50.75,62.57,51.0,,,,,,
2019-01-20 00:00:00+01:00,,65.35,,58.49,51.12,62.3,,52.17,,47.74,51.0,51.0,51.0,66.69,51.0,66.69,72.53,,77.02,66.69,54.95,,75.87,,,,66.69,66.69,,66.69,66.69,66.69,66.69,66.69,51.0,51.0,,,,,56.0,52.52,52.52,51.0,51.0,52.52,51.33,66.69,54.84,63.3,51.0,51.0,51.0,51.0,66.69,52.17,,,,,,
2019-01-20 01:00:00+01:00,,61.8,,56.25,44.85,57.7,,50.5,,47.01,49.73,49.73,49.73,63.41,49.73,63.41,69.49,,76.85,63.41,50.94,,70.97,,,,63.41,63.41,,63.41,63.41,63.41,63.41,63.41,49.73,49.73,,,,,54.1,52.31,52.31,49.73,49.73,52.31,50.04,63.41,50.83,58.04,49.73,49.73,49.73,49.73,63.41,50.5,,,,,,
2019-01-20 02:00:00+01:00,,58.89,,55.37,41.31,56.88,,51.17,,48.8,50.0,50.0,50.0,60.44,50.0,60.44,66.91,,74.88,60.44,51.17,,68.43,,,,60.44,60.44,,60.44,60.44,60.44,60.44,60.44,50.0,50.0,,,,,53.83,52.02,52.02,50.0,50.0,52.02,49.37,60.44,51.06,55.25,50.0,50.0,50.0,50.0,60.44,51.17,,,,,,
2019-01-20 03:00:00+01:00,,53.81,,52.11,39.4,52.93,,49.37,,48.9,50.11,50.11,50.11,54.6,50.11,54.6,64.5,,74.81,58.59,49.37,,65.79,,,,58.59,58.59,,58.59,58.59,58.59,58.59,58.59,50.11,50.11,,,,,51.35,50.99,50.99,50.11,50.11,50.99,48.64,54.6,49.27,50.9,50.11,50.11,50.11,50.11,58.59,49.37,,,,,,
2019-01-20 04:00:00+01:00,,51.27,,50.7,39.41,51.72,,49.65,,49.63,50.85,50.85,50.85,51.52,50.85,51.52,62.29,,74.8,58.6,49.65,,60.65,,,,58.6,58.6,,58.6,58.6,58.6,58.6,58.6,50.85,50.85,,,,,50.45,50.95,50.95,50.85,50.85,50.95,48.9,51.52,49.54,49.05,50.85,50.85,50.85,50.85,58.6,49.65,,,,,,
2019-01-20 05:00:00+01:00,,51.41,,50.76,43.11,51.72,,50.0,,49.53,51.11,51.11,51.11,51.71,51.11,51.71,59.64,,74.85,59.01,50.0,,57.5,,,,59.01,59.01,,59.01,59.01,59.01,59.01,59.01,51.11,51.11,,,,,50.47,51.11,51.11,51.11,50.96,51.11,50.18,51.71,49.89,50.92,51.11,51.11,51.11,51.11,59.01,50.0,,,,,,
2019-01-20 06:00:00+01:00,,50.97,,49.68,43.09,53.41,,49.69,,46.69,50.99,50.99,50.99,51.98,50.99,51.98,57.31,,70.04,50.97,49.69,,54.48,,,,59.6,59.6,,59.6,59.6,59.6,59.6,59.6,50.99,50.99,,,,,48.96,50.99,50.99,50.99,50.99,50.99,45.63,51.98,49.58,59.2,50.99,50.99,50.99,50.99,50.97,49.69,,,,,,
2019-01-20 07:00:00+01:00,,54.09,,51.25,40.61,54.93,,51.07,,46.76,51.83,51.83,51.83,54.72,51.83,54.72,58.17,,74.43,55.45,51.91,,55.3,,,,61.94,61.94,,61.94,61.94,61.94,61.94,61.94,51.83,51.83,,,,,50.17,51.83,51.83,51.83,50.94,51.83,46.73,54.72,51.8,63.09,51.83,51.83,51.83,51.83,55.45,51.07,,,,,,
2019-01-20 08:00:00+01:00,,54.3,,52.89,39.35,59.04,,54.1,,50.88,52.14,52.14,52.14,54.47,52.14,54.47,55.9,,77.01,63.22,54.1,,53.15,,,,63.22,63.22,,63.22,63.22,63.22,63.22,63.22,52.14,52.14,,,,,52.41,52.14,52.14,52.14,51.09,52.14,50.0,54.47,53.97,74.97,52.14,52.14,52.14,52.14,63.22,54.1,,,,,,
2019-01-20 09:00:00+01:00,,61.95,,58.3,39.39,62.91,,56.6,,52.38,53.68,53.68,53.68,62.91,53.68,62.91,64.57,,76.56,64.02,58.98,,57.55,,,,64.02,64.02,,64.02,64.02,64.02,64.02,64.02,53.68,53.68,,,,,56.9,53.68,53.68,53.68,51.23,53.68,54.02,62.91,58.84,76.97,53.68,53.68,53.68,53.68,64.02,56.6,,,,,,
2019-01-20 10:00:00+01:00,,64.96,,59.15,45.5,64.05,,56.0,,50.07,54.48,54.48,54.48,66.3,54.48,66.3,68.04,,76.77,66.3,62.56,,63.1,,,,66.3,66.3,,66.3,66.3,66.3,66.3,66.3,54.48,54.48,,,,,57.0,54.48,54.48,54.48,51.29,54.48,54.83,66.3,62.41,79.95,54.48,54.48,54.48,54.48,66.3,56.0,,,,,,
2019-01-20 11:00:00+01:00,,65.25,,58.72,39.4,64.21,,55.5,,49.33,54.7,54.7,54.7,66.15,54.7,66.15,67.89,,76.78,66.15,63.23,,64.5,,,,66.15,66.15,,66.15,66.15,66.15,66.15,66.15,54.7,54.7,,,,,56.51,54.7,54.7,54.7,51.35,54.7,55.05,66.15,63.07,78.92,54.7,54.7,54.7,54.7,66.15,57.26,,,,,,
2019-01-20 12:00:00+01:00,,65.5,,58.01,39.42,64.06,,55.23,,48.98,54.17,54.17,54.17,65.12,54.17,65.12,68.99,,75.88,65.5,62.37,,65.6,,,,65.12,65.12,,65.12,65.12,65.12,65.12,65.12,54.17,54.17,,,,,55.96,54.17,54.17,54.17,51.39,54.17,54.52,65.12,62.21,78.9,54.17,54.17,54.17,54.17,65.5,57.31,,,,,,
2019-01-20 13:00:00+01:00,,62.78,,55.82,58.51,60.84,,54.0,,47.4,53.71,53.71,53.71,62.41,53.71,62.41,73.63,,70.68,62.78,58.1,,69.43,,,,62.41,62.41,,62.41,62.41,62.41,62.41,62.41,53.71,53.71,,,,,53.9,53.71,53.71,53.71,51.48,53.71,54.05,62.41,57.95,70.0,53.71,53.71,53.71,53.71,62.78,54.0,,,,,,
2019-01-20 14:00:00+01:00,,58.74,,56.23,58.48,57.91,,54.93,,53.2,53.2,54.04,54.04,58.57,54.04,58.57,72.5,,74.75,60.92,57.47,,69.43,,,,60.92,60.92,,60.92,60.92,60.92,60.92,60.92,54.04,54.04,,,,,55.54,54.04,54.04,54.04,51.55,54.04,54.39,58.57,57.32,70.02,54.04,54.04,54.04,54.04,60.92,54.93,,,,,,
2019-01-20 15:00:00+01:00,,55.39,,55.39,66.52,57.23,,55.63,,55.39,55.39,55.39,55.39,55.39,55.39,55.39,67.01,,76.74,62.41,61.1,,64.64,,,,62.41,62.41,,62.41,62.41,62.41,62.41,62.41,55.39,55.39,,,,,55.39,55.39,55.39,55.39,51.62,55.39,55.75,55.39,60.94,72.02,55.39,55.39,55.39,55.39,62.41,55.63,,,,,,
2019-01-20 16:00:00+01:00,,58.02,,58.02,73.04,60.01,,58.98,,58.02,58.02,58.02,58.02,58.02,58.02,58.02,62.3,,80.58,64.46,70.04,,64.3,,,,64.46,64.46,,64.46,64.46,64.46,68.3,64.46,58.02,58.02,,,,,58.02,58.02,58.02,58.02,51.64,58.02,58.39,58.02,69.86,88.6,58.02,58.02,58.02,58.02,64.46,58.98,,,,,,
2019-01-20 17:00:00+01:00,,66.68,,66.68,75.19,67.13,,68.0,,66.68,65.93,65.93,65.08,66.68,65.08,66.68,82.57,,82.95,70.93,88.53,,79.0,,,,70.93,70.93,,70.93,70.93,70.93,93.42,70.93,65.08,65.08,,,,,66.68,65.08,65.08,57.99,51.62,65.08,65.5,66.68,88.3,101.99,65.08,65.08,65.08,65.08,70.93,68.0,,,,,,
2019-01-20 18:00:00+01:00,,69.43,,69.43,73.53,69.93,,70.8,,69.43,67.77,67.77,67.77,69.0,67.77,69.43,97.41,,82.95,77.0,90.07,,101.95,,,,77.0,77.0,,77.0,77.0,77.0,125.6,77.0,67.77,67.77,,,,,69.43,67.77,67.77,57.43,51.59,67.77,68.21,69.0,89.83,96.93,67.77,67.77,67.77,67.77,77.0,70.8,,,,,,
2019-01-20 19:00:00+01:00,,70.1,,69.95,68.96,69.59,,69.5,,69.75,63.62,63.62,63.62,70.11,63.62,70.11,86.99,,82.97,77.65,80.04,,91.04,,,,77.65,77.65,,77.65,77.65,77.65,130.7,77.65,63.62,63.62,,,,,69.91,63.62,63.62,63.62,51.57,63.62,64.04,70.11,79.83,93.3,63.62,63.62,63.62,63.62,77.65,69.5,,,,,,
2019-01-20 20:00:00+01:00,,69.91,,69.06,68.83,67.73,,65.0,,67.83,59.82,59.82,59.82,70.01,59.82,70.01,82.59,,82.94,75.0,80.07,,86.44,,,,75.0,75.0,,75.0,75.0,75.0,138.6,75.0,59.82,59.82,,,,,68.78,59.82,59.82,59.82,51.58,59.82,60.21,70.01,79.85,88.84,59.82,59.82,59.82,59.82,75.0,65.0,,,,,,
2019-01-20 21:00:00+01:00,,65.99,,62.29,60.03,62.55,,61.0,,57.37,57.37,57.37,57.37,69.08,57.37,66.1,69.09,,82.74,71.29,72.17,,72.31,,,,71.29,71.29,,71.29,71.29,71.29,93.42,71.29,57.37,57.37,,,,,61.16,57.37,57.37,57.37,51.6,57.37,57.74,69.08,71.97,80.94,57.37,57.37,57.37,57.37,71.29,61.0,,,,,,
2019-01-20 22:00:00+01:00,,65.92,,63.07,57.31,63.78,,60.0,,59.56,59.56,57.01,57.01,68.21,57.01,65.8,67.95,,77.04,67.1,65.92,,70.97,,,,67.1,67.1,,67.1,67.1,67.1,91.6,67.1,57.01,57.01,,,,,62.26,57.01,57.01,57.01,51.45,57.01,57.38,68.21,65.74,76.05,57.01,57.01,57.01,57.01,67.1,60.0,,,,,,
2019-01-20 23:00:00+01:00,,62.55,,59.13,51.93,62.01,,54.0,,52.07,52.07,54.62,54.62,64.5,54.62,64.5,66.17,,70.02,64.5,57.26,,69.43,,,,64.5,64.5,,64.5,64.5,64.5,64.5,64.5,54.62,54.62,,,,,57.47,54.62,54.62,54.62,51.3,54.62,54.97,64.5,57.1,67.93,54.62,54.62,54.62,54.62,64.5,54.0,,,,,,
2019-01-21 00:00:00+01:00,,55.54,,55.54,40.94,58.04,,53.0,,55.54,55.54,54.94,54.94,55.54,54.94,55.54,57.38,,72.84,59.0,58.86,,68.77,,,,59.0,59.0,,59.0,59.0,59.0,59.0,59.0,54.94,54.94,,,,,55.54,54.94,54.94,54.94,51.96,54.94,55.3,55.54,58.69,65.08,54.94,54.94,54.94,54.94,59.0,53.0,,,,,,
2019-01-21 01:00:00+01:00,,53.02,,53.02,40.94,56.79,,52.0,,53.02,53.02,53.1,53.1,53.02,53.1,53.02,57.53,,72.88,57.21,52.9,,68.77,,,,57.21,57.21,,57.21,57.21,57.21,57.21,57.21,53.1,53.1,,,,,53.02,53.1,53.1,53.1,51.87,53.1,53.45,53.02,52.74,59.97,53.1,53.1,53.1,53.1,57.21,52.0,,,,,,
2019-01-21 02:00:00+01:00,,52.1,,52.1,40.93,56.03,,52.0,,52.1,52.1,52.1,52.1,52.1,52.1,52.1,63.42,,72.92,54.83,53.42,,67.77,,,,54.83,54.83,,54.83,54.83,54.83,54.83,54.83,52.1,52.1,,,,,52.1,52.1,52.1,52.1,51.81,52.1,52.45,52.1,53.25,62.04,52.1,52.1,52.1,52.1,54.83,52.0,,,,,,
2019-01-21 03:00:00+01:00,,51.31,,51.31,40.92,54.97,,51.0,,51.31,51.31,51.83,51.83,51.31,51.83,51.31,57.24,,72.93,53.76,51.0,,63.29,,,,54.48,54.48,,54.48,54.48,54.48,54.48,54.48,51.83,51.83,,,,,51.31,51.83,51.83,51.83,51.8,51.83,52.18,51.31,50.83,59.1,51.83,51.83,51.83,51.83,53.76,51.0,,,,,,
2019-01-21 04:00:00+01:00,,51.14,,51.14,45.15,54.61,,51.29,,51.14,51.14,52.71,52.71,51.14,52.71,51.14,56.73,,72.92,54.83,51.29,,59.36,,,,54.83,54.83,,54.83,54.83,54.83,54.83,54.83,52.71,52.71,,,,,51.14,52.71,52.71,52.71,51.87,52.71,53.07,51.14,51.11,55.12,52.71,52.71,52.71,52.71,54.83,51.29,,,,,,
2019-01-21 05:00:00+01:00,,53.23,,53.23,52.11,57.48,,55.0,,53.23,53.23,55.05,55.05,53.23,55.05,53.23,56.32,,72.68,59.25,62.03,,58.92,,,,59.25,59.25,,59.25,59.0,59.25,59.0,59.25,55.05,55.05,,,,,53.23,55.05,55.05,55.05,51.98,55.05,55.43,53.23,62.34,60.93,55.05,55.05,55.05,55.05,59.25,55.0,,,,,,
2019-01-21 06:00:00+01:00,,67.16,,67.16,73.8,68.83,,74.1,,67.16,65.33,65.33,65.33,64.45,65.33,67.16,65.81,,76.75,70.06,80.01,,65.79,,,,70.06,70.06,,70.06,70.06,70.06,70.06,70.06,65.33,65.33,,,,,67.16,61.93,61.93,52.56,52.16,61.93,65.79,64.45,79.71,80.02,65.33,65.33,65.33,65.33,70.06,74.1,,,,,,
2019-01-21 07:00:00+01:00,,79.62,,79.62,73.81,80.67,,88.02,,79.62,77.08,77.71,77.71,68.87,77.71,79.62,78.03,,82.96,79.62,89.91,,70.97,,,,77.81,77.81,,79.62,77.81,77.81,77.81,77.81,77.71,77.71,,,,,79.62,77.71,77.08,55.64,52.42,77.08,74.93,68.87,89.55,94.67,77.71,77.71,77.71,77.71,79.62,88.02,,,,,,
2019-01-21 08:00:00+01:00,,88.06,,88.06,74.1,88.18,,95.0,,88.06,85.24,85.95,85.95,70.75,85.95,88.06,86.31,,83.22,88.06,96.72,,83.99,,,,88.06,78.33,,88.06,78.33,78.33,81.0,78.33,85.95,85.95,,,,,88.06,85.95,85.24,60.02,52.74,85.24,86.56,70.41,96.32,105.03,85.95,85.95,85.95,85.95,88.06,95.0,,,,,,
2019-01-21 09:00:00+01:00,,86.01,,86.01,74.19,87.28,,91.95,,86.01,83.26,83.95,83.95,71.94,83.95,86.01,88.36,,83.03,86.01,94.16,,85.97,,,,86.01,78.33,,86.01,78.33,78.33,81.0,78.33,83.95,83.95,,,,,86.01,83.95,83.26,61.52,52.84,83.26,84.56,70.98,93.75,105.93,83.95,83.95,83.95,83.95,86.01,91.95,,,,,,
2019-01-21 10:00:00+01:00,,80.04,,80.04,75.38,82.04,,85.43,,80.04,77.48,78.25,78.25,71.69,78.25,80.04,82.23,,82.95,80.04,86.22,,78.1,,,,80.04,77.81,,80.04,77.81,77.81,81.0,77.81,78.25,78.25,,,,,80.04,78.25,77.48,60.84,52.86,77.48,78.82,71.69,85.83,96.97,78.25,78.25,78.25,78.25,80.04,85.43,,,,,,
2019-01-21 11:00:00+01:00,,75.97,,78.54,73.08,77.99,,78.83,,75.0,72.6,75.0,75.0,70.47,75.0,79.15,77.62,,82.93,79.15,85.48,,73.7,,,,79.15,77.77,,79.15,77.63,77.77,77.63,77.77,75.0,75.0,,,,,75.0,75.0,72.6,59.23,52.85,72.6,75.56,70.47,85.08,96.97,75.0,75.0,75.0,75.0,79.15,78.83,,,,,,
2019-01-21 12:00:00+01:00,,71.76,,74.79,72.45,75.71,,73.56,,70.65,68.39,70.65,70.65,70.0,70.65,75.41,73.12,,82.82,75.41,85.09,,69.43,,,,75.41,75.41,,75.41,75.41,75.41,75.41,75.41,70.65,70.65,,,,,70.65,68.39,68.39,55.26,52.83,68.39,71.18,70.0,84.68,96.33,70.65,70.65,70.65,70.65,75.41,73.56,,,,,,
2019-01-21 13:00:00+01:00,,71.56,,71.56,72.42,74.96,,74.37,,71.56,69.27,71.56,71.56,69.0,71.56,71.56,69.7,,82.82,71.56,87.28,,66.17,,,,71.56,71.56,,71.56,71.56,71.56,71.56,71.56,71.56,71.56,,,,,71.56,69.27,69.27,59.55,52.86,69.27,72.1,69.0,86.85,96.94,71.56,71.56,71.56,71.56,71.56,74.37,,,,,,
2019-01-21 14:00:00+01:00,,72.03,,72.03,73.14,75.58,,77.59,,72.03,69.73,70.31,70.31,68.3,70.31,72.03,66.84,,82.93,74.13,84.12,,63.44,,,,74.13,74.13,,74.13,74.13,74.13,74.13,74.13,70.31,70.31,,,,,72.03,69.73,69.73,58.34,52.82,69.73,70.84,68.3,83.69,91.95,70.31,70.31,70.31,70.31,74.13,77.59,,,,,,
2019-01-21 15:00:00+01:00,,76.49,,76.49,73.16,78.37,,82.0,,76.49,74.04,74.65,74.65,68.25,74.65,76.49,61.65,,82.96,76.49,87.43,,58.51,,,,76.49,76.49,,76.49,76.49,76.49,76.49,76.49,74.65,74.65,,,,,76.49,74.04,74.04,58.37,52.85,74.04,75.23,68.25,86.97,102.96,74.65,74.65,74.65,74.65,76.49,82.0,,,,,,
2019-01-21 16:00:00+01:00,,81.08,,81.08,73.04,79.93,,87.54,,81.08,81.08,81.08,81.08,68.4,81.08,81.08,63.22,,83.21,81.08,99.94,,60.0,,,,81.08,78.01,,81.08,78.01,78.01,78.01,78.01,81.08,81.08,,,,,81.08,81.08,81.08,59.76,52.72,81.08,81.71,68.4,99.4,117.9,81.08,81.08,81.08,81.08,81.08,87.54,,,,,,
2019-01-21 17:00:00+01:00,,88.35,,88.35,81.74,87.07,,93.0,,88.35,88.35,88.35,88.35,70.0,88.35,88.35,73.18,,99.24,99.49,128.1,,69.43,,,,88.35,80.84,,88.35,80.84,80.84,93.63,80.84,88.35,88.35,,,,,88.35,88.35,88.35,58.87,52.66,88.35,89.05,70.0,127.38,120.96,88.35,88.35,88.35,88.35,99.49,93.0,,,,,,
2019-01-21 18:00:00+01:00,,88.5,,88.5,72.64,87.39,,92.5,,88.5,88.37,88.37,88.37,71.69,88.37,88.5,81.73,,99.14,94.77,127.73,,81.72,,,,88.5,80.84,,88.5,80.84,80.84,116.63,80.84,88.37,88.37,,,,,88.5,88.37,88.37,57.8,52.65,88.37,89.07,71.69,126.99,120.08,88.37,88.37,88.37,88.37,94.77,92.5,,,,,,
2019-01-21 19:00:00+01:00,,80.32,,81.42,72.11,84.34,,87.22,,79.93,78.01,78.01,78.01,73.15,78.01,81.62,75.07,,99.25,122.05,119.15,,76.51,,,,81.62,80.84,,81.62,80.84,80.84,119.71,80.84,78.01,78.01,,,,,79.93,78.01,78.01,57.0,52.58,78.01,78.64,73.15,118.44,108.08,78.01,78.01,78.01,78.01,122.05,87.22,,,,,,
2019-01-21 20:00:00+01:00,,74.62,,77.21,70.59,75.73,,78.27,,73.69,68.8,68.8,68.8,73.9,68.8,77.77,76.35,,83.03,80.09,110.03,,77.81,,,,77.77,77.77,,77.77,77.77,77.77,119.71,77.77,68.8,68.8,,,,,73.69,68.8,68.8,68.8,52.49,68.8,69.36,73.9,109.36,106.28,68.8,68.8,68.8,68.8,80.09,78.27,,,,,,
2019-01-21 21:00:00+01:00,,68.95,,68.8,60.56,69.97,,69.0,,68.34,61.6,61.6,61.6,71.05,61.6,71.05,69.77,,80.62,115.0,108.57,,69.43,,,,71.05,71.05,,71.05,71.05,71.05,93.4,71.05,61.6,61.6,,,,,66.52,61.6,61.6,61.6,52.4,61.6,62.11,71.05,107.89,93.0,61.6,61.6,61.6,61.6,115.0,69.0,,,,,,
2019-01-21 22:00:00+01:00,,61.81,,54.43,59.87,68.97,,62.5,,59.83,57.94,57.94,57.94,69.01,57.94,69.01,66.12,,77.01,101.91,97.93,,66.51,,,,69.01,68.99,,69.01,68.99,68.99,73.0,68.99,57.94,57.94,,,,,53.6,57.94,57.94,57.94,52.36,57.94,58.42,69.01,97.31,86.91,57.94,57.94,57.94,57.94,101.91,62.5,,,,,,
2019-01-21 23:00:00+01:00,,57.53,,53.07,56.04,65.5,,55.0,,54.93,54.93,54.93,54.93,67.02,54.93,67.02,56.47,,70.58,75.01,77.03,,57.52,,,,66.28,65.0,,67.02,65.0,65.0,65.0,65.0,54.93,54.93,,,,,52.5,54.93,54.93,54.93,52.19,54.93,55.39,67.02,76.53,78.05,54.93,54.93,54.93,54.93,75.01,55.0,,,,,,
2019-01-22 00:00:00+01:00,,56.32,,50.1,56.25,62.33,,54.3,,54.19,54.19,54.64,54.64,63.93,54.64,63.93,59.84,,70.03,71.48,71.31,,58.52,,,,63.93,63.93,,63.93,58.05,63.93,58.05,63.93,54.64,54.64,,,,,47.1,54.64,54.64,54.64,52.38,54.64,54.9,63.93,70.84,75.96,54.64,54.64,54.64,54.64,71.48,54.3,,,,,,
2019-01-22 01:00:00+01:00,,55.11,,56.76,50.37,59.26,,54.25,,54.05,54.05,54.05,54.05,58.71,54.05,58.71,57.76,,68.74,61.57,63.28,,56.0,,,,61.57,61.57,,61.57,55.05,61.57,55.05,61.57,54.05,54.05,,,,,48.66,54.05,54.05,54.05,52.26,54.05,54.3,58.71,62.84,68.94,54.05,54.05,54.05,54.05,61.57,54.25,,,,,,
2019-01-22 02:00:00+01:00,,54.28,,56.68,48.72,55.95,,53.15,,53.52,53.52,53.52,53.52,56.68,53.52,56.68,55.79,,68.88,61.14,61.73,,55.88,,,,61.14,61.14,,61.14,52.7,61.14,52.7,61.14,53.52,53.52,,,,,48.41,53.52,53.52,53.52,52.15,53.52,53.77,56.68,61.29,63.95,53.52,53.52,53.52,53.52,61.14,53.15,,,,,,
2019-01-22 03:00:00+01:00,,54.03,,52.72,47.19,54.97,,52.45,,51.97,52.48,52.48,52.48,52.92,52.48,52.92,54.61,,67.91,61.16,60.09,,55.0,,,,61.16,61.16,,61.16,52.7,61.16,52.7,61.16,52.48,52.48,,,,,50.8,52.48,52.48,52.48,52.13,52.48,52.72,52.92,59.64,59.49,52.48,52.48,52.48,52.48,61.16,52.45,,,,,,
2019-01-22 04:00:00+01:00,,52.0,,52.1,56.24,54.95,,52.99,,51.96,53.44,53.44,53.44,52.1,53.44,52.1,53.77,,68.86,61.57,61.39,,54.62,,,,61.57,61.57,,61.57,52.7,61.57,52.7,61.57,53.44,53.44,,,,,51.73,53.44,53.44,53.44,52.11,53.44,53.68,52.1,60.92,59.53,53.44,53.44,53.44,53.44,61.57,52.99,,,,,,
2019-01-22 05:00:00+01:00,,55.0,,54.64,78.78,56.48,,54.31,,52.03,52.03,55.17,55.17,54.67,55.17,54.67,54.56,,73.22,65.03,67.08,,52.9,,,,62.54,62.54,,62.54,52.7,62.54,52.7,62.54,55.17,55.17,,,,,47.58,55.17,54.94,54.32,52.25,55.17,55.41,54.67,66.55,76.98,55.17,55.17,55.17,55.17,65.03,54.31,,,,,,
2019-01-22 06:00:00+01:00,,62.65,,63.57,81.34,66.39,,66.62,,62.33,62.33,62.33,71.3,63.57,71.3,63.57,62.66,,82.71,66.0,92.05,,59.19,,,,66.0,66.0,,66.0,66.0,66.0,66.0,66.0,71.3,71.3,,,,,60.24,59.42,59.42,53.02,52.38,59.42,61.07,63.57,91.3,98.08,62.33,62.33,62.33,62.33,66.0,92.05,,,,,,
2019-01-22 07:00:00+01:00,,74.41,,75.94,125.11,76.38,,77.55,,73.91,73.91,73.91,73.91,70.01,73.91,75.87,69.7,,83.15,125.0,120.08,,65.82,,,,75.87,75.87,,75.87,75.87,75.87,75.87,75.87,73.91,73.91,,,,,71.19,73.54,73.54,56.04,52.68,73.54,74.23,70.01,123.48,105.06,73.91,73.91,73.91,73.91,125.0,110.1,,,,,,
2019-01-22 08:00:00+01:00,,81.09,,83.58,127.23,77.99,,78.65,,80.23,80.23,80.23,80.23,70.47,80.23,83.58,74.52,,83.16,125.0,109.94,,70.34,,,,83.58,77.81,,83.58,77.81,77.81,77.81,77.81,80.23,80.23,,,,,76.08,80.23,78.59,57.72,52.75,78.59,80.57,70.47,123.45,106.28,80.23,80.23,80.23,80.23,125.0,109.94,,,,,,
2019-01-22 09:00:00+01:00,,77.46,,80.1,132.9,75.34,,74.4,,76.6,76.6,76.6,76.6,71.2,76.6,80.1,73.54,,83.15,126.0,111.0,,69.39,,,,80.1,77.77,,80.1,77.77,77.77,77.77,77.77,76.6,76.6,,,,,75.05,76.6,76.6,58.61,52.8,76.6,76.92,71.2,122.1,108.16,76.6,76.6,76.6,76.6,126.0,111.0,,,,,,
2019-01-22 10:00:00+01:00,,75.85,,79.04,136.44,75.14,,71.0,,74.19,74.19,74.19,74.19,70.9,74.19,80.93,79.84,,82.75,117.99,106.44,,75.31,,,,80.93,72.34,,80.93,72.34,72.34,72.34,72.34,74.19,74.19,,,,,76.64,74.19,74.19,59.01,52.85,74.19,74.49,70.9,105.46,103.01,74.19,74.19,74.19,74.19,117.99,106.44,,,,,,
2019-01-22 11:00:00+01:00,,72.99,,80.3,132.92,75.1,,69.0,,70.06,70.06,70.06,70.57,70.11,70.57,81.08,75.87,,80.66,125.0,110.0,,71.54,,,,81.08,66.0,,81.08,59.39,66.0,59.39,66.0,70.57,70.57,,,,,72.8,70.06,70.06,59.28,52.86,70.06,76.21,70.11,108.96,103.22,70.06,70.06,70.06,70.06,125.0,110.0,,,,,,
2019-01-22 12:00:00+01:00,,69.9,,78.87,135.54,73.24,,64.95,,62.07,62.07,62.07,66.68,69.56,66.68,75.6,74.26,,77.12,122.09,107.09,,70.0,,,,75.6,63.04,,75.6,59.39,63.04,59.39,63.04,66.68,66.68,,,,,71.23,62.07,62.07,58.74,52.78,62.07,78.43,69.56,106.05,101.97,62.07,62.07,62.07,62.07,122.09,107.09,,,,,,
2019-01-22 13:00:00+01:00,,68.98,,82.58,135.09,70.05,,73.0,,58.45,58.45,58.85,64.49,68.4,64.49,76.83,75.92,,76.64,112.09,97.09,,71.54,,,,76.83,61.89,,76.83,59.0,61.89,59.0,61.89,64.49,64.49,,,,,72.8,58.85,58.45,58.85,52.86,58.85,80.58,68.4,96.13,93.75,58.85,58.85,58.85,58.85,112.09,97.09,,,,,,
2019-01-22 14:00:00+01:00,,68.29,,90.16,99.88,68.24,,71.0,,59.69,59.69,59.69,64.49,67.01,64.49,78.41,77.52,,76.73,90.09,89.84,,70.0,,,,78.41,61.89,,78.41,59.39,61.89,59.39,61.89,64.49,64.49,,,,,74.3,59.69,59.69,57.65,52.92,59.69,72.17,67.01,88.93,92.48,59.69,59.69,59.69,59.69,90.09,89.84,,,,,,
2019-01-22 15:00:00+01:00,,68.99,,88.5,92.07,68.3,,67.48,,65.09,65.09,65.09,69.03,64.24,69.03,79.19,78.32,,77.23,82.06,84.0,,70.0,,,,79.19,62.87,,79.19,62.87,62.87,62.87,62.87,69.03,69.03,,,,,75.04,65.09,65.09,58.07,52.95,65.09,69.43,64.24,83.13,92.04,65.09,65.09,65.09,65.09,82.06,84.0,,,,,,
2019-01-22 16:00:00+01:00,,73.01,,87.91,80.31,75.66,,68.9,,70.21,70.21,70.21,74.28,63.93,74.28,80.88,80.02,,79.91,106.06,91.93,,75.31,,,,80.88,67.3,,80.88,67.3,67.3,67.3,67.3,74.28,74.28,,,,,81.45,70.21,70.21,58.7,52.87,70.21,76.12,63.93,90.95,93.25,70.21,70.21,70.21,70.21,106.06,91.93,,,,,,
2019-01-22 17:00:00+01:00,,80.29,,87.03,75.2,76.23,,81.98,,78.8,78.8,78.8,78.8,64.8,78.8,85.0,88.16,,80.1,118.27,103.27,,82.26,,,,85.0,74.0,,85.0,74.0,74.0,92.66,74.0,78.8,78.8,,,,,89.7,78.8,78.8,58.33,52.81,78.8,79.1,64.8,102.14,99.94,78.8,78.8,78.8,78.8,118.27,103.27,,,,,,
2019-01-22 18:00:00+01:00,,78.35,,96.68,52.37,76.75,,75.73,,74.13,71.32,74.13,74.13,68.12,74.13,91.52,94.96,,80.87,91.52,91.45,,99.0,,,,91.52,74.88,,91.52,74.88,74.88,121.93,74.88,74.13,74.13,,,,,90.87,71.32,71.32,57.38,52.85,71.32,74.41,68.12,90.43,97.48,74.13,74.13,74.13,74.13,91.52,91.45,,,,,,
2019-01-22 19:00:00+01:00,,69.95,,88.5,39.4,75.48,,76.0,,64.46,60.1,60.1,60.1,69.56,60.1,87.12,90.42,,82.49,87.12,77.75,,93.56,,,,87.12,74.87,,87.12,74.87,74.87,121.93,74.87,60.1,60.1,,,,,82.76,60.1,60.1,56.83,52.77,60.1,67.34,69.56,76.87,92.91,60.1,60.1,60.1,60.1,87.12,77.75,,,,,,
2019-01-22 20:00:00+01:00,,63.56,,79.93,36.83,76.23,,67.8,,58.34,56.94,56.94,56.94,70.1,56.94,79.93,83.0,,77.13,72.75,74.29,,84.28,,,,72.75,70.99,,72.75,70.99,70.99,121.93,70.99,56.94,56.94,,,,,58.34,56.94,56.94,56.94,52.69,56.94,63.38,70.1,73.43,84.3,56.94,56.94,56.94,56.94,72.75,74.29,,,,,,
2019-01-22 21:00:00+01:00,,58.62,,68.79,39.38,67.02,,57.0,,55.38,55.38,55.38,55.38,68.71,55.38,68.71,71.38,,70.0,68.71,67.91,,71.56,,,,68.71,66.42,,68.71,66.42,66.42,93.4,66.42,55.38,55.38,,,,,55.38,55.38,55.38,55.38,52.6,55.38,55.57,68.71,67.1,77.04,55.38,55.38,55.38,55.38,68.71,67.91,,,,,,
2019-01-22 22:00:00+01:00,,58.88,,68.83,36.86,66.82,,56.0,,56.59,54.81,55.23,55.23,66.52,55.23,66.52,69.12,,68.65,66.52,63.0,,66.49,,,,65.28,63.04,,66.52,63.04,63.04,77.66,63.04,55.23,55.23,,,,,52.7,55.23,54.81,55.23,52.57,55.23,55.42,66.52,62.24,72.52,55.23,55.23,55.23,55.23,66.52,59.0,,,,,,
2019-01-22 23:00:00+01:00,,55.59,,64.97,36.85,65.32,,54.06,,53.72,53.3,53.3,53.3,53.02,53.3,61.75,64.19,,70.03,55.59,54.92,,64.73,,,,61.75,59.99,,61.75,59.99,59.99,59.99,59.99,53.3,53.3,,,,,49.9,53.3,53.3,53.3,52.38,53.3,53.48,53.02,54.25,67.15,53.3,53.3,53.3,53.3,55.59,54.06,,,,,,
2019-01-23 00:00:00+01:00,,54.33,,61.51,41.44,59.43,,54.5,,53.2,53.2,53.2,53.2,51.57,53.2,57.99,59.88,,65.38,61.57,63.82,,60.0,,,,61.57,61.57,,61.57,61.57,61.57,61.57,61.57,53.2,53.2,,,,,45.7,53.2,53.2,53.2,50.93,53.2,57.01,51.57,63.16,67.83,53.2,53.2,53.2,53.2,61.57,54.5,,,,,,
2019-01-23 01:00:00+01:00,,54.43,,58.04,39.42,55.74,,54.0,,53.92,52.62,52.62,52.62,51.0,52.62,56.09,57.92,,65.38,61.53,54.0,,59.0,,,,61.53,61.53,,61.53,61.53,61.53,61.53,61.53,52.62,52.62,,,,,50.41,52.62,52.62,52.62,50.8,52.62,57.03,51.0,53.43,58.91,52.62,52.62,52.62,52.62,61.53,54.0,,,,,,
2019-01-23 02:00:00+01:00,,53.57,,56.96,36.84,54.5,,52.99,,53.11,52.14,52.14,52.14,50.0,52.14,55.05,57.4,,52.77,60.39,52.99,,58.27,,,,60.39,60.39,,60.39,60.39,60.39,60.39,60.39,52.14,52.14,,,,,49.9,52.14,52.14,52.14,50.69,52.14,53.72,50.0,52.43,57.09,52.14,52.14,52.14,52.14,60.39,52.99,,,,,,
2019-01-23 03:00:00+01:00,,51.19,,51.19,41.41,54.28,,52.69,,51.19,51.19,51.19,51.19,49.56,51.19,51.19,56.87,,48.9,60.9,52.69,,57.07,,,,60.9,60.9,,60.9,60.9,60.9,60.9,60.9,51.19,51.19,,,,,51.19,51.19,51.19,51.19,50.69,51.19,54.21,49.56,52.12,54.36,51.19,51.19,51.19,51.19,60.9,52.69,,,,,,
2019-01-23 04:00:00+01:00,,51.02,,51.02,41.42,54.15,,53.5,,51.02,51.02,52.07,52.07,49.05,52.07,51.02,56.43,,57.4,60.43,53.5,,57.07,,,,60.43,60.43,,60.43,60.43,60.43,60.43,60.43,52.07,52.07,,,,,51.02,52.07,52.07,52.07,50.72,52.07,57.02,49.05,52.92,54.25,52.07,52.07,52.07,52.07,60.43,53.5,,,,,,
2019-01-23 05:00:00+01:00,,55.09,,55.34,44.99,56.1,,56.0,,55.05,55.05,55.68,55.68,49.49,55.68,55.2,57.02,,70.05,63.04,60.96,,57.07,,,,63.04,63.04,,63.04,63.04,63.04,63.04,63.04,55.68,55.68,,,,,54.81,54.87,54.87,55.68,50.86,54.87,57.7,49.49,60.29,58.95,55.68,55.68,55.68,55.68,63.04,56.0,,,,,,
2019-01-23 06:00:00+01:00,,64.3,,66.55,57.92,65.97,,72.97,,63.96,60.06,62.43,62.43,50.41,62.43,65.28,64.35,,76.97,83.06,72.97,,62.27,,,,68.78,65.0,,72.0,65.0,65.0,65.0,65.0,62.43,62.43,,,,,61.86,59.19,59.19,54.08,51.13,59.19,62.52,50.41,72.15,71.92,62.43,62.43,62.43,62.43,83.06,72.97,,,,,,
2019-01-23 07:00:00+01:00,,82.64,,82.99,41.46,79.64,,83.8,,82.55,79.48,79.48,79.48,63.0,79.48,82.9,79.15,,82.15,90.01,84.98,,69.91,,,,82.9,77.77,,82.9,77.77,77.77,77.77,77.77,79.48,79.48,,,,,82.11,79.48,79.48,55.91,51.59,79.48,79.6,63.0,84.02,82.74,79.48,79.48,79.48,79.48,90.01,84.12,,,,,,
2019-01-23 08:00:00+01:00,,92.15,,92.15,46.04,87.99,,90.23,,92.15,88.38,88.38,88.38,66.58,88.38,92.15,90.2,,81.95,92.15,91.96,,88.58,,,,92.15,92.15,,92.15,65.0,92.15,93.34,65.0,88.38,88.38,,,,,92.15,88.38,88.38,56.87,51.72,88.38,88.51,66.58,90.91,91.99,88.38,88.38,88.38,88.38,92.15,90.23,,,,,,
2019-01-23 09:00:00+01:00,,93.65,,93.65,41.44,85.01,,88.0,,93.65,84.1,84.1,84.1,67.31,84.1,93.65,92.33,,82.81,98.27,95.18,,93.7,,,,93.65,93.65,,93.65,59.94,93.65,93.34,59.94,84.1,84.1,,,,,93.65,84.1,84.1,57.81,51.73,84.1,87.47,67.31,94.08,91.99,84.1,84.1,84.1,84.1,98.27,95.18,,,,,,
2019-01-23 10:00:00+01:00,,91.93,,91.93,46.03,82.26,,84.12,,91.93,85.35,85.35,85.35,67.27,85.35,91.93,90.64,,80.65,114.83,99.83,,94.21,,,,91.93,91.93,,91.93,53.0,91.93,87.5,53.0,85.35,85.35,,,,,91.93,85.35,85.35,56.88,51.76,85.35,88.24,67.27,98.66,90.23,85.35,85.35,85.35,85.35,114.83,84.12,,,,,,
2019-01-23 11:00:00+01:00,,88.77,,92.0,41.44,80.77,,82.5,,88.07,82.25,85.96,82.25,66.96,82.25,90.31,91.17,,80.62,122.03,107.03,,94.77,,,,90.31,90.31,,90.31,49.04,90.31,65.0,49.04,85.96,82.25,,,,,93.13,82.25,82.25,56.41,51.82,82.25,98.15,66.96,105.77,95.02,82.25,82.25,82.25,85.96,122.03,82.5,,,,,,
2019-01-23 12:00:00+01:00,,84.96,,84.96,46.03,78.41,,83.0,,84.96,76.5,77.65,76.5,66.16,76.5,84.96,83.78,,77.04,126.08,120.0,,87.07,,,,84.96,84.96,,84.96,49.06,84.96,55.0,49.06,77.65,76.5,,,,,84.96,76.5,76.5,55.61,51.8,76.5,87.77,66.16,118.57,95.04,76.5,76.5,76.5,77.65,126.08,120.0,,,,,,
2019-01-23 13:00:00+01:00,,83.99,,83.99,46.02,78.11,,86.0,,83.99,70.97,76.4,70.97,65.04,70.97,83.99,85.26,,76.9,88.0,119.05,,88.61,,,,83.99,83.99,,83.99,49.05,83.99,49.05,49.05,76.4,76.4,,,,,83.99,66.25,66.25,55.1,51.79,66.25,93.47,65.04,117.62,95.06,70.97,70.97,70.97,76.4,88.0,119.05,,,,,,
2019-01-23 14:00:00+01:00,,85.59,,85.59,46.04,78.68,,84.0,,85.59,68.85,83.53,68.85,60.45,68.85,85.59,84.41,,77.27,85.59,116.82,,87.71,,,,85.59,85.59,,85.59,55.9,85.59,55.9,55.9,83.53,76.48,,,,,85.59,68.85,68.85,55.83,51.84,68.85,83.66,60.45,115.4,97.83,68.85,68.85,68.85,83.53,85.59,116.82,,,,,,
2019-01-23 15:00:00+01:00,,86.87,,86.87,41.43,79.65,,83.0,,86.87,74.58,82.83,74.58,58.99,74.58,86.87,85.67,,80.65,88.0,116.82,,89.03,,,,88.0,88.0,,88.0,60.53,88.0,65.0,60.53,82.83,76.5,,,,,86.87,74.58,74.58,56.21,51.83,74.58,82.96,58.99,115.38,103.64,74.58,74.58,74.58,82.83,88.0,116.82,,,,,,
2019-01-23 16:00:00+01:00,,84.96,,84.96,41.42,81.08,,84.29,,84.96,82.24,82.92,82.24,59.88,82.24,84.96,87.8,,82.88,89.29,127.44,,90.71,,,,84.96,77.81,,84.96,77.81,77.81,77.81,77.81,82.92,82.24,,,,,84.96,82.24,82.24,56.15,51.8,82.24,89.65,59.88,125.86,115.04,82.24,82.24,82.24,82.92,89.29,120.1,,,,,,
2019-01-23 17:00:00+01:00,,90.01,,90.01,41.95,85.04,,90.37,,90.01,87.75,87.85,87.75,63.93,87.75,90.01,93.03,,83.14,151.05,136.05,,97.2,,,,90.01,83.0,,90.01,83.0,83.0,93.34,83.0,87.85,87.75,,,,,90.01,87.13,87.13,56.06,51.7,87.13,95.34,63.93,134.35,125.15,87.75,87.75,87.75,87.85,151.05,120.0,,,,,,
2019-01-23 18:00:00+01:00,,93.8,,94.01,51.1,85.05,,89.0,,93.76,85.03,85.03,85.03,66.96,85.03,93.9,98.01,,82.9,145.03,129.99,,148.7,,,,93.9,93.9,,93.9,86.41,93.9,121.93,86.41,85.03,85.03,,,,,94.15,85.03,85.03,55.09,51.65,85.03,86.0,66.96,128.34,122.02,85.03,85.03,85.03,85.03,145.03,120.0,,,,,,
2019-01-23 19:00:00+01:00,,90.54,,90.54,41.44,78.44,,83.7,,90.54,62.25,62.25,62.25,68.07,62.25,90.54,94.26,,82.87,135.07,120.07,,134.0,,,,90.54,90.54,,90.54,84.33,90.54,122.68,84.33,62.25,62.25,,,,,90.54,62.25,62.25,54.65,51.63,62.25,78.42,68.07,118.53,111.13,62.25,62.25,62.25,62.25,135.07,120.07,,,,,,
2019-01-23 20:00:00+01:00,,78.5,,78.56,39.39,73.57,,73.44,,78.49,58.06,58.06,58.06,68.89,58.06,78.56,94.48,,77.48,114.03,99.03,,102.19,,,,78.56,78.56,,78.56,78.56,78.56,121.93,78.56,58.06,58.06,,,,,78.43,58.06,58.06,58.06,51.55,58.06,66.81,68.89,97.75,94.3,58.06,58.06,58.06,58.06,114.03,99.03,,,,,,
2019-01-23 21:00:00+01:00,,69.09,,69.76,25.54,65.93,,66.91,,68.93,57.55,57.55,57.55,68.4,57.55,69.6,77.66,,77.02,82.08,80.04,,80.67,,,,75.19,75.19,,75.19,75.19,75.19,93.34,75.19,57.55,57.55,,,,,68.04,57.55,57.55,57.55,51.43,57.55,60.45,68.4,79.0,90.14,57.55,57.55,57.55,57.55,82.08,80.04,,,,,,
2019-01-23 22:00:00+01:00,,65.94,,70.11,36.86,65.06,,63.65,,65.1,56.83,56.83,56.83,66.52,56.83,68.77,71.09,,76.99,68.98,72.0,,73.85,,,,68.98,68.98,,68.98,68.98,68.98,68.98,68.98,56.83,56.83,,,,,59.88,56.83,56.83,56.83,51.38,56.83,61.87,66.52,71.05,81.68,56.83,56.83,56.83,56.83,68.98,63.65,,,,,,
2019-01-23 23:00:00+01:00,,60.42,,67.03,41.44,58.98,,57.37,,59.0,54.96,54.96,54.96,52.28,54.96,65.18,67.4,,73.62,65.18,67.76,,70.0,,,,65.18,62.89,,65.18,60.0,62.89,60.0,62.89,54.96,54.96,,,,,50.6,54.96,54.96,54.96,51.18,54.96,58.89,52.28,66.85,69.36,54.96,54.96,54.96,54.96,65.18,57.37,,,,,,
2019-01-24 00:00:00+01:00,,62.18,,63.97,39.4,63.21,,60.66,,61.88,55.98,55.98,55.98,50.91,55.98,63.16,62.0,,68.78,64.73,67.98,,63.49,,,,64.73,64.73,,64.73,63.48,64.73,63.48,64.73,55.98,55.98,,,,,59.9,55.98,55.98,55.98,51.72,55.98,56.07,50.91,67.15,72.51,55.98,55.98,55.98,55.98,64.73,60.66,,,,,,
2019-01-24 01:00:00+01:00,,59.29,,60.68,39.41,59.98,,59.5,,59.08,55.8,55.8,55.8,50.19,55.8,59.98,61.45,,66.16,63.71,62.41,,62.43,,,,63.71,63.71,,63.71,59.0,63.71,59.0,63.71,55.8,55.8,,,,,57.65,55.8,55.8,55.8,51.6,55.8,55.89,50.19,61.65,64.07,55.8,55.8,55.8,55.8,63.71,59.5,,,,,,
2019-01-24 02:00:00+01:00,,57.98,,58.49,39.42,60.53,,58.0,,57.9,55.57,55.57,55.57,49.56,55.57,58.2,59.84,,65.38,63.04,60.75,,59.0,,,,63.04,63.04,,63.04,59.0,63.04,59.0,63.04,55.57,55.57,,,,,57.4,55.57,55.57,55.57,51.53,55.57,55.65,49.56,60.02,61.92,55.57,55.57,55.57,55.57,63.04,58.0,,,,,,
2019-01-24 03:00:00+01:00,,56.41,,56.67,39.42,57.72,,56.5,,56.37,55.33,55.33,55.33,49.05,55.33,56.52,58.13,,65.38,63.04,56.71,,58.63,,,,63.04,63.04,,63.04,59.0,63.04,59.0,63.04,55.33,55.33,,,,,56.13,55.33,55.33,55.33,51.53,55.33,55.41,49.05,56.02,58.18,55.33,55.33,55.33,55.33,63.04,56.5,,,,,,
2019-01-24 04:00:00+01:00,,56.95,,56.95,47.43,57.76,,57.5,,56.95,55.8,55.8,55.8,49.24,55.8,56.95,58.59,,66.93,62.9,58.41,,57.12,,,,62.9,62.9,,62.9,59.0,62.9,59.0,62.9,55.8,55.8,,,,,56.95,55.8,55.8,55.8,51.56,55.8,55.88,49.24,57.71,57.92,55.8,55.8,55.8,55.8,62.9,57.5,,,,,,
2019-01-24 05:00:00+01:00,,61.53,,61.53,70.99,62.35,,60.5,,61.53,60.05,60.05,60.05,50.0,60.05,61.53,60.42,,70.04,63.1,67.67,,58.69,,,,63.1,63.1,,63.1,59.0,63.1,59.0,63.1,60.05,60.05,,,,,61.53,59.51,59.51,54.18,51.65,59.51,59.58,50.0,66.86,61.96,60.05,60.05,60.05,60.05,63.1,60.5,,,,,,
2019-01-24 06:00:00+01:00,,75.98,,74.2,80.97,75.7,,76.99,,75.98,75.98,75.98,75.98,50.55,75.98,74.9,69.0,,74.66,75.98,76.99,,65.42,,,,74.9,74.9,,74.9,74.9,74.9,74.9,74.9,75.98,75.98,,,,,70.75,61.52,61.52,52.7,51.84,61.52,64.33,50.55,76.07,76.27,75.98,75.98,75.98,75.98,75.98,76.99,,,,,,
2019-01-24 07:00:00+01:00,,99.07,,99.07,81.32,91.0,,98.79,,99.07,96.7,96.7,96.7,61.3,96.7,99.07,88.57,,77.05,99.07,98.79,,75.0,,,,78.33,78.33,,94.47,78.33,78.33,78.33,78.33,96.7,96.7,,,,,99.07,95.9,95.9,54.63,52.39,95.9,78.11,61.3,97.61,91.07,96.7,96.7,96.7,96.7,99.07,98.79,,,,,,
2019-01-24 08:00:00+01:00,,113.07,,113.07,80.71,104.72,,106.4,,113.07,109.45,109.45,109.45,66.67,109.45,113.07,110.54,,79.91,113.07,106.4,,113.7,,,,113.07,113.07,,113.07,77.77,113.07,77.77,77.77,109.45,109.45,,,,,113.07,109.45,109.45,55.66,53.18,109.45,109.59,66.67,105.13,101.71,95.83,95.83,109.45,109.45,113.07,106.4,,,,,,
2019-01-24 09:00:00+01:00,,111.23,,111.23,83.29,103.87,,105.08,,111.23,107.67,108.56,107.67,67.85,107.67,111.23,109.33,,79.91,111.23,105.08,,111.29,,,,111.23,111.23,,111.23,77.77,111.23,77.77,77.77,108.56,107.67,,,,,111.23,107.67,107.67,55.22,53.19,107.67,108.7,67.85,103.84,101.59,107.67,107.67,107.67,108.56,111.23,105.08,,,,,,
2019-01-24 10:00:00+01:00,,108.25,,108.25,92.76,99.0,,100.0,,108.25,98.06,102.76,98.06,68.01,98.06,108.25,111.52,,79.91,108.25,100.0,,113.49,,,,108.25,108.25,,108.25,68.34,108.25,68.34,68.34,102.76,98.06,,,,,108.25,98.06,98.06,55.31,53.33,98.06,102.88,68.01,98.81,96.93,98.06,98.06,98.06,102.76,108.25,100.0,,,,,,
2019-01-24 11:00:00+01:00,,103.69,,103.69,88.04,95.41,,98.01,,103.69,100.37,101.2,100.37,67.24,100.37,103.69,106.85,,77.08,103.69,98.01,,108.71,,,,101.47,101.47,,101.47,67.84,101.47,67.84,67.84,101.2,100.37,,,,,103.69,100.37,100.37,55.15,53.28,100.37,101.32,67.24,96.85,95.24,100.37,100.37,100.37,101.2,103.69,98.01,,,,,,
2019-01-24 12:00:00+01:00,,98.33,,98.33,82.98,89.77,,93.0,,98.33,95.18,95.97,95.18,65.83,95.18,98.33,101.34,,77.04,98.33,93.0,,103.09,,,,90.0,90.0,,90.0,65.15,90.0,65.15,65.15,95.97,95.18,,,,,98.33,95.18,95.18,55.1,53.59,95.18,96.08,65.83,91.9,91.95,95.18,95.18,95.18,95.97,98.33,93.0,,,,,,
2019-01-24 13:00:00+01:00,,92.63,,92.63,79.81,89.25,,91.84,,92.63,89.67,90.41,89.67,64.23,89.67,92.63,95.49,,80.58,92.63,91.84,,97.12,,,,90.0,74.82,,90.0,67.88,74.82,67.88,67.88,90.41,89.67,,,,,92.63,89.67,89.67,54.95,53.59,89.67,90.51,64.23,90.76,90.93,89.67,89.67,89.67,90.41,92.63,91.84,,,,,,
2019-01-24 14:00:00+01:00,,89.86,,89.86,82.94,88.6,,90.7,,89.86,87.7,87.7,87.7,60.0,87.7,89.86,92.66,,78.95,89.86,90.7,,89.82,,,,89.86,78.0,,89.86,65.15,78.0,69.0,65.15,87.7,87.7,,,,,89.86,86.99,86.99,54.74,53.31,86.99,87.8,60.0,89.64,90.11,87.7,87.7,87.7,87.7,89.86,90.7,,,,,,
2019-01-24 15:00:00+01:00,,90.45,,90.45,66.4,89.45,,92.39,,90.45,88.28,88.28,88.28,58.61,88.28,90.45,93.29,,79.31,90.45,92.39,,88.26,,,,90.45,90.45,,90.45,65.0,90.45,76.72,65.0,88.28,88.28,,,,,90.45,87.55,87.55,54.9,53.02,87.55,88.37,58.61,91.31,91.7,88.28,88.28,88.28,88.28,90.45,92.39,,,,,,
2019-01-24 16:00:00+01:00,,95.01,,95.01,80.29,92.07,,96.0,,95.01,95.01,95.01,95.01,60.45,95.01,95.01,94.47,,85.04,95.01,96.0,,89.35,,,,95.01,77.77,,95.01,77.77,77.77,130.7,77.77,95.01,95.01,,,,,95.01,91.97,91.97,55.02,52.91,91.97,95.11,60.45,94.88,95.64,95.01,95.01,95.01,95.01,95.01,96.0,,,,,,
2019-01-24 17:00:00+01:00,,106.82,,106.82,101.17,103.86,,106.06,,106.82,106.82,106.82,106.82,65.8,106.82,106.82,110.23,,85.05,106.82,106.06,,104.23,,,,106.82,77.92,,106.82,77.92,77.92,140.91,77.92,106.82,106.82,,,,,106.82,103.4,103.4,54.83,52.67,103.4,106.93,65.8,104.83,104.74,97.54,97.54,106.82,106.82,106.82,106.06,,,,,,
2019-01-24 18:00:00+01:00,,121.46,,121.46,93.18,108.11,,109.3,,121.46,100.29,100.29,100.29,68.36,100.29,121.46,125.37,,85.05,121.46,109.3,,121.4,,,,108.06,79.63,,108.06,79.63,79.63,146.91,79.63,100.29,100.29,,,,,121.46,100.29,100.29,54.46,52.57,100.29,100.39,68.36,108.03,106.16,92.5,92.5,100.29,100.29,121.46,109.3,,,,,,
2019-01-24 19:00:00+01:00,,102.06,,102.06,92.03,100.4,,102.15,,102.06,73.38,73.38,73.38,70.0,73.38,102.06,105.37,,85.03,102.06,102.15,,107.0,,,,100.0,78.33,,100.0,78.33,78.33,146.91,78.33,73.38,73.38,,,,,102.06,73.38,73.38,54.07,52.44,73.38,73.45,70.0,100.97,98.32,73.38,73.38,73.38,73.38,102.06,102.15,,,,,,
2019-01-24 20:00:00+01:00,,89.34,,89.34,78.75,82.29,,86.01,,89.34,60.35,60.35,60.35,70.13,60.35,89.34,92.26,,83.39,89.34,86.01,,89.3,,,,89.34,77.77,,89.34,77.77,77.77,146.91,77.77,60.35,60.35,,,,,89.34,60.35,60.35,60.35,52.38,60.35,67.26,70.13,85.01,83.73,60.35,60.35,60.35,60.35,89.34,86.01,,,,,,
2019-01-24 21:00:00+01:00,,74.43,,74.43,67.02,75.11,,74.09,,74.43,59.75,59.75,59.75,69.71,59.75,74.43,76.88,,75.0,74.43,74.09,,74.39,,,,74.43,65.63,,74.43,65.63,65.63,140.91,65.63,59.75,59.75,,,,,74.43,59.75,59.75,59.75,52.22,59.75,59.8,69.71,73.24,75.39,59.75,59.75,59.75,59.75,74.43,74.09,,,,,,
2019-01-24 22:00:00+01:00,,69.96,,70.23,66.98,71.87,,68.87,,69.92,58.45,58.45,58.45,68.01,58.45,70.12,72.44,,69.99,69.96,68.87,,68.8,,,,70.12,62.87,,70.12,62.87,62.87,140.91,62.87,58.45,58.45,,,,,69.63,58.45,58.45,58.45,52.18,58.45,58.5,68.01,68.08,73.17,58.45,58.45,58.45,58.45,69.96,68.87,,,,,,
2019-01-24 23:00:00+01:00,,64.21,,66.71,56.0,65.97,,61.0,,63.79,57.19,57.19,57.19,63.34,57.19,65.57,64.66,,65.44,64.21,63.09,,66.0,,,,65.57,59.0,,65.57,59.0,59.0,76.72,59.0,57.19,57.19,,,,,61.1,57.19,57.19,57.19,51.95,57.19,57.24,63.34,62.37,66.91,57.19,57.19,57.19,57.19,64.21,61.0,,,,,,
2019-01-25 00:00:00+01:00,,64.63,,64.63,56.0,63.47,,60.8,,64.63,57.29,57.32,57.32,52.39,57.32,64.63,69.33,,56.0,64.63,60.8,,65.79,,,,64.63,60.56,,64.63,60.56,60.56,60.56,60.56,57.32,57.32,,,,,64.63,57.32,57.32,57.32,52.35,57.32,59.59,52.39,60.65,64.08,57.32,57.32,57.32,57.32,64.63,60.8,,,,,,
2019-01-25 01:00:00+01:00,,60.64,,60.64,49.84,59.68,,59.5,,60.64,56.47,56.47,56.47,52.55,56.47,60.64,63.04,,53.5,60.64,59.5,,59.82,,,,60.64,60.64,,60.64,60.64,60.64,60.64,60.64,56.47,56.47,,,,,60.64,56.47,56.47,56.47,51.94,56.47,59.19,52.55,57.88,60.9,56.47,56.47,56.47,56.47,60.64,59.5,,,,,,
2019-01-25 02:00:00+01:00,,57.8,,57.8,47.29,58.42,,58.58,,57.8,55.95,55.95,55.95,51.97,55.95,57.8,59.85,,51.24,57.8,58.58,,56.79,,,,57.8,57.8,,57.8,57.8,57.8,57.8,57.8,55.95,55.95,,,,,57.8,55.95,55.95,55.95,51.65,55.95,58.67,51.97,54.27,59.9,55.95,55.95,55.95,55.95,57.8,58.58,,,,,,
2019-01-25 03:00:00+01:00,,55.47,,55.7,47.58,57.08,,56.55,,55.44,55.44,55.44,55.44,51.77,55.44,55.58,57.15,,49.79,55.47,56.55,,54.24,,,,55.9,55.9,,55.9,55.9,55.9,55.9,55.9,55.44,55.44,,,,,55.19,55.44,55.44,55.44,51.63,55.44,56.37,51.77,56.41,57.38,55.44,55.44,55.44,55.44,55.47,56.55,,,,,,
2019-01-25 04:00:00+01:00,,55.28,,55.28,56.0,57.08,,57.63,,55.28,55.28,55.28,55.28,51.78,55.28,55.28,56.76,,51.54,55.28,57.63,,53.86,,,,55.32,55.32,,55.32,55.32,55.32,55.32,55.32,55.28,55.28,,,,,55.28,55.28,55.28,55.28,51.65,55.28,56.88,51.78,57.49,56.71,55.28,55.28,55.28,55.28,55.28,57.63,,,,,,
2019-01-25 05:00:00+01:00,,58.98,,58.98,68.93,59.81,,60.7,,58.98,58.98,58.98,58.98,52.15,58.98,58.98,57.67,,58.45,58.98,60.7,,54.74,,,,58.98,58.98,,58.98,58.98,58.98,58.98,58.98,58.98,58.98,,,,,58.98,57.61,57.61,54.36,51.72,57.61,59.18,52.15,60.55,61.94,58.98,58.98,58.98,58.98,58.98,60.7,,,,,,
2019-01-25 06:00:00+01:00,,70.81,,69.03,81.35,72.08,,71.98,,71.1,69.39,69.39,69.39,52.55,69.39,69.83,62.84,,69.68,70.81,71.98,,56.08,,,,66.88,62.87,,69.83,62.87,62.87,62.87,62.87,69.39,69.39,,,,,64.51,61.58,61.58,53.36,51.82,61.58,65.66,52.55,71.81,70.03,69.39,69.39,69.39,69.39,70.81,71.98,,,,,,
2019-01-25 07:00:00+01:00,,84.48,,84.48,101.07,89.4,,91.0,,84.48,84.48,84.48,84.48,65.01,84.48,84.48,68.7,,76.39,84.48,91.0,,59.72,,,,69.99,69.99,,84.48,69.99,69.99,69.99,69.99,84.48,84.48,,,,,84.48,81.78,81.78,55.52,52.31,81.78,78.11,65.01,90.78,87.91,84.48,84.48,84.48,84.48,84.48,91.0,,,,,,
2019-01-25 08:00:00+01:00,,97.0,,97.0,116.49,102.68,,98.83,,97.0,93.9,94.67,93.9,68.25,93.9,97.0,75.05,,76.75,97.0,98.83,,75.0,,,,97.0,97.0,,97.0,59.99,97.0,76.0,59.99,94.67,93.9,,,,,97.0,93.9,93.9,56.71,52.99,93.9,94.99,68.25,98.59,95.1,93.9,93.9,93.9,94.67,97.0,98.83,,,,,,
2019-01-25 09:00:00+01:00,,93.64,,93.64,113.53,98.1,,96.81,,93.64,90.65,91.4,90.65,69.08,90.65,93.64,90.03,,76.64,93.64,96.81,,91.82,,,,93.64,93.64,,93.64,58.21,93.64,58.21,58.21,91.4,90.65,,,,,93.64,90.65,90.65,55.9,53.17,90.65,91.71,69.08,96.58,95.2,90.65,90.65,90.65,91.4,93.64,96.81,,,,,,
2019-01-25 10:00:00+01:00,,85.0,,85.0,100.1,89.02,,89.99,,85.0,82.96,82.96,82.96,68.77,82.96,85.0,83.37,,76.64,85.0,89.99,,85.04,,,,85.0,85.0,,85.0,50.2,85.0,50.2,50.2,82.96,82.96,,,,,85.0,82.28,82.28,55.3,53.11,82.28,83.24,68.77,89.77,89.94,82.96,82.96,82.96,82.96,85.0,89.99,,,,,,
2019-01-25 11:00:00+01:00,,78.0,,78.0,89.49,82.24,,84.43,,78.0,78.0,78.0,78.0,68.25,78.0,78.0,75.96,,77.09,78.0,84.43,,77.49,,,,78.0,78.0,,78.0,50.16,78.0,50.16,50.16,78.0,78.0,,,,,78.0,75.5,75.5,54.98,52.81,75.5,78.27,68.25,84.23,86.02,78.0,78.0,78.0,78.0,78.0,84.43,,,,,,
2019-01-25 12:00:00+01:00,,71.81,,71.81,85.15,76.88,,79.9,,71.81,69.06,71.81,69.06,67.57,69.06,71.81,69.93,,77.07,71.81,79.9,,71.34,,,,71.81,71.81,,71.81,45.0,71.81,45.0,45.0,71.81,71.81,,,,,71.81,69.06,69.06,54.74,52.68,69.06,72.56,67.57,79.71,80.33,69.06,69.06,69.06,71.81,71.81,79.9,,,,,,
2019-01-25 13:00:00+01:00,,69.87,,69.87,82.96,74.33,,75.33,,69.87,65.12,69.87,65.12,66.54,65.12,69.87,68.04,,70.36,69.87,76.08,,69.41,,,,69.87,69.87,,69.87,40.0,69.87,40.0,40.0,69.87,69.87,,,,,69.87,65.12,65.12,54.57,52.64,65.12,71.11,66.96,75.9,79.92,65.12,65.12,65.12,69.87,69.87,75.33,,,,,,
2019-01-25 14:00:00+01:00,,68.64,,68.64,82.9,72.64,,72.21,,68.64,62.65,68.64,62.65,63.87,62.65,68.64,67.31,,76.64,68.64,73.58,,68.67,,,,68.64,68.64,,68.64,41.1,68.64,41.1,41.1,68.64,68.64,,,,,68.64,62.65,62.65,54.38,52.73,62.65,69.07,67.57,73.41,79.84,62.65,62.65,62.65,68.64,68.64,72.21,,,,,,
2019-01-25 15:00:00+01:00,,65.58,,65.58,81.98,72.12,,71.8,,65.58,62.22,65.58,64.79,62.5,64.79,65.58,64.3,,80.69,68.57,73.37,,65.61,,,,68.57,68.57,,68.57,50.15,68.57,50.15,50.15,65.58,65.58,,,,,65.58,62.22,62.22,54.49,52.73,62.22,67.99,68.01,73.2,78.34,62.22,62.22,62.22,65.58,68.57,71.8,,,,,,
2019-01-25 16:00:00+01:00,,65.08,,65.08,82.18,73.07,,72.5,,65.08,63.0,65.08,65.08,63.87,65.08,65.08,63.81,,77.18,70.0,74.96,,65.11,,,,70.0,66.64,,70.0,66.64,66.64,71.0,66.64,65.08,65.08,,,,,65.08,63.0,63.0,54.54,52.52,63.0,70.17,68.16,74.79,80.06,65.08,65.08,65.08,65.08,70.0,72.5,,,,,,
2019-01-25 17:00:00+01:00,,70.87,,70.87,88.93,74.32,,76.0,,70.87,66.67,70.87,66.73,66.02,66.73,70.87,72.81,,76.67,75.13,78.35,,74.3,,,,75.13,74.28,,75.13,74.28,74.28,130.7,74.28,70.87,70.87,,,,,70.87,66.67,66.67,54.44,52.31,66.67,71.12,68.01,78.17,83.23,66.73,66.73,66.73,70.87,75.13,76.0,,,,,,
2019-01-25 18:00:00+01:00,,71.8,,71.82,79.81,74.74,,76.2,,71.74,65.6,71.74,63.48,68.77,63.48,72.03,74.0,,76.61,73.53,76.2,,79.16,,,,73.53,73.53,,73.53,73.53,73.53,140.91,73.53,71.74,71.74,,,,,71.52,61.48,61.48,54.13,52.18,61.48,71.99,68.77,76.03,80.9,63.48,63.48,63.48,71.74,73.53,76.2,,,,,,
2019-01-25 19:00:00+01:00,,61.1,,60.67,79.02,70.61,,67.81,,58.51,57.28,57.28,57.28,69.69,57.28,69.69,71.6,,76.57,69.69,73.26,,76.62,,,,69.69,69.69,,69.69,69.69,69.69,146.91,69.69,57.28,57.28,,,,,51.33,57.28,56.75,53.11,52.02,57.28,68.47,69.69,73.09,76.92,57.28,57.28,57.28,57.28,69.69,67.81,,,,,,
2019-01-25 20:00:00+01:00,,54.64,,49.8,76.4,66.87,,56.84,,50.78,50.78,55.43,55.43,67.63,55.43,67.63,71.64,,70.19,67.63,71.26,,73.12,,,,67.63,67.63,,67.63,67.63,67.63,140.91,67.63,55.43,55.43,,,,,49.5,55.43,55.43,55.43,51.94,55.43,63.08,68.16,71.1,61.92,55.43,55.43,55.43,55.43,67.63,56.84,,,,,,
2019-01-25 21:00:00+01:00,,54.0,,49.8,46.03,61.38,,49.2,,51.12,54.36,54.36,54.36,63.75,54.36,63.75,67.5,,67.89,66.88,58.38,,68.89,,,,66.88,63.34,,66.88,63.34,63.34,130.7,63.34,54.36,54.36,,,,,49.8,54.36,54.36,54.36,51.87,54.36,56.51,67.57,58.25,51.95,54.36,54.36,54.36,54.36,66.88,49.2,,,,,,
2019-01-25 22:00:00+01:00,,52.55,,59.66,40.15,62.59,,49.37,,47.16,53.59,53.59,53.59,62.96,53.59,62.96,64.67,,68.63,63.93,57.09,,65.0,,,,63.93,61.57,,63.93,61.57,61.57,93.47,61.57,53.59,53.59,,,,,47.21,53.59,53.59,53.59,51.86,53.59,53.97,65.68,56.97,52.9,53.59,53.59,53.59,53.59,63.93,57.09,,,,,,
2019-01-25 23:00:00+01:00,,51.02,,56.23,38.72,61.42,,42.76,,42.9,52.35,52.35,52.35,59.99,52.35,59.99,60.41,,68.57,59.99,59.73,,59.0,,,,59.99,58.98,,59.99,58.98,58.98,58.98,58.98,52.35,52.35,,,,,43.0,52.35,52.35,52.35,51.74,52.35,52.54,59.99,59.6,49.93,52.35,52.35,52.35,52.35,59.99,54.9,,,,,,
2019-01-26 00:00:00+01:00,,44.64,,59.92,37.16,56.39,,44.59,,44.29,51.91,51.91,51.91,60.73,51.91,60.73,64.6,,65.38,44.64,47.09,,66.23,,,,60.73,60.73,,60.73,60.73,60.73,60.73,60.73,51.91,51.91,,,,,48.9,51.91,51.91,51.91,51.91,51.91,52.05,66.6,46.99,58.74,51.91,51.91,51.91,51.91,44.64,44.59,,,,,,
2019-01-26 01:00:00+01:00,,42.61,,63.03,39.4,54.82,,42.07,,42.61,51.52,51.52,51.52,54.69,51.52,54.69,68.06,,66.98,42.61,44.24,,64.94,,,,54.69,54.69,,54.69,54.69,54.69,54.69,54.69,51.52,51.52,,,,,54.88,51.52,51.52,51.52,51.52,51.52,50.0,64.72,44.14,46.97,51.52,51.52,51.52,51.52,42.61,42.07,,,,,,
2019-01-26 02:00:00+01:00,,42.7,,57.05,39.38,53.63,,41.94,,42.51,50.98,50.98,50.98,53.14,50.98,53.14,60.11,,65.38,42.7,41.94,,57.36,,,,53.14,53.14,,53.14,53.14,53.14,53.14,53.14,50.98,50.98,,,,,49.9,50.98,50.98,50.98,50.98,50.98,49.08,53.96,41.85,44.07,50.98,50.98,50.98,50.98,42.7,41.94,,,,,,
2019-01-26 03:00:00+01:00,,42.46,,47.2,39.4,52.71,,40.16,,41.96,50.85,50.85,50.85,50.97,50.85,49.52,54.2,,65.37,42.46,40.16,,48.26,,,,51.0,51.0,,51.0,51.0,51.0,51.0,51.0,50.85,50.85,,,,,41.96,50.85,50.85,50.85,50.85,50.85,48.62,51.5,40.07,41.13,50.85,50.85,50.85,50.85,42.46,40.16,,,,,,
2019-01-26 04:00:00+01:00,,45.9,,43.42,39.41,51.03,,40.1,,41.65,51.52,51.52,51.52,51.5,51.52,45.03,51.85,,65.38,45.9,40.1,,42.16,,,,49.9,49.9,,49.9,49.9,49.9,49.9,49.9,51.52,51.52,,,,,41.65,51.52,51.52,51.52,51.43,51.52,48.59,51.5,40.01,40.16,51.52,51.52,51.52,51.52,45.9,40.1,,,,,,
2019-01-26 05:00:00+01:00,,50.84,,41.61,39.56,51.06,,41.94,,40.72,52.01,52.01,52.01,52.44,52.01,44.51,50.68,,68.83,50.84,41.94,,32.54,,,,50.84,50.84,,50.84,50.84,50.84,50.84,50.84,52.01,52.01,,,,,40.72,52.01,52.01,52.01,51.11,52.01,49.09,52.44,41.85,42.78,52.01,52.01,52.01,52.01,50.84,41.94,,,,,,
2019-01-26 06:00:00+01:00,,53.03,,45.95,39.42,51.35,,45.69,,41.53,52.44,52.44,52.44,54.47,52.44,49.58,50.69,,70.01,53.03,45.69,,26.02,,,,55.61,55.61,,55.61,55.61,55.61,55.61,55.61,52.44,52.44,,,,,41.53,52.44,52.44,52.44,51.25,52.44,52.59,54.47,45.59,54.89,52.44,52.44,52.44,52.44,53.03,45.69,,,,,,
2019-01-26 07:00:00+01:00,,62.87,,49.9,41.46,54.94,,51.01,,42.36,53.35,53.35,53.35,60.0,53.35,53.54,54.73,,75.45,62.87,52.04,,25.0,,,,62.87,62.87,,62.87,62.87,62.87,62.87,62.87,53.35,53.35,,,,,47.5,53.35,53.35,53.35,51.41,53.35,53.51,60.0,51.93,64.05,53.35,53.35,53.35,53.35,62.87,51.01,,,,,,
2019-01-26 08:00:00+01:00,,53.01,,53.92,51.24,56.04,,56.5,,51.37,53.99,53.99,53.99,63.75,53.99,55.03,53.68,,77.12,67.65,66.21,,32.46,,,,67.65,67.65,,67.65,54.68,67.65,54.68,54.68,53.99,53.99,,,,,51.37,53.99,53.99,53.99,51.56,53.99,54.15,63.75,66.08,70.51,53.99,53.99,53.99,53.99,67.65,63.67,,,,,,
2019-01-26 09:00:00+01:00,,60.46,,59.82,75.91,59.1,,61.0,,56.28,56.28,56.28,56.28,67.01,56.28,61.19,59.93,,82.73,68.88,74.21,,42.16,,,,68.88,68.88,,68.88,54.1,68.88,54.1,54.1,56.28,56.28,,,,,56.33,56.28,56.28,56.28,51.75,56.28,59.78,67.01,74.05,73.58,56.28,56.28,56.28,56.28,68.88,74.21,,,,,,
2019-01-26 10:00:00+01:00,,60.31,,59.67,72.94,61.78,,63.0,,58.62,58.62,58.62,58.72,68.4,58.72,66.49,67.96,,82.82,66.49,73.37,,50.81,,,,66.49,66.49,,66.49,49.04,66.49,49.04,49.04,58.72,58.72,,,,,58.62,58.62,58.62,58.62,51.88,58.62,63.56,68.4,73.21,74.31,58.62,58.62,58.62,58.62,66.49,73.37,,,,,,
2019-01-26 11:00:00+01:00,,60.53,,60.66,71.98,61.09,,63.09,,59.18,59.18,59.18,59.18,68.01,59.18,65.44,66.89,,83.2,65.44,81.94,,53.17,,,,65.44,65.44,,65.44,49.01,65.44,49.01,49.01,59.18,59.18,,,,,59.18,59.18,59.18,59.18,51.95,59.18,65.89,68.01,81.77,78.07,59.18,59.18,59.18,59.18,65.44,81.94,,,,,,
2019-01-26 12:00:00+01:00,,58.05,,58.53,70.1,59.28,,62.26,,56.72,56.72,56.72,56.72,66.01,56.72,62.87,64.25,,83.2,62.87,79.99,,55.88,,,,62.87,62.87,,62.87,48.18,62.87,48.18,48.18,56.72,56.72,,,,,56.72,56.72,56.72,56.72,52.0,56.72,63.19,68.01,79.82,78.96,56.72,56.72,56.72,56.72,62.87,79.99,,,,,,
2019-01-26 13:00:00+01:00,,57.44,,57.44,49.98,57.79,,59.82,,57.44,57.44,56.16,56.16,66.03,56.16,57.44,61.8,,83.14,57.44,71.26,,59.0,,,,57.44,57.44,,57.44,36.98,57.44,36.98,36.98,56.16,56.16,,,,,57.44,56.16,56.16,56.16,52.04,56.16,63.69,68.16,71.12,78.24,56.16,56.16,56.16,56.16,57.44,71.26,,,,,,
2019-01-26 14:00:00+01:00,,53.32,,53.32,46.94,55.16,,55.01,,53.32,53.32,54.61,54.61,64.8,54.61,53.32,59.07,,83.17,56.45,65.47,,55.88,,,,56.45,56.45,,56.45,49.01,56.45,49.01,49.01,54.61,54.61,,,,,53.32,54.61,54.61,54.61,52.15,54.61,59.52,68.17,71.12,72.19,54.61,54.61,54.61,54.61,56.45,65.47,,,,,,
2019-01-26 15:00:00+01:00,,53.06,,52.8,67.97,56.13,,53.56,,52.8,54.1,54.1,54.1,63.56,54.1,52.8,55.28,,83.18,58.44,71.26,,53.31,,,,58.44,58.44,,58.44,49.03,58.44,49.03,49.03,54.1,54.1,,,,,52.8,54.1,54.1,54.1,52.26,54.1,59.52,68.01,71.12,76.9,54.1,54.1,54.1,54.1,58.44,71.26,,,,,,
2019-01-26 16:00:00+01:00,,52.44,,52.44,76.63,57.73,,55.0,,52.44,54.17,55.17,62.9,60.98,62.9,52.44,55.33,,83.22,61.57,99.94,,53.31,,,,61.57,61.57,,61.57,61.57,61.57,71.0,61.57,62.9,62.9,,,,,52.44,55.17,54.17,55.17,52.24,55.17,63.09,67.97,107.0,80.9,55.17,55.17,55.17,55.17,61.57,99.94,,,,,,
2019-01-26 17:00:00+01:00,,55.95,,55.95,69.08,60.59,,60.47,,55.95,55.95,56.73,66.76,64.01,66.76,55.95,68.01,,83.18,66.17,96.36,,65.0,,,,66.17,66.17,,66.17,66.17,66.17,93.41,66.17,66.76,66.76,,,,,55.95,56.73,55.95,56.73,52.23,56.73,66.97,67.78,136.37,102.76,56.73,56.73,56.73,56.73,66.17,96.36,,,,,,
2019-01-26 18:00:00+01:00,,57.92,,57.92,41.91,60.15,,61.12,,57.92,57.92,57.92,63.44,68.07,63.44,57.92,92.58,,77.23,76.46,80.84,,95.0,,,,76.46,76.46,,76.46,76.46,76.46,130.7,76.46,63.44,63.44,,,,,57.92,56.86,56.06,56.86,52.13,56.86,63.63,68.07,125.88,94.46,57.92,57.92,57.92,57.92,76.46,80.84,,,,,,
2019-01-26 19:00:00+01:00,,54.13,,52.92,41.45,56.48,,55.76,,53.78,53.78,55.11,55.11,68.5,55.11,55.39,86.44,,77.23,74.69,84.93,,88.7,,,,74.69,74.69,,74.69,74.69,74.69,140.91,74.69,55.11,55.11,,,,,52.75,55.11,55.11,55.11,51.99,55.11,63.1,68.5,98.61,89.82,55.11,55.11,55.11,55.11,74.69,84.93,,,,,,
2019-01-26 20:00:00+01:00,,48.18,,47.5,39.4,54.01,,51.01,,47.98,52.53,53.06,53.06,68.25,53.06,48.89,74.85,,77.21,68.16,70.98,,69.0,,,,68.16,68.16,,68.16,68.16,68.16,137.75,68.16,53.06,53.06,,,,,47.4,53.06,53.06,53.06,51.89,53.06,59.72,68.25,70.84,83.32,53.06,53.06,53.06,53.06,68.16,70.0,,,,,,
2019-01-26 21:00:00+01:00,,44.99,,44.99,56.61,53.13,,47.63,,44.99,44.99,52.42,52.42,66.5,52.42,44.99,59.43,,75.94,65.0,66.56,,54.81,,,,65.0,65.0,,65.0,65.0,65.0,119.75,65.0,52.42,52.42,,,,,44.99,52.42,52.42,52.42,51.78,52.42,52.58,66.5,66.43,70.02,52.42,52.42,52.42,52.42,65.0,56.0,,,,,,
2019-01-26 22:00:00+01:00,,51.58,,44.62,43.49,53.16,,45.0,,43.9,43.9,51.92,51.92,60.07,51.92,50.45,59.35,,75.75,61.93,63.07,,50.78,,,,61.93,61.93,,61.93,61.93,61.93,92.99,61.93,51.92,51.92,,,,,44.04,51.92,51.92,51.92,51.67,51.92,52.08,60.07,62.94,64.97,51.92,51.92,51.92,51.92,61.93,45.0,,,,,,
2019-01-26 23:00:00+01:00,,41.3,,40.74,39.37,52.97,,40.7,,37.75,37.75,51.14,51.14,54.12,51.14,54.12,55.28,,74.34,46.0,47.97,,39.0,,,,54.17,54.17,,54.17,54.17,54.17,54.17,54.17,51.14,51.14,,,,,40.4,51.14,51.14,51.14,51.14,51.14,51.31,54.12,47.88,59.96,51.14,51.14,51.14,51.14,46.0,40.7,,,,,,
2019-01-27 00:00:00+01:00,,46.0,,43.7,23.75,49.65,,33.3,,28.42,45.48,51.48,51.48,57.04,51.48,51.88,63.37,,70.05,46.0,55.25,,0.0,,,,61.57,61.57,,61.57,61.57,61.57,61.57,61.57,51.48,51.48,,,,,45.0,51.48,51.48,51.48,51.48,51.48,44.19,67.97,55.24,56.71,51.48,51.48,51.48,51.48,46.0,33.3,,,,,,
2019-01-27 01:00:00+01:00,,48.08,,42.1,22.54,46.79,,29.0,,24.48,40.46,40.46,51.02,47.97,51.02,37.48,58.76,,69.87,48.08,45.95,,0.0,,,,60.0,60.0,,60.0,60.0,60.0,60.0,60.0,51.02,51.02,,,,,48.0,51.02,51.02,51.02,51.02,51.02,41.09,49.51,45.94,53.91,51.02,51.02,51.02,51.02,48.08,29.0,,,,,,
2019-01-27 02:00:00+01:00,,47.06,,29.86,22.55,40.73,,29.1,,19.98,20.83,20.83,50.71,44.1,50.71,30.74,50.67,,68.79,47.06,41.55,,0.0,,,,58.41,58.41,,58.41,58.41,58.41,58.41,58.41,50.71,50.71,,,,,44.6,50.71,50.71,50.71,50.71,50.71,39.96,47.47,41.55,43.96,50.71,50.71,50.71,50.71,47.06,29.1,,,,,,
2019-01-27 03:00:00+01:00,,45.03,,26.43,22.54,40.25,,25.55,,18.13,20.06,20.06,50.66,31.5,50.66,25.31,40.22,,68.15,46.1,39.55,,-0.1,,,,57.05,57.05,,57.05,57.05,57.05,57.05,57.05,50.66,50.66,,,,,38.9,50.66,50.66,50.66,50.66,50.66,37.64,44.56,39.55,41.02,50.66,50.66,50.66,50.66,46.1,25.55,,,,,,
2019-01-27 04:00:00+01:00,,45.08,,21.64,23.7,39.83,,25.0,,13.61,16.78,16.78,50.76,25.54,50.76,21.07,34.47,,68.18,46.1,40.53,,-0.15,,,,57.59,57.59,,57.59,57.59,57.59,57.59,57.59,50.76,50.76,,,,,33.58,50.76,50.76,50.76,50.76,50.76,36.94,43.06,40.52,36.94,50.76,50.76,50.76,50.76,46.1,25.0,,,,,,
2019-01-27 05:00:00+01:00,,47.09,,19.27,26.28,40.8,,25.16,,15.34,26.58,26.58,50.84,24.94,50.84,18.98,19.34,,68.84,55.15,40.26,,-0.15,,,,55.15,55.15,,55.15,55.15,55.15,55.15,55.15,50.84,50.84,,,,,19.9,50.84,50.84,50.84,50.84,50.84,36.35,42.01,41.55,34.14,50.84,50.84,50.84,50.84,55.15,25.16,,,,,,
2019-01-27 06:00:00+01:00,,48.07,,21.48,25.53,38.0,,26.92,,3.65,38.61,38.61,51.4,19.74,51.4,19.74,25.11,,68.92,61.57,44.0,,-0.15,,,,61.57,61.57,,61.57,61.57,61.57,61.57,61.57,51.4,51.4,,,,,26.0,51.4,51.4,51.4,51.4,51.4,32.51,41.1,43.99,38.02,51.4,51.4,51.4,51.4,61.57,26.92,,,,,,
2019-01-27 07:00:00+01:00,,49.02,,29.66,37.01,36.98,,27.58,,24.47,45.1,51.46,51.46,28.51,51.46,28.51,36.12,,70.02,62.87,52.05,,0.0,,,,62.87,62.87,,62.87,62.87,62.87,62.87,62.87,51.46,51.46,,,,,37.4,51.46,51.46,51.46,51.46,51.46,33.35,41.1,52.04,46.91,51.46,51.46,51.46,51.46,62.87,27.58,,,,,,
2019-01-27 08:00:00+01:00,,49.56,,34.14,39.37,43.32,,32.38,,27.04,45.68,51.45,51.45,33.14,51.45,33.14,33.77,,68.75,63.94,64.24,,0.0,,,,63.94,63.94,,63.94,63.94,63.94,63.94,63.94,51.45,51.45,,,,,34.97,51.45,51.45,51.45,51.45,51.45,39.25,41.1,64.23,52.32,51.45,51.45,51.45,51.45,63.94,32.38,,,,,,
2019-01-27 09:00:00+01:00,,52.97,,43.33,37.85,48.24,,41.16,,32.97,45.68,51.66,51.66,40.84,51.66,40.84,41.61,,68.32,65.43,69.05,,10.0,,,,65.43,65.43,,65.43,63.35,65.43,63.35,63.35,51.66,51.66,,,,,43.1,51.66,51.66,51.66,51.66,51.66,47.81,41.8,69.04,65.04,51.66,51.66,51.66,51.66,65.43,56.0,,,,,,
2019-01-27 10:00:00+01:00,,52.07,,48.29,37.6,50.01,,45.0,,39.06,50.59,52.61,52.61,44.63,52.61,44.63,55.78,,68.35,73.12,71.15,,50.01,,,,66.45,66.45,,66.45,49.0,66.45,49.0,49.0,52.61,52.61,,,,,54.35,52.61,52.61,52.61,52.25,52.61,49.11,44.63,71.14,67.1,52.61,52.61,52.61,52.61,73.12,70.0,,,,,,
2019-01-27 11:00:00+01:00,,49.52,,50.11,39.39,50.98,,45.0,,44.05,52.56,52.64,52.64,47.23,52.64,47.23,69.79,,68.35,88.21,70.0,,50.03,,,,65.43,65.43,,65.43,48.97,65.43,48.97,48.97,52.64,52.64,,,,,55.0,52.64,52.64,52.64,52.36,52.64,52.57,47.23,69.99,68.68,52.64,52.64,52.64,52.64,88.21,70.0,,,,,,
2019-01-27 12:00:00+01:00,,50.02,,46.97,39.37,53.11,,45.0,,46.86,52.25,52.25,52.25,46.97,52.25,46.97,57.58,,66.99,64.49,66.95,,52.07,,,,64.49,64.49,,64.49,48.96,64.49,48.96,48.96,52.25,52.25,,,,,46.97,52.25,52.25,52.25,52.25,52.25,52.18,47.47,66.94,67.08,52.25,52.25,52.25,52.25,64.49,56.0,,,,,,
2019-01-27 13:00:00+01:00,,49.54,,43.24,39.39,51.96,,44.11,,42.97,52.04,52.04,52.04,43.24,52.04,43.24,65.52,,65.39,61.94,62.33,,40.0,,,,61.94,61.94,,61.94,48.94,61.94,48.94,48.94,52.04,52.04,,,,,43.25,52.04,52.04,52.04,52.04,52.04,51.97,49.01,62.33,59.02,52.04,52.04,52.04,52.04,61.94,49.34,,,,,,
2019-01-27 14:00:00+01:00,,47.03,,41.31,41.42,50.03,,44.42,,41.18,52.05,52.05,52.05,41.31,52.05,41.31,62.18,,70.0,62.87,60.21,,56.99,,,,62.87,62.87,,62.87,48.96,62.87,48.96,48.96,52.05,52.05,,,,,41.25,52.05,52.05,52.05,52.05,52.05,48.2,46.88,60.21,55.0,52.05,52.05,52.05,52.05,62.87,44.42,,,,,,
2019-01-27 15:00:00+01:00,,49.5,,40.5,60.28,53.02,,42.63,,40.5,52.17,52.17,52.5,40.5,52.5,40.5,51.81,,70.01,61.24,60.23,,52.19,,,,61.24,61.24,,61.24,49.0,61.24,49.0,49.0,52.17,52.5,,,,,40.67,52.17,52.17,52.17,52.17,52.17,47.21,45.1,60.23,60.04,52.17,52.17,52.17,52.17,61.24,42.63,,,,,,
2019-01-27 16:00:00+01:00,,49.54,,41.18,75.21,53.17,,45.0,,41.18,53.49,53.49,58.82,41.18,58.82,41.18,49.61,,76.9,62.87,65.98,,52.19,,,,62.87,62.87,,62.87,62.87,62.87,70.81,62.87,53.49,58.82,,,,,41.26,53.49,53.49,53.49,52.75,53.49,53.42,46.88,82.91,62.07,53.49,53.49,53.49,53.49,62.87,51.67,,,,,,
2019-01-27 17:00:00+01:00,,49.6,,47.22,76.59,54.89,,49.1,,47.25,54.31,54.31,61.05,47.2,61.05,47.2,63.82,,80.72,66.16,70.08,,65.68,,,,66.16,66.16,,66.16,66.16,66.16,93.41,66.16,54.31,61.05,,,,,47.25,54.31,54.31,54.31,52.72,54.31,54.24,47.47,98.64,70.77,54.31,54.31,54.31,54.31,66.16,58.8,,,,,,
2019-01-27 18:00:00+01:00,,52.64,,52.64,75.19,56.99,,54.51,,52.64,54.38,54.38,60.04,52.64,60.04,52.64,95.31,,77.26,72.89,71.45,,100.49,,,,72.89,72.89,,72.89,72.89,72.89,93.41,72.89,54.38,60.04,,,,,52.64,54.38,54.38,54.38,52.68,54.38,54.31,52.64,87.51,75.0,54.38,54.38,54.38,54.38,72.89,55.0,,,,,,
2019-01-27 19:00:00+01:00,,54.43,,63.58,73.16,56.39,,55.13,,52.96,54.26,54.26,56.93,59.2,56.93,59.2,92.19,,77.18,72.89,73.07,,120.36,,,,72.89,72.89,,72.89,72.89,72.89,130.0,72.89,54.26,56.93,,,,,52.96,54.26,54.26,54.26,52.68,54.26,54.19,67.69,86.91,77.03,54.26,54.26,54.26,54.26,72.89,55.54,,,,,,
2019-01-27 20:00:00+01:00,,50.44,,50.44,71.92,54.91,,52.5,,50.44,53.61,53.61,53.61,62.07,53.61,50.44,79.43,,76.64,70.05,69.01,,101.3,,,,70.05,70.05,,70.05,70.05,70.05,93.41,70.05,53.61,53.61,,,,,50.44,53.61,53.61,53.61,52.65,53.61,53.54,68.17,69.01,71.06,53.61,53.61,53.61,53.61,70.05,56.5,,,,,,
2019-01-27 21:00:00+01:00,,49.5,,47.78,63.41,53.09,,48.65,,47.74,52.8,52.8,53.43,64.18,53.43,47.78,66.76,,74.34,65.0,67.52,,78.0,,,,65.0,65.0,,65.0,65.0,65.0,91.81,65.0,52.8,53.43,,,,,47.78,52.8,52.8,52.8,52.65,52.8,50.81,68.17,67.52,62.86,52.8,52.8,52.8,52.8,65.0,48.65,,,,,,
2019-01-27 22:00:00+01:00,,50.82,,50.82,43.5,52.95,,49.0,,50.82,52.5,52.5,52.5,60.02,52.5,50.82,55.36,,70.01,61.57,61.01,,61.0,,,,61.57,61.57,,61.57,61.57,61.57,61.57,61.57,44.95,52.5,,,,,50.82,52.5,52.5,52.5,52.5,52.5,44.89,68.01,61.01,60.46,52.5,52.5,52.5,52.5,61.57,49.0,,,,,,
2019-01-27 23:00:00+01:00,,49.0,,49.59,36.77,51.01,,44.2,,44.81,51.53,51.53,51.53,51.82,51.53,51.82,55.17,,70.05,49.0,47.01,,69.0,,,,53.28,53.28,,53.28,53.28,53.28,53.28,53.28,49.02,51.53,,,,,44.85,51.53,51.53,51.53,51.53,51.53,41.82,67.67,47.01,50.04,51.53,51.53,51.53,51.53,49.0,44.2,,,,,,
2019-01-28 00:00:00+01:00,,47.06,,49.77,22.53,47.13,,39.7,,42.4,51.02,51.02,51.02,45.33,51.02,45.33,52.29,,68.98,47.06,45.54,,66.0,,,,49.9,49.9,,49.9,49.9,49.9,49.9,49.9,51.02,51.02,,,,,49.39,51.02,51.02,51.02,51.02,51.02,41.27,49.01,45.55,55.27,51.02,51.02,51.02,51.02,47.06,39.7,,,,,,
2019-01-28 01:00:00+01:00,,40.97,,40.97,22.54,43.16,,38.5,,40.97,50.51,50.51,50.51,40.97,50.51,40.97,55.24,,68.28,40.97,42.46,,58.25,,,,40.97,40.97,,40.97,40.97,40.97,40.97,40.97,50.51,50.51,,,,,40.97,50.51,50.51,50.51,50.51,50.51,39.34,45.1,42.47,48.93,50.51,50.51,50.51,50.51,40.97,38.5,,,,,,
2019-01-28 02:00:00+01:00,,40.42,,40.42,22.52,40.38,,37.2,,40.42,50.32,50.32,50.32,40.42,50.32,40.42,55.79,,65.38,40.42,40.2,,57.43,,,,40.42,40.42,,40.42,40.42,40.42,40.42,40.42,50.32,50.32,,,,,40.42,50.32,50.32,50.32,50.32,50.32,39.49,43.81,40.21,45.11,50.32,50.32,50.32,50.32,40.42,37.2,,,,,,
2019-01-28 03:00:00+01:00,,37.8,,37.8,22.52,39.96,,36.6,,37.8,50.39,50.39,50.39,37.8,50.39,37.8,54.1,,65.38,37.8,39.21,,55.69,,,,37.8,37.8,,37.8,37.8,37.8,37.8,37.8,50.39,50.39,,,,,37.8,50.39,50.39,50.39,50.39,50.39,39.52,43.06,39.22,44.97,50.39,50.39,50.39,50.39,37.8,36.6,,,,,,
2019-01-28 04:00:00+01:00,,38.09,,38.09,22.54,40.31,,37.81,,38.09,50.97,50.97,50.97,38.09,50.97,38.09,53.56,,65.38,38.09,40.8,,55.12,,,,38.09,38.09,,38.09,38.09,38.09,38.09,38.09,50.97,50.97,,,,,38.09,50.97,50.97,50.97,50.97,50.97,41.39,43.06,40.82,43.94,50.97,50.97,50.97,50.97,38.09,37.81,,,,,,
2019-01-28 05:00:00+01:00,,47.01,,41.83,30.06,46.4,,41.0,,41.83,53.57,53.57,58.85,41.83,58.85,41.83,53.64,,68.73,47.01,46.98,,55.21,,,,47.01,47.01,,47.01,47.01,47.01,47.01,47.01,53.57,58.85,,,,,41.83,53.57,53.57,53.57,51.92,53.57,42.6,43.06,47.0,45.98,53.57,53.57,53.57,53.57,47.01,41.0,,,,,,
2019-01-28 06:00:00+01:00,,56.45,,53.09,55.01,55.61,,56.0,,53.09,53.09,55.14,64.05,48.35,64.43,53.08,60.14,,75.48,60.21,64.97,,57.6,,,,60.21,60.21,,60.21,60.21,60.21,60.21,60.21,64.05,64.05,,,,,53.09,55.14,55.14,53.46,52.24,55.14,59.14,48.35,65.0,58.48,55.14,55.14,55.14,55.14,60.21,56.0,,,,,,
2019-01-28 07:00:00+01:00,,64.04,,64.04,58.09,63.9,,63.0,,64.04,64.04,64.04,70.05,64.04,70.05,64.04,66.33,,72.51,64.04,70.03,,63.0,,,,64.04,63.35,,64.04,63.35,63.35,63.35,63.35,70.05,70.05,,,,,64.04,61.99,61.99,55.44,52.72,61.99,64.45,64.04,73.29,73.01,61.99,61.99,61.99,64.04,64.04,63.0,,,,,,
2019-01-28 08:00:00+01:00,,66.04,,65.13,67.5,65.93,,65.82,,64.88,64.88,64.88,66.6,65.1,66.6,65.1,66.33,,76.38,69.56,69.94,,68.26,,,,69.56,62.48,,69.56,62.48,62.48,93.34,62.48,66.6,66.6,,,,,64.65,64.88,64.88,56.93,52.98,64.88,67.02,65.1,89.98,77.03,61.17,61.17,64.88,64.88,69.56,65.82,,,,,,
2019-01-28 09:00:00+01:00,,66.91,,66.51,55.17,65.32,,70.0,,62.2,62.2,62.2,66.7,65.0,66.7,65.0,66.23,,76.38,73.55,70.07,,68.15,,,,73.55,61.36,,73.55,61.36,61.36,81.0,61.36,66.7,66.7,,,,,59.92,61.9,61.9,56.97,53.46,61.9,67.11,65.0,71.2,77.01,61.9,61.9,61.9,62.2,73.55,70.0,,,,,,
2019-01-28 10:00:00+01:00,,66.94,,63.96,55.95,64.7,,68.31,,58.38,58.38,58.38,66.7,63.96,66.7,63.96,69.87,,70.88,67.0,70.32,,71.88,,,,67.0,60.0,,67.0,60.0,60.0,60.0,60.0,66.7,66.7,,,,,53.43,58.38,57.85,56.63,53.34,58.38,67.1,63.96,70.37,75.94,58.38,58.38,58.38,58.38,67.0,68.31,,,,,,
2019-01-28 11:00:00+01:00,,66.4,,56.64,52.01,64.29,,67.0,,55.92,55.92,57.3,68.08,57.44,68.08,57.44,73.31,,69.6,66.81,67.0,,75.42,,,,66.81,57.25,,66.81,57.25,57.25,57.25,57.25,68.08,68.08,,,,,55.78,57.3,56.75,55.85,52.96,57.3,68.49,57.44,67.06,73.07,57.3,57.3,57.3,57.3,66.81,67.0,,,,,,
2019-01-28 12:00:00+01:00,,64.6,,55.75,51.16,62.96,,64.8,,55.12,55.57,56.93,68.46,57.97,68.46,57.97,65.2,,69.6,64.6,65.45,,68.7,,,,64.6,55.15,,64.6,55.15,55.15,55.15,55.15,68.46,68.46,,,,,53.79,56.93,55.57,56.59,52.88,56.93,68.87,57.97,65.51,72.05,56.93,56.93,56.93,56.93,64.6,64.8,,,,,,
2019-01-28 13:00:00+01:00,,64.99,,52.42,50.95,62.91,,63.61,,51.36,55.45,56.9,68.07,54.95,68.07,54.95,69.12,,69.6,64.99,64.97,,72.83,,,,64.99,51.99,,64.99,51.99,51.99,51.99,51.99,68.07,68.07,,,,,50.0,56.9,55.45,56.2,52.87,56.9,68.83,54.95,65.04,70.79,56.9,56.9,56.9,56.9,64.99,63.61,,,,,,
2019-01-28 14:00:00+01:00,,66.2,,50.29,49.94,62.97,,63.11,,48.63,55.25,57.37,66.56,52.3,66.56,52.3,66.44,,70.05,66.2,64.17,,70.0,,,,66.2,57.25,,66.2,57.25,57.25,57.25,57.25,66.56,66.56,,,,,48.96,57.37,55.25,56.29,52.86,57.37,67.11,52.3,64.24,71.94,57.37,57.37,57.37,57.37,66.2,63.11,,,,,,
2019-01-28 15:00:00+01:00,,66.06,,49.17,51.12,62.65,,63.1,,47.34,55.14,58.0,66.24,51.49,66.24,51.49,70.4,,75.32,70.0,63.1,,72.4,,,,70.0,61.18,,70.0,61.18,61.18,61.18,61.18,66.24,66.24,,,,,47.4,58.0,55.14,57.11,52.85,58.0,66.61,51.49,63.17,72.0,58.0,58.0,58.0,58.0,70.0,63.1,,,,,,
2019-01-28 16:00:00+01:00,,66.96,,51.74,48.26,61.74,,64.95,,48.83,55.18,59.67,68.42,53.97,68.42,53.97,57.84,,86.2,73.55,64.95,,65.0,,,,73.55,62.48,,73.55,62.48,62.48,73.84,62.48,68.42,68.42,,,,,51.74,59.67,55.41,58.39,52.74,59.67,68.79,53.97,67.03,75.08,59.67,59.67,59.67,59.67,73.55,64.95,,,,,,
2019-01-28 17:00:00+01:00,,67.95,,62.0,58.05,65.85,,66.5,,60.83,60.83,61.38,68.47,62.38,68.47,62.38,85.37,,86.5,67.95,68.05,,89.92,,,,74.93,66.16,,74.93,66.16,66.16,93.34,66.16,68.47,68.47,,,,,62.0,61.38,60.59,57.76,52.73,61.38,68.83,62.38,73.34,78.03,61.38,61.38,61.38,61.38,67.95,66.5,,,,,,
2019-01-28 18:00:00+01:00,,67.9,,78.97,52.21,69.95,,65.0,,59.64,59.64,59.64,66.61,68.45,66.61,71.51,106.02,,86.5,67.9,67.25,,147.6,,,,73.0,73.0,,73.0,73.0,73.0,140.91,73.0,66.61,66.61,,,,,59.9,59.64,59.5,56.32,52.48,59.64,66.96,68.45,68.34,78.07,59.64,59.64,59.64,59.64,67.9,65.0,,,,,,
2019-01-28 19:00:00+01:00,,68.17,,72.55,45.51,68.34,,65.0,,54.37,55.49,56.44,56.44,70.01,56.44,70.01,99.12,,86.2,68.17,65.0,,151.84,,,,70.2,70.2,,70.2,70.2,70.2,146.91,70.2,56.44,56.44,,,,,53.85,56.44,55.63,55.66,52.44,56.44,65.62,70.01,65.09,77.01,56.44,56.44,56.44,56.44,68.17,65.0,,,,,,
2019-01-28 20:00:00+01:00,,66.94,,63.94,26.73,67.48,,59.23,,47.54,55.17,55.17,55.17,68.65,55.17,68.65,88.51,,86.1,66.94,59.23,,120.36,,,,68.65,68.65,,68.65,68.65,68.65,140.91,68.65,55.17,55.17,,,,,49.9,55.17,55.17,55.17,52.38,55.17,63.06,68.65,59.32,73.08,55.17,55.17,55.17,55.17,66.94,59.23,,,,,,
2019-01-28 21:00:00+01:00,,56.05,,65.48,26.34,64.04,,55.0,,45.69,54.79,54.79,54.79,67.18,54.79,63.71,73.31,,68.43,56.05,55.63,,81.09,,,,63.71,63.71,,63.71,63.71,63.71,139.0,63.71,54.79,54.79,,,,,50.35,54.79,54.79,54.79,52.27,54.79,55.06,68.77,55.72,63.93,54.79,54.79,54.79,54.79,56.05,55.0,,,,,,
2019-01-28 22:00:00+01:00,,50.28,,60.53,22.54,63.69,,52.4,,46.36,53.68,53.68,53.68,64.29,53.68,64.29,65.58,,68.64,50.28,55.02,,69.05,,,,64.29,62.48,,64.29,62.48,62.48,93.34,62.48,53.68,53.68,,,,,46.36,53.68,53.68,53.68,52.19,53.68,53.94,68.74,55.11,64.22,53.68,53.68,53.68,53.68,50.28,52.4,,,,,,
2019-01-28 23:00:00+01:00,,52.08,,49.3,22.54,59.09,,48.08,,43.91,52.36,52.36,52.36,57.12,52.36,57.12,58.27,,74.63,52.08,48.08,,70.58,,,,59.61,59.61,,59.61,59.61,59.61,59.61,59.61,52.36,52.36,,,,,44.9,52.36,52.36,52.36,51.96,52.36,52.6,68.77,48.17,59.93,52.36,52.36,52.36,52.36,52.08,48.08,,,,,,
2019-01-29 00:00:00+01:00,,49.76,,56.23,22.54,58.04,,47.7,,44.87,51.31,51.31,51.31,55.0,51.31,55.0,56.29,,68.18,49.76,48.17,,64.9,,,,57.47,57.47,,57.47,57.47,57.47,57.47,57.47,51.31,51.31,,,,,47.6,51.31,51.31,51.31,51.31,51.31,51.31,66.55,42.68,61.09,51.31,51.31,51.31,51.31,49.76,47.7,,,,,,
2019-01-29 01:00:00+01:00,,49.09,,49.43,22.53,52.27,,45.5,,48.07,50.69,50.69,50.69,50.15,50.69,50.15,56.95,,65.38,49.09,45.5,,59.78,,,,56.47,56.47,,56.47,56.47,56.47,56.47,56.47,50.69,50.69,,,,,48.66,50.69,50.69,50.69,50.69,50.69,50.14,65.87,41.95,48.57,50.69,50.69,50.69,50.69,49.09,45.5,,,,,,
2019-01-29 02:00:00+01:00,,48.22,,49.16,22.53,51.44,,44.67,,47.49,50.59,50.59,50.59,49.89,50.59,49.89,55.77,,65.38,48.22,44.67,,58.56,,,,55.0,55.0,,55.0,55.0,55.0,55.0,55.0,50.59,50.59,,,,,48.09,50.59,50.59,50.59,50.59,50.59,48.98,65.1,41.95,46.78,50.59,50.59,50.59,50.59,48.22,44.67,,,,,,
2019-01-29 03:00:00+01:00,,45.53,,46.5,22.53,51.49,,43.8,,44.59,51.0,51.0,51.0,47.43,51.0,47.43,54.65,,63.0,45.53,43.8,,57.4,,,,56.45,56.45,,56.45,56.45,56.45,56.45,56.45,51.0,51.0,,,,,45.22,51.0,51.0,51.0,51.0,51.0,48.63,53.95,42.59,45.08,51.0,51.0,51.0,51.0,45.53,43.8,,,,,,
2019-01-29 04:00:00+01:00,,45.97,,45.97,22.54,50.96,,44.77,,45.97,51.56,51.56,51.56,45.97,51.56,45.97,54.59,,65.38,45.97,44.77,,57.35,,,,56.53,56.53,,56.53,56.53,56.53,56.53,56.53,51.56,51.56,,,,,45.97,51.56,51.56,51.56,51.56,51.56,49.1,52.33,44.86,46.96,51.56,51.56,51.56,51.56,45.97,44.77,,,,,,
2019-01-29 05:00:00+01:00,,49.25,,47.76,39.03,53.06,,49.61,,46.46,54.18,54.18,54.18,49.07,54.18,49.07,54.57,,68.35,49.25,51.04,,57.35,,,,57.16,57.16,,57.16,57.16,57.16,57.16,57.16,54.18,54.18,,,,,47.4,54.18,54.18,52.79,52.16,54.18,51.56,52.33,51.13,53.98,54.18,54.18,54.18,54.18,49.25,49.61,,,,,,
2019-01-29 06:00:00+01:00,,63.04,,56.31,48.05,62.79,,59.8,,55.82,56.58,56.58,59.22,56.91,59.22,56.91,58.13,,76.34,64.94,60.02,,61.12,,,,64.94,64.94,,64.94,64.94,64.94,64.94,64.94,59.22,59.22,,,,,55.93,56.58,56.58,52.45,52.29,56.58,59.25,56.91,60.13,64.48,56.58,56.58,56.58,56.58,64.94,59.8,,,,,,
2019-01-29 07:00:00+01:00,,67.96,,69.81,66.39,71.77,,71.75,,67.67,67.67,67.67,67.67,66.64,67.67,68.77,67.02,,76.45,71.9,71.75,,65.13,,,,71.9,71.9,,71.9,71.9,71.9,99.01,71.9,67.67,67.67,,,,,65.78,67.67,67.67,55.18,52.59,67.67,67.71,66.64,71.88,72.93,67.67,67.67,67.67,67.67,71.9,71.75,,,,,,
2019-01-29 08:00:00+01:00,,72.96,,73.21,80.71,75.29,,73.9,,72.8,72.8,72.8,72.8,67.83,72.8,73.14,75.04,,76.04,83.02,73.9,,78.93,,,,83.02,77.93,,83.02,77.93,77.93,139.87,77.93,72.8,72.8,,,,,72.98,72.8,72.8,58.44,53.36,72.8,72.85,67.83,74.04,77.17,72.8,72.8,72.8,72.8,83.02,73.9,,,,,,
2019-01-29 09:00:00+01:00,,71.8,,73.74,78.58,75.05,,74.5,,70.63,70.63,70.63,70.63,68.07,70.63,73.1,74.61,,71.44,85.0,74.5,,76.64,,,,85.0,77.93,,85.0,77.93,77.93,139.87,77.93,70.63,70.63,,,,,72.58,70.63,70.63,58.25,55.02,70.63,70.68,68.07,74.64,76.02,70.63,70.63,70.63,70.63,85.0,74.5,,,,,,
2019-01-29 10:00:00+01:00,,71.76,,73.21,66.48,72.09,,71.9,,70.38,70.38,70.38,70.38,67.78,70.38,72.95,77.19,,70.09,80.0,72.21,,79.32,,,,80.0,68.05,,80.0,68.05,68.05,129.87,68.05,70.38,70.38,,,,,71.36,70.38,70.38,64.18,55.35,70.38,70.43,67.78,72.34,75.03,70.38,70.38,70.38,70.38,80.0,71.9,,,,,,
2019-01-29 11:00:00+01:00,,69.78,,73.3,70.84,71.55,,70.75,,67.51,67.51,67.51,67.51,66.58,67.51,72.25,75.85,,70.07,75.04,73.67,,77.96,,,,75.04,65.29,,75.04,65.29,65.29,92.87,65.29,67.51,67.51,,,,,70.14,67.51,67.51,59.51,53.18,67.51,67.57,66.58,73.81,73.99,67.51,67.51,67.51,67.51,75.04,70.75,,,,,,
2019-01-29 12:00:00+01:00,,67.94,,70.52,72.57,67.71,,70.25,,64.03,64.03,64.03,64.03,64.99,64.03,69.98,73.26,,69.48,69.98,72.2,,75.31,,,,69.98,63.3,,69.98,63.3,63.3,92.87,63.3,64.03,64.03,,,,,65.99,64.03,64.03,58.74,53.36,64.03,65.27,64.99,72.34,71.88,64.03,64.03,64.03,64.03,69.98,70.25,,,,,,
2019-01-29 13:00:00+01:00,,66.3,,70.11,73.97,66.86,,70.25,,63.84,63.84,63.84,63.96,62.65,63.96,68.99,71.21,,69.41,68.99,70.25,,73.23,,,,68.99,62.65,,68.99,62.65,62.65,91.87,62.65,63.96,63.96,,,,,66.77,63.84,63.84,57.77,53.04,63.84,66.67,62.65,70.39,70.95,63.84,63.84,63.84,63.84,68.99,70.25,,,,,,
2019-01-29 14:00:00+01:00,,66.56,,66.56,78.15,65.06,,67.25,,66.56,66.56,66.56,66.56,57.51,66.56,66.56,68.32,,71.74,72.12,70.09,,70.28,,,,72.12,63.99,,72.12,63.99,63.99,92.87,63.99,66.56,66.56,,,,,66.56,66.56,66.56,56.26,52.9,66.56,66.63,57.51,70.23,68.89,66.56,66.56,66.56,66.56,72.12,67.25,,,,,,
2019-01-29 15:00:00+01:00,,66.0,,66.0,75.92,65.92,,68.0,,66.0,66.0,66.0,66.0,57.42,66.0,66.0,67.73,,76.05,75.49,70.73,,69.69,,,,75.49,68.99,,75.49,68.99,68.99,92.87,68.99,66.0,66.0,,,,,66.0,66.0,66.0,55.49,52.96,66.0,66.08,57.42,70.87,68.99,66.0,66.0,66.0,66.0,75.49,68.0,,,,,,
2019-01-29 16:00:00+01:00,,69.33,,69.33,81.14,67.8,,70.43,,69.33,69.33,69.33,69.33,59.62,69.33,69.33,71.12,,74.19,78.0,73.25,,73.2,,,,78.0,77.93,,78.0,77.93,77.93,139.87,77.93,69.33,69.33,,,,,69.33,69.33,69.33,55.75,52.81,69.33,69.41,59.62,73.39,75.01,69.33,69.33,69.33,69.33,78.0,70.43,,,,,,
2019-01-29 17:00:00+01:00,,71.45,,71.45,86.07,73.3,,77.99,,71.45,71.45,71.45,71.45,64.07,71.45,71.45,81.46,,76.6,85.0,77.99,,83.86,,,,85.0,80.0,,85.0,80.0,80.0,140.91,80.0,71.45,71.45,,,,,71.45,71.45,71.45,55.71,52.74,71.45,71.54,64.07,78.14,77.42,67.12,67.12,71.45,71.45,85.0,77.99,,,,,,
2019-01-29 18:00:00+01:00,,72.82,,72.82,79.81,75.93,,75.71,,72.82,72.82,72.82,72.82,65.53,72.82,72.82,87.49,,77.18,79.81,77.84,,92.3,,,,79.81,79.81,,79.81,79.81,79.81,140.91,79.81,72.82,72.82,,,,,72.82,72.82,72.82,55.14,52.78,72.82,72.91,65.53,77.99,80.65,62.58,62.58,72.82,72.82,79.81,75.71,,,,,,
2019-01-29 19:00:00+01:00,,69.81,,69.81,79.01,71.59,,71.82,,69.81,68.14,68.14,68.14,67.67,68.14,69.81,81.82,,77.5,78.48,73.25,,86.34,,,,78.48,78.48,,78.48,78.48,78.48,146.91,78.48,68.14,68.14,,,,,69.81,68.14,68.14,53.87,52.75,68.14,69.31,67.67,73.39,75.01,61.19,61.19,68.14,68.14,78.48,71.82,,,,,,
2019-01-29 20:00:00+01:00,,64.91,,61.54,72.44,69.24,,66.25,,59.51,58.08,58.08,58.08,65.84,58.08,65.84,77.93,,76.4,70.0,68.36,,80.31,,,,70.0,70.0,,70.0,70.0,70.0,140.91,70.0,58.08,58.08,,,,,56.22,58.08,58.08,58.08,52.68,58.08,64.01,65.84,68.5,68.9,58.08,58.08,58.08,58.08,70.0,66.25,,,,,,
2019-01-29 21:00:00+01:00,,56.08,,58.31,62.41,62.94,,58.8,,55.74,55.74,55.74,55.74,60.54,55.74,57.05,70.25,,77.5,66.08,63.78,,72.41,,,,66.08,66.08,,66.08,66.08,66.08,130.7,66.08,55.74,55.74,,,,,53.47,55.74,55.74,55.74,52.6,55.74,55.83,63.05,63.91,63.45,55.74,55.74,55.74,55.74,66.08,58.8,,,,,,
2019-01-29 22:00:00+01:00,,55.12,,63.59,46.03,61.64,,54.35,,53.83,53.83,53.83,53.83,59.06,53.83,59.06,61.86,,76.91,55.12,59.73,,63.78,,,,63.29,63.29,,63.29,63.29,63.29,92.87,63.29,53.83,53.83,,,,,45.0,53.83,53.83,53.83,52.64,53.83,53.92,62.05,59.85,58.06,53.83,53.83,53.83,53.83,55.12,54.35,,,,,,
2019-01-29 23:00:00+01:00,,50.16,,56.36,25.98,57.8,,51.75,,49.34,52.64,52.64,52.64,52.63,52.64,52.63,58.08,,0.0,50.16,52.0,,59.89,,,,61.44,61.44,,61.44,61.44,61.44,73.87,61.44,52.64,52.64,,,,,48.0,52.64,52.64,52.64,52.48,52.64,52.72,65.1,52.11,53.1,52.64,52.64,52.64,52.64,50.16,51.75,,,,,,
2019-01-30 00:00:00+01:00,,47.01,,50.43,22.55,53.29,,50.61,,46.52,51.46,51.46,51.09,48.51,51.46,48.51,54.17,,53.0,47.01,51.25,,57.09,,,,61.23,61.23,,61.23,61.23,61.23,61.23,61.23,51.09,51.09,,,,,43.0,51.46,51.46,51.46,51.46,51.46,51.28,50.05,49.98,57.09,51.46,51.46,51.46,51.46,47.01,50.61,,,,,,
2019-01-30 01:00:00+01:00,,46.36,,46.36,22.54,51.91,,49.55,,46.36,51.12,51.12,50.56,46.36,51.12,46.36,55.64,,54.82,46.36,49.55,,57.26,,,,60.82,60.82,,60.82,60.82,60.82,60.82,60.82,50.56,50.56,,,,,46.36,51.12,51.12,51.12,51.12,51.12,50.75,53.97,43.98,51.07,51.12,51.12,51.12,51.12,46.36,49.55,,,,,,
2019-01-30 02:00:00+01:00,,45.1,,45.1,22.54,51.46,,47.91,,45.1,50.69,50.69,50.02,45.1,50.69,45.1,54.9,,49.0,45.1,47.91,,56.5,,,,60.01,60.01,,60.01,60.01,60.01,60.01,60.01,50.02,50.02,,,,,45.1,50.69,50.69,50.69,50.69,50.69,50.14,53.93,45.91,50.07,50.69,50.69,50.69,50.69,45.1,47.91,,,,,,
2019-01-30 03:00:00+01:00,,42.85,,42.85,22.54,51.39,,46.4,,42.85,50.82,50.82,50.09,42.85,50.82,42.85,54.02,,50.55,42.85,46.4,,55.61,,,,59.94,59.94,,59.94,59.94,59.94,59.94,59.94,50.09,50.09,,,,,42.85,50.82,50.82,50.82,50.82,50.82,50.3,51.05,42.09,47.86,50.82,50.82,50.82,50.82,42.85,46.4,,,,,,
2019-01-30 04:00:00+01:00,,42.74,,42.74,32.55,50.75,,46.5,,42.74,51.47,51.47,51.47,42.74,51.47,42.74,53.79,,55.1,42.74,46.5,,55.37,,,,59.42,59.42,,59.42,59.42,59.42,59.42,59.42,51.47,51.47,,,,,42.74,51.47,51.47,51.47,51.41,51.47,50.88,53.92,46.62,48.94,51.47,51.47,51.47,51.47,42.74,46.5,,,,,,
2019-01-30 05:00:00+01:00,,46.34,,46.34,48.82,52.62,,51.0,,46.34,53.74,53.97,53.97,46.34,53.97,46.34,53.78,,65.41,46.34,52.48,,55.37,,,,61.38,61.38,,61.38,61.38,61.38,61.38,61.38,53.97,53.97,,,,,46.34,53.97,53.97,53.97,51.53,53.97,51.52,50.05,52.63,54.18,53.97,53.97,53.97,53.97,46.34,51.0,,,,,,
2019-01-30 06:00:00+01:00,,59.84,,52.17,56.27,59.85,,63.93,,52.09,52.09,56.09,57.96,52.44,57.96,52.44,54.43,,68.65,59.84,63.93,,57.0,,,,65.5,65.5,,65.5,65.5,65.5,65.5,65.5,57.96,57.96,,,,,52.12,56.09,56.09,53.5,51.61,56.09,59.04,52.44,64.13,59.47,56.09,56.09,56.09,56.09,59.84,63.93,,,,,,
2019-01-30 07:00:00+01:00,,64.99,,64.99,79.95,66.04,,70.95,,64.99,64.99,66.59,66.59,64.99,66.59,64.99,66.17,,76.78,71.23,73.28,,62.27,,,,71.23,71.23,,71.23,71.23,71.23,93.33,71.23,66.59,66.59,,,,,64.99,66.59,60.76,56.18,52.14,60.76,66.91,64.99,73.52,67.83,66.59,66.59,66.59,66.59,71.23,70.95,,,,,,
2019-01-30 08:00:00+01:00,,68.17,,68.17,88.01,69.42,,71.56,,68.17,68.17,68.22,68.22,68.17,68.22,68.17,69.4,,82.73,75.05,80.03,,75.37,,,,84.98,77.93,,84.98,77.93,77.93,125.9,77.93,68.22,68.22,,,,,68.17,68.22,68.17,58.94,52.44,68.17,68.55,68.17,80.31,75.06,67.53,67.53,68.22,68.22,75.05,71.56,,,,,,
2019-01-30 09:00:00+01:00,,67.93,,70.0,81.3,69.04,,73.05,,66.76,66.76,67.49,67.49,68.65,67.49,68.65,74.29,,77.02,90.02,86.08,,78.38,,,,90.02,77.93,,90.02,77.93,77.93,130.7,77.93,67.49,67.49,,,,,72.47,67.49,65.21,58.11,52.61,65.21,68.62,68.65,86.41,76.54,67.49,67.49,67.49,67.49,90.02,73.05,,,,,,
2019-01-30 10:00:00+01:00,,67.96,,74.16,88.02,69.01,,72.0,,59.06,59.06,66.09,66.09,68.07,66.09,68.07,85.68,,75.94,67.96,79.98,,90.41,,,,89.97,67.99,,89.97,67.99,67.99,96.3,67.99,66.09,66.09,,,,,83.6,66.09,57.76,58.31,53.2,57.76,68.61,68.07,80.3,75.06,66.09,66.09,66.09,66.09,67.96,72.0,,,,,,
2019-01-30 11:00:00+01:00,,67.92,,78.4,80.17,68.15,,69.92,,53.03,53.03,63.73,63.73,68.0,63.73,68.06,80.27,,75.68,81.92,79.91,,84.72,,,,83.32,63.94,,83.32,63.94,63.94,100.24,63.94,63.73,63.73,,,,,82.83,63.73,55.88,63.73,53.48,56.39,70.62,68.0,80.25,75.03,63.73,63.73,63.73,63.73,81.92,69.92,,,,,,
2019-01-30 12:00:00+01:00,,67.96,,72.0,67.35,67.39,,67.14,,54.19,54.19,60.21,63.71,65.48,63.71,65.48,81.29,,69.98,69.9,74.48,,85.8,,,,69.9,63.65,,69.9,63.65,63.65,84.86,63.65,63.71,63.71,,,,,84.32,60.21,54.19,60.21,53.48,56.34,71.71,65.48,74.82,73.82,60.21,60.21,60.21,60.21,69.9,67.14,,,,,,
2019-01-30 13:00:00+01:00,,67.93,,72.35,66.5,66.14,,66.19,,49.7,53.94,57.84,63.66,63.65,63.66,63.65,82.31,,69.23,69.87,71.18,,86.89,,,,69.87,62.01,,69.87,62.01,62.01,66.87,62.01,63.66,63.66,,,,,85.38,57.84,53.94,57.84,53.56,56.24,71.74,63.65,71.52,71.99,57.84,57.84,57.84,57.84,69.87,66.19,,,,,,
2019-01-30 14:00:00+01:00,,66.87,,64.59,78.33,64.8,,67.25,,53.56,53.83,56.97,63.08,60.47,63.08,60.47,76.43,,70.01,79.39,73.28,,82.96,,,,79.39,63.48,,79.39,63.48,63.48,76.0,63.48,63.08,63.08,,,,,74.6,56.97,53.83,56.97,53.44,56.23,68.68,60.47,73.65,72.09,56.97,56.97,56.97,56.97,79.39,67.25,,,,,,
2019-01-30 15:00:00+01:00,,67.92,,63.66,70.6,64.19,,68.0,,49.37,52.85,57.68,64.03,57.88,64.03,58.3,80.72,,75.63,80.17,75.02,,85.23,,,,83.32,66.52,,83.32,66.52,66.52,79.93,66.52,64.03,64.03,,,,,78.8,57.68,53.78,57.68,53.47,56.2,66.84,57.88,75.42,72.36,57.68,57.68,57.68,57.68,80.17,68.0,,,,,,
2019-01-30 16:00:00+01:00,,67.97,,65.57,80.21,65.31,,68.47,,52.65,52.65,61.57,67.11,57.72,67.11,61.15,80.0,,75.94,80.08,77.48,,100.0,,,,83.32,71.97,,83.32,71.97,71.97,91.9,71.97,67.11,67.11,,,,,76.43,61.57,55.1,59.23,54.17,56.38,68.43,57.72,77.92,74.56,61.57,61.57,61.57,61.57,80.08,70.0,,,,,,
2019-01-30 17:00:00+01:00,,68.02,,67.43,80.32,68.79,,71.03,,60.49,60.49,68.2,68.2,61.6,68.2,64.98,101.7,,75.0,83.32,82.29,,150.45,,,,83.32,77.96,,83.32,77.96,77.96,99.3,77.96,68.2,68.2,,,,,72.96,68.2,57.11,56.91,52.75,57.11,68.64,61.6,82.77,77.59,68.2,68.2,68.2,68.2,83.32,71.03,,,,,,
2019-01-30 18:00:00+01:00,,67.93,,78.41,79.59,71.46,,68.0,,62.53,57.02,62.53,65.02,64.01,65.02,71.85,137.11,,76.56,75.09,78.24,,285.0,,,,77.93,77.93,,77.93,77.93,77.93,124.9,77.93,65.02,65.02,,,,,94.59,62.53,56.74,56.05,53.5,56.74,66.74,64.01,78.71,77.06,62.53,62.53,62.53,62.53,75.09,68.0,,,,,,
2019-01-30 19:00:00+01:00,,67.94,,64.42,79.0,71.13,,67.98,,59.28,57.86,57.86,57.86,66.0,57.86,70.14,137.1,,76.56,72.46,77.69,,281.15,,,,72.46,72.46,,72.46,72.46,72.46,130.7,72.46,57.86,57.86,,,,,60.0,57.86,54.44,55.03,52.57,56.57,63.15,66.0,78.18,75.02,57.86,57.86,57.86,57.86,72.46,67.98,,,,,,
2019-01-30 20:00:00+01:00,,66.29,,67.19,59.96,66.26,,66.6,,50.02,50.02,54.41,54.41,65.24,54.41,65.24,114.24,,76.64,66.29,70.95,,158.14,,,,66.29,66.29,,66.29,66.29,66.29,124.9,66.29,54.41,54.41,,,,,58.0,54.41,53.72,54.41,52.44,54.41,58.52,65.24,71.42,70.43,54.41,54.41,54.41,54.41,66.29,66.6,,,,,,
2019-01-30 21:00:00+01:00,,55.61,,62.89,55.45,61.1,,56.5,,51.01,53.36,53.83,53.83,60.77,53.83,60.77,86.92,,69.32,66.24,66.42,,100.13,,,,66.24,64.94,,66.24,64.94,64.94,91.9,64.94,53.83,53.83,,,,,56.23,53.83,53.36,53.83,52.33,53.83,54.37,60.77,66.87,65.99,53.83,53.83,53.83,53.83,66.24,56.5,,,,,,
2019-01-30 22:00:00+01:00,,55.88,,59.61,51.14,60.19,,54.24,,50.08,51.99,51.99,51.99,57.38,51.99,57.38,67.38,,70.02,55.88,59.93,,73.18,,,,61.39,61.39,,61.39,61.39,61.39,61.39,61.39,51.99,51.99,,,,,50.1,51.99,51.99,51.99,51.99,51.99,52.37,57.38,60.35,60.56,51.99,51.99,51.99,51.99,55.88,54.24,,,,,,
2019-01-30 23:00:00+01:00,,57.78,,55.2,51.15,59.63,,49.5,,46.86,46.86,46.86,50.86,49.07,50.86,58.58,59.53,,72.74,57.78,52.09,,73.79,,,,58.58,58.0,,58.58,58.0,58.0,58.0,58.0,50.86,50.86,,,,,47.1,50.86,50.86,50.86,50.86,50.86,51.24,49.07,52.47,57.04,50.86,50.86,50.86,50.86,57.78,49.5,,,,,,
2019-01-31 00:00:00+01:00,,49.05,,58.28,39.02,54.96,,46.6,,47.17,47.17,47.17,51.0,48.08,51.0,55.33,59.6,,65.38,49.05,50.39,,69.97,,,,55.33,51.04,,55.33,51.04,51.04,51.04,51.04,51.0,51.0,,,,,43.9,51.0,51.0,51.0,51.0,51.0,50.52,48.08,50.74,54.91,51.0,51.0,51.0,51.0,49.05,46.6,,,,,,
2019-01-31 01:00:00+01:00,,47.22,,50.4,33.72,52.33,,46.69,,45.47,45.47,45.47,50.55,47.33,50.55,49.62,59.93,,65.38,47.22,47.2,,64.66,,,,49.62,39.95,,49.62,39.95,39.95,39.95,39.95,50.55,50.55,,,,,46.84,50.55,50.55,50.55,50.55,50.55,49.73,47.33,47.52,50.55,50.55,50.55,50.55,50.55,47.22,46.69,,,,,,
2019-01-31 02:00:00+01:00,,47.13,,50.22,28.29,51.52,,46.9,,45.43,45.43,45.43,50.47,45.5,50.47,49.47,61.02,,53.0,47.13,46.9,,62.76,,,,49.47,35.02,,49.47,35.02,35.02,35.02,35.02,50.47,50.47,,,,,46.78,50.47,50.47,50.47,50.47,50.47,49.23,45.5,47.2,49.31,50.47,50.47,50.47,50.47,47.13,46.9,,,,,,
2019-01-31 03:00:00+01:00,,46.82,,46.82,25.54,49.16,,45.21,,46.82,46.82,46.82,50.52,44.5,50.52,46.82,58.32,,48.22,46.82,45.21,,60.0,,,,49.0,34.94,,49.0,34.94,34.94,34.94,34.94,50.52,50.52,,,,,46.82,50.52,50.52,50.52,50.52,50.52,49.7,44.5,45.49,47.95,50.52,50.52,50.52,50.52,46.82,45.21,,,,,,
2019-01-31 04:00:00+01:00,,45.08,,45.08,34.67,49.21,,46.0,,45.08,45.08,45.08,50.92,44.1,50.92,45.08,57.05,,54.5,45.08,46.0,,55.0,,,,49.0,35.01,,49.0,35.01,35.01,35.01,35.01,50.92,50.92,,,,,45.08,50.92,50.92,50.92,50.92,50.92,49.85,44.1,46.27,48.04,50.92,50.92,50.92,50.92,45.08,46.0,,,,,,
2019-01-31 05:00:00+01:00,,48.7,,48.7,43.56,52.38,,49.4,,48.7,48.7,53.75,54.64,45.0,54.64,48.7,55.38,,65.38,48.7,51.93,,54.33,,,,50.59,40.51,,50.59,40.51,40.51,40.51,40.51,53.75,54.64,,,,,48.7,53.75,53.75,53.75,53.75,53.75,50.4,45.0,52.23,52.36,53.75,53.75,53.75,53.75,48.7,49.4,,,,,,
2019-01-31 06:00:00+01:00,,62.48,,62.53,52.67,60.91,,60.7,,62.41,57.36,57.36,61.06,46.07,61.06,62.71,63.89,,68.95,62.99,62.67,,55.0,,,,62.99,59.94,,62.99,59.94,59.94,59.94,59.94,61.06,61.06,,,,,62.27,55.99,54.69,57.36,57.36,55.99,61.5,46.07,63.02,63.04,57.36,57.36,57.36,57.36,62.99,60.7,,,,,,
2019-01-31 07:00:00+01:00,,71.7,,71.7,61.37,71.9,,72.3,,71.7,59.96,69.07,69.07,53.89,69.07,71.7,73.03,,70.01,71.7,73.26,,55.0,,,,71.7,63.5,,71.7,63.5,63.5,63.5,63.5,69.07,69.07,,,,,71.7,69.07,56.15,68.0,68.0,56.15,69.56,53.89,73.7,73.81,68.0,68.0,69.07,69.07,71.7,72.3,,,,,,
2019-01-31 08:00:00+01:00,,78.49,,78.49,61.39,77.03,,76.88,,78.49,56.39,70.06,70.06,63.75,70.06,78.49,80.17,,70.05,78.49,76.88,,74.0,,,,78.49,65.35,,78.49,65.35,65.35,93.25,65.35,70.06,70.06,,,,,78.49,70.06,56.39,63.18,63.18,56.39,70.56,63.75,77.73,78.78,63.18,63.18,70.06,70.06,78.49,76.88,,,,,,
2019-01-31 09:00:00+01:00,,69.98,,79.69,58.42,75.68,,75.69,,69.08,56.32,67.42,68.91,65.0,68.91,75.58,81.39,,70.01,77.0,75.69,,77.99,,,,77.0,63.87,,77.0,63.87,63.87,76.0,63.87,68.91,68.91,,,,,79.36,67.42,56.32,66.67,66.67,56.32,69.4,65.0,76.05,79.9,66.67,66.67,67.42,67.42,77.0,75.69,,,,,,
2019-01-31 10:00:00+01:00,,67.94,,78.25,56.28,72.32,,73.15,,67.35,56.28,65.73,68.91,64.93,68.91,71.64,79.93,,69.98,71.64,73.15,,75.89,,,,71.64,61.18,,71.64,58.52,61.18,58.52,58.52,68.91,68.91,,,,,77.96,65.73,56.28,64.16,64.16,56.28,69.39,64.93,73.47,78.06,64.16,64.16,65.73,65.73,71.64,73.15,,,,,,
2019-01-31 11:00:00+01:00,,68.14,,71.7,52.92,70.69,,70.08,,67.94,56.09,66.31,68.92,64.07,68.92,69.42,73.39,,69.99,71.21,70.08,,71.07,,,,71.21,59.99,,71.21,49.48,59.99,49.48,49.48,68.92,68.92,,,,,71.59,61.51,56.09,61.51,61.51,56.09,69.41,64.07,70.37,74.09,61.51,61.51,61.51,66.31,71.21,70.08,,,,,,
2019-01-31 12:00:00+01:00,,66.81,,66.81,54.9,67.23,,68.8,,66.81,56.08,65.21,68.95,62.01,68.95,66.81,68.48,,69.25,66.81,68.8,,68.14,,,,66.81,59.99,,66.81,49.46,59.99,49.46,49.46,68.95,68.95,,,,,66.81,59.46,56.08,59.46,59.46,56.08,69.44,62.01,71.71,73.95,59.46,59.46,59.46,65.21,66.81,68.8,,,,,,
2019-01-31 13:00:00+01:00,,66.22,,66.22,56.29,67.08,,67.92,,66.22,56.23,64.63,69.57,60.1,69.57,66.22,67.87,,69.22,66.22,67.92,,66.66,,,,66.22,51.99,,66.22,48.0,51.99,48.0,48.0,69.57,69.57,,,,,66.22,57.24,56.23,57.24,57.24,56.23,70.23,60.1,71.15,72.93,57.24,57.24,57.24,64.63,66.22,67.92,,,,,,
2019-01-31 14:00:00+01:00,,66.16,,66.16,59.02,66.62,,68.27,,66.16,56.09,64.57,67.52,54.48,67.52,66.16,67.51,,70.0,67.04,68.27,,66.32,,,,67.04,61.18,,67.04,49.52,61.18,49.52,49.52,67.52,67.52,,,,,66.16,56.9,56.09,56.9,56.9,56.09,69.42,54.48,73.57,73.95,56.9,56.9,56.9,64.57,67.04,68.27,,,,,,
2019-01-31 15:00:00+01:00,,66.16,,66.16,57.98,66.29,,68.17,,66.16,55.92,64.57,68.26,53.95,68.26,66.16,67.3,,70.05,69.47,69.81,,66.12,,,,69.47,62.48,,69.47,62.48,62.48,62.48,62.48,68.26,68.26,,,,,66.16,56.92,55.92,56.92,56.92,55.92,69.03,53.95,70.43,74.68,56.92,56.92,56.92,64.57,69.47,68.17,,,,,,
2019-01-31 16:00:00+01:00,,65.35,,65.35,60.93,67.85,,69.0,,65.35,56.46,63.78,68.93,54.78,68.93,65.35,66.47,,76.57,65.35,69.01,,65.32,,,,71.21,66.73,,71.21,66.73,66.73,66.9,66.73,68.93,68.93,,,,,65.35,59.09,56.46,59.09,59.09,56.46,69.41,54.78,83.82,76.92,59.09,59.09,59.09,63.78,65.35,69.0,,,,,,
2019-01-31 17:00:00+01:00,,66.68,,66.68,78.47,69.52,,71.0,,66.68,57.31,66.68,70.03,58.0,70.03,66.68,68.29,,73.0,83.5,73.41,,70.0,,,,83.5,78.49,,83.5,78.49,78.49,95.93,78.49,70.03,70.03,,,,,66.68,60.27,57.31,60.27,60.27,57.31,70.52,58.0,88.24,79.99,60.27,60.27,60.27,66.68,83.5,71.0,,,,,,
2019-01-31 18:00:00+01:00,,66.98,,66.98,61.4,70.48,,73.0,,66.98,56.94,65.37,68.96,63.3,68.96,66.98,71.43,,76.04,84.88,73.0,,74.04,,,,84.88,78.49,,84.88,78.49,78.49,123.93,78.49,68.96,68.96,,,,,66.98,57.7,56.94,57.7,57.7,56.94,69.45,63.3,85.94,80.0,57.7,57.7,57.7,65.37,84.88,73.0,,,,,,
2019-01-31 19:00:00+01:00,,65.4,,65.4,60.02,66.45,,69.0,,65.4,56.38,56.57,56.57,65.4,56.57,65.4,66.96,,76.46,77.96,72.06,,70.73,,,,77.96,77.96,,77.96,77.96,77.96,133.93,77.96,56.57,56.57,,,,,65.4,56.38,56.38,56.38,56.38,56.38,69.35,65.4,74.11,75.92,56.38,56.38,56.38,56.57,77.96,69.0,,,,,,
2019-01-31 20:00:00+01:00,,59.9,,59.9,61.37,60.1,,65.0,,59.9,55.68,55.68,55.68,59.9,55.68,59.9,72.86,,70.15,67.04,67.02,,73.46,,,,67.04,67.04,,67.04,67.04,67.04,130.7,67.04,55.68,55.68,,,,,59.9,55.68,55.41,55.68,55.68,55.68,67.67,59.9,67.14,71.17,55.68,55.68,55.68,55.68,67.04,65.0,,,,,,
2019-01-31 21:00:00+01:00,,52.84,,52.84,51.16,56.01,,54.0,,52.84,54.01,54.28,54.28,52.84,54.28,52.84,63.75,,69.36,66.11,59.87,,62.26,,,,66.11,66.11,,66.11,66.11,66.11,93.34,66.11,54.28,54.28,,,,,52.84,54.28,54.28,54.28,54.28,54.28,54.66,52.84,59.97,67.0,54.28,54.28,54.28,54.28,66.11,54.0,,,,,,
2019-01-31 22:00:00+01:00,,51.36,,51.36,56.25,56.74,,50.99,,51.36,52.62,52.62,52.62,51.36,52.62,51.36,62.6,,68.69,62.48,62.06,,57.87,,,,62.48,62.48,,62.48,62.48,62.48,66.01,62.48,52.62,52.62,,,,,51.36,52.62,52.62,52.62,52.62,52.62,52.99,51.36,62.15,61.04,52.62,52.62,52.62,52.62,62.48,50.99,,,,,,
2019-01-31 23:00:00+01:00,,47.19,,47.9,39.56,51.76,,46.49,,46.72,51.46,51.46,51.46,48.8,51.46,48.8,53.83,,69.55,47.19,50.6,,53.92,,,,59.0,59.0,,59.0,59.0,59.0,59.0,59.0,51.46,51.46,,,,,47.36,51.46,51.46,51.46,51.46,51.46,51.83,48.8,50.66,54.86,51.46,51.46,51.46,51.46,47.19,46.49,,,,,,
2019-02-01 00:00:00+01:00,,44.38,,51.13,23.08,53.36,,43.4,,43.55,51.31,51.31,51.31,47.07,51.31,47.07,52.35,,57.0,53.22,55.08,,50.04,,,,55.26,55.26,,55.26,55.26,55.26,55.26,55.26,51.31,51.31,,,,,44.09,51.31,51.31,51.31,51.31,51.31,51.51,47.07,55.08,53.81,51.31,51.31,51.31,51.31,53.22,43.4,,,,,,
2019-02-01 01:00:00+01:00,,45.47,,45.47,22.55,51.79,,42.67,,45.47,50.47,50.47,50.47,45.47,50.47,45.47,52.38,,56.0,45.47,45.16,,50.07,,,,54.2,54.2,,54.2,54.2,54.2,54.2,54.2,50.47,50.47,,,,,45.47,50.47,50.47,50.47,50.47,50.47,50.66,45.47,45.16,45.93,50.47,50.47,50.47,50.47,45.47,42.67,,,,,,
2019-02-01 02:00:00+01:00,,43.1,,43.1,22.54,51.27,,41.2,,43.1,50.03,50.03,50.03,43.1,50.03,43.1,52.41,,48.7,43.1,42.03,,50.1,,,,52.7,52.7,,52.7,52.7,52.7,52.7,52.7,50.03,50.03,,,,,43.1,50.03,50.03,50.03,50.03,50.03,50.22,43.1,42.03,45.0,50.03,50.03,50.03,50.03,43.1,41.2,,,,,,
2019-02-01 03:00:00+01:00,,41.1,,41.1,22.53,50.75,,40.39,,41.1,50.1,50.1,50.1,41.1,50.1,41.1,51.71,,47.0,41.1,40.39,,49.42,,,,50.4,48.97,,50.4,48.97,48.97,48.97,48.97,50.1,50.1,,,,,41.1,50.1,50.1,50.1,50.1,50.1,50.29,41.1,40.39,42.99,50.1,50.1,50.1,50.1,41.1,40.39,,,,,,
2019-02-01 04:00:00+01:00,,41.51,,41.51,22.54,49.73,,40.36,,41.51,50.72,50.72,50.72,41.51,50.72,41.51,51.19,,56.2,41.51,40.36,,48.93,,,,49.62,48.98,,49.62,48.98,48.98,48.98,48.98,50.72,50.72,,,,,41.51,50.72,50.72,50.72,50.72,50.72,50.9,41.51,40.36,41.35,50.72,50.72,50.72,50.72,41.51,40.36,,,,,,
2019-02-01 05:00:00+01:00,,45.76,,45.76,35.03,53.52,,43.58,,45.76,52.56,52.56,52.56,44.1,52.56,45.76,51.16,,69.16,45.76,47.14,,48.9,,,,55.29,53.76,,55.29,53.76,53.76,53.76,53.76,52.56,52.56,,,,,45.76,52.56,52.56,52.56,52.56,52.56,52.75,44.1,47.14,47.09,52.56,52.56,52.56,52.56,45.76,43.58,,,,,,
2019-02-01 06:00:00+01:00,,49.02,,52.65,49.13,60.53,,53.36,,47.72,53.98,53.98,59.1,45.97,59.1,50.71,53.91,,69.26,63.63,61.11,,51.53,,,,63.63,61.18,,63.63,61.18,61.18,61.18,61.18,59.1,59.1,,,,,52.44,53.98,53.98,53.98,53.98,53.98,59.32,45.97,61.11,59.33,53.98,53.98,53.98,53.98,63.63,53.36,,,,,,
2019-02-01 07:00:00+01:00,,63.02,,74.38,51.12,64.77,,62.29,,54.04,55.29,55.29,63.61,54.11,63.61,66.72,68.32,,69.67,67.0,67.08,,62.45,,,,67.0,62.65,,67.0,62.65,62.65,81.0,62.65,63.61,63.61,,,,,66.44,55.29,55.29,55.29,55.29,55.29,63.83,54.11,67.08,67.0,55.29,55.29,55.29,55.29,67.0,62.29,,,,,,
2019-02-01 08:00:00+01:00,,60.0,,72.64,60.08,67.63,,63.93,,56.66,56.66,56.66,64.91,60.75,64.91,68.87,70.56,,70.61,60.0,74.26,,69.08,,,,83.5,63.92,,83.5,63.92,63.92,93.34,63.92,64.91,64.91,,,,,72.94,56.66,56.66,56.66,56.66,56.66,66.91,60.75,74.25,70.25,56.66,56.66,56.66,56.66,60.0,63.93,,,,,,
2019-02-01 09:00:00+01:00,,63.08,,79.73,54.96,68.65,,64.83,,55.93,55.93,55.93,66.64,61.78,66.64,70.47,79.45,,69.77,75.44,73.39,,77.78,,,,87.53,62.65,,87.53,62.65,62.65,62.65,62.65,66.64,66.64,,,,,84.25,55.93,55.93,55.93,55.93,55.93,67.67,61.78,73.39,70.08,55.93,55.93,55.93,55.93,75.44,64.83,,,,,,
2019-02-01 10:00:00+01:00,,63.91,,80.68,53.36,68.96,,63.64,,55.51,55.51,55.89,64.98,60.75,64.98,72.57,81.08,,69.33,63.91,71.29,,83.26,,,,78.3,61.18,,78.3,61.18,61.18,61.18,61.18,64.98,64.98,,,,,83.81,55.89,55.51,55.89,55.89,55.89,67.66,60.75,71.28,68.35,55.89,55.89,55.89,55.89,63.91,63.64,,,,,,
2019-02-01 11:00:00+01:00,,63.06,,79.58,51.17,67.48,,63.64,,56.9,56.53,56.53,56.53,59.1,56.53,70.58,81.5,,69.28,80.39,69.18,,83.68,,,,80.39,60.91,,80.39,60.91,60.91,60.91,60.91,56.53,56.53,,,,,84.23,56.53,56.53,56.53,56.53,56.53,69.23,59.1,69.18,67.47,56.53,56.53,56.53,56.53,80.39,63.64,,,,,,
2019-02-01 12:00:00+01:00,,63.98,,76.05,51.12,66.48,,63.52,,58.51,56.05,56.05,56.05,57.99,56.05,70.99,77.88,,68.48,70.99,68.34,,81.91,,,,70.99,57.84,,70.99,57.5,57.84,57.5,57.5,56.05,56.05,,,,,80.49,56.05,56.05,56.05,56.05,56.05,67.67,57.99,68.34,66.49,56.05,56.05,56.05,56.05,70.99,63.52,,,,,,
2019-02-01 13:00:00+01:00,,65.19,,70.34,51.09,65.61,,62.01,,64.0,55.64,55.64,55.64,55.84,55.64,68.04,76.1,,68.48,68.04,65.52,,80.0,,,,68.04,51.99,,68.04,50.33,51.99,50.33,50.33,55.64,55.64,,,,,78.64,55.64,55.64,55.64,55.64,55.64,67.81,55.84,65.51,65.62,55.64,55.64,55.64,55.64,68.04,62.01,,,,,,
2019-02-01 14:00:00+01:00,,64.99,,65.24,52.44,64.35,,61.31,,64.93,55.66,55.66,61.32,49.89,61.32,65.11,66.82,,69.7,74.09,67.08,,70.3,,,,74.09,59.1,,74.09,59.1,59.1,59.1,59.1,61.32,61.32,,,,,65.52,55.66,55.66,55.66,55.66,55.66,64.32,49.89,67.08,65.23,55.66,55.66,55.66,55.66,74.09,61.31,,,,,,
2019-02-01 15:00:00+01:00,,64.55,,64.55,56.62,62.44,,60.25,,64.55,55.59,55.59,60.9,48.87,60.9,64.55,66.12,,70.56,72.3,68.63,,69.53,,,,72.3,61.0,,72.3,61.0,61.0,61.0,61.0,60.9,60.9,,,,,64.55,55.59,55.59,55.59,55.59,55.59,61.11,48.87,68.63,66.93,55.59,55.59,55.59,55.59,72.3,60.25,,,,,,
2019-02-01 16:00:00+01:00,,63.91,,63.91,65.75,61.19,,61.36,,63.91,56.02,62.37,63.66,50.0,63.66,63.91,65.46,,70.61,67.79,69.6,,68.83,,,,67.79,63.76,,67.79,63.76,63.76,63.76,63.76,63.66,63.66,,,,,63.91,56.02,56.02,56.02,56.02,56.02,63.87,50.0,69.6,69.0,56.02,56.02,56.02,62.37,67.79,61.36,,,,,,
2019-02-01 17:00:00+01:00,,67.71,,67.71,70.19,64.97,,63.5,,67.71,56.89,65.98,65.98,52.44,65.98,67.71,69.64,,75.89,72.0,80.16,,73.23,,,,72.0,72.0,,72.0,72.0,72.0,93.34,72.0,65.98,65.98,,,,,67.71,56.89,56.89,56.89,56.89,56.89,66.2,52.44,80.16,73.64,56.89,56.89,56.89,65.98,72.0,63.5,,,,,,
2019-02-01 18:00:00+01:00,,69.99,,70.26,63.53,66.19,,65.01,,69.98,56.28,64.96,64.96,58.6,64.96,70.09,77.42,,77.67,75.15,79.93,,81.98,,,,75.15,75.15,,75.15,75.15,75.15,140.91,75.15,64.96,64.96,,,,,70.25,56.28,56.28,56.28,56.28,56.28,65.18,58.6,79.92,74.58,56.28,56.28,56.28,64.96,75.15,65.01,,,,,,
2019-02-01 19:00:00+01:00,,67.48,,69.88,58.58,65.91,,63.64,,67.34,55.08,55.08,55.08,62.55,55.08,68.33,74.0,,70.71,69.83,73.39,,77.81,,,,69.83,69.83,,69.83,69.83,69.83,140.91,69.83,55.08,55.08,,,,,69.9,55.08,55.08,55.08,55.08,55.08,63.34,62.55,73.38,71.37,55.08,55.08,55.08,55.08,69.83,63.64,,,,,,
2019-02-01 20:00:00+01:00,,62.99,,62.99,57.02,61.73,,58.89,,62.99,54.18,54.18,54.18,62.99,54.18,62.99,69.45,,70.26,64.43,68.99,,73.02,,,,64.43,64.43,,64.43,64.43,64.43,140.0,64.43,54.18,54.18,,,,,62.99,54.18,54.18,54.18,54.18,54.18,56.71,62.99,68.99,68.0,54.18,54.18,54.18,54.18,64.43,58.89,,,,,,
2019-02-01 21:00:00+01:00,,57.38,,56.31,51.12,56.1,,52.12,,55.32,53.99,53.99,53.99,57.29,53.99,57.29,63.04,,69.4,62.34,63.91,,66.28,,,,62.34,62.34,,62.34,62.34,62.34,81.0,62.34,53.99,53.99,,,,,56.05,53.99,53.99,53.99,53.99,53.99,54.17,57.29,63.91,61.92,53.99,53.99,53.99,53.99,62.34,52.12,,,,,,
2019-02-01 22:00:00+01:00,,54.01,,54.01,46.05,54.15,,52.63,,54.01,52.71,52.71,52.71,54.01,52.71,54.01,65.36,,69.22,54.01,57.96,,67.08,,,,59.46,59.46,,59.46,59.46,59.46,59.46,59.46,52.71,52.71,,,,,54.01,52.71,52.71,52.71,52.71,52.71,52.88,54.01,57.96,55.79,52.71,52.71,52.71,52.71,54.01,52.63,,,,,,
2019-02-01 23:00:00+01:00,,50.92,,50.92,27.67,52.09,,49.01,,50.92,50.92,50.92,50.92,49.07,50.92,50.92,53.61,,81.29,50.92,51.03,,57.0,,,,54.11,54.11,,54.11,54.11,54.11,54.11,54.11,50.92,50.92,,,,,50.92,50.92,50.92,50.92,50.92,50.92,51.08,49.07,51.03,51.11,50.92,50.92,50.92,50.92,50.92,49.01,,,,,,
2019-02-02 00:00:00+01:00,,50.16,,51.06,37.0,50.85,,48.15,,50.04,50.04,50.04,50.04,42.87,50.04,50.56,59.32,,68.92,50.16,48.15,,56.47,,,,50.56,50.56,,50.56,50.56,50.56,50.56,50.56,50.04,50.04,,,,,49.21,50.04,50.04,50.04,50.04,50.04,49.65,42.87,47.94,52.0,50.04,50.04,50.04,50.04,50.16,48.15,,,,,,
2019-02-02 01:00:00+01:00,,47.07,,47.07,22.54,48.05,,46.01,,47.07,48.67,48.67,48.67,38.03,48.67,47.07,61.49,,68.92,47.07,46.03,,58.55,,,,47.5,47.5,,47.5,47.5,47.5,47.5,47.5,48.67,48.67,,,,,47.07,48.73,48.73,48.67,48.67,48.73,47.72,38.03,43.94,47.82,48.67,48.67,48.67,48.67,47.07,46.01,,,,,,
2019-02-02 02:00:00+01:00,,45.7,,45.7,22.54,46.48,,45.18,,45.7,48.1,48.1,48.1,30.0,48.1,45.7,59.11,,66.37,45.7,45.18,,56.28,,,,45.7,45.7,,45.7,45.7,45.7,45.7,45.7,48.1,48.1,,,,,45.7,48.64,48.64,48.1,48.1,48.64,44.75,30.0,41.42,45.95,48.1,48.1,48.1,48.1,45.7,45.18,,,,,,
2019-02-02 03:00:00+01:00,,43.14,,43.14,22.54,44.06,,43.41,,43.14,48.05,48.05,48.05,25.07,48.05,43.14,54.78,,65.57,43.14,43.41,,53.0,,,,43.14,43.14,,43.14,43.14,43.14,43.14,43.14,48.05,48.05,,,,,43.14,48.58,48.58,48.05,48.05,48.58,44.05,25.07,38.57,43.15,48.05,48.05,48.05,48.05,43.14,43.41,,,,,,
2019-02-02 04:00:00+01:00,,42.71,,42.71,22.54,43.02,,43.01,,42.71,48.5,48.5,48.5,24.72,48.5,42.71,51.64,,65.57,42.71,43.01,,50.35,,,,42.71,42.71,,42.71,42.71,42.71,42.71,42.71,48.5,48.5,,,,,42.71,48.59,48.59,48.5,48.5,48.59,44.35,24.72,37.83,41.77,48.5,48.5,48.5,48.5,42.71,43.01,,,,,,
2019-02-02 05:00:00+01:00,,42.6,,42.6,28.98,44.44,,44.1,,42.6,49.07,49.07,49.07,20.45,49.07,42.6,51.14,,65.48,42.6,44.1,,49.87,,,,42.9,42.9,,42.9,42.9,42.9,42.9,42.9,49.07,49.07,,,,,42.6,49.07,49.07,49.07,49.07,49.07,44.5,20.45,41.18,43.32,49.07,49.07,49.07,49.07,42.6,44.1,,,,,,
2019-02-02 06:00:00+01:00,,43.47,,43.47,33.01,45.81,,43.8,,43.47,49.21,49.21,49.21,24.0,49.21,43.47,49.65,,69.12,43.47,43.8,,48.41,,,,50.87,50.87,,50.87,50.87,50.87,50.87,50.87,49.21,49.21,,,,,43.47,49.21,49.21,49.21,49.21,49.21,48.1,24.0,43.61,44.81,49.21,49.21,49.21,49.21,43.47,43.8,,,,,,
2019-02-02 07:00:00+01:00,,47.68,,47.68,22.54,51.41,,46.7,,47.68,47.68,49.68,49.68,29.99,49.68,47.68,51.94,,69.57,47.68,46.7,,51.96,,,,59.99,59.99,,59.99,59.99,59.99,59.99,59.99,49.68,49.68,,,,,47.68,49.68,49.68,49.68,49.68,49.68,49.73,29.99,46.49,48.17,49.68,49.68,49.68,49.68,47.68,46.7,,,,,,
2019-02-02 08:00:00+01:00,,51.47,,51.47,29.72,53.63,,52.4,,51.47,51.47,51.47,51.47,38.03,51.47,51.47,53.15,,66.43,51.47,52.4,,55.51,,,,62.37,62.37,,62.37,62.37,62.37,62.37,62.37,51.47,51.47,,,,,51.47,51.47,51.47,51.47,51.47,51.47,51.53,38.03,52.17,54.17,51.47,51.47,51.47,51.47,51.47,52.4,,,,,,
2019-02-02 09:00:00+01:00,,55.79,,55.79,23.75,57.49,,56.65,,55.79,55.28,55.28,53.28,42.01,53.28,55.79,57.36,,66.43,55.79,56.85,,60.09,,,,65.0,65.0,,65.0,65.0,65.0,65.0,65.0,53.28,53.28,,,,,55.79,53.28,53.28,53.28,53.28,53.28,53.34,42.01,56.6,57.19,53.28,53.28,53.28,53.28,55.79,56.65,,,,,,
2019-02-02 10:00:00+01:00,,59.5,,59.5,22.52,59.83,,58.2,,59.5,54.1,54.1,54.1,44.77,54.1,59.5,66.82,,66.43,59.5,59.6,,70.0,,,,62.33,62.33,,62.33,62.33,62.33,62.33,62.33,54.1,54.1,,,,,59.5,54.1,54.1,54.1,54.1,54.1,54.16,44.77,59.34,60.73,54.1,54.1,54.1,54.1,59.5,58.2,,,,,,
2019-02-02 11:00:00+01:00,,59.15,,59.15,22.51,59.18,,58.15,,59.15,53.87,53.87,53.87,41.8,53.87,59.15,67.78,,66.43,59.15,59.94,,71.0,,,,61.03,61.03,,61.03,61.03,61.03,61.03,61.03,53.87,53.87,,,,,59.15,53.87,53.87,53.87,53.87,53.87,53.93,41.8,59.67,60.26,53.87,53.87,53.87,53.87,59.15,58.15,,,,,,
2019-02-02 12:00:00+01:00,,56.08,,56.08,22.51,56.43,,56.34,,56.08,56.08,54.27,53.46,39.9,53.46,56.08,60.26,,67.54,56.08,56.34,,76.0,,,,56.1,55.43,,56.1,55.43,55.43,55.43,55.43,53.46,53.46,,,,,56.08,53.46,53.46,53.46,53.46,53.46,54.84,39.9,56.09,58.82,53.46,53.46,53.46,53.46,56.08,56.34,,,,,,
2019-02-02 13:00:00+01:00,,50.33,,50.33,22.52,54.34,,54.11,,50.33,50.33,52.14,52.14,39.07,52.14,50.33,58.21,,66.38,50.33,54.11,,75.25,,,,52.8,52.8,,52.8,52.8,52.8,52.8,52.8,52.14,52.14,,,,,50.33,52.14,52.14,52.14,52.14,52.14,52.74,39.07,53.87,53.59,52.14,52.14,52.14,52.14,50.33,54.11,,,,,,
2019-02-02 14:00:00+01:00,,49.09,,49.09,22.98,52.45,,50.43,,49.09,50.15,50.97,50.97,36.03,50.97,49.09,55.82,,67.52,49.09,50.93,,71.48,,,,51.95,51.95,,51.95,51.95,51.95,51.95,51.95,50.97,50.97,,,,,49.09,50.97,50.97,50.97,50.97,50.97,51.02,36.03,50.7,52.42,50.97,50.97,50.97,50.97,49.09,50.43,,,,,,
2019-02-02 15:00:00+01:00,,48.6,,48.6,37.95,52.46,,50.74,,48.6,50.01,51.05,51.05,29.99,51.05,48.6,54.66,,68.38,48.6,51.18,,70.27,,,,52.74,52.74,,52.74,52.74,52.74,52.74,52.74,51.05,51.05,,,,,48.6,51.05,51.05,51.05,51.05,51.05,51.1,35.03,50.96,51.13,51.05,51.05,51.05,51.05,48.6,50.74,,,,,,
2019-02-02 16:00:00+01:00,,49.39,,49.39,41.22,53.2,,52.4,,49.39,49.39,52.19,52.19,29.98,52.19,49.39,56.97,,69.4,49.39,54.4,,70.23,,,,54.0,54.0,,54.0,54.0,54.0,54.0,54.0,52.19,52.19,,,,,49.39,52.19,52.19,52.19,52.19,52.19,52.24,36.03,54.16,53.86,52.19,52.19,52.19,52.19,49.39,52.4,,,,,,
2019-02-02 17:00:00+01:00,,56.86,,56.86,44.52,57.28,,58.01,,56.86,56.86,54.06,54.06,39.57,54.06,56.86,64.94,,69.69,56.86,63.05,,82.5,,,,62.14,62.14,,62.14,62.14,62.14,81.0,62.14,54.06,54.06,,,,,56.86,54.06,54.06,54.06,54.06,54.06,54.11,40.67,62.77,60.62,54.06,54.06,54.06,54.06,56.86,58.01,,,,,,
2019-02-02 18:00:00+01:00,,57.91,,57.91,39.91,59.86,,60.85,,57.91,56.03,56.03,54.98,49.27,54.98,57.91,89.9,,69.73,57.91,62.82,,144.0,,,,65.28,65.28,,65.28,65.28,65.28,93.31,65.28,54.98,54.98,,,,,57.91,54.98,54.98,54.98,54.98,54.98,55.03,49.27,62.54,63.77,54.98,54.98,54.98,54.98,57.91,60.85,,,,,,
2019-02-02 19:00:00+01:00,,54.59,,54.59,30.97,59.47,,58.5,,54.59,54.59,53.35,53.28,51.92,53.28,54.59,89.66,,69.69,54.59,59.47,,159.22,,,,62.65,62.65,,62.65,62.65,62.65,145.06,62.65,53.28,53.28,,,,,54.59,53.28,53.28,53.28,53.28,53.28,53.32,51.92,59.21,61.87,53.28,53.28,53.28,53.28,54.59,58.5,,,,,,
2019-02-02 20:00:00+01:00,,50.43,,50.43,28.02,55.47,,54.2,,50.43,50.43,51.66,51.66,50.43,51.66,50.43,72.58,,66.59,50.43,54.2,,113.74,,,,61.1,61.1,,61.1,61.1,61.1,145.06,61.1,51.66,51.66,,,,,50.43,51.66,51.66,51.66,51.66,51.66,51.71,50.43,53.96,52.99,51.66,51.66,51.66,51.66,50.43,54.2,,,,,,
2019-02-02 21:00:00+01:00,,48.48,,48.48,22.53,52.49,,50.85,,48.48,49.83,49.9,49.9,48.48,49.9,48.48,69.51,,70.58,48.48,50.85,,76.0,,,,55.61,55.61,,55.61,55.61,55.61,119.0,55.61,49.9,49.9,,,,,48.48,49.9,49.9,49.9,49.9,49.9,49.94,48.48,50.62,49.76,49.9,49.9,49.9,49.9,48.48,50.85,,,,,,
2019-02-02 22:00:00+01:00,,48.49,,48.49,22.54,53.22,,49.5,,48.49,49.46,49.46,49.46,48.49,49.46,48.49,61.54,,69.56,48.49,49.5,,65.0,,,,53.2,53.2,,53.2,53.2,53.2,93.31,53.2,49.46,49.46,,,,,48.49,49.46,49.46,49.46,49.46,49.46,49.5,48.49,47.8,48.77,49.46,49.46,49.46,49.46,48.49,49.5,,,,,,
2019-02-02 23:00:00+01:00,,46.06,,46.06,22.54,50.6,,47.3,,46.06,48.04,48.04,48.04,46.06,48.04,46.06,59.26,,69.71,43.07,47.3,,70.6,,,,49.5,49.5,,49.5,49.5,49.5,71.0,49.5,48.04,48.04,,,,,46.06,49.24,49.24,48.04,48.04,49.24,48.08,46.06,37.43,45.46,48.04,48.04,48.04,48.04,43.07,47.3,,,,,,
2019-02-03 00:00:00+01:00,,45.17,,47.9,22.54,46.78,,41.6,,44.8,48.5,48.5,48.5,46.39,48.5,46.39,58.69,,66.37,45.17,41.6,,62.0,,,,49.54,49.54,,49.54,49.54,49.54,49.54,49.54,48.5,48.5,,,,,42.3,48.65,48.65,48.5,48.5,48.65,43.08,47.1,37.43,44.79,48.5,48.5,48.5,48.5,45.17,41.6,,,,,,
2019-02-03 01:00:00+01:00,,41.29,,41.29,22.99,44.14,,38.37,,41.29,47.55,47.55,47.55,41.29,47.55,41.29,64.08,,66.37,41.29,38.37,,65.71,,,,47.0,47.0,,47.0,47.0,47.0,47.0,47.0,47.55,47.55,,,,,41.29,48.44,48.44,47.55,47.55,48.44,40.58,41.29,31.49,40.1,47.55,47.55,47.55,47.55,41.29,38.37,,,,,,
2019-02-03 02:00:00+01:00,,40.48,,40.48,22.54,42.24,,36.38,,40.48,47.1,47.1,47.1,40.48,47.1,40.48,62.6,,67.27,40.48,36.38,,64.19,,,,43.84,43.84,,43.84,43.84,43.84,43.84,43.84,47.1,47.1,,,,,40.48,48.35,48.35,47.1,47.1,48.35,40.61,40.48,31.12,39.44,47.1,47.1,47.1,47.1,40.48,36.38,,,,,,
2019-02-03 03:00:00+01:00,,39.0,,39.0,22.54,40.58,,34.77,,39.0,46.74,46.74,46.74,39.0,46.74,39.0,55.76,,66.37,39.0,34.77,,57.16,,,,41.39,41.39,,41.39,41.39,41.39,41.39,41.39,46.74,46.74,,,,,39.0,48.27,48.27,46.74,46.74,48.27,41.04,39.0,31.12,36.96,46.74,46.74,46.74,46.74,39.0,34.77,,,,,,
2019-02-03 04:00:00+01:00,,38.9,,38.9,22.54,38.32,,34.57,,38.9,47.12,47.12,47.12,38.9,47.12,38.9,50.79,,54.0,38.9,34.57,,49.65,,,,40.98,40.98,,40.98,40.98,40.98,40.98,40.98,47.12,47.12,,,,,38.9,48.26,48.26,47.12,47.12,48.26,41.86,38.9,31.12,34.09,47.12,47.12,47.12,47.12,38.9,34.57,,,,,,
2019-02-03 05:00:00+01:00,,38.47,,38.47,22.54,38.36,,35.0,,38.47,47.39,47.39,47.39,38.47,47.39,38.47,50.04,,66.47,38.47,35.0,,47.75,,,,40.0,40.0,,40.0,40.0,40.0,40.0,40.0,47.39,47.39,,,,,38.47,48.38,48.38,47.39,47.39,48.38,41.87,38.47,34.97,36.69,47.39,47.39,47.39,47.39,38.47,35.0,,,,,,
2019-02-03 06:00:00+01:00,,39.88,,39.88,22.53,40.14,,35.0,,39.88,47.93,47.93,47.93,39.88,47.93,39.88,50.04,,66.47,39.88,35.0,,47.0,,,,49.19,49.19,,49.19,49.19,49.19,49.19,49.19,47.93,47.93,,,,,39.88,48.62,48.62,47.93,47.93,48.62,44.23,39.88,34.97,36.41,47.93,47.93,47.93,47.93,39.88,35.0,,,,,,
2019-02-03 07:00:00+01:00,,40.97,,40.97,22.53,40.79,,38.21,,40.97,48.34,48.34,48.34,40.97,48.34,40.97,50.04,,70.49,40.97,38.21,,46.93,,,,50.25,50.25,,50.25,50.25,50.25,50.25,50.25,48.34,48.34,,,,,40.97,48.55,48.55,48.34,48.34,48.55,45.0,40.97,38.17,38.9,48.34,48.34,48.34,48.34,40.97,38.21,,,,,,
2019-02-03 08:00:00+01:00,,43.8,,43.8,22.53,45.09,,42.0,,43.8,48.89,48.89,48.89,43.8,48.89,43.8,50.16,,69.9,43.8,42.0,,46.76,,,,51.8,51.8,,51.8,51.8,51.8,51.8,51.8,48.89,48.89,,,,,43.8,48.89,48.89,48.89,48.89,48.89,47.87,43.8,41.96,41.52,48.89,48.89,48.89,48.89,43.8,42.0,,,,,,
2019-02-03 09:00:00+01:00,,47.05,,47.05,22.53,49.05,,47.27,,47.05,49.86,49.86,49.86,47.05,49.86,47.05,51.12,,70.6,47.05,47.27,,46.79,,,,55.48,55.48,,55.48,55.48,55.48,55.48,55.48,49.86,49.86,,,,,47.05,49.86,49.86,49.86,49.86,49.86,49.79,47.05,47.23,44.77,49.86,49.86,49.86,49.86,47.05,47.27,,,,,,
2019-02-03 10:00:00+01:00,,49.33,,49.33,22.53,51.44,,50.32,,49.33,50.54,50.54,50.54,49.33,50.54,49.33,57.62,,70.6,49.33,50.32,,54.97,,,,55.75,55.75,,55.75,55.75,55.75,55.75,55.75,50.54,50.54,,,,,49.33,50.54,50.54,50.54,50.54,50.54,50.47,49.33,50.27,48.78,50.54,50.54,50.54,50.54,49.33,50.32,,,,,,
2019-02-03 11:00:00+01:00,,51.11,,51.11,22.52,50.99,,51.0,,51.11,51.11,51.11,51.11,51.11,51.11,51.11,59.75,,66.44,51.11,51.0,,57.0,,,,52.68,52.68,,52.68,52.68,52.68,52.68,52.68,51.11,51.11,,,,,51.11,51.11,51.11,51.11,51.11,51.11,51.03,51.11,50.96,49.69,51.11,51.11,51.11,51.11,51.11,51.0,,,,,,
2019-02-03 12:00:00+01:00,,50.35,,50.35,22.52,50.42,,48.19,,50.35,50.73,50.73,50.73,50.35,50.73,50.35,58.71,,70.6,50.35,48.19,,60.18,,,,51.4,51.4,,51.4,51.4,51.4,51.4,51.4,50.73,50.73,,,,,50.35,50.73,50.73,50.73,50.73,50.73,50.66,50.35,48.15,46.99,50.73,50.73,50.73,50.73,50.35,48.19,,,,,,
2019-02-03 13:00:00+01:00,,47.09,,47.09,22.53,48.36,,44.54,,47.09,50.43,50.43,50.43,47.09,50.43,47.09,63.71,,65.79,47.09,44.54,,65.3,,,,49.17,49.17,,49.17,49.17,49.17,49.17,49.17,50.43,50.43,,,,,47.09,50.43,50.43,50.43,50.43,50.43,50.35,53.92,44.5,42.64,50.43,50.43,50.43,50.43,47.09,44.54,,,,,,
2019-02-03 14:00:00+01:00,,45.14,,45.14,22.54,47.1,,42.67,,45.14,50.28,50.28,50.28,45.14,50.28,45.14,63.71,,66.37,45.14,42.67,,65.3,,,,49.44,49.44,,49.44,49.44,49.44,49.44,49.44,50.28,50.28,,,,,45.14,50.28,50.28,50.28,50.28,50.28,50.21,50.1,42.63,39.91,50.28,50.28,50.28,50.28,45.14,42.67,,,,,,
2019-02-03 15:00:00+01:00,,44.4,,44.4,38.61,47.09,,42.59,,44.4,50.58,50.58,50.58,44.4,50.58,44.4,63.85,,69.7,44.4,42.59,,65.44,,,,50.31,50.31,,50.31,50.31,50.31,50.31,50.31,50.58,50.58,,,,,44.4,50.58,50.58,50.58,50.58,50.58,50.51,48.91,42.55,37.98,50.58,50.58,50.58,50.58,44.4,42.59,,,,,,
2019-02-03 16:00:00+01:00,,45.79,,45.79,46.28,48.07,,44.21,,45.79,46.08,51.61,51.61,45.79,51.61,45.79,58.02,,67.52,45.79,44.21,,59.46,,,,57.83,57.83,,57.83,57.83,57.83,57.83,57.83,51.61,51.61,,,,,45.79,51.61,51.61,51.61,51.61,51.61,51.53,48.43,44.17,40.66,51.61,51.61,51.61,51.61,45.79,44.21,,,,,,
2019-02-03 17:00:00+01:00,,51.94,,51.94,55.93,54.02,,52.19,,51.94,51.94,53.43,53.43,51.94,53.43,51.94,74.23,,66.51,51.94,53.1,,72.52,,,,63.1,63.1,,63.1,63.1,63.1,93.81,63.1,53.43,53.43,,,,,51.94,53.43,53.43,53.43,53.43,53.43,53.34,51.94,53.05,53.23,53.43,53.43,53.43,53.43,51.94,52.19,,,,,,
2019-02-03 18:00:00+01:00,,59.54,,59.54,51.12,58.94,,56.6,,59.54,59.54,58.05,55.32,59.54,55.32,59.54,96.36,,68.0,59.54,58.15,,91.9,,,,68.61,69.04,,68.61,69.04,69.04,129.09,69.04,55.32,55.32,,,,,59.54,55.32,55.32,55.32,55.32,55.32,55.23,59.54,58.1,58.2,55.32,55.32,55.32,55.32,59.54,56.6,,,,,,
2019-02-03 19:00:00+01:00,,59.74,,63.1,47.45,59.06,,56.5,,57.94,57.94,57.94,55.14,63.93,55.14,63.93,86.55,,69.64,59.74,57.39,,82.55,,,,72.65,77.93,,72.65,77.93,77.93,150.09,77.93,55.14,55.14,,,,,60.67,55.14,55.14,55.14,55.14,55.14,55.04,63.93,57.34,58.21,55.14,55.14,55.14,55.14,59.74,56.5,,,,,,
2019-02-03 20:00:00+01:00,,57.29,,63.1,43.72,58.02,,53.06,,54.69,54.69,54.69,53.38,63.54,53.38,63.54,65.01,,66.54,57.29,53.06,,62.0,,,,66.14,69.1,,66.14,69.1,69.1,138.0,69.1,53.38,53.38,,,,,57.4,53.38,53.38,53.38,53.38,53.38,53.29,63.54,53.01,54.25,53.38,53.38,53.38,53.38,57.29,53.06,,,,,,
2019-02-03 21:00:00+01:00,,52.67,,58.01,40.4,52.62,,48.5,,51.94,51.94,51.94,51.94,63.75,51.94,55.06,60.64,,66.43,52.67,48.5,,54.97,,,,63.1,65.0,,63.1,65.0,65.0,129.09,65.0,51.94,51.94,,,,,51.94,51.94,51.94,51.94,51.94,51.94,51.86,63.75,48.46,48.71,51.94,51.94,51.94,51.94,52.67,48.5,,,,,,
2019-02-03 22:00:00+01:00,,51.73,,56.76,36.04,53.45,,46.0,,51.04,51.04,51.04,51.04,59.7,51.04,53.98,55.27,,66.43,51.73,46.0,,52.7,,,,59.19,62.48,,59.19,62.48,62.48,98.75,62.48,51.04,51.04,,,,,46.25,51.04,51.04,51.04,51.04,51.04,50.95,59.7,42.05,44.9,51.04,51.04,51.04,51.04,51.73,46.0,,,,,,
2019-02-03 23:00:00+01:00,,47.09,,52.0,30.74,51.58,,40.7,,46.42,48.15,49.46,49.46,49.82,49.46,49.3,50.49,,67.48,47.09,40.7,,49.32,,,,52.42,55.0,,52.42,55.0,55.0,97.09,55.0,49.46,49.46,,,,,41.76,49.46,49.46,49.46,49.46,49.46,44.33,51.1,31.12,36.62,49.46,49.46,49.46,49.46,47.09,40.7,,,,,,
2019-02-04 00:00:00+01:00,,43.7,,48.11,22.53,49.48,,38.01,,43.7,50.18,50.18,50.18,48.57,50.18,45.91,50.81,,66.35,43.7,38.01,,48.45,,,,52.02,61.04,,52.02,61.04,61.04,61.04,61.04,50.18,50.18,,,,,40.0,50.18,50.18,50.18,50.18,50.18,43.55,61.1,37.98,43.97,50.18,50.18,50.18,50.18,43.7,38.01,,,,,,
2019-02-04 01:00:00+01:00,,41.37,,42.91,22.51,48.42,,37.51,,41.37,50.05,50.05,50.05,45.47,50.05,42.14,50.28,,66.37,41.37,37.51,,47.96,,,,51.09,63.38,,51.09,63.38,63.38,63.38,63.38,50.05,50.05,,,,,40.11,50.05,50.05,50.05,50.05,50.05,40.91,53.36,37.48,40.36,50.05,50.05,50.05,50.05,41.37,37.51,,,,,,
2019-02-04 02:00:00+01:00,,40.48,,41.8,22.52,48.59,,37.51,,40.48,49.82,49.82,49.82,41.15,49.82,41.15,50.21,,66.37,40.48,37.51,,47.89,,,,50.4,61.04,,50.4,61.04,61.04,61.04,61.04,49.82,49.82,,,,,39.42,49.82,49.82,49.82,49.82,49.82,40.39,50.59,35.33,36.87,49.82,49.82,49.82,49.82,40.48,37.51,,,,,,
2019-02-04 03:00:00+01:00,,39.21,,39.21,22.53,47.93,,36.07,,39.21,50.0,50.0,50.0,39.21,50.0,39.21,42.71,,66.37,39.21,36.07,,40.73,,,,51.09,61.04,,51.09,61.04,61.04,61.04,61.04,50.0,50.0,,,,,39.21,50.0,50.0,50.0,50.0,50.0,40.11,48.95,36.05,34.25,50.0,50.0,50.0,50.0,39.21,36.07,,,,,,
2019-02-04 04:00:00+01:00,,38.55,,38.55,30.95,48.0,,37.01,,38.55,50.56,50.56,50.56,38.55,50.56,38.55,39.72,,70.2,38.55,37.01,,37.88,,,,51.81,58.52,,51.81,58.52,58.52,58.52,58.52,50.56,50.56,,,,,38.55,50.56,50.56,50.56,50.56,50.56,40.77,48.36,36.99,34.14,50.56,50.56,50.56,50.56,38.55,37.01,,,,,,
2019-02-04 05:00:00+01:00,,40.72,,40.8,38.37,50.74,,42.35,,40.71,52.13,52.13,52.13,43.01,52.13,40.75,41.86,,76.94,40.72,42.35,,39.93,,,,55.16,61.04,,55.16,61.04,61.04,61.04,61.04,52.13,52.13,,,,,40.63,52.13,52.13,52.13,52.13,52.13,45.76,46.81,42.33,39.37,52.13,52.13,52.13,52.13,40.72,42.35,,,,,,
2019-02-04 06:00:00+01:00,,49.23,,49.61,44.78,59.31,,51.9,,49.05,49.05,53.65,53.65,49.61,53.65,49.61,50.75,,83.45,49.23,51.9,,48.41,,,,66.23,66.23,,66.23,66.23,66.23,66.23,66.23,53.65,53.65,,,,,47.16,53.65,53.65,53.65,53.65,53.65,53.99,49.61,51.88,52.36,53.65,53.65,53.65,53.65,49.23,51.9,,,,,,
2019-02-04 07:00:00+01:00,,61.57,,63.91,60.84,64.89,,59.0,,60.67,60.67,60.67,60.67,64.1,60.67,64.1,65.57,,83.64,73.15,71.01,,60.83,,,,73.15,73.15,,73.15,73.15,73.15,91.12,73.15,60.67,60.67,,,,,55.74,60.67,56.07,57.38,57.38,56.07,61.05,64.1,71.0,65.37,57.38,57.38,60.67,60.67,73.15,59.0,,,,,,
2019-02-04 08:00:00+01:00,,60.44,,58.57,60.77,66.18,,60.76,,58.93,58.93,62.38,62.38,64.59,62.38,64.59,57.0,,73.49,79.63,79.13,,56.98,,,,79.63,79.63,,79.63,79.63,79.63,93.89,79.63,62.38,62.38,,,,,55.34,62.38,56.54,60.54,60.54,56.54,62.76,64.59,79.12,66.12,60.54,60.54,62.38,62.38,79.63,60.76,,,,,,
2019-02-04 09:00:00+01:00,,58.67,,65.38,55.97,65.05,,60.0,,55.47,55.47,61.09,61.09,66.55,61.09,65.38,63.8,,70.54,80.09,78.32,,65.49,,,,77.32,77.32,,77.32,77.32,77.32,91.12,77.32,61.09,61.09,,,,,59.0,61.09,54.35,61.09,61.09,54.78,61.99,66.55,78.31,67.24,61.09,61.09,61.09,61.09,80.09,60.0,,,,,,
2019-02-04 10:00:00+01:00,,53.89,,65.88,38.4,64.62,,56.58,,48.15,49.66,60.0,60.0,66.55,60.0,65.88,64.29,,68.89,72.33,75.08,,67.52,,,,72.33,72.33,,72.33,72.33,72.33,72.33,72.33,60.0,60.0,,,,,53.0,60.0,53.17,60.0,60.0,54.79,61.13,66.55,75.08,63.78,60.0,60.0,60.0,60.0,72.33,56.58,,,,,,
2019-02-04 11:00:00+01:00,,49.52,,61.97,38.38,64.14,,53.34,,43.46,52.74,54.96,54.96,65.13,54.96,65.13,63.55,,69.38,67.0,72.96,,66.75,,,,67.0,67.0,,67.0,67.0,67.0,67.0,67.0,54.96,54.96,,,,,44.7,54.96,52.74,54.96,54.96,54.69,64.23,65.13,72.97,63.32,54.96,54.96,54.96,54.96,67.0,53.34,,,,,,
2019-02-04 12:00:00+01:00,,46.58,,58.29,38.38,63.08,,50.64,,41.69,52.65,54.23,54.23,63.93,54.23,61.78,60.28,,69.38,61.78,71.34,,72.83,,,,61.78,61.78,,61.78,61.78,61.78,61.78,61.78,54.23,54.23,,,,,41.69,54.23,52.66,54.23,54.23,54.23,64.97,63.93,71.36,61.85,54.23,54.23,54.23,54.23,61.78,50.64,,,,,,
2019-02-04 13:00:00+01:00,,45.77,,56.46,38.38,63.12,,51.32,,40.47,47.99,53.8,53.8,63.53,53.8,59.34,57.89,,68.89,61.04,68.06,,77.29,,,,61.04,61.04,,61.04,61.04,61.04,61.04,61.04,53.8,53.8,,,,,40.8,53.8,52.61,53.8,53.8,53.8,68.16,63.53,68.08,61.83,53.8,53.8,53.8,53.8,61.04,51.32,,,,,,
2019-02-04 14:00:00+01:00,,59.91,,55.68,38.39,61.07,,50.09,,41.01,42.28,54.09,56.35,62.03,56.35,57.09,55.69,,67.7,64.81,66.24,,77.09,,,,64.81,64.81,,64.81,64.81,64.81,64.81,64.81,56.35,56.35,,,,,45.4,54.09,52.56,54.09,54.09,54.09,65.41,62.03,66.26,61.81,54.09,54.09,54.09,54.09,64.81,50.09,,,,,,
2019-02-04 15:00:00+01:00,,59.95,,55.3,51.12,60.11,,52.0,,43.37,43.37,54.01,58.08,61.01,58.08,56.46,56.7,,67.82,64.95,67.34,,77.29,,,,64.95,64.95,,64.95,64.95,64.95,64.95,64.95,58.08,58.08,,,,,45.49,54.01,52.57,54.01,54.01,54.01,64.33,62.17,67.38,62.42,54.01,54.01,54.01,54.01,64.95,52.0,,,,,,
2019-02-04 16:00:00+01:00,,59.95,,57.84,72.98,60.27,,58.0,,43.82,43.82,54.52,61.25,61.01,61.25,58.01,59.31,,66.54,68.15,72.35,,136.11,,,,68.15,68.15,,68.15,68.15,68.15,71.0,68.15,61.25,61.25,,,,,46.59,54.52,52.63,54.52,54.52,54.52,65.36,61.2,72.39,64.07,54.52,54.52,54.52,54.52,68.15,58.0,,,,,,
2019-02-04 17:00:00+01:00,,59.98,,61.32,76.59,62.68,,60.88,,49.06,49.06,55.5,62.27,63.93,62.27,63.93,65.36,,70.69,101.07,81.44,,150.0,,,,73.15,73.15,,73.15,73.15,73.15,91.12,73.15,62.27,62.27,,,,,49.9,55.5,52.67,55.5,55.5,54.74,67.72,63.93,81.5,68.17,55.5,55.5,55.5,55.5,73.15,60.88,,,,,,
2019-02-04 18:00:00+01:00,,59.95,,66.15,63.1,64.64,,58.0,,46.78,46.78,54.2,62.06,69.04,62.06,69.04,78.41,,70.73,77.27,83.0,,285.0,,,,77.27,77.27,,77.27,77.27,77.27,93.89,77.27,62.06,62.06,,,,,46.78,54.2,52.65,54.2,54.2,54.2,65.2,69.04,83.06,71.77,54.2,54.2,54.2,54.2,77.27,58.0,,,,,,
2019-02-04 19:00:00+01:00,,59.91,,64.9,63.07,64.19,,55.0,,42.08,42.08,52.96,52.96,70.66,52.96,70.66,84.44,,69.59,70.66,74.16,,270.3,,,,70.66,70.66,,70.66,70.66,70.66,123.27,70.66,52.96,52.96,,,,,42.08,52.96,52.65,52.96,52.96,52.96,64.08,70.66,74.22,68.65,52.96,52.96,52.96,52.96,70.66,55.0,,,,,,
2019-02-04 20:00:00+01:00,,59.8,,62.99,61.11,61.06,,51.0,,39.42,39.42,52.18,52.18,69.58,52.18,66.23,84.56,,68.53,66.23,68.06,,130.7,,,,66.23,66.23,,66.23,66.23,66.23,120.0,66.23,52.18,52.18,,,,,40.59,52.18,52.18,52.18,52.18,52.18,58.25,69.58,68.12,65.07,52.18,52.18,52.18,52.18,66.23,51.0,,,,,,
2019-02-04 21:00:00+01:00,,44.1,,52.59,52.91,60.07,,46.0,,38.75,38.75,51.66,51.66,68.5,51.66,62.38,76.29,,66.5,44.1,54.31,,80.16,,,,62.38,62.38,,62.38,62.38,62.38,91.12,62.38,51.66,51.66,,,,,39.9,51.66,51.66,51.66,51.66,51.66,51.94,68.5,54.36,58.07,51.66,51.66,51.66,51.66,44.1,46.0,,,,,,
2019-02-04 22:00:00+01:00,,43.1,,57.97,36.36,59.99,,42.89,,38.52,38.52,38.52,50.59,66.1,50.59,64.77,66.19,,66.43,43.1,46.22,,69.0,,,,61.04,61.04,,64.39,61.04,61.04,61.04,61.04,50.59,50.59,,,,,39.7,50.59,50.59,50.59,50.59,50.59,50.86,66.1,46.27,53.06,50.59,50.59,50.59,50.59,43.1,42.89,,,,,,
2019-02-04 23:00:00+01:00,,36.1,,55.0,27.04,56.39,,38.0,,32.51,32.51,32.51,49.09,63.01,49.09,61.41,62.76,,69.83,36.1,38.0,,65.96,,,,60.15,55.99,,60.15,54.2,55.99,54.2,54.2,49.09,49.09,,,,,34.9,49.09,49.09,49.09,49.09,49.09,49.35,63.01,38.05,45.89,49.09,49.09,49.09,49.09,36.1,38.0,,,,,,
2019-02-05 00:00:00+01:00,,36.18,,48.38,22.54,55.76,,35.0,,34.49,34.49,34.49,47.74,58.3,47.74,58.3,58.2,,55.25,36.18,35.0,,61.19,,,,58.3,58.3,,58.3,38.06,58.3,38.06,38.06,47.74,47.74,,,,,37.3,47.96,47.96,47.74,47.74,47.96,47.79,58.3,29.29,36.83,47.74,47.74,47.74,47.74,36.18,35.0,,,,,,
2019-02-05 01:00:00+01:00,,37.95,,46.91,22.54,53.42,,34.93,,36.71,36.71,36.71,47.47,54.44,47.47,54.44,54.67,,50.71,36.05,34.93,,54.66,,,,54.44,54.44,,54.44,38.06,54.44,38.06,38.06,44.05,47.47,,,,,37.4,47.74,47.74,47.47,47.47,47.74,42.75,59.26,27.18,33.46,47.47,47.47,47.47,47.47,36.05,34.93,,,,,,
2019-02-05 02:00:00+01:00,,39.0,,47.88,22.53,50.23,,33.69,,38.42,38.42,38.42,47.36,51.78,47.36,51.78,52.89,,46.1,27.69,33.69,,50.53,,,,54.38,54.38,,54.38,38.03,54.38,38.03,38.03,44.05,47.36,,,,,38.42,47.59,47.59,47.36,47.36,47.59,41.73,53.34,27.18,32.94,47.36,47.36,47.36,47.36,27.69,33.69,,,,,,
2019-02-05 03:00:00+01:00,,40.03,,44.6,22.53,48.09,,35.0,,39.39,39.39,39.39,47.5,48.77,47.5,48.28,49.72,,37.69,29.0,35.0,,49.38,,,,54.4,54.4,,54.4,38.01,54.4,38.01,38.01,44.08,47.5,,,,,39.9,47.5,47.5,47.5,47.5,47.5,41.73,48.97,27.19,34.07,47.5,47.5,47.5,47.5,29.0,35.0,,,,,,
2019-02-05 04:00:00+01:00,,40.03,,43.32,25.02,47.67,,35.85,,39.82,39.82,39.82,47.78,48.77,47.78,44.64,49.27,,40.0,27.57,35.85,,47.08,,,,53.11,53.11,,53.11,30.0,53.11,30.0,30.0,46.46,47.78,,,,,39.9,47.78,47.78,47.78,47.78,47.78,42.06,48.92,33.72,32.07,47.78,47.78,47.78,47.78,27.57,35.85,,,,,,
2019-02-05 05:00:00+01:00,,43.03,,47.5,38.35,49.46,,40.12,,41.72,41.72,41.72,51.82,49.15,51.82,48.54,49.57,,66.37,34.12,40.12,,47.36,,,,54.44,54.44,,54.44,30.0,54.44,30.0,30.0,51.09,51.82,,,,,42.99,49.77,49.77,49.77,49.77,49.77,45.12,49.15,40.18,38.04,49.77,49.77,49.77,49.77,34.12,40.12,,,,,,
2019-02-05 06:00:00+01:00,,60.08,,55.27,38.38,57.28,,53.49,,50.31,50.31,51.38,56.06,59.46,56.06,59.46,57.94,,69.57,60.08,53.49,,49.74,,,,61.04,61.04,,61.04,48.06,61.04,48.06,48.06,56.06,56.06,,,,,54.13,51.38,51.38,51.38,51.38,51.38,56.1,59.46,53.57,53.66,51.38,51.38,51.38,51.38,60.08,53.49,,,,,,
2019-02-05 07:00:00+01:00,,64.09,,63.16,53.23,64.81,,66.6,,61.52,56.32,55.25,59.68,64.09,59.68,64.09,63.98,,70.48,64.09,68.89,,51.74,,,,61.14,61.14,,64.09,61.14,61.14,61.14,61.14,59.68,59.68,,,,,62.22,53.61,53.61,55.25,55.25,53.61,59.72,64.09,68.99,65.32,55.25,55.25,55.25,55.25,64.09,66.6,,,,,,
2019-02-05 08:00:00+01:00,,63.97,,70.3,52.72,66.07,,66.77,,62.31,55.07,55.07,63.27,68.07,63.27,68.07,72.29,,70.53,63.97,71.91,,69.08,,,,74.01,62.38,,74.01,61.14,62.38,61.14,61.14,63.27,63.27,,,,,70.3,54.9,54.9,55.07,55.07,54.9,63.31,68.07,72.02,67.77,55.07,55.07,55.07,55.07,63.97,66.77,,,,,,
2019-02-05 09:00:00+01:00,,63.97,,70.3,38.39,67.1,,66.5,,62.31,54.83,54.83,63.87,68.0,63.87,68.0,77.32,,66.45,63.97,71.91,,73.89,,,,68.0,62.38,,68.0,53.0,62.38,53.0,53.0,63.87,63.87,,,,,75.19,54.83,54.83,54.83,54.83,54.83,63.9,68.0,72.02,68.45,54.83,54.83,54.83,54.83,63.97,66.5,,,,,,
2019-02-05 10:00:00+01:00,,64.92,,66.47,38.38,64.58,,65.0,,64.56,54.55,54.55,64.92,65.79,64.92,65.79,71.95,,66.18,64.92,68.01,,70.1,,,,65.79,62.04,,65.79,48.08,62.04,48.08,48.08,64.92,64.92,,,,,69.96,54.55,54.55,54.55,54.55,54.55,64.95,65.79,68.12,66.83,54.55,54.55,54.55,54.55,64.92,65.0,,,,,,
2019-02-05 11:00:00+01:00,,62.85,,62.85,38.35,64.27,,63.0,,62.85,54.09,54.09,54.09,62.85,54.09,62.85,64.36,,66.18,62.85,65.85,,63.0,,,,62.85,61.04,,62.85,48.03,61.04,48.03,48.03,54.09,54.09,,,,,62.85,54.09,54.09,54.09,54.09,54.09,63.06,63.2,65.95,66.72,54.09,54.09,54.09,54.09,62.85,63.0,,,,,,
2019-02-05 12:00:00+01:00,,59.39,,59.02,38.36,61.0,,61.0,,58.63,53.49,53.49,53.49,59.35,53.49,59.35,60.59,,66.43,59.39,64.06,,57.91,,,,59.35,59.35,,59.35,48.02,59.35,48.02,48.02,53.49,53.49,,,,,58.93,53.49,53.49,53.49,53.49,53.49,62.1,63.66,64.16,66.74,53.49,53.49,53.49,53.49,59.39,61.0,,,,,,
2019-02-05 13:00:00+01:00,,58.2,,58.01,38.35,59.83,,61.1,,57.81,53.4,53.4,53.4,58.18,53.4,58.18,59.39,,66.43,58.2,61.1,,56.77,,,,58.2,58.2,,58.2,48.03,58.2,48.03,48.03,53.4,53.4,,,,,57.96,53.4,53.4,53.4,53.4,53.4,64.7,63.2,61.2,62.6,53.4,53.4,53.4,53.4,58.2,61.1,,,,,,
2019-02-05 14:00:00+01:00,,57.96,,57.96,38.36,60.21,,61.0,,57.96,53.61,53.61,61.4,57.96,61.4,57.96,59.16,,66.43,57.96,61.0,,56.55,,,,58.9,58.9,,58.9,48.07,58.9,48.07,48.07,61.4,61.4,,,,,57.96,53.61,53.61,53.61,53.61,53.61,61.41,63.19,61.1,63.44,53.61,53.61,53.61,53.61,57.96,61.0,,,,,,
2019-02-05 15:00:00+01:00,,58.04,,58.04,38.38,59.49,,61.21,,58.04,53.63,53.63,59.08,58.04,59.08,58.04,58.06,,66.45,58.04,61.21,,55.49,,,,60.99,60.99,,60.99,53.0,60.99,53.0,53.0,59.08,59.08,,,,,58.04,53.63,53.63,53.63,53.63,53.63,59.1,63.19,61.31,61.84,53.63,53.63,53.63,53.63,58.04,61.21,,,,,,
2019-02-05 16:00:00+01:00,,60.35,,60.35,38.37,60.29,,64.86,,60.35,54.53,54.53,63.25,60.35,63.25,60.35,58.79,,66.52,60.35,64.86,,56.2,,,,62.36,62.36,,62.36,60.29,62.36,60.29,60.29,63.25,63.25,,,,,60.35,54.53,54.53,54.53,54.53,54.53,63.26,63.19,64.97,64.95,54.53,54.53,54.53,54.53,60.35,64.86,,,,,,
2019-02-05 17:00:00+01:00,,63.06,,63.06,51.09,64.04,,66.1,,63.06,57.12,57.12,65.59,63.06,65.59,63.06,64.37,,71.77,67.0,74.87,,64.43,,,,67.0,67.0,,67.0,67.0,67.0,67.0,67.0,65.59,65.59,,,,,63.06,57.12,57.12,57.12,57.12,57.12,65.6,63.19,75.0,70.94,57.12,57.12,57.12,57.12,67.0,66.1,,,,,,
2019-02-05 18:00:00+01:00,,65.79,,65.79,41.38,67.91,,69.7,,65.79,56.65,56.65,64.63,65.79,64.63,65.79,67.16,,69.87,65.79,69.7,,70.66,,,,68.47,68.47,,68.47,68.47,68.47,81.0,68.47,64.63,64.63,,,,,65.79,56.65,56.65,56.65,56.65,56.65,64.64,65.79,69.82,72.76,56.65,56.65,56.65,56.65,65.79,69.7,,,,,,
2019-02-05 19:00:00+01:00,,63.6,,65.89,34.93,65.64,,66.0,,62.63,55.19,55.19,55.19,66.83,55.19,66.83,65.1,,70.8,63.6,66.0,,68.49,,,,66.83,66.83,,66.83,66.83,66.83,90.01,66.83,55.19,55.19,,,,,62.63,55.19,55.19,55.19,55.19,55.19,63.05,66.83,66.11,70.81,55.19,55.19,55.19,55.19,63.6,66.0,,,,,,
2019-02-05 20:00:00+01:00,,61.77,,61.77,38.0,61.66,,61.46,,61.77,53.69,53.69,53.69,67.5,53.69,61.77,63.24,,66.28,61.77,61.46,,66.54,,,,61.77,61.77,,61.77,61.77,61.77,84.4,61.77,53.69,53.69,,,,,61.77,53.69,53.69,53.69,53.69,53.69,56.88,67.5,61.57,62.04,53.69,53.69,53.69,53.69,61.77,61.46,,,,,,
2019-02-05 21:00:00+01:00,,53.55,,52.93,30.96,56.02,,55.64,,53.38,53.38,52.6,52.6,67.1,52.6,54.14,60.23,,62.21,53.55,55.64,,61.87,,,,59.99,59.99,,59.99,59.99,59.99,59.99,59.99,52.6,52.6,,,,,52.93,52.6,52.6,52.6,52.6,52.6,54.17,67.1,55.74,56.93,52.6,52.6,52.6,52.6,53.55,55.64,,,,,,
2019-02-05 22:00:00+01:00,,50.77,,52.83,22.53,53.43,,51.28,,50.12,50.12,50.9,50.9,63.75,50.9,52.83,54.08,,56.36,50.77,51.28,,55.0,,,,57.99,57.99,,57.99,51.51,57.99,51.51,51.51,50.9,50.9,,,,,46.03,50.9,50.9,50.9,50.9,50.9,50.9,63.75,51.37,53.99,50.9,50.9,50.9,50.9,50.77,51.28,,,,,,
2019-02-05 23:00:00+01:00,,47.31,,48.17,22.9,50.05,,46.65,,46.98,49.58,49.58,47.93,62.51,49.58,48.17,49.17,,69.66,47.31,46.65,,53.64,,,,53.83,53.83,,53.83,35.0,53.83,35.0,35.0,47.93,47.93,,,,,42.6,49.58,49.58,49.58,49.58,49.58,47.92,62.71,46.73,47.08,49.58,49.58,49.58,49.58,47.31,46.65,,,,,,
2019-02-06 00:00:00+01:00,,42.8,,42.8,22.53,46.57,,43.1,,42.8,49.33,49.33,49.33,63.25,49.33,42.8,49.56,,47.28,42.8,43.1,,50.85,,,,47.61,47.61,,47.61,30.0,47.61,30.0,30.0,43.12,49.33,,,,,42.8,49.33,49.33,49.33,49.33,49.33,43.17,63.25,43.21,42.0,49.33,49.33,49.33,49.33,42.8,43.1,,,,,,
2019-02-06 01:00:00+01:00,,41.63,,41.63,22.51,45.1,,42.5,,41.63,49.03,49.03,49.03,60.5,49.03,41.63,49.55,,43.86,41.63,42.5,,50.84,,,,44.63,44.63,,44.63,30.0,44.63,30.0,30.0,41.91,49.03,,,,,41.63,49.03,49.03,49.03,49.03,49.03,41.95,61.2,37.75,40.37,49.03,49.03,49.03,49.03,41.63,42.5,,,,,,
2019-02-06 02:00:00+01:00,,41.06,,41.62,22.51,44.06,,41.69,,40.98,48.92,48.92,48.92,55.07,48.92,41.3,50.18,,35.35,41.06,41.69,,50.57,,,,41.34,41.34,,41.34,25.0,41.34,25.0,25.0,40.6,48.92,,,,,40.5,48.92,48.92,48.92,48.92,48.92,40.63,55.07,32.03,39.2,48.92,48.92,48.92,48.92,41.06,41.69,,,,,,
2019-02-06 03:00:00+01:00,,40.4,,40.4,22.52,43.49,,40.6,,40.4,49.03,49.03,49.03,54.0,49.03,40.4,49.55,,39.66,40.4,40.6,,48.46,,,,41.19,41.19,,41.19,20.01,41.19,20.01,20.01,40.63,49.03,,,,,40.4,49.03,49.03,49.03,49.03,49.03,40.66,56.73,29.31,38.61,49.03,49.03,49.03,49.03,40.4,40.6,,,,,,
2019-02-06 04:00:00+01:00,,41.38,,41.38,27.1,42.77,,40.61,,41.38,49.65,49.65,49.65,52.73,49.65,41.38,49.58,,67.27,41.38,40.61,,47.34,,,,41.38,41.38,,41.38,20.01,41.38,20.01,20.01,49.24,49.65,,,,,41.38,49.65,49.65,49.65,49.65,49.65,42.19,52.73,31.21,38.01,49.65,49.65,49.65,49.65,41.38,40.61,,,,,,
2019-02-06 05:00:00+01:00,,42.31,,42.31,38.35,45.06,,43.2,,42.31,49.88,51.17,51.58,55.68,51.58,42.31,49.62,,69.84,42.31,43.2,,47.38,,,,46.14,46.14,,46.14,20.01,46.14,20.01,20.01,51.58,51.58,,,,,42.31,51.17,51.17,51.17,51.17,51.17,47.47,55.68,43.31,40.37,51.17,51.17,51.17,51.17,42.31,43.2,,,,,,
2019-02-06 06:00:00+01:00,,51.17,,51.67,40.94,54.63,,51.9,,51.1,51.1,52.34,58.46,59.48,58.46,51.39,52.97,,65.41,51.17,51.9,,50.57,,,,56.49,56.49,,56.49,38.11,56.49,38.11,38.11,56.07,58.46,,,,,50.66,52.34,52.34,52.34,52.34,52.34,56.1,59.48,52.04,52.42,52.34,52.34,52.34,52.34,51.17,51.9,,,,,,
2019-02-06 07:00:00+01:00,,58.32,,61.51,57.29,59.4,,61.01,,57.59,57.59,60.05,60.77,63.0,60.77,60.26,63.06,,68.57,58.32,61.01,,56.23,,,,62.92,61.04,,67.0,57.53,61.04,57.53,57.53,60.05,60.77,,,,,53.3,60.05,55.06,55.32,55.32,55.06,60.08,63.0,61.17,60.84,55.32,55.32,60.05,60.05,58.32,61.01,,,,,,
2019-02-06 08:00:00+01:00,,59.59,,61.31,71.73,60.14,,63.0,,59.01,59.01,63.88,63.88,65.64,63.88,61.15,62.52,,68.57,59.59,63.0,,63.63,,,,64.88,61.04,,75.0,57.53,61.04,57.53,57.53,63.88,63.88,,,,,55.93,63.88,57.78,55.84,55.84,57.78,63.9,65.64,63.17,63.02,55.84,55.84,63.88,63.88,59.59,63.0,,,,,,
2019-02-06 09:00:00+01:00,,57.97,,65.69,67.96,59.88,,62.16,,53.34,53.34,54.84,66.03,66.85,66.03,65.88,67.35,,69.19,57.97,62.16,,65.85,,,,64.88,61.04,,65.88,51.42,61.04,51.42,51.42,66.03,66.03,,,,,53.45,54.84,54.51,54.84,54.84,54.51,66.05,66.85,62.33,62.72,54.84,54.84,54.84,54.84,57.97,62.16,,,,,,
2019-02-06 10:00:00+01:00,,57.93,,62.1,61.19,59.05,,59.31,,53.54,53.54,53.73,66.02,66.55,66.02,60.28,68.32,,69.66,57.93,59.31,,66.79,,,,58.85,58.69,,62.14,48.12,58.69,48.12,48.12,66.02,66.02,,,,,55.37,53.73,53.6,53.73,53.73,53.73,66.03,66.55,59.47,61.28,53.73,53.73,53.73,53.73,57.93,59.31,,,,,,
2019-02-06 11:00:00+01:00,,55.17,,60.82,50.11,57.33,,55.81,,53.32,53.32,53.32,54.43,64.18,54.43,59.38,62.37,,70.57,55.17,55.81,,60.97,,,,58.82,53.75,,59.88,38.11,53.75,38.11,38.11,54.43,54.43,,,,,55.09,53.32,53.32,53.32,53.32,53.32,66.07,64.18,55.96,59.25,53.32,53.32,53.32,53.32,55.17,55.81,,,,,,
2019-02-06 12:00:00+01:00,,55.7,,55.17,51.94,55.68,,53.28,,53.19,53.19,53.19,54.76,63.1,54.76,54.69,56.58,,70.57,55.7,53.28,,57.38,,,,55.7,52.99,,55.7,38.12,52.99,38.12,38.12,54.76,54.76,,,,,54.94,53.19,53.19,53.19,53.19,53.19,66.08,63.1,53.42,56.51,53.19,53.19,53.19,53.19,55.7,53.28,,,,,,
2019-02-06 13:00:00+01:00,,55.4,,54.78,50.08,55.22,,53.0,,52.81,52.81,52.81,56.43,61.98,56.43,54.37,56.18,,69.73,55.4,53.0,,57.6,,,,55.4,52.04,,55.4,38.15,52.04,38.15,38.15,56.43,56.43,,,,,54.55,52.81,52.81,52.81,52.81,52.81,66.79,61.98,51.64,55.84,52.81,52.81,52.81,52.81,55.4,53.0,,,,,,
2019-02-06 14:00:00+01:00,,52.93,,52.93,51.25,54.71,,54.62,,52.93,52.93,52.93,61.06,57.51,61.06,52.93,54.51,,76.54,52.93,54.62,,55.88,,,,58.31,52.99,,58.31,42.13,52.99,42.13,42.13,61.06,61.06,,,,,52.93,52.93,52.93,52.93,52.93,52.93,66.07,57.51,50.86,57.0,52.93,52.93,52.93,52.93,52.93,54.62,,,,,,
2019-02-06 15:00:00+01:00,,54.3,,54.3,55.63,55.65,,55.39,,54.3,53.8,53.8,61.95,55.37,61.95,54.3,55.7,,70.6,54.3,55.39,,57.09,,,,59.15,57.0,,59.15,52.32,57.0,52.32,52.32,61.95,61.95,,,,,54.3,53.8,53.8,53.72,53.72,53.8,63.97,55.37,52.1,56.78,53.72,53.72,53.8,53.8,54.3,55.39,,,,,,
2019-02-06 16:00:00+01:00,,56.73,,56.73,48.59,56.63,,58.0,,56.73,55.37,55.37,65.0,56.73,65.0,56.73,58.2,,70.6,56.73,58.0,,59.66,,,,61.88,61.13,,62.15,61.13,61.13,61.13,61.13,65.0,65.0,,,,,56.73,55.37,55.37,53.21,53.21,55.37,64.97,56.73,58.17,59.08,53.21,53.21,55.37,55.37,56.73,58.0,,,,,,
2019-02-06 17:00:00+01:00,,60.27,,60.27,51.13,58.75,,61.38,,60.27,60.27,60.27,66.74,60.32,66.74,60.27,68.35,,69.74,60.27,61.38,,70.06,,,,67.0,67.0,,67.0,67.0,67.0,92.18,67.0,66.74,66.74,,,,,60.27,60.27,60.27,52.72,52.72,60.27,66.71,60.32,61.56,62.8,52.72,52.72,60.27,60.27,60.27,61.38,,,,,,
2019-02-06 18:00:00+01:00,,62.4,,62.4,49.69,61.07,,63.92,,62.4,60.9,60.9,64.99,63.1,64.99,62.4,79.97,,70.69,62.4,63.92,,83.96,,,,70.89,70.89,,70.89,70.89,70.89,93.81,70.89,64.99,64.99,,,,,62.4,60.9,60.9,52.4,52.4,60.9,64.95,63.1,64.11,65.89,52.4,52.4,60.9,60.9,62.4,63.92,,,,,,
2019-02-06 19:00:00+01:00,,60.59,,62.4,41.15,59.31,,61.13,,59.62,57.06,57.06,57.06,66.98,57.06,63.86,82.03,,70.61,60.59,61.13,,86.12,,,,67.0,67.0,,67.0,67.0,67.0,141.18,67.0,57.06,57.06,,,,,58.94,57.06,57.06,51.78,51.78,57.06,57.73,66.98,57.86,65.21,51.78,51.78,57.06,57.06,60.59,61.13,,,,,,
2019-02-06 20:00:00+01:00,,56.3,,56.09,35.12,56.63,,56.91,,55.8,54.03,52.89,52.89,67.52,52.89,58.0,79.75,,70.57,56.3,56.91,,81.74,,,,62.38,62.38,,62.38,62.38,62.38,135.12,62.38,52.89,52.89,,,,,54.37,52.89,52.89,52.77,52.77,52.89,56.01,67.52,48.31,58.66,52.77,52.77,52.89,52.89,56.3,56.91,,,,,,
2019-02-06 21:00:00+01:00,,50.49,,50.49,22.54,50.97,,49.5,,50.49,50.49,51.63,51.63,66.55,51.63,50.49,67.12,,69.15,50.49,49.5,,70.46,,,,61.88,61.88,,61.88,61.88,61.88,93.81,61.88,51.63,51.63,,,,,50.49,51.63,51.63,51.63,51.63,51.63,51.58,66.55,31.22,53.39,51.63,51.63,51.63,51.63,50.49,49.5,,,,,,
2019-02-06 22:00:00+01:00,,49.5,,49.5,22.53,49.71,,47.18,,49.5,50.2,50.2,50.2,63.08,50.2,49.5,55.69,,69.28,49.5,47.18,,57.06,,,,57.0,57.0,,57.0,57.0,57.0,92.18,57.0,50.2,50.2,,,,,49.5,50.2,50.2,50.2,50.2,50.2,50.15,63.08,27.21,50.33,50.2,50.2,50.2,50.2,49.5,47.18,,,,,,
2019-02-06 23:00:00+01:00,,46.18,,46.18,22.52,47.01,,43.09,,46.18,48.17,48.17,48.17,61.1,48.17,46.18,49.68,,76.54,46.18,43.09,,53.53,,,,52.34,52.34,,52.34,52.34,52.34,65.0,52.34,48.17,48.17,,,,,46.18,48.17,48.17,48.17,48.17,48.17,48.11,61.1,20.67,45.95,48.17,48.17,48.17,48.17,46.18,43.09,,,,,,
2019-02-07 00:00:00+01:00,,46.25,,46.25,19.96,43.26,,42.17,,46.25,47.39,47.39,47.39,52.91,47.39,46.25,51.25,,68.82,46.25,42.17,,53.71,,,,57.06,57.06,,57.06,57.06,57.06,57.06,57.06,47.39,47.39,,,,,46.25,47.78,47.78,47.39,47.39,47.78,47.37,52.91,21.1,42.16,47.39,47.39,47.39,47.39,46.25,42.17,,,,,,
2019-02-07 01:00:00+01:00,,45.21,,45.21,16.95,42.91,,40.66,,45.21,46.32,46.32,46.32,48.65,46.32,45.21,50.14,,66.37,45.21,40.66,,52.0,,,,56.05,56.05,,56.05,56.05,56.05,56.05,56.05,43.12,46.32,,,,,45.21,47.33,47.33,46.32,46.32,47.33,43.1,58.48,18.14,40.08,46.32,46.32,46.32,46.32,45.21,40.66,,,,,,
2019-02-07 02:00:00+01:00,,41.24,,41.24,8.99,42.62,,39.0,,41.24,45.84,45.84,45.84,45.97,45.84,41.24,51.64,,55.06,41.24,39.0,,52.0,,,,54.34,54.34,,54.34,54.34,54.34,54.34,54.34,42.16,45.84,,,,,41.24,47.02,47.02,45.84,45.84,47.02,42.14,49.89,18.47,38.12,45.84,45.84,45.84,45.84,41.24,39.0,,,,,,
2019-02-07 03:00:00+01:00,,38.05,,38.05,11.96,42.58,,37.17,,38.05,45.96,45.96,45.96,45.47,45.96,38.05,50.5,,50.08,38.05,37.17,,50.0,,,,54.14,54.14,,54.14,54.14,54.14,54.14,54.14,43.39,45.96,,,,,38.05,46.84,46.84,45.96,45.96,46.84,43.37,45.47,22.55,35.65,45.96,45.96,45.96,45.96,38.05,37.17,,,,,,
2019-02-07 04:00:00+01:00,,37.0,,37.0,22.51,42.86,,36.55,,37.0,47.21,47.21,47.21,43.97,47.21,37.0,50.11,,51.0,37.0,36.55,,48.0,,,,54.66,54.66,,54.66,54.66,54.66,54.66,54.66,47.21,47.21,,,,,37.0,47.21,47.21,47.21,47.21,47.21,47.19,43.97,26.07,34.46,47.21,47.21,47.21,47.21,37.0,36.55,,,,,,
2019-02-07 05:00:00+01:00,,39.04,,39.04,27.94,44.48,,40.38,,39.04,48.97,48.97,48.97,45.87,48.97,39.04,49.15,,70.6,39.04,40.38,,46.77,,,,56.96,56.96,,56.96,56.96,56.96,56.96,56.96,48.97,48.97,,,,,39.04,48.97,48.97,48.97,48.97,48.97,47.68,45.87,40.4,37.06,48.97,48.97,48.97,48.97,39.04,40.38,,,,,,
2019-02-07 06:00:00+01:00,,48.06,,48.06,40.92,52.91,,44.98,,48.06,49.49,50.34,51.6,50.33,51.6,48.06,49.63,,68.38,66.9,48.64,,47.23,,,,66.9,66.9,,66.9,66.9,66.9,66.9,66.9,51.6,51.6,,,,,48.06,50.34,50.34,50.29,50.29,50.34,51.57,50.33,48.66,46.86,50.34,50.34,50.34,50.34,66.9,44.98,,,,,,
2019-02-07 07:00:00+01:00,,53.9,,56.4,53.96,56.3,,55.0,,53.29,53.29,53.29,55.37,61.12,55.37,54.9,58.02,,69.33,67.0,57.5,,55.2,,,,67.0,67.0,,67.0,67.0,67.0,90.99,67.0,55.37,55.37,,,,,50.77,52.45,52.45,52.45,52.45,52.45,55.33,61.12,57.52,58.44,52.45,52.45,52.45,53.29,67.0,56.72,,,,,,
2019-02-07 08:00:00+01:00,,56.02,,58.36,65.05,56.76,,54.15,,53.04,53.04,53.04,56.33,62.27,56.33,56.5,73.59,,69.66,75.29,57.68,,70.0,,,,75.29,75.29,,75.29,75.29,75.29,91.21,75.29,56.33,56.33,,,,,54.79,53.04,53.04,53.04,53.04,53.04,56.29,62.27,57.7,62.44,53.04,53.04,53.04,53.04,75.29,57.68,,,,,,
2019-02-07 09:00:00+01:00,,56.15,,56.4,54.97,56.76,,52.0,,51.98,51.98,51.98,56.63,63.75,56.63,55.53,74.16,,69.4,68.8,55.93,,72.25,,,,68.8,68.8,,68.8,68.8,68.8,76.0,68.8,56.63,56.63,,,,,53.7,51.98,51.98,51.98,51.98,51.98,56.59,63.75,55.94,60.95,51.98,51.98,51.98,51.98,68.8,55.93,,,,,,
2019-02-07 10:00:00+01:00,,53.96,,56.4,65.04,56.75,,45.68,,51.47,51.47,51.47,56.63,64.17,56.63,54.62,71.38,,69.4,64.89,51.97,,72.94,,,,62.47,62.38,,64.89,60.44,62.38,60.44,60.44,56.63,56.63,,,,,53.17,51.47,51.47,51.47,51.47,51.47,56.58,64.17,51.98,56.05,51.47,51.47,51.47,51.47,64.89,45.68,,,,,,
2019-02-07 11:00:00+01:00,,53.98,,56.4,38.35,56.17,,42.88,,46.38,46.38,51.35,51.52,62.58,51.52,54.2,59.34,,69.29,60.69,50.97,,60.63,,,,60.69,60.69,,60.69,58.51,60.69,58.51,58.51,51.52,51.52,,,,,50.0,51.35,51.35,51.35,51.35,51.35,56.28,62.58,50.98,56.08,51.35,51.35,51.35,51.35,60.69,42.88,,,,,,
2019-02-07 12:00:00+01:00,,53.96,,50.04,38.36,55.99,,41.99,,43.24,43.24,51.09,51.09,62.27,51.09,48.91,53.3,,69.26,56.69,52.07,,54.45,,,,56.69,56.69,,56.69,56.69,56.69,56.69,56.69,51.09,51.09,,,,,49.45,51.09,51.09,51.09,51.09,51.09,56.29,62.27,52.06,57.89,51.09,51.09,51.09,51.09,56.69,41.99,,,,,,
2019-02-07 13:00:00+01:00,,53.93,,46.09,38.35,56.42,,42.8,,42.32,42.32,50.8,50.8,62.01,50.8,46.34,51.36,,69.3,56.66,54.32,,52.47,,,,56.66,56.66,,56.66,56.66,56.66,56.66,56.66,50.8,50.8,,,,,46.09,50.8,50.8,50.8,50.8,50.8,56.29,62.01,54.31,56.76,50.8,50.8,50.8,50.8,56.66,42.8,,,,,,
2019-02-07 14:00:00+01:00,,53.93,,42.58,38.36,56.25,,49.65,,40.75,40.75,50.7,56.53,56.0,56.53,44.4,51.03,,69.26,60.1,54.6,,52.0,,,,60.1,60.1,,60.1,60.1,60.1,60.1,60.1,56.53,56.53,,,,,42.58,50.7,50.7,50.7,50.7,50.7,56.48,61.2,54.59,57.65,50.7,50.7,50.7,50.7,60.1,49.65,,,,,,
2019-02-07 15:00:00+01:00,,53.93,,43.32,39.93,56.42,,52.71,,41.63,41.63,50.69,55.54,53.51,55.54,43.55,51.03,,70.52,62.47,57.22,,52.0,,,,62.47,62.47,,62.47,62.47,62.47,62.47,62.47,55.54,55.54,,,,,43.32,50.69,50.69,50.69,50.69,50.69,55.48,62.17,57.21,56.28,50.69,50.69,50.69,50.69,62.47,57.22,,,,,,
2019-02-07 16:00:00+01:00,,53.93,,46.2,42.99,55.97,,54.0,,41.77,41.77,50.76,55.57,54.72,55.57,45.36,51.84,,70.67,70.39,67.24,,52.0,,,,70.39,70.39,,70.39,70.39,70.39,93.21,70.39,55.57,55.57,,,,,46.28,50.76,50.76,50.76,50.76,50.76,55.51,61.2,67.22,64.12,50.76,50.76,50.76,50.76,70.39,67.24,,,,,,
2019-02-07 17:00:00+01:00,,53.98,,51.65,45.13,55.43,,59.3,,51.37,51.37,51.37,58.38,60.86,58.38,52.0,61.67,,80.0,77.84,83.94,,62.96,,,,77.84,77.84,,77.84,77.84,77.84,135.12,77.84,58.38,58.38,,,,,51.65,51.37,51.37,51.37,51.37,51.37,58.31,60.86,83.9,74.11,51.37,51.37,51.37,51.37,77.84,83.94,,,,,,
2019-02-07 18:00:00+01:00,,53.98,,59.17,45.02,56.83,,57.37,,51.4,51.4,51.4,55.92,64.21,55.92,55.48,77.67,,81.64,80.86,85.44,,79.28,,,,80.86,80.86,,80.86,80.86,80.86,151.86,80.86,55.92,55.92,,,,,49.76,51.4,51.4,51.4,51.4,51.4,55.85,64.21,85.39,74.96,51.4,51.4,51.4,51.4,80.86,85.44,,,,,,
2019-02-07 19:00:00+01:00,,53.95,,58.01,40.43,56.78,,55.6,,45.75,45.75,50.41,50.41,67.2,50.41,56.47,79.89,,80.7,77.32,79.44,,81.54,,,,77.32,77.32,,77.32,77.32,77.32,152.86,77.32,50.41,50.41,,,,,45.4,50.41,50.41,50.41,50.41,50.41,55.58,67.2,79.4,71.95,50.41,50.41,50.41,50.41,77.32,79.44,,,,,,
2019-02-07 20:00:00+01:00,,53.99,,57.57,36.54,55.42,,49.3,,46.07,46.07,49.72,49.72,68.07,49.72,52.68,72.89,,70.73,67.0,63.67,,70.91,,,,67.0,67.0,,67.0,67.0,67.0,152.86,67.0,49.72,49.72,,,,,43.19,49.72,49.72,49.72,49.72,49.72,54.98,68.07,63.63,57.17,49.72,49.72,49.72,49.72,67.0,63.67,,,,,,
2019-02-07 21:00:00+01:00,,51.95,,46.45,31.92,49.94,,46.0,,41.47,41.47,48.82,48.82,67.55,48.82,44.96,71.4,,69.67,62.61,47.35,,59.0,,,,62.61,62.61,,62.61,62.61,62.61,151.86,62.61,48.82,48.82,,,,,45.7,48.82,48.82,48.82,48.82,48.82,48.76,67.55,47.32,54.96,48.82,48.82,48.82,48.82,62.61,47.35,,,,,,
2019-02-07 22:00:00+01:00,,51.95,,45.18,24.91,53.9,,42.41,,38.71,38.71,38.71,48.38,65.69,48.38,51.33,52.75,,70.34,60.22,43.65,,50.08,,,,60.22,60.22,,60.22,60.22,60.22,93.83,60.22,48.38,48.38,,,,,43.55,48.38,48.38,48.38,48.38,48.38,48.32,65.69,43.62,45.38,48.38,48.38,48.38,48.38,60.22,42.41,,,,,,
2019-02-07 23:00:00+01:00,,38.54,,47.72,24.98,45.07,,34.34,,33.68,33.68,33.68,46.91,65.0,46.91,44.9,49.14,,66.43,38.54,35.92,,46.66,,,,57.0,57.0,,57.0,57.0,57.0,85.21,57.0,46.91,46.91,,,,,42.0,47.58,47.58,46.91,46.91,47.58,46.85,65.0,35.89,42.52,46.91,46.91,46.91,46.91,38.54,34.34,,,,,,
2019-02-08 00:00:00+01:00,,35.02,,47.83,23.32,46.12,,35.32,,32.73,25.91,32.73,46.14,65.0,46.14,48.01,66.09,,67.48,35.02,35.32,,38.72,,,,57.46,57.46,,57.46,57.46,57.46,57.46,57.46,41.89,46.14,,,,,46.85,48.4,48.4,46.14,46.14,48.4,41.92,65.0,35.28,38.1,46.14,46.14,46.14,46.14,35.02,35.32,,,,,,
2019-02-08 01:00:00+01:00,,34.23,,41.6,22.53,44.46,,32.62,,33.24,30.58,33.24,44.86,61.21,44.86,41.45,71.09,,67.46,34.23,32.62,,33.33,,,,56.37,56.37,,56.37,56.37,56.37,56.37,56.37,41.8,44.86,,,,,45.0,48.08,48.08,44.86,44.86,48.08,41.82,61.21,31.17,35.42,44.86,44.86,44.86,44.86,34.23,32.62,,,,,,
2019-02-08 02:00:00+01:00,,33.56,,40.33,22.54,44.42,,31.0,,32.57,32.57,32.57,43.06,52.73,43.06,38.97,64.15,,66.37,33.56,31.0,,0.0,,,,53.71,53.71,,53.71,53.71,53.71,53.71,53.71,41.74,43.06,,,,,46.0,47.93,47.93,43.06,43.06,47.93,41.77,54.25,30.7,33.82,43.06,43.06,43.06,43.06,33.56,31.0,,,,,,
2019-02-08 03:00:00+01:00,,32.04,,37.99,22.54,44.54,,29.11,,31.16,31.16,31.16,43.05,51.02,43.05,34.96,47.37,,66.37,32.04,29.11,,0.0,,,,53.1,53.1,,53.1,53.1,53.1,53.1,53.1,41.78,43.05,,,,,45.0,47.85,47.85,43.05,43.05,47.85,41.8,54.03,29.08,33.99,43.05,43.05,43.05,43.05,32.04,29.11,,,,,,
2019-02-08 04:00:00+01:00,,35.82,,36.52,31.66,44.2,,31.67,,35.71,35.71,35.71,45.36,49.14,45.36,36.19,38.73,,68.88,35.82,31.67,,-0.01,,,,52.99,52.99,,52.99,52.99,52.99,52.99,52.99,44.38,45.36,,,,,37.4,47.76,47.76,45.36,45.36,47.76,43.58,49.14,31.63,34.27,45.36,45.36,45.36,45.36,35.82,31.67,,,,,,
2019-02-08 05:00:00+01:00,,40.08,,39.49,38.36,48.95,,38.94,,38.99,38.99,38.99,49.01,49.13,49.01,39.38,40.49,,70.6,40.08,38.94,,-0.01,,,,56.37,56.37,,56.37,56.37,56.37,56.37,56.37,49.01,49.01,,,,,39.49,48.02,48.02,48.02,48.02,48.02,46.17,49.13,38.9,38.52,48.02,48.02,48.02,48.02,40.08,38.94,,,,,,
2019-02-08 06:00:00+01:00,,54.96,,46.5,43.86,54.9,,49.15,,45.85,45.85,49.96,51.83,53.21,51.83,47.14,48.48,,69.6,54.96,50.71,,-0.01,,,,63.38,63.38,,63.38,63.38,63.38,76.0,63.38,51.83,51.83,,,,,46.5,49.96,49.96,49.96,49.96,49.96,51.85,53.21,50.65,55.2,49.96,49.96,49.96,49.96,54.96,50.71,,,,,,
2019-02-08 07:00:00+01:00,,56.67,,58.62,67.91,57.35,,56.39,,56.33,52.23,52.23,55.09,61.2,55.09,57.56,59.2,,70.6,56.67,66.05,,0.0,,,,69.98,69.98,,69.98,69.98,69.98,92.99,69.98,55.09,55.09,,,,,55.87,52.23,52.23,52.23,52.23,52.23,55.11,61.2,65.97,63.93,52.23,52.23,52.23,52.23,56.67,56.39,,,,,,
2019-02-08 08:00:00+01:00,,57.96,,58.07,76.94,57.86,,56.7,,57.94,52.8,52.8,55.97,64.0,55.97,58.0,59.88,,74.0,57.96,67.26,,38.91,,,,73.01,73.01,,73.01,73.01,73.01,93.83,73.01,55.97,55.97,,,,,57.83,52.8,52.8,52.8,52.8,52.8,55.99,64.0,67.19,68.04,52.8,52.8,52.8,52.8,57.96,56.7,,,,,,
2019-02-08 09:00:00+01:00,,57.36,,58.55,65.01,57.82,,57.89,,54.91,52.74,52.74,54.71,65.01,54.71,57.82,60.38,,75.87,57.36,64.97,,46.54,,,,65.98,65.98,,65.98,65.98,65.98,90.99,65.98,54.71,54.71,,,,,58.31,52.74,52.74,52.74,52.74,52.74,58.01,65.01,64.9,67.45,52.74,52.74,52.74,52.74,57.36,57.89,,,,,,
2019-02-08 10:00:00+01:00,,57.9,,59.04,57.18,57.57,,56.79,,51.35,51.35,51.35,54.78,64.01,54.78,56.78,62.85,,70.94,57.9,60.5,,55.0,,,,61.04,61.04,,61.04,61.04,61.04,61.04,61.04,54.78,54.78,,,,,59.04,51.35,51.35,51.35,51.35,51.35,58.93,64.01,60.44,65.04,51.35,51.35,51.35,51.35,57.9,60.5,,,,,,
2019-02-08 11:00:00+01:00,,57.87,,57.56,43.34,57.34,,55.0,,50.66,50.66,50.66,50.66,62.04,50.66,55.26,67.42,,70.92,57.87,58.05,,55.0,,,,58.0,58.0,,58.0,58.0,58.0,58.0,58.0,50.66,50.66,,,,,57.56,50.66,50.66,50.66,50.66,50.66,61.15,62.04,58.0,62.72,50.66,50.66,50.66,50.66,57.87,58.05,,,,,,
2019-02-08 12:00:00+01:00,,55.98,,54.13,52.98,56.14,,53.12,,44.59,44.59,50.27,50.27,58.88,50.27,51.9,65.59,,76.5,55.98,56.03,,56.66,,,,55.98,55.98,,55.98,55.98,55.98,55.98,55.98,50.27,50.27,,,,,54.13,50.27,50.27,50.27,50.27,50.27,61.66,61.1,55.98,60.73,50.27,50.27,50.27,50.27,55.98,56.03,,,,,,
2019-02-08 13:00:00+01:00,,54.98,,48.76,55.52,56.03,,53.0,,39.51,39.51,49.83,49.83,52.73,49.83,46.07,61.71,,81.41,54.98,55.8,,56.66,,,,54.98,54.98,,54.98,54.98,54.98,54.98,54.98,49.83,49.83,,,,,51.48,49.83,49.83,49.83,49.83,49.83,61.74,59.26,55.74,59.83,49.83,49.83,49.83,49.83,54.98,55.8,,,,,,
2019-02-08 14:00:00+01:00,,55.45,,47.32,55.56,55.88,,53.5,,38.77,38.77,49.91,52.71,49.14,52.71,45.1,55.24,,85.04,55.45,54.65,,52.42,,,,57.46,57.46,,57.46,53.52,57.46,53.52,57.46,52.71,52.71,,,,,48.31,49.91,49.91,49.91,49.91,49.91,58.45,58.98,54.6,58.08,49.91,49.91,49.91,49.91,55.45,53.5,,,,,,
2019-02-08 15:00:00+01:00,,55.22,,44.65,58.93,56.51,,56.0,,42.31,42.31,49.42,53.74,47.53,53.74,44.12,52.68,,84.09,55.22,56.89,,46.54,,,,59.11,59.11,,59.11,57.0,59.11,57.0,59.11,53.74,53.74,,,,,45.45,49.42,49.42,49.42,49.42,49.42,55.9,54.3,56.84,62.45,49.42,49.42,49.42,49.42,55.22,56.31,,,,,,
2019-02-08 16:00:00+01:00,,54.98,,44.94,61.81,56.77,,56.2,,43.98,43.98,49.71,55.09,48.0,55.09,44.78,54.85,,84.17,54.98,59.0,,46.54,,,,63.04,63.04,,63.04,57.0,63.04,89.24,63.04,55.09,55.09,,,,,45.8,49.71,49.71,49.71,49.71,49.71,55.99,49.97,58.95,66.9,49.71,49.71,49.71,49.71,54.98,56.2,,,,,,
2019-02-08 17:00:00+01:00,,55.96,,50.0,57.66,56.78,,56.0,,49.61,49.61,50.42,54.77,50.0,54.77,50.0,59.42,,85.05,55.96,72.07,,52.42,,,,70.16,70.16,,70.16,57.0,70.16,133.0,70.16,54.77,54.77,,,,,50.0,50.42,50.42,50.42,50.42,50.42,62.0,50.0,72.01,74.27,50.42,50.42,50.42,50.42,55.96,60.0,,,,,,
2019-02-08 18:00:00+01:00,,55.95,,56.85,50.92,56.71,,53.99,,50.66,50.66,50.66,53.52,54.52,53.52,54.52,74.47,,85.05,55.95,73.59,,70.68,,,,77.27,77.27,,77.27,57.0,77.27,151.7,77.27,53.52,53.52,,,,,52.34,50.66,50.66,50.66,50.66,50.66,56.98,54.52,73.53,77.29,50.66,50.66,50.66,50.66,55.95,53.99,,,,,,
2019-02-08 19:00:00+01:00,,54.95,,63.08,48.54,55.75,,55.73,,46.04,46.04,49.17,49.17,62.0,49.17,56.32,73.12,,85.13,54.95,66.91,,69.41,,,,75.0,75.0,,75.0,57.0,75.0,151.86,75.0,49.17,49.17,,,,,47.59,49.17,49.17,49.17,49.17,49.17,55.77,62.0,66.86,75.18,49.17,49.17,49.17,49.17,54.95,55.73,,,,,,
2019-02-08 20:00:00+01:00,,53.91,,52.69,48.56,55.82,,52.6,,35.88,35.88,39.08,48.97,62.41,48.97,47.67,66.56,,84.41,53.91,56.27,,54.0,,,,63.0,63.0,,63.0,57.0,63.0,151.86,63.0,48.97,48.97,,,,,47.4,48.97,48.97,48.97,48.97,48.97,55.12,62.41,56.23,65.71,48.97,48.97,48.97,48.97,53.91,56.27,,,,,,
2019-02-08 21:00:00+01:00,,52.2,,41.0,39.05,53.32,,47.33,,33.96,33.96,33.96,47.93,62.01,47.93,39.52,63.07,,83.79,52.2,47.33,,45.0,,,,60.0,60.0,,60.0,57.0,60.0,151.0,60.0,47.93,47.93,,,,,46.66,48.21,48.21,47.93,47.93,48.21,47.93,62.01,47.29,56.92,47.93,47.93,47.93,47.93,52.2,47.33,,,,,,
2019-02-08 22:00:00+01:00,,42.77,,48.35,25.97,54.14,,42.51,,27.56,27.56,27.56,47.3,57.7,47.3,46.03,57.6,,83.64,42.77,42.94,,38.33,,,,57.0,57.0,,57.0,57.0,57.0,93.83,57.0,47.3,47.3,,,,,46.43,47.97,47.97,47.3,47.3,47.97,47.3,61.2,42.91,48.99,47.3,47.3,47.3,47.3,42.77,42.51,,,,,,
2019-02-08 23:00:00+01:00,,34.02,,46.68,25.94,44.17,,33.0,,24.47,24.47,24.47,44.24,52.73,44.24,39.89,48.12,,70.56,34.02,34.75,,33.91,,,,54.0,54.0,,54.0,54.0,54.0,89.24,54.0,44.24,44.24,,,,,46.49,48.02,48.02,44.34,44.34,48.02,44.24,59.04,32.72,36.75,44.24,44.24,44.24,44.24,34.02,33.0,,,,,,
2019-02-09 00:00:00+01:00,,35.1,,46.71,38.38,47.42,,34.41,,0.02,0.02,0.02,46.57,60.02,46.57,38.92,47.98,,75.05,35.1,34.41,,0.0,,,,62.46,77.27,,62.46,77.27,77.27,77.27,77.27,41.64,46.57,,,,,46.2,47.73,47.73,46.57,46.57,47.73,41.55,60.02,34.36,34.28,46.57,46.57,46.57,46.57,35.1,34.41,,,,,,
2019-02-09 01:00:00+01:00,,32.05,,28.48,34.06,46.08,,29.04,,0.08,0.08,0.08,45.91,50.0,45.91,25.7,49.92,,75.05,32.05,29.04,,0.0,,,,60.85,77.32,,60.85,77.32,77.32,77.32,77.32,39.67,45.91,,,,,40.0,47.24,47.24,45.91,45.91,47.24,39.58,58.77,29.0,25.54,45.91,45.91,45.91,45.91,32.05,29.04,,,,,,
2019-02-09 02:00:00+01:00,,34.08,,30.04,27.5,44.57,,26.48,,-4.09,-4.09,-4.09,45.02,47.6,45.02,26.26,41.13,,68.81,34.08,26.48,,-0.01,,,,57.52,77.27,,57.52,77.27,77.27,77.27,77.27,38.09,45.02,,,,,39.87,47.11,47.11,45.02,45.02,47.11,38.0,51.06,26.44,22.76,45.02,45.02,45.02,45.02,34.08,26.48,,,,,,
2019-02-09 03:00:00+01:00,,35.09,,25.02,27.97,46.09,,23.74,,-4.0,-4.0,-4.0,44.69,47.1,44.69,20.49,38.27,,67.03,35.09,23.74,,-0.01,,,,55.44,77.27,,55.44,77.27,77.27,77.27,77.27,38.03,44.69,,,,,37.1,47.05,47.05,44.69,44.69,47.05,36.33,47.1,23.71,20.08,44.69,44.69,44.69,44.69,35.09,23.74,,,,,,
2019-02-09 04:00:00+01:00,,34.06,,20.79,34.06,44.8,,26.42,,0.06,0.06,0.06,45.59,47.1,45.59,15.7,34.22,,67.03,34.06,26.42,,-0.02,,,,55.37,77.27,,55.37,77.27,77.27,77.27,77.27,45.59,45.59,,,,,33.18,47.04,47.04,45.59,45.59,47.04,36.22,47.1,26.39,23.71,45.59,45.59,45.59,45.59,34.06,26.42,,,,,,
2019-02-09 05:00:00+01:00,,34.04,,19.41,38.36,44.82,,29.33,,0.09,0.09,0.09,46.43,47.41,46.43,17.93,29.24,,70.56,34.04,29.33,,-0.02,,,,56.3,70.52,,56.3,70.52,70.52,70.52,70.52,46.43,46.43,,,,,30.13,46.99,46.99,46.43,46.43,46.99,38.03,47.41,29.29,29.48,46.43,46.43,46.43,46.43,34.04,29.33,,,,,,
2019-02-09 06:00:00+01:00,,45.78,,31.94,38.37,46.04,,32.08,,0.05,0.05,0.05,45.98,50.5,45.98,24.09,36.87,,69.36,45.78,32.08,,-0.06,,,,63.92,77.27,,63.92,77.27,77.27,77.27,77.27,45.98,45.98,,,,,38.0,47.31,47.31,45.98,45.98,47.31,41.04,50.5,32.04,34.93,45.98,45.98,45.98,45.98,45.78,32.08,,,,,,
2019-02-09 07:00:00+01:00,,48.0,,31.91,44.04,48.05,,37.81,,6.37,6.37,6.37,46.54,56.01,46.54,29.24,42.4,,69.37,48.0,37.81,,-0.01,,,,77.32,77.32,,77.32,77.32,77.32,104.55,77.32,46.54,46.54,,,,,41.12,47.23,47.23,46.54,46.54,47.23,42.98,56.01,37.76,42.92,46.54,46.54,46.54,46.54,48.0,37.81,,,,,,
2019-02-09 08:00:00+01:00,,54.96,,44.0,43.45,53.39,,45.3,,12.08,12.08,12.08,46.63,58.77,46.63,36.07,45.19,,69.4,65.04,45.3,,37.54,,,,77.84,77.84,,77.84,77.84,77.84,132.99,77.84,46.63,46.63,,,,,43.82,47.24,47.24,46.63,46.63,47.24,46.51,58.77,45.24,50.72,46.63,46.63,46.63,46.63,65.04,45.3,,,,,,
2019-02-09 09:00:00+01:00,,55.93,,48.85,40.49,54.21,,51.76,,11.18,11.18,11.18,48.17,62.85,48.17,42.34,53.59,,69.52,73.0,51.76,,49.5,,,,73.0,73.0,,73.0,73.0,73.0,130.0,73.0,48.17,48.17,,,,,48.54,48.17,48.17,48.17,48.17,48.17,48.05,62.85,51.7,55.1,48.17,48.17,48.17,48.17,73.0,51.76,,,,,,
2019-02-09 10:00:00+01:00,,55.95,,45.67,41.02,52.29,,51.7,,10.64,10.64,25.29,48.7,64.01,48.7,38.82,64.68,,69.56,61.9,51.7,,50.49,,,,61.9,61.9,,61.9,61.9,61.9,61.9,61.9,48.7,48.7,,,,,49.9,48.7,48.7,48.7,48.7,48.7,48.58,64.01,51.64,55.34,48.7,48.7,48.7,48.7,61.9,51.7,,,,,,
2019-02-09 11:00:00+01:00,,55.93,,43.18,38.47,49.43,,50.0,,4.12,4.12,11.56,48.64,62.41,48.64,40.1,59.85,,69.56,57.46,50.0,,53.0,,,,57.46,57.46,,57.46,57.46,57.46,57.46,57.46,48.64,48.64,,,,,47.09,48.64,48.64,48.64,48.64,48.64,48.52,62.41,48.27,53.15,48.64,48.64,48.64,48.64,57.46,50.0,,,,,,
2019-02-09 12:00:00+01:00,,53.95,,42.84,38.36,47.07,,48.48,,0.05,0.05,11.22,48.36,60.81,48.36,40.09,57.71,,69.57,53.95,48.48,,55.0,,,,53.95,53.95,,53.95,53.95,53.95,53.95,53.95,48.36,48.36,,,,,46.82,48.36,48.36,48.36,48.36,48.36,48.24,60.81,48.42,49.43,48.36,48.36,48.36,48.36,53.95,48.48,,,,,,
2019-02-09 13:00:00+01:00,,51.72,,30.0,38.36,46.04,,45.54,,-0.1,-0.1,11.07,47.82,58.77,47.82,29.07,55.97,,69.63,51.72,45.54,,53.33,,,,51.72,51.72,,51.72,51.72,51.72,51.72,51.72,47.82,47.82,,,,,43.6,47.82,47.82,47.82,47.82,47.82,47.7,58.77,45.49,48.05,47.82,47.82,47.82,47.82,51.72,45.54,,,,,,
2019-02-09 14:00:00+01:00,,51.72,,25.89,40.31,46.16,,43.69,,-2.05,-2.05,4.92,47.22,53.41,47.22,24.86,56.99,,69.58,51.72,43.69,,55.0,,,,51.72,51.72,,51.72,51.72,51.72,51.72,51.72,47.22,47.22,,,,,38.9,47.59,47.59,47.22,47.22,47.59,47.09,53.41,43.64,42.01,47.22,47.22,47.22,47.22,51.72,43.69,,,,,,
2019-02-09 15:00:00+01:00,,53.53,,27.61,47.55,47.22,,45.37,,0.09,0.09,4.96,47.01,47.01,47.01,24.61,53.71,,69.53,53.53,45.37,,55.0,,,,53.53,53.53,,53.53,53.53,53.53,53.53,53.53,47.01,47.01,,,,,42.4,47.59,47.59,47.01,47.01,47.59,46.89,47.01,45.32,43.98,47.01,47.01,47.01,47.01,53.53,45.37,,,,,,
2019-02-09 16:00:00+01:00,,54.97,,37.19,56.97,49.9,,50.8,,9.64,9.64,11.61,48.12,46.1,48.12,29.59,50.11,,70.5,54.97,50.8,,51.31,,,,58.59,58.59,,58.59,58.59,58.59,84.99,58.59,48.12,48.12,,,,,43.35,48.12,48.12,48.12,48.12,48.12,47.98,46.1,50.75,53.88,48.12,48.12,48.12,48.12,54.97,50.8,,,,,,
2019-02-09 17:00:00+01:00,,53.92,,37.49,62.09,52.82,,55.5,,26.97,26.97,36.27,49.4,46.8,49.4,35.08,56.06,,70.74,58.07,60.56,,58.5,,,,72.0,72.0,,72.0,72.0,72.0,130.27,72.0,49.4,49.4,,,,,54.37,49.4,49.4,49.4,49.4,49.4,49.27,46.8,60.5,61.06,49.4,49.4,49.4,49.4,58.07,55.5,,,,,,
2019-02-09 18:00:00+01:00,,48.95,,46.33,56.93,53.69,,53.16,,36.17,36.17,36.17,49.35,52.3,49.35,43.02,82.33,,70.79,77.84,64.44,,86.66,,,,77.84,77.84,,77.84,77.84,77.84,148.27,77.84,49.35,49.35,,,,,50.98,49.35,49.35,49.35,49.35,49.35,49.21,52.3,64.37,64.57,49.35,49.35,49.35,49.35,77.84,53.16,,,,,,
2019-02-09 19:00:00+01:00,,53.98,,61.55,53.96,53.62,,49.5,,25.97,25.97,25.97,47.51,61.1,47.51,56.12,86.79,,70.41,75.09,55.07,,119.89,,,,77.84,77.84,,77.84,77.84,77.84,151.86,77.84,47.51,47.51,,,,,50.01,48.41,48.41,47.51,47.51,48.41,47.38,61.1,55.02,59.3,47.51,47.51,47.51,47.51,75.09,49.5,,,,,,
2019-02-09 20:00:00+01:00,,54.98,,42.68,52.95,49.32,,47.03,,16.96,16.96,16.96,45.91,61.83,45.91,39.5,74.18,,70.65,73.5,47.03,,87.0,,,,73.5,73.5,,73.5,73.5,73.5,151.86,73.5,45.91,45.91,,,,,52.01,48.0,48.0,46.13,46.13,48.0,45.78,61.83,46.99,51.22,45.91,45.91,45.91,45.91,73.5,47.03,,,,,,
2019-02-09 21:00:00+01:00,,46.42,,51.81,52.31,48.25,,38.5,,0.09,0.09,0.09,46.67,60.01,46.67,41.16,61.89,,70.56,46.42,38.5,,64.92,,,,61.9,61.9,,61.9,61.9,61.9,140.0,61.9,43.63,46.67,,,,,43.6,47.46,47.46,46.67,46.67,47.46,43.51,60.01,38.47,43.98,46.67,46.67,46.67,46.67,46.42,38.5,,,,,,
2019-02-09 22:00:00+01:00,,35.09,,51.36,28.31,49.04,,28.0,,12.91,12.91,12.91,46.65,55.0,46.65,44.71,61.78,,70.6,35.09,28.0,,63.5,,,,56.43,56.43,,56.43,56.43,56.43,93.82,56.43,38.62,46.65,,,,,46.3,47.83,47.83,46.65,46.65,47.83,38.51,55.0,27.97,40.05,46.65,46.65,46.65,46.65,35.09,28.0,,,,,,
2019-02-09 23:00:00+01:00,,34.08,,49.7,24.0,44.4,,18.52,,0.09,0.09,0.09,46.19,47.6,46.19,47.21,61.66,,69.56,34.08,20.0,,67.0,,,,52.15,52.15,,52.15,52.15,52.15,87.77,52.15,29.83,46.19,,,,,46.18,47.7,47.7,46.19,46.19,47.7,29.75,47.6,19.98,34.24,46.19,46.19,46.19,46.19,34.08,18.52,,,,,,
2019-02-10 00:00:00+01:00,,39.09,,34.54,34.56,43.88,,12.01,,22.88,11.43,22.88,44.12,41.72,44.12,32.55,53.62,,69.8,39.09,31.97,,65.0,,,,53.53,53.53,,53.53,53.53,53.53,58.0,53.53,39.01,44.12,,,,,45.55,47.06,47.06,44.29,44.29,47.06,21.24,41.72,31.98,31.0,44.12,44.12,44.12,44.12,39.09,12.01,,,,,,
2019-02-10 01:00:00+01:00,,35.02,,27.01,32.55,42.09,,12.01,,16.16,16.16,16.16,42.25,31.42,42.25,26.7,63.95,,69.12,35.02,30.81,,67.21,,,,52.98,52.98,,52.98,52.98,52.98,52.98,52.98,38.07,42.25,,,,,44.6,46.39,46.39,44.09,44.09,46.39,17.3,36.1,30.82,29.31,42.25,42.25,42.25,42.25,35.02,12.01,,,,,,
2019-02-10 02:00:00+01:00,,30.08,,27.4,22.54,42.07,,12.01,,16.02,16.02,16.02,40.85,25.36,40.85,25.36,68.43,,69.12,30.08,27.98,,70.21,,,,49.43,49.43,,49.43,49.43,49.43,49.43,49.43,39.02,40.85,,,,,44.6,46.34,46.34,43.8,43.8,46.34,16.57,30.2,27.98,26.83,40.85,40.85,40.85,40.85,30.08,12.01,,,,,,
2019-02-10 03:00:00+01:00,,13.38,,21.74,22.53,42.09,,14.51,,12.45,12.45,12.45,40.3,17.96,40.3,17.96,68.21,,66.37,13.38,24.0,,70.0,,,,46.4,46.4,,46.4,46.4,46.4,46.4,46.4,39.04,40.3,,,,,40.0,46.31,46.31,43.2,43.2,46.31,16.78,29.2,24.01,23.46,40.3,40.3,40.3,40.3,13.38,14.51,,,,,,
2019-02-10 04:00:00+01:00,,11.11,,19.25,22.52,42.06,,12.01,,10.19,10.19,10.19,41.27,15.6,41.27,15.6,63.95,,66.37,11.11,21.85,,62.56,,,,45.29,45.29,,45.29,45.29,45.29,45.29,45.29,41.27,41.27,,,,,37.2,46.29,46.29,43.29,43.29,46.29,17.45,25.3,21.86,23.0,41.27,41.27,41.27,41.27,11.11,12.01,,,,,,
2019-02-10 05:00:00+01:00,,15.28,,22.03,22.54,42.06,,12.01,,14.51,14.51,14.51,43.42,19.0,43.42,19.0,60.51,,67.37,15.28,25.88,,57.79,,,,45.82,45.82,,45.82,45.82,45.82,45.82,45.82,37.1,43.42,,,,,37.1,46.29,46.29,44.08,44.08,46.29,18.96,19.0,25.89,28.81,43.42,43.42,43.42,43.42,15.28,12.01,,,,,,
2019-02-10 06:00:00+01:00,,26.01,,21.7,22.54,42.01,,12.01,,7.01,7.01,7.01,43.0,16.2,43.0,16.2,58.05,,69.12,26.01,26.94,,55.44,,,,49.98,49.98,,49.98,49.98,49.98,49.98,49.98,43.0,43.0,,,,,50.0,46.84,46.84,43.0,43.0,46.84,22.83,16.2,26.95,27.5,43.0,43.0,43.0,43.0,26.01,12.01,,,,,,
2019-02-10 07:00:00+01:00,,11.91,,22.07,22.52,40.02,,18.0,,10.98,10.98,10.98,44.06,17.54,44.06,17.54,57.09,,66.37,11.91,33.78,,53.02,,,,53.5,53.5,,53.5,53.5,53.5,53.5,53.5,44.06,44.06,,,,,45.21,46.7,46.7,44.06,44.06,46.7,28.4,17.54,33.8,39.77,44.06,44.06,44.06,44.06,11.91,18.0,,,,,,
2019-02-10 08:00:00+01:00,,21.29,,28.54,22.54,42.08,,25.1,,20.62,20.62,20.62,44.72,25.3,44.72,25.3,50.12,,66.37,21.29,35.2,,47.87,,,,53.5,53.5,,53.5,53.5,53.5,53.5,53.5,44.72,44.72,,,,,45.0,46.63,46.63,44.72,44.72,46.63,39.22,25.3,35.22,42.92,44.72,44.72,44.72,44.72,21.29,25.1,,,,,,
2019-02-10 09:00:00+01:00,,33.38,,38.1,29.2,46.61,,32.76,,32.95,32.95,44.97,44.97,36.0,44.97,36.0,53.66,,66.37,33.38,41.08,,51.25,,,,52.5,52.5,,52.5,52.5,52.5,52.5,52.5,44.97,44.97,,,,,48.85,47.15,47.15,44.97,44.97,47.15,41.96,36.0,41.1,46.97,44.97,44.97,44.97,44.97,33.38,32.76,,,,,,
2019-02-10 10:00:00+01:00,,37.09,,40.82,29.15,46.89,,37.2,,36.75,41.75,45.67,45.67,39.16,45.67,39.16,70.89,,66.37,37.09,42.59,,65.0,,,,49.99,49.99,,49.99,49.99,49.99,49.99,49.99,45.67,45.67,,,,,49.29,47.71,47.71,45.67,45.67,47.71,44.76,39.16,42.62,47.83,45.67,45.67,45.67,45.67,37.09,37.2,,,,,,
2019-02-10 11:00:00+01:00,,39.0,,42.36,29.25,47.01,,36.7,,38.68,46.07,46.07,46.07,40.86,46.07,40.86,75.35,,66.37,39.0,41.61,,58.0,,,,47.39,47.39,,47.39,44.99,47.39,44.99,44.99,46.07,46.07,,,,,50.0,47.77,47.77,46.07,46.07,47.77,45.78,40.86,41.63,45.12,46.07,46.07,46.07,46.07,39.0,36.7,,,,,,
2019-02-10 12:00:00+01:00,,33.14,,39.91,29.02,46.72,,34.35,,32.5,46.47,46.47,46.47,36.89,46.47,36.89,68.51,,66.37,33.14,40.36,,54.0,,,,48.57,48.57,,48.57,41.32,48.57,41.32,41.32,46.47,46.47,,,,,54.9,47.73,47.73,46.47,46.47,47.73,45.71,36.89,40.38,43.72,46.47,46.47,46.47,46.47,33.14,34.35,,,,,,
2019-02-10 13:00:00+01:00,,34.3,,37.55,23.05,45.22,,31.85,,34.0,46.82,46.82,46.82,36.1,46.82,36.1,67.58,,66.11,34.3,37.95,,53.89,,,,43.21,43.21,,43.21,30.0,43.21,30.0,30.0,46.82,46.82,,,,,44.6,47.09,47.09,46.82,46.82,47.09,45.71,36.1,37.97,42.69,46.82,46.82,46.82,46.82,34.3,31.85,,,,,,
2019-02-10 14:00:00+01:00,,31.59,,35.91,27.11,44.03,,30.5,,31.2,46.9,46.9,46.9,35.0,46.9,33.97,48.75,,66.37,31.59,37.86,,46.56,,,,43.2,43.2,,43.2,30.0,43.2,30.0,30.0,46.9,46.9,,,,,45.4,46.9,46.9,46.9,46.9,46.9,42.48,35.0,37.88,42.0,46.9,46.9,46.9,46.9,31.59,30.5,,,,,,
2019-02-10 15:00:00+01:00,,28.44,,33.42,28.96,46.8,,28.2,,27.99,47.04,47.04,47.04,31.19,47.04,31.19,46.8,,69.14,28.44,38.84,,44.71,,,,40.95,40.95,,40.95,40.95,40.95,40.95,40.95,47.04,47.04,,,,,44.6,47.04,47.04,47.04,47.04,47.04,41.73,31.19,38.87,40.06,47.04,47.04,47.04,47.04,28.44,28.2,,,,,,
2019-02-10 16:00:00+01:00,,33.07,,34.86,48.58,47.91,,31.83,,32.61,48.21,48.21,48.21,32.61,48.21,32.61,48.74,,70.56,43.1,48.93,,41.28,,,,47.0,47.0,,47.0,47.0,47.0,47.0,47.0,48.21,48.21,,,,,46.67,48.21,48.21,48.21,48.21,48.21,41.27,32.61,48.96,43.05,48.21,48.21,48.21,48.21,43.1,31.83,,,,,,
2019-02-10 17:00:00+01:00,,39.74,,41.18,57.91,52.5,,36.0,,39.41,49.41,49.41,49.41,39.41,49.41,39.41,56.51,,76.52,54.57,58.06,,50.0,,,,54.57,54.57,,54.57,54.57,54.57,54.57,54.57,49.41,49.41,,,,,51.05,49.41,49.41,49.41,49.41,49.41,42.73,39.41,61.41,50.82,49.41,49.41,49.41,49.41,54.57,36.0,,,,,,
2019-02-10 18:00:00+01:00,,49.24,,49.43,55.97,48.27,,41.4,,49.19,49.73,49.73,49.73,49.19,49.73,49.19,84.47,,76.58,49.24,62.14,,70.0,,,,65.5,65.5,,65.5,65.5,65.5,81.0,65.5,49.73,49.73,,,,,51.37,49.73,49.73,49.73,49.73,49.73,44.64,49.19,62.18,49.96,49.73,49.73,49.73,49.73,49.24,41.4,,,,,,
2019-02-10 19:00:00+01:00,,49.48,,50.0,49.98,50.02,,38.02,,49.48,49.48,49.48,49.48,62.01,49.48,49.82,90.16,,70.62,49.48,56.84,,86.14,,,,67.0,67.0,,67.0,67.0,67.0,82.9,67.0,49.48,49.48,,,,,51.12,49.48,49.48,49.48,49.48,49.48,44.39,62.01,56.89,46.58,49.48,49.48,49.48,49.48,49.48,38.02,,,,,,
2019-02-10 20:00:00+01:00,,43.1,,45.24,43.08,45.05,,34.4,,43.1,48.14,48.14,48.14,65.51,48.14,44.51,76.43,,70.6,43.1,42.56,,70.0,,,,64.77,64.77,,64.77,64.77,64.77,82.9,64.77,48.14,48.14,,,,,49.73,48.14,48.14,48.14,48.14,48.14,42.72,65.51,42.59,43.5,48.14,48.14,48.14,48.14,43.1,34.4,,,,,,
2019-02-10 21:00:00+01:00,,29.84,,37.97,35.02,37.71,,26.55,,28.99,47.25,47.25,47.25,66.55,47.25,34.18,64.16,,70.55,29.84,36.27,,61.3,,,,63.89,63.89,,63.89,63.89,63.89,80.0,63.89,47.25,47.25,,,,,45.74,47.25,47.25,47.25,47.25,47.25,41.71,66.55,36.3,35.6,47.25,47.25,47.25,47.25,29.84,26.55,,,,,,
2019-02-10 22:00:00+01:00,,34.37,,37.7,22.54,39.55,,25.6,,34.37,41.65,46.62,46.62,65.01,46.62,36.43,63.58,,77.58,34.37,31.96,,59.81,,,,56.43,56.43,,56.43,56.43,56.43,56.43,56.43,38.04,46.62,,,,,44.3,46.62,46.62,46.62,46.62,46.62,37.92,65.01,31.99,36.87,46.62,46.62,46.62,46.62,34.37,25.6,,,,,,
2019-02-10 23:00:00+01:00,,31.12,,35.0,22.54,34.33,,22.67,,30.58,30.58,30.58,45.57,59.1,45.57,33.54,52.41,,70.6,31.12,27.02,,51.0,,,,47.78,47.78,,47.78,47.78,47.78,47.78,47.78,38.01,45.57,,,,,44.6,46.55,46.55,45.57,45.57,46.55,30.03,59.1,27.04,30.61,45.57,45.57,45.57,45.57,31.12,22.67,,,,,,
2019-02-11 00:00:00+01:00,,5.33,,42.59,22.5,42.14,,18.34,,-0.01,31.57,31.57,45.93,45.1,45.93,25.34,48.54,,76.41,5.33,18.34,,48.31,,,,30.0,30.0,,30.0,30.0,30.0,30.0,30.0,36.07,45.93,,,,,42.59,46.54,46.54,45.93,45.93,46.54,25.64,56.67,18.35,28.74,45.93,45.93,45.93,45.93,5.33,18.34,,,,,,
2019-02-11 01:00:00+01:00,,4.04,,41.4,12.04,39.92,,17.6,,-1.22,5.68,5.68,44.94,42.75,44.94,24.31,52.44,,70.46,4.04,17.6,,50.11,,,,24.31,24.31,,24.31,24.31,24.31,24.31,24.31,36.06,44.94,,,,,41.4,46.4,46.4,44.94,44.94,46.4,22.94,56.41,17.61,25.37,44.94,44.94,44.94,44.94,4.04,17.6,,,,,,
2019-02-11 02:00:00+01:00,,4.33,,35.26,12.01,37.06,,15.61,,-0.04,-0.02,-0.02,44.44,41.72,44.44,21.06,58.2,,69.33,4.33,15.61,,55.94,,,,21.06,21.06,,21.06,21.06,21.06,21.06,21.06,36.07,44.44,,,,,39.8,46.4,46.4,44.44,44.44,46.4,23.07,53.61,15.63,22.02,44.44,44.44,44.44,44.44,4.33,15.61,,,,,,
2019-02-11 03:00:00+01:00,,1.14,,33.88,12.03,37.04,,15.39,,-3.54,-2.01,-2.01,44.21,42.22,44.21,18.72,57.15,,67.25,1.14,15.39,,55.94,,,,18.72,18.72,,18.72,18.72,18.72,18.72,18.72,37.06,44.21,,,,,39.8,46.37,46.37,44.21,44.21,46.37,26.39,43.77,15.4,21.02,44.21,44.21,44.21,44.21,1.14,15.39,,,,,,
2019-02-11 04:00:00+01:00,,1.16,,36.46,22.5,38.02,,18.02,,-3.95,0.01,5.09,44.78,42.4,44.78,20.0,56.56,,69.33,1.16,18.02,,58.07,,,,20.0,20.0,,20.0,20.0,20.0,20.0,20.0,40.22,44.78,,,,,41.6,46.2,46.2,44.78,44.78,46.2,30.96,42.4,18.03,22.37,44.78,44.78,44.78,44.78,1.16,18.02,,,,,,
2019-02-11 05:00:00+01:00,,10.37,,42.95,28.56,43.17,,27.7,,5.65,5.65,46.51,51.08,43.0,51.08,27.77,55.06,,64.66,10.37,27.7,,56.53,,,,30.0,30.0,,30.0,30.0,30.0,30.0,30.0,51.08,51.08,,,,,45.03,46.51,46.51,46.51,46.51,46.51,39.99,43.0,27.73,27.92,46.51,46.51,46.51,46.51,10.37,27.7,,,,,,
2019-02-11 06:00:00+01:00,,42.76,,56.36,38.37,54.02,,48.97,,39.91,39.91,47.47,52.02,49.96,52.02,49.51,59.26,,67.32,52.29,48.97,,62.33,,,,52.29,52.29,,52.29,50.92,52.29,50.92,50.92,51.05,52.02,,,,,57.63,47.47,47.47,47.47,47.47,47.47,48.88,49.96,49.01,42.05,47.47,47.47,47.47,47.47,52.29,48.97,,,,,,
2019-02-11 07:00:00+01:00,,52.2,,66.7,45.64,56.1,,53.0,,49.04,49.04,49.04,53.39,59.23,53.39,59.23,68.3,,69.58,60.58,61.94,,67.93,,,,60.58,60.58,,60.58,55.6,60.58,55.6,55.6,53.39,53.39,,,,,70.59,49.04,49.04,49.04,49.04,49.04,53.63,59.23,61.99,55.03,49.04,49.04,49.04,49.04,60.58,53.0,,,,,,
2019-02-11 08:00:00+01:00,,52.56,,67.45,67.81,56.57,,53.5,,49.41,49.41,49.41,55.18,64.03,55.18,59.85,65.53,,70.55,68.15,65.13,,68.01,,,,68.15,68.15,,68.15,55.6,68.15,55.6,55.6,55.18,55.18,,,,,65.0,49.41,49.41,49.41,49.41,49.41,55.43,64.03,65.18,58.92,49.41,49.41,49.41,49.41,68.15,53.5,,,,,,
2019-02-11 09:00:00+01:00,,49.5,,71.5,43.94,56.81,,54.0,,44.99,44.99,48.44,55.39,64.89,55.39,60.48,73.21,,69.52,66.85,59.98,,77.93,,,,66.85,66.85,,66.85,50.89,66.85,50.89,50.89,55.39,55.39,,,,,71.21,48.44,48.44,48.44,48.44,48.44,55.63,64.89,60.03,56.95,48.44,48.44,48.44,48.44,66.85,54.0,,,,,,
2019-02-11 10:00:00+01:00,,45.37,,71.5,38.39,56.42,,53.1,,39.94,39.94,48.25,55.39,65.0,55.39,58.53,73.21,,67.33,61.2,59.55,,110.44,,,,61.2,61.2,,61.2,49.15,61.2,49.15,49.15,55.39,55.39,,,,,71.21,48.25,48.25,48.25,48.25,48.25,55.63,65.0,59.6,54.99,48.25,48.25,48.25,48.25,61.2,53.1,,,,,,
2019-02-11 11:00:00+01:00,,44.43,,70.94,38.04,54.09,,53.0,,38.73,38.73,47.98,52.41,62.51,52.41,57.2,68.91,,66.54,59.4,58.07,,115.64,,,,59.4,59.4,,59.4,30.0,59.4,30.0,30.0,52.41,52.41,,,,,58.43,47.98,47.98,47.98,47.98,47.98,53.92,62.51,58.11,52.1,47.98,47.98,47.98,47.98,59.4,53.1,,,,,,
2019-02-11 12:00:00+01:00,,42.07,,58.72,38.35,53.22,,55.0,,36.59,36.59,47.91,51.5,59.64,51.5,54.33,60.12,,65.88,54.33,57.27,,106.43,,,,54.33,54.33,,54.33,20.0,54.33,20.0,20.0,51.5,51.5,,,,,49.9,47.91,47.91,47.91,47.91,47.91,54.76,59.64,57.31,52.13,47.91,47.91,47.91,47.91,54.33,55.0,,,,,,
2019-02-11 13:00:00+01:00,,43.3,,63.51,38.01,53.29,,55.6,,38.54,38.54,47.71,54.61,58.84,54.61,54.35,65.02,,66.54,55.06,55.99,,141.48,,,,55.06,55.06,,55.06,20.0,52.73,20.0,20.0,54.61,54.61,,,,,41.7,47.71,47.71,47.71,47.71,47.71,54.83,58.84,56.03,50.98,47.71,47.71,47.71,47.71,55.06,55.6,,,,,,
2019-02-11 14:00:00+01:00,,42.05,,57.82,38.37,53.3,,48.48,,38.66,38.66,47.54,54.98,56.67,54.98,49.68,59.19,,66.54,57.49,55.06,,67.45,,,,57.49,57.49,,57.49,38.86,57.49,38.86,38.86,54.98,54.98,,,,,49.81,47.54,47.54,47.54,47.54,47.54,55.19,56.67,55.1,49.13,47.54,47.54,47.54,47.54,57.49,48.48,,,,,,
2019-02-11 15:00:00+01:00,,41.01,,51.0,38.37,55.15,,49.08,,38.86,38.86,47.5,53.22,55.81,53.22,45.88,53.61,,67.37,62.19,57.98,,60.19,,,,62.19,62.19,,62.19,39.45,62.19,39.45,51.58,53.22,53.22,,,,,47.0,47.5,47.5,47.5,47.5,47.5,53.42,55.81,58.02,49.46,47.5,47.5,47.5,47.5,62.19,49.08,,,,,,
2019-02-11 16:00:00+01:00,,42.03,,58.07,38.38,53.85,,50.06,,38.61,38.61,47.67,53.49,56.41,53.49,49.92,59.45,,70.6,67.0,61.3,,62.55,,,,67.0,61.2,,67.0,49.65,61.2,49.65,60.1,53.49,53.49,,,,,57.83,47.67,47.67,47.67,47.67,47.67,53.69,56.41,61.34,53.91,47.67,47.67,47.67,47.67,67.0,50.06,,,,,,
2019-02-11 17:00:00+01:00,,50.91,,66.02,40.75,56.0,,47.13,,48.11,48.11,48.19,55.53,58.84,55.53,58.78,76.05,,70.97,72.28,67.93,,80.03,,,,72.28,72.28,,72.28,52.92,72.28,52.92,68.57,55.53,55.53,,,,,74.0,48.19,48.19,48.19,48.19,48.19,55.73,58.84,67.98,62.57,48.19,48.19,48.19,48.19,72.28,47.13,,,,,,
2019-02-11 18:00:00+01:00,,52.5,,74.08,40.76,60.1,,49.53,,48.51,48.51,48.51,55.51,63.75,55.51,63.75,96.85,,71.09,73.97,69.56,,101.92,,,,73.97,73.97,,73.97,73.97,73.97,73.97,73.97,55.51,55.51,,,,,85.23,48.51,48.51,48.51,48.51,48.51,55.71,63.75,69.6,64.95,48.51,48.51,48.51,48.51,73.97,49.53,,,,,,
2019-02-11 19:00:00+01:00,,53.3,,78.09,33.93,59.6,,49.0,,48.73,48.73,48.73,51.23,66.25,51.23,66.25,111.16,,71.13,67.0,62.6,,114.2,,,,67.0,67.0,,67.0,67.0,67.0,81.0,67.0,51.23,51.23,,,,,94.31,48.73,48.73,48.73,48.73,48.73,51.4,66.25,62.64,61.03,48.73,48.73,48.73,48.73,67.0,49.0,,,,,,
2019-02-11 20:00:00+01:00,,51.5,,68.38,32.98,59.02,,49.0,,47.96,47.96,47.96,47.96,66.25,47.96,59.76,82.11,,70.72,61.94,55.07,,84.36,,,,61.94,61.94,,61.94,61.94,61.94,81.0,61.94,47.96,47.96,,,,,79.9,47.96,47.96,47.96,47.96,47.96,48.69,66.25,55.1,52.09,47.96,47.96,47.96,47.96,61.94,49.0,,,,,,
2019-02-11 21:00:00+01:00,,44.57,,60.26,22.55,56.33,,44.5,,41.27,41.27,47.06,47.06,65.51,47.06,52.24,61.92,,68.7,44.57,46.22,,59.21,,,,59.4,59.4,,59.4,59.4,59.4,59.4,59.4,47.06,47.06,,,,,60.26,47.28,47.28,47.06,47.06,47.28,46.64,65.51,46.25,44.55,47.06,47.06,47.06,47.06,44.57,44.5,,,,,,
2019-02-11 22:00:00+01:00,,46.1,,51.26,25.98,55.45,,40.5,,45.19,45.19,45.21,45.21,60.51,45.21,48.6,52.45,,69.54,46.1,42.44,,50.42,,,,51.64,51.64,,51.64,51.64,51.64,51.64,51.64,45.21,45.21,,,,,45.0,47.5,47.5,45.21,45.21,47.5,45.35,60.51,42.08,44.75,45.21,45.21,45.21,45.21,46.1,40.5,,,,,,
2019-02-11 23:00:00+01:00,,39.29,,51.58,22.55,53.72,,32.11,,37.34,37.34,41.92,41.92,58.7,41.92,45.59,50.1,,69.46,39.29,32.11,,49.09,,,,49.47,49.47,,49.47,49.45,49.47,49.45,49.45,41.92,41.92,,,,,39.8,47.31,47.31,41.92,41.92,47.31,42.05,58.7,32.13,39.51,41.92,41.92,41.92,41.92,39.29,32.11,,,,,,
2019-02-12 00:00:00+01:00,,39.47,,53.3,22.54,46.6,,28.95,,37.29,37.29,40.69,40.69,62.65,40.69,45.8,54.65,,31.0,39.47,28.95,,53.28,,,,49.6,49.6,,49.6,35.15,49.6,35.15,35.15,40.69,40.69,,,,,40.3,46.41,46.41,40.69,40.69,46.41,40.7,62.65,28.97,31.97,40.69,40.69,40.69,40.69,39.47,28.95,,,,,,
2019-02-12 01:00:00+01:00,,35.15,,40.38,22.53,42.71,,29.1,,32.8,32.8,38.01,39.89,58.37,39.89,42.79,52.99,,36.0,35.15,29.1,,50.58,,,,48.5,48.5,,48.5,35.17,48.5,35.17,35.17,39.89,39.89,,,,,37.0,46.25,46.25,39.89,39.89,46.25,40.05,58.37,29.12,32.1,39.89,39.89,39.89,39.89,35.15,29.1,,,,,,
2019-02-12 02:00:00+01:00,,33.07,,41.4,22.52,40.61,,28.03,,29.71,29.71,38.02,39.43,53.6,39.43,43.84,51.21,,31.0,33.07,28.03,,42.27,,,,47.79,47.79,,47.79,35.15,47.79,35.15,35.15,39.43,39.43,,,,,37.32,46.23,46.23,39.43,39.43,46.23,39.44,53.6,28.05,31.85,39.43,39.43,39.43,39.43,33.07,28.03,,,,,,
2019-02-12 03:00:00+01:00,,33.0,,41.4,22.54,39.1,,28.46,,31.0,31.0,38.02,39.86,51.36,39.86,39.02,47.26,,31.0,33.0,28.46,,42.27,,,,42.1,42.1,,42.1,32.0,42.1,32.0,32.0,39.86,39.86,,,,,37.4,46.21,46.21,39.86,39.86,46.21,39.88,51.36,28.48,31.5,39.86,39.86,39.86,39.86,33.0,28.46,,,,,,
2019-02-12 04:00:00+01:00,,36.6,,39.89,22.69,38.89,,30.2,,36.08,36.08,43.31,43.31,50.0,43.31,38.12,45.52,,67.25,36.6,30.2,,36.38,,,,42.8,42.8,,42.8,35.16,42.8,35.16,35.16,43.31,43.31,,,,,37.3,45.93,45.93,43.31,43.31,45.93,41.62,50.0,30.22,32.39,43.31,43.31,43.31,43.31,36.6,30.2,,,,,,
2019-02-12 05:00:00+01:00,,40.02,,40.02,36.91,42.77,,36.61,,40.02,40.02,46.31,46.31,53.0,46.31,40.02,41.22,,70.6,40.02,36.94,,32.5,,,,49.61,49.61,,49.61,35.17,49.61,35.17,35.17,46.31,46.31,,,,,40.02,46.31,46.31,46.31,46.31,46.31,45.95,53.0,36.96,40.08,46.31,46.31,46.31,46.31,40.02,36.61,,,,,,
2019-02-12 06:00:00+01:00,,46.82,,46.69,41.46,55.0,,45.3,,46.44,46.44,47.9,48.27,59.0,48.27,46.83,47.9,,70.57,48.0,49.89,,36.38,,,,63.0,63.0,,63.0,49.18,63.0,49.18,49.18,48.27,48.27,,,,,46.5,47.9,47.9,47.9,47.9,47.9,48.28,59.0,49.92,53.99,47.9,47.9,47.9,47.9,48.0,45.3,,,,,,
2019-02-12 07:00:00+01:00,,56.01,,59.92,61.17,59.85,,53.01,,55.19,55.19,53.73,53.73,61.42,53.73,58.01,59.32,,69.59,56.01,58.55,,45.0,,,,68.08,68.08,,68.08,53.79,68.08,53.79,53.79,53.73,53.73,,,,,61.22,50.33,50.33,47.91,47.91,50.33,53.74,61.42,58.58,59.96,47.91,47.91,50.33,53.73,56.01,53.01,,,,,,
2019-02-12 08:00:00+01:00,,57.95,,64.54,76.57,61.44,,54.0,,54.91,54.91,54.91,53.72,63.89,53.72,61.29,62.8,,69.78,57.95,62.15,,48.81,,,,79.27,79.27,,79.27,49.2,79.27,49.2,50.35,53.72,53.72,,,,,64.8,52.02,52.02,48.53,48.53,52.02,53.73,63.89,62.18,60.2,48.53,48.53,52.02,53.72,57.95,54.0,,,,,,
2019-02-12 09:00:00+01:00,,58.01,,61.17,71.36,60.68,,53.17,,57.33,57.33,57.33,55.95,65.1,55.95,59.6,62.75,,69.6,58.01,59.92,,58.37,,,,69.0,69.0,,69.0,44.48,69.0,44.48,44.48,55.95,55.95,,,,,64.74,52.53,52.53,48.77,48.77,52.53,55.96,65.1,59.95,59.37,48.77,48.77,55.95,55.95,58.01,53.17,,,,,,
2019-02-12 10:00:00+01:00,,56.4,,59.64,52.6,59.03,,52.49,,55.66,55.66,55.66,54.32,64.2,54.32,57.95,61.19,,69.56,56.4,58.24,,58.37,,,,65.0,65.0,,65.0,25.0,65.0,25.0,25.0,54.32,54.32,,,,,60.28,51.89,51.89,48.48,48.48,51.89,54.33,64.2,58.27,58.09,48.48,48.48,54.32,54.32,56.4,52.49,,,,,,
2019-02-12 11:00:00+01:00,,53.91,,58.1,38.75,56.49,,51.17,,50.93,50.93,50.93,50.71,62.49,50.71,56.24,59.61,,69.55,53.91,56.57,,56.86,,,,59.35,59.35,,59.35,10.0,59.35,10.0,10.0,50.71,50.71,,,,,60.49,50.71,50.71,48.43,48.43,50.71,54.27,62.49,56.59,57.61,48.43,48.43,50.71,50.71,53.91,51.17,,,,,,
2019-02-12 12:00:00+01:00,,53.91,,54.19,41.45,54.94,,49.7,,50.02,50.02,50.02,50.02,60.64,50.02,54.35,55.61,,69.54,54.17,55.06,,53.04,,,,54.35,54.35,,54.35,10.0,54.35,10.0,10.0,50.02,50.02,,,,,53.82,50.02,50.02,48.59,48.59,50.02,53.88,60.64,55.09,54.15,48.59,48.59,50.02,50.02,54.17,49.7,,,,,,
2019-02-12 13:00:00+01:00,,50.74,,50.1,38.38,53.65,,48.69,,49.59,49.59,49.59,49.59,60.61,49.59,50.62,51.8,,69.51,50.74,52.74,,53.07,,,,54.0,54.0,,54.0,10.0,54.0,10.0,10.0,49.59,49.59,,,,,49.98,49.59,49.59,48.61,48.61,49.59,54.02,60.61,52.76,51.27,48.61,48.61,49.59,49.59,50.74,48.69,,,,,,
2019-02-12 14:00:00+01:00,,49.98,,49.98,41.43,52.59,,49.01,,49.98,49.98,49.98,52.04,59.0,52.04,49.98,51.29,,70.59,49.98,52.74,,52.55,,,,56.31,56.31,,56.31,20.0,56.31,20.0,20.0,52.04,52.04,,,,,49.98,49.98,49.98,48.48,48.48,49.98,53.72,59.0,52.76,52.03,48.48,48.48,49.98,49.98,49.98,49.01,,,,,,
2019-02-12 15:00:00+01:00,,50.17,,50.17,43.26,53.9,,50.0,,50.17,49.98,49.98,51.86,57.99,51.86,50.17,51.49,,76.54,50.17,52.87,,54.04,,,,62.06,62.06,,62.06,25.0,62.06,25.0,25.0,51.86,51.86,,,,,50.17,49.98,49.98,48.27,48.27,49.98,53.38,58.7,52.89,53.86,48.27,48.27,49.98,49.98,50.17,50.0,,,,,,
2019-02-12 16:00:00+01:00,,52.84,,52.84,46.58,55.37,,52.7,,52.84,50.31,51.57,53.02,58.0,53.02,52.84,54.23,,76.64,52.84,56.5,,56.91,,,,62.19,62.19,,62.19,59.15,62.19,59.15,59.15,53.02,53.02,,,,,52.84,50.31,50.31,48.45,48.45,50.31,53.36,58.52,56.52,57.51,48.45,48.45,50.31,51.57,52.84,52.7,,,,,,
2019-02-12 17:00:00+01:00,,56.92,,56.92,62.41,57.07,,54.33,,56.92,54.08,56.92,55.56,60.29,55.56,56.92,58.68,,83.7,56.92,62.84,,61.56,,,,71.95,71.95,,71.95,71.95,71.95,71.95,71.95,55.56,55.56,,,,,56.92,50.72,50.72,48.59,48.59,50.72,56.87,60.29,62.87,64.88,48.59,48.59,54.08,55.56,56.92,54.33,,,,,,
2019-02-12 18:00:00+01:00,,60.47,,60.47,56.58,61.11,,57.16,,60.47,57.61,60.47,59.02,63.75,56.39,60.47,71.01,,77.85,77.18,67.24,,110.62,,,,77.18,77.18,,77.18,77.18,77.18,119.0,77.18,59.02,59.02,,,,,60.47,50.5,50.5,48.87,48.87,50.5,59.02,63.75,67.26,69.82,48.87,48.87,50.5,59.02,77.18,57.16,,,,,,
2019-02-12 19:00:00+01:00,,54.53,,63.09,52.95,61.47,,56.12,,51.27,49.98,49.73,49.73,66.1,49.35,65.83,79.85,,72.25,57.89,61.48,,114.48,,,,75.0,75.0,,75.0,75.0,75.0,151.86,75.0,49.73,49.73,,,,,51.27,49.35,49.35,48.66,48.66,49.35,56.78,66.1,61.5,63.29,48.66,48.66,49.35,49.73,57.89,56.12,,,,,,
2019-02-12 20:00:00+01:00,,48.97,,56.54,51.05,58.13,,50.01,,45.96,45.96,47.93,47.93,67.1,47.93,59.47,74.22,,70.08,48.97,55.71,,77.86,,,,65.0,65.0,,65.0,65.0,65.0,135.12,65.0,47.93,47.93,,,,,45.96,47.93,47.93,47.93,47.93,47.93,54.29,67.1,55.73,58.84,47.93,47.93,47.93,47.93,48.97,50.01,,,,,,
2019-02-12 21:00:00+01:00,,43.98,,49.93,48.54,54.29,,46.3,,41.6,41.6,47.37,47.37,66.25,47.37,52.3,59.87,,69.74,43.98,49.02,,61.31,,,,60.01,60.01,,60.01,60.01,60.01,118.23,60.01,47.37,47.37,,,,,41.6,47.37,47.37,47.37,47.37,47.37,47.36,66.25,49.03,49.97,47.37,47.37,47.37,47.37,43.98,46.3,,,,,,
2019-02-12 22:00:00+01:00,,48.01,,49.8,41.0,51.19,,42.6,,43.96,43.96,46.86,46.86,64.5,46.86,48.59,54.82,,69.54,48.01,45.28,,56.13,,,,55.52,55.52,,55.52,55.52,55.52,55.52,55.52,46.86,46.86,,,,,44.9,46.86,46.86,46.86,46.86,46.86,46.85,64.5,45.29,47.05,46.86,46.86,46.86,46.86,48.01,42.6,,,,,,
2019-02-12 23:00:00+01:00,,41.7,,43.12,32.93,45.76,,40.87,,41.51,41.51,46.1,46.1,64.18,46.1,42.31,47.49,,69.19,41.7,41.3,,48.62,,,,49.4,49.4,,49.4,49.4,49.4,49.4,49.4,46.1,46.1,,,,,40.2,46.1,46.1,46.1,46.1,46.1,46.09,64.18,39.42,42.24,46.1,46.1,46.1,46.1,41.7,40.87,,,,,,
2019-02-13 00:00:00+01:00,,38.01,,41.5,31.77,47.54,,39.72,,34.14,34.14,34.14,43.78,63.93,43.78,40.37,49.04,,67.25,38.01,39.72,,42.24,,,,47.0,47.0,,47.0,44.29,47.0,44.29,44.29,43.78,43.78,,,,,39.9,44.93,44.93,43.78,43.78,44.93,43.86,63.93,34.48,36.1,43.78,43.78,43.78,43.78,38.01,39.72,,,,,,
2019-02-13 01:00:00+01:00,,37.58,,37.76,25.25,46.03,,38.0,,37.21,37.21,37.21,40.69,61.59,40.69,38.98,54.81,,67.25,37.58,38.0,,42.24,,,,44.61,42.58,,44.61,42.58,42.58,42.58,42.58,40.69,40.69,,,,,37.6,44.65,44.65,40.69,40.69,44.65,40.76,61.59,31.21,36.45,40.69,40.69,40.69,40.69,37.58,38.0,,,,,,
2019-02-13 02:00:00+01:00,,37.33,,37.6,24.92,43.32,,36.3,,36.29,36.29,36.29,40.06,59.57,40.06,41.27,54.73,,36.89,37.33,36.3,,36.19,,,,41.27,38.52,,41.27,38.52,38.52,38.52,38.52,40.06,40.06,,,,,36.3,44.62,44.62,40.06,40.06,44.62,40.13,59.57,29.24,35.07,40.06,40.06,40.06,40.06,37.33,36.3,,,,,,
2019-02-13 03:00:00+01:00,,34.95,,41.49,24.06,41.18,,35.53,,33.31,33.31,33.31,39.71,58.11,39.71,41.16,46.4,,34.0,34.95,35.53,,27.0,,,,41.16,38.31,,41.16,38.31,38.31,38.31,38.31,39.71,39.71,,,,,36.0,44.62,44.62,39.71,39.71,44.62,39.78,58.11,30.0,34.13,39.71,39.71,39.71,39.71,34.95,35.53,,,,,,
2019-02-13 04:00:00+01:00,,38.02,,37.61,36.07,40.71,,36.98,,37.58,37.58,37.58,41.28,58.32,41.28,37.68,43.35,,39.5,38.02,36.98,,16.0,,,,40.0,38.52,,40.0,38.52,38.52,38.52,38.52,41.28,41.28,,,,,37.58,44.58,44.58,41.28,41.28,44.58,41.34,58.32,35.0,35.3,41.28,41.28,41.28,41.28,38.02,36.98,,,,,,
2019-02-13 05:00:00+01:00,,41.16,,37.83,50.0,48.36,,40.07,,35.34,35.34,35.34,49.41,60.0,49.41,40.58,41.6,,67.36,41.16,40.07,,14.55,,,,46.11,38.54,,46.11,38.54,38.54,38.54,38.54,43.29,49.41,,,,,37.18,44.58,44.58,43.29,43.29,44.58,42.18,60.0,40.07,39.01,43.29,43.29,43.29,43.29,41.16,40.07,,,,,,
2019-02-13 06:00:00+01:00,,45.87,,46.03,59.02,50.28,,46.87,,45.84,45.84,45.84,52.32,61.0,52.32,45.95,47.1,,67.36,55.61,46.87,,19.0,,,,55.61,55.61,,55.61,55.11,55.61,55.11,55.11,47.11,52.32,,,,,45.62,45.84,45.84,45.84,45.84,45.84,47.17,61.0,46.88,50.95,45.84,45.84,45.84,45.84,55.61,46.87,,,,,,
2019-02-13 07:00:00+01:00,,54.91,,57.37,62.08,55.98,,53.0,,52.46,50.19,50.19,53.22,64.13,53.22,58.59,60.03,,69.72,61.2,56.92,,42.13,,,,61.2,61.2,,61.2,61.2,61.2,61.2,61.2,53.22,53.22,,,,,52.9,47.79,47.79,47.21,47.21,47.79,53.28,64.13,56.92,57.02,47.21,47.21,47.79,47.79,61.2,53.0,,,,,,
2019-02-13 08:00:00+01:00,,55.0,,65.12,78.1,56.2,,53.5,,49.99,48.42,48.42,54.07,65.31,54.07,65.31,66.91,,69.96,67.0,58.09,,51.16,,,,67.0,67.0,,67.0,49.55,67.0,49.55,49.55,54.07,54.07,,,,,64.85,48.42,48.42,47.24,47.24,48.42,54.13,65.31,58.09,57.95,47.24,47.24,48.42,48.42,67.0,53.5,,,,,,
2019-02-13 09:00:00+01:00,,53.91,,66.59,61.21,55.31,,51.6,,47.33,47.33,47.33,54.07,65.51,54.07,61.98,68.42,,69.64,53.91,56.59,,65.17,,,,62.91,62.54,,62.91,49.15,62.54,49.15,49.15,54.07,54.07,,,,,62.97,47.33,47.33,47.25,47.25,47.33,54.13,65.51,56.59,55.92,47.25,47.25,47.33,47.33,53.91,51.6,,,,,,
2019-02-13 10:00:00+01:00,,49.51,,52.93,60.49,54.92,,49.89,,46.96,46.96,46.96,52.54,65.06,52.54,56.68,63.84,,69.76,49.51,54.11,,60.83,,,,58.23,58.23,,58.23,10.0,58.23,10.0,10.0,52.54,52.54,,,,,50.0,46.96,46.96,46.96,46.96,46.96,52.59,65.06,54.11,53.87,46.96,46.96,46.96,46.96,49.51,49.89,,,,,,
2019-02-13 11:00:00+01:00,,50.12,,54.26,43.35,54.25,,51.31,,46.66,46.66,46.66,49.15,63.58,49.15,54.42,55.73,,69.67,50.12,52.67,,53.1,,,,54.42,54.42,,54.42,10.0,54.42,10.0,10.0,49.15,49.15,,,,,48.63,46.66,46.66,46.66,46.66,46.66,52.17,63.58,52.67,52.47,46.66,46.66,46.66,46.66,50.12,51.31,,,,,,
2019-02-13 12:00:00+01:00,,48.58,,51.02,58.45,52.76,,52.0,,46.14,46.14,46.14,51.24,61.63,51.24,51.02,52.39,,69.67,51.02,52.08,,51.15,,,,51.02,51.02,,51.02,10.0,51.02,10.0,10.0,51.24,51.24,,,,,48.49,46.14,46.14,46.14,46.14,46.14,51.28,61.63,52.08,52.03,46.14,46.14,46.14,46.14,51.02,52.0,,,,,,
2019-02-13 13:00:00+01:00,,47.62,,49.66,40.87,50.23,,48.0,,46.15,46.15,46.15,49.77,60.02,49.77,49.09,50.98,,69.65,47.62,50.04,,49.78,,,,49.42,49.42,,49.42,10.0,49.42,10.0,10.0,49.77,49.77,,,,,47.6,46.15,46.15,46.15,46.15,46.15,52.37,60.02,50.04,51.58,46.15,46.15,46.15,46.15,47.62,48.0,,,,,,
2019-02-13 14:00:00+01:00,,46.3,,46.3,47.94,50.23,,46.01,,46.3,46.3,46.3,49.99,59.51,49.99,46.3,47.85,,69.68,51.49,50.68,,47.63,,,,51.49,51.49,,51.49,11.0,51.49,11.0,11.0,49.99,49.99,,,,,46.3,46.3,46.3,46.3,46.3,46.3,50.02,59.51,50.68,53.42,46.3,46.3,46.3,46.3,51.49,46.01,,,,,,
2019-02-13 15:00:00+01:00,,46.82,,46.82,55.06,50.68,,47.55,,46.82,46.82,46.82,47.43,58.0,47.43,46.82,48.25,,69.64,46.82,54.02,,47.63,,,,55.0,55.0,,55.0,49.34,55.0,49.34,49.34,47.43,47.43,,,,,46.82,46.82,46.82,46.74,46.74,46.82,47.45,59.2,54.02,54.44,46.74,46.74,46.82,46.82,46.82,47.55,,,,,,
2019-02-13 16:00:00+01:00,,49.71,,49.71,57.99,51.07,,49.28,,49.71,47.88,47.88,51.01,57.01,51.01,49.71,51.24,,69.81,58.68,59.98,,50.07,,,,58.68,58.68,,58.68,53.75,58.68,53.75,53.75,51.01,51.01,,,,,49.71,47.88,47.88,46.72,46.72,47.88,51.03,59.1,59.98,57.65,46.72,46.72,47.88,47.88,58.68,49.28,,,,,,
2019-02-13 17:00:00+01:00,,53.94,,53.94,56.17,54.17,,55.0,,53.94,48.58,48.58,54.37,59.2,54.37,53.94,55.56,,88.3,67.0,74.84,,53.01,,,,67.0,67.0,,67.0,67.0,67.0,67.0,67.0,54.37,54.37,,,,,53.94,48.58,48.58,46.9,46.9,48.58,54.39,59.2,74.84,64.71,46.9,46.9,48.58,48.58,67.0,55.0,,,,,,
2019-02-13 18:00:00+01:00,,56.55,,56.55,46.42,57.2,,56.2,,56.55,48.89,53.52,53.52,61.52,53.52,56.55,77.41,,88.2,80.0,83.48,,75.8,,,,80.0,80.0,,80.0,77.13,80.0,77.13,77.13,53.52,53.52,,,,,56.55,48.89,48.89,46.99,46.99,48.89,55.33,61.52,83.48,68.81,46.99,46.99,48.89,53.52,80.0,56.2,,,,,,
2019-02-13 19:00:00+01:00,,55.87,,60.64,45.19,56.79,,53.98,,54.34,48.56,48.56,48.56,64.2,48.56,61.02,78.53,,88.2,76.0,77.93,,80.53,,,,76.0,76.0,,76.0,76.0,76.0,124.3,76.0,48.56,48.56,,,,,54.34,48.56,48.56,46.97,46.97,48.56,54.52,64.2,77.93,65.39,46.97,46.97,48.56,48.56,76.0,53.98,,,,,,
2019-02-13 20:00:00+01:00,,51.27,,54.06,41.74,55.45,,52.08,,50.13,47.55,47.55,47.55,65.21,47.55,55.18,76.14,,88.2,62.54,62.79,,74.44,,,,62.54,62.54,,62.54,62.54,62.54,124.3,62.54,47.55,47.55,,,,,50.13,47.55,47.55,47.55,47.55,47.55,48.52,65.21,62.79,59.97,47.55,47.55,47.55,47.55,62.54,52.08,,,,,,
2019-02-13 21:00:00+01:00,,46.75,,47.3,32.56,48.14,,46.8,,46.42,46.42,46.42,46.42,64.2,46.42,47.14,65.33,,73.71,58.23,56.52,,63.89,,,,58.23,58.23,,58.23,58.23,58.23,70.3,58.23,46.42,46.42,,,,,46.76,46.42,46.42,46.42,46.42,46.42,46.42,64.2,56.52,54.6,46.42,46.42,46.42,46.42,58.23,46.8,,,,,,
2019-02-13 22:00:00+01:00,,47.04,,49.54,32.52,48.19,,46.49,,46.43,46.43,45.97,45.97,61.63,45.97,48.34,50.78,,70.47,47.04,48.51,,48.63,,,,53.65,53.65,,53.65,53.65,53.65,53.65,53.65,45.97,45.97,,,,,44.5,45.97,45.97,45.97,45.97,45.97,45.97,61.63,48.5,48.41,45.97,45.97,45.97,45.97,47.04,46.49,,,,,,
2019-02-13 23:00:00+01:00,,43.78,,45.02,31.95,43.6,,43.5,,43.16,43.16,43.62,43.62,58.0,43.62,44.61,45.57,,69.51,43.78,43.5,,44.99,,,,49.04,49.04,,49.04,49.04,49.04,49.04,49.04,43.62,43.62,,,,,42.85,44.26,44.26,43.62,43.62,44.26,43.61,58.0,43.5,43.05,43.62,43.62,43.62,43.62,43.78,43.5,,,,,,
2019-02-14 00:00:00+01:00,,41.56,,40.81,22.54,44.18,,40.82,,40.74,40.74,41.75,41.75,60.61,41.75,44.51,45.52,,45.92,41.56,40.82,,43.43,,,,47.67,47.67,,47.67,47.67,47.67,47.67,47.67,41.75,41.75,,,,,38.6,43.16,43.16,41.75,41.75,43.16,41.76,60.61,40.8,41.79,41.75,41.75,41.75,41.75,41.56,40.82,,,,,,
2019-02-14 01:00:00+01:00,,39.15,,39.15,22.54,42.92,,40.12,,39.15,39.15,39.15,40.12,53.81,40.12,39.15,45.55,,43.0,39.15,40.12,,43.46,,,,47.16,47.16,,47.16,47.16,47.16,47.16,47.16,40.12,40.12,,,,,39.15,43.05,43.05,40.12,40.12,43.05,41.09,53.81,40.1,40.25,40.12,40.12,40.12,40.12,39.15,40.12,,,,,,
2019-02-14 02:00:00+01:00,,39.06,,39.76,22.53,42.62,,40.0,,38.64,38.64,39.85,39.85,50.01,39.85,40.58,47.18,,41.89,39.06,40.0,,45.01,,,,44.62,44.62,,44.62,44.62,44.62,44.62,44.62,39.85,39.85,,,,,38.6,43.0,43.0,39.85,39.85,43.0,40.49,50.01,39.98,40.09,39.85,39.85,39.85,39.85,39.06,40.0,,,,,,
2019-02-14 03:00:00+01:00,,39.0,,39.0,22.53,42.06,,39.5,,39.0,39.0,40.6,40.6,49.5,40.6,39.0,45.78,,40.89,39.0,39.5,,43.68,,,,42.0,42.0,,42.0,42.0,42.0,42.0,42.0,40.6,40.6,,,,,39.0,42.99,42.99,40.6,40.6,42.99,40.63,49.5,39.48,40.04,40.6,40.6,40.6,40.6,39.0,39.5,,,,,,
2019-02-14 04:00:00+01:00,,38.47,,38.47,23.05,42.9,,40.4,,38.47,38.47,43.0,43.0,48.0,43.0,38.47,46.53,,42.3,38.47,40.4,,44.4,,,,42.6,42.6,,42.6,42.6,42.6,42.6,42.6,43.0,43.0,,,,,38.47,43.0,43.0,43.0,43.0,43.0,43.03,48.0,40.38,41.54,43.0,43.0,43.0,43.0,38.47,40.4,,,,,,
2019-02-14 05:00:00+01:00,,43.04,,43.04,33.99,45.05,,43.67,,43.04,43.04,44.49,45.77,49.11,45.77,43.04,46.58,,69.5,43.04,43.67,,43.68,,,,47.11,47.11,,47.11,47.11,47.11,47.11,47.11,44.49,45.77,,,,,43.04,44.49,44.49,44.49,44.49,44.49,44.53,49.11,43.65,45.05,44.49,44.49,44.49,44.49,43.04,43.67,,,,,,
2019-02-14 06:00:00+01:00,,53.82,,56.84,57.96,52.21,,53.5,,53.17,51.3,51.3,51.3,55.27,51.3,55.27,58.3,,69.63,62.54,62.0,,43.84,,,,62.54,62.54,,62.54,61.39,62.54,61.39,61.39,51.3,51.3,,,,,47.9,45.87,45.87,44.94,44.94,45.87,51.34,55.27,61.97,58.8,44.94,44.94,45.87,51.3,62.54,53.5,,,,,,
2019-02-14 07:00:00+01:00,,60.73,,60.73,68.99,60.19,,59.9,,60.73,58.25,60.73,59.27,60.73,59.27,60.73,62.55,,69.77,63.05,66.8,,48.72,,,,63.05,63.05,,63.05,63.05,63.05,63.05,63.05,59.27,59.27,,,,,60.73,47.26,47.26,45.12,45.12,47.26,59.33,60.73,66.78,64.76,45.12,45.12,47.26,59.27,63.05,59.9,,,,,,
2019-02-14 08:00:00+01:00,,63.67,,63.67,73.97,62.04,,61.03,,63.67,60.96,63.67,61.07,63.67,61.07,63.67,68.54,,70.61,67.9,71.5,,66.99,,,,67.9,67.9,,67.9,44.45,67.9,44.45,53.59,61.07,61.07,,,,,63.67,47.58,47.58,44.99,44.99,47.58,61.13,63.67,71.48,69.97,44.99,44.99,47.58,61.07,67.9,61.03,,,,,,
2019-02-14 09:00:00+01:00,,58.63,,65.57,62.47,57.09,,56.7,,56.99,53.52,56.99,55.63,62.07,55.63,62.07,68.59,,76.67,67.0,67.55,,67.03,,,,67.0,67.0,,67.0,44.41,67.0,44.41,44.41,55.63,55.63,,,,,65.25,47.46,47.46,44.85,44.85,47.46,59.04,62.07,67.53,64.97,44.85,44.85,47.46,55.63,67.0,56.7,,,,,,
2019-02-14 10:00:00+01:00,,53.97,,58.0,57.37,55.4,,51.8,,53.01,50.34,53.01,51.74,60.01,51.42,55.97,59.74,,69.66,59.21,60.53,,58.39,,,,59.21,59.21,,59.21,10.0,59.21,10.0,10.0,51.74,51.74,,,,,58.0,47.23,47.23,44.7,44.7,47.23,56.91,60.01,60.52,59.62,44.7,44.7,47.23,51.74,59.21,51.8,,,,,,
2019-02-14 11:00:00+01:00,,47.89,,51.75,44.65,53.42,,49.5,,46.12,46.12,46.12,47.56,56.27,46.12,53.66,54.88,,67.43,55.42,57.63,,53.63,,,,55.42,55.42,,55.42,10.0,55.42,10.0,10.0,47.56,47.56,,,,,46.12,46.12,46.12,44.57,44.57,46.12,59.4,56.27,57.61,55.73,44.57,44.57,46.12,46.12,55.42,49.5,,,,,,
2019-02-14 12:00:00+01:00,,45.49,,47.86,47.14,50.43,,49.3,,44.0,44.0,44.7,47.55,54.67,44.7,50.42,51.56,,67.4,50.78,53.2,,50.0,,,,50.78,50.78,,50.78,10.0,50.78,10.0,10.0,47.55,47.55,,,,,44.0,44.7,44.7,44.7,44.7,44.7,60.46,54.67,53.19,54.02,44.7,44.7,44.7,44.7,50.78,49.3,,,,,,
2019-02-14 13:00:00+01:00,,45.11,,45.85,47.15,48.95,,48.0,,44.65,44.65,44.65,46.98,53.81,44.65,46.64,47.69,,66.98,49.96,50.03,,49.88,,,,49.96,49.96,,49.96,10.0,49.96,10.0,10.0,46.98,46.98,,,,,44.65,44.65,44.65,44.64,44.64,44.65,62.93,53.81,50.02,50.09,44.64,44.64,44.65,44.65,49.96,48.0,,,,,,
2019-02-14 14:00:00+01:00,,44.62,,44.62,52.42,46.83,,46.65,,44.62,44.62,45.19,52.03,51.5,45.48,44.62,45.96,,67.46,48.03,48.3,,47.12,,,,52.0,52.0,,52.0,29.61,52.0,29.61,29.61,52.03,52.03,,,,,44.62,45.19,45.19,44.53,44.53,45.19,57.04,51.5,48.29,53.0,44.53,44.53,45.19,45.19,48.03,46.65,,,,,,
2019-02-14 15:00:00+01:00,,47.12,,47.12,56.81,48.97,,48.8,,47.12,46.55,46.55,51.04,51.33,45.99,47.12,48.53,,68.99,47.12,48.8,,49.88,,,,59.21,59.21,,59.21,50.15,59.21,50.15,50.15,51.04,51.04,,,,,47.12,45.99,45.99,44.55,44.55,45.99,55.85,51.33,48.8,53.07,44.55,44.55,45.99,45.99,47.12,48.8,,,,,,
2019-02-14 16:00:00+01:00,,52.39,,52.39,54.96,51.87,,51.6,,52.39,46.53,51.13,51.13,52.39,47.47,52.39,53.74,,69.57,52.39,51.6,,51.27,,,,66.71,66.71,,66.71,53.15,66.71,53.15,58.2,51.13,51.13,,,,,52.39,46.53,46.53,44.49,44.49,46.53,55.95,52.39,51.59,57.28,44.49,44.49,46.53,51.13,52.39,51.6,,,,,,
2019-02-14 17:00:00+01:00,,55.63,,55.63,55.07,55.58,,57.0,,55.63,53.02,55.63,54.29,55.63,48.77,55.63,57.29,,69.61,55.63,59.98,,55.99,,,,69.12,69.12,,69.12,53.17,69.12,93.74,69.12,54.29,54.29,,,,,55.63,47.0,47.0,44.55,44.55,47.0,63.8,55.63,59.97,69.39,44.55,44.55,47.0,54.29,55.63,57.0,,,,,,
2019-02-14 18:00:00+01:00,,60.2,,60.2,51.04,59.93,,61.5,,60.2,60.2,60.2,53.03,60.2,48.16,60.2,73.83,,69.81,60.2,67.28,,72.0,,,,81.63,81.63,,81.63,53.17,81.63,131.0,77.18,53.03,53.03,,,,,60.2,46.88,46.88,44.54,44.54,46.88,62.18,60.2,67.28,76.42,44.54,44.54,46.88,53.03,60.2,61.5,,,,,,
2019-02-14 19:00:00+01:00,,61.93,,61.93,50.53,59.95,,60.42,,61.93,60.86,60.86,46.99,62.31,46.11,61.93,79.6,,69.78,61.93,60.65,,77.79,,,,76.02,76.02,,76.02,53.17,76.02,140.02,76.02,46.99,46.99,,,,,61.93,46.11,46.11,44.48,44.48,46.11,61.27,62.31,60.65,70.99,44.48,44.48,46.11,46.99,61.93,60.42,,,,,,
2019-02-14 20:00:00+01:00,,54.97,,54.97,45.22,55.04,,55.27,,54.97,44.98,44.98,44.98,63.01,44.98,54.97,74.29,,69.47,54.97,55.27,,70.88,,,,65.74,65.74,,65.74,53.17,65.74,135.12,65.74,44.98,44.98,,,,,54.97,44.98,44.98,44.75,44.75,44.98,56.39,63.01,55.27,59.13,44.75,44.75,44.98,44.98,54.97,55.27,,,,,,
2019-02-14 21:00:00+01:00,,49.69,,49.69,36.06,50.46,,50.32,,49.69,44.3,44.3,44.3,62.65,44.3,49.69,62.88,,69.08,49.69,50.32,,60.0,,,,60.0,60.0,,60.0,53.17,60.0,123.8,60.0,44.3,44.3,,,,,49.69,44.3,44.3,44.3,44.3,44.3,51.51,62.65,48.3,52.98,44.3,44.3,44.3,44.3,49.69,50.32,,,,,,
2019-02-14 22:00:00+01:00,,47.48,,47.53,30.9,49.53,,49.63,,47.48,43.84,43.84,43.84,60.29,43.84,47.5,48.81,,69.45,47.48,49.63,,47.72,,,,55.81,55.81,,55.81,52.17,55.81,93.74,55.81,43.84,43.84,,,,,47.39,43.84,43.84,43.84,43.84,43.84,48.04,60.29,42.67,51.08,43.84,43.84,43.84,43.84,47.48,49.63,,,,,,
2019-02-14 23:00:00+01:00,,42.97,,44.31,23.1,45.29,,44.5,,42.76,42.76,42.76,42.76,56.28,42.76,43.6,45.45,,67.32,42.97,44.5,,43.37,,,,52.0,52.0,,52.0,49.77,52.0,49.77,52.0,42.76,42.76,,,,,41.51,42.76,42.76,42.76,42.76,42.76,43.19,56.28,35.65,46.04,42.76,42.76,42.76,42.76,42.97,44.5,,,,,,
2019-02-15 00:00:00+01:00,,43.96,,45.51,23.69,43.56,,42.17,,43.75,43.75,42.7,42.7,49.11,42.7,44.64,46.67,,67.25,43.96,42.17,,44.54,,,,48.47,48.47,,48.47,40.89,48.47,40.89,48.47,42.7,42.7,,,,,42.3,43.18,43.18,42.7,42.7,43.18,43.31,49.11,35.65,41.59,42.7,42.7,42.7,42.7,43.96,42.17,,,,,,
2019-02-15 01:00:00+01:00,,42.19,,42.19,22.53,40.95,,41.0,,42.19,42.19,41.18,41.18,46.94,41.18,42.19,47.76,,66.46,42.19,41.0,,44.31,,,,47.49,47.49,,47.49,40.89,47.49,40.89,47.49,41.18,41.18,,,,,42.19,42.19,42.19,41.18,41.18,42.19,44.35,46.94,34.38,40.62,41.18,41.18,41.18,41.18,42.19,41.0,,,,,,
2019-02-15 02:00:00+01:00,,41.72,,41.72,22.52,40.59,,40.16,,41.72,41.72,40.35,40.35,45.57,40.35,41.72,49.93,,41.89,41.72,40.16,,44.31,,,,45.59,45.59,,45.59,40.52,45.59,40.52,45.59,40.35,40.35,,,,,41.72,41.79,41.79,40.35,40.35,41.79,44.25,45.57,29.0,39.11,40.35,40.35,40.35,40.35,41.72,40.16,,,,,,
2019-02-15 03:00:00+01:00,,40.19,,40.19,22.52,40.1,,39.32,,40.19,40.19,39.59,39.59,45.57,39.59,40.19,46.13,,37.65,40.19,39.32,,34.99,,,,44.4,44.4,,44.4,40.52,44.4,40.52,44.4,39.59,39.59,,,,,40.19,41.73,41.73,39.59,39.59,41.73,44.22,45.57,31.01,38.43,39.59,39.59,39.59,39.59,40.19,39.32,,,,,,
2019-02-15 04:00:00+01:00,,41.1,,41.1,27.77,40.44,,40.11,,41.1,41.1,41.1,41.1,46.0,41.1,41.1,45.43,,48.89,41.1,40.11,,31.63,,,,46.08,46.08,,46.08,40.52,46.08,40.52,46.08,41.1,41.1,,,,,41.1,41.72,41.72,41.1,41.1,41.72,42.1,46.0,31.37,38.66,41.1,41.1,41.1,41.1,41.1,40.11,,,,,,
2019-02-15 05:00:00+01:00,,43.67,,43.67,33.99,43.79,,43.26,,43.67,43.67,43.67,43.67,46.57,43.67,43.67,44.99,,67.32,43.67,43.31,,18.0,,,,49.55,49.55,,49.55,40.52,49.55,40.52,49.55,43.67,43.67,,,,,43.67,43.67,43.67,43.67,43.67,43.67,44.47,46.57,40.71,43.31,43.67,43.67,43.67,43.67,43.67,43.26,,,,,,
2019-02-15 06:00:00+01:00,,52.98,,52.98,43.0,52.57,,52.64,,52.98,46.28,46.28,46.28,52.98,46.28,52.98,54.34,,69.77,52.98,52.64,,15.0,,,,61.54,61.54,,61.54,48.11,61.54,48.11,58.35,46.28,46.28,,,,,52.98,44.56,44.56,44.34,44.34,44.56,54.45,52.98,52.67,50.44,44.34,44.34,44.56,46.28,52.98,52.64,,,,,,
2019-02-15 07:00:00+01:00,,59.98,,59.98,51.07,59.08,,59.49,,59.98,58.53,59.66,58.02,59.98,45.62,59.98,61.78,,69.73,59.98,59.49,,44.22,,,,65.0,65.0,,65.0,48.17,65.0,81.0,65.0,58.02,58.02,,,,,59.98,45.62,45.62,44.59,44.59,45.62,58.34,59.98,59.53,59.92,44.59,44.59,45.62,58.02,59.98,59.49,,,,,,
2019-02-15 08:00:00+01:00,,61.73,,61.73,53.62,61.25,,59.67,,61.73,58.55,59.72,58.08,61.73,45.94,61.73,71.28,,69.77,62.08,59.67,,68.0,,,,70.01,70.01,,70.01,48.17,70.01,48.17,50.52,58.08,58.08,,,,,61.73,45.94,45.94,44.81,44.81,45.94,61.59,61.73,59.7,57.33,44.81,44.81,45.94,58.08,62.08,59.67,,,,,,
2019-02-15 09:00:00+01:00,,55.66,,56.76,44.88,55.25,,54.81,,55.41,55.41,55.41,54.08,60.4,45.94,56.19,73.86,,70.61,55.66,54.81,,70.45,,,,67.0,67.0,,67.0,48.12,67.0,48.12,48.12,54.08,54.08,,,,,57.4,45.94,45.94,44.93,44.93,45.94,63.97,60.4,54.85,54.82,44.93,44.93,45.94,54.08,55.66,54.81,,,,,,
2019-02-15 10:00:00+01:00,,52.05,,53.13,47.01,52.08,,47.99,,51.71,49.12,51.19,50.78,60.13,45.99,53.13,63.63,,69.32,52.05,50.44,,62.18,,,,58.88,58.88,,58.88,11.0,58.88,11.0,11.0,50.78,50.78,,,,,50.25,45.99,45.99,44.98,44.98,45.99,64.02,60.13,50.47,53.16,44.98,44.98,45.99,50.78,52.05,47.99,,,,,,
2019-02-15 11:00:00+01:00,,45.73,,51.01,36.26,45.44,,43.2,,44.11,44.11,44.63,44.63,58.61,44.63,51.01,52.34,,68.95,53.64,48.28,,53.64,,,,53.64,53.64,,53.64,10.0,53.64,10.0,10.0,44.63,44.63,,,,,40.84,44.63,44.63,44.63,44.63,44.63,64.28,58.61,48.31,54.06,44.63,44.63,44.63,44.63,53.64,43.2,,,,,,
2019-02-15 12:00:00+01:00,,45.85,,42.65,38.05,45.19,,41.1,,42.87,42.87,43.73,43.73,57.47,43.73,45.84,46.89,,68.95,49.45,47.05,,48.05,,,,49.45,49.45,,49.45,9.9,49.45,9.9,9.9,43.73,43.73,,,,,41.05,43.73,43.73,43.73,43.73,43.73,64.28,57.47,47.08,50.84,43.73,43.73,43.73,43.73,49.45,41.1,,,,,,
2019-02-15 13:00:00+01:00,,42.95,,42.25,38.06,43.54,,40.39,,42.43,42.43,43.36,43.36,57.02,43.36,44.7,45.73,,68.95,48.72,45.4,,46.86,,,,48.72,48.72,,48.72,9.0,48.72,9.0,9.0,43.36,43.36,,,,,41.0,43.36,43.36,43.36,43.36,43.36,64.24,57.02,45.43,49.79,43.36,43.36,43.36,43.36,48.72,40.39,,,,,,
2019-02-15 14:00:00+01:00,,42.52,,42.52,43.62,43.37,,40.75,,42.52,42.52,43.56,47.8,55.23,43.84,42.52,43.81,,69.37,50.06,45.41,,45.0,,,,50.06,50.06,,50.06,10.0,50.06,10.0,10.0,47.8,47.8,,,,,42.52,43.56,43.56,43.56,43.56,43.56,62.63,55.23,45.44,48.53,43.56,43.56,43.56,43.56,50.06,40.75,,,,,,
2019-02-15 15:00:00+01:00,,44.41,,44.41,42.96,44.15,,42.0,,44.41,44.41,44.41,47.89,54.53,44.41,44.41,45.71,,69.42,53.73,47.7,,46.84,,,,53.73,53.73,,53.73,48.13,53.73,48.13,48.13,47.89,47.89,,,,,44.41,44.41,44.41,44.41,44.41,44.41,59.66,54.53,47.73,45.35,44.41,44.41,44.41,44.41,53.73,42.0,,,,,,
2019-02-15 16:00:00+01:00,,48.18,,48.18,40.96,48.8,,46.96,,48.18,46.04,47.03,49.96,54.53,46.83,48.18,49.3,,69.92,58.38,50.98,,50.52,,,,58.38,58.38,,58.38,58.38,58.38,58.38,58.38,49.96,49.96,,,,,48.18,45.0,45.0,45.0,45.0,45.0,58.87,54.53,51.01,51.14,45.0,45.0,45.0,47.03,58.38,46.96,,,,,,
2019-02-15 17:00:00+01:00,,53.61,,53.61,43.88,52.93,,53.0,,53.61,45.36,53.61,52.32,55.86,48.75,53.61,55.02,,70.84,62.74,59.92,,56.37,,,,62.74,62.74,,62.74,62.74,62.74,81.0,62.74,52.32,52.32,,,,,53.61,45.36,45.36,45.36,45.36,45.36,64.02,55.86,59.96,63.97,45.36,45.36,45.36,52.32,62.74,53.0,,,,,,
2019-02-15 18:00:00+01:00,,56.54,,56.54,41.78,55.71,,57.0,,56.54,45.38,56.54,53.04,59.1,51.64,56.54,72.84,,70.0,70.0,66.23,,76.44,,,,70.0,70.0,,70.0,70.0,70.0,135.12,70.0,53.04,53.04,,,,,56.54,45.38,45.38,45.38,45.38,45.38,63.91,59.1,66.27,70.24,45.38,45.38,45.38,53.04,70.0,57.0,,,,,,
2019-02-15 19:00:00+01:00,,55.49,,55.49,42.82,54.97,,54.5,,55.49,45.01,45.01,45.01,61.41,45.01,55.49,76.84,,70.6,67.0,59.96,,80.63,,,,67.0,67.0,,67.0,67.0,67.0,137.0,67.0,45.01,45.01,,,,,55.49,45.01,45.01,45.01,45.01,45.01,62.96,61.41,60.0,66.04,45.01,45.01,45.01,45.01,67.0,54.5,,,,,,
2019-02-15 20:00:00+01:00,,51.25,,52.07,40.39,49.25,,47.83,,51.0,44.35,44.35,44.35,62.0,44.35,52.07,68.3,,70.7,61.99,55.11,,71.5,,,,61.99,61.99,,61.99,61.99,61.99,135.12,61.99,44.35,44.35,,,,,49.9,44.35,44.35,44.35,44.35,44.35,55.66,62.0,55.14,56.85,44.35,44.35,44.35,44.35,61.99,47.83,,,,,,
2019-02-15 21:00:00+01:00,,43.9,,45.58,33.6,45.86,,42.79,,43.37,43.37,43.37,43.37,60.94,43.37,45.58,64.89,,69.77,57.99,48.28,,61.86,,,,57.99,57.99,,57.99,57.99,57.99,100.51,57.99,43.37,43.37,,,,,41.15,43.37,43.37,43.37,43.37,43.37,51.03,60.94,48.31,48.03,43.37,43.37,43.37,43.37,57.99,42.79,,,,,,
2019-02-15 22:00:00+01:00,,48.76,,46.4,30.08,46.03,,43.4,,44.43,43.83,43.37,43.37,58.2,43.37,48.42,51.7,,69.52,53.73,46.94,,49.28,,,,53.73,53.73,,53.73,53.73,53.73,81.45,53.73,43.37,43.37,,,,,45.86,43.37,43.37,43.37,43.37,43.37,47.62,58.2,46.96,47.91,43.37,43.37,43.37,43.37,53.73,43.4,,,,,,
2019-02-15 23:00:00+01:00,,47.02,,42.89,30.55,44.03,,39.17,,39.45,39.45,39.92,39.92,57.0,39.92,46.42,47.52,,70.55,49.99,40.79,,45.3,,,,49.99,49.99,,49.99,49.99,49.99,49.99,49.99,39.92,39.92,,,,,41.93,42.26,42.26,39.92,39.92,42.26,42.58,57.0,40.81,41.99,39.92,39.92,39.92,39.92,49.99,39.17,,,,,,
2019-02-16 00:00:00+01:00,,48.73,,43.05,33.66,43.96,,40.91,,35.42,35.42,35.42,39.67,60.01,39.67,50.1,51.43,,67.73,48.73,42.04,,48.88,,,,50.66,50.66,,50.66,41.49,50.66,41.49,50.66,39.67,39.67,,,,,41.17,42.23,42.23,39.67,39.67,42.23,39.7,60.01,42.08,42.03,39.67,39.67,39.67,39.67,48.73,40.91,,,,,,
2019-02-16 01:00:00+01:00,,47.4,,41.22,30.68,42.05,,38.48,,35.19,35.19,35.19,37.16,56.41,37.16,46.79,48.03,,67.25,47.4,38.58,,45.66,,,,48.37,48.37,,48.37,41.48,48.37,41.48,48.37,37.16,37.16,,,,,39.79,41.81,41.81,37.16,37.16,41.81,38.17,56.41,38.62,37.54,37.16,37.16,37.16,37.16,47.4,38.48,,,,,,
2019-02-16 02:00:00+01:00,,37.17,,40.51,28.92,39.96,,37.0,,36.0,36.0,36.0,36.0,50.0,36.0,41.68,48.91,,58.43,37.17,37.0,,43.42,,,,46.4,46.4,,46.4,41.48,46.4,41.48,46.4,36.0,36.0,,,,,36.0,41.72,41.72,36.0,36.0,41.72,39.26,50.0,37.04,36.99,36.0,36.0,36.0,36.0,37.17,37.0,,,,,,
2019-02-16 03:00:00+01:00,,37.01,,39.08,28.93,39.23,,36.36,,36.29,36.29,36.29,36.29,49.11,36.29,39.79,44.4,,56.49,37.01,36.36,,43.23,,,,46.43,46.43,,46.43,41.47,46.43,41.47,46.43,36.29,36.29,,,,,36.29,41.64,41.64,36.29,36.29,41.64,40.11,49.11,36.39,35.97,36.29,36.29,36.29,36.29,37.01,36.36,,,,,,
2019-02-16 04:00:00+01:00,,36.52,,36.52,35.81,39.47,,36.47,,36.52,36.52,36.52,36.52,48.0,36.52,36.52,44.4,,56.65,36.52,36.47,,42.21,,,,46.43,46.43,,46.43,41.47,46.43,41.47,46.43,36.52,36.52,,,,,36.52,41.54,41.54,36.52,36.52,41.54,40.27,48.0,36.5,35.03,36.52,36.52,36.52,36.52,36.52,36.47,,,,,,
2019-02-16 05:00:00+01:00,,39.07,,40.47,42.94,39.91,,37.04,,35.5,35.5,35.5,35.5,47.38,35.5,40.46,45.55,,67.75,39.07,37.04,,43.29,,,,47.25,47.25,,47.25,41.48,47.25,41.48,47.25,35.5,35.5,,,,,40.0,41.44,41.44,35.5,35.5,41.44,39.23,47.38,37.08,38.94,35.5,35.5,35.5,35.5,39.07,37.04,,,,,,
2019-02-16 06:00:00+01:00,,39.09,,45.0,45.14,42.28,,39.89,,38.39,38.39,38.39,38.39,48.25,38.39,42.21,47.75,,67.73,39.09,42.04,,45.38,,,,55.03,55.03,,55.03,44.16,55.03,44.16,55.03,38.39,38.39,,,,,43.1,41.39,41.39,38.39,38.39,41.39,38.42,48.25,42.08,40.0,38.39,38.39,38.39,38.39,39.09,39.89,,,,,,
2019-02-16 07:00:00+01:00,,41.67,,51.36,40.98,46.45,,44.8,,40.39,40.39,40.39,40.39,50.0,40.39,46.78,54.43,,68.66,45.32,46.68,,50.0,,,,60.0,60.0,,60.0,48.52,60.0,48.52,60.0,40.39,40.39,,,,,45.0,41.02,41.02,40.39,40.39,41.02,41.43,50.0,46.72,45.77,40.39,40.39,40.39,40.39,45.32,44.8,,,,,,
2019-02-16 08:00:00+01:00,,46.66,,51.47,50.04,49.2,,48.64,,40.94,40.94,40.94,40.94,49.11,40.94,47.95,52.05,,68.76,46.66,48.95,,51.19,,,,60.49,60.49,,60.49,48.52,60.49,48.52,60.49,40.94,40.94,,,,,50.34,41.48,41.48,40.94,40.94,41.48,47.96,49.11,48.99,49.64,40.94,40.94,40.94,40.94,46.66,48.64,,,,,,
2019-02-16 09:00:00+01:00,,51.4,,55.9,43.05,50.33,,49.97,,36.08,36.08,36.08,40.92,54.6,40.92,48.57,56.95,,68.78,51.4,49.97,,58.15,,,,58.62,58.62,,58.62,46.52,58.62,46.52,57.14,40.92,40.92,,,,,55.07,42.02,42.02,40.92,40.92,42.02,55.43,54.6,50.02,51.98,40.92,40.92,40.92,40.92,51.4,49.97,,,,,,
2019-02-16 10:00:00+01:00,,39.1,,58.0,35.99,46.65,,47.5,,31.09,31.09,31.09,41.67,58.1,41.67,47.3,70.62,,68.76,44.66,48.26,,72.1,,,,51.76,51.76,,51.76,44.16,51.76,44.16,48.83,41.67,41.67,,,,,57.73,42.45,42.45,41.67,41.67,42.45,59.74,58.1,48.31,50.99,41.67,41.67,41.67,41.67,44.66,47.5,,,,,,
2019-02-16 11:00:00+01:00,,46.6,,39.66,32.61,41.46,,44.71,,35.19,35.19,35.19,41.33,53.01,41.33,39.05,70.63,,68.75,46.6,45.48,,72.1,,,,46.6,46.6,,46.6,41.48,46.6,41.48,41.48,41.33,41.33,,,,,38.8,42.18,42.18,41.33,41.33,42.18,59.8,53.01,45.52,48.07,41.33,41.33,41.33,41.33,46.6,44.71,,,,,,
2019-02-16 12:00:00+01:00,,41.99,,40.24,33.02,40.91,,40.51,,35.62,35.62,35.62,39.07,50.0,39.07,41.99,64.02,,68.94,41.99,42.49,,62.31,,,,41.99,41.99,,41.99,41.48,41.99,41.48,41.99,39.07,39.07,,,,,35.62,43.0,43.0,39.07,39.07,43.0,58.93,50.0,42.53,46.63,39.07,39.07,39.07,39.07,41.99,40.51,,,,,,
2019-02-16 13:00:00+01:00,,40.8,,36.31,31.05,38.48,,34.9,,36.0,36.0,36.0,38.8,50.0,38.8,37.03,56.96,,68.68,40.8,40.95,,49.64,,,,40.8,40.8,,40.8,40.8,40.8,40.8,40.8,38.8,38.8,,,,,36.0,42.8,42.8,38.8,38.8,42.8,56.29,50.0,40.99,43.35,38.8,38.8,38.8,38.8,40.8,34.9,,,,,,
2019-02-16 14:00:00+01:00,,40.09,,37.39,31.57,38.0,,34.9,,37.21,37.21,37.21,38.47,46.97,38.47,37.82,47.17,,68.75,41.46,41.14,,45.9,,,,41.46,41.46,,41.46,41.46,41.46,41.46,41.46,38.47,38.47,,,,,37.21,42.68,42.68,38.47,38.47,42.68,51.46,47.25,41.18,36.91,38.47,38.47,38.47,38.47,41.46,34.9,,,,,,
2019-02-16 15:00:00+01:00,,39.61,,39.61,43.38,37.86,,38.92,,39.61,39.61,39.61,39.61,44.39,39.61,39.61,46.12,,68.97,43.6,43.96,,45.0,,,,45.0,45.0,,45.0,45.0,45.0,45.0,45.0,39.61,39.61,,,,,39.61,42.65,42.65,39.61,39.61,42.65,47.1,48.0,44.0,40.96,39.61,39.61,39.61,39.61,43.6,38.92,,,,,,
2019-02-16 16:00:00+01:00,,42.11,,42.11,56.92,40.89,,42.92,,42.11,42.11,42.23,42.23,43.39,42.23,42.11,45.58,,68.93,43.6,52.61,,45.0,,,,51.68,51.68,,51.68,51.68,51.68,81.0,51.68,42.23,42.23,,,,,42.11,42.69,42.69,42.23,42.23,42.69,45.82,48.0,52.66,49.77,42.23,42.23,42.23,42.23,43.6,42.92,,,,,,
2019-02-16 17:00:00+01:00,,46.83,,46.83,63.97,49.77,,52.5,,46.83,43.87,43.75,43.75,46.83,43.75,46.83,51.85,,71.01,61.24,68.3,,52.0,,,,61.24,61.24,,61.24,61.24,61.24,134.48,61.24,43.75,43.75,,,,,46.83,43.75,43.75,43.75,43.75,43.75,48.01,48.0,68.36,56.82,43.75,43.75,43.75,43.75,61.24,52.5,,,,,,
2019-02-16 18:00:00+01:00,,52.13,,52.63,61.32,51.25,,53.2,,52.06,43.81,43.81,43.81,52.38,43.81,52.38,86.06,,70.84,68.0,74.21,,83.73,,,,68.0,68.0,,68.0,68.0,68.0,151.86,68.0,43.81,43.81,,,,,53.13,43.81,43.81,43.81,43.81,43.81,50.68,52.38,74.28,65.16,43.81,43.81,43.81,43.81,68.0,53.2,,,,,,
2019-02-16 19:00:00+01:00,,49.94,,62.98,58.4,51.98,,51.2,,48.0,43.39,43.39,43.39,56.41,43.39,56.41,88.89,,70.72,67.74,71.44,,90.71,,,,67.74,67.74,,67.74,51.16,67.74,151.86,67.74,43.39,43.39,,,,,75.92,43.39,43.39,43.39,43.39,43.39,47.95,56.41,71.51,64.8,43.39,43.39,43.39,43.39,67.74,51.2,,,,,,
2019-02-16 20:00:00+01:00,,46.47,,46.47,54.35,48.41,,48.45,,46.47,42.49,42.49,42.49,58.51,42.49,46.47,64.92,,69.72,49.1,65.01,,60.0,,,,64.01,64.01,,64.01,51.16,64.01,151.86,64.01,42.49,42.49,,,,,46.47,43.11,43.11,42.49,42.49,43.11,44.73,58.51,65.07,58.42,42.49,42.49,42.49,42.49,49.1,48.45,,,,,,
2019-02-16 21:00:00+01:00,,40.67,,40.67,49.64,43.09,,43.39,,40.67,40.67,40.67,40.67,55.13,40.67,40.67,55.25,,67.73,45.3,55.06,,49.64,,,,58.99,58.99,,58.99,51.16,58.99,134.48,58.99,40.67,40.67,,,,,40.67,43.01,43.01,40.67,40.67,43.01,41.44,55.13,55.11,47.99,40.67,40.67,40.67,40.67,45.3,43.39,,,,,,
2019-02-16 22:00:00+01:00,,47.7,,43.37,36.63,43.69,,42.9,,38.99,38.99,38.99,38.99,51.46,38.99,47.45,52.82,,67.73,47.7,44.51,,35.91,,,,52.69,52.69,,52.69,48.52,52.69,93.74,52.69,38.99,38.99,,,,,42.33,43.05,43.05,38.99,38.99,43.05,41.44,51.46,44.55,45.94,38.99,38.99,38.99,38.99,47.7,42.9,,,,,,
2019-02-16 23:00:00+01:00,,40.7,,40.7,40.96,42.03,,38.5,,40.7,40.07,40.07,40.07,49.11,40.07,40.7,47.21,,70.53,40.7,40.28,,24.0,,,,48.8,48.8,,48.8,48.52,48.8,92.48,48.8,39.29,40.07,,,,,40.7,43.01,43.01,40.07,40.07,43.01,39.32,49.11,39.45,40.79,40.07,40.07,40.07,40.07,40.7,38.5,,,,,,
2019-02-17 00:00:00+01:00,,44.15,,39.95,28.92,40.96,,35.28,,35.57,35.57,36.76,36.76,45.87,36.76,43.74,61.53,,67.17,44.15,40.12,,-5.0,,,,57.98,57.98,,57.98,57.98,57.98,57.98,57.98,36.76,36.76,,,,,39.0,42.0,42.0,38.13,38.13,42.0,37.02,51.1,40.1,40.82,36.76,36.76,36.76,36.76,44.15,35.28,,,,,,
2019-02-17 01:00:00+01:00,,39.85,,40.46,26.2,38.12,,34.9,,35.46,35.46,35.46,35.46,41.57,35.46,40.1,63.27,,67.17,39.85,36.09,,-10.0,,,,54.58,63.1,,54.58,63.1,63.1,63.1,63.1,35.46,35.46,,,,,39.97,41.71,41.71,37.33,37.33,41.71,35.9,55.1,36.08,37.29,35.46,35.46,35.46,35.46,39.85,34.9,,,,,,
2019-02-17 02:00:00+01:00,,37.24,,37.24,25.52,37.04,,35.0,,37.24,37.24,37.24,37.24,37.6,37.24,37.24,61.56,,66.67,37.24,35.49,,-10.24,,,,50.03,62.2,,50.03,62.2,62.2,62.2,62.2,36.78,37.24,,,,,37.24,41.71,41.71,37.35,37.35,41.71,37.04,43.34,35.48,35.93,37.24,37.24,37.24,37.24,37.24,35.0,,,,,,
2019-02-17 03:00:00+01:00,,36.27,,36.27,24.08,36.52,,34.9,,36.27,36.27,36.27,36.27,36.27,36.27,36.27,44.44,,63.99,36.27,35.36,,-10.19,,,,46.16,62.2,,46.16,62.2,62.2,62.2,62.2,36.27,36.27,,,,,36.27,41.57,41.57,37.36,37.36,41.57,36.52,42.05,35.34,33.96,36.27,36.27,36.27,36.27,36.27,34.9,,,,,,
2019-02-17 04:00:00+01:00,,36.13,,36.13,29.55,37.03,,34.84,,36.13,36.13,36.13,36.13,36.13,36.13,36.13,37.2,,64.9,36.13,34.84,,-6.85,,,,46.15,62.2,,46.15,62.2,62.2,62.2,62.2,36.13,36.13,,,,,36.13,41.53,41.53,37.4,37.4,41.53,36.38,41.54,34.82,34.94,36.13,36.13,36.13,36.13,36.13,34.84,,,,,,
2019-02-17 05:00:00+01:00,,36.74,,36.74,38.37,36.54,,34.5,,36.74,36.74,36.74,36.74,36.74,36.74,36.74,37.83,,66.28,36.74,35.67,,-10.03,,,,46.15,60.13,,46.15,60.13,60.13,60.13,60.13,36.74,36.74,,,,,36.74,41.4,41.4,39.38,39.38,41.4,37.0,36.74,35.65,37.9,36.74,36.74,36.74,36.74,36.74,34.5,,,,,,
2019-02-17 06:00:00+01:00,,36.52,,36.52,22.53,38.43,,36.06,,36.52,37.42,37.42,37.42,38.0,37.42,36.52,37.45,,66.78,36.52,40.03,,-10.29,,,,50.03,62.2,,50.03,62.2,62.2,62.2,62.2,37.42,37.42,,,,,36.52,41.48,41.48,40.01,40.01,41.48,37.68,38.0,40.01,43.13,37.42,37.42,37.42,37.42,36.52,36.06,,,,,,
2019-02-17 07:00:00+01:00,,38.82,,38.82,22.53,42.09,,38.39,,38.82,40.62,40.62,40.62,41.31,40.62,38.82,39.98,,66.28,38.82,42.1,,-10.03,,,,54.58,62.2,,54.58,62.2,62.2,62.2,62.2,40.62,40.62,,,,,38.82,41.66,41.66,40.62,40.62,41.66,40.91,41.31,42.08,39.59,40.62,40.62,40.62,40.62,38.82,38.39,,,,,,
2019-02-17 08:00:00+01:00,,40.0,,40.0,22.52,43.14,,41.0,,40.0,41.58,41.58,41.58,42.02,41.58,40.0,45.61,,67.3,40.0,44.28,,-5.0,,,,48.16,65.0,,48.16,65.0,65.0,65.0,65.0,41.58,41.58,,,,,40.0,41.58,41.58,41.58,41.58,41.58,41.88,42.02,44.25,43.41,41.58,41.58,41.58,41.58,40.0,41.0,,,,,,
2019-02-17 09:00:00+01:00,,38.88,,38.88,28.73,42.35,,40.42,,38.88,42.47,42.47,42.47,44.87,42.47,38.88,45.62,,67.33,39.4,46.22,,-0.1,,,,48.15,63.54,,48.15,63.54,63.54,63.54,63.54,42.47,42.47,,,,,38.88,42.47,42.47,42.47,42.47,42.47,42.77,44.87,46.2,45.91,42.47,42.47,42.47,42.47,39.4,40.42,,,,,,
2019-02-17 10:00:00+01:00,,38.03,,37.12,22.53,41.76,,37.6,,36.15,43.05,43.05,43.05,51.0,43.05,37.93,54.74,,68.3,43.6,45.95,,32.9,,,,47.44,61.2,,47.44,61.2,61.2,61.2,61.2,43.05,43.05,,,,,36.91,43.05,43.05,43.05,43.05,43.05,43.35,51.0,45.92,46.92,43.05,43.05,43.05,43.05,43.6,37.6,,,,,,
2019-02-17 11:00:00+01:00,,36.5,,36.5,22.53,40.67,,35.65,,36.5,43.3,43.3,43.3,49.11,43.3,36.5,62.84,,68.3,41.39,44.01,,49.79,,,,44.5,57.58,,44.5,57.58,57.58,57.58,57.58,43.3,43.3,,,,,36.5,43.3,43.3,43.3,43.3,43.3,43.61,49.11,43.99,46.82,43.3,43.3,43.3,43.3,41.39,35.65,,,,,,
2019-02-17 12:00:00+01:00,,37.41,,37.41,22.54,39.57,,34.16,,37.41,43.21,43.21,43.21,46.0,43.21,37.41,45.62,,68.26,40.7,41.58,,44.59,,,,40.7,57.57,,40.7,57.57,57.57,57.57,57.57,43.21,43.21,,,,,37.41,43.21,43.21,43.21,43.21,43.21,43.51,46.0,41.56,44.9,43.21,43.21,43.21,43.21,40.7,34.16,,,,,,
2019-02-17 13:00:00+01:00,,35.09,,35.09,24.06,37.18,,32.3,,35.09,43.27,43.27,43.27,48.39,43.27,35.09,52.47,,66.87,35.09,38.59,,49.79,,,,35.09,52.3,,35.09,52.3,50.0,52.3,52.3,43.27,43.27,,,,,35.09,43.27,43.27,43.27,43.27,43.27,43.58,48.39,38.57,44.95,43.27,43.27,43.27,43.27,35.09,32.3,,,,,,
2019-02-17 14:00:00+01:00,,35.12,,35.12,27.86,36.56,,31.53,,35.12,43.13,43.13,43.13,45.87,43.13,35.12,52.47,,66.78,38.69,39.32,,49.79,,,,38.69,57.0,,38.69,57.0,50.0,57.0,57.0,43.13,43.13,,,,,35.12,43.13,43.13,43.13,43.13,43.13,43.44,45.87,39.3,41.05,43.13,43.13,43.13,43.13,38.69,31.53,,,,,,
2019-02-17 15:00:00+01:00,,36.27,,36.27,50.94,36.89,,34.0,,36.27,43.01,43.01,43.01,43.37,43.01,36.27,58.18,,68.78,40.93,41.58,,35.91,,,,40.93,62.2,,40.93,62.2,62.2,62.2,62.2,43.01,43.01,,,,,36.27,43.01,43.01,43.01,43.01,43.01,43.31,43.37,41.56,42.02,43.01,43.01,43.01,43.01,40.93,34.0,,,,,,
2019-02-17 16:00:00+01:00,,39.36,,39.36,56.92,39.51,,38.3,,39.36,41.81,43.74,43.74,43.13,43.74,39.36,58.07,,69.48,39.36,42.7,,49.0,,,,50.91,61.25,,50.91,61.25,61.25,61.25,61.25,43.74,43.74,,,,,39.36,43.74,43.74,43.74,43.74,43.74,44.05,43.13,42.68,44.01,43.74,43.74,43.74,43.74,39.36,38.3,,,,,,
2019-02-17 17:00:00+01:00,,44.03,,44.03,60.0,45.63,,46.0,,44.03,44.03,45.4,45.4,44.99,45.4,44.03,48.58,,77.1,44.03,55.4,,49.79,,,,59.33,63.54,,59.33,63.54,63.54,92.49,63.54,45.4,45.4,,,,,44.03,45.4,45.4,45.4,45.4,45.4,45.73,44.99,55.38,55.04,45.4,45.4,45.4,45.4,44.03,46.0,,,,,,
2019-02-17 18:00:00+01:00,,49.6,,49.6,61.92,50.83,,51.43,,49.6,49.6,48.23,47.21,53.0,47.21,49.6,78.04,,77.79,49.6,60.76,,79.97,,,,70.0,70.0,,70.0,57.98,70.0,134.49,70.0,47.21,47.21,,,,,49.6,46.3,46.3,46.3,46.3,46.3,52.37,53.0,60.73,61.92,46.3,46.3,46.3,47.21,49.6,51.43,,,,,,
2019-02-17 19:00:00+01:00,,50.07,,50.07,57.96,50.2,,50.58,,50.07,50.07,50.07,46.13,60.02,46.13,50.07,87.39,,80.74,50.07,56.72,,89.55,,,,70.0,75.74,,70.0,57.98,75.74,135.12,75.74,46.13,46.13,,,,,50.07,46.13,46.13,46.13,46.13,46.13,52.64,60.02,56.69,55.96,46.13,46.13,46.13,46.13,50.07,50.58,,,,,,
2019-02-17 20:00:00+01:00,,46.15,,46.15,56.72,46.89,,46.73,,46.15,46.15,45.04,45.04,61.41,45.04,46.15,68.73,,83.0,46.15,46.97,,70.42,,,,70.0,70.0,,70.0,57.98,70.0,150.0,70.0,45.04,45.04,,,,,46.15,45.04,45.04,45.04,45.04,45.04,45.79,61.41,46.94,50.06,45.04,45.04,45.04,45.04,46.15,46.73,,,,,,
2019-02-17 21:00:00+01:00,,38.33,,38.85,45.0,42.37,,43.4,,38.27,38.27,43.32,43.32,62.0,43.32,38.62,49.98,,76.5,38.33,43.45,,51.21,,,,67.0,67.0,,67.0,57.98,67.0,134.49,67.0,43.32,43.32,,,,,40.0,43.32,43.32,43.32,43.32,43.32,43.63,62.0,43.43,48.12,43.32,43.32,43.32,43.32,38.33,43.4,,,,,,
2019-02-17 22:00:00+01:00,,42.83,,42.83,34.38,42.96,,43.3,,42.83,42.83,42.91,42.91,60.81,42.91,42.83,51.35,,69.52,42.83,43.3,,49.75,,,,59.33,59.33,,59.33,57.98,59.33,93.74,59.33,42.91,42.91,,,,,42.83,42.91,42.91,42.91,42.91,42.91,43.22,60.81,39.45,47.51,42.91,42.91,42.91,42.91,42.83,43.3,,,,,,
2019-02-17 23:00:00+01:00,,38.75,,38.75,31.03,43.46,,40.0,,38.75,38.75,42.27,42.27,59.5,42.27,38.75,39.93,,69.18,40.7,40.0,,39.01,,,,52.17,57.0,,52.17,57.0,57.0,91.23,57.0,42.27,42.27,,,,,38.75,42.27,42.27,42.27,42.27,42.27,42.57,59.5,35.65,41.97,42.27,42.27,42.27,42.27,40.7,40.0,,,,,,
2019-02-18 00:00:00+01:00,,39.41,,39.41,28.71,40.02,,35.7,,39.41,39.41,40.38,40.38,51.46,40.38,39.41,45.85,,68.71,39.41,35.7,,43.71,,,,47.22,50.36,,47.22,50.36,50.36,50.36,50.36,40.38,40.38,,,,,39.41,41.51,41.51,40.38,40.38,41.51,40.67,51.46,35.65,37.0,40.38,40.38,40.38,40.38,39.41,35.7,,,,,,
2019-02-18 01:00:00+01:00,,38.78,,38.78,24.26,39.06,,35.0,,38.78,38.78,38.78,38.78,46.43,38.78,38.78,49.06,,69.41,38.78,35.0,,46.77,,,,44.99,48.76,,44.99,48.76,48.76,48.76,48.76,38.78,38.78,,,,,38.78,41.26,41.26,38.78,38.78,41.26,39.06,46.43,34.98,34.18,38.78,38.78,38.78,38.78,38.78,35.0,,,,,,
2019-02-18 02:00:00+01:00,,38.78,,38.78,24.24,38.04,,35.0,,38.78,38.78,38.78,38.78,45.5,38.78,38.78,50.81,,69.42,38.78,35.0,,48.42,,,,44.81,44.81,,44.81,44.81,44.81,44.81,44.81,38.78,38.78,,,,,38.78,41.14,41.14,38.78,38.78,41.14,39.06,45.5,34.98,34.2,38.78,38.78,38.78,38.78,38.78,35.0,,,,,,
2019-02-18 03:00:00+01:00,,38.2,,38.2,25.31,37.07,,34.2,,38.2,38.2,38.2,38.2,45.5,38.2,38.2,43.29,,69.43,38.2,34.2,,41.25,,,,42.79,42.79,,42.79,42.79,42.79,42.79,42.79,38.2,38.2,,,,,38.2,41.07,41.07,38.2,38.2,41.07,38.47,45.5,34.18,32.59,38.2,38.2,38.2,38.2,38.2,34.2,,,,,,
2019-02-18 04:00:00+01:00,,38.8,,38.8,33.44,37.74,,35.0,,38.8,38.8,40.46,40.46,45.37,40.46,38.8,41.02,,69.44,38.8,35.46,,39.08,,,,44.99,44.99,,44.99,44.99,44.99,44.99,44.99,40.46,40.46,,,,,38.8,40.7,40.7,40.46,40.46,40.7,40.74,45.37,35.43,34.9,40.46,40.46,40.46,40.46,38.8,35.0,,,,,,
2019-02-18 05:00:00+01:00,,40.0,,40.0,37.23,41.11,,38.91,,40.0,40.0,43.66,43.66,45.7,43.66,40.0,41.28,,77.07,40.0,40.1,,39.31,,,,48.38,48.38,,48.38,48.38,48.38,48.38,48.38,43.66,43.66,,,,,40.0,43.66,43.66,43.66,43.66,43.66,43.96,45.7,40.06,39.18,43.66,43.66,43.66,43.66,40.0,38.91,,,,,,
2019-02-18 06:00:00+01:00,,51.93,,51.72,49.25,49.57,,52.0,,51.72,49.05,48.07,47.92,55.0,47.92,51.72,53.16,,69.72,64.0,56.2,,50.62,,,,64.0,64.0,,64.0,59.47,64.0,59.47,64.0,47.92,47.92,,,,,51.72,45.52,45.52,45.52,45.52,45.52,48.24,55.0,56.15,59.94,45.52,45.52,45.52,47.87,64.0,52.0,,,,,,
2019-02-18 07:00:00+01:00,,57.37,,57.37,61.26,54.9,,60.0,,57.37,51.02,55.99,55.99,58.63,47.29,57.37,59.22,,70.56,67.0,66.06,,56.38,,,,67.0,67.0,,67.0,59.48,67.0,93.73,67.0,55.99,55.99,,,,,57.37,46.27,46.27,46.08,46.08,46.27,58.15,58.63,65.99,68.34,46.08,46.08,46.27,55.99,67.0,60.0,,,,,,
2019-02-18 08:00:00+01:00,,56.01,,56.01,61.68,56.06,,59.5,,56.01,51.73,54.67,54.67,59.98,46.6,56.01,57.59,,70.61,75.08,66.59,,54.82,,,,77.63,77.63,,77.63,59.48,77.63,99.3,77.63,54.67,54.67,,,,,56.01,46.6,46.6,46.53,46.53,46.6,60.95,59.98,66.52,71.93,46.53,46.53,46.6,54.67,75.08,59.5,,,,,,
2019-02-18 09:00:00+01:00,,52.61,,52.61,55.18,52.74,,53.8,,52.61,49.0,51.35,52.79,61.01,46.54,52.61,60.01,,69.83,52.61,60.06,,58.5,,,,73.26,73.26,,73.26,59.48,73.26,93.73,73.26,52.79,52.79,,,,,52.61,46.54,46.54,46.54,46.54,46.54,63.46,61.01,59.99,69.04,46.54,46.54,46.54,51.35,52.61,53.8,,,,,,
2019-02-18 10:00:00+01:00,,48.43,,48.43,42.67,51.83,,51.26,,48.43,47.76,47.76,52.77,61.2,46.41,48.43,68.59,,67.32,48.43,52.14,,70.0,,,,64.11,64.11,,64.11,56.51,64.11,56.51,64.11,52.77,52.77,,,,,48.43,46.41,46.41,46.41,46.41,46.41,63.46,61.2,52.08,64.03,46.41,46.41,46.41,47.76,48.43,51.26,,,,,,
2019-02-18 11:00:00+01:00,,51.92,,45.05,38.37,49.74,,44.42,,44.81,44.81,45.09,45.09,60.49,45.09,45.35,53.76,,66.88,51.92,50.44,,54.95,,,,61.65,61.65,,61.65,52.04,61.65,52.04,61.65,45.09,45.09,,,,,44.96,45.09,45.09,45.09,45.09,45.09,67.23,60.49,50.37,59.5,45.09,45.09,45.09,45.09,51.92,44.42,,,,,,
2019-02-18 12:00:00+01:00,,51.93,,43.38,38.39,47.54,,43.39,,43.09,43.09,44.15,44.15,60.02,44.15,43.75,49.2,,67.31,54.04,48.33,,50.28,,,,54.04,54.04,,54.04,52.04,54.04,52.04,54.04,44.15,44.15,,,,,43.26,44.15,44.15,44.15,44.15,44.15,68.05,60.02,48.26,56.46,44.15,44.15,44.15,44.15,54.04,43.39,,,,,,
2019-02-18 13:00:00+01:00,,50.98,,43.17,38.39,46.38,,42.95,,42.91,42.91,43.97,43.97,59.93,43.97,43.51,48.98,,67.3,50.98,47.53,,50.04,,,,55.64,55.64,,55.64,52.04,55.64,52.04,55.64,43.97,43.97,,,,,43.07,43.97,43.97,43.97,43.97,43.97,68.08,59.93,47.46,54.95,43.97,43.97,43.97,43.97,50.98,42.95,,,,,,
2019-02-18 14:00:00+01:00,,44.73,,44.73,38.39,45.86,,44.4,,44.73,44.73,44.78,50.89,58.43,44.78,44.73,48.82,,68.78,44.73,48.33,,49.87,,,,61.0,61.0,,61.0,52.05,61.0,52.05,61.0,50.89,50.89,,,,,44.73,44.78,44.78,44.78,44.78,44.78,63.44,58.43,48.26,55.02,44.78,44.78,44.78,44.78,44.73,44.4,,,,,,
2019-02-18 15:00:00+01:00,,47.35,,47.35,41.35,47.08,,46.5,,47.35,46.65,46.65,46.21,58.26,45.55,47.35,48.95,,69.5,47.35,52.13,,49.99,,,,63.0,63.0,,63.0,60.1,63.0,60.1,63.0,46.21,46.21,,,,,47.35,45.55,45.55,45.55,45.55,45.55,61.06,58.26,52.04,58.09,45.55,45.55,45.55,46.21,47.35,46.5,,,,,,
2019-02-18 16:00:00+01:00,,50.9,,50.9,44.5,50.73,,50.5,,50.9,46.03,49.68,49.68,58.35,46.03,50.9,52.26,,75.39,50.9,53.28,,53.36,,,,67.2,67.2,,67.2,67.2,67.2,93.73,67.2,49.68,49.68,,,,,50.9,46.03,46.03,46.03,46.03,46.03,59.71,58.35,53.19,65.03,46.03,46.03,46.03,49.68,50.9,50.5,,,,,,
2019-02-18 17:00:00+01:00,,52.94,,52.94,66.52,52.77,,55.81,,52.94,52.94,52.94,51.67,58.83,47.32,52.94,54.76,,84.6,78.31,71.54,,55.89,,,,78.31,78.31,,78.31,59.48,78.31,133.54,78.31,51.67,51.67,,,,,52.94,46.27,46.27,46.27,46.27,46.27,63.39,58.83,71.42,75.99,46.27,46.27,46.27,51.67,78.31,55.81,,,,,,
2019-02-18 18:00:00+01:00,,56.94,,56.94,68.06,55.13,,59.9,,56.94,46.23,52.74,52.74,59.44,47.85,56.94,69.96,,84.63,80.82,75.01,,74.5,,,,80.82,80.82,,80.82,59.48,80.82,152.86,80.82,52.74,52.74,,,,,56.94,46.23,46.23,46.1,46.1,46.23,63.09,59.44,74.87,81.38,46.1,46.1,46.23,52.74,80.82,59.9,,,,,,
2019-02-18 19:00:00+01:00,,55.76,,55.76,62.09,54.02,,60.07,,55.76,45.35,45.35,45.35,60.95,45.35,55.76,79.95,,84.6,78.31,71.54,,91.37,,,,78.31,78.31,,78.31,59.48,78.31,152.86,78.31,45.35,45.35,,,,,55.76,45.35,45.35,45.35,45.35,45.35,61.31,60.95,71.41,75.99,45.35,45.35,45.35,45.35,78.31,60.07,,,,,,
2019-02-18 20:00:00+01:00,,51.91,,51.91,52.19,51.92,,56.0,,51.91,44.8,44.8,44.8,62.0,44.8,51.91,77.56,,84.55,67.4,57.09,,81.22,,,,70.0,70.0,,70.0,59.48,70.0,152.86,70.0,44.8,44.8,,,,,51.91,44.8,44.8,44.8,44.8,44.8,55.31,62.0,56.98,67.08,44.8,44.8,44.8,44.8,67.4,56.0,,,,,,
2019-02-18 21:00:00+01:00,,43.98,,43.98,50.66,46.97,,48.51,,43.98,43.98,43.98,43.98,60.61,43.98,43.98,62.13,,81.29,43.98,48.51,,64.91,,,,64.11,64.11,,64.11,59.48,64.11,151.86,64.11,43.98,43.98,,,,,43.98,43.98,43.98,43.98,43.98,43.98,47.5,60.61,48.41,64.02,43.98,43.98,43.98,43.98,43.98,48.51,,,,,,
2019-02-18 22:00:00+01:00,,46.1,,47.09,43.98,46.83,,46.42,,42.23,42.23,42.23,42.23,58.83,42.23,46.86,53.84,,80.98,46.1,49.52,,56.24,,,,61.65,61.65,,61.65,59.48,61.65,93.73,61.65,42.23,42.23,,,,,40.0,42.69,42.69,42.23,42.23,42.69,44.48,58.83,49.41,56.39,42.23,42.23,42.23,42.23,46.1,46.42,,,,,,
2019-02-18 23:00:00+01:00,,45.4,,39.32,38.38,43.96,,41.61,,35.87,35.87,35.87,39.21,58.53,39.21,44.42,49.24,,77.63,45.4,41.61,,52.3,,,,59.24,59.24,,59.24,59.24,59.24,90.2,59.24,39.21,39.21,,,,,38.5,42.38,42.38,39.51,39.51,42.38,39.44,58.53,41.52,50.0,39.21,39.21,39.21,39.21,45.4,41.61,,,,,,
2019-02-19 00:00:00+01:00,,36.12,,36.5,38.35,43.12,,37.8,,36.09,36.09,36.09,36.09,58.63,36.09,36.23,46.92,,70.64,36.12,38.73,,49.0,,,,53.44,53.44,,53.44,53.44,53.44,53.44,53.44,36.09,36.09,,,,,36.1,41.6,41.6,41.04,41.04,41.6,43.11,58.63,38.64,41.14,36.09,36.09,36.09,36.09,36.12,37.8,,,,,,
2019-02-19 01:00:00+01:00,,36.09,,36.59,36.96,41.09,,36.61,,35.43,35.43,35.43,35.43,57.91,35.43,38.47,47.03,,71.63,36.09,37.11,,49.06,,,,53.16,53.16,,53.16,53.16,53.16,53.16,53.16,35.43,35.43,,,,,35.43,41.03,41.03,40.58,40.58,41.03,40.06,57.91,35.58,37.91,35.43,35.43,35.43,35.43,36.09,36.61,,,,,,
2019-02-19 02:00:00+01:00,,36.04,,36.49,34.99,42.52,,36.08,,35.42,35.42,35.42,35.42,52.6,35.42,38.24,49.29,,70.49,36.04,36.08,,50.21,,,,50.91,50.91,,50.91,50.91,50.91,50.91,50.91,35.42,35.42,,,,,35.42,40.95,40.95,40.35,40.35,40.95,39.64,52.6,35.58,36.93,35.42,35.42,35.42,35.42,36.04,36.08,,,,,,
2019-02-19 03:00:00+01:00,,36.0,,36.0,37.99,40.47,,35.7,,36.0,36.0,36.0,36.0,52.6,36.0,36.0,48.12,,70.1,36.0,35.7,,49.02,,,,49.95,49.95,,49.95,49.95,49.95,49.95,49.95,36.0,36.0,,,,,36.0,40.93,40.93,40.32,40.32,40.93,39.62,52.6,35.58,36.52,36.0,36.0,36.0,36.0,36.0,35.7,,,,,,
2019-02-19 04:00:00+01:00,,36.08,,36.08,38.35,40.46,,36.3,,36.08,36.08,36.97,36.97,52.6,36.97,36.08,49.21,,71.63,36.08,36.3,,50.11,,,,49.67,49.67,,49.67,49.67,49.67,49.67,49.67,36.97,36.97,,,,,36.08,40.61,40.61,40.43,40.43,40.61,39.77,52.6,36.21,38.85,36.97,36.97,36.97,36.97,36.08,36.3,,,,,,
2019-02-19 05:00:00+01:00,,38.1,,38.1,38.38,46.23,,37.78,,38.1,38.1,41.69,41.69,56.41,41.69,38.1,48.26,,71.67,38.1,40.31,,49.15,,,,52.86,52.86,,52.86,52.86,52.86,52.86,52.86,41.69,41.69,,,,,38.1,41.69,41.69,41.69,41.69,41.69,41.73,56.41,40.2,41.44,41.69,41.69,41.69,41.69,38.1,37.78,,,,,,
2019-02-19 06:00:00+01:00,,50.92,,45.36,51.06,51.23,,48.9,,44.95,44.95,43.87,43.87,58.53,44.13,45.68,52.17,,81.54,50.92,50.0,,50.64,,,,57.2,57.2,,57.2,53.0,57.2,53.0,57.2,43.87,43.87,,,,,45.36,43.87,43.87,43.87,43.87,43.87,46.53,58.53,49.87,55.04,43.87,43.87,43.87,43.87,50.92,48.9,,,,,,
2019-02-19 07:00:00+01:00,,50.94,,51.51,61.11,54.96,,56.0,,48.68,47.52,47.52,51.61,60.49,46.84,55.79,61.99,,78.25,50.94,56.0,,58.74,,,,61.15,61.15,,61.15,52.15,61.15,76.0,61.15,51.61,51.61,,,,,48.72,45.68,45.68,45.68,45.68,45.68,52.73,60.49,55.84,62.13,45.68,45.68,45.68,47.52,50.94,56.0,,,,,,
2019-02-19 08:00:00+01:00,,50.97,,54.68,48.57,55.19,,56.0,,46.76,45.64,45.64,53.03,61.13,46.28,60.05,61.84,,77.58,50.97,59.39,,64.42,,,,66.47,66.47,,66.47,52.15,66.47,52.15,66.47,53.03,53.03,,,,,47.17,45.64,45.64,45.64,45.64,45.64,53.93,61.13,59.23,64.56,45.64,45.64,45.64,45.64,50.97,56.0,,,,,,
2019-02-19 09:00:00+01:00,,51.91,,57.66,42.92,54.69,,56.56,,44.22,44.22,44.22,53.0,61.98,46.58,54.03,73.48,,72.79,51.91,56.56,,74.8,,,,62.38,62.38,,62.38,51.7,62.38,51.7,62.38,53.0,53.0,,,,,61.66,44.22,44.22,44.22,44.22,44.22,54.86,61.98,56.4,59.93,44.22,44.22,44.22,44.22,51.91,56.56,,,,,,
2019-02-19 10:00:00+01:00,,49.95,,55.82,38.38,53.44,,53.0,,41.37,41.37,43.55,51.67,61.35,46.82,53.11,72.69,,70.58,49.95,53.0,,70.0,,,,56.32,56.32,,56.32,46.77,56.32,46.77,56.32,51.67,51.67,,,,,57.4,43.55,43.55,43.55,43.55,43.55,54.81,61.35,52.84,53.57,43.55,43.55,43.55,43.55,49.95,53.0,,,,,,
2019-02-19 11:00:00+01:00,,46.67,,53.65,38.37,52.05,,50.0,,36.45,36.45,43.17,43.17,60.49,43.17,53.27,62.29,,69.68,46.67,51.42,,59.0,,,,54.0,54.0,,54.0,44.03,54.0,44.03,54.0,43.17,43.17,,,,,42.05,43.17,43.17,43.17,43.17,43.17,54.91,60.49,51.26,53.92,43.17,43.17,43.17,43.17,46.67,50.0,,,,,,
2019-02-19 12:00:00+01:00,,46.92,,42.36,38.38,51.09,,49.41,,36.31,36.31,42.97,42.97,60.16,42.97,50.0,57.07,,69.7,46.92,49.41,,54.05,,,,50.0,50.0,,50.0,44.03,50.0,44.03,50.0,42.97,42.97,,,,,38.6,42.97,42.97,42.97,42.97,42.97,54.85,60.16,49.25,52.67,42.97,42.97,42.97,42.97,46.92,49.41,,,,,,
2019-02-19 13:00:00+01:00,,49.91,,40.39,38.38,50.53,,48.33,,36.41,36.41,42.92,42.92,59.5,42.92,46.59,52.84,,70.6,49.91,48.33,,50.03,,,,49.91,49.91,,49.91,44.03,49.91,44.03,49.91,42.92,42.92,,,,,38.6,42.92,42.92,42.92,42.92,42.92,54.97,59.5,48.18,50.02,42.92,42.92,42.92,42.92,49.91,48.33,,,,,,
2019-02-19 14:00:00+01:00,,49.96,,39.85,38.39,49.43,,48.33,,38.09,38.09,43.01,45.67,58.53,45.46,44.41,50.55,,81.16,49.96,48.33,,47.86,,,,53.82,53.82,,53.82,44.03,53.82,44.03,53.82,45.67,45.67,,,,,38.6,43.01,43.01,43.01,43.01,43.01,53.57,58.53,48.17,49.21,43.01,43.01,43.01,43.01,49.96,48.33,,,,,,
2019-02-19 15:00:00+01:00,,49.99,,41.67,41.97,49.97,,49.08,,38.87,38.87,43.03,45.63,58.2,45.63,41.1,50.7,,78.32,49.99,49.08,,48.0,,,,57.0,57.0,,57.0,46.17,57.0,46.17,57.0,45.63,45.63,,,,,42.4,43.03,43.03,43.03,43.03,43.03,52.08,58.2,48.92,48.4,43.03,43.03,43.03,43.03,49.99,49.08,,,,,,
2019-02-19 16:00:00+01:00,,49.94,,43.9,55.91,50.2,,49.52,,42.9,42.9,43.38,47.85,58.13,47.85,43.8,55.62,,81.56,49.94,49.52,,49.0,,,,63.0,63.0,,63.0,52.14,63.0,52.14,63.0,47.85,47.85,,,,,43.9,43.38,43.38,43.38,43.38,43.38,49.67,58.13,49.35,47.2,43.38,43.38,43.38,43.38,49.94,49.52,,,,,,
2019-02-19 17:00:00+01:00,,50.92,,50.92,51.94,52.03,,49.62,,50.92,44.9,44.9,51.36,58.54,51.36,50.92,59.06,,81.56,50.92,51.43,,53.61,,,,72.04,72.04,,72.04,52.15,72.04,86.0,72.04,51.36,51.36,,,,,50.92,44.9,44.9,44.9,44.9,44.9,53.56,58.54,51.26,56.51,44.9,44.9,44.9,44.9,50.92,49.62,,,,,,
2019-02-19 18:00:00+01:00,,54.09,,54.09,46.96,54.38,,53.01,,54.09,45.06,45.06,51.04,60.03,51.04,54.09,71.72,,81.58,54.09,55.95,,57.06,,,,77.74,77.74,,77.74,52.15,77.74,90.0,77.74,51.04,51.04,,,,,54.09,45.06,45.06,45.06,45.06,45.06,53.56,60.03,55.76,62.78,45.06,45.06,45.06,45.06,54.09,53.01,,,,,,
2019-02-19 19:00:00+01:00,,52.99,,57.1,42.9,55.03,,52.88,,52.42,44.12,44.12,44.12,61.21,44.12,54.6,72.42,,81.6,52.99,54.79,,68.52,,,,75.75,75.75,,75.75,52.15,75.75,110.0,75.75,44.12,44.12,,,,,52.42,44.12,44.12,44.12,44.12,44.12,53.44,61.21,54.59,59.95,44.12,44.12,44.12,44.12,52.99,52.88,,,,,,
2019-02-19 20:00:00+01:00,,46.79,,52.54,43.93,53.14,,48.54,,44.9,43.67,43.67,43.67,62.25,43.67,52.54,71.7,,81.56,46.79,48.54,,54.05,,,,65.0,65.0,,65.0,52.15,65.0,90.57,65.0,43.67,43.67,,,,,44.9,43.67,43.67,43.67,43.67,43.67,48.0,62.25,48.16,54.14,43.67,43.67,43.67,43.67,46.79,48.54,,,,,,
2019-02-19 21:00:00+01:00,,43.86,,45.77,40.93,50.62,,43.15,,41.63,41.63,41.63,41.63,61.52,41.63,51.23,56.03,,81.54,43.86,43.15,,53.0,,,,61.4,61.4,,61.4,52.15,61.4,70.0,61.4,41.63,41.63,,,,,41.63,42.91,42.91,42.03,42.03,42.91,41.6,61.52,41.95,46.97,41.63,41.63,41.63,41.63,43.86,43.15,,,,,,
2019-02-19 22:00:00+01:00,,48.91,,42.72,34.51,50.69,,42.39,,39.74,39.74,39.74,39.74,60.38,39.74,47.31,51.74,,70.66,48.91,43.0,,48.95,,,,55.15,55.15,,55.15,47.77,55.15,47.77,55.15,39.74,39.74,,,,,41.98,42.96,42.96,41.0,41.0,42.96,44.41,60.38,35.53,46.93,39.74,39.74,39.74,39.74,48.91,42.39,,,,,,
2019-02-19 23:00:00+01:00,,38.14,,39.97,31.58,49.7,,37.56,,35.69,35.69,35.69,35.69,60.18,35.69,46.78,48.27,,70.73,38.14,40.2,,45.65,,,,52.26,52.26,,52.26,44.03,52.26,44.03,52.26,35.69,35.69,,,,,35.69,42.5,42.5,40.31,40.31,42.5,38.18,60.18,35.53,44.99,35.69,35.69,35.69,35.69,38.14,37.56,,,,,,
2019-02-20 00:00:00+01:00,,39.86,,36.68,33.96,43.09,,33.56,,35.26,35.2,35.2,35.2,59.44,35.2,39.44,51.07,,70.71,39.86,36.74,,44.0,,,,54.33,54.33,,54.33,54.33,54.33,54.33,54.33,35.2,35.2,,,,,36.0,42.51,42.51,40.69,40.69,42.51,37.57,59.44,34.38,36.95,35.2,35.2,35.2,35.2,39.86,33.56,,,,,,
2019-02-20 01:00:00+01:00,,35.51,,35.93,30.0,41.08,,33.51,,34.88,34.05,34.05,34.05,58.2,34.05,37.61,53.14,,70.67,35.51,35.63,,18.6,,,,49.46,53.99,,49.46,53.99,53.99,53.99,53.99,34.05,34.05,,,,,35.4,42.16,42.16,40.39,40.39,42.16,36.17,58.2,32.89,35.05,34.05,34.05,34.05,34.05,35.51,33.51,,,,,,
2019-02-20 02:00:00+01:00,,34.23,,36.1,26.98,39.95,,33.26,,32.95,32.95,32.95,32.95,56.09,32.95,38.75,51.68,,70.05,34.23,34.44,,0.0,,,,48.89,49.0,,48.89,49.0,49.0,49.0,49.0,32.95,32.95,,,,,32.95,42.08,42.08,40.21,40.21,42.08,35.73,56.09,33.33,34.9,32.95,32.95,32.95,32.95,34.23,33.26,,,,,,
2019-02-20 03:00:00+01:00,,35.09,,35.33,33.06,39.03,,33.01,,35.06,35.06,35.06,35.06,54.0,35.06,35.2,43.48,,70.08,35.09,34.44,,0.0,,,,49.0,49.0,,49.0,49.0,49.0,49.0,49.0,35.06,35.06,,,,,35.5,42.12,42.12,40.37,40.37,42.12,35.61,54.0,34.32,34.38,35.06,35.06,35.06,35.06,35.09,33.01,,,,,,
2019-02-20 04:00:00+01:00,,36.06,,36.06,35.1,38.76,,33.1,,36.06,36.06,36.06,36.06,53.1,36.06,36.06,37.42,,70.0,36.06,35.66,,0.0,,,,51.91,51.91,,51.91,51.91,51.91,51.91,51.91,36.06,36.06,,,,,36.06,41.43,41.43,40.49,40.49,41.43,36.27,53.1,35.54,35.95,36.06,36.06,36.06,36.06,36.06,33.1,,,,,,
2019-02-20 05:00:00+01:00,,38.06,,38.06,38.37,40.99,,37.05,,38.06,38.06,41.43,41.43,54.6,41.43,38.06,39.5,,69.68,54.33,42.09,,0.0,,,,54.33,54.33,,54.33,54.33,54.33,54.33,54.33,41.43,41.43,,,,,38.06,41.68,41.68,41.43,41.43,41.68,41.4,54.6,41.94,39.8,41.43,41.43,41.43,41.43,54.33,37.05,,,,,,
2019-02-20 06:00:00+01:00,,49.15,,49.11,48.53,48.31,,46.05,,49.12,43.42,43.42,43.42,56.66,43.42,49.24,50.75,,69.71,63.1,55.04,,0.0,,,,63.1,63.1,,63.1,63.1,63.1,63.1,63.1,43.42,43.42,,,,,49.05,43.42,43.42,43.42,43.42,43.42,44.74,56.66,54.85,51.89,43.42,43.42,43.42,43.42,63.1,46.05,,,,,,
2019-02-20 07:00:00+01:00,,54.68,,54.77,51.16,54.4,,52.0,,54.66,48.63,54.66,45.0,59.47,45.0,54.75,56.61,,70.53,63.0,60.22,,33.6,,,,63.0,63.0,,63.0,63.0,63.0,93.75,63.0,45.0,45.0,,,,,54.54,45.0,45.0,44.6,44.6,45.0,51.83,59.47,60.01,58.06,44.6,44.6,45.0,45.0,63.0,52.0,,,,,,
2019-02-20 08:00:00+01:00,,54.71,,54.93,48.56,55.07,,52.0,,54.58,52.22,54.58,45.85,60.05,45.85,55.09,56.78,,70.57,63.12,61.24,,46.57,,,,63.12,63.12,,63.12,63.12,63.12,63.12,63.12,45.85,45.85,,,,,54.58,45.85,45.85,44.75,44.75,45.85,51.64,60.05,61.02,57.56,44.75,44.75,45.85,45.85,63.12,52.0,,,,,,
2019-02-20 09:00:00+01:00,,53.16,,53.37,38.92,53.03,,50.14,,53.08,53.08,53.08,45.62,60.49,45.62,53.37,55.18,,70.7,61.65,55.58,,52.23,,,,61.65,61.65,,61.65,61.65,61.65,61.65,61.65,45.62,45.62,,,,,53.08,45.62,45.62,44.93,44.93,45.62,52.09,60.49,55.38,54.46,44.93,44.93,45.62,45.62,61.65,50.14,,,,,,
2019-02-20 10:00:00+01:00,,52.09,,52.09,38.37,52.11,,48.23,,52.09,52.09,52.09,45.43,59.51,45.43,52.09,56.88,,70.6,52.09,51.05,,53.84,,,,57.97,57.97,,57.97,57.97,57.97,57.97,57.97,45.43,45.43,,,,,52.09,45.43,45.43,45.07,45.07,45.43,51.02,59.51,50.87,50.73,45.07,45.07,45.43,45.43,52.09,48.23,,,,,,
2019-02-20 11:00:00+01:00,,50.94,,50.85,38.36,50.75,,44.9,,49.73,49.73,49.73,44.3,58.32,44.3,50.85,52.58,,70.6,54.46,50.35,,53.47,,,,54.46,54.46,,54.46,54.46,54.46,54.46,54.46,44.3,44.3,,,,,49.01,44.3,44.3,44.3,44.3,44.3,50.59,58.32,50.17,50.55,44.3,44.3,44.3,44.3,54.46,44.9,,,,,,
2019-02-20 12:00:00+01:00,,49.91,,50.92,38.36,48.99,,43.28,,43.74,43.74,43.74,43.74,57.85,43.74,50.92,52.65,,70.59,50.92,48.92,,53.54,,,,50.92,50.92,,50.92,50.92,50.92,50.92,50.92,43.74,43.74,,,,,43.26,43.74,43.74,43.74,43.74,43.74,48.15,57.85,48.76,48.37,43.74,43.74,43.74,43.74,50.92,43.28,,,,,,
2019-02-20 13:00:00+01:00,,48.97,,45.21,38.36,46.49,,42.91,,45.05,45.05,45.05,43.97,56.47,43.97,45.5,50.06,,67.25,50.0,48.31,,52.14,,,,50.0,50.0,,50.0,50.0,50.0,50.0,50.0,43.97,43.97,,,,,45.05,43.97,43.97,43.97,43.97,43.97,49.31,56.47,48.14,48.35,43.97,43.97,43.97,43.97,50.0,42.91,,,,,,
2019-02-20 14:00:00+01:00,,48.95,,45.8,38.37,47.25,,43.0,,45.58,45.58,45.58,44.6,54.81,44.6,45.91,51.08,,70.58,48.95,48.31,,51.94,,,,54.46,54.46,,54.46,54.46,54.46,54.46,54.46,44.6,44.6,,,,,45.58,44.6,44.6,44.6,44.6,44.6,47.38,54.81,48.14,45.96,44.6,44.6,44.6,44.6,48.95,43.0,,,,,,
2019-02-20 15:00:00+01:00,,48.9,,46.12,38.37,47.4,,44.3,,46.01,46.01,46.01,44.91,54.01,44.91,46.12,52.56,,76.83,55.66,50.12,,53.43,,,,55.66,55.66,,55.66,55.66,55.66,55.66,55.66,44.91,44.91,,,,,46.01,44.91,44.91,44.91,44.91,44.91,44.93,54.01,49.95,49.11,44.91,44.91,44.91,44.91,55.66,44.3,,,,,,
2019-02-20 16:00:00+01:00,,49.79,,49.79,43.21,48.86,,46.93,,49.79,49.79,49.79,45.54,54.17,45.54,49.79,54.12,,74.92,63.0,55.06,,55.01,,,,63.0,63.0,,63.0,63.0,63.0,81.0,63.0,45.54,45.54,,,,,49.79,45.54,45.54,45.54,45.54,45.54,50.98,54.17,54.87,50.99,45.54,45.54,45.54,45.54,63.0,46.93,,,,,,
2019-02-20 17:00:00+01:00,,51.96,,51.96,51.7,52.1,,50.45,,51.96,51.96,51.96,46.42,56.1,46.42,51.96,55.28,,78.97,67.0,74.95,,56.2,,,,67.0,67.0,,67.0,67.0,67.0,93.75,67.0,46.42,46.42,,,,,51.96,46.42,46.42,46.42,46.42,46.42,54.53,56.1,74.69,62.6,46.42,46.42,46.42,46.42,67.0,50.45,,,,,,
2019-02-20 18:00:00+01:00,,54.25,,54.25,48.57,53.59,,53.98,,54.25,54.25,54.25,46.56,58.09,46.56,54.25,72.55,,79.0,76.42,82.91,,70.3,,,,76.42,76.42,,76.42,70.5,76.42,149.6,76.42,46.56,46.56,,,,,54.25,46.56,46.56,46.56,46.56,46.56,55.3,58.09,82.62,68.5,46.56,46.56,46.56,46.56,76.42,53.98,,,,,,
2019-02-20 19:00:00+01:00,,54.42,,54.67,48.55,54.06,,52.92,,54.34,54.34,54.34,45.63,60.49,45.63,54.67,84.72,,82.09,75.0,79.44,,82.1,,,,75.0,75.0,,75.0,69.0,75.0,152.86,75.0,45.63,45.63,,,,,54.05,45.63,45.63,45.63,45.63,45.63,55.07,60.49,79.16,65.97,45.63,45.63,45.63,45.63,75.0,52.92,,,,,,
2019-02-20 20:00:00+01:00,,50.96,,51.61,48.53,51.09,,47.84,,50.75,47.08,50.75,45.06,61.11,45.06,51.61,72.45,,82.05,65.0,64.0,,67.57,,,,65.0,65.0,,65.0,60.0,65.0,152.86,65.0,45.06,45.06,,,,,49.97,45.06,45.06,45.06,45.06,45.06,53.63,61.11,63.78,55.09,45.06,45.06,45.06,45.06,65.0,47.84,,,,,,
2019-02-20 21:00:00+01:00,,44.9,,47.46,40.16,48.6,,41.33,,44.06,44.06,44.06,44.06,60.52,44.06,47.46,54.13,,81.23,60.01,50.09,,51.94,,,,60.01,60.01,,60.01,59.34,60.01,151.86,60.01,44.06,44.06,,,,,40.59,44.06,44.06,44.06,44.06,44.06,44.84,60.52,49.92,47.93,44.06,44.06,44.06,44.06,60.01,41.33,,,,,,
2019-02-20 22:00:00+01:00,,47.34,,49.9,32.92,46.62,,41.23,,43.27,43.27,43.27,43.27,58.87,43.27,49.71,53.04,,81.19,57.55,50.03,,50.17,,,,57.55,57.55,,57.55,57.55,57.55,93.75,57.55,43.27,43.27,,,,,39.07,43.27,43.27,43.27,43.27,43.27,44.44,58.87,49.86,46.0,43.27,43.27,43.27,43.27,57.55,41.23,,,,,,
2019-02-20 23:00:00+01:00,,40.89,,44.92,36.23,43.17,,37.0,,40.13,40.13,40.13,42.14,57.77,42.14,43.36,47.23,,70.6,40.89,39.31,,44.67,,,,53.85,53.85,,53.85,53.85,53.85,86.0,53.85,42.14,42.14,,,,,35.6,42.14,42.14,42.14,42.14,42.14,42.19,57.77,39.17,42.59,42.14,42.14,42.14,42.14,40.89,37.0,,,,,,
2019-02-21 00:00:00+01:00,,39.36,,42.72,36.68,40.92,,39.55,,37.13,37.13,37.13,41.54,58.35,41.54,47.39,48.64,,75.1,39.36,39.55,,46.24,,,,59.33,59.33,,59.33,59.33,59.33,59.33,59.33,41.54,41.54,,,,,37.13,41.54,41.54,41.54,41.54,41.54,41.69,58.35,35.53,39.93,41.54,41.54,41.54,41.54,39.36,39.55,,,,,,
2019-02-21 01:00:00+01:00,,37.07,,38.62,36.82,39.05,,38.7,,36.0,36.0,36.0,40.79,54.84,40.79,40.98,48.3,,75.13,37.07,38.7,,45.05,,,,55.66,61.0,,55.66,61.0,61.0,61.0,61.0,40.79,40.79,,,,,36.0,40.79,40.79,40.79,40.79,40.79,40.95,58.1,35.53,38.63,40.79,40.79,40.79,40.79,37.07,38.7,,,,,,
2019-02-21 02:00:00+01:00,,36.53,,38.03,30.4,38.54,,37.15,,35.49,35.49,35.49,40.63,50.09,40.63,40.31,51.16,,75.15,36.53,37.15,,37.21,,,,55.11,55.99,,55.11,55.99,55.99,55.99,55.99,40.63,40.63,,,,,35.49,40.72,40.72,40.63,40.63,40.72,40.79,50.67,35.53,37.87,40.63,40.63,40.63,40.63,36.53,37.15,,,,,,
2019-02-21 03:00:00+01:00,,35.36,,35.36,36.84,38.03,,36.06,,35.36,35.36,35.36,40.93,48.94,40.93,35.36,50.55,,74.73,35.36,36.06,,37.21,,,,55.11,55.11,,55.11,55.11,55.11,55.11,55.11,40.93,40.93,,,,,35.36,40.93,40.93,40.93,40.93,40.93,41.09,48.94,35.53,36.95,40.93,40.93,40.93,40.93,35.36,36.06,,,,,,
2019-02-21 04:00:00+01:00,,36.08,,36.08,38.31,38.0,,37.02,,36.08,36.08,36.08,41.24,47.67,41.24,36.08,48.81,,75.13,36.08,37.02,,31.17,,,,55.66,55.66,,55.66,55.66,55.66,55.66,55.66,41.24,41.24,,,,,36.08,41.24,41.24,41.24,41.24,41.24,41.4,47.67,36.95,37.05,41.24,41.24,41.24,41.24,36.08,37.02,,,,,,
2019-02-21 05:00:00+01:00,,37.9,,37.9,41.32,39.64,,39.72,,37.9,37.9,37.9,42.98,48.85,42.98,37.9,48.18,,74.93,37.9,41.49,,16.0,,,,61.65,61.65,,61.65,61.65,61.65,61.65,61.65,42.98,42.98,,,,,37.9,42.98,42.98,42.98,42.98,42.98,43.14,48.85,41.41,41.59,42.98,42.98,42.98,42.98,37.9,39.72,,,,,,
2019-02-21 06:00:00+01:00,,46.26,,51.97,65.11,49.96,,48.0,,45.35,45.35,45.35,46.83,51.45,46.83,48.95,53.43,,76.94,46.26,54.74,,22.6,,,,69.8,69.8,,69.8,69.8,69.8,69.8,69.8,46.83,46.83,,,,,39.9,44.26,44.26,44.26,44.26,44.26,47.0,51.45,54.63,53.55,44.26,44.26,44.26,44.26,46.26,48.0,,,,,,
2019-02-21 07:00:00+01:00,,51.72,,57.7,72.07,55.18,,54.54,,49.78,49.78,49.78,52.9,58.0,52.9,57.7,59.31,,70.53,51.72,62.01,,53.78,,,,70.0,70.0,,70.0,70.0,70.0,89.9,70.0,52.9,52.9,,,,,43.0,45.72,45.72,45.72,45.72,45.72,53.09,58.0,61.89,60.05,45.72,45.72,45.72,45.72,51.72,54.54,,,,,,
2019-02-21 08:00:00+01:00,,51.94,,56.71,66.91,54.09,,54.59,,50.5,50.5,50.5,54.82,59.0,54.82,56.32,58.28,,69.93,51.94,63.74,,54.07,,,,75.0,75.0,,75.0,75.0,75.0,81.0,75.0,54.82,54.82,,,,,50.5,46.14,46.14,46.14,46.14,46.14,55.02,59.0,63.6,62.01,46.14,46.14,46.14,46.14,51.94,54.59,,,,,,
2019-02-21 09:00:00+01:00,,49.01,,60.38,51.14,52.67,,49.29,,46.7,46.7,46.7,55.21,59.14,55.21,54.51,64.39,,70.55,49.01,56.64,,54.07,,,,66.48,66.48,,66.48,66.48,66.48,66.48,66.48,55.21,55.21,,,,,61.8,45.58,45.58,45.58,45.58,45.58,55.4,59.14,56.52,56.74,45.58,45.58,45.58,45.58,49.01,49.29,,,,,,
2019-02-21 10:00:00+01:00,,48.95,,52.64,38.38,51.67,,46.01,,43.2,43.2,43.2,56.24,58.51,56.24,52.64,66.67,,70.6,48.95,50.73,,62.75,,,,58.99,58.99,,58.99,58.99,58.99,58.99,58.99,56.24,56.24,,,,,39.9,44.74,44.74,44.74,44.74,44.74,56.44,58.51,50.62,51.22,44.74,44.74,44.74,44.74,48.95,46.01,,,,,,
2019-02-21 11:00:00+01:00,,48.97,,51.22,38.35,51.06,,48.96,,40.2,40.2,40.2,46.97,56.11,46.97,51.22,55.16,,69.49,48.97,49.58,,52.8,,,,55.2,55.2,,55.2,55.2,55.2,55.2,55.2,46.97,46.97,,,,,38.2,44.14,44.14,44.14,44.14,44.14,54.65,56.11,49.47,51.01,44.14,44.14,44.14,44.14,48.97,48.96,,,,,,
2019-02-21 12:00:00+01:00,,48.93,,45.08,38.38,49.44,,48.31,,36.44,43.88,43.88,45.06,53.99,45.06,49.46,52.85,,69.49,48.93,48.31,,50.38,,,,51.3,51.3,,51.3,51.3,51.3,51.3,51.3,45.06,45.06,,,,,36.7,43.88,43.88,43.88,43.88,43.88,55.01,53.99,48.2,48.93,43.88,43.88,43.88,43.88,48.93,48.31,,,,,,
2019-02-21 13:00:00+01:00,,48.96,,42.6,38.38,48.59,,47.85,,37.15,43.83,43.83,45.03,51.15,45.03,45.51,52.84,,69.49,48.96,47.85,,50.38,,,,51.52,51.52,,51.52,51.52,51.52,51.52,51.52,45.03,45.03,,,,,37.45,43.83,43.83,43.83,43.83,43.83,54.63,51.15,47.74,47.92,43.83,43.83,43.83,43.83,48.96,47.85,,,,,,
2019-02-21 14:00:00+01:00,,48.91,,39.52,38.39,49.03,,47.5,,39.13,39.89,39.89,52.09,50.0,52.09,39.52,52.44,,70.59,48.91,47.5,,50.0,,,,54.75,54.75,,54.75,54.75,54.75,54.75,54.75,52.09,52.09,,,,,39.23,43.96,43.96,43.96,43.96,43.96,53.63,50.0,47.39,46.95,43.96,43.96,43.96,43.96,48.91,47.5,,,,,,
2019-02-21 15:00:00+01:00,,47.24,,43.02,45.94,49.09,,48.27,,42.89,42.89,42.89,51.81,49.83,51.81,43.02,50.52,,76.97,47.24,48.27,,48.19,,,,56.17,56.17,,56.17,56.17,56.17,56.17,56.17,51.81,51.81,,,,,42.94,44.2,44.2,44.2,44.2,44.2,51.99,49.83,48.16,48.33,44.2,44.2,44.2,44.2,47.24,48.27,,,,,,
2019-02-21 16:00:00+01:00,,46.3,,46.3,58.14,48.99,,47.25,,46.3,46.3,46.3,53.16,50.42,53.16,46.3,53.95,,79.08,46.3,48.62,,51.47,,,,62.51,62.51,,62.51,62.51,62.51,62.51,62.51,53.16,53.16,,,,,46.3,45.19,45.19,45.19,45.19,45.19,53.34,50.42,48.5,53.87,45.19,45.19,45.19,45.19,46.3,47.25,,,,,,
2019-02-21 17:00:00+01:00,,50.61,,50.61,64.1,51.01,,51.25,,50.61,50.61,50.61,56.1,52.77,56.1,50.61,57.39,,85.09,50.61,63.61,,54.07,,,,66.55,66.55,,66.55,66.55,66.55,91.63,66.55,56.1,56.1,,,,,50.61,46.35,46.35,45.45,45.45,46.35,56.29,52.77,63.45,64.49,45.45,45.45,46.35,49.4,50.61,51.25,,,,,,
2019-02-21 18:00:00+01:00,,53.1,,53.1,59.42,52.58,,53.8,,53.1,53.1,53.1,55.4,57.15,55.4,53.1,74.59,,85.04,76.21,74.79,,71.18,,,,76.21,76.21,,76.21,65.14,76.21,134.63,76.21,55.4,55.4,,,,,53.1,46.45,46.45,44.95,44.95,46.45,55.58,57.15,74.61,72.87,44.95,44.95,53.1,53.1,76.21,53.8,,,,,,
2019-02-21 19:00:00+01:00,,53.51,,55.28,51.16,52.17,,53.72,,52.98,51.94,51.94,51.71,60.49,51.71,55.12,91.74,,85.02,53.51,71.4,,87.58,,,,74.39,74.39,,74.39,64.16,74.39,150.5,74.39,51.71,51.71,,,,,52.98,46.33,46.33,44.75,44.75,46.33,54.66,60.49,71.22,70.05,44.75,44.75,46.33,51.71,53.51,53.72,,,,,,
2019-02-21 20:00:00+01:00,,51.39,,51.39,51.56,51.75,,50.06,,51.39,49.21,49.21,45.63,61.21,45.63,51.39,74.46,,84.81,51.39,62.29,,67.8,,,,63.13,63.13,,63.13,59.75,63.13,148.63,63.13,45.63,45.63,,,,,51.39,45.63,45.63,44.45,44.45,45.63,52.85,61.21,62.13,60.75,44.45,44.45,45.63,45.63,51.39,50.06,,,,,,
2019-02-21 21:00:00+01:00,,46.13,,46.13,48.99,45.96,,44.03,,46.13,46.13,46.13,45.02,60.52,45.02,46.13,54.47,,84.09,46.13,56.51,,52.02,,,,62.1,62.1,,62.1,59.75,62.1,148.63,62.1,45.02,45.02,,,,,46.13,45.02,45.02,44.2,44.2,45.02,45.17,60.52,56.36,52.96,44.2,44.2,45.02,45.02,46.13,44.03,,,,,,
2019-02-21 22:00:00+01:00,,45.08,,45.08,38.31,46.8,,42.5,,45.08,44.0,44.0,44.0,58.83,44.0,45.08,49.3,,83.72,45.08,52.02,,47.09,,,,57.99,57.99,,57.99,57.99,57.99,91.63,57.99,44.0,44.0,,,,,45.08,44.0,44.0,44.0,44.0,44.0,44.14,58.83,51.88,51.92,44.0,44.0,44.0,44.0,45.08,42.5,,,,,,
2019-02-21 23:00:00+01:00,,43.01,,45.3,38.38,40.53,,39.25,,42.69,42.69,42.69,42.69,57.01,42.69,44.01,46.4,,69.48,43.01,41.89,,44.33,,,,54.37,54.37,,54.37,54.37,54.37,79.99,54.37,42.69,42.69,,,,,42.69,42.69,42.69,42.69,42.69,42.69,42.83,57.01,41.78,42.97,42.69,42.69,42.69,42.69,43.01,39.25,,,,,,
2019-02-22 00:00:00+01:00,,41.8,,41.62,40.2,43.47,,40.31,,41.48,41.48,42.25,42.25,55.06,42.25,41.78,50.42,,70.04,54.51,43.19,,36.34,,,,54.51,61.65,,54.51,61.65,61.65,61.65,61.65,42.25,42.25,,,,,41.58,42.25,42.25,42.25,42.25,42.25,42.28,55.06,43.16,41.43,42.25,42.25,42.25,42.25,54.51,40.31,,,,,,
2019-02-22 01:00:00+01:00,,40.32,,40.32,31.91,40.47,,39.64,,40.32,41.2,41.2,41.2,49.1,41.2,40.32,52.95,,70.1,45.0,39.64,,0.0,,,,50.88,61.65,,50.88,61.65,61.65,61.65,61.65,41.2,41.2,,,,,40.32,41.2,41.2,41.2,41.2,41.2,41.23,49.1,39.61,39.99,41.2,41.2,41.2,41.2,45.0,39.64,,,,,,
2019-02-22 02:00:00+01:00,,39.84,,39.84,30.94,38.7,,38.94,,39.84,40.82,40.82,40.82,46.63,40.82,39.84,55.36,,69.05,45.0,38.94,,0.0,,,,50.89,55.99,,50.89,55.99,55.99,55.99,55.99,40.59,40.82,,,,,39.84,40.82,40.82,40.82,40.82,40.82,40.62,46.63,38.91,38.91,40.82,40.82,40.82,40.82,45.0,38.94,,,,,,
2019-02-22 03:00:00+01:00,,39.59,,39.59,26.15,38.6,,38.7,,39.59,40.56,40.56,40.56,46.02,40.56,39.59,49.21,,69.05,45.01,38.7,,0.0,,,,50.39,50.75,,50.39,50.75,50.75,50.75,50.75,40.42,40.56,,,,,39.59,40.56,40.56,40.56,40.56,40.56,40.45,46.02,38.67,38.53,40.56,40.56,40.56,40.56,45.01,38.7,,,,,,
2019-02-22 04:00:00+01:00,,39.35,,39.35,27.94,38.45,,39.51,,39.35,39.35,39.35,41.28,45.52,41.28,39.35,46.31,,69.05,50.03,39.51,,0.0,,,,50.03,51.48,,50.03,51.48,51.48,51.48,51.48,40.61,41.28,,,,,39.35,41.28,41.28,41.28,41.28,41.28,40.64,45.52,39.48,39.01,41.28,41.28,41.28,41.28,50.03,39.51,,,,,,
2019-02-22 05:00:00+01:00,,42.0,,42.0,43.56,41.14,,41.0,,42.0,42.0,43.03,45.05,46.87,45.05,42.0,43.46,,70.6,54.88,45.05,,0.0,,,,54.88,60.0,,54.88,60.0,60.0,60.0,60.0,43.69,45.05,,,,,42.0,43.03,43.03,43.03,43.03,43.03,43.05,46.87,45.01,42.81,43.03,43.03,43.03,43.03,54.88,41.0,,,,,,
2019-02-22 06:00:00+01:00,,50.42,,50.52,55.12,50.68,,49.49,,50.4,49.19,49.19,51.28,50.89,51.28,50.46,51.54,,69.93,50.42,54.64,,0.0,,,,63.0,63.0,,63.0,63.0,63.0,63.0,63.0,51.28,51.28,,,,,50.31,45.43,45.43,43.95,43.95,45.43,51.32,50.89,54.6,52.03,43.95,43.95,45.43,49.19,50.42,49.49,,,,,,
2019-02-22 07:00:00+01:00,,55.03,,55.16,68.14,54.95,,55.2,,55.03,55.03,55.03,57.98,57.01,57.98,55.1,56.28,,69.55,55.03,63.06,,46.02,,,,65.0,65.0,,65.0,65.0,65.0,85.0,65.0,57.98,57.98,,,,,54.93,45.89,45.89,43.68,43.68,45.89,55.07,57.01,66.05,57.84,43.68,43.68,55.03,55.03,55.03,55.2,,,,,,
2019-02-22 08:00:00+01:00,,57.95,,58.09,76.62,56.4,,56.6,,57.95,57.95,57.95,57.95,58.02,57.95,58.02,59.28,,69.52,59.0,65.07,,56.85,,,,70.0,70.0,,70.0,60.16,70.0,81.0,70.0,57.95,57.95,,,,,57.85,45.97,45.97,43.64,43.64,45.97,57.99,58.02,71.2,59.6,43.64,43.64,57.95,57.95,59.0,56.6,,,,,,
2019-02-22 09:00:00+01:00,,55.62,,55.62,72.65,54.69,,54.9,,55.62,55.62,55.62,55.62,58.02,55.62,55.62,66.52,,69.75,65.0,65.3,,63.79,,,,65.0,65.0,,65.0,60.16,65.0,60.16,65.0,55.62,55.62,,,,,55.62,45.99,45.99,43.55,43.55,45.99,55.66,58.02,70.32,58.09,43.55,43.55,55.62,55.62,65.0,54.9,,,,,,
2019-02-22 10:00:00+01:00,,54.14,,54.14,72.89,53.27,,53.3,,54.14,54.14,54.14,56.26,56.88,56.26,54.14,71.79,,70.56,60.52,62.35,,68.83,,,,60.52,60.52,,60.52,60.13,60.52,60.13,60.52,56.26,56.26,,,,,54.14,45.78,45.78,43.4,43.4,45.78,56.3,56.88,67.0,57.36,43.4,43.4,54.14,54.14,60.52,53.3,,,,,,
2019-02-22 11:00:00+01:00,,53.06,,53.06,65.59,52.59,,51.04,,53.06,53.06,53.06,50.94,54.99,47.91,53.06,54.38,,69.5,56.75,63.0,,52.14,,,,56.75,56.75,,56.75,56.75,56.75,56.75,56.75,50.94,50.94,,,,,53.06,45.25,45.25,43.19,43.19,45.25,62.09,54.99,62.95,55.38,43.19,43.19,45.5,53.06,56.75,51.04,,,,,,
2019-02-22 12:00:00+01:00,,51.45,,51.45,66.54,50.08,,48.37,,51.45,51.45,51.45,51.45,53.91,44.09,51.45,52.74,,69.5,53.84,58.97,,50.56,,,,53.84,53.84,,53.84,53.84,53.84,53.84,53.84,51.45,51.45,,,,,51.45,43.67,43.67,43.01,43.01,43.67,62.94,53.91,58.93,53.26,43.01,43.01,43.67,51.45,53.84,48.37,,,,,,
2019-02-22 13:00:00+01:00,,48.99,,48.99,62.74,48.66,,46.65,,48.99,48.99,48.99,45.26,52.05,45.26,48.99,50.22,,70.13,51.42,54.81,,49.31,,,,51.42,51.42,,51.42,51.42,51.42,51.42,51.42,45.26,45.26,,,,,48.99,43.19,43.19,43.0,43.0,43.19,63.47,52.05,54.76,50.36,43.0,43.0,43.19,48.99,51.42,46.65,,,,,,
2019-02-22 14:00:00+01:00,,45.88,,45.88,65.89,47.68,,45.62,,45.88,45.88,45.88,49.6,49.99,47.96,45.88,47.03,,70.57,53.77,50.24,,47.0,,,,53.77,53.77,,53.77,53.77,53.77,53.77,53.77,49.6,49.6,,,,,45.88,43.95,43.95,42.91,42.91,43.95,59.85,49.99,50.19,48.98,42.91,42.91,43.95,45.88,53.77,45.62,,,,,,
2019-02-22 15:00:00+01:00,,44.75,,46.06,58.89,47.1,,46.49,,44.75,44.75,44.75,45.21,49.1,45.21,43.66,47.03,,70.59,44.75,47.41,,45.08,,,,55.0,55.0,,55.0,55.0,55.0,55.0,55.0,45.21,45.21,,,,,45.38,44.2,44.2,42.89,42.89,44.2,55.9,49.1,47.36,47.97,42.89,42.89,44.2,44.75,44.75,46.49,,,,,,
2019-02-22 16:00:00+01:00,,46.46,,52.06,51.06,48.79,,48.0,,46.46,46.46,46.46,47.69,49.59,47.69,41.85,50.48,,70.57,46.46,48.1,,49.07,,,,57.14,57.14,,57.14,57.14,57.14,57.14,57.14,47.69,47.69,,,,,49.23,45.22,45.22,42.98,42.98,45.22,55.75,49.59,48.06,47.0,42.98,42.98,45.22,46.46,46.46,48.0,,,,,,
2019-02-22 17:00:00+01:00,,50.42,,54.28,48.12,51.74,,51.51,,50.42,50.42,50.42,51.6,52.59,51.6,47.24,55.43,,79.07,50.42,51.51,,50.56,,,,61.01,61.01,,61.01,60.16,61.01,81.0,61.01,51.6,51.6,,,,,52.33,45.56,45.56,42.96,42.96,45.56,63.69,52.59,51.46,51.2,42.96,42.96,45.56,50.42,50.42,51.51,,,,,,
2019-02-22 18:00:00+01:00,,51.99,,54.58,43.7,53.05,,53.71,,52.4,52.4,52.4,52.4,56.11,52.4,50.61,72.63,,79.0,51.99,53.71,,69.6,,,,65.0,65.0,,65.0,60.16,65.0,109.63,65.0,52.4,52.4,,,,,53.48,45.56,45.56,42.91,42.91,45.56,63.75,56.11,53.66,53.49,42.91,42.91,45.56,52.4,51.99,53.71,,,,,,
2019-02-22 19:00:00+01:00,,50.61,,51.68,42.74,52.61,,51.95,,50.47,47.04,47.04,45.25,59.02,45.01,50.98,76.88,,78.89,50.61,51.95,,73.67,,,,63.0,63.0,,63.0,60.16,63.0,133.66,63.0,45.25,45.25,,,,,49.58,45.01,45.01,42.72,42.72,45.01,63.65,59.02,51.9,54.0,42.72,42.72,45.01,45.25,50.61,51.95,,,,,,
2019-02-22 20:00:00+01:00,,46.34,,48.72,33.8,50.82,,48.0,,46.06,43.0,43.0,43.0,59.93,43.0,47.11,71.63,,81.32,46.34,48.0,,67.09,,,,59.24,59.24,,59.24,59.24,59.24,133.66,59.24,43.0,43.0,,,,,44.3,43.0,43.0,42.6,42.6,43.0,59.75,59.93,47.95,48.74,42.6,42.6,43.0,43.0,46.34,48.0,,,,,,
2019-02-22 21:00:00+01:00,,43.02,,43.02,22.54,43.38,,42.48,,43.02,42.09,42.09,42.04,59.01,42.04,43.02,52.11,,78.08,43.02,42.48,,49.93,,,,56.22,56.22,,56.22,56.22,56.22,93.8,56.22,42.04,42.04,,,,,43.02,42.09,42.09,42.04,42.04,42.09,53.98,59.01,42.44,42.42,42.04,42.04,42.04,42.04,43.02,42.48,,,,,,
2019-02-22 22:00:00+01:00,,44.79,,46.3,24.04,44.4,,43.07,,44.58,42.17,42.17,42.17,57.31,42.17,45.45,49.34,,77.82,44.79,43.07,,42.1,,,,50.68,50.68,,50.68,50.68,50.68,80.35,50.68,42.17,42.17,,,,,43.41,42.17,42.17,42.17,42.17,42.17,49.81,57.31,35.49,42.62,42.17,42.17,42.17,42.17,44.79,43.07,,,,,,
2019-02-22 23:00:00+01:00,,40.41,,46.26,22.52,40.9,,39.75,,39.6,39.6,39.6,39.6,55.01,39.6,42.95,47.27,,69.51,40.41,39.75,,36.34,,,,47.73,47.73,,47.73,47.73,47.73,47.73,47.73,39.6,39.6,,,,,39.6,41.44,41.44,39.6,39.6,41.44,43.93,55.01,28.44,41.92,39.6,39.6,39.6,39.6,40.41,39.75,,,,,,
2019-02-23 00:00:00+01:00,,38.04,,38.04,22.51,42.78,,39.0,,38.04,38.04,38.04,38.04,55.54,38.04,38.04,47.63,,69.43,38.04,39.0,,11.0,,,,50.07,50.07,,50.07,43.61,50.07,43.61,50.07,38.04,38.04,,,,,38.04,41.09,41.09,38.04,38.04,41.09,38.22,55.54,27.46,38.92,38.04,38.04,38.04,38.04,38.04,39.0,,,,,,
2019-02-23 01:00:00+01:00,,36.54,,36.54,22.51,43.14,,38.31,,36.54,36.54,36.54,36.54,50.9,36.54,36.54,59.69,,67.25,36.54,38.31,,4.77,,,,49.16,49.16,,49.16,43.23,49.16,43.23,49.16,36.54,36.54,,,,,36.54,40.79,40.79,36.54,36.54,40.79,37.64,50.9,24.99,37.19,36.54,36.54,36.54,36.54,36.54,38.31,,,,,,
2019-02-23 02:00:00+01:00,,36.06,,36.06,16.09,38.39,,36.73,,36.06,36.06,36.06,36.06,48.58,36.06,36.06,57.86,,69.43,36.06,36.73,,0.0,,,,46.7,46.7,,46.7,41.25,46.7,41.25,41.25,36.06,36.06,,,,,36.06,40.35,40.35,36.06,36.06,40.35,37.54,48.58,20.37,36.9,36.06,36.06,36.06,36.06,36.06,36.73,,,,,,
2019-02-23 03:00:00+01:00,,36.01,,36.01,16.06,37.58,,36.85,,36.01,36.01,36.01,36.01,47.0,36.01,36.01,44.2,,67.25,36.01,36.85,,0.0,,,,47.5,47.5,,47.5,39.02,47.5,39.02,39.02,36.01,36.01,,,,,36.01,40.23,40.23,36.01,36.01,40.23,37.58,47.0,24.99,35.91,36.01,36.01,36.01,36.01,36.01,36.85,,,,,,
2019-02-23 04:00:00+01:00,,35.61,,35.61,22.51,37.55,,36.78,,35.61,35.61,35.61,35.61,46.87,35.61,35.61,44.11,,67.25,35.61,36.78,,0.0,,,,46.1,46.1,,46.1,35.49,46.1,35.49,35.49,35.61,35.61,,,,,35.61,40.3,40.3,35.61,35.61,40.3,37.5,54.9,28.35,35.99,35.61,35.61,35.61,35.61,35.61,36.78,,,,,,
2019-02-23 05:00:00+01:00,,36.03,,36.03,22.54,37.64,,36.95,,36.03,36.03,36.03,36.03,46.87,36.03,36.03,39.04,,69.45,36.03,36.95,,0.0,,,,48.65,48.65,,48.65,36.76,48.65,36.76,36.76,36.03,36.03,,,,,36.03,40.32,40.32,36.03,36.03,40.32,37.58,55.42,36.9,38.1,36.03,36.03,36.03,36.03,36.03,36.95,,,,,,
2019-02-23 06:00:00+01:00,,37.3,,37.3,22.53,39.07,,38.49,,37.3,37.3,37.79,37.79,47.5,37.79,37.3,40.09,,69.32,37.3,38.49,,0.0,,,,55.06,55.06,,55.06,43.88,55.06,43.88,47.65,37.79,37.79,,,,,37.3,40.51,40.51,37.79,37.79,40.51,37.89,55.55,38.43,39.54,37.79,37.79,37.79,37.79,37.3,38.49,,,,,,
2019-02-23 07:00:00+01:00,,41.11,,41.11,22.53,43.95,,42.12,,41.11,41.11,40.62,40.62,50.9,40.62,41.11,48.19,,67.32,41.11,42.12,,0.0,,,,61.65,61.65,,61.65,43.9,61.65,43.9,50.86,40.62,40.62,,,,,41.11,40.62,40.62,40.62,40.62,40.62,45.95,54.54,42.06,42.04,40.62,40.62,40.62,40.62,41.11,42.12,,,,,,
2019-02-23 08:00:00+01:00,,43.57,,43.57,22.54,45.98,,44.08,,43.57,41.57,41.57,41.57,50.43,41.57,43.57,47.63,,69.47,43.57,45.29,,32.19,,,,63.0,63.0,,63.0,43.9,63.0,43.9,50.33,41.57,41.57,,,,,43.57,41.57,41.57,41.57,41.57,41.57,54.23,50.43,45.22,44.66,41.57,41.57,41.57,41.57,43.57,44.08,,,,,,
2019-02-23 09:00:00+01:00,,42.46,,47.3,22.53,45.76,,42.77,,41.72,41.72,41.61,41.61,55.51,41.61,44.85,52.75,,67.39,42.46,45.66,,41.73,,,,61.65,61.65,,61.65,43.6,61.65,43.6,43.6,41.61,41.61,,,,,51.16,41.61,41.61,41.61,41.61,41.61,55.58,55.51,45.59,45.5,41.61,41.61,41.61,41.61,42.46,42.77,,,,,,
2019-02-23 10:00:00+01:00,,40.94,,40.94,22.52,43.65,,39.82,,40.94,40.94,41.04,41.04,56.1,41.04,40.94,57.43,,67.43,54.57,44.79,,46.79,,,,54.57,54.57,,54.57,39.53,54.57,39.53,39.53,41.04,41.04,,,,,40.94,41.04,41.04,41.04,41.04,41.04,57.68,56.1,44.72,43.73,41.04,41.04,41.04,41.04,54.57,39.82,,,,,,
2019-02-23 11:00:00+01:00,,38.02,,38.02,22.51,43.06,,38.76,,38.02,40.34,40.34,40.34,55.55,40.34,38.02,50.54,,67.46,47.96,43.28,,47.8,,,,47.96,47.96,,47.96,20.01,47.96,20.01,20.01,40.34,40.34,,,,,38.02,40.85,40.85,40.34,40.34,40.85,57.78,55.55,41.99,42.85,40.34,40.34,40.34,40.34,47.96,38.76,,,,,,
2019-02-23 12:00:00+01:00,,37.57,,35.79,22.51,39.58,,37.75,,35.66,40.02,40.02,40.02,53.84,40.02,36.1,48.25,,67.47,45.3,40.57,,46.79,,,,45.3,45.3,,45.3,20.01,45.3,20.01,20.01,40.02,40.02,,,,,35.66,40.48,40.48,40.02,40.02,40.48,55.61,55.28,40.51,40.38,40.02,40.02,40.02,40.02,45.3,37.75,,,,,,
2019-02-23 13:00:00+01:00,,37.45,,35.47,22.52,38.21,,37.14,,35.32,39.31,39.31,39.31,52.99,39.31,35.84,47.98,,67.42,37.45,37.19,,46.81,,,,37.45,37.45,,37.45,20.01,37.45,20.01,20.01,39.31,39.31,,,,,35.32,40.0,40.0,39.31,39.31,40.0,55.4,54.54,37.14,38.6,39.31,39.31,39.31,39.31,37.45,37.14,,,,,,
2019-02-23 14:00:00+01:00,,35.62,,35.62,20.32,37.31,,37.25,,35.62,38.8,38.8,38.8,50.03,38.8,35.62,50.39,,67.48,36.26,37.25,,48.0,,,,36.26,36.26,,36.26,30.0,36.26,30.0,30.0,38.8,38.8,,,,,35.62,40.12,40.12,38.8,38.8,40.12,54.71,54.54,37.2,37.57,38.8,38.8,38.8,38.8,36.26,37.25,,,,,,
2019-02-23 15:00:00+01:00,,36.01,,35.5,22.54,39.22,,38.88,,35.49,35.49,39.33,39.33,47.5,39.33,35.5,55.26,,67.5,40.38,39.9,,52.62,,,,40.38,40.38,,40.38,39.52,40.38,39.52,39.52,39.33,39.33,,,,,35.5,40.33,40.33,39.33,39.33,40.33,46.98,55.14,39.84,40.24,39.33,39.33,39.33,39.33,40.38,38.88,,,,,,
2019-02-23 16:00:00+01:00,,42.34,,48.52,28.83,42.79,,42.7,,42.34,42.34,41.44,41.44,46.88,41.44,37.36,49.86,,68.35,45.08,44.05,,49.8,,,,45.08,45.08,,45.08,45.08,45.08,45.08,45.08,41.44,41.44,,,,,45.47,41.44,41.44,41.44,41.44,41.44,47.38,54.97,43.98,44.83,41.44,41.44,41.44,41.44,45.08,42.7,,,,,,
2019-02-23 17:00:00+01:00,,47.49,,47.49,37.94,48.76,,49.25,,47.49,46.94,46.94,43.01,48.0,43.01,47.49,49.01,,68.83,54.88,52.88,,51.37,,,,54.88,54.88,,54.88,52.93,54.88,52.93,54.88,43.01,43.01,,,,,47.49,43.01,43.01,43.01,43.01,43.01,54.96,54.54,52.8,57.08,43.01,43.01,43.01,43.01,54.88,49.25,,,,,,
2019-02-23 18:00:00+01:00,,51.57,,52.81,36.0,51.35,,52.47,,51.57,50.67,50.67,43.17,52.07,43.17,50.58,62.13,,68.48,70.0,59.95,,70.0,,,,70.0,70.0,,70.0,59.43,70.0,59.43,65.0,43.17,43.17,,,,,52.2,43.17,43.17,43.17,43.17,43.17,54.93,55.42,59.87,62.58,43.17,43.17,43.17,43.17,70.0,52.47,,,,,,
2019-02-23 19:00:00+01:00,,50.97,,50.97,26.94,51.09,,51.0,,50.97,42.48,42.48,42.48,56.11,42.48,50.97,82.49,,68.9,50.97,59.97,,106.53,,,,69.0,69.0,,69.0,52.98,69.0,52.98,64.0,42.48,42.48,,,,,50.97,42.48,42.48,42.48,42.48,42.48,53.86,56.56,59.88,62.53,42.48,42.48,42.48,42.48,50.97,51.0,,,,,,
2019-02-23 20:00:00+01:00,,46.99,,46.99,27.96,47.03,,46.19,,46.99,41.81,41.81,41.61,57.24,41.61,46.99,68.28,,68.81,46.99,52.02,,91.26,,,,63.0,63.0,,63.0,52.97,63.0,52.97,60.24,41.61,41.61,,,,,46.99,41.61,41.61,41.61,41.61,41.61,46.52,60.6,51.94,53.76,41.61,41.61,41.61,41.61,46.99,46.19,,,,,,
2019-02-23 21:00:00+01:00,,40.35,,40.35,22.52,42.7,,41.44,,40.35,40.35,40.35,40.35,56.64,40.35,40.35,62.54,,67.42,40.35,43.73,,65.52,,,,58.05,58.05,,58.05,52.24,58.05,52.24,56.0,40.35,40.35,,,,,40.35,40.55,40.55,40.35,40.35,40.55,40.45,58.92,43.66,45.93,40.35,40.35,40.35,40.35,40.35,41.44,,,,,,
2019-02-23 22:00:00+01:00,,41.59,,41.59,22.54,44.78,,42.19,,41.59,41.29,41.29,40.48,55.96,40.48,41.59,53.46,,67.44,41.59,42.19,,56.01,,,,53.93,53.93,,53.93,43.89,53.93,43.89,47.95,40.48,40.48,,,,,41.59,41.29,41.29,40.48,40.48,41.29,40.59,56.56,42.13,43.02,40.48,40.48,40.48,40.48,41.59,42.19,,,,,,
2019-02-23 23:00:00+01:00,,39.0,,39.0,24.53,41.27,,40.11,,39.0,39.0,39.0,39.0,53.55,39.0,39.0,49.44,,70.55,39.0,40.16,,51.79,,,,46.95,46.95,,46.95,30.83,46.95,30.83,30.83,39.0,39.0,,,,,39.0,40.95,40.95,39.0,39.0,40.95,39.11,55.86,40.1,40.21,39.0,39.0,39.0,39.0,39.0,40.11,,,,,,
2019-02-24 00:00:00+01:00,,37.82,,37.82,23.51,38.1,,37.12,,37.82,37.82,37.82,37.82,56.03,37.82,37.82,49.36,,51.95,37.82,37.93,,53.24,,,,46.92,46.92,,46.92,36.11,46.92,36.11,46.92,37.82,37.82,,,,,37.82,41.43,41.43,37.82,37.82,41.43,38.07,56.03,37.92,40.92,37.82,37.82,37.82,37.82,37.82,37.12,,,,,,
2019-02-24 01:00:00+01:00,,37.0,,37.54,22.51,37.03,,35.95,,36.96,36.96,36.96,36.96,51.0,36.96,37.19,54.77,,47.65,37.0,38.45,,53.24,,,,45.01,45.01,,45.01,10.0,45.01,10.0,45.01,36.96,36.96,,,,,37.48,41.31,41.31,36.96,36.96,41.31,37.2,54.47,38.44,40.16,36.96,36.96,36.96,36.96,37.0,35.95,,,,,,
2019-02-24 02:00:00+01:00,,37.01,,37.53,22.51,36.7,,36.01,,36.97,36.97,36.97,36.97,48.0,36.97,37.19,59.68,,45.0,37.01,36.67,,53.24,,,,39.53,39.53,,39.53,5.0,39.53,5.0,39.53,36.69,36.97,,,,,37.48,41.37,41.37,36.97,36.97,41.37,36.93,48.63,36.66,38.54,36.97,36.97,36.97,36.97,37.01,36.01,,,,,,
2019-02-24 03:00:00+01:00,,36.21,,36.21,22.51,35.99,,35.7,,36.21,36.21,36.21,36.21,46.87,36.21,36.21,53.48,,37.45,36.21,35.7,,52.13,,,,36.21,36.21,,36.21,2.0,36.21,2.0,36.21,36.21,36.21,,,,,36.21,41.36,41.36,36.21,36.21,41.36,36.45,48.56,35.69,37.26,36.21,36.21,36.21,36.21,36.21,35.7,,,,,,
2019-02-24 04:00:00+01:00,,36.21,,36.21,22.54,35.48,,35.24,,36.21,36.21,36.21,36.21,45.01,36.21,36.21,47.38,,38.45,36.21,35.24,,48.45,,,,36.21,36.21,,36.21,1.01,36.21,1.01,36.21,36.21,36.21,,,,,36.21,41.22,41.22,36.21,36.21,41.22,36.45,45.24,35.23,37.23,36.21,36.21,36.21,36.21,36.21,35.24,,,,,,
2019-02-24 05:00:00+01:00,,37.04,,37.04,23.77,35.96,,35.58,,37.04,37.04,37.04,37.04,45.0,37.04,37.04,46.03,,40.1,37.04,35.58,,44.86,,,,37.04,37.04,,37.04,3.0,37.04,3.0,37.04,37.04,37.04,,,,,37.04,41.06,41.06,37.04,37.04,41.06,37.29,45.0,35.57,37.56,37.04,37.04,37.04,37.04,37.04,35.58,,,,,,
2019-02-24 06:00:00+01:00,,37.0,,37.33,22.53,36.0,,35.41,,36.98,36.98,36.98,36.98,46.36,36.98,37.12,45.45,,51.95,37.0,35.41,,43.24,,,,45.02,45.02,,45.02,20.01,45.02,20.01,45.02,36.98,36.98,,,,,37.3,41.14,41.14,36.98,36.98,41.14,37.22,46.36,35.4,39.12,36.98,36.98,36.98,36.98,37.0,35.41,,,,,,
2019-02-24 07:00:00+01:00,,37.98,,37.98,22.51,37.6,,37.46,,37.98,37.98,37.98,37.98,46.36,37.98,37.98,45.52,,67.32,37.98,37.91,,43.31,,,,45.98,45.98,,45.98,39.12,45.98,39.12,45.98,37.98,37.98,,,,,37.98,40.9,40.9,37.98,37.98,40.9,38.23,46.36,37.89,43.07,37.98,37.98,37.98,37.98,37.98,37.46,,,,,,
2019-02-24 08:00:00+01:00,,39.11,,39.11,22.51,38.27,,38.37,,39.11,39.11,39.11,39.11,46.36,39.11,39.11,47.21,,65.75,39.11,39.06,,44.91,,,,45.03,45.03,,45.03,39.13,45.03,39.13,45.03,39.11,39.11,,,,,39.11,41.11,41.11,39.11,39.11,41.11,39.37,46.36,39.05,44.02,39.11,39.11,39.11,39.11,39.11,38.37,,,,,,
2019-02-24 09:00:00+01:00,,39.79,,39.79,22.52,38.38,,39.5,,39.79,39.79,39.79,39.79,51.0,39.79,39.79,49.36,,67.34,39.79,40.61,,46.95,,,,46.1,46.1,,46.1,39.14,46.1,39.14,39.14,39.79,39.79,,,,,39.79,41.57,41.57,39.79,39.79,41.57,40.05,51.0,40.6,45.1,39.79,39.79,39.79,39.79,39.79,39.5,,,,,,
2019-02-24 10:00:00+01:00,,37.65,,37.65,22.52,38.73,,38.6,,37.65,38.58,38.58,38.58,54.0,38.58,37.65,55.56,,67.43,40.7,41.72,,52.85,,,,44.2,44.2,,44.2,32.97,44.2,32.97,32.97,38.58,38.58,,,,,37.65,42.09,42.09,38.58,38.58,42.09,38.83,54.0,41.71,45.99,38.58,38.58,38.58,38.58,40.7,38.6,,,,,,
2019-02-24 11:00:00+01:00,,37.06,,37.06,22.5,37.58,,37.98,,37.06,37.97,37.97,37.97,52.01,37.97,37.06,54.31,,67.48,41.16,39.09,,51.65,,,,41.16,41.16,,41.16,17.27,41.16,17.27,17.27,37.97,37.97,,,,,37.06,42.06,42.06,37.97,37.97,42.06,38.22,54.92,39.07,46.0,37.97,37.97,37.97,37.97,41.16,37.98,,,,,,
2019-02-24 12:00:00+01:00,,37.14,,37.14,22.5,37.5,,37.0,,37.14,37.67,37.67,37.67,50.0,37.67,37.14,47.18,,67.44,37.14,37.0,,44.87,,,,37.14,37.14,,37.14,15.0,37.14,15.0,15.0,37.67,37.67,,,,,37.14,41.9,41.9,37.67,37.67,41.9,37.92,55.6,36.99,44.17,37.67,37.67,37.67,37.67,37.14,37.0,,,,,,
2019-02-24 13:00:00+01:00,,35.0,,35.0,22.5,34.99,,35.7,,35.0,36.1,36.1,36.1,50.9,36.1,35.0,47.44,,67.45,35.0,35.7,,46.21,,,,35.0,35.0,,35.0,10.0,35.0,10.0,10.0,36.1,36.1,,,,,35.0,41.79,41.79,36.1,36.1,41.79,36.61,56.56,35.69,41.13,36.1,36.1,36.1,36.1,35.0,35.7,,,,,,
2019-02-24 14:00:00+01:00,,34.54,,34.54,23.52,32.78,,34.73,,34.54,35.39,35.39,35.39,50.0,35.39,34.54,46.04,,67.41,34.54,34.73,,44.84,,,,34.54,34.54,,34.54,12.02,34.54,12.02,12.02,35.39,35.39,,,,,34.54,41.55,41.55,35.39,35.39,41.55,36.61,56.05,34.72,39.03,35.39,35.39,35.39,35.39,34.54,34.73,,,,,,
2019-02-24 15:00:00+01:00,,35.25,,35.25,30.94,34.74,,35.57,,35.25,35.86,35.86,35.86,46.88,35.86,35.25,46.04,,68.34,37.53,36.93,,44.84,,,,37.53,37.53,,37.53,33.14,37.53,33.14,33.14,35.86,35.86,,,,,35.25,41.41,41.41,35.86,35.86,41.41,36.39,55.55,36.91,39.62,35.86,35.86,35.86,35.86,37.53,35.57,,,,,,
2019-02-24 16:00:00+01:00,,37.04,,40.15,40.91,39.09,,39.01,,37.04,37.04,38.0,38.0,45.99,38.0,34.56,46.07,,67.42,46.03,42.55,,44.86,,,,46.03,46.03,,46.03,45.25,46.03,45.25,46.03,38.0,38.0,,,,,38.57,41.43,41.43,38.0,38.0,41.43,38.25,55.26,42.53,45.21,38.0,38.0,38.0,38.0,46.03,39.01,,,,,,
2019-02-24 17:00:00+01:00,,42.37,,49.2,54.9,46.05,,46.16,,42.37,42.37,41.41,41.31,46.88,41.31,36.9,50.65,,68.76,55.11,58.38,,49.32,,,,55.11,55.11,,55.11,49.35,55.11,49.35,55.11,41.31,41.31,,,,,45.75,42.17,42.17,41.31,41.31,42.17,43.37,55.39,58.35,54.12,41.31,41.31,41.31,41.31,55.11,46.16,,,,,,
2019-02-24 18:00:00+01:00,,51.0,,52.35,54.94,50.37,,51.12,,51.0,47.88,47.88,41.63,52.01,41.63,49.93,72.41,,70.18,65.47,73.29,,68.05,,,,65.47,65.47,,65.47,65.47,65.47,65.47,65.47,41.63,41.63,,,,,51.68,43.0,43.0,41.63,41.63,43.0,47.13,56.05,73.26,64.92,41.63,41.63,41.63,41.63,65.47,51.12,,,,,,
2019-02-24 19:00:00+01:00,,51.47,,51.47,48.74,50.61,,51.5,,51.47,42.73,42.73,41.31,58.88,41.31,51.47,89.56,,68.83,70.0,74.93,,85.13,,,,70.0,70.0,,70.0,70.0,70.0,70.0,70.0,41.31,41.31,,,,,51.47,42.73,42.73,41.31,41.31,42.73,51.6,58.88,74.9,65.9,41.31,41.31,41.31,41.31,70.0,51.5,,,,,,
2019-02-24 20:00:00+01:00,,50.0,,50.0,46.73,49.55,,50.0,,50.0,42.63,42.63,40.62,59.75,40.62,50.0,72.76,,68.8,68.01,67.96,,69.16,,,,68.01,68.01,,68.01,68.01,68.01,81.0,68.01,40.62,40.62,,,,,50.0,42.63,42.63,40.62,40.62,42.63,48.66,60.6,67.92,58.72,40.62,40.62,40.62,40.62,68.01,50.0,,,,,,
2019-02-24 21:00:00+01:00,,44.46,,44.46,42.78,44.78,,44.98,,44.46,42.23,42.23,40.21,60.15,40.21,44.46,56.38,,68.34,63.05,54.98,,54.89,,,,63.05,63.05,,63.05,63.05,63.05,63.05,63.05,40.21,40.21,,,,,44.46,42.23,42.23,40.21,40.21,42.23,42.61,60.15,54.95,52.77,40.21,40.21,40.21,40.21,63.05,44.98,,,,,,
2019-02-24 22:00:00+01:00,,47.65,,47.65,29.4,46.07,,45.63,,47.65,41.9,41.9,39.5,59.55,39.5,47.65,52.33,,69.37,47.65,51.06,,53.29,,,,58.6,58.6,,58.6,58.6,58.6,58.6,58.6,39.5,39.5,,,,,47.65,41.9,41.9,39.5,39.5,41.9,39.76,59.55,51.03,50.93,39.5,39.5,39.5,39.5,47.65,45.63,,,,,,
2019-02-24 23:00:00+01:00,,44.1,,44.1,29.44,42.6,,41.9,,44.1,41.25,41.25,38.97,57.0,38.97,44.1,46.99,,79.96,44.1,44.33,,48.11,,,,47.1,47.1,,47.1,47.1,47.1,47.1,47.1,38.97,38.97,,,,,44.1,41.25,41.25,38.97,38.97,41.25,39.23,57.0,44.3,44.29,38.97,38.97,38.97,38.97,44.1,41.9,,,,,,
2019-02-25 00:00:00+01:00,,38.7,,38.7,23.76,39.34,,39.36,,38.7,38.7,38.7,37.09,53.55,37.09,38.7,43.87,,70.59,38.7,39.36,,44.79,,,,42.05,42.05,,42.05,37.25,42.05,37.25,42.05,37.09,37.09,,,,,38.7,41.03,41.03,37.09,37.09,41.03,38.33,53.55,39.34,41.85,37.09,37.09,37.09,37.09,38.7,39.36,,,,,,
2019-02-25 01:00:00+01:00,,37.02,,37.02,22.54,38.9,,38.38,,37.02,37.02,37.02,36.13,49.0,36.13,37.02,47.04,,77.07,37.02,38.38,,48.01,,,,37.25,37.25,,37.25,37.25,37.25,37.25,37.25,36.13,36.13,,,,,37.02,40.86,40.86,36.13,36.13,40.86,36.98,49.0,38.36,40.13,36.13,36.13,36.13,36.13,37.02,38.38,,,,,,
2019-02-25 02:00:00+01:00,,37.0,,37.0,22.54,37.62,,37.8,,37.0,37.0,37.0,36.11,46.87,36.11,37.0,48.37,,70.6,37.0,37.8,,49.35,,,,37.0,37.0,,37.0,37.0,37.0,37.0,37.0,36.11,36.11,,,,,37.0,40.73,40.73,36.11,36.11,40.73,36.83,46.87,37.78,38.39,36.11,36.11,36.11,36.11,37.0,37.8,,,,,,
2019-02-25 03:00:00+01:00,,36.37,,36.37,22.55,37.1,,37.58,,36.37,36.37,36.37,36.02,46.36,36.02,36.37,44.78,,69.82,36.37,37.58,,45.67,,,,36.37,36.37,,36.37,36.37,36.37,36.37,36.37,36.02,36.02,,,,,36.37,40.67,40.67,36.02,36.02,40.67,36.77,46.36,37.56,37.95,36.02,36.02,36.02,36.02,36.37,37.58,,,,,,
2019-02-25 04:00:00+01:00,,36.06,,36.06,30.88,37.93,,38.0,,36.06,36.06,36.06,36.06,46.36,36.06,36.06,43.78,,70.6,36.06,38.0,,42.55,,,,37.15,37.15,,37.15,37.15,37.15,37.15,37.15,36.06,36.06,,,,,36.06,40.54,40.54,36.06,36.06,40.54,37.02,46.36,37.98,39.18,36.06,36.06,36.06,36.06,36.06,38.0,,,,,,
2019-02-25 05:00:00+01:00,,40.07,,40.07,39.74,41.17,,40.97,,40.07,40.07,40.07,40.07,47.01,40.07,40.07,42.2,,69.89,42.81,42.83,,41.0,,,,45.95,45.95,,45.95,37.25,45.95,37.25,45.95,40.07,40.07,,,,,40.07,41.11,41.11,40.07,40.07,41.11,40.35,47.01,42.82,41.92,40.07,40.07,40.07,40.07,42.81,40.97,,,,,,
2019-02-25 06:00:00+01:00,,50.02,,50.02,58.92,50.15,,50.98,,50.02,43.84,42.8,42.8,55.62,42.8,50.02,51.63,,68.26,61.78,58.55,,48.95,,,,61.78,61.78,,61.78,54.01,61.78,54.01,61.78,42.8,42.8,,,,,50.02,42.8,42.8,41.49,41.49,42.8,44.57,55.62,58.53,57.39,41.49,41.49,42.8,42.8,61.78,50.98,,,,,,
2019-02-25 07:00:00+01:00,,56.88,,56.88,73.71,55.45,,57.14,,56.88,52.0,64.1,43.76,58.63,43.76,56.88,63.52,,68.83,65.0,64.01,,60.2,,,,65.0,65.0,,65.0,65.0,65.0,65.0,65.0,43.76,43.76,,,,,56.88,43.76,43.76,41.86,41.86,43.76,52.5,58.63,66.96,66.2,41.86,41.86,43.76,43.76,65.0,57.14,,,,,,
2019-02-25 08:00:00+01:00,,55.59,,55.59,79.95,55.42,,57.05,,55.59,55.59,55.59,50.93,59.7,44.38,55.59,65.84,,69.67,70.0,67.34,,62.72,,,,70.0,70.0,,70.0,49.15,70.0,49.15,59.13,50.93,50.93,,,,,55.59,44.38,44.38,41.95,41.95,44.38,55.38,59.7,67.32,66.75,41.95,41.95,44.38,44.38,70.0,57.05,,,,,,
2019-02-25 09:00:00+01:00,,50.72,,50.72,66.87,52.04,,52.22,,50.72,50.72,50.72,50.91,59.75,44.35,50.72,64.71,,70.89,67.0,61.91,,63.0,,,,67.0,67.0,,67.0,49.15,67.0,49.15,49.15,50.91,50.91,,,,,50.72,44.35,44.35,42.1,42.1,44.35,59.19,59.75,61.89,62.0,42.1,42.1,44.35,44.35,67.0,52.22,,,,,,
2019-02-25 10:00:00+01:00,,46.06,,52.5,66.14,50.13,,47.01,,45.18,45.18,45.18,48.78,59.09,44.1,48.71,60.07,,70.91,54.87,52.05,,61.09,,,,57.76,57.76,,57.76,42.52,57.76,42.52,42.52,48.78,48.78,,,,,40.03,44.1,44.1,42.17,42.17,44.1,60.03,59.09,52.03,56.53,42.17,42.17,44.1,44.1,54.87,47.01,,,,,,
2019-02-25 11:00:00+01:00,,42.36,,45.48,51.72,48.6,,42.86,,41.85,41.85,41.85,41.85,57.5,41.85,43.89,47.03,,70.92,54.81,49.0,,47.82,,,,54.81,54.81,,54.81,15.0,54.81,15.0,15.0,41.85,41.85,,,,,38.97,41.85,41.85,41.85,41.85,41.85,60.83,57.5,48.98,53.99,41.85,41.85,41.85,41.85,54.81,42.86,,,,,,
2019-02-25 12:00:00+01:00,,40.59,,43.54,52.79,44.91,,40.53,,40.09,40.09,41.07,41.07,56.94,41.07,42.1,45.75,,70.98,51.0,48.21,,46.5,,,,51.0,51.0,,51.0,42.15,51.0,42.15,42.15,41.07,41.07,,,,,37.4,41.17,41.17,41.07,41.07,41.17,61.29,56.94,48.2,49.97,41.07,41.07,41.07,41.07,51.0,40.53,,,,,,
2019-02-25 13:00:00+01:00,,38.98,,38.98,52.79,43.36,,40.53,,38.98,40.82,40.82,40.82,56.94,40.82,38.98,44.12,,77.13,50.99,48.01,,44.83,,,,50.99,50.99,,50.99,42.15,50.99,42.15,42.15,40.82,40.82,,,,,38.98,41.04,41.04,40.82,40.82,41.04,61.29,56.94,48.0,48.36,40.82,40.82,40.82,40.82,50.99,40.53,,,,,,
2019-02-25 14:00:00+01:00,,37.88,,37.88,55.93,42.08,,40.4,,37.88,40.94,41.04,41.04,56.03,41.04,37.88,43.99,,69.66,40.7,46.55,,44.68,,,,54.0,54.0,,54.0,44.71,54.0,44.71,44.71,41.04,41.04,,,,,37.88,41.04,41.04,41.04,41.04,41.04,55.78,56.56,46.53,47.98,41.04,41.04,41.04,41.04,40.7,40.4,,,,,,
2019-02-25 15:00:00+01:00,,42.0,,42.0,59.49,42.99,,42.27,,42.0,42.0,41.97,41.97,55.0,41.97,42.0,43.89,,69.66,42.0,45.99,,44.56,,,,57.34,57.34,,57.34,44.71,57.34,44.71,57.34,41.97,41.97,,,,,42.0,41.97,41.97,41.97,41.97,41.97,53.79,59.85,45.98,49.02,41.97,41.97,41.97,41.97,42.0,42.27,,,,,,
2019-02-25 16:00:00+01:00,,44.4,,44.4,60.79,47.2,,45.9,,44.4,43.26,43.26,43.26,55.0,43.19,44.4,46.0,,68.84,44.4,49.01,,46.69,,,,65.0,65.0,,65.0,52.15,65.0,52.15,65.0,43.26,43.26,,,,,44.4,43.19,43.19,42.09,42.09,43.19,52.79,58.53,49.0,52.01,42.09,42.09,43.19,43.26,44.4,45.9,,,,,,
2019-02-25 17:00:00+01:00,,51.15,,55.81,56.92,50.45,,50.41,,51.15,49.92,49.92,49.92,56.03,43.98,47.51,55.41,,69.81,73.8,57.18,,53.59,,,,73.8,73.8,,73.8,52.15,73.8,89.75,73.8,49.92,49.92,,,,,53.24,43.98,43.98,42.04,42.04,43.98,53.8,59.45,57.17,60.0,42.04,42.04,43.98,49.92,73.8,50.41,,,,,,
2019-02-25 18:00:00+01:00,,55.07,,60.4,50.79,52.18,,55.05,,55.07,51.07,51.07,51.07,57.25,44.23,51.78,66.55,,71.95,78.68,62.41,,64.35,,,,78.68,78.68,,78.68,52.15,78.68,148.75,78.68,51.07,51.07,,,,,56.92,44.05,44.05,42.01,42.01,44.05,55.55,57.25,62.4,65.21,42.01,42.01,44.05,51.07,78.68,55.05,,,,,,
2019-02-25 19:00:00+01:00,,54.4,,54.4,48.73,52.07,,53.04,,54.4,43.18,43.18,43.18,59.93,43.18,54.4,83.26,,77.45,78.11,59.87,,80.47,,,,78.11,78.11,,78.11,52.15,78.11,151.0,78.11,43.18,43.18,,,,,54.4,43.18,43.18,41.85,41.85,43.18,55.08,59.93,59.86,61.65,41.85,41.85,43.18,43.18,78.11,53.04,,,,,,
2019-02-25 20:00:00+01:00,,50.61,,50.61,39.8,50.29,,50.55,,50.61,41.95,41.95,41.85,60.6,41.85,50.61,73.68,,70.8,54.82,51.15,,71.18,,,,72.0,72.0,,72.0,52.15,72.0,151.0,72.0,41.85,41.85,,,,,50.61,41.95,41.95,41.85,41.85,41.95,52.42,60.6,51.14,57.66,41.85,41.85,41.85,41.85,54.82,50.55,,,,,,
2019-02-25 21:00:00+01:00,,43.09,,43.09,35.76,46.04,,45.44,,43.09,42.18,42.18,41.04,60.15,41.04,43.09,55.25,,68.26,65.0,47.9,,53.59,,,,67.0,67.0,,67.0,52.15,67.0,148.75,67.0,41.04,41.04,,,,,43.09,42.18,42.18,41.04,41.04,42.18,42.87,60.15,47.89,50.88,41.04,41.04,41.04,41.04,65.0,45.44,,,,,,
2019-02-25 22:00:00+01:00,,42.4,,42.4,29.45,45.49,,45.17,,42.4,41.69,41.69,40.38,57.79,40.38,42.4,53.41,,67.4,57.0,47.12,,53.59,,,,60.0,60.0,,60.0,52.15,60.0,92.75,60.0,40.38,40.38,,,,,42.4,41.69,41.69,40.38,40.38,41.69,42.89,57.79,35.48,48.67,40.38,40.38,40.38,40.38,57.0,45.17,,,,,,
2019-02-25 23:00:00+01:00,,40.4,,40.4,29.44,41.54,,41.85,,40.4,40.4,40.4,39.43,56.56,39.43,40.4,42.13,,69.72,52.66,44.03,,42.65,,,,52.66,52.66,,52.66,52.15,52.66,52.15,52.66,39.43,39.43,,,,,40.4,40.86,40.86,39.43,39.43,40.86,40.64,56.56,33.21,43.79,39.43,39.43,39.43,39.43,52.66,41.85,,,,,,
2019-02-26 00:00:00+01:00,,37.1,,37.1,29.42,39.09,,35.52,,37.1,37.1,37.1,37.1,56.01,37.1,37.1,46.48,,67.32,37.1,39.27,,48.36,,,,52.53,52.53,,52.53,52.53,52.53,52.53,52.53,37.1,37.1,,,,,37.1,40.73,40.73,37.1,37.1,40.73,39.76,56.01,35.48,42.2,37.1,37.1,37.1,37.1,37.1,35.52,,,,,,
2019-02-26 01:00:00+01:00,,37.0,,37.0,23.99,37.46,,35.63,,37.0,37.0,37.0,37.0,54.61,37.0,37.0,46.49,,67.32,37.0,36.38,,48.36,,,,51.45,51.45,,51.45,51.45,51.45,51.45,51.45,37.0,37.0,,,,,37.0,40.48,40.48,37.0,37.0,40.48,37.18,54.61,32.49,38.86,37.0,37.0,37.0,37.0,37.0,35.63,,,,,,
2019-02-26 02:00:00+01:00,,36.84,,36.84,23.99,38.12,,35.61,,36.84,36.84,36.84,36.84,50.01,36.84,36.84,49.04,,51.37,36.84,36.3,,51.0,,,,49.23,49.23,,49.23,49.23,49.23,49.23,49.23,36.84,36.84,,,,,36.84,40.23,40.23,36.84,36.84,40.23,37.14,50.01,30.88,38.3,36.84,36.84,36.84,36.84,36.84,35.61,,,,,,
2019-02-26 03:00:00+01:00,,35.88,,35.88,24.08,37.09,,35.07,,35.88,35.88,35.88,35.88,48.58,35.88,35.88,48.29,,48.31,35.88,35.07,,50.2,,,,49.22,49.22,,49.22,49.22,49.22,49.22,49.22,35.88,35.88,,,,,35.88,40.15,40.15,35.88,35.88,40.15,37.14,48.58,35.09,38.27,35.88,35.88,35.88,35.88,35.88,35.07,,,,,,
2019-02-26 04:00:00+01:00,,36.77,,36.77,24.05,36.88,,34.75,,36.77,36.77,37.35,37.35,46.87,37.35,36.77,47.67,,67.3,36.77,35.54,,49.55,,,,49.21,49.21,,49.21,49.21,49.21,49.21,49.21,37.35,37.35,,,,,36.77,40.12,40.12,37.35,37.35,40.12,37.54,46.87,35.57,38.14,37.35,37.35,37.35,37.35,36.77,34.75,,,,,,
2019-02-26 05:00:00+01:00,,39.41,,39.41,36.08,39.05,,36.97,,39.41,39.41,40.57,40.57,49.0,40.57,39.41,48.91,,70.58,44.01,41.14,,50.82,,,,52.07,52.07,,52.07,52.07,52.07,52.07,52.07,40.57,40.57,,,,,39.41,40.84,40.84,40.57,40.57,40.84,40.79,49.0,41.17,41.33,40.57,40.57,40.57,40.57,44.01,36.97,,,,,,
2019-02-26 06:00:00+01:00,,48.74,,48.74,51.02,48.42,,47.05,,48.74,47.97,47.58,42.54,55.03,42.54,48.74,51.15,,67.38,48.74,50.58,,53.14,,,,67.0,67.0,,67.0,67.0,67.0,67.0,67.0,42.54,42.54,,,,,48.74,42.54,42.54,42.54,42.54,42.54,46.23,55.03,50.63,54.94,42.54,42.54,42.54,42.54,48.74,47.05,,,,,,
2019-02-26 07:00:00+01:00,,53.04,,53.04,58.02,53.88,,53.54,,53.04,53.04,53.04,51.77,57.17,51.77,53.04,65.78,,68.81,53.04,58.41,,63.64,,,,65.0,65.0,,65.0,65.0,65.0,135.12,65.0,51.77,51.77,,,,,53.04,43.59,43.59,42.65,42.65,43.59,52.12,57.17,58.48,60.93,42.65,42.65,43.59,51.77,53.04,53.54,,,,,,
2019-02-26 08:00:00+01:00,,51.88,,51.88,66.33,53.6,,52.6,,51.88,51.88,51.88,52.96,58.5,52.96,51.88,72.62,,69.27,57.62,61.84,,75.4,,,,67.0,67.0,,67.0,67.0,67.0,135.12,67.0,52.96,52.96,,,,,51.88,44.31,44.31,43.17,43.17,44.31,53.27,58.5,61.93,64.46,43.17,43.17,44.31,51.88,57.62,52.6,,,,,,
2019-02-26 09:00:00+01:00,,49.92,,49.92,59.91,50.24,,48.32,,49.92,49.92,49.92,53.05,58.51,53.05,49.92,75.72,,68.77,49.92,57.94,,78.59,,,,64.0,64.0,,64.0,64.0,64.0,94.64,64.0,53.05,53.05,,,,,49.92,44.19,44.19,44.16,44.16,44.19,54.25,58.51,58.04,60.09,44.16,44.16,44.19,49.92,49.92,48.32,,,,,,
2019-02-26 10:00:00+01:00,,44.92,,48.96,51.91,45.98,,42.95,,44.39,44.39,43.95,51.61,56.6,51.61,46.62,66.06,,68.71,47.35,53.04,,70.8,,,,57.09,57.09,,57.09,55.07,57.09,55.07,55.07,51.61,51.61,,,,,42.0,43.95,43.95,43.95,43.95,43.95,53.8,56.6,53.14,52.05,43.95,43.95,43.95,43.95,47.35,42.95,,,,,,
2019-02-26 11:00:00+01:00,,42.24,,46.3,38.39,42.24,,39.2,,41.69,42.12,42.56,42.56,55.0,42.56,43.88,48.19,,67.41,54.43,50.44,,78.49,,,,54.43,54.43,,54.43,36.96,54.43,36.96,36.96,42.56,42.56,,,,,39.08,42.56,42.56,42.56,42.56,42.56,54.26,55.0,50.54,49.73,42.56,42.56,42.56,42.56,54.43,39.2,,,,,,
2019-02-26 12:00:00+01:00,,39.28,,39.28,49.22,40.57,,38.03,,39.28,42.21,42.21,42.21,53.03,42.21,39.28,45.42,,68.37,49.26,48.45,,74.5,,,,49.26,49.26,,49.26,15.0,49.26,15.0,15.0,42.21,42.21,,,,,39.28,42.21,42.21,42.21,42.21,42.21,53.82,53.03,48.56,47.51,42.21,42.21,42.21,42.21,49.26,38.03,,,,,,
2019-02-26 13:00:00+01:00,,39.0,,39.0,45.15,39.36,,37.4,,39.0,42.15,42.15,42.15,50.9,42.15,39.0,44.98,,67.44,48.29,45.99,,68.0,,,,48.29,48.29,,48.29,10.0,48.29,10.0,10.0,42.15,42.15,,,,,39.0,42.15,42.15,42.15,42.15,42.15,54.29,50.9,46.11,46.04,42.15,42.15,42.15,42.15,48.29,37.4,,,,,,
2019-02-26 14:00:00+01:00,,37.91,,37.91,46.79,39.2,,37.3,,37.91,42.14,42.14,48.31,46.96,48.31,37.91,44.95,,69.57,50.08,43.89,,63.49,,,,54.0,54.0,,54.0,11.0,54.0,11.0,11.0,48.31,48.31,,,,,37.91,42.14,42.14,42.14,42.14,42.14,53.14,46.96,44.01,43.27,42.14,42.14,42.14,42.14,50.08,37.3,,,,,,
2019-02-26 15:00:00+01:00,,41.45,,41.45,58.96,42.7,,40.6,,41.45,41.45,42.47,45.78,46.36,45.78,41.45,45.29,,70.66,45.89,48.09,,60.95,,,,55.21,55.21,,55.21,45.15,55.21,45.15,45.15,45.78,45.78,,,,,41.45,42.47,42.47,42.47,42.47,42.47,51.82,46.36,48.23,43.62,42.47,42.47,42.47,42.47,45.89,40.6,,,,,,
2019-02-26 16:00:00+01:00,,46.88,,41.81,58.02,46.32,,43.71,,46.88,46.88,45.86,49.85,46.36,49.85,39.09,46.83,,70.74,47.51,50.92,,60.95,,,,60.74,60.74,,60.74,55.17,60.74,55.17,55.17,49.85,49.85,,,,,45.14,43.23,43.23,43.23,43.23,43.23,50.92,46.36,51.09,46.47,43.23,43.23,43.23,45.86,47.51,43.71,,,,,,
2019-02-26 17:00:00+01:00,,51.68,,56.4,59.97,50.28,,50.74,,53.46,53.46,53.46,58.43,48.58,58.43,45.2,59.55,,76.47,51.68,60.27,,61.67,,,,65.11,65.11,,65.11,65.11,65.11,89.78,65.11,58.43,58.43,,,,,55.24,43.78,43.78,43.03,43.03,43.78,58.84,48.58,60.48,57.76,43.03,43.03,43.78,53.46,51.68,50.74,,,,,,
2019-02-26 18:00:00+01:00,,56.26,,68.0,60.92,54.03,,55.34,,58.17,58.17,58.17,59.57,53.2,60.03,49.68,74.73,,71.01,70.4,75.0,,77.38,,,,70.4,70.4,,70.4,70.4,70.4,133.78,70.4,59.57,59.57,,,,,62.98,43.98,43.98,42.77,42.77,43.98,59.99,53.2,75.27,65.84,42.77,42.77,43.98,58.17,70.4,55.34,,,,,,
2019-02-26 19:00:00+01:00,,54.94,,54.94,58.01,53.79,,54.48,,54.94,54.94,54.94,53.62,57.94,48.94,54.94,93.44,,70.98,58.16,64.93,,96.73,,,,70.4,70.4,,70.4,70.4,70.4,148.78,70.4,53.62,53.62,,,,,54.94,43.59,43.59,42.41,42.41,43.59,59.08,57.94,65.18,63.19,42.41,42.41,43.59,53.62,58.16,54.48,,,,,,
2019-02-26 20:00:00+01:00,,50.92,,51.46,53.22,51.08,,50.8,,50.92,50.92,50.92,42.69,59.0,42.69,50.48,77.2,,77.82,50.92,53.48,,79.9,,,,64.14,64.14,,64.14,64.14,64.14,140.0,64.14,42.69,42.69,,,,,51.19,42.69,42.69,42.15,42.15,42.69,53.87,59.0,53.7,52.2,42.15,42.15,42.69,42.69,50.92,50.8,,,,,,
2019-02-26 21:00:00+01:00,,47.57,,47.57,38.07,46.82,,45.18,,47.57,47.57,47.57,42.01,58.5,42.01,47.57,61.34,,70.72,47.57,47.45,,63.46,,,,57.4,57.4,,57.4,57.4,57.4,93.72,57.4,42.01,42.01,,,,,47.57,42.01,42.01,41.85,41.85,42.01,49.21,58.5,44.15,48.97,41.85,41.85,42.01,42.01,47.57,45.18,,,,,,
2019-02-26 22:00:00+01:00,,46.8,,46.8,29.42,46.7,,43.64,,46.8,44.39,44.39,40.9,55.33,40.9,46.8,58.45,,69.71,46.8,46.64,,59.02,,,,54.53,54.53,,54.53,54.53,54.53,77.26,54.53,40.9,40.9,,,,,46.8,41.48,41.48,40.9,40.9,41.48,44.8,55.33,35.65,46.62,40.9,40.9,40.9,40.9,46.8,43.64,,,,,,
2019-02-26 23:00:00+01:00,,41.41,,41.41,31.05,42.67,,40.7,,41.41,41.29,41.29,40.09,53.02,40.09,41.41,46.76,,69.82,41.41,44.43,,51.0,,,,48.05,48.05,,48.05,48.05,48.05,48.05,48.05,40.09,40.09,,,,,41.41,41.29,41.29,40.09,40.09,41.29,40.4,53.02,28.48,44.13,40.09,40.09,40.09,40.09,41.41,40.7,,,,,,
2019-02-27 00:00:00+01:00,,40.98,,40.98,32.03,39.63,,39.75,,40.98,40.98,40.98,39.61,48.58,39.61,40.98,45.58,,69.48,40.98,39.75,,51.0,,,,47.04,47.04,,47.04,39.3,47.04,39.3,39.3,39.61,39.61,,,,,40.98,41.53,41.53,39.61,39.61,41.53,39.86,48.58,35.6,40.99,39.61,39.61,39.61,39.61,40.98,39.75,,,,,,
2019-02-27 01:00:00+01:00,,39.42,,39.42,26.68,39.05,,39.01,,39.42,39.42,39.42,38.47,45.35,38.47,39.42,45.46,,69.45,39.42,39.01,,48.0,,,,44.17,44.17,,44.17,39.3,44.17,39.3,40.0,38.47,38.47,,,,,39.42,41.1,41.1,38.47,38.47,41.1,38.72,45.35,30.58,39.49,38.47,38.47,38.47,38.47,39.42,39.01,,,,,,
2019-02-27 02:00:00+01:00,,38.58,,38.58,23.99,38.45,,38.5,,38.58,38.58,38.58,37.66,42.39,37.66,38.58,46.94,,67.25,38.85,38.5,,48.0,,,,38.85,38.85,,38.85,38.85,38.85,38.85,38.85,37.66,37.66,,,,,38.58,41.03,41.03,37.66,37.66,41.03,38.19,42.39,30.58,38.68,37.66,37.66,37.66,37.66,38.85,38.5,,,,,,
2019-02-27 03:00:00+01:00,,37.99,,37.99,29.03,38.31,,38.5,,37.99,37.99,37.99,37.46,42.1,37.46,37.99,45.65,,67.04,38.0,38.5,,47.44,,,,38.0,38.0,,38.0,38.0,38.0,38.0,38.0,37.46,37.46,,,,,37.99,40.93,40.93,37.46,37.46,40.93,38.79,42.1,31.53,38.16,37.46,37.46,37.46,37.46,38.0,38.5,,,,,,
2019-02-27 04:00:00+01:00,,39.16,,37.51,36.62,38.54,,38.5,,39.16,39.16,39.16,39.16,42.1,39.16,36.63,45.58,,67.05,40.9,38.5,,47.38,,,,40.9,40.9,,40.9,39.02,40.9,39.02,39.02,39.16,39.16,,,,,38.59,40.67,40.67,39.16,39.16,40.67,39.42,42.1,35.66,38.47,39.16,39.16,39.16,39.16,40.9,38.5,,,,,,
2019-02-27 05:00:00+01:00,,41.48,,41.48,50.9,40.91,,41.99,,41.48,41.09,41.09,40.96,42.59,40.96,41.48,45.63,,67.33,46.52,41.99,,47.44,,,,46.52,46.52,,46.52,39.03,46.52,39.03,46.52,40.96,40.96,,,,,41.48,41.09,41.09,40.96,40.96,41.09,41.23,42.59,42.16,42.58,40.96,40.96,40.96,40.96,46.52,41.99,,,,,,
2019-02-27 06:00:00+01:00,,50.84,,50.55,57.54,50.18,,51.42,,50.84,42.74,42.74,52.29,50.4,42.74,50.4,52.37,,67.33,57.02,52.04,,53.29,,,,57.02,57.02,,57.02,49.01,57.02,49.01,55.0,52.29,52.29,,,,,50.75,42.74,42.74,41.3,41.3,42.74,52.63,50.4,52.25,49.73,41.3,41.3,42.74,42.74,57.02,51.42,,,,,,
2019-02-27 07:00:00+01:00,,58.71,,60.91,62.25,53.62,,55.5,,58.71,51.84,51.84,55.4,56.8,44.02,56.8,63.08,,67.83,61.49,58.41,,59.61,,,,61.49,61.49,,61.49,51.79,61.49,51.79,61.49,55.4,55.4,,,,,59.84,44.02,44.02,41.36,41.36,44.02,55.77,56.8,58.65,57.41,41.36,41.36,44.02,51.84,61.49,55.5,,,,,,
2019-02-27 08:00:00+01:00,,54.19,,54.19,58.92,52.49,,53.63,,54.19,49.83,49.83,55.06,56.59,44.55,54.19,68.91,,67.87,54.19,53.8,,71.68,,,,69.0,69.0,,69.0,50.0,69.0,50.0,50.0,55.06,55.06,,,,,54.19,44.55,44.55,41.48,41.48,44.55,61.15,56.59,50.42,55.97,41.48,41.48,44.55,49.83,54.19,53.63,,,,,,
2019-02-27 09:00:00+01:00,,49.95,,49.95,54.92,49.01,,49.4,,49.95,48.41,48.41,55.02,57.27,44.39,49.95,71.12,,67.43,49.95,50.03,,72.23,,,,63.84,63.84,,63.84,48.15,63.84,48.15,48.15,55.02,55.02,,,,,49.95,44.39,44.39,41.57,41.57,44.39,62.31,57.27,47.29,52.75,41.57,41.57,44.39,48.41,49.95,49.4,,,,,,
2019-02-27 10:00:00+01:00,,44.57,,44.57,51.61,43.98,,44.2,,44.57,44.06,43.74,55.01,56.51,43.5,44.57,65.39,,65.89,49.48,48.48,,70.0,,,,57.02,57.02,,57.02,10.0,57.02,10.0,10.0,55.01,55.01,,,,,44.57,43.5,43.5,41.58,41.58,43.5,60.47,56.51,42.08,51.07,41.58,41.58,43.5,43.5,49.48,44.2,,,,,,
2019-02-27 11:00:00+01:00,,40.79,,40.79,42.67,40.36,,40.39,,40.79,40.79,41.11,41.11,55.94,41.11,40.79,49.47,,65.49,46.04,45.04,,75.0,,,,54.76,54.76,,54.76,10.0,54.76,10.0,10.0,41.11,41.11,,,,,40.79,41.35,41.35,41.11,41.11,41.35,60.57,55.94,42.19,46.93,41.11,41.11,41.11,41.11,46.04,40.39,,,,,,
2019-02-27 12:00:00+01:00,,39.63,,39.63,47.92,38.3,,38.63,,39.63,40.02,40.02,40.02,55.68,40.02,39.63,47.58,,66.98,48.59,44.34,,69.5,,,,48.59,48.59,,48.59,10.0,48.59,10.0,10.0,40.02,40.02,,,,,39.63,41.25,41.25,40.02,40.02,41.25,60.15,55.68,44.51,45.27,40.02,40.02,40.02,40.02,48.59,38.63,,,,,,
2019-02-27 13:00:00+01:00,,39.58,,39.58,41.8,37.05,,38.11,,39.58,39.9,39.9,39.9,55.3,39.9,39.58,46.21,,66.98,48.72,43.08,,65.0,,,,48.72,48.72,,48.72,10.0,48.72,10.0,10.0,39.9,39.9,,,,,39.58,41.09,41.09,39.9,39.9,41.09,58.27,55.3,43.24,45.32,39.9,39.9,39.9,39.9,48.72,38.11,,,,,,
2019-02-27 14:00:00+01:00,,40.06,,40.06,38.39,36.81,,38.5,,40.06,40.36,40.36,52.79,53.15,40.36,40.06,46.09,,67.87,54.0,43.6,,62.1,,,,54.0,54.0,,54.0,35.45,54.0,35.45,35.45,52.79,52.79,,,,,40.06,40.36,40.36,40.36,40.36,40.36,54.33,53.15,43.77,46.0,40.36,40.36,40.36,40.36,54.0,38.5,,,,,,
2019-02-27 15:00:00+01:00,,40.62,,40.62,39.61,39.2,,39.6,,40.62,40.62,40.92,52.61,51.63,40.92,40.62,46.14,,67.91,55.53,47.46,,61.38,,,,55.53,55.53,,55.53,37.41,55.53,37.41,46.98,52.61,52.61,,,,,40.62,40.92,40.92,40.92,40.92,40.92,52.99,51.63,42.66,48.88,40.92,40.92,40.92,40.92,55.53,39.6,,,,,,
2019-02-27 16:00:00+01:00,,44.94,,44.1,48.87,42.94,,43.79,,44.94,42.89,42.59,50.89,52.18,42.59,38.37,45.61,,68.72,57.82,51.1,,61.38,,,,57.82,57.82,,57.82,57.82,57.82,57.82,57.82,50.89,50.89,,,,,43.92,42.59,42.59,41.55,41.55,42.59,51.25,52.18,51.29,52.75,41.55,41.55,42.59,42.59,57.82,43.79,,,,,,
2019-02-27 17:00:00+01:00,,49.92,,56.66,55.33,48.32,,50.3,,49.92,43.34,43.34,52.83,54.61,43.34,44.17,55.59,,70.7,62.84,60.3,,61.38,,,,62.84,62.84,,62.84,62.84,62.84,89.81,62.84,52.83,52.83,,,,,53.16,43.34,43.34,41.39,41.39,43.34,53.21,54.61,60.52,59.05,41.39,41.39,43.34,43.34,62.84,51.5,,,,,,
2019-02-27 18:00:00+01:00,,51.96,,58.65,45.35,50.48,,53.2,,51.96,43.42,43.42,53.67,56.56,43.93,47.54,69.97,,72.14,70.0,70.43,,72.89,,,,70.0,70.0,,70.0,70.0,70.0,135.12,70.0,53.67,53.67,,,,,54.48,43.42,43.42,41.66,41.66,43.42,54.06,56.56,70.68,68.97,41.66,41.66,43.42,43.42,70.0,53.6,,,,,,
2019-02-27 19:00:00+01:00,,51.82,,51.82,43.13,50.4,,52.6,,51.82,42.56,42.56,48.6,59.48,42.56,51.82,90.95,,71.14,70.0,70.91,,94.76,,,,70.0,70.0,,70.0,70.0,70.0,152.86,70.0,48.6,48.6,,,,,51.82,42.56,42.56,41.8,41.8,42.56,52.5,59.48,71.17,66.56,41.8,41.8,42.56,42.56,70.0,52.84,,,,,,
2019-02-27 20:00:00+01:00,,46.69,,46.69,50.94,47.02,,48.12,,46.69,41.32,41.32,41.28,60.49,41.28,46.69,75.22,,70.73,68.52,65.9,,78.38,,,,68.52,68.52,,68.52,68.52,68.52,152.86,68.52,41.28,41.28,,,,,46.69,41.32,41.32,41.28,41.28,41.32,50.87,60.49,66.13,59.36,41.28,41.28,41.28,41.28,68.52,49.8,,,,,,
2019-02-27 21:00:00+01:00,,41.58,,41.58,47.3,41.35,,42.0,,41.58,41.23,41.23,40.58,59.5,40.58,41.58,64.04,,70.68,62.84,58.46,,66.74,,,,62.84,62.84,,62.84,62.84,62.84,135.12,62.84,40.58,40.58,,,,,41.58,41.23,41.23,40.58,40.58,41.23,44.64,59.5,58.67,52.92,40.58,40.58,40.58,40.58,62.84,42.0,,,,,,
2019-02-27 22:00:00+01:00,,41.39,,41.39,29.43,40.06,,40.36,,41.39,40.95,40.95,39.81,56.86,39.81,41.39,53.49,,71.89,55.52,54.12,,54.44,,,,55.52,55.52,,55.52,55.52,55.52,93.69,55.52,39.81,39.81,,,,,41.39,40.95,40.95,39.81,39.81,40.95,41.89,56.86,54.3,48.18,39.81,39.81,39.81,39.81,55.52,40.36,,,,,,
2019-02-27 23:00:00+01:00,,36.86,,42.02,43.1,36.55,,36.54,,36.21,36.21,36.21,36.21,55.33,36.21,39.02,45.51,,69.5,43.7,47.59,,53.29,,,,51.1,51.1,,51.1,51.1,51.1,81.0,51.1,36.21,36.21,,,,,37.4,40.55,40.55,36.21,36.21,40.55,37.93,55.33,47.75,43.08,36.21,36.21,36.21,36.21,43.7,36.54,,,,,,
2019-02-28 00:00:00+01:00,,30.02,,38.48,32.93,35.07,,32.61,,29.78,29.78,34.05,34.05,53.5,34.05,34.68,50.45,,69.43,40.7,42.92,,52.92,,,,54.86,61.49,,54.86,61.49,61.49,61.49,61.49,34.05,34.05,,,,,37.5,40.95,40.95,34.05,34.05,40.95,36.17,53.5,42.06,39.12,34.05,34.05,34.05,34.05,40.7,32.61,,,,,,
2019-02-28 01:00:00+01:00,,34.0,,36.66,24.03,34.2,,31.6,,30.41,30.41,30.41,30.41,48.58,30.41,34.23,50.07,,75.05,34.0,35.49,,52.53,,,,53.0,61.49,,53.0,61.49,61.49,61.49,61.49,30.41,30.41,,,,,37.98,40.7,40.7,30.41,30.41,40.7,35.15,48.58,35.63,38.94,30.41,30.41,30.41,30.41,34.0,31.6,,,,,,
2019-02-28 02:00:00+01:00,,31.06,,34.8,22.52,33.4,,30.6,,29.8,29.8,29.8,29.8,46.01,29.8,32.65,50.26,,70.54,31.06,33.19,,52.72,,,,52.53,54.01,,52.53,54.01,54.01,54.01,54.01,29.8,29.8,,,,,37.5,40.49,40.49,30.19,30.19,40.49,34.35,46.01,33.32,37.0,29.8,29.8,29.8,29.8,31.06,30.6,,,,,,
2019-02-28 03:00:00+01:00,,28.02,,30.89,22.98,33.37,,29.92,,27.61,27.61,27.61,28.29,45.0,28.29,29.53,46.59,,70.51,28.02,32.07,,48.88,,,,52.52,52.52,,52.52,52.52,52.52,52.52,52.52,28.29,28.29,,,,,38.6,40.62,40.62,30.4,30.4,40.62,34.52,45.0,32.19,34.56,28.29,28.29,28.29,28.29,28.02,29.92,,,,,,
2019-02-28 04:00:00+01:00,,31.03,,34.0,30.35,33.39,,31.8,,28.96,28.96,28.96,34.17,43.1,34.17,31.74,46.11,,70.54,40.7,39.27,,47.23,,,,53.0,57.31,,53.0,57.31,57.31,57.31,57.31,34.17,34.17,,,,,36.4,40.54,40.54,34.17,34.17,40.54,34.84,43.1,39.42,35.91,34.17,34.17,34.17,34.17,40.7,31.8,,,,,,
2019-02-28 05:00:00+01:00,,33.01,,33.51,41.21,36.1,,33.9,,32.93,32.93,33.95,37.85,46.01,37.85,33.27,46.0,,69.65,53.0,50.19,,47.13,,,,53.0,61.49,,53.0,61.49,61.49,61.49,61.49,37.85,37.85,,,,,34.9,40.41,40.41,37.85,37.85,40.41,38.02,46.01,50.39,42.55,37.85,37.85,37.85,37.85,53.0,33.9,,,,,,
2019-02-28 06:00:00+01:00,,42.45,,42.45,55.28,42.45,,42.6,,42.45,42.45,41.43,41.43,50.9,41.43,42.45,46.26,,70.56,67.0,63.23,,49.04,,,,67.0,67.0,,67.0,67.0,67.0,67.0,67.0,41.43,41.43,,,,,42.45,41.43,41.43,41.43,41.43,41.43,41.63,50.9,63.47,56.09,41.43,41.43,41.43,41.43,67.0,42.6,,,,,,
2019-02-28 07:00:00+01:00,,48.96,,49.34,60.7,49.22,,49.32,,48.87,44.89,44.89,44.89,54.94,43.36,49.14,57.06,,77.07,59.75,60.2,,56.04,,,,70.0,70.0,,70.0,70.0,70.0,135.12,70.0,44.89,44.89,,,,,49.59,43.36,43.36,41.98,41.98,43.36,49.5,54.94,60.43,59.49,41.98,41.98,43.36,44.89,59.75,49.32,,,,,,
2019-02-28 08:00:00+01:00,,48.56,,53.39,54.95,49.2,,47.99,,47.47,46.33,46.33,50.11,55.5,43.97,50.91,58.22,,70.6,48.56,55.61,,61.1,,,,73.5,73.5,,73.5,73.5,73.5,135.12,73.5,50.11,50.11,,,,,56.49,43.97,43.97,42.08,42.08,43.97,50.34,55.5,55.83,57.28,42.08,42.08,43.97,46.33,48.56,47.99,,,,,,
2019-02-28 09:00:00+01:00,,44.73,,54.15,42.94,46.99,,43.66,,42.7,42.7,42.7,51.47,56.09,42.7,49.09,66.37,,70.55,44.73,48.56,,69.65,,,,66.39,66.39,,66.39,66.39,66.39,66.39,66.39,51.47,51.47,,,,,57.3,42.7,42.7,42.34,42.34,42.7,51.71,56.09,48.28,51.4,42.34,42.34,42.7,42.7,44.73,43.66,,,,,,
2019-02-28 10:00:00+01:00,,42.49,,42.6,36.82,42.69,,40.5,,42.47,42.47,42.47,48.82,55.94,42.47,42.54,66.36,,67.32,54.71,45.26,,69.65,,,,56.71,56.71,,56.71,56.71,56.71,56.71,56.71,48.82,48.82,,,,,42.66,42.47,42.47,42.47,42.47,42.47,49.04,55.94,41.95,47.48,42.47,42.47,42.47,42.47,54.71,40.5,,,,,,
2019-02-28 11:00:00+01:00,,38.89,,38.89,32.74,39.52,,37.59,,38.89,41.49,41.49,41.49,55.33,41.49,38.89,58.21,,67.21,52.03,41.73,,61.1,,,,54.0,54.0,,54.0,54.0,54.0,54.0,54.0,41.49,41.49,,,,,38.89,41.49,41.49,41.49,41.49,41.49,50.72,55.33,41.53,45.04,41.49,41.49,41.49,41.49,52.03,37.59,,,,,,
2019-02-28 12:00:00+01:00,,38.0,,38.0,30.89,38.06,,36.32,,38.0,41.38,41.38,41.38,55.03,41.38,38.0,55.88,,66.99,43.98,38.78,,58.66,,,,48.21,48.21,,48.21,48.21,48.21,48.21,48.21,41.38,41.38,,,,,38.0,41.38,41.38,41.38,41.38,41.38,50.14,55.03,38.93,42.7,41.38,41.38,41.38,41.38,43.98,36.32,,,,,,
2019-02-28 13:00:00+01:00,,37.08,,37.08,28.99,38.48,,35.97,,37.08,41.45,41.45,41.45,54.61,41.45,37.08,53.2,,65.18,40.0,36.5,,55.84,,,,47.36,47.36,,47.36,47.36,47.36,47.36,47.36,41.45,41.45,,,,,37.08,41.45,41.45,41.45,41.45,41.45,51.7,54.61,36.64,40.93,41.45,41.45,41.45,41.45,40.0,35.97,,,,,,
2019-02-28 14:00:00+01:00,,38.05,,38.05,36.65,37.0,,36.5,,38.05,41.61,41.61,41.61,54.06,41.61,38.05,51.21,,67.21,40.0,36.5,,53.77,,,,51.87,51.87,,51.87,51.87,51.87,51.87,51.87,41.61,41.61,,,,,38.05,41.61,41.61,41.61,41.61,41.61,48.84,54.06,36.64,40.68,41.61,41.61,41.61,41.61,40.0,36.5,,,,,,
2019-02-28 15:00:00+01:00,,40.7,,48.95,29.88,38.03,,37.64,,40.7,41.7,41.7,41.7,52.86,41.7,33.6,50.22,,67.49,40.7,37.8,,54.07,,,,56.09,56.09,,56.09,56.09,56.09,56.09,56.09,41.7,41.7,,,,,44.68,41.7,41.7,41.7,41.7,41.7,45.44,53.5,37.95,42.47,41.7,41.7,41.7,41.7,40.7,37.64,,,,,,
2019-02-28 16:00:00+01:00,,42.73,,52.45,29.99,41.6,,40.33,,42.73,42.73,42.73,42.73,52.22,42.73,34.19,53.8,,67.56,42.73,41.9,,55.15,,,,61.49,61.49,,61.49,61.49,61.49,81.0,61.49,42.73,42.73,,,,,47.45,42.73,42.73,42.73,42.73,42.73,48.83,53.5,42.06,45.07,42.73,42.73,42.73,42.73,42.73,40.33,,,,,,
2019-02-28 17:00:00+01:00,,48.03,,59.39,37.53,47.01,,46.33,,48.03,48.03,48.03,46.88,53.5,46.88,38.29,60.92,,71.08,48.03,48.09,,62.45,,,,67.0,67.0,,67.0,67.0,67.0,93.69,67.0,46.88,46.88,,,,,53.67,44.19,44.19,44.19,44.19,44.19,55.79,53.5,48.28,49.19,44.19,44.19,44.19,46.88,48.03,46.33,,,,,,
2019-02-28 18:00:00+01:00,,50.96,,55.46,40.94,50.02,,51.0,,50.96,50.96,50.96,49.74,54.54,48.22,46.52,69.82,,77.21,60.18,56.38,,71.58,,,,70.52,70.52,,70.52,70.52,70.52,149.84,70.52,49.74,49.74,,,,,53.76,45.06,45.06,44.96,44.15,45.06,57.01,54.54,52.07,55.99,44.96,44.96,45.06,49.74,60.18,51.0,,,,,,
2019-02-28 19:00:00+01:00,,50.97,,50.97,33.98,50.73,,51.97,,50.97,50.97,50.97,49.75,57.02,44.68,50.97,89.02,,71.76,59.44,56.57,,93.48,,,,67.0,67.0,,67.0,67.0,67.0,152.86,67.0,49.75,49.75,,,,,50.97,44.68,44.68,44.68,43.93,44.68,58.61,57.02,48.49,56.99,44.68,44.68,44.68,49.75,59.44,51.97,,,,,,
2019-02-28 20:00:00+01:00,,48.54,,49.9,35.94,48.15,,48.2,,48.54,48.54,48.54,43.78,58.75,43.78,47.37,72.17,,72.97,48.54,52.39,,75.8,,,,62.21,62.21,,62.21,62.21,62.21,152.86,62.21,43.78,43.78,,,,,49.2,43.78,43.78,43.78,43.78,43.78,55.83,58.75,50.39,52.48,43.78,43.78,43.78,43.78,48.54,48.2,,,,,,
2019-02-28 21:00:00+01:00,,44.2,,44.2,32.68,43.07,,44.15,,44.2,44.2,44.2,43.14,57.25,43.14,44.2,54.57,,70.6,52.08,46.27,,57.31,,,,56.72,56.72,,56.72,56.72,56.72,135.12,56.72,43.14,43.14,,,,,44.2,43.14,43.14,43.14,43.14,43.14,47.61,57.25,43.22,47.97,43.14,43.14,43.14,43.14,52.08,44.15,,,,,,
2019-02-28 22:00:00+01:00,,43.21,,43.21,23.69,42.79,,42.86,,43.21,43.21,43.21,42.6,55.04,42.6,43.21,53.03,,69.73,45.78,43.46,,55.7,,,,53.23,53.23,,53.23,53.23,53.23,90.84,53.23,42.6,42.6,,,,,43.21,42.6,42.6,42.6,42.6,42.6,42.79,55.04,39.43,45.91,42.6,42.6,42.6,42.6,45.78,42.86,,,,,,
2019-02-28 23:00:00+01:00,,41.44,,41.44,22.54,40.08,,39.98,,41.44,41.44,41.44,41.44,54.52,41.44,41.44,52.41,,68.62,43.37,41.75,,55.05,,,,47.8,47.8,,47.8,47.8,47.8,50.0,47.8,41.44,41.44,,,,,41.44,41.44,41.44,41.44,41.44,41.44,41.63,54.52,39.38,44.56,41.44,41.44,41.44,41.44,43.37,39.98,,,,,,
2019-03-01 00:00:00+01:00,,39.4,,39.4,24.06,37.22,,37.84,,39.4,39.4,41.46,41.46,55.03,41.46,39.4,49.33,,65.76,39.4,37.84,,51.94,,,,48.33,48.33,,48.33,48.33,48.33,48.33,48.33,41.46,41.46,,,,,39.4,41.46,41.46,41.46,41.46,41.46,41.57,55.03,32.21,38.14,41.46,41.46,41.46,41.46,39.4,37.84,,,,,,
2019-03-01 01:00:00+01:00,,37.1,,38.25,24.91,36.31,,36.64,,37.1,40.85,40.85,40.85,53.6,40.85,36.09,48.83,,65.76,37.1,36.64,,50.21,,,,46.1,46.1,,46.1,46.1,46.1,46.1,46.1,40.85,40.85,,,,,37.7,40.85,40.85,40.85,40.85,40.85,40.96,53.6,28.46,36.05,40.85,40.85,40.85,40.85,37.1,36.64,,,,,,
2019-03-01 02:00:00+01:00,,36.67,,37.57,22.54,36.14,,36.3,,36.67,40.69,40.69,40.69,52.0,40.69,35.78,49.5,,65.76,36.67,36.3,,50.0,,,,44.81,44.81,,44.81,44.81,44.81,44.81,44.81,40.69,40.69,,,,,37.23,40.69,40.69,40.69,40.69,40.69,40.8,52.0,28.46,35.99,40.69,40.69,40.69,40.69,36.67,36.3,,,,,,
2019-03-01 03:00:00+01:00,,36.27,,38.94,29.41,35.18,,35.8,,36.27,41.02,41.02,41.02,50.9,41.02,33.89,48.02,,64.27,36.27,35.8,,47.07,,,,44.14,44.14,,44.14,44.14,44.14,44.14,44.14,41.02,41.02,,,,,37.72,41.02,41.02,41.02,41.02,41.02,41.13,50.9,31.73,35.73,41.02,41.02,41.02,41.02,36.27,35.8,,,,,,
2019-03-01 04:00:00+01:00,,37.33,,41.3,31.56,35.91,,36.62,,37.33,41.92,41.92,41.92,50.9,41.92,33.18,47.21,,65.76,37.33,36.62,,47.0,,,,44.56,44.56,,44.56,44.56,44.56,44.56,44.56,41.92,41.92,,,,,40.06,41.92,41.92,41.92,41.92,41.92,42.04,50.9,36.6,35.31,41.92,41.92,41.92,41.92,37.33,36.62,,,,,,
2019-03-01 05:00:00+01:00,,39.63,,44.07,37.47,38.34,,38.6,,39.63,40.4,43.39,45.92,53.4,45.92,35.55,47.21,,67.36,47.6,41.82,,46.27,,,,47.6,47.6,,47.6,47.6,47.6,47.6,47.6,45.92,45.92,,,,,41.96,43.39,43.39,43.39,43.39,43.39,46.05,53.4,41.8,39.49,43.39,43.39,43.39,43.39,47.6,38.6,,,,,,
2019-03-01 06:00:00+01:00,,46.75,,46.75,44.1,46.57,,46.04,,46.75,46.75,45.3,55.19,55.33,55.19,46.75,49.91,,64.34,60.5,58.43,,47.76,,,,60.5,60.5,,60.5,60.5,60.5,60.5,60.5,55.19,55.19,,,,,46.75,45.3,45.3,45.3,44.96,45.3,55.35,55.33,58.4,49.29,45.3,45.3,45.3,45.3,60.5,46.04,,,,,,
2019-03-01 07:00:00+01:00,,47.98,,47.98,51.07,51.74,,53.25,,47.98,47.98,47.98,56.58,57.17,56.58,47.98,56.89,,67.66,58.72,58.64,,54.44,,,,58.72,58.72,,58.72,58.72,58.72,75.0,58.72,56.58,56.58,,,,,47.98,46.45,46.45,45.0,45.0,46.45,56.74,57.17,58.61,56.23,45.0,45.0,46.45,47.98,58.72,53.25,,,,,,
2019-03-01 08:00:00+01:00,,49.99,,51.28,60.23,53.98,,53.17,,49.99,49.99,49.99,62.6,58.01,62.6,48.88,58.36,,66.31,62.84,57.93,,60.0,,,,62.84,62.84,,62.84,62.84,62.84,62.84,62.84,62.6,62.6,,,,,50.62,48.52,48.52,45.0,45.0,48.52,62.78,58.01,57.91,56.48,45.0,45.0,49.99,49.99,62.84,53.17,,,,,,
2019-03-01 09:00:00+01:00,,50.28,,51.93,45.39,52.0,,51.63,,50.28,50.28,50.28,53.82,58.43,53.82,48.85,72.04,,65.81,57.52,54.79,,74.05,,,,57.52,57.52,,57.52,57.52,57.52,57.52,57.52,53.82,53.82,,,,,51.08,48.44,48.44,45.47,45.47,48.44,64.67,58.43,54.77,53.86,45.47,45.47,50.28,50.28,57.52,51.63,,,,,,
2019-03-01 10:00:00+01:00,,51.15,,53.32,52.21,50.89,,50.38,,51.15,51.15,51.15,53.88,58.01,53.88,49.27,73.33,,63.28,53.16,55.22,,75.38,,,,53.16,53.16,,53.16,49.16,53.16,49.16,49.16,53.88,53.88,,,,,52.21,47.57,47.57,45.33,45.33,47.57,63.95,58.01,55.19,51.64,45.33,45.33,50.5,51.15,53.16,50.38,,,,,,
2019-03-01 11:00:00+01:00,,50.97,,53.42,38.97,49.24,,48.3,,50.97,50.97,50.97,53.88,57.38,53.88,49.14,67.14,,63.02,50.97,50.75,,69.02,,,,50.97,50.97,,50.97,42.0,49.75,42.0,42.0,53.88,53.88,,,,,52.03,46.51,46.51,44.87,44.87,46.51,64.94,57.38,50.73,49.14,44.87,44.87,46.51,50.97,50.97,48.3,,,,,,
2019-03-01 12:00:00+01:00,,48.56,,48.56,50.9,47.25,,46.4,,48.56,48.56,48.56,51.29,57.0,51.29,48.56,59.58,,63.02,48.56,49.9,,61.24,,,,48.56,48.56,,48.56,42.0,30.0,42.0,42.0,51.29,51.29,,,,,48.56,46.02,46.02,44.74,44.74,46.02,63.97,57.0,49.88,48.16,44.74,44.74,46.02,48.56,48.56,46.4,,,,,,
2019-03-01 13:00:00+01:00,,47.4,,47.4,48.05,46.44,,44.82,,47.4,47.4,47.4,49.08,55.53,49.08,47.4,55.81,,62.89,47.4,50.1,,57.36,,,,47.4,47.4,,47.4,42.0,10.0,42.0,42.0,49.08,49.08,,,,,47.4,45.8,45.8,44.62,44.62,45.8,62.99,55.53,48.28,46.61,44.62,44.62,45.8,46.26,47.4,44.82,,,,,,
2019-03-01 14:00:00+01:00,,46.91,,46.91,52.95,46.09,,44.1,,46.91,46.91,46.91,49.04,54.52,49.04,46.91,49.64,,64.37,50.06,51.79,,51.03,,,,50.06,50.06,,50.06,48.0,20.01,48.0,48.0,49.04,49.04,,,,,46.91,45.41,45.41,44.53,44.53,45.41,60.55,54.52,48.28,49.0,44.53,44.53,45.41,45.79,50.06,44.1,,,,,,
2019-03-01 15:00:00+01:00,,45.97,,48.66,55.97,46.19,,44.4,,45.97,45.97,45.97,47.11,53.1,47.11,43.6,49.79,,65.82,50.87,52.08,,51.17,,,,53.09,53.09,,53.09,53.09,49.75,53.09,53.09,47.11,47.11,,,,,47.31,45.55,45.55,43.96,43.96,45.55,58.38,53.1,52.06,49.83,43.96,43.96,45.55,45.55,50.87,44.4,,,,,,
2019-03-01 16:00:00+01:00,,46.93,,53.02,56.91,47.05,,45.85,,46.93,46.93,46.93,50.64,50.9,50.64,41.57,51.46,,66.26,46.93,57.1,,52.89,,,,56.55,56.55,,56.55,56.55,56.55,56.55,56.55,50.64,50.64,,,,,50.04,45.79,45.79,43.68,43.68,45.79,58.3,50.9,57.08,52.03,43.68,43.68,45.79,45.8,46.93,45.85,,,,,,
2019-03-01 17:00:00+01:00,,49.99,,56.32,63.58,49.82,,50.45,,50.79,50.79,50.79,61.69,51.53,61.69,45.94,57.62,,68.63,49.99,58.28,,59.22,,,,62.84,62.84,,62.84,62.84,62.84,62.84,62.84,61.69,61.69,,,,,53.59,46.2,46.2,43.71,43.71,46.2,61.89,51.53,58.25,60.95,43.71,43.71,46.2,50.79,49.99,50.45,,,,,,
2019-03-01 18:00:00+01:00,,51.58,,58.64,68.8,52.78,,55.1,,52.59,52.59,52.59,64.87,53.5,64.87,47.98,69.83,,75.2,70.52,69.19,,71.77,,,,70.52,70.52,,70.52,70.52,70.52,93.71,70.52,64.87,64.87,,,,,55.0,46.62,46.62,43.51,43.51,46.62,65.15,53.5,69.17,69.89,43.51,43.51,46.62,52.59,70.52,55.1,,,,,,
2019-03-01 19:00:00+01:00,,52.49,,52.49,57.67,52.81,,54.3,,52.49,52.49,52.49,51.23,55.12,47.5,52.49,81.74,,75.2,72.0,65.45,,84.0,,,,72.0,72.0,,72.0,72.0,72.0,135.12,72.0,51.23,51.23,,,,,52.49,46.21,46.21,43.48,43.48,46.21,64.86,55.12,65.42,66.55,43.48,43.48,46.21,51.23,72.0,54.3,,,,,,
2019-03-01 20:00:00+01:00,,48.66,,48.66,60.24,50.09,,51.6,,48.66,48.66,48.66,47.49,56.03,45.52,48.66,68.67,,73.41,64.0,58.58,,70.57,,,,64.0,64.0,,64.0,64.0,64.0,129.0,64.0,47.49,47.49,,,,,48.66,45.52,45.52,43.43,43.43,45.52,64.04,56.03,58.55,57.1,43.43,43.43,45.52,47.49,64.0,51.6,,,,,,
2019-03-01 21:00:00+01:00,,46.53,,46.53,47.75,46.07,,47.84,,46.53,46.53,46.53,45.04,55.15,45.04,46.53,58.37,,68.79,58.41,54.18,,59.99,,,,58.41,58.41,,58.41,58.41,58.41,93.71,58.41,45.04,45.04,,,,,46.53,45.04,45.04,43.19,43.19,45.04,56.7,55.15,46.18,52.43,43.19,43.19,45.04,45.04,58.41,47.84,,,,,,
2019-03-01 22:00:00+01:00,,45.65,,45.65,35.05,46.03,,46.14,,45.65,45.65,45.65,44.19,53.32,44.19,45.65,54.59,,68.65,53.9,52.17,,54.88,,,,53.9,53.9,,53.9,53.9,53.9,53.9,53.9,44.19,44.19,,,,,45.65,44.19,44.19,44.19,44.19,44.19,54.48,53.32,42.07,48.94,44.19,44.19,44.19,44.19,53.9,46.14,,,,,,
2019-03-01 23:00:00+01:00,,44.41,,44.41,38.98,43.59,,43.92,,44.41,44.41,44.41,43.35,50.77,43.35,44.41,48.77,,65.84,46.55,47.48,,51.34,,,,49.31,49.31,,49.31,49.31,49.31,49.31,49.31,43.35,43.35,,,,,44.41,43.35,43.35,43.35,43.35,43.35,48.87,50.77,38.99,45.52,43.35,43.35,43.35,43.35,46.55,43.92,,,,,,
2019-03-02 00:00:00+01:00,,44.19,,44.19,39.09,43.22,,42.6,,44.19,44.19,44.19,43.13,54.46,43.13,44.19,67.4,,64.36,44.19,43.95,,70.78,,,,53.99,53.99,,53.99,53.99,53.99,53.99,53.99,43.13,43.13,,,,,44.19,44.15,44.15,43.13,43.13,44.15,43.24,54.46,42.07,43.96,43.13,43.13,43.13,43.13,44.19,42.6,,,,,,
2019-03-02 01:00:00+01:00,,43.28,,43.28,28.69,41.52,,40.2,,43.28,43.28,43.28,42.24,52.08,42.24,43.28,64.03,,68.01,43.28,40.98,,67.24,,,,49.27,49.27,,49.27,49.27,49.27,49.27,49.27,42.24,42.24,,,,,43.28,43.32,43.32,42.24,42.24,43.32,42.35,52.08,40.97,42.04,42.24,42.24,42.24,42.24,43.28,40.2,,,,,,
2019-03-02 02:00:00+01:00,,41.09,,41.09,29.42,39.84,,39.64,,41.09,41.09,41.09,41.09,46.02,41.09,41.09,56.46,,67.27,41.09,39.64,,57.88,,,,47.8,47.8,,47.8,47.8,47.8,47.8,47.8,41.09,41.09,,,,,41.09,42.45,42.45,41.09,41.09,42.45,41.2,46.02,37.53,41.04,41.09,41.09,41.09,41.09,41.09,39.64,,,,,,
2019-03-02 03:00:00+01:00,,39.49,,39.49,31.01,39.45,,38.36,,39.49,39.49,39.49,39.49,43.97,39.49,39.49,51.22,,65.77,39.49,38.36,,52.51,,,,44.0,44.0,,44.0,44.0,44.0,44.0,44.0,39.49,39.49,,,,,39.49,41.81,41.81,39.49,39.49,41.81,40.29,43.97,35.64,40.0,39.49,39.49,39.49,39.49,39.49,38.36,,,,,,
2019-03-02 04:00:00+01:00,,39.59,,41.54,29.43,39.22,,38.17,,39.59,39.59,39.59,39.59,42.9,39.59,37.89,51.18,,65.77,39.59,38.17,,48.83,,,,42.65,42.65,,42.65,42.65,42.65,42.65,42.65,39.59,39.59,,,,,40.63,41.98,41.98,39.59,39.59,41.98,40.04,42.9,37.52,39.52,39.59,39.59,39.59,39.59,39.59,38.17,,,,,,
2019-03-02 05:00:00+01:00,,39.97,,39.97,35.03,39.71,,38.99,,39.97,39.97,39.97,39.97,43.97,39.97,39.97,49.25,,73.24,40.0,38.99,,46.62,,,,42.5,42.5,,42.5,42.5,42.5,42.5,42.5,39.97,39.97,,,,,39.97,41.92,41.92,39.97,39.97,41.92,40.08,43.97,37.97,41.22,39.97,39.97,39.97,39.97,40.0,38.99,,,,,,
2019-03-02 06:00:00+01:00,,41.42,,41.42,36.82,40.72,,40.3,,41.42,41.42,41.42,40.48,45.36,40.48,41.42,48.61,,65.7,41.42,43.07,,39.79,,,,49.27,49.27,,49.27,49.27,49.27,49.27,49.27,40.48,40.48,,,,,41.42,42.79,42.79,40.48,40.48,42.79,42.05,45.36,43.06,42.88,40.48,40.48,40.48,40.48,41.42,40.3,,,,,,
2019-03-02 07:00:00+01:00,,43.92,,43.92,39.07,43.48,,43.36,,43.92,43.92,43.92,41.16,47.99,41.16,43.92,54.07,,65.35,43.92,45.04,,37.75,,,,54.0,54.0,,54.0,54.0,54.0,54.0,54.0,41.16,41.16,,,,,43.92,43.55,43.55,41.16,41.16,43.55,48.39,47.99,45.03,44.24,41.16,41.16,41.16,41.16,43.92,43.36,,,,,,
2019-03-02 08:00:00+01:00,,47.89,,47.89,42.03,46.19,,46.46,,47.89,46.33,46.33,41.64,48.57,41.64,47.89,75.98,,65.73,47.89,48.06,,34.25,,,,55.82,55.82,,55.82,55.82,55.82,55.82,55.82,41.64,41.64,,,,,47.89,45.33,45.33,41.64,41.64,45.33,55.88,48.57,48.05,47.07,41.64,41.64,41.64,41.64,47.89,46.46,,,,,,
2019-03-02 09:00:00+01:00,,48.6,,48.6,40.92,46.44,,46.5,,48.6,45.38,45.38,41.93,53.89,41.93,48.6,81.25,,65.38,48.6,48.3,,34.25,,,,54.0,54.0,,54.0,54.0,54.0,54.0,54.0,41.93,41.93,,,,,48.6,45.38,45.38,41.93,41.93,45.38,57.63,53.89,48.29,47.75,41.93,41.93,41.93,41.93,48.6,48.3,,,,,,
2019-03-02 10:00:00+01:00,,47.9,,47.9,34.41,46.41,,46.48,,47.9,45.17,45.17,42.36,54.0,42.36,47.9,76.04,,64.41,47.9,49.45,,34.82,,,,47.9,47.9,,47.9,47.53,47.9,47.53,47.53,42.36,42.36,,,,,47.9,45.17,45.17,42.36,42.36,45.17,58.56,54.0,48.29,46.67,42.36,42.36,42.36,42.36,47.9,46.48,,,,,,
2019-03-02 11:00:00+01:00,,45.84,,45.84,34.31,44.15,,45.06,,45.84,44.37,44.37,41.98,50.49,41.98,45.84,53.22,,64.41,45.84,49.84,,32.5,,,,45.84,45.84,,45.84,39.51,45.84,39.51,39.51,41.98,41.98,,,,,45.84,44.37,44.37,41.98,41.98,44.37,58.08,50.49,47.14,45.56,41.98,41.98,41.98,41.98,45.84,49.84,,,,,,
2019-03-02 12:00:00+01:00,,43.9,,43.9,34.33,41.18,,42.39,,43.9,43.9,43.9,41.84,48.51,41.84,43.9,46.0,,65.36,43.9,47.91,,32.5,,,,43.9,43.9,,43.9,39.49,43.9,39.49,39.49,41.84,41.84,,,,,43.9,43.48,43.48,41.84,41.84,43.48,56.92,48.51,47.9,44.62,41.84,41.84,41.84,41.84,43.9,47.91,,,,,,
2019-03-02 13:00:00+01:00,,40.21,,40.21,33.91,38.57,,40.14,,40.21,40.21,40.21,40.21,45.06,40.21,40.21,44.23,,65.33,40.21,44.97,,32.5,,,,40.21,40.21,,40.21,39.48,40.21,39.48,39.48,40.21,40.21,,,,,40.21,42.16,42.16,40.21,40.21,42.16,56.5,45.06,44.97,41.86,40.21,40.21,40.21,40.21,40.21,44.97,,,,,,
2019-03-02 14:00:00+01:00,,39.26,,42.53,36.09,37.19,,38.7,,39.26,39.26,39.26,39.26,41.2,39.26,36.85,43.64,,65.4,39.48,45.1,,32.5,,,,39.48,39.48,,39.48,39.48,39.48,39.48,39.48,39.26,39.26,,,,,40.68,42.03,42.03,39.26,39.26,42.03,52.39,43.97,45.09,41.93,39.26,39.26,39.26,39.26,39.48,38.7,,,,,,
2019-03-02 15:00:00+01:00,,39.18,,43.45,43.27,36.78,,38.33,,39.18,39.18,39.18,39.18,38.99,39.18,36.03,43.6,,65.74,39.64,47.91,,32.5,,,,39.64,39.64,,39.64,39.64,39.64,39.64,39.64,39.18,39.18,,,,,41.04,42.4,42.4,39.18,39.18,42.4,47.49,42.79,47.91,42.33,39.18,39.18,39.18,39.18,39.64,47.91,,,,,,
2019-03-02 16:00:00+01:00,,40.92,,39.67,53.47,38.74,,39.88,,40.92,40.92,40.97,40.97,38.9,40.97,33.96,40.71,,66.28,45.0,50.4,,32.5,,,,45.0,45.0,,45.0,45.0,45.0,45.0,45.0,40.97,40.97,,,,,41.91,42.82,42.82,40.97,40.97,42.82,48.41,42.76,50.4,46.18,40.97,40.97,40.97,40.97,45.0,50.4,,,,,,
2019-03-02 17:00:00+01:00,,43.84,,43.0,60.97,42.2,,42.8,,43.84,43.84,43.78,43.78,40.79,43.78,36.8,46.44,,69.0,53.99,57.36,,34.25,,,,53.99,53.99,,53.99,53.99,53.99,53.99,53.99,43.78,43.78,,,,,45.1,43.78,43.78,43.78,43.78,43.78,54.87,42.69,57.36,54.92,43.78,43.78,43.78,43.78,53.99,57.36,,,,,,
2019-03-02 18:00:00+01:00,,46.49,,46.49,69.46,44.96,,46.12,,46.49,44.88,44.88,44.77,50.06,44.77,46.49,58.24,,68.56,67.0,69.39,,37.84,,,,67.0,67.0,,67.0,67.0,67.0,92.06,67.0,44.77,44.77,,,,,46.49,44.88,44.88,44.77,44.77,44.88,56.36,50.06,69.38,63.92,44.77,44.77,44.77,44.77,67.0,69.39,,,,,,
2019-03-02 19:00:00+01:00,,46.8,,46.8,66.15,43.45,,45.0,,46.8,43.22,43.22,43.22,55.64,43.22,46.8,75.71,,67.93,70.0,67.14,,46.79,,,,70.0,70.0,,70.0,70.0,70.0,93.71,70.0,43.22,43.22,,,,,46.8,43.96,43.96,43.22,43.22,43.96,55.72,55.64,67.14,61.38,43.22,43.22,43.22,43.22,70.0,57.25,,,,,,
2019-03-02 20:00:00+01:00,,38.36,,39.26,60.48,38.1,,38.63,,38.27,38.27,40.47,40.47,57.51,40.47,38.73,60.57,,67.84,39.97,60.07,,46.62,,,,65.0,65.0,,65.0,65.0,65.0,93.71,65.0,40.47,40.47,,,,,40.46,43.19,43.19,40.47,40.47,43.19,48.37,57.51,60.06,54.0,40.47,40.47,40.47,40.47,39.97,49.28,,,,,,
2019-03-02 21:00:00+01:00,,32.07,,34.48,51.94,35.78,,33.1,,32.07,32.07,32.07,40.06,57.51,40.06,33.24,53.12,,67.78,40.8,56.91,,40.0,,,,57.75,58.41,,57.75,58.41,58.41,92.06,58.41,40.06,40.06,,,,,39.9,42.54,42.54,40.06,40.06,42.54,46.76,57.51,56.9,50.13,40.06,40.06,40.06,40.06,40.8,46.5,,,,,,
2019-03-02 22:00:00+01:00,,31.1,,35.51,43.86,35.91,,30.84,,30.52,30.52,30.52,39.77,56.51,39.77,33.2,47.82,,67.73,40.8,51.61,,37.75,,,,53.99,53.99,,53.99,53.99,53.99,81.0,53.99,39.77,39.77,,,,,39.9,42.07,42.07,39.77,39.77,42.07,40.26,56.51,51.6,45.08,39.77,39.77,39.77,39.77,40.8,30.84,,,,,,
2019-03-02 23:00:00+01:00,,26.16,,30.13,42.02,32.87,,23.31,,25.34,25.34,25.34,37.77,55.53,37.77,29.25,39.75,,65.87,26.16,43.79,,37.75,,,,50.07,50.07,,50.07,50.07,50.07,50.07,50.07,37.77,37.77,,,,,38.57,41.71,41.71,37.77,37.77,41.71,42.05,55.53,43.79,39.3,37.77,37.77,37.77,37.77,26.16,23.31,,,,,,
2019-03-03 00:00:00+01:00,,23.54,,28.39,34.95,27.1,,16.3,,22.77,22.77,38.89,38.89,56.5,38.89,26.83,41.36,,61.9,53.0,31.9,,32.5,,,,53.0,57.09,,53.0,57.09,53.0,57.09,57.09,38.89,38.89,,,,,39.9,41.22,41.22,38.89,38.89,41.22,38.86,56.5,31.91,30.99,38.89,38.89,38.89,38.89,53.0,16.3,,,,,,
2019-03-03 01:00:00+01:00,,10.38,,19.76,29.33,24.07,,14.3,,8.67,8.67,36.9,37.48,53.01,37.48,17.78,41.66,,61.9,40.8,26.08,,32.5,,,,47.73,49.8,,47.73,49.8,47.73,49.8,49.8,37.48,37.48,,,,,40.19,41.52,41.52,37.48,37.48,41.52,37.45,53.1,26.09,28.28,37.48,37.48,37.48,37.48,40.8,14.3,,,,,,
2019-03-03 02:00:00+01:00,,10.5,,14.93,22.52,21.12,,10.21,,1.84,1.84,1.84,37.29,42.0,37.29,14.68,38.25,,59.4,10.5,19.93,,35.23,,,,46.56,46.56,,46.56,46.56,46.56,46.56,46.56,37.08,37.29,,,,,36.9,41.1,41.1,37.29,37.29,41.1,37.05,42.0,19.94,24.94,37.29,37.29,37.29,37.29,10.5,10.21,,,,,,
2019-03-03 03:00:00+01:00,,2.17,,13.33,22.52,23.75,,12.38,,0.09,0.09,0.09,37.74,44.46,37.74,11.2,38.62,,54.73,2.17,14.63,,35.82,,,,45.15,45.15,,45.15,45.15,45.15,45.15,45.15,37.04,37.74,,,,,37.26,40.98,40.98,37.74,37.74,40.98,37.01,44.46,14.63,22.28,37.74,37.74,37.74,37.74,2.17,12.38,,,,,,
2019-03-03 04:00:00+01:00,,2.06,,12.98,22.53,26.45,,9.82,,0.07,0.07,0.07,38.57,41.22,38.57,10.7,35.79,,55.0,2.06,14.76,,34.72,,,,45.15,45.15,,45.15,45.15,45.15,45.15,45.15,37.1,38.57,,,,,36.7,41.41,41.41,38.57,38.57,41.41,36.72,41.22,14.76,22.47,38.57,38.57,38.57,38.57,2.06,9.82,,,,,,
2019-03-03 05:00:00+01:00,,2.02,,12.74,27.33,19.32,,10.72,,0.03,0.03,38.86,38.86,41.19,38.86,10.68,34.95,,61.9,2.02,23.22,,35.23,,,,47.63,47.63,,47.63,47.63,47.63,47.63,47.63,38.86,38.86,,,,,35.71,39.1,39.1,38.86,38.86,39.1,38.83,41.19,23.23,26.05,38.86,38.86,38.86,38.86,2.02,10.72,,,,,,
2019-03-03 06:00:00+01:00,,-1.35,,11.12,22.51,17.79,,14.16,,-2.81,-2.81,37.33,37.33,41.2,37.33,8.37,40.26,,64.15,19.9,20.07,,38.15,,,,52.78,52.78,,52.78,52.78,52.78,52.78,52.78,37.33,37.33,,,,,38.83,40.11,40.11,37.33,37.33,40.11,37.31,41.2,20.08,25.96,37.33,37.33,37.33,37.33,19.9,14.16,,,,,,
2019-03-03 07:00:00+01:00,,1.42,,13.81,22.52,21.92,,13.71,,-0.04,-0.04,39.12,39.12,41.2,39.12,11.1,58.21,,63.98,51.63,32.42,,52.76,,,,51.63,51.63,,51.63,51.63,51.63,51.63,51.63,39.12,39.12,,,,,41.37,40.96,40.96,39.12,39.12,40.96,39.1,41.2,32.43,31.93,39.12,39.12,39.12,39.12,51.63,13.71,,,,,,
2019-03-03 08:00:00+01:00,,11.73,,15.11,34.05,22.79,,23.99,,2.86,2.86,40.21,40.21,40.79,40.21,13.74,39.4,,63.98,49.2,39.57,,42.52,,,,49.2,49.2,,49.2,49.2,49.2,49.2,49.2,40.21,40.21,,,,,38.0,40.88,40.88,40.21,40.21,40.88,40.19,40.79,39.59,37.89,40.21,40.21,40.21,40.21,49.2,23.99,,,,,,
2019-03-03 09:00:00+01:00,,12.2,,16.05,34.05,19.02,,31.98,,0.08,0.08,41.03,41.03,41.5,41.03,15.43,50.41,,63.98,51.56,42.06,,50.0,,,,51.56,51.56,,51.56,51.56,51.56,51.56,51.56,41.03,41.03,,,,,45.12,42.11,42.11,41.03,41.03,42.11,41.01,41.5,42.07,42.79,41.03,41.03,41.03,41.03,51.56,40.96,,,,,,
2019-03-03 10:00:00+01:00,,2.06,,17.85,29.41,11.95,,31.82,,0.11,0.11,41.42,41.42,41.5,41.42,14.11,53.93,,63.98,52.05,43.25,,56.26,,,,52.05,52.05,,52.05,52.05,52.05,52.05,52.05,41.42,41.42,,,,,52.02,42.66,42.66,41.42,41.42,42.66,41.4,41.5,42.07,40.96,41.42,41.42,41.42,41.42,52.05,43.0,,,,,,
2019-03-03 11:00:00+01:00,,5.52,,24.66,29.13,14.47,,28.04,,3.33,3.33,40.99,40.99,40.71,40.99,15.41,60.6,,64.41,48.08,43.52,,61.71,,,,48.08,48.08,,48.08,48.08,48.08,48.08,48.08,40.99,40.99,,,,,58.44,42.62,42.62,40.99,40.99,42.62,40.97,40.71,41.97,37.88,40.99,40.99,40.99,40.99,48.08,41.98,,,,,,
2019-03-03 12:00:00+01:00,,5.59,,19.02,22.55,13.94,,24.0,,4.02,4.02,40.65,40.65,39.17,40.65,13.91,53.05,,65.41,47.18,39.5,,55.33,,,,47.18,47.18,,47.18,47.18,47.18,47.18,47.18,40.65,40.65,,,,,51.16,42.49,42.49,40.65,40.65,42.49,40.63,39.17,39.44,34.17,40.65,40.65,40.65,40.65,47.18,39.5,,,,,,
2019-03-03 13:00:00+01:00,,2.36,,13.98,22.53,8.67,,22.04,,1.06,1.06,40.23,40.23,35.0,40.23,8.58,68.75,,63.98,45.44,36.81,,70.0,,,,45.44,45.44,,45.44,45.44,45.44,45.44,45.44,40.23,40.23,,,,,43.33,41.94,41.94,40.23,40.23,41.94,40.22,35.0,35.43,32.61,40.23,40.23,40.23,40.23,45.44,22.04,,,,,,
2019-03-03 14:00:00+01:00,,3.15,,13.56,24.04,8.58,,21.07,,2.0,2.0,39.87,39.87,34.25,39.87,8.7,64.1,,54.9,40.0,35.48,,65.27,,,,46.26,46.26,,46.26,46.26,46.26,46.26,46.26,39.87,39.87,,,,,39.75,40.95,40.95,39.87,39.87,40.95,39.85,34.25,35.49,31.03,39.87,39.87,39.87,39.87,40.0,21.07,,,,,,
2019-03-03 15:00:00+01:00,,5.78,,15.02,27.67,8.55,,21.25,,4.75,4.75,39.68,39.68,25.0,39.68,10.71,55.41,,54.9,40.7,42.06,,52.51,,,,52.14,52.14,,52.14,52.14,52.14,52.14,52.14,39.68,39.68,,,,,38.3,39.68,39.68,39.68,39.68,39.68,39.67,25.0,42.08,31.04,39.68,39.68,39.68,39.68,40.7,21.25,,,,,,
2019-03-03 16:00:00+01:00,,15.21,,21.97,41.02,13.81,,22.13,,15.0,20.07,40.29,40.29,21.0,40.29,16.51,52.37,,63.98,40.7,48.28,,49.62,,,,56.6,56.6,,56.6,56.6,56.6,56.6,56.6,40.29,40.29,,,,,33.8,40.29,40.29,40.29,40.29,40.29,40.28,21.0,48.3,35.9,40.29,40.29,40.29,40.29,40.7,22.13,,,,,,
2019-03-03 17:00:00+01:00,,23.12,,30.44,50.58,27.66,,28.25,,22.72,41.79,41.79,41.79,23.99,41.79,17.05,58.79,,67.4,23.12,49.46,,55.71,,,,59.04,59.04,,59.04,59.04,59.04,59.04,59.04,41.79,41.79,,,,,40.0,41.79,41.79,41.79,41.79,41.79,41.78,23.99,49.48,47.93,41.79,41.79,41.79,41.79,23.12,43.16,,,,,,
2019-03-03 18:00:00+01:00,,32.02,,33.91,55.05,36.59,,35.3,,31.8,42.92,42.92,42.92,33.03,42.92,33.03,72.49,,70.23,40.8,58.61,,68.69,,,,67.0,67.0,,67.0,67.0,67.0,93.71,67.0,42.92,42.92,,,,,39.0,42.92,42.92,42.92,42.92,42.92,42.91,33.03,58.63,57.94,42.92,42.92,42.92,42.92,40.8,45.9,,,,,,
2019-03-03 19:00:00+01:00,,38.59,,39.45,54.41,38.06,,36.0,,38.49,43.12,43.12,43.12,39.72,43.12,39.05,81.61,,70.23,67.0,57.96,,77.32,,,,67.0,67.0,,67.0,67.0,67.0,93.71,67.0,43.12,43.12,,,,,41.8,43.12,43.12,43.12,43.12,43.12,43.12,39.72,48.3,58.67,43.12,43.12,43.12,43.12,67.0,45.15,,,,,,
2019-03-03 20:00:00+01:00,,25.47,,30.83,54.2,36.62,,31.37,,24.83,41.07,42.68,42.68,44.51,42.68,28.94,72.18,,70.5,40.8,52.08,,68.39,,,,63.58,66.0,,63.58,66.0,66.0,117.01,66.0,42.68,42.68,,,,,44.09,42.68,42.68,42.68,42.68,42.68,42.68,44.51,42.08,53.95,42.68,42.68,42.68,42.68,40.8,43.6,,,,,,
2019-03-03 21:00:00+01:00,,28.08,,27.11,51.06,34.79,,27.0,,19.92,40.82,41.62,41.62,52.6,41.62,26.18,55.96,,69.12,57.25,41.36,,53.01,,,,57.25,62.84,,57.25,62.84,62.84,93.71,62.84,41.62,41.62,,,,,40.88,42.23,42.23,41.62,41.62,42.23,41.62,52.6,39.44,43.04,41.62,41.62,41.62,41.62,57.25,41.36,,,,,,
2019-03-03 22:00:00+01:00,,31.05,,30.72,29.42,35.33,,23.7,,24.3,40.94,40.94,40.94,41.5,40.94,29.99,52.24,,68.48,56.65,29.3,,47.8,,,,56.65,57.19,,56.65,57.19,57.19,75.0,57.19,40.94,40.94,,,,,41.9,41.91,41.91,40.94,40.94,41.91,40.94,41.5,29.32,40.91,40.94,40.94,40.94,40.94,56.65,23.7,,,,,,
2019-03-03 23:00:00+01:00,,20.84,,27.85,22.55,34.61,,20.08,,19.47,40.32,40.32,40.32,39.72,40.32,26.55,44.43,,67.34,40.0,21.99,,48.11,,,,49.49,50.0,,49.49,50.0,50.0,50.0,50.0,40.32,40.32,,,,,42.84,41.47,41.47,40.32,40.32,41.47,40.32,39.72,16.87,35.9,40.32,40.32,40.32,40.32,40.0,20.08,,,,,,
2019-03-04 00:00:00+01:00,,28.06,,22.0,22.52,28.05,,18.8,,-0.07,0.11,0.11,39.78,30.0,39.78,30.0,52.35,,64.16,40.0,18.8,,53.28,,,,44.97,44.97,,44.97,44.97,44.97,44.97,44.97,37.33,39.78,,,,,40.25,41.58,41.58,39.78,39.78,41.58,37.65,30.0,18.81,26.97,39.78,39.78,39.78,39.78,40.0,18.8,,,,,,
2019-03-04 01:00:00+01:00,,12.15,,19.15,22.51,25.35,,5.96,,-0.21,-0.21,-0.21,39.3,12.69,39.3,12.69,62.94,,64.12,12.15,5.96,,64.08,,,,42.95,42.95,,42.95,42.95,42.95,42.95,42.95,37.31,39.3,,,,,40.31,41.64,41.64,39.3,39.3,41.64,37.62,23.68,5.97,22.92,39.3,39.3,39.3,39.3,12.15,5.96,,,,,,
2019-03-04 02:00:00+01:00,,-3.93,,9.29,22.51,28.04,,2.48,,-6.86,-6.86,-6.86,39.32,7.01,39.32,7.01,52.39,,45.69,35.04,3.05,,53.36,,,,40.0,40.0,,40.0,40.0,40.0,40.0,40.0,36.61,39.32,,,,,39.8,41.11,41.11,39.32,39.32,41.11,36.91,19.5,3.05,21.96,39.32,39.32,39.32,39.32,35.04,2.48,,,,,,
2019-03-04 03:00:00+01:00,,-4.7,,7.54,22.51,28.02,,1.02,,-7.0,-7.0,-7.0,39.51,3.52,39.51,3.52,47.01,,44.1,10.16,1.02,,47.89,,,,39.0,39.0,,39.0,39.0,39.0,39.0,39.0,38.02,39.51,,,,,39.97,41.29,41.29,39.51,39.51,41.29,36.98,19.5,1.02,15.6,39.51,39.51,39.51,39.51,10.16,1.02,,,,,,
2019-03-04 04:00:00+01:00,,-0.23,,11.37,22.52,28.04,,2.2,,-2.47,-2.47,-2.47,40.7,7.92,40.7,7.92,43.79,,63.68,35.05,2.48,,45.71,,,,36.32,36.32,,36.32,36.32,36.32,36.32,36.32,37.02,40.7,,,,,36.2,40.7,40.7,40.7,40.7,40.7,37.33,18.91,2.48,14.05,40.7,40.7,40.7,40.7,35.05,2.2,,,,,,
2019-03-04 05:00:00+01:00,,27.8,,16.84,40.83,34.66,,18.19,,6.24,6.24,6.24,45.16,15.04,45.16,15.04,41.18,,67.32,42.83,35.03,,43.0,,,,42.83,42.83,,42.83,42.83,42.83,42.83,42.83,45.16,45.16,,,,,39.76,41.48,41.48,41.48,41.48,41.48,38.93,24.68,35.03,27.04,41.48,41.48,41.48,41.48,42.83,18.19,,,,,,
2019-03-04 06:00:00+01:00,,33.12,,30.34,38.49,37.12,,38.8,,25.83,25.83,42.14,47.84,32.01,47.84,29.03,44.2,,65.72,51.56,47.54,,45.07,,,,51.56,51.56,,51.56,51.56,51.56,51.56,51.56,47.84,47.84,,,,,40.1,42.32,42.32,42.32,42.32,42.32,48.23,32.01,47.54,46.41,42.32,42.32,42.32,42.32,51.56,47.54,,,,,,
2019-03-04 07:00:00+01:00,,38.15,,39.39,44.43,44.02,,39.0,,37.96,42.5,42.94,54.09,41.2,54.09,38.57,59.69,,65.93,54.0,57.94,,50.0,,,,54.0,54.0,,54.0,54.0,54.0,54.0,54.0,54.09,54.09,,,,,41.57,42.94,42.94,42.94,42.94,42.94,54.53,41.2,57.94,54.75,42.94,42.94,42.94,42.94,54.0,39.0,,,,,,
2019-03-04 08:00:00+01:00,,34.66,,45.43,39.48,44.48,,41.0,,33.1,42.42,44.03,55.03,52.01,55.03,37.56,52.93,,65.72,57.43,53.86,,62.3,,,,57.43,57.43,,57.43,47.98,57.43,47.98,47.98,55.03,55.03,,,,,45.48,44.03,44.03,44.03,44.03,44.03,55.48,52.01,53.85,57.95,44.03,44.03,44.03,44.03,57.43,41.0,,,,,,
2019-03-04 09:00:00+01:00,,29.05,,54.64,36.92,42.32,,35.0,,20.69,20.69,44.4,55.04,54.54,55.04,33.07,56.32,,64.41,40.0,50.39,,58.87,,,,57.43,57.43,,57.43,39.13,57.43,39.13,39.13,55.04,55.04,,,,,54.43,44.4,44.4,44.4,44.4,44.4,55.49,54.54,50.38,55.9,44.4,44.4,44.4,44.4,40.0,35.0,,,,,,
2019-03-04 10:00:00+01:00,,21.73,,60.35,38.82,43.07,,22.83,,7.54,7.54,44.3,54.59,52.5,54.59,33.05,62.16,,64.26,40.7,42.95,,65.0,,,,54.27,54.27,,54.27,10.0,54.27,10.0,10.0,54.59,54.59,,,,,58.5,44.3,44.3,44.3,44.3,44.3,55.03,52.5,42.93,47.92,44.3,44.3,44.3,44.3,40.7,22.83,,,,,,
2019-03-04 11:00:00+01:00,,8.77,,52.57,29.45,45.97,,20.0,,0.09,0.09,43.79,53.01,50.7,53.01,37.38,51.36,,64.4,52.46,41.53,,53.72,,,,52.46,52.46,,52.46,5.0,52.46,5.0,5.0,53.01,53.01,,,,,44.53,43.79,43.79,43.79,43.79,43.79,53.44,50.7,41.52,45.04,43.79,43.79,43.79,43.79,52.46,20.0,,,,,,
2019-03-04 12:00:00+01:00,,29.02,,50.53,39.9,44.73,,18.21,,4.28,24.65,42.95,53.0,50.49,53.0,39.98,52.03,,64.4,47.44,42.06,,53.75,,,,47.44,47.44,,47.44,3.0,47.44,3.0,3.0,53.0,53.0,,,,,41.58,42.95,42.95,42.95,42.95,42.95,53.43,50.49,42.04,46.04,42.95,42.95,42.95,42.95,47.44,18.21,,,,,,
2019-03-04 13:00:00+01:00,,7.95,,49.95,38.77,45.42,,21.05,,0.07,19.23,42.87,52.41,49.49,52.41,32.37,51.41,,63.48,47.78,42.06,,52.78,,,,47.78,47.78,,47.78,1.0,47.78,1.0,1.0,52.41,52.41,,,,,42.59,42.87,42.87,42.87,42.87,42.87,52.83,49.49,42.04,44.94,42.87,42.87,42.87,42.87,47.78,21.05,,,,,,
2019-03-04 14:00:00+01:00,,18.96,,47.82,39.94,44.61,,22.51,,5.28,14.84,42.83,51.41,42.57,51.41,27.94,49.2,,64.21,50.06,42.06,,50.03,,,,50.06,50.06,,50.06,3.11,50.06,3.11,3.11,51.41,51.41,,,,,44.25,42.83,42.83,42.83,42.83,42.83,51.82,42.57,42.04,42.55,42.83,42.83,42.83,42.83,50.06,22.51,,,,,,
2019-03-04 15:00:00+01:00,,16.76,,44.9,39.94,38.66,,23.7,,12.81,14.71,42.85,50.02,42.84,50.02,24.29,47.6,,62.79,53.17,45.09,,48.65,,,,53.17,53.17,,53.17,10.0,53.17,10.0,10.0,50.02,50.02,,,,,44.9,42.85,42.85,42.85,42.85,42.85,50.42,42.84,45.07,43.19,42.85,42.85,42.85,42.85,53.17,23.7,,,,,,
2019-03-04 16:00:00+01:00,,18.91,,47.88,42.97,37.16,,25.0,,14.81,14.81,42.88,49.92,46.1,49.92,26.75,49.24,,65.78,57.2,48.28,,49.0,,,,57.2,57.2,,57.2,41.24,57.2,41.24,41.24,49.92,49.92,,,,,47.64,42.88,42.88,42.88,42.88,42.88,50.32,46.1,48.25,45.04,42.88,42.88,42.88,42.88,57.2,25.0,,,,,,
2019-03-04 17:00:00+01:00,,29.32,,45.12,51.03,36.58,,35.0,,27.09,40.8,43.22,54.61,52.73,54.61,33.6,51.04,,78.99,40.7,49.02,,52.2,,,,57.43,57.43,,57.43,49.94,57.43,62.77,49.94,54.61,54.61,,,,,44.65,43.22,43.22,43.22,43.22,43.22,55.04,52.73,48.98,50.42,43.22,43.22,43.22,43.22,40.7,35.0,,,,,,
2019-03-04 18:00:00+01:00,,42.58,,43.41,50.56,42.98,,38.8,,42.46,42.46,43.1,53.06,55.14,53.06,42.85,69.71,,78.68,63.98,60.51,,66.38,,,,63.98,63.98,,63.98,49.95,63.98,124.99,49.95,53.06,53.06,,,,,44.52,43.1,43.1,43.1,43.1,43.1,53.48,55.14,60.46,62.03,43.1,43.1,43.1,43.1,63.98,38.8,,,,,,
2019-03-04 19:00:00+01:00,,43.12,,43.82,46.04,43.57,,39.17,,43.02,43.02,43.02,43.02,57.17,43.02,43.33,91.96,,79.32,63.98,58.26,,87.58,,,,63.98,63.98,,63.98,49.95,63.98,131.73,49.95,43.02,43.02,,,,,44.44,43.02,43.02,43.02,43.02,43.02,47.86,57.17,58.21,58.31,43.02,43.02,43.02,43.02,63.98,39.17,,,,,,
2019-03-04 20:00:00+01:00,,29.02,,49.62,43.47,40.32,,35.0,,25.98,25.98,25.98,41.61,58.75,41.61,42.15,72.45,,78.62,57.11,46.52,,69.03,,,,57.11,57.11,,57.11,49.95,57.11,129.93,49.95,41.61,41.61,,,,,44.1,42.69,42.69,41.61,41.61,42.69,47.86,58.75,46.48,43.92,41.61,41.61,41.61,41.61,57.11,35.0,,,,,,
2019-03-04 21:00:00+01:00,,22.95,,35.99,43.45,36.52,,28.2,,21.1,21.1,21.1,40.75,58.75,40.75,26.74,60.27,,78.52,54.27,43.14,,57.43,,,,54.27,54.27,,54.27,44.99,54.27,92.79,44.99,40.75,40.75,,,,,44.25,42.83,42.83,40.75,40.75,42.83,43.54,58.75,35.38,40.95,40.75,40.75,40.75,40.75,54.27,28.2,,,,,,
2019-03-04 22:00:00+01:00,,14.03,,48.53,39.47,36.51,,24.81,,10.06,10.06,10.06,39.46,57.4,39.46,39.76,49.82,,68.83,51.15,38.08,,47.49,,,,51.15,51.15,,51.15,44.96,51.15,44.96,44.96,39.46,39.46,,,,,40.86,42.21,42.21,39.46,39.46,42.21,39.77,57.4,33.02,38.4,39.46,39.46,39.46,39.46,51.15,24.81,,,,,,
2019-03-04 23:00:00+01:00,,2.54,,42.73,24.04,34.32,,19.2,,-2.39,-2.39,-2.39,37.06,56.01,37.06,36.9,46.16,,67.4,47.44,36.52,,44.01,,,,47.44,47.44,,47.44,10.0,47.44,10.0,10.0,37.06,37.06,,,,,40.29,41.62,41.62,37.06,37.06,41.62,37.61,56.01,10.53,40.86,37.06,37.06,37.06,37.06,47.44,19.2,,,,,,
2019-03-05 00:00:00+01:00,,31.01,,37.1,35.03,32.95,,5.5,,-0.08,-0.08,-0.08,37.81,55.33,37.81,31.65,46.5,,65.87,31.01,32.54,,43.22,,,,47.0,47.0,,47.0,10.0,47.0,10.0,10.0,37.81,37.81,,,,,36.5,42.13,42.13,37.81,37.81,42.13,37.87,55.33,32.05,28.47,37.81,37.81,37.81,37.81,31.01,5.5,,,,,,
2019-03-05 01:00:00+01:00,,23.55,,34.91,22.54,28.04,,5.01,,-2.39,-2.39,-2.39,36.08,54.68,36.08,30.66,46.83,,64.29,23.55,23.0,,35.0,,,,42.96,42.96,,42.96,16.25,42.96,16.25,16.25,36.08,36.08,,,,,35.7,41.99,41.99,36.86,36.86,41.99,33.12,54.68,22.97,21.5,36.08,36.08,36.08,36.08,23.55,5.01,,,,,,
2019-03-05 02:00:00+01:00,,22.96,,34.42,22.53,28.09,,2.0,,-4.95,-4.95,-4.95,36.0,54.37,36.0,28.17,49.12,,40.51,22.96,15.02,,21.14,,,,40.57,40.57,,40.57,10.0,40.57,10.0,10.0,36.0,36.0,,,,,37.1,41.93,41.93,36.84,36.84,41.93,30.99,54.37,15.0,20.95,36.0,36.0,36.0,36.0,22.96,2.0,,,,,,
2019-03-05 03:00:00+01:00,,12.15,,24.14,22.53,22.92,,1.0,,-1.92,-1.92,-1.92,36.06,52.73,36.06,19.94,46.68,,44.11,12.15,10.54,,15.0,,,,41.58,41.58,,41.58,10.0,41.58,10.0,10.0,36.06,36.06,,,,,35.7,41.99,41.99,36.86,36.86,41.99,30.99,52.73,10.53,13.66,36.06,36.06,36.06,36.06,12.15,1.0,,,,,,
2019-03-05 04:00:00+01:00,,0.92,,31.38,22.54,21.94,,5.0,,-2.23,-2.23,-2.23,38.16,52.73,38.16,20.72,44.96,,64.24,0.92,19.96,,15.0,,,,45.9,45.9,,45.9,17.27,45.9,17.27,17.27,38.16,38.16,,,,,37.0,42.03,42.03,38.16,38.16,42.03,33.2,52.73,19.94,16.93,38.16,38.16,38.16,38.16,0.92,5.0,,,,,,
2019-03-05 05:00:00+01:00,,39.95,,31.62,36.0,28.09,,22.92,,11.23,11.23,11.23,40.55,52.73,40.55,28.05,45.28,,65.88,47.63,44.81,,15.0,,,,47.63,47.63,,47.63,37.25,47.63,37.25,37.25,40.55,40.55,,,,,40.0,42.02,42.02,40.55,40.55,42.02,38.64,52.73,44.76,34.02,40.55,40.55,40.55,40.55,47.63,22.92,,,,,,
2019-03-05 06:00:00+01:00,,40.95,,39.58,51.06,36.28,,42.26,,33.49,33.49,33.49,42.28,55.03,42.28,37.4,48.09,,65.94,40.95,56.03,,23.81,,,,61.12,61.12,,61.12,44.99,61.12,44.99,44.99,42.28,42.28,,,,,40.97,42.33,42.33,42.28,42.28,42.33,42.35,55.03,55.97,38.41,42.28,42.28,42.28,42.28,40.95,42.26,,,,,,
2019-03-05 07:00:00+01:00,,44.43,,45.71,65.01,45.03,,46.44,,44.24,44.24,44.24,47.0,55.68,47.0,44.81,60.87,,65.93,63.32,59.49,,32.46,,,,63.32,63.32,,63.32,45.03,63.32,45.03,45.03,47.0,47.0,,,,,45.71,44.24,44.24,44.24,44.24,44.24,47.07,55.68,59.43,47.46,44.24,44.24,44.24,44.24,63.32,46.44,,,,,,
2019-03-05 08:00:00+01:00,,43.72,,62.11,66.81,45.03,,43.74,,40.76,44.68,44.68,48.62,56.45,48.62,48.5,64.94,,64.36,65.39,50.39,,51.58,,,,72.0,72.0,,72.0,44.99,72.0,44.99,44.99,48.62,48.62,,,,,61.5,44.68,44.68,44.68,44.68,44.68,48.7,56.45,50.34,47.27,44.68,44.68,44.68,44.68,65.39,43.74,,,,,,
2019-03-05 09:00:00+01:00,,41.02,,63.62,59.55,39.0,,38.6,,34.59,44.73,44.73,48.17,56.43,48.17,45.27,64.96,,64.41,63.0,48.28,,60.87,,,,72.17,72.17,,72.17,30.0,72.17,30.0,30.0,48.17,48.17,,,,,63.41,44.73,44.73,44.73,44.73,44.73,48.25,56.43,48.23,41.94,44.73,44.73,44.73,44.73,63.0,38.6,,,,,,
2019-03-05 10:00:00+01:00,,43.97,,55.09,52.18,36.66,,38.57,,27.31,44.71,44.71,47.82,55.64,47.82,42.88,61.49,,65.65,60.66,45.66,,60.41,,,,67.0,67.0,,67.0,5.0,67.0,5.0,5.0,47.82,47.82,,,,,49.9,44.71,44.71,44.71,44.71,44.71,47.9,55.64,45.62,44.2,44.71,44.71,44.71,44.71,60.66,38.57,,,,,,
2019-03-05 11:00:00+01:00,,42.42,,46.59,42.9,36.32,,38.69,,31.07,44.39,44.39,47.85,55.17,47.85,39.95,51.06,,65.65,57.06,42.06,,52.09,,,,63.84,63.84,,63.84,2.0,63.84,2.0,2.0,47.85,47.85,,,,,45.86,44.39,44.39,44.39,44.39,44.39,47.93,55.17,42.02,41.35,44.39,44.39,44.39,44.39,57.06,38.69,,,,,,
2019-03-05 12:00:00+01:00,,41.98,,43.14,47.23,38.37,,37.03,,32.45,43.99,43.99,47.83,54.68,47.83,39.05,48.04,,64.32,53.11,43.41,,50.0,,,,53.11,53.11,,53.11,0.1,53.11,0.1,0.1,47.83,47.83,,,,,42.59,43.99,43.99,43.99,43.99,43.99,47.91,54.68,41.0,39.08,43.99,43.99,43.99,43.99,53.11,37.03,,,,,,
2019-03-05 13:00:00+01:00,,40.95,,42.51,43.27,36.66,,32.4,,34.04,43.79,43.79,48.15,54.37,48.15,38.92,48.02,,64.17,52.54,40.64,,50.66,,,,52.54,52.54,,52.54,0.1,52.54,0.1,0.1,48.15,48.15,,,,,42.39,43.79,43.79,43.79,43.79,43.79,48.24,54.37,39.39,36.96,43.79,43.79,43.79,43.79,52.54,32.4,,,,,,
2019-03-05 14:00:00+01:00,,38.28,,42.37,46.94,36.15,,30.87,,37.7,43.77,43.77,47.49,51.64,47.49,39.37,51.08,,65.65,57.43,41.01,,53.88,,,,57.43,57.43,,57.43,5.0,57.43,5.0,5.0,47.49,47.49,,,,,42.37,43.77,43.77,43.77,43.77,43.77,47.57,51.64,40.97,41.91,43.77,43.77,43.77,43.77,57.43,30.87,,,,,,
2019-03-05 15:00:00+01:00,,44.09,,44.09,44.22,36.92,,32.4,,44.09,44.09,44.38,47.05,45.99,47.05,44.09,53.09,,64.72,63.0,43.49,,55.98,,,,63.41,63.41,,63.41,11.0,63.41,11.0,11.0,47.05,47.05,,,,,44.09,44.38,44.38,44.38,44.38,44.38,47.13,45.99,43.45,45.83,44.38,44.38,44.38,44.38,63.0,32.4,,,,,,
2019-03-05 16:00:00+01:00,,46.39,,46.39,43.46,39.21,,38.42,,46.39,46.39,46.09,47.1,46.39,47.1,46.39,51.34,,67.35,65.03,48.28,,52.84,,,,70.0,70.0,,70.0,41.61,70.0,41.61,41.61,47.1,47.1,,,,,46.39,46.09,46.09,46.09,46.09,46.09,47.18,46.39,48.24,46.94,46.09,46.09,46.09,46.09,65.03,38.42,,,,,,
2019-03-05 17:00:00+01:00,,49.27,,49.27,61.49,46.82,,46.01,,49.27,49.27,49.27,51.24,49.27,51.24,49.27,50.54,,80.54,56.46,54.06,,60.0,,,,72.15,72.15,,72.15,46.79,72.15,92.79,46.79,51.24,51.24,,,,,49.27,47.69,47.69,49.27,49.27,47.69,51.33,49.27,54.01,48.36,49.27,49.27,49.27,49.27,56.46,46.01,,,,,,
2019-03-05 18:00:00+01:00,,55.01,,58.6,70.05,49.77,,51.87,,55.01,55.01,55.01,55.01,52.73,55.01,52.73,75.52,,80.6,92.15,70.04,,81.16,,,,92.15,92.15,,92.15,48.44,92.15,148.15,48.44,55.01,55.01,,,,,56.45,48.68,48.68,55.01,55.01,48.68,55.11,52.73,69.98,59.03,55.01,55.01,55.01,55.01,92.15,51.87,,,,,,
2019-03-05 19:00:00+01:00,,55.23,,55.23,70.03,51.36,,54.43,,55.23,52.57,52.57,52.57,55.23,52.57,55.23,96.63,,79.73,94.8,70.08,,101.83,,,,94.8,94.8,,94.8,49.81,94.8,148.15,49.81,52.57,52.57,,,,,55.23,48.61,48.61,52.57,52.57,48.61,55.39,55.23,70.03,61.59,52.57,52.57,52.57,52.57,94.8,54.43,,,,,,
2019-03-05 20:00:00+01:00,,51.1,,51.1,68.09,48.83,,49.5,,51.1,47.74,47.74,47.74,54.5,47.74,51.1,76.91,,79.23,76.1,66.58,,81.16,,,,76.1,76.1,,76.1,49.83,76.1,148.15,49.83,47.74,47.74,,,,,51.1,47.74,47.74,47.74,47.74,47.74,50.59,54.5,66.53,51.9,47.74,47.74,47.74,47.74,76.1,49.5,,,,,,
2019-03-05 21:00:00+01:00,,48.09,,48.09,55.88,45.04,,43.06,,48.09,46.41,46.41,46.41,53.24,46.41,48.09,62.78,,79.67,67.0,57.01,,66.0,,,,67.0,67.0,,67.0,48.52,67.0,131.73,48.52,46.41,46.41,,,,,48.09,46.41,46.41,46.41,46.41,46.41,47.54,53.24,55.05,49.98,46.41,46.41,46.41,46.41,67.0,43.06,,,,,,
2019-03-05 22:00:00+01:00,,46.09,,46.09,52.42,41.55,,42.5,,46.09,46.01,44.75,44.75,46.09,44.75,46.09,58.14,,78.56,57.43,53.84,,58.33,,,,57.43,57.43,,57.43,46.67,57.43,93.72,46.67,44.75,44.75,,,,,46.09,44.75,44.75,44.75,44.75,44.75,44.83,46.09,52.04,46.53,44.75,44.75,44.75,44.75,57.43,42.5,,,,,,
2019-03-05 23:00:00+01:00,,41.54,,41.54,44.1,39.11,,37.88,,41.54,41.54,42.79,42.79,41.54,42.79,41.54,47.76,,0.0,53.11,48.18,,49.1,,,,53.11,53.11,,53.11,43.96,53.11,92.79,43.96,42.79,42.79,,,,,41.54,42.79,42.79,42.79,42.79,42.79,42.88,41.54,48.15,45.8,42.79,42.79,42.79,42.79,53.11,37.88,,,,,,
2019-03-06 00:00:00+01:00,,36.08,,36.08,46.31,38.53,,37.0,,36.08,43.07,43.07,43.07,36.08,43.07,36.08,53.2,,48.55,36.08,42.04,,51.67,,,,53.88,53.88,,53.88,53.88,53.88,53.88,53.88,43.07,43.07,,,,,36.08,43.07,43.07,43.07,43.07,43.07,46.67,36.08,41.51,46.55,43.07,43.07,43.07,43.07,36.08,37.0,,,,,,
2019-03-06 01:00:00+01:00,,32.73,,33.51,49.52,36.61,,36.78,,32.69,42.75,42.75,42.75,32.44,42.75,32.44,57.0,,43.71,32.73,36.78,,54.35,,,,53.2,53.2,,53.2,53.2,53.2,53.2,53.2,42.75,42.75,,,,,36.0,42.75,42.75,42.75,42.75,42.75,44.82,32.44,35.61,37.6,42.75,42.75,42.75,42.75,32.73,36.78,,,,,,
2019-03-06 02:00:00+01:00,,33.01,,37.88,30.96,35.45,,35.44,,33.01,42.51,42.51,42.51,30.02,42.51,30.02,52.35,,38.35,33.01,35.44,,49.91,,,,52.86,52.86,,52.86,52.86,52.86,52.86,52.86,42.51,42.51,,,,,34.98,42.51,42.51,42.51,42.51,42.51,44.47,30.02,35.39,35.96,42.51,42.51,42.51,42.51,33.01,35.44,,,,,,
2019-03-06 03:00:00+01:00,,32.2,,41.58,42.87,34.61,,33.75,,32.2,42.58,42.58,42.58,26.44,42.58,26.44,46.49,,64.12,32.2,33.75,,45.4,,,,51.91,51.91,,51.91,51.91,51.91,51.91,51.91,42.58,42.58,,,,,36.0,42.58,42.58,42.58,42.58,42.58,45.12,26.44,33.71,35.08,42.58,42.58,42.58,42.58,32.2,33.75,,,,,,
2019-03-06 04:00:00+01:00,,30.7,,38.86,48.71,35.56,,36.0,,30.7,43.44,43.44,43.44,25.68,43.44,25.68,41.98,,65.87,30.7,36.07,,43.0,,,,51.91,51.91,,51.91,51.91,51.91,51.91,51.91,43.44,43.44,,,,,34.0,43.44,43.44,43.44,43.44,43.44,44.5,25.68,36.02,40.96,43.44,43.44,43.44,43.44,30.7,36.0,,,,,,
2019-03-06 05:00:00+01:00,,33.11,,37.81,54.87,38.73,,38.13,,33.11,44.81,44.81,45.22,30.19,45.22,30.19,38.81,,65.91,52.93,46.21,,39.75,,,,53.88,53.88,,53.88,53.88,53.88,53.88,53.88,45.22,45.22,,,,,35.0,44.81,44.81,44.81,44.81,44.81,46.7,30.19,46.15,47.31,44.81,44.81,44.81,44.81,52.93,38.13,,,,,,
2019-03-06 06:00:00+01:00,,43.81,,43.37,69.87,44.17,,44.09,,43.81,45.48,45.48,48.1,37.84,48.1,37.84,44.53,,73.97,43.81,59.71,,43.48,,,,63.5,63.5,,63.5,63.5,63.5,63.5,63.5,48.1,48.1,,,,,43.2,45.48,45.48,45.48,45.48,45.48,53.06,37.84,59.64,58.48,45.48,45.48,45.48,45.48,43.81,44.09,,,,,,
2019-03-06 07:00:00+01:00,,47.46,,52.8,75.77,48.94,,50.0,,47.46,47.53,47.53,52.09,44.01,52.09,44.01,54.21,,67.33,63.5,67.05,,51.67,,,,63.5,63.5,,63.5,63.5,63.5,117.7,63.5,52.09,52.09,,,,,49.64,47.53,47.53,47.53,47.53,47.53,60.44,44.01,66.98,60.6,47.53,47.53,47.53,47.53,63.5,50.0,,,,,,
2019-03-06 08:00:00+01:00,,47.61,,49.07,79.26,48.98,,48.8,,47.38,47.79,47.79,53.02,48.0,53.02,48.0,50.9,,65.94,47.61,68.07,,51.24,,,,70.0,70.0,,70.0,70.0,70.0,70.0,70.0,53.02,53.02,,,,,49.37,47.79,47.79,47.79,47.79,47.79,64.12,48.0,68.0,60.94,47.79,47.79,47.79,47.79,47.61,48.8,,,,,,
2019-03-06 09:00:00+01:00,,41.97,,54.03,74.02,47.35,,44.23,,40.04,47.8,47.8,50.02,45.2,50.02,45.2,55.94,,64.6,41.97,60.97,,57.29,,,,66.95,66.95,,66.95,66.95,66.95,66.95,66.95,50.02,50.02,,,,,54.26,47.8,47.8,47.8,47.8,47.8,65.68,45.2,60.9,59.45,47.8,47.8,47.8,47.8,41.97,44.23,,,,,,
2019-03-06 10:00:00+01:00,,36.94,,59.19,42.55,45.01,,40.5,,33.13,47.41,47.41,49.02,42.63,48.52,42.63,60.77,,64.34,36.94,54.01,,62.24,,,,60.04,57.43,,60.04,54.22,57.43,54.22,54.22,49.02,49.02,,,,,57.98,47.41,47.41,47.41,47.41,47.41,64.11,42.63,52.06,55.85,47.41,47.41,47.41,47.41,36.94,40.5,,,,,,
2019-03-06 11:00:00+01:00,,33.38,,54.53,38.37,45.14,,38.01,,29.79,46.84,46.84,46.84,38.9,46.84,38.9,59.03,,63.9,33.38,48.32,,60.45,,,,55.0,55.0,,55.0,47.48,55.0,47.48,47.48,46.84,46.84,,,,,57.25,46.84,46.84,46.84,46.84,46.84,63.52,38.9,48.27,50.96,46.84,46.84,46.84,46.84,33.38,38.01,,,,,,
2019-03-06 12:00:00+01:00,,30.08,,40.34,38.36,39.99,,35.79,,28.65,42.83,46.32,46.32,37.0,46.32,32.88,55.94,,63.9,30.66,48.57,,57.29,,,,50.0,50.0,,50.0,42.26,50.0,42.26,42.26,46.32,46.32,,,,,47.85,46.32,46.32,46.32,46.32,46.32,62.68,37.0,48.27,50.61,46.32,46.32,46.32,46.32,30.66,35.79,,,,,,
2019-03-06 13:00:00+01:00,,29.96,,40.23,38.35,38.33,,35.29,,28.62,35.22,46.07,46.07,35.0,46.07,32.75,58.19,,63.88,29.96,46.21,,59.59,,,,52.85,50.0,,52.85,42.25,50.0,42.25,42.25,46.07,46.07,,,,,47.59,46.07,46.07,46.07,46.07,46.07,61.75,35.0,46.17,49.92,46.07,46.07,46.07,46.07,29.96,35.29,,,,,,
2019-03-06 14:00:00+01:00,,30.02,,39.9,38.37,37.19,,35.0,,28.9,34.76,45.63,45.63,32.8,45.63,32.8,52.96,,64.36,30.02,44.95,,51.69,,,,55.0,55.0,,55.0,47.6,55.0,47.6,47.6,45.63,45.63,,,,,47.14,45.63,45.63,45.63,45.63,45.63,61.3,32.8,44.91,50.06,45.63,45.63,45.63,45.63,30.02,35.0,,,,,,
2019-03-06 15:00:00+01:00,,30.04,,40.24,39.58,39.03,,38.01,,28.66,28.66,45.04,49.0,32.99,45.04,32.99,51.18,,65.47,32.61,48.32,,50.46,,,,62.0,57.43,,62.0,50.36,57.43,50.36,50.36,49.0,49.0,,,,,46.53,45.04,45.04,45.04,45.04,45.04,58.52,32.99,48.28,47.94,45.04,45.04,45.04,45.04,32.61,38.01,,,,,,
2019-03-06 16:00:00+01:00,,30.0,,38.0,41.48,40.42,,38.8,,29.37,29.99,45.35,47.08,32.17,47.08,32.17,51.37,,65.93,30.0,48.72,,51.0,,,,67.0,67.0,,67.0,67.0,67.0,67.0,67.0,47.08,47.08,,,,,46.85,45.35,45.35,45.35,45.35,45.35,55.81,32.17,48.68,48.96,45.35,45.35,45.35,45.35,30.0,38.8,,,,,,
2019-03-06 17:00:00+01:00,,36.89,,42.46,61.63,43.15,,42.0,,36.88,36.88,45.73,53.06,35.46,53.06,35.46,55.87,,73.42,36.89,57.1,,54.53,,,,70.54,70.54,,70.54,70.54,70.54,70.54,70.54,53.06,53.06,,,,,47.24,45.73,45.73,45.73,45.73,45.73,56.97,35.46,57.06,56.65,45.73,45.73,45.73,45.73,36.89,42.0,,,,,,
2019-03-06 18:00:00+01:00,,43.99,,48.34,74.99,46.9,,46.0,,43.7,43.7,45.88,53.01,41.71,53.01,41.71,68.38,,74.17,72.19,77.96,,70.0,,,,72.19,72.19,,72.19,72.19,72.19,92.79,72.19,53.01,53.01,,,,,47.4,45.88,45.88,45.88,45.88,45.88,57.47,41.71,77.91,72.92,45.88,45.88,45.88,45.88,72.19,46.0,,,,,,
2019-03-06 19:00:00+01:00,,44.88,,51.91,69.58,46.57,,46.7,,43.9,43.9,44.98,44.98,46.78,44.98,46.78,89.64,,70.73,72.7,75.39,,91.76,,,,72.7,72.7,,72.7,72.7,72.7,123.7,72.7,44.98,44.98,,,,,52.35,44.98,44.98,44.98,44.98,44.98,55.92,46.78,75.35,72.85,44.98,44.98,44.98,44.98,72.7,46.7,,,,,,
2019-03-06 20:00:00+01:00,,41.45,,49.21,41.43,43.9,,42.01,,40.38,40.38,43.99,43.99,51.73,43.99,43.54,73.88,,71.45,41.45,67.3,,75.63,,,,67.0,68.0,,67.0,68.0,68.0,81.0,68.0,43.99,43.99,,,,,50.0,43.99,43.99,43.99,43.99,43.99,47.9,51.73,67.27,57.03,43.99,43.99,43.99,43.99,41.45,42.01,,,,,,
2019-03-06 21:00:00+01:00,,30.38,,40.94,38.47,37.37,,36.01,,28.96,28.96,43.03,43.03,50.0,43.03,33.18,53.56,,73.3,30.38,56.94,,54.82,,,,58.58,58.58,,58.58,58.58,58.58,78.18,58.58,43.03,43.03,,,,,42.6,43.1,43.1,43.03,43.03,43.1,43.16,50.0,56.91,53.92,43.03,43.03,43.03,43.03,30.38,36.01,,,,,,
2019-03-06 22:00:00+01:00,,30.05,,36.0,34.19,37.07,,33.75,,29.55,29.55,29.55,40.58,39.67,40.58,31.75,50.05,,68.41,30.05,50.43,,47.7,,,,56.1,56.1,,56.1,56.1,56.1,56.1,56.1,40.58,40.58,,,,,41.1,42.46,42.46,42.38,42.38,42.46,46.63,39.67,50.4,50.07,40.58,40.58,40.58,40.58,30.05,33.75,,,,,,
2019-03-06 23:00:00+01:00,,28.05,,34.69,41.98,34.49,,29.7,,27.49,27.49,27.49,39.39,35.0,39.39,29.97,46.7,,67.39,28.05,46.51,,48.96,,,,50.15,50.15,,50.15,50.15,50.15,50.15,50.15,39.39,39.39,,,,,40.61,41.95,41.95,41.95,41.95,41.95,40.82,35.75,46.49,46.97,39.39,39.39,39.39,39.39,28.05,29.7,,,,,,
2019-03-07 00:00:00+01:00,,25.59,,31.79,24.52,30.02,,26.01,,25.05,25.05,25.05,39.54,39.67,39.54,27.45,49.84,,67.25,40.0,47.38,,42.79,,,,48.77,48.77,,48.77,48.77,48.77,48.77,48.77,39.54,39.54,,,,,37.0,42.54,42.54,42.54,42.54,42.54,40.61,51.49,47.47,42.42,39.54,39.54,39.54,39.54,40.0,26.01,,,,,,
2019-03-07 01:00:00+01:00,,24.51,,32.5,24.02,28.97,,24.32,,23.81,24.64,24.64,37.55,36.7,37.55,26.95,57.52,,65.88,24.51,37.47,,37.85,,,,45.6,45.6,,45.6,45.6,45.6,45.6,45.6,37.55,37.55,,,,,39.53,41.82,41.82,41.82,41.82,41.82,39.02,39.98,37.54,33.98,37.55,37.55,37.55,37.55,24.51,24.32,,,,,,
2019-03-07 02:00:00+01:00,,21.86,,30.0,22.55,24.86,,24.4,,21.16,34.45,34.45,37.41,34.27,37.41,24.33,55.89,,67.1,21.86,30.03,,33.73,,,,44.5,44.5,,44.5,43.67,44.5,43.67,44.5,37.41,37.41,,,,,37.26,41.6,41.6,41.6,41.6,41.6,37.49,41.28,30.08,27.92,37.41,37.41,37.41,37.41,21.86,24.4,,,,,,
2019-03-07 03:00:00+01:00,,18.78,,28.38,22.77,23.28,,23.24,,17.97,38.05,38.05,38.05,36.7,38.05,21.59,47.7,,66.98,18.78,27.81,,33.73,,,,42.24,42.24,,42.24,42.24,42.24,42.24,42.24,38.05,38.05,,,,,37.4,41.6,41.6,41.6,41.6,41.6,38.13,36.7,27.86,24.96,38.05,38.05,38.05,38.05,18.78,23.24,,,,,,
2019-03-07 04:00:00+01:00,,22.15,,27.79,24.53,24.64,,23.99,,21.8,40.86,40.86,40.86,37.5,40.86,23.59,44.2,,73.12,22.15,34.22,,34.28,,,,42.26,42.26,,42.26,42.26,42.26,42.26,42.26,40.86,40.86,,,,,35.7,41.07,41.07,41.07,41.07,41.07,40.95,37.5,34.28,27.02,40.86,40.86,40.86,40.86,22.15,23.99,,,,,,
2019-03-07 05:00:00+01:00,,23.69,,29.69,39.33,31.11,,26.54,,23.17,43.11,43.11,43.11,41.17,43.11,25.49,36.2,,73.3,23.69,40.71,,31.0,,,,46.1,46.1,,46.1,46.1,46.1,46.1,46.1,43.11,43.11,,,,,35.09,43.11,43.11,43.11,43.11,43.11,43.2,41.17,40.78,32.55,43.11,43.11,43.11,43.11,23.69,26.54,,,,,,
2019-03-07 06:00:00+01:00,,32.02,,35.98,56.96,39.87,,37.72,,31.58,44.79,44.79,44.79,50.88,44.79,33.22,40.4,,67.33,32.02,51.07,,1.0,,,,55.56,55.56,,55.56,55.56,55.56,55.56,55.56,44.79,44.79,,,,,39.06,44.79,44.79,44.79,44.79,44.79,47.55,50.88,51.16,46.8,44.79,44.79,44.79,44.79,32.02,37.72,,,,,,
2019-03-07 07:00:00+01:00,,40.38,,43.9,68.41,44.62,,42.0,,39.91,47.02,47.02,47.02,54.5,47.02,41.49,52.49,,65.93,40.7,56.95,,40.0,,,,57.43,57.43,,57.43,57.43,57.43,57.43,57.43,47.02,47.02,,,,,48.32,47.02,47.02,47.02,47.02,47.02,47.91,54.5,57.05,56.52,47.02,47.02,47.02,47.02,40.7,42.0,,,,,,
2019-03-07 08:00:00+01:00,,40.0,,44.28,65.81,44.76,,42.55,,39.4,47.88,47.88,48.83,54.95,48.83,41.42,60.89,,65.66,40.0,51.99,,42.9,,,,68.03,68.03,,68.03,53.08,68.03,53.08,53.08,48.83,48.83,,,,,51.0,47.88,47.88,47.88,47.88,47.88,48.93,54.95,52.08,56.98,47.88,47.88,47.88,47.88,40.0,42.55,,,,,,
2019-03-07 09:00:00+01:00,,33.19,,38.55,39.59,40.91,,38.16,,32.39,47.61,47.61,49.06,55.18,49.06,35.09,53.5,,65.6,33.19,48.2,,52.2,,,,67.0,60.0,,67.0,44.54,60.0,44.54,44.54,49.06,49.06,,,,,49.19,47.61,47.61,47.61,47.61,47.61,54.66,55.18,48.28,47.18,47.61,47.61,47.61,47.61,33.19,38.16,,,,,,
2019-03-07 10:00:00+01:00,,30.1,,41.21,32.54,37.93,,32.9,,28.35,47.45,47.45,47.9,55.03,47.9,33.15,54.72,,64.3,40.7,41.99,,52.13,,,,67.0,56.0,,67.0,20.0,56.0,20.0,20.0,47.9,47.9,,,,,49.02,47.45,47.45,47.45,47.45,47.45,54.83,55.03,42.06,38.78,47.45,47.45,47.45,47.45,40.7,32.9,,,,,,
2019-03-07 11:00:00+01:00,,29.97,,39.09,23.29,35.79,,29.89,,28.54,46.69,46.69,47.61,54.44,47.61,32.47,49.34,,63.89,43.6,40.06,,47.0,,,,67.0,47.99,,67.0,10.0,47.99,10.0,10.0,47.61,47.61,,,,,45.2,46.69,46.69,46.69,46.69,46.69,56.09,54.44,40.13,36.83,46.69,46.69,46.69,46.69,43.6,29.89,,,,,,
2019-03-07 12:00:00+01:00,,29.37,,37.31,34.57,32.93,,27.24,,28.22,45.91,45.91,47.2,53.03,47.2,31.43,48.2,,63.89,51.24,41.99,,45.91,,,,51.24,44.99,,51.24,5.0,44.99,5.0,5.0,47.2,47.2,,,,,39.9,45.91,45.91,45.91,45.91,45.91,56.09,53.03,42.06,38.64,45.91,45.91,45.91,45.91,51.24,27.24,,,,,,
2019-03-07 13:00:00+01:00,,28.04,,38.82,27.02,31.05,,26.51,,25.63,45.54,45.54,47.8,52.52,47.8,30.34,47.73,,64.05,43.52,39.86,,45.47,,,,51.25,27.87,,51.25,3.0,27.87,3.0,3.0,47.8,47.8,,,,,42.0,45.54,45.54,45.54,45.54,45.54,56.08,52.52,39.92,36.91,45.54,45.54,45.54,45.54,43.52,26.51,,,,,,
2019-03-07 14:00:00+01:00,,28.59,,35.0,26.68,30.31,,26.0,,27.62,44.91,44.91,45.92,49.87,45.92,30.31,48.66,,64.32,28.59,38.7,,46.36,,,,55.56,44.99,,55.56,10.0,44.99,10.0,10.0,45.92,45.92,,,,,38.03,44.91,44.91,44.91,44.91,44.91,53.87,49.87,38.76,31.95,44.91,44.91,44.91,44.91,28.59,26.0,,,,,,
2019-03-07 15:00:00+01:00,,28.27,,34.43,34.5,29.85,,26.16,,27.54,44.42,44.42,45.22,49.87,45.22,30.1,47.73,,65.6,28.27,40.72,,45.47,,,,66.0,52.0,,66.0,36.75,52.0,36.75,36.75,45.22,45.22,,,,,39.0,44.42,44.42,44.42,44.42,44.42,50.72,49.87,40.78,35.08,44.42,44.42,44.42,44.42,28.27,26.16,,,,,,
2019-03-07 16:00:00+01:00,,28.97,,35.86,24.03,30.5,,27.12,,28.24,43.12,43.99,45.97,51.49,45.97,31.08,49.09,,65.68,28.97,39.87,,46.77,,,,67.0,60.0,,67.0,48.09,60.0,48.09,48.09,45.97,45.97,,,,,41.57,43.99,43.99,43.99,43.99,43.99,47.9,51.49,39.92,30.1,43.99,43.99,43.99,43.99,28.97,27.12,,,,,,
2019-03-07 17:00:00+01:00,,34.62,,39.37,24.76,35.03,,32.53,,34.06,43.27,44.7,49.09,54.57,49.09,36.11,53.45,,69.93,40.7,41.99,,50.92,,,,66.45,66.45,,66.45,57.62,66.45,57.62,57.62,49.09,49.09,,,,,43.27,44.7,44.7,44.7,44.7,44.7,53.13,54.57,42.05,30.35,44.7,44.7,44.7,44.7,40.7,32.53,,,,,,
2019-03-07 18:00:00+01:00,,43.95,,43.95,35.0,43.77,,41.4,,43.95,43.95,45.02,49.05,55.32,49.05,43.95,62.86,,69.93,43.95,51.99,,65.91,,,,68.03,68.03,,68.03,68.03,68.03,71.95,68.03,49.05,49.05,,,,,43.95,45.02,45.02,45.02,45.02,45.02,54.25,55.32,52.07,51.47,45.02,45.02,45.02,45.02,43.95,41.4,,,,,,
2019-03-07 19:00:00+01:00,,45.18,,46.49,31.08,45.99,,41.23,,45.01,45.01,45.01,45.01,58.5,45.01,45.64,83.12,,70.26,45.18,48.2,,87.15,,,,67.0,67.0,,67.0,67.0,67.0,92.84,67.0,45.01,45.01,,,,,46.49,45.01,45.01,45.01,45.01,45.01,53.57,58.5,48.27,53.35,45.01,45.01,45.01,45.01,45.18,41.23,,,,,,
2019-03-07 20:00:00+01:00,,40.06,,42.3,26.31,42.13,,33.5,,39.76,39.76,41.68,41.68,60.95,41.68,40.68,76.69,,73.37,40.79,48.2,,85.0,,,,57.49,57.49,,57.49,57.49,57.49,91.01,57.49,41.68,41.68,,,,,42.3,43.44,43.44,43.7,43.7,43.44,51.35,60.95,48.27,40.64,41.68,41.68,41.68,41.68,40.79,33.5,,,,,,
2019-03-07 21:00:00+01:00,,28.01,,34.53,22.55,35.3,,25.37,,27.12,37.91,37.91,40.65,60.07,40.65,30.27,63.92,,67.75,43.54,41.99,,70.1,,,,55.56,55.56,,55.56,55.56,55.56,57.01,55.56,40.65,40.65,,,,,40.0,42.97,42.97,43.6,43.6,42.97,45.64,60.07,42.05,36.78,40.65,40.65,40.65,40.65,43.54,25.37,,,,,,
2019-03-07 22:00:00+01:00,,29.85,,35.78,23.3,37.13,,22.2,,29.25,32.03,32.03,39.61,57.94,39.61,31.9,54.95,,67.33,50.83,42.38,,65.0,,,,50.83,50.83,,50.83,50.0,50.83,50.0,50.0,39.61,39.61,,,,,41.23,42.59,42.59,42.99,42.99,42.59,47.54,57.94,41.52,34.75,39.61,39.61,39.61,39.61,50.83,22.2,,,,,,
2019-03-07 23:00:00+01:00,,9.94,,45.2,22.54,34.91,,9.9,,7.01,21.15,21.15,35.93,56.26,35.93,35.61,53.08,,64.36,9.94,35.57,,55.66,,,,47.65,47.0,,47.65,44.56,47.0,44.56,44.56,35.93,35.93,,,,,39.1,41.91,41.91,42.6,42.6,41.91,41.94,56.26,35.62,30.06,35.93,35.93,35.93,35.93,9.94,9.9,,,,,,
2019-03-08 00:00:00+01:00,,30.06,,31.73,22.54,30.3,,0.01,,12.49,22.31,22.31,33.54,54.79,33.54,30.47,35.07,,43.85,30.06,29.5,,55.0,,,,47.3,47.3,,47.3,46.98,47.3,46.98,46.98,33.54,33.54,,,,,34.0,42.14,42.14,42.14,42.14,42.14,43.18,54.79,29.52,27.86,33.54,33.54,33.54,33.54,30.06,0.01,,,,,,
2019-03-08 01:00:00+01:00,,25.09,,30.76,22.52,29.52,,0.5,,-2.47,20.07,20.07,32.06,53.01,32.06,25.74,43.07,,37.48,25.09,21.06,,46.32,,,,45.74,45.74,,45.74,45.74,45.74,45.74,45.74,32.06,32.06,,,,,40.0,41.83,41.83,41.83,41.83,41.83,40.64,53.01,21.08,20.75,32.06,32.06,32.06,32.06,25.09,0.5,,,,,,
2019-03-08 02:00:00+01:00,,3.11,,30.83,22.52,31.05,,5.25,,-4.97,20.09,20.09,31.07,52.29,31.07,27.86,46.88,,34.0,3.11,14.71,,48.0,,,,44.0,44.0,,44.0,44.0,44.0,44.0,44.0,31.07,31.07,,,,,35.0,41.65,41.65,41.65,41.65,41.65,39.3,52.29,14.72,13.65,31.07,31.07,31.07,31.07,3.11,5.25,,,,,,
2019-03-08 03:00:00+01:00,,11.81,,30.04,22.51,29.5,,2.99,,-1.71,24.5,24.5,32.03,52.29,32.03,23.5,47.49,,41.62,11.81,10.53,,48.61,,,,44.0,44.0,,44.0,44.0,44.0,44.0,44.0,32.03,32.03,,,,,38.7,41.61,41.61,41.61,41.61,41.61,39.56,52.29,10.54,12.05,32.03,32.03,32.03,32.03,11.81,2.99,,,,,,
2019-03-08 04:00:00+01:00,,22.35,,29.47,22.53,27.68,,12.1,,0.76,33.58,33.58,33.97,52.29,33.97,23.26,46.7,,46.49,22.35,16.43,,47.81,,,,45.97,45.97,,45.97,45.97,45.97,45.97,45.97,33.97,33.97,,,,,40.0,41.54,41.54,41.54,41.54,41.54,39.81,52.29,16.44,16.07,33.97,33.97,33.97,33.97,22.35,12.1,,,,,,
2019-03-08 05:00:00+01:00,,28.08,,36.66,53.82,32.67,,20.67,,19.94,38.03,38.03,38.03,53.51,38.03,35.13,50.0,,64.36,43.7,37.49,,48.8,,,,51.99,51.99,,51.99,51.99,51.99,51.99,51.99,38.03,38.03,,,,,34.3,41.62,41.62,42.13,42.13,41.62,41.2,53.51,37.51,28.23,38.03,38.03,38.03,38.03,43.7,20.67,,,,,,
2019-03-08 06:00:00+01:00,,35.41,,47.11,56.92,38.06,,30.25,,25.78,40.78,40.78,40.78,54.87,40.78,37.29,51.97,,65.93,50.0,48.24,,50.73,,,,62.91,62.91,,62.91,62.91,62.91,62.91,62.91,40.78,40.78,,,,,46.79,42.45,42.45,42.66,42.66,42.45,43.24,54.87,48.26,35.95,40.78,40.78,40.78,40.78,50.0,30.25,,,,,,
2019-03-08 07:00:00+01:00,,38.08,,48.42,56.98,49.2,,38.74,,36.05,37.9,42.3,42.3,55.64,42.3,48.64,67.49,,65.67,43.69,51.88,,61.23,,,,64.22,64.22,,64.22,64.22,64.22,64.22,64.22,42.3,42.3,,,,,45.08,43.64,43.64,43.65,43.65,43.64,43.84,55.64,51.9,25.09,42.3,42.3,42.3,42.3,43.69,38.74,,,,,,
2019-03-08 08:00:00+01:00,,37.48,,70.0,53.91,50.08,,38.99,,32.34,32.34,42.06,42.06,57.0,42.06,49.63,81.36,,64.27,60.03,53.95,,79.43,,,,71.22,71.22,,71.22,71.22,71.22,71.22,71.22,42.06,42.06,,,,,69.23,44.21,44.21,44.21,44.21,44.21,45.21,57.0,53.97,46.94,42.06,42.06,42.06,42.06,60.03,38.99,,,,,,
2019-03-08 09:00:00+01:00,,34.02,,62.83,48.92,49.16,,38.6,,25.06,25.06,41.78,41.78,57.94,41.78,53.05,78.44,,63.98,43.7,51.16,,80.33,,,,65.28,65.28,,65.28,65.28,65.28,65.28,65.28,41.78,41.78,,,,,59.2,44.22,44.22,44.22,44.22,44.22,45.43,57.94,51.18,43.95,41.78,41.78,41.78,41.78,43.7,38.6,,,,,,
2019-03-08 10:00:00+01:00,,31.9,,54.82,41.95,46.47,,36.34,,22.96,22.96,41.45,41.45,57.39,41.45,51.35,72.35,,64.19,55.95,49.9,,74.1,,,,55.95,55.95,,55.95,55.95,55.95,55.95,55.95,41.45,41.45,,,,,48.0,44.01,44.01,44.03,44.03,44.01,44.83,57.39,49.92,41.06,41.45,41.45,41.45,41.45,55.95,36.34,,,,,,
2019-03-08 11:00:00+01:00,,33.03,,46.27,39.52,45.26,,33.6,,25.61,25.61,40.82,40.82,57.01,40.82,49.76,54.64,,63.95,53.47,48.24,,55.97,,,,53.47,53.47,,53.47,51.76,53.47,51.76,51.76,40.82,40.82,,,,,42.31,43.41,43.41,43.41,43.41,43.41,44.59,57.01,48.26,39.98,40.82,40.82,40.82,40.82,53.47,33.6,,,,,,
2019-03-08 12:00:00+01:00,,30.39,,42.38,41.94,44.02,,30.61,,23.35,23.35,23.35,40.54,57.01,40.54,47.65,52.11,,64.17,48.04,48.24,,49.67,,,,48.04,48.04,,48.04,48.04,48.04,48.04,48.04,40.54,40.54,,,,,41.49,42.86,42.86,42.86,42.86,42.86,44.88,57.01,48.26,43.81,40.54,40.54,40.54,40.54,48.04,30.61,,,,,,
2019-03-08 13:00:00+01:00,,29.5,,50.43,41.95,41.01,,33.24,,23.48,23.48,23.48,39.97,56.91,39.97,44.2,51.76,,63.89,47.96,46.04,,49.35,,,,47.96,47.96,,47.96,46.98,47.96,46.98,46.98,39.97,39.97,,,,,39.9,42.35,42.35,42.79,42.79,42.35,45.01,56.91,46.06,39.95,39.97,39.97,39.97,39.97,47.96,33.24,,,,,,
2019-03-08 14:00:00+01:00,,30.09,,45.96,41.96,37.42,,33.6,,25.38,25.38,25.38,39.32,55.57,39.32,41.21,47.23,,63.48,52.57,48.24,,45.02,,,,53.0,53.0,,53.0,53.0,53.0,53.0,53.0,39.32,39.32,,,,,39.72,41.95,41.95,42.64,42.64,41.95,44.8,55.57,48.25,39.5,39.32,39.32,39.32,39.32,52.57,33.6,,,,,,
2019-03-08 15:00:00+01:00,,34.04,,37.02,54.99,37.0,,36.03,,33.71,33.71,33.71,38.54,55.33,38.54,34.94,46.53,,63.97,57.43,48.24,,44.36,,,,57.43,57.43,,57.43,57.43,57.43,57.43,57.43,38.54,38.54,,,,,39.9,41.93,41.93,42.51,42.51,41.93,45.05,55.33,48.25,41.42,38.54,38.54,38.54,38.54,57.43,36.03,,,,,,
2019-03-08 16:00:00+01:00,,38.37,,38.65,53.85,39.58,,39.25,,38.34,38.34,39.29,39.29,55.03,39.29,38.46,45.31,,64.21,60.85,48.24,,43.2,,,,63.15,63.15,,63.15,63.15,63.15,63.15,63.15,39.29,39.29,,,,,39.1,42.16,42.16,42.44,42.44,42.16,45.44,55.03,48.25,40.99,39.29,39.29,39.29,39.29,60.85,39.25,,,,,,
2019-03-08 17:00:00+01:00,,43.07,,43.07,61.3,45.57,,44.43,,43.07,42.13,42.13,42.13,55.17,42.13,43.07,48.92,,68.99,57.06,57.16,,47.78,,,,71.22,71.22,,71.22,71.22,71.22,77.24,71.22,42.13,42.13,,,,,43.07,42.84,42.84,42.84,42.84,42.84,45.51,55.17,57.17,46.46,42.13,42.13,42.13,42.13,57.06,44.43,,,,,,
2019-03-08 18:00:00+01:00,,48.76,,55.0,55.93,50.93,,52.53,,48.72,44.07,44.07,44.07,55.33,44.07,48.89,56.45,,73.45,48.76,52.53,,53.83,,,,72.7,72.7,,72.7,72.7,72.7,92.8,72.7,44.07,44.07,,,,,48.49,44.07,44.07,44.07,44.07,44.07,55.55,55.33,52.54,52.16,44.07,44.07,44.07,44.07,48.76,52.53,,,,,,
2019-03-08 19:00:00+01:00,,51.05,,65.0,52.33,51.41,,52.84,,50.95,43.9,43.9,43.9,57.61,43.9,51.33,70.47,,73.46,51.05,52.84,,70.0,,,,75.0,75.0,,75.0,75.0,75.0,124.24,75.0,43.9,43.9,,,,,50.44,43.95,43.95,43.95,43.95,43.95,56.01,57.61,52.86,52.93,43.9,43.9,43.9,43.9,51.05,52.84,,,,,,
2019-03-08 20:00:00+01:00,,44.04,,44.04,52.9,47.18,,48.0,,44.04,41.58,41.58,41.58,58.56,41.58,44.04,61.28,,68.8,44.04,48.0,,62.79,,,,70.0,72.19,,70.0,72.19,72.19,124.24,72.19,41.58,41.58,,,,,44.04,43.6,43.6,43.6,43.6,43.6,52.39,58.56,48.01,46.22,41.58,41.58,41.58,41.58,44.04,48.0,,,,,,
2019-03-08 21:00:00+01:00,,40.57,,40.57,48.94,43.36,,43.0,,40.57,40.57,40.57,40.57,58.01,40.57,40.57,55.0,,65.96,43.6,43.0,,52.45,,,,64.9,64.9,,64.9,64.9,64.9,92.24,64.9,40.57,40.57,,,,,40.57,43.14,43.14,43.14,43.14,43.14,43.82,58.01,43.01,46.61,40.57,40.57,40.57,40.57,43.6,43.0,,,,,,
2019-03-08 22:00:00+01:00,,39.24,,39.24,44.03,40.95,,40.3,,39.24,39.24,39.24,39.24,57.17,39.24,39.24,51.07,,65.93,51.66,41.11,,48.7,,,,56.78,56.78,,56.78,56.78,56.78,71.24,56.78,39.24,39.24,,,,,39.24,42.64,42.64,42.64,42.64,42.64,40.25,57.17,41.12,44.96,39.24,39.24,39.24,39.24,51.66,40.3,,,,,,
2019-03-08 23:00:00+01:00,,30.75,,32.45,26.93,36.06,,34.25,,30.61,30.61,30.61,30.61,57.17,30.61,31.39,46.42,,63.88,42.55,35.6,,44.28,,,,53.47,53.47,,53.47,53.47,53.47,53.47,53.47,30.61,30.61,,,,,36.3,42.24,42.24,42.24,42.24,42.24,41.37,57.17,35.61,39.24,30.61,30.61,30.61,30.61,42.55,34.25,,,,,,
2019-03-09 00:00:00+01:00,,28.05,,32.55,24.52,33.83,,23.42,,27.67,27.67,27.67,38.05,56.56,38.05,29.82,35.95,,58.45,57.94,38.23,,43.23,,,,57.94,57.94,,57.94,57.94,57.94,57.94,57.94,38.05,38.05,,,,,35.0,42.91,42.91,42.91,42.91,42.91,38.2,56.56,38.22,28.54,38.05,38.05,38.05,38.05,57.94,23.42,,,,,,
2019-03-09 01:00:00+01:00,,16.36,,27.78,24.28,27.34,,20.99,,15.4,15.4,15.4,36.3,55.51,36.3,20.87,39.53,,56.55,53.22,32.07,,40.64,,,,53.38,58.43,,53.38,58.43,58.43,58.43,58.43,36.3,36.3,,,,,34.0,42.63,42.63,42.63,42.63,42.63,36.68,55.51,32.05,21.9,36.3,36.3,36.3,36.3,53.22,20.99,,,,,,
2019-03-09 02:00:00+01:00,,16.08,,25.36,23.47,26.72,,16.0,,4.24,4.24,4.24,35.84,54.75,35.84,16.29,37.11,,49.92,16.08,20.21,,35.5,,,,52.66,52.66,,52.66,52.66,52.66,52.66,52.66,35.84,35.84,,,,,35.0,42.46,42.46,42.46,42.46,42.46,35.98,54.75,20.2,17.09,35.84,35.84,35.84,35.84,16.08,16.0,,,,,,
2019-03-09 03:00:00+01:00,,18.79,,22.34,23.52,26.61,,14.0,,0.07,0.07,0.07,36.21,54.38,36.21,14.37,33.27,,47.5,18.79,14.0,,31.84,,,,51.82,51.82,,51.82,51.82,51.82,51.82,51.82,36.21,36.21,,,,,32.4,42.35,42.35,42.35,42.35,42.35,36.35,54.38,14.0,14.0,36.21,36.21,36.21,36.21,18.79,14.0,,,,,,
2019-03-09 04:00:00+01:00,,16.19,,15.77,23.98,20.38,,15.5,,0.06,0.06,0.06,37.36,54.02,37.36,10.85,23.25,,53.91,16.19,15.73,,22.25,,,,49.65,49.65,,49.65,49.65,49.65,49.65,49.65,37.36,37.36,,,,,22.64,42.4,42.4,42.4,42.4,42.4,37.5,54.02,15.72,16.5,37.36,37.36,37.36,37.36,16.19,15.5,,,,,,
2019-03-09 05:00:00+01:00,,27.55,,17.74,24.01,18.44,,18.7,,0.03,0.03,0.03,38.31,54.01,38.31,14.6,23.95,,54.82,40.7,23.08,,22.93,,,,52.66,52.66,,52.66,52.66,52.66,52.66,52.66,38.31,38.31,,,,,24.8,42.62,42.62,42.62,42.62,42.62,38.45,54.01,23.07,23.99,38.31,38.31,38.31,38.31,40.7,18.7,,,,,,
2019-03-09 06:00:00+01:00,,29.03,,25.64,24.27,24.91,,24.3,,-0.04,-0.04,-0.04,37.66,54.0,37.66,18.06,35.74,,63.99,40.8,35.6,,34.21,,,,59.26,59.26,,59.26,59.26,59.26,59.26,59.26,37.66,37.66,,,,,37.0,42.87,42.87,42.87,42.87,42.87,37.81,54.0,35.59,28.01,37.66,37.66,37.66,37.66,40.8,24.3,,,,,,
2019-03-09 07:00:00+01:00,,28.1,,23.82,32.45,28.57,,26.97,,0.13,0.13,0.13,38.9,54.38,38.9,18.2,32.54,,65.61,43.7,48.24,,31.15,,,,59.97,59.97,,59.97,59.97,59.97,59.97,59.97,38.9,38.9,,,,,31.7,42.99,42.99,42.99,42.99,42.99,39.05,54.38,48.22,38.15,38.9,38.9,38.9,38.9,43.7,26.97,,,,,,
2019-03-09 08:00:00+01:00,,28.98,,29.08,32.44,32.96,,25.0,,10.05,10.05,10.05,39.11,54.0,39.11,23.21,41.14,,64.3,53.3,50.07,,39.94,,,,59.97,59.97,,59.97,59.97,59.97,59.97,59.97,39.11,39.11,,,,,36.52,43.36,43.36,43.36,43.36,43.36,39.26,54.0,50.05,42.03,39.11,39.11,39.11,39.11,53.3,25.0,,,,,,
2019-03-09 09:00:00+01:00,,39.98,,37.86,32.43,35.05,,33.13,,8.54,8.54,8.54,39.9,55.25,39.9,28.64,52.71,,64.23,57.61,51.08,,46.75,,,,57.61,57.61,,57.61,57.61,57.61,57.61,57.61,39.9,39.9,,,,,51.36,44.27,44.27,43.98,43.98,44.27,43.56,55.25,51.06,42.55,39.9,39.9,39.9,39.9,57.61,33.13,,,,,,
2019-03-09 10:00:00+01:00,,41.0,,36.34,31.69,34.99,,36.92,,7.83,7.83,7.83,39.82,55.23,39.82,28.14,52.72,,63.9,53.23,47.89,,46.75,,,,53.23,53.23,,53.23,53.23,53.23,53.23,53.23,39.82,39.82,,,,,49.76,44.99,44.99,44.1,44.1,44.99,41.22,55.23,47.87,41.2,39.82,39.82,39.82,39.82,53.23,36.92,,,,,,
2019-03-09 11:00:00+01:00,,41.98,,33.06,31.61,35.35,,33.1,,11.03,11.03,11.03,39.63,54.38,39.63,28.43,48.82,,35.59,47.37,44.8,,46.75,,,,47.37,47.37,,47.37,47.37,47.37,47.37,47.37,39.63,39.63,,,,,42.2,44.16,44.16,44.01,44.01,44.16,40.9,54.38,44.79,40.02,39.63,39.63,39.63,39.63,47.37,33.1,,,,,,
2019-03-09 12:00:00+01:00,,39.91,,41.48,31.63,35.5,,28.0,,0.74,0.74,1.32,38.93,54.01,38.93,37.84,46.24,,28.79,44.12,42.05,,44.28,,,,44.12,44.12,,44.12,44.12,44.12,44.12,44.12,38.93,38.93,,,,,39.5,43.52,43.52,43.52,43.52,43.52,39.08,54.01,42.03,38.9,38.93,38.93,38.93,38.93,44.12,28.0,,,,,,
2019-03-09 13:00:00+01:00,,39.98,,28.72,26.83,35.39,,25.1,,0.04,0.04,0.04,38.11,54.03,38.11,22.74,46.24,,18.75,39.98,39.48,,44.28,,,,39.98,39.98,,39.98,39.98,39.98,39.98,39.98,38.11,38.11,,,,,40.5,43.44,43.44,43.44,43.44,43.44,38.26,54.03,39.46,35.28,38.11,38.11,38.11,38.11,39.98,25.1,,,,,,
2019-03-09 14:00:00+01:00,,37.96,,26.15,31.66,35.01,,23.53,,-0.08,-0.08,-0.08,38.0,53.42,38.0,20.9,45.94,,28.5,39.35,39.32,,44.0,,,,39.35,39.35,,39.35,39.35,39.35,39.35,39.35,38.0,38.0,,,,,37.0,43.23,43.23,43.23,43.23,43.23,38.15,53.42,39.31,35.29,38.0,38.0,38.0,38.0,39.35,23.53,,,,,,
2019-03-09 15:00:00+01:00,,28.06,,24.51,32.43,34.2,,30.0,,-0.82,-0.82,-0.82,37.84,51.94,37.84,17.62,44.82,,45.99,44.11,41.99,,45.0,,,,44.11,44.11,,44.11,44.11,44.11,44.11,44.11,37.84,37.84,,,,,35.1,43.19,43.19,43.19,43.19,43.19,37.99,51.94,41.97,36.93,37.84,37.84,37.84,37.84,44.11,30.0,,,,,,
2019-03-09 16:00:00+01:00,,28.03,,27.85,37.93,35.16,,27.96,,0.08,0.08,0.08,38.45,51.14,38.45,18.01,44.59,,64.4,41.01,41.07,,47.0,,,,47.08,47.08,,47.08,47.08,47.08,47.08,47.08,38.45,38.45,,,,,41.95,43.34,43.34,43.34,43.34,43.34,38.6,51.14,42.02,37.86,38.45,38.45,38.45,38.45,41.01,27.96,,,,,,
2019-03-09 17:00:00+01:00,,25.03,,30.79,40.96,35.24,,26.3,,10.96,10.96,11.96,39.59,51.96,39.59,21.06,48.67,,63.86,25.03,41.26,,51.3,,,,52.56,53.01,,52.56,53.01,53.01,53.01,53.01,39.59,39.59,,,,,42.33,43.72,43.72,43.72,43.72,43.72,39.75,51.96,48.24,37.22,39.59,39.59,39.59,39.59,25.03,26.3,,,,,,
2019-03-09 18:00:00+01:00,,25.06,,33.77,36.96,35.95,,28.9,,22.8,22.8,33.9,40.79,53.11,40.79,27.71,59.23,,66.05,43.7,51.07,,76.0,,,,62.65,62.65,,62.65,62.65,62.65,92.8,62.65,40.79,40.79,,,,,39.4,44.12,44.12,44.12,44.12,44.12,40.95,53.11,51.04,47.69,40.79,40.79,40.79,40.79,43.7,28.9,,,,,,
2019-03-09 19:00:00+01:00,,26.1,,41.65,33.94,36.78,,30.71,,25.08,25.08,25.08,39.61,55.48,39.61,32.18,84.9,,66.04,40.7,50.0,,155.0,,,,67.0,70.0,,67.0,70.0,70.0,115.0,70.0,39.61,39.61,,,,,49.9,44.93,44.93,44.23,44.23,44.93,39.76,55.48,49.98,46.09,39.61,39.61,39.61,39.61,40.7,30.71,,,,,,
2019-03-09 20:00:00+01:00,,25.09,,37.58,32.46,35.66,,25.0,,21.62,21.62,21.62,38.27,56.56,38.27,29.11,77.81,,66.0,25.09,38.08,,121.5,,,,62.65,69.21,,62.65,69.21,69.21,114.01,69.21,38.27,38.27,,,,,45.0,44.07,44.07,44.04,44.04,44.07,40.07,56.56,38.06,37.67,38.27,38.27,38.27,38.27,25.09,25.0,,,,,,
2019-03-09 21:00:00+01:00,,23.04,,37.1,31.67,35.03,,18.0,,11.96,11.96,11.96,37.25,56.11,37.25,26.52,63.88,,63.98,23.04,27.05,,77.0,,,,56.27,57.43,,56.27,57.43,57.43,92.8,57.43,37.25,37.25,,,,,48.0,44.47,44.47,43.79,43.79,44.47,38.72,56.11,27.03,33.99,37.25,37.25,37.25,37.25,23.04,18.0,,,,,,
2019-03-09 22:00:00+01:00,,25.04,,44.22,23.99,35.06,,20.0,,13.37,13.37,13.37,36.4,55.51,36.4,36.67,60.38,,63.21,35.06,25.24,,63.67,,,,52.56,52.56,,52.56,52.56,52.56,59.99,52.56,36.4,36.4,,,,,55.0,44.33,44.33,43.64,43.64,44.33,36.54,55.51,25.23,32.32,36.4,36.4,36.4,36.4,35.06,20.0,,,,,,
2019-03-09 23:00:00+01:00,,23.1,,61.38,23.49,31.45,,13.99,,0.72,0.72,0.72,35.23,55.51,35.23,34.77,62.7,,64.32,23.1,20.65,,63.03,,,,49.48,49.48,,49.48,49.48,49.48,49.48,49.48,26.9,35.23,,,,,60.9,44.27,44.27,43.55,43.55,44.27,27.0,55.51,20.64,23.35,35.23,35.23,35.23,35.23,23.1,13.99,,,,,,
2019-03-10 00:00:00+01:00,,-10.79,,63.57,22.52,33.05,,1.09,,-23.04,-4.97,-4.97,35.71,52.35,35.71,17.67,64.93,,51.3,-10.79,21.09,,68.47,,,,44.39,44.39,,44.39,44.39,44.39,44.39,44.39,28.89,35.71,,,,,63.05,43.86,43.86,42.97,42.97,43.86,29.08,52.35,21.06,21.95,35.71,35.71,35.71,35.71,-10.79,1.09,,,,,,
2019-03-10 01:00:00+01:00,,-5.83,,60.9,22.51,25.03,,1.09,,-11.15,-11.15,-11.15,33.92,48.01,33.92,18.49,64.95,,54.79,-5.83,10.79,,68.5,,,,39.79,39.79,,39.79,39.79,39.79,39.79,39.79,27.1,33.92,,,,,60.9,43.79,43.79,42.83,42.83,43.79,27.29,48.01,10.77,12.69,33.92,33.92,33.92,33.92,-5.83,1.09,,,,,,
2019-03-10 02:00:00+01:00,,-0.29,,45.0,22.5,18.06,,0.99,,-12.55,-12.55,-12.55,33.14,45.57,33.14,17.95,70.82,,45.83,-0.29,5.83,,68.44,,,,34.02,34.02,,34.02,34.02,34.02,34.02,34.02,16.46,33.14,,,,,60.9,43.73,43.73,42.8,42.8,43.73,16.57,45.57,5.82,11.45,33.14,33.14,33.14,33.14,-0.29,0.99,,,,,,
2019-03-10 03:00:00+01:00,,-0.68,,28.06,22.5,9.83,,0.7,,-2.89,-2.89,-2.89,34.08,43.0,34.08,9.91,63.73,,39.51,-0.68,4.22,,61.08,,,,33.02,33.02,,33.02,33.02,33.02,33.02,33.02,32.01,34.08,,,,,62.15,43.73,43.73,42.79,42.79,43.73,16.49,43.0,4.21,10.09,34.08,34.08,34.08,34.08,-0.68,0.7,,,,,,
2019-03-10 04:00:00+01:00,,-1.17,,19.12,22.5,12.76,,1.1,,-2.6,-2.6,-2.6,35.72,42.91,35.72,6.54,58.24,,39.57,-1.17,7.34,,52.0,,,,33.02,33.02,,33.02,33.02,33.02,33.02,33.02,32.09,35.72,,,,,54.4,43.79,43.79,42.84,42.84,43.79,16.32,43.0,7.33,11.8,35.72,35.72,35.72,35.72,-1.17,1.1,,,,,,
2019-03-10 05:00:00+01:00,,0.3,,16.76,22.5,15.1,,8.0,,-0.86,0.07,0.07,37.24,43.0,37.24,6.56,55.72,,36.18,0.3,8.0,,37.0,,,,33.98,33.98,,33.98,33.98,33.98,33.98,33.98,37.24,37.24,,,,,44.94,43.5,43.5,42.96,42.96,43.5,16.47,43.0,7.99,18.06,37.24,37.24,37.24,37.24,0.3,8.0,,,,,,
2019-03-10 06:00:00+01:00,,5.58,,19.15,7.51,18.23,,10.95,,4.97,13.78,13.78,37.0,43.0,37.0,10.74,49.32,,49.38,5.58,10.95,,31.88,,,,42.52,42.52,,42.52,42.52,42.52,42.52,42.52,37.0,37.0,,,,,41.88,43.27,43.27,43.23,43.23,43.27,16.06,43.0,10.93,18.09,37.0,37.0,37.0,37.0,5.58,10.95,,,,,,
2019-03-10 07:00:00+01:00,,19.32,,29.62,8.2,22.1,,16.45,,19.32,38.96,38.96,38.96,43.4,38.96,13.11,49.3,,49.04,19.32,16.45,,28.42,,,,39.02,39.02,,39.02,36.0,39.02,36.0,36.0,38.96,38.96,,,,,28.05,43.04,43.04,43.04,43.04,43.04,20.57,43.4,16.43,23.03,38.96,38.96,38.96,38.96,19.32,16.45,,,,,,
2019-03-10 08:00:00+01:00,,26.24,,41.8,12.85,26.39,,22.8,,26.24,38.35,38.35,38.35,45.03,38.35,15.02,58.03,,47.15,26.24,22.8,,28.42,,,,45.96,45.96,,45.96,33.03,45.96,33.03,33.03,38.35,38.35,,,,,41.8,43.18,43.18,43.18,43.18,43.18,27.6,45.03,16.43,24.92,38.35,38.35,38.35,38.35,26.24,22.8,,,,,,
2019-03-10 09:00:00+01:00,,28.97,,42.3,14.85,27.15,,25.8,,28.97,39.09,39.09,39.09,49.61,39.09,19.36,64.99,,44.67,28.97,25.8,,28.42,,,,49.8,49.8,,49.8,29.99,49.8,29.99,29.99,39.09,39.09,,,,,42.3,43.7,43.7,43.7,43.7,43.7,37.08,49.61,10.53,27.84,39.09,39.09,39.09,39.09,28.97,25.8,,,,,,
2019-03-10 10:00:00+01:00,,27.12,,45.16,17.9,26.5,,27.4,,27.12,39.9,39.9,39.9,50.53,39.9,16.28,69.05,,39.45,27.12,28.12,,33.33,,,,53.23,53.23,,53.23,10.0,53.23,10.0,10.0,39.9,39.9,,,,,42.18,43.58,43.58,43.58,43.58,43.58,40.17,50.53,4.21,29.34,39.9,39.9,39.9,39.9,27.12,27.4,,,,,,
2019-03-10 11:00:00+01:00,,32.46,,55.77,17.32,27.53,,30.01,,32.46,40.17,40.17,40.17,50.44,40.17,18.5,64.5,,25.45,32.46,30.01,,35.26,,,,53.15,53.15,,53.15,5.0,53.15,5.0,5.0,40.17,40.17,,,,,42.26,43.65,43.65,43.65,43.65,43.65,40.45,50.44,2.11,29.11,40.17,40.17,40.17,40.17,32.46,30.01,,,,,,
2019-03-10 12:00:00+01:00,,31.01,,51.0,16.98,28.9,,28.44,,31.01,38.76,38.76,38.76,50.02,38.76,18.95,55.69,,23.45,31.01,28.46,,35.51,,,,49.05,37.87,,49.05,4.0,37.87,4.0,4.0,38.76,38.76,,,,,47.7,43.53,43.53,43.53,43.53,43.53,42.5,50.02,3.69,28.64,38.76,38.76,38.76,38.76,31.01,28.44,,,,,,
2019-03-10 13:00:00+01:00,,27.85,,40.92,15.31,22.59,,23.72,,27.84,39.75,39.75,39.75,49.59,39.75,20.09,41.77,,17.94,27.85,23.72,,37.0,,,,46.97,10.0,,46.97,2.0,10.0,2.0,2.0,39.75,39.75,,,,,35.0,43.04,43.04,43.04,43.04,43.04,41.41,49.59,4.21,26.18,39.75,39.75,39.75,39.75,27.85,23.72,,,,,,
2019-03-10 14:00:00+01:00,,23.06,,34.09,20.36,18.38,,22.7,,23.06,39.91,39.91,39.91,48.01,39.91,13.88,34.79,,26.45,23.06,22.7,,34.03,,,,48.15,10.0,,48.15,3.0,10.0,3.0,3.0,39.91,39.91,,,,,33.95,42.96,42.96,42.96,42.96,42.96,40.18,48.01,10.53,24.93,39.91,39.91,39.91,39.91,23.06,22.7,,,,,,
2019-03-10 15:00:00+01:00,,23.2,,23.63,22.51,17.01,,22.01,,23.07,39.27,39.27,39.27,41.23,39.27,10.84,34.34,,38.45,23.2,22.01,,32.93,,,,52.56,21.93,,52.56,10.0,21.93,10.0,10.0,39.27,39.27,,,,,33.51,42.88,42.88,42.88,42.88,42.88,39.54,43.0,21.98,25.06,39.27,39.27,39.27,39.27,23.2,22.01,,,,,,
2019-03-10 16:00:00+01:00,,23.79,,34.09,22.53,20.03,,23.6,,23.79,41.34,41.34,41.34,39.71,41.34,9.23,34.79,,60.78,23.79,23.6,,33.36,,,,53.38,33.02,,53.38,33.02,33.02,33.02,33.02,41.34,41.34,,,,,33.95,42.99,42.99,42.99,42.99,42.99,41.63,42.52,23.56,23.95,41.34,41.34,41.34,41.34,23.79,23.6,,,,,,
2019-03-10 17:00:00+01:00,,29.2,,37.51,32.29,27.28,,25.6,,29.17,43.51,43.51,43.51,40.0,43.51,20.57,38.28,,67.4,29.2,35.02,,36.71,,,,53.38,51.53,,53.38,51.53,51.53,51.53,51.53,43.51,43.51,,,,,37.36,43.51,43.51,43.51,43.51,43.51,44.84,42.25,34.97,23.93,43.51,43.51,43.51,43.51,29.2,25.6,,,,,,
2019-03-10 18:00:00+01:00,,31.01,,43.47,34.69,37.02,,34.0,,31.01,44.36,44.36,44.36,40.57,44.36,23.51,56.02,,65.95,40.8,48.64,,45.31,,,,58.61,58.61,,58.61,58.61,58.61,92.8,58.61,44.36,44.36,,,,,41.4,44.36,44.36,44.36,44.36,44.36,49.02,41.75,48.56,29.86,44.36,44.36,44.36,44.36,40.8,34.0,,,,,,
2019-03-10 19:00:00+01:00,,40.92,,40.92,36.08,41.29,,38.5,,40.92,44.08,44.08,44.08,51.33,44.08,40.92,75.86,,64.38,54.21,50.05,,66.63,,,,58.62,58.62,,58.62,58.62,58.62,99.0,58.62,44.08,44.08,,,,,40.92,44.08,44.08,44.08,44.08,44.08,48.55,51.33,49.97,32.35,44.08,44.08,44.08,44.08,54.21,38.5,,,,,,
2019-03-10 20:00:00+01:00,,30.01,,32.1,32.3,36.55,,35.22,,29.91,42.89,42.89,42.89,54.38,42.89,30.8,71.21,,63.9,43.7,42.23,,68.31,,,,57.0,57.0,,57.0,57.0,57.0,99.0,57.0,42.89,42.89,,,,,36.0,43.27,43.27,43.65,43.65,43.27,48.27,54.38,42.16,28.46,42.89,42.89,42.89,42.89,43.7,35.22,,,,,,
2019-03-10 21:00:00+01:00,,25.09,,29.38,32.28,30.39,,27.01,,24.89,41.57,41.57,41.57,55.25,41.57,26.72,52.77,,64.4,38.64,40.57,,47.72,,,,53.38,53.38,,53.38,53.38,53.38,92.8,53.38,41.57,41.57,,,,,37.4,43.36,43.36,43.56,43.56,43.36,44.84,55.25,40.5,28.4,41.57,41.57,41.57,41.57,38.64,27.01,,,,,,
2019-03-10 22:00:00+01:00,,26.96,,31.37,23.99,34.1,,28.4,,26.63,41.24,41.24,41.24,54.08,41.24,28.63,40.59,,61.78,26.96,32.14,,41.84,,,,48.15,48.15,,48.15,48.15,48.15,48.15,48.15,41.24,41.24,,,,,39.62,43.17,43.17,43.45,43.45,43.17,41.52,54.08,32.09,25.85,41.24,41.24,41.24,41.24,26.96,28.4,,,,,,
2019-03-10 23:00:00+01:00,,23.19,,26.95,22.53,34.05,,20.5,,22.92,38.11,38.11,38.11,52.54,38.11,24.62,34.79,,64.31,23.19,25.04,,35.37,,,,42.32,42.32,,42.32,42.32,42.32,42.32,42.32,38.11,38.11,,,,,33.96,42.73,42.73,42.97,42.97,42.73,40.3,52.54,24.99,21.48,38.11,38.11,38.11,38.11,23.19,20.5,,,,,,
2019-03-11 00:00:00+01:00,,21.81,,26.19,8.36,23.49,,15.14,,21.8,40.78,40.78,40.78,49.91,40.78,23.64,35.13,,36.45,21.81,15.14,,34.34,,,,35.04,35.04,,35.04,35.04,35.04,35.04,35.04,40.78,40.78,,,,,34.3,42.81,42.81,42.81,42.81,42.81,41.06,49.91,15.12,20.04,40.78,40.78,40.78,40.78,21.81,15.14,,,,,,
2019-03-11 01:00:00+01:00,,20.21,,26.7,3.17,16.4,,11.55,,19.81,39.35,39.35,39.35,43.0,39.35,22.71,41.51,,23.4,20.21,11.55,,35.0,,,,30.1,30.1,,30.1,30.1,30.1,30.1,30.1,39.35,39.35,,,,,39.9,42.57,42.57,42.58,42.58,42.57,39.62,43.0,11.53,12.04,39.35,39.35,39.35,39.35,20.21,11.55,,,,,,
2019-03-11 02:00:00+01:00,,22.02,,28.71,4.31,21.05,,9.0,,22.02,39.52,39.52,39.52,40.25,39.52,24.97,42.83,,19.52,22.02,9.0,,35.0,,,,25.0,25.0,,25.0,25.0,25.0,25.0,25.0,38.72,38.72,,,,,41.38,42.75,42.75,42.75,42.75,42.75,38.99,40.25,8.98,14.3,39.52,39.52,39.52,39.52,22.02,9.0,,,,,,
2019-03-11 03:00:00+01:00,,16.21,,22.81,4.16,25.23,,8.32,,16.21,40.32,40.32,40.32,40.0,40.32,19.06,36.26,,15.39,16.21,8.32,,34.79,,,,23.2,23.2,,23.2,23.2,23.2,23.2,23.2,39.44,39.44,,,,,35.4,42.48,42.48,42.48,42.48,42.48,39.71,40.0,8.3,11.97,40.32,40.32,40.32,40.32,16.21,8.32,,,,,,
2019-03-11 04:00:00+01:00,,18.22,,23.99,6.6,17.13,,10.12,,18.22,42.16,42.16,42.16,39.71,42.16,20.55,34.79,,33.26,18.22,10.12,,33.37,,,,24.02,24.02,,24.02,24.02,24.02,24.02,24.02,42.16,42.16,,,,,33.96,42.31,42.31,42.51,42.51,42.31,41.43,39.71,10.1,13.38,42.16,42.16,42.16,42.16,18.22,10.12,,,,,,
2019-03-11 05:00:00+01:00,,24.4,,27.96,22.53,26.22,,20.33,,24.4,43.96,43.96,43.96,40.25,43.96,25.8,35.76,,43.77,24.4,20.33,,34.3,,,,35.04,35.04,,35.04,35.04,35.04,35.04,35.04,43.96,43.96,,,,,34.9,43.96,43.96,43.96,43.96,43.96,44.27,40.25,20.29,22.29,43.96,43.96,43.96,43.96,24.4,20.33,,,,,,
2019-03-11 06:00:00+01:00,,39.47,,39.82,24.52,35.29,,34.96,,39.45,45.63,45.63,45.63,46.02,45.63,39.61,41.52,,53.43,45.0,34.96,,40.74,,,,52.66,47.64,,52.66,47.64,47.64,47.64,47.64,45.63,45.63,,,,,40.53,45.63,45.63,45.63,45.63,45.63,47.83,46.02,34.88,27.03,45.63,45.63,45.63,45.63,45.0,34.96,,,,,,
2019-03-11 07:00:00+01:00,,47.96,,47.96,41.13,46.05,,42.65,,47.96,47.96,47.96,47.96,51.01,47.96,47.96,55.84,,60.86,56.0,42.65,,50.04,,,,56.0,56.0,,56.0,56.0,56.0,56.0,56.0,47.96,47.96,,,,,47.96,47.96,47.96,47.96,47.96,47.96,48.29,51.01,42.55,8.57,47.96,47.96,47.96,47.96,56.0,42.65,,,,,,
2019-03-11 08:00:00+01:00,,48.06,,48.06,40.84,46.34,,42.5,,48.06,49.11,49.11,49.11,52.39,49.11,48.06,57.88,,57.18,57.25,42.5,,70.0,,,,61.16,57.53,,61.16,57.53,57.53,57.53,57.53,49.11,49.11,,,,,48.06,49.11,49.11,49.11,49.11,49.11,54.26,52.39,42.4,23.04,49.11,49.11,49.11,49.11,57.25,42.5,,,,,,
2019-03-11 09:00:00+01:00,,46.84,,46.84,35.02,45.94,,38.9,,46.84,48.09,48.09,48.09,54.38,48.09,46.84,51.74,,56.19,46.84,38.9,,96.19,,,,57.18,56.19,,57.18,56.19,56.19,56.19,56.19,48.09,48.09,,,,,46.84,48.09,48.09,48.09,48.09,48.09,54.84,54.38,38.8,25.57,48.09,48.09,48.09,48.09,46.84,38.9,,,,,,
2019-03-11 10:00:00+01:00,,45.31,,45.31,32.46,44.78,,35.96,,45.31,47.05,47.05,47.05,52.83,47.05,45.31,54.18,,52.12,45.31,35.96,,114.3,,,,56.53,49.89,,56.53,49.89,49.89,49.89,49.89,47.05,47.05,,,,,45.31,47.05,47.05,47.05,47.05,47.05,54.33,52.83,35.87,42.3,47.05,47.05,47.05,47.05,45.31,35.96,,,,,,
2019-03-11 11:00:00+01:00,,42.66,,42.66,32.27,45.34,,35.56,,42.66,46.3,46.3,46.3,53.28,46.3,42.66,51.05,,50.78,43.6,35.56,,89.8,,,,56.0,42.99,,56.0,42.99,42.99,42.99,42.99,46.3,46.3,,,,,42.66,46.3,46.3,46.3,46.3,46.3,54.3,53.28,35.47,42.59,46.3,46.3,46.3,46.3,43.6,35.56,,,,,,
2019-03-11 12:00:00+01:00,,39.95,,39.95,32.43,44.55,,34.0,,39.95,45.7,45.7,45.7,55.06,45.7,39.95,51.4,,32.86,49.89,34.0,,54.28,,,,49.89,40.0,,49.89,40.0,40.0,40.0,40.0,45.7,45.7,,,,,39.95,45.7,45.7,45.7,45.7,45.7,55.6,55.06,33.9,43.58,45.7,45.7,45.7,45.7,49.89,34.0,,,,,,
2019-03-11 13:00:00+01:00,,38.69,,38.69,32.42,44.73,,34.0,,38.69,45.43,45.43,45.43,55.51,45.43,38.69,51.09,,20.45,46.89,34.0,,53.87,,,,51.12,35.07,,51.12,35.07,35.07,35.07,35.07,45.43,45.43,,,,,38.69,45.43,45.43,45.43,45.43,45.43,56.15,55.51,33.9,42.56,45.43,45.43,45.43,45.43,46.89,34.0,,,,,,
2019-03-11 14:00:00+01:00,,36.9,,36.9,48.44,44.49,,33.87,,36.9,45.05,45.05,45.05,55.53,45.05,36.9,52.14,,32.51,52.63,33.87,,50.0,,,,56.53,35.09,,56.53,35.09,35.09,35.09,35.09,45.05,45.05,,,,,36.9,45.05,45.05,45.05,45.05,45.05,54.35,55.53,33.77,43.0,45.05,45.05,45.05,45.05,52.63,33.87,,,,,,
2019-03-11 15:00:00+01:00,,37.11,,37.11,39.49,45.0,,35.69,,37.11,44.87,44.87,44.87,55.81,44.87,37.11,56.39,,49.49,54.25,36.96,,49.0,,,,56.53,43.51,,56.53,43.51,43.51,43.51,43.51,44.87,44.87,,,,,37.11,44.87,44.87,44.87,44.87,44.87,53.88,55.81,36.85,45.68,44.87,44.87,44.87,44.87,54.25,35.69,,,,,,
2019-03-11 16:00:00+01:00,,39.03,,39.27,36.1,44.95,,39.01,,39.0,44.07,45.0,45.0,55.81,45.0,39.0,51.06,,60.29,55.0,39.01,,42.83,,,,57.02,51.38,,57.02,51.38,51.38,51.38,51.38,45.0,45.0,,,,,40.1,45.0,45.0,45.0,45.0,45.0,53.88,55.81,38.89,48.89,45.0,45.0,45.0,45.0,55.0,39.01,,,,,,
2019-03-11 17:00:00+01:00,,46.28,,46.28,65.66,45.63,,43.0,,46.28,46.28,46.56,46.56,56.01,46.56,46.28,58.02,,62.38,57.04,56.63,,42.83,,,,57.04,57.04,,57.04,57.04,57.04,57.04,57.04,46.56,46.56,,,,,46.28,46.56,46.56,46.56,46.56,46.56,56.13,56.01,56.45,50.05,46.56,46.56,46.56,46.56,57.04,43.0,,,,,,
2019-03-11 18:00:00+01:00,,50.29,,50.29,75.03,49.27,,49.0,,50.29,50.29,50.02,49.08,56.56,49.08,50.29,69.63,,64.36,61.61,69.08,,42.83,,,,61.61,61.61,,61.61,61.61,61.61,61.61,61.61,49.08,49.08,,,,,50.29,49.08,49.08,49.08,49.08,49.08,59.75,56.56,71.69,62.08,49.08,49.08,49.08,49.08,61.61,49.0,,,,,,
2019-03-11 19:00:00+01:00,,57.9,,57.9,75.08,51.04,,50.7,,57.9,48.94,48.94,48.94,58.21,48.94,57.9,88.18,,65.95,61.77,70.52,,42.86,,,,61.77,61.77,,61.77,61.77,61.77,81.0,61.77,48.94,48.94,,,,,57.9,48.94,48.94,48.94,48.94,48.94,62.74,58.21,71.18,59.88,48.94,48.94,48.94,48.94,61.77,50.7,,,,,,
2019-03-11 20:00:00+01:00,,50.09,,56.3,62.95,48.59,,47.0,,50.06,47.73,47.73,47.73,61.41,47.73,50.19,67.63,,62.89,57.36,56.05,,42.83,,,,57.36,57.36,,57.36,57.36,57.36,81.0,57.36,47.73,47.73,,,,,50.06,47.73,47.73,47.73,47.73,47.73,56.84,61.41,55.86,47.06,47.73,47.73,47.73,47.73,57.36,47.0,,,,,,
2019-03-11 21:00:00+01:00,,47.53,,47.65,46.97,46.9,,43.73,,47.52,46.38,46.38,46.38,58.52,46.38,47.57,54.55,,67.4,47.53,45.44,,42.7,,,,56.3,56.3,,56.3,56.3,56.3,56.3,56.3,46.38,46.38,,,,,47.91,46.38,46.38,46.38,46.38,46.38,46.69,58.52,45.28,45.3,46.38,46.38,46.38,46.38,47.53,43.73,,,,,,
2019-03-11 22:00:00+01:00,,47.61,,47.61,31.07,46.63,,42.84,,47.61,46.08,46.08,46.08,57.26,46.08,47.61,48.81,,62.78,47.61,42.84,,35.0,,,,53.76,48.37,,53.76,48.37,48.37,48.37,48.37,46.08,46.08,,,,,47.61,46.08,46.08,46.08,46.08,46.08,46.4,57.26,42.68,50.07,46.08,46.08,46.08,46.08,47.61,42.84,,,,,,
2019-03-11 23:00:00+01:00,,44.01,,44.01,24.51,44.96,,38.07,,44.01,44.01,44.01,44.01,56.58,44.01,44.01,45.13,,0.0,44.01,38.07,,35.0,,,,47.65,35.07,,47.65,35.07,35.07,35.07,35.07,44.01,44.01,,,,,44.01,44.01,44.01,44.01,44.01,44.01,44.32,56.58,33.62,40.71,44.01,44.01,44.01,44.01,44.01,38.07,,,,,,
2019-03-12 00:00:00+01:00,,40.98,,40.98,23.52,44.51,,41.52,,40.98,40.98,42.69,42.69,55.25,42.69,40.98,42.53,,37.45,40.98,41.52,,32.92,,,,50.59,10.0,,50.59,10.0,10.0,10.0,10.0,42.69,42.69,,,,,40.98,42.82,42.82,42.82,42.82,42.82,46.72,55.25,10.72,42.32,42.69,42.69,42.69,42.69,40.98,41.52,,,,,,
2019-03-12 01:00:00+01:00,,38.97,,38.97,23.98,40.6,,38.63,,38.97,42.23,42.23,42.23,54.01,42.23,38.97,40.46,,27.51,38.97,38.63,,4.71,,,,48.71,10.0,,48.71,10.0,10.0,10.0,10.0,42.23,42.23,,,,,38.97,42.23,42.23,42.35,42.35,42.23,43.45,54.01,10.08,38.16,42.23,42.23,42.23,42.23,38.97,38.63,,,,,,
2019-03-12 02:00:00+01:00,,36.91,,36.91,23.5,37.81,,37.06,,36.91,42.16,42.16,42.16,54.01,42.16,36.91,40.54,,22.09,36.91,37.06,,34.02,,,,47.01,1.5,,47.01,1.5,1.5,1.5,1.5,42.16,42.16,,,,,36.91,42.16,42.16,42.25,42.25,42.16,42.48,54.01,10.08,36.85,42.16,42.16,42.16,42.16,36.91,37.06,,,,,,
2019-03-12 03:00:00+01:00,,35.0,,35.0,23.48,36.07,,34.95,,35.0,41.99,41.99,41.99,53.49,41.99,35.0,36.34,,20.67,35.0,34.95,,34.02,,,,46.67,0.1,,46.67,0.1,0.1,0.1,0.1,41.99,41.99,,,,,35.0,41.99,41.99,42.15,42.15,41.99,42.6,53.49,10.5,36.79,41.99,41.99,41.99,41.99,35.0,34.95,,,,,,
2019-03-12 04:00:00+01:00,,32.92,,32.92,24.13,35.64,,34.52,,32.92,42.81,42.81,42.81,52.35,42.81,32.92,34.18,,29.09,32.92,34.52,,32.35,,,,46.5,1.0,,46.5,1.0,1.0,1.0,1.0,42.81,42.81,,,,,32.92,42.81,42.81,42.81,42.81,42.81,44.75,52.35,20.37,38.54,42.81,42.81,42.81,42.81,32.92,34.52,,,,,,
2019-03-12 05:00:00+01:00,,36.3,,36.3,24.52,37.62,,37.54,,36.3,44.19,44.19,44.19,52.72,44.19,36.3,37.54,,43.49,36.3,37.54,,35.0,,,,51.4,3.0,,51.4,3.0,3.0,3.0,3.0,44.19,44.19,,,,,36.3,44.19,44.19,44.19,44.19,44.19,45.62,52.72,37.38,41.42,44.19,44.19,44.19,44.19,36.3,37.54,,,,,,
2019-03-12 06:00:00+01:00,,46.83,,46.83,34.22,47.33,,46.68,,46.83,46.83,46.83,46.83,54.88,46.83,46.83,48.44,,64.4,48.16,46.68,,35.0,,,,59.38,20.0,,59.38,20.0,20.0,20.0,20.0,46.83,46.83,,,,,46.83,46.83,46.83,46.83,46.83,46.83,49.04,54.88,46.46,39.3,46.83,46.83,46.83,46.83,48.16,46.68,,,,,,
2019-03-12 07:00:00+01:00,,52.05,,52.05,43.06,50.05,,52.01,,52.05,52.05,52.05,52.05,55.25,52.05,52.05,56.94,,65.67,57.76,52.01,,42.71,,,,63.21,58.36,,63.21,29.05,58.36,29.05,29.05,52.05,52.05,,,,,52.05,52.05,52.05,52.05,52.05,52.05,54.68,55.25,51.76,20.09,52.05,52.05,52.05,52.05,57.76,52.01,,,,,,
2019-03-12 08:00:00+01:00,,51.37,,51.37,43.07,49.03,,51.34,,51.37,51.37,52.07,52.07,56.11,52.07,51.37,54.07,,65.94,51.37,51.34,,52.8,,,,69.53,69.53,,69.53,0.0,69.53,0.0,6.0,52.07,52.07,,,,,51.37,52.07,49.73,52.07,52.07,52.07,57.6,56.11,51.09,49.9,52.07,52.07,52.07,52.07,51.37,51.34,,,,,,
2019-03-12 09:00:00+01:00,,48.02,,48.02,38.79,47.61,,46.5,,48.02,48.02,49.8,49.8,56.26,49.8,48.02,56.1,,67.4,48.02,46.5,,57.0,,,,67.0,67.0,,67.0,0.0,67.0,0.0,0.1,49.8,49.8,,,,,48.02,49.8,47.68,49.8,49.8,49.8,58.04,56.26,46.27,46.09,49.8,49.8,49.8,49.8,48.02,46.5,,,,,,
2019-03-12 10:00:00+01:00,,43.81,,44.4,34.02,46.67,,41.36,,43.81,46.78,48.66,48.66,55.11,48.66,44.1,62.77,,67.4,43.81,41.36,,60.37,,,,61.16,59.58,,61.16,0.0,59.58,0.0,0.0,48.66,48.66,,,,,45.52,48.66,47.02,48.66,48.66,48.66,57.91,55.11,41.15,42.07,48.66,48.66,48.66,48.66,43.81,41.36,,,,,,
2019-03-12 11:00:00+01:00,,38.98,,41.74,32.37,43.61,,38.64,,38.72,44.05,47.33,47.89,52.72,47.89,39.84,62.59,,67.4,38.98,38.66,,59.0,,,,59.0,59.0,,59.0,0.0,59.0,0.0,0.0,47.89,47.89,,,,,44.34,47.33,45.8,47.33,47.33,47.33,58.58,52.72,38.46,40.04,47.33,47.33,47.33,47.33,38.98,38.64,,,,,,
2019-03-12 12:00:00+01:00,,36.19,,40.12,32.44,40.3,,34.52,,35.82,39.14,46.18,47.74,51.32,47.74,37.43,61.89,,67.4,37.5,34.52,,53.15,,,,48.39,48.39,,48.39,0.0,48.39,0.0,0.0,47.74,47.74,,,,,43.82,46.18,45.27,46.18,46.18,46.18,58.99,51.84,34.33,38.32,46.18,46.18,46.18,46.18,37.5,34.52,,,,,,
2019-03-12 13:00:00+01:00,,32.27,,37.61,32.43,44.0,,32.13,,31.76,35.52,45.28,45.28,49.56,45.28,34.02,55.31,,64.41,34.91,32.13,,52.28,,,,48.41,48.41,,48.41,0.0,48.41,0.0,0.0,45.28,45.28,,,,,43.83,45.28,45.28,45.28,45.28,45.28,59.02,49.56,31.96,36.0,45.28,45.28,45.28,45.28,34.91,32.13,,,,,,
2019-03-12 14:00:00+01:00,,31.58,,37.02,32.41,38.09,,32.16,,31.06,31.06,44.96,44.96,45.05,44.96,33.37,49.31,,62.89,31.58,32.16,,46.6,,,,57.13,57.13,,57.13,0.0,57.13,0.0,0.0,44.96,44.96,,,,,43.52,44.96,44.96,44.96,44.96,44.96,58.37,45.05,31.98,34.94,44.96,44.96,44.96,44.96,31.58,32.16,,,,,,
2019-03-12 15:00:00+01:00,,33.38,,38.05,31.95,38.0,,33.46,,32.93,32.93,44.69,44.69,42.63,44.69,34.91,46.44,,61.65,33.38,33.46,,43.89,,,,59.0,59.0,,59.0,0.0,59.0,0.0,0.0,44.69,44.69,,,,,43.19,44.69,44.62,44.69,44.69,44.69,58.1,42.63,33.27,38.04,44.69,44.69,44.69,44.69,33.38,33.46,,,,,,
2019-03-12 16:00:00+01:00,,35.58,,39.15,30.34,36.89,,36.56,,35.26,35.26,44.55,45.97,42.62,45.97,36.7,46.42,,62.97,35.58,36.56,,43.86,,,,63.21,63.21,,63.21,0.0,63.21,0.0,1.01,45.97,45.97,,,,,42.37,44.55,44.14,44.55,44.55,44.55,58.41,42.62,36.35,39.69,44.55,44.55,44.55,44.55,35.58,36.56,,,,,,
2019-03-12 17:00:00+01:00,,40.11,,40.91,32.39,39.11,,44.5,,40.06,40.06,44.76,52.07,46.39,52.07,40.33,48.41,,71.43,40.11,44.5,,45.73,,,,66.23,66.23,,66.23,0.0,66.23,0.0,15.0,52.07,52.07,,,,,42.0,44.76,44.76,44.76,44.76,44.76,58.84,46.39,44.23,52.15,44.76,44.76,44.76,44.76,40.11,44.5,,,,,,
2019-03-12 18:00:00+01:00,,44.02,,44.02,34.01,46.39,,51.0,,44.02,44.02,45.1,53.27,51.0,53.27,44.02,50.6,,74.02,54.32,58.64,,47.8,,,,73.61,73.61,,73.61,1.0,73.61,1.0,51.97,53.27,53.27,,,,,44.02,45.1,45.1,45.1,45.1,45.1,65.07,51.0,58.28,60.03,45.1,45.1,45.1,45.1,54.32,51.0,,,,,,
2019-03-12 19:00:00+01:00,,42.58,,50.0,33.06,47.09,,53.17,,41.57,41.57,44.93,44.93,54.71,44.93,44.68,72.15,,67.49,54.33,57.02,,52.8,,,,80.0,80.0,,80.0,29.01,80.0,29.01,51.97,44.93,44.93,,,,,50.0,44.93,44.93,44.93,44.93,44.93,62.74,54.71,56.67,62.41,44.93,44.93,44.93,44.93,54.33,53.17,,,,,,
2019-03-12 20:00:00+01:00,,34.77,,47.73,32.4,45.32,,46.19,,33.01,33.01,33.01,43.93,56.01,43.93,38.45,70.64,,68.41,40.7,46.19,,52.8,,,,68.0,68.0,,68.0,29.01,68.0,29.01,56.5,43.93,43.93,,,,,47.73,43.93,43.93,43.93,43.93,43.93,57.28,56.01,45.9,53.03,43.93,43.93,43.93,43.93,40.7,46.19,,,,,,
2019-03-12 21:00:00+01:00,,27.87,,36.4,22.81,34.32,,33.03,,26.49,26.49,37.0,43.57,55.01,43.57,30.99,52.49,,64.38,33.54,33.03,,46.7,,,,67.0,67.0,,67.0,10.0,67.0,10.0,51.97,43.57,43.57,,,,,39.9,43.57,43.57,43.57,43.57,43.57,47.18,55.01,32.82,44.06,43.57,43.57,43.57,43.57,33.54,33.03,,,,,,
2019-03-12 22:00:00+01:00,,25.4,,35.91,23.49,35.1,,25.34,,23.87,23.87,23.87,41.51,51.99,41.51,33.98,54.01,,64.36,30.11,27.91,,37.0,,,,60.69,60.69,,60.69,0.1,60.69,0.1,48.0,41.51,41.51,,,,,39.6,42.58,42.58,42.89,42.89,42.58,52.68,51.99,27.73,42.77,41.51,41.51,41.51,41.51,30.11,25.34,,,,,,
2019-03-12 23:00:00+01:00,,3.89,,44.36,22.54,33.62,,23.01,,0.36,0.36,0.36,37.81,50.5,37.81,33.67,45.99,,64.2,3.89,24.05,,34.35,,,,57.14,57.14,,57.14,0.0,57.14,0.0,47.06,37.81,37.81,,,,,37.4,42.01,42.01,42.68,42.68,42.01,45.46,50.5,22.37,38.05,37.81,37.81,37.81,37.81,3.89,23.01,,,,,,
2019-03-13 00:00:00+01:00,,8.75,,30.52,22.5,29.47,,8.0,,7.07,10.05,10.05,37.05,40.69,37.05,26.85,49.01,,63.36,21.0,18.0,,4.71,,,,52.44,52.44,,52.44,0.0,52.44,0.0,49.34,37.05,37.05,,,,,34.6,41.54,41.54,41.54,41.54,41.54,41.83,40.69,17.92,29.12,37.05,37.05,37.05,37.05,21.0,8.0,,,,,,
2019-03-13 01:00:00+01:00,,1.83,,26.67,22.5,28.04,,9.22,,0.06,22.54,22.54,35.4,39.58,35.4,22.28,53.7,,46.74,1.83,11.03,,-1.0,,,,51.78,51.78,,51.78,0.0,51.78,0.0,51.78,35.4,35.4,,,,,36.4,40.78,40.78,40.78,40.78,40.78,39.62,39.58,10.98,23.16,35.4,35.4,35.4,35.4,1.83,9.22,,,,,,
2019-03-13 02:00:00+01:00,,1.97,,29.57,8.09,30.43,,8.0,,-0.07,26.4,26.4,35.07,37.94,35.07,25.33,48.48,,40.0,1.97,8.08,,-2.0,,,,49.35,49.35,,49.35,0.0,49.35,0.0,49.35,35.07,35.07,,,,,35.6,40.58,40.58,40.58,40.58,40.58,37.38,37.94,8.04,20.01,35.07,35.07,35.07,35.07,1.97,8.0,,,,,,
2019-03-13 03:00:00+01:00,,3.12,,15.5,11.45,26.43,,6.47,,2.45,34.03,34.03,35.42,37.15,35.42,11.78,41.61,,28.0,3.12,6.47,,-1.0,,,,48.25,48.25,,48.25,0.0,48.25,0.0,48.25,35.42,35.42,,,,,37.4,40.34,40.34,40.34,40.34,40.34,37.38,37.15,6.45,15.49,35.42,35.42,35.42,35.42,3.12,6.47,,,,,,
2019-03-13 04:00:00+01:00,,8.55,,17.95,22.51,19.66,,8.7,,8.09,37.01,37.01,38.31,36.08,38.31,14.61,35.72,,41.45,8.55,14.52,,-1.0,,,,50.91,50.91,,50.91,0.0,50.91,0.0,50.91,38.31,38.31,,,,,34.8,40.16,40.16,40.16,40.16,40.16,38.52,36.08,14.46,19.04,38.31,38.31,38.31,38.31,8.55,8.7,,,,,,
2019-03-13 05:00:00+01:00,,19.36,,23.31,22.54,33.14,,16.89,,19.17,36.91,40.3,56.04,37.94,56.04,21.87,30.8,,53.99,47.9,25.55,,-1.0,,,,52.09,58.43,,52.09,25.0,58.43,25.0,58.43,40.3,40.3,,,,,30.0,40.45,40.45,40.45,40.45,40.45,41.81,37.94,25.44,31.02,40.3,40.3,40.3,40.3,47.9,16.89,,,,,,
2019-03-13 06:00:00+01:00,,27.0,,33.06,25.2,36.27,,30.64,,25.91,38.7,42.13,46.01,40.69,46.01,28.67,39.56,,64.37,51.25,43.08,,-6.51,,,,65.0,65.0,,65.0,29.06,65.0,29.06,65.0,42.13,42.13,,,,,37.4,42.13,42.13,42.13,42.13,42.13,42.23,40.69,42.9,41.99,42.13,42.13,42.13,42.13,51.25,30.64,,,,,,
2019-03-13 07:00:00+01:00,,38.05,,41.54,41.03,38.52,,37.62,,36.48,41.87,43.69,47.58,46.0,47.58,38.52,54.97,,67.38,64.74,48.52,,0.0,,,,68.1,68.1,,68.1,30.25,68.1,30.25,68.1,46.12,46.12,,,,,44.16,43.69,43.69,43.69,43.69,43.69,46.22,46.0,48.32,50.49,43.69,43.69,43.69,43.69,64.74,37.62,,,,,,
2019-03-13 08:00:00+01:00,,40.93,,56.2,41.44,41.03,,36.24,,26.0,41.3,44.34,48.62,51.33,48.62,37.89,64.14,,64.35,47.04,49.84,,37.45,,,,72.61,72.61,,72.61,29.07,72.61,29.07,72.61,48.62,48.62,,,,,55.33,44.34,44.34,44.34,44.34,44.34,48.73,51.33,49.64,50.02,44.34,44.34,44.34,44.34,47.04,36.24,,,,,,
2019-03-13 09:00:00+01:00,,40.91,,50.74,39.01,39.68,,36.34,,18.5,39.01,44.18,48.37,51.64,48.37,32.56,58.39,,61.45,43.1,48.19,,48.62,,,,71.29,71.29,,71.29,29.06,71.29,29.06,71.29,48.37,48.37,,,,,50.0,44.18,44.18,44.18,44.18,44.18,48.47,51.64,48.0,48.59,44.18,44.18,44.18,44.18,43.1,36.34,,,,,,
2019-03-13 10:00:00+01:00,,41.21,,47.23,34.42,40.53,,34.06,,2.28,39.26,43.82,47.82,50.21,47.82,29.5,58.41,,61.45,41.21,42.55,,49.72,,,,65.67,65.67,,65.67,29.05,65.67,29.05,65.67,47.82,47.82,,,,,45.27,43.82,43.82,43.82,43.82,43.82,47.92,50.21,42.38,46.92,43.82,43.82,43.82,43.82,41.21,34.06,,,,,,
2019-03-13 11:00:00+01:00,,42.96,,45.13,32.46,38.49,,36.89,,8.24,39.95,43.47,46.05,47.02,46.05,28.46,51.41,,61.45,43.1,44.54,,49.11,,,,65.25,58.66,,65.25,4.0,58.66,4.0,51.1,46.05,46.05,,,,,44.91,43.47,43.47,43.47,43.47,43.47,48.93,47.02,41.93,45.1,43.47,43.47,43.47,43.47,43.1,36.89,,,,,,
2019-03-13 12:00:00+01:00,,48.95,,32.02,53.0,36.29,,41.56,,10.8,41.43,43.16,43.16,48.68,43.16,29.88,48.96,,61.45,49.04,46.04,,46.76,,,,52.79,52.79,,52.79,4.0,52.79,4.0,46.46,43.16,43.16,,,,,44.59,43.16,43.16,43.16,43.16,43.16,47.32,48.68,45.08,45.95,43.16,43.16,43.16,43.16,49.04,41.56,,,,,,
2019-03-13 13:00:00+01:00,,51.08,,46.34,50.12,36.27,,45.2,,5.23,41.95,42.96,42.96,45.87,42.96,29.14,48.29,,61.45,51.08,45.2,,46.1,,,,52.79,52.79,,52.79,5.0,52.79,5.0,46.52,42.96,42.96,,,,,44.38,42.96,42.96,42.96,42.96,42.96,47.92,45.87,41.94,43.59,42.96,42.96,42.96,42.96,51.08,45.2,,,,,,
2019-03-13 14:00:00+01:00,,47.55,,30.71,50.46,36.23,,38.0,,13.97,42.9,42.9,42.9,45.0,42.9,30.04,42.76,,63.98,47.55,42.97,,40.81,,,,57.43,57.43,,57.43,29.05,57.43,29.05,52.22,42.9,42.9,,,,,41.53,42.9,42.9,42.9,42.9,42.9,47.29,45.0,41.84,44.21,42.9,42.9,42.9,42.9,47.55,38.0,,,,,,
2019-03-13 15:00:00+01:00,,40.92,,28.59,44.92,36.23,,39.0,,20.07,42.9,42.9,42.9,42.64,42.9,27.54,44.11,,63.98,45.51,42.51,,42.38,,,,65.9,58.66,,65.9,29.07,58.66,29.07,58.66,42.9,42.9,,,,,41.53,42.9,42.9,42.9,42.9,42.9,47.24,42.64,41.84,42.9,42.9,42.9,42.9,42.9,45.51,39.0,,,,,,
2019-03-13 16:00:00+01:00,,40.7,,30.18,35.46,36.2,,39.06,,23.83,43.13,43.13,43.13,42.01,43.13,27.98,51.32,,66.08,40.7,41.99,,48.65,,,,70.0,58.66,,70.0,30.25,58.66,30.25,58.66,43.13,43.13,,,,,41.75,43.13,43.13,43.13,43.13,43.13,47.31,42.57,41.84,44.62,43.13,43.13,43.13,43.13,40.7,39.06,,,,,,
2019-03-13 17:00:00+01:00,,38.9,,35.28,43.11,36.25,,43.0,,30.62,43.94,43.94,46.33,43.84,46.33,33.4,52.75,,80.99,40.7,48.19,,49.75,,,,70.0,70.0,,70.0,30.25,70.0,133.59,70.0,46.33,46.33,,,,,44.06,43.94,43.94,43.94,43.94,43.94,50.68,43.84,48.03,48.2,43.94,43.94,43.94,43.94,40.7,43.0,,,,,,
2019-03-13 18:00:00+01:00,,40.42,,37.2,48.54,40.33,,56.53,,35.55,44.35,44.35,47.93,47.18,47.93,36.7,58.46,,80.99,50.99,62.51,,50.4,,,,72.61,72.61,,72.61,30.25,72.61,150.48,72.61,47.93,47.93,,,,,40.1,44.35,44.35,44.35,44.35,44.35,56.74,47.18,62.31,57.81,44.35,44.35,44.35,44.35,50.99,56.53,,,,,,
2019-03-13 19:00:00+01:00,,40.93,,48.36,40.46,41.96,,48.8,,39.91,43.98,43.98,43.98,53.04,43.98,43.05,81.17,,81.11,40.93,54.52,,56.91,,,,76.0,76.0,,76.0,30.25,76.0,150.48,72.61,43.98,43.98,,,,,48.36,43.98,43.98,43.98,43.98,43.98,56.28,53.04,54.34,57.02,43.98,43.98,43.98,43.98,40.93,48.8,,,,,,
2019-03-13 20:00:00+01:00,,31.59,,41.39,32.45,40.57,,43.0,,30.25,42.38,42.38,42.38,55.66,42.38,34.39,76.17,,80.89,46.0,43.0,,54.0,,,,66.57,66.57,,66.57,30.25,66.57,150.48,66.57,42.38,42.38,,,,,41.39,42.76,42.76,42.44,42.44,42.76,47.22,55.66,42.87,45.09,42.38,42.38,42.38,42.38,46.0,43.0,,,,,,
2019-03-13 21:00:00+01:00,,27.76,,34.3,32.43,34.99,,33.5,,25.52,41.27,41.27,41.27,55.11,41.27,30.08,56.27,,79.7,41.1,33.5,,48.65,,,,58.66,58.66,,58.66,30.25,58.66,140.0,58.66,41.27,41.27,,,,,41.0,42.36,42.36,42.36,42.36,42.36,45.95,55.11,33.4,35.84,41.27,41.27,41.27,41.27,41.1,33.5,,,,,,
2019-03-13 22:00:00+01:00,,25.09,,31.14,24.34,36.22,,28.59,,24.3,39.16,39.16,39.16,52.99,39.16,27.35,51.59,,77.83,41.03,28.59,,35.0,,,,53.65,53.65,,53.65,30.25,53.65,75.0,53.65,39.16,39.16,,,,,40.56,41.9,41.9,42.02,42.02,41.9,46.59,52.99,24.97,33.94,39.16,39.16,39.16,39.16,41.03,28.59,,,,,,
2019-03-13 23:00:00+01:00,,21.08,,25.66,22.54,34.24,,18.0,,18.9,37.7,37.7,37.7,52.35,37.7,25.17,44.81,,67.84,24.96,21.96,,33.4,,,,48.53,48.53,,48.53,29.07,48.53,29.07,48.53,37.7,37.7,,,,,37.4,41.3,41.3,41.75,41.75,41.3,41.79,52.35,16.45,28.56,37.7,37.7,37.7,37.7,24.96,18.0,,,,,,
2019-03-14 00:00:00+01:00,,25.25,,35.33,22.53,28.92,,18.0,,24.17,24.17,24.17,35.18,51.33,35.18,28.14,40.88,,67.77,35.03,23.8,,-0.1,,,,51.91,51.91,,51.91,51.91,51.91,51.91,51.91,35.18,35.18,,,,,37.11,40.97,40.97,40.96,40.96,40.97,39.84,51.33,23.75,24.03,35.18,35.18,35.18,35.18,35.03,18.0,,,,,,
2019-03-14 01:00:00+01:00,,25.09,,34.15,22.51,24.98,,17.06,,22.25,22.25,22.25,34.1,47.57,34.1,26.86,37.54,,66.63,27.52,19.52,,-1.0,,,,50.58,50.58,,50.58,50.58,50.58,50.58,50.58,34.1,34.1,,,,,36.1,40.71,40.71,40.65,40.65,40.71,37.17,47.57,19.49,19.36,34.1,34.1,34.1,34.1,27.52,17.06,,,,,,
2019-03-14 02:00:00+01:00,,21.88,,35.87,22.5,25.05,,18.29,,20.37,25.0,25.0,34.42,45.15,34.42,25.88,39.83,,67.32,21.88,18.74,,-1.0,,,,49.01,49.01,,49.01,49.01,49.01,49.01,49.01,34.42,34.42,,,,,38.3,40.64,40.64,40.54,40.54,40.64,34.94,45.15,18.71,16.37,34.42,34.42,34.42,34.42,21.88,18.29,,,,,,
2019-03-14 03:00:00+01:00,,21.54,,31.25,22.52,18.68,,15.0,,20.5,35.03,35.03,35.03,45.58,35.03,24.32,33.22,,67.3,21.54,15.01,,-6.5,,,,48.99,48.99,,48.99,48.99,48.99,48.99,48.99,35.03,35.03,,,,,33.0,40.72,40.72,40.54,40.54,40.72,35.07,45.58,14.98,11.96,35.03,35.03,35.03,35.03,21.54,15.0,,,,,,
2019-03-14 04:00:00+01:00,,22.71,,26.33,22.54,20.34,,18.0,,22.33,37.55,37.55,37.55,46.82,37.55,23.72,27.26,,67.32,30.04,18.99,,-6.63,,,,50.26,50.26,,50.26,50.26,50.26,50.26,50.26,37.55,37.55,,,,,27.5,40.87,40.87,40.61,40.61,40.87,37.6,46.82,18.96,18.09,37.55,37.55,37.55,37.55,30.04,18.0,,,,,,
2019-03-14 05:00:00+01:00,,27.08,,27.27,24.34,28.9,,24.5,,27.08,41.0,41.0,41.0,49.66,41.0,27.18,28.06,,75.36,43.6,29.03,,-7.0,,,,52.09,52.09,,52.09,52.09,52.09,52.09,52.09,41.0,41.0,,,,,27.59,41.0,41.0,41.0,41.0,41.0,41.05,49.66,28.99,28.1,41.0,41.0,41.0,41.0,43.6,24.5,,,,,,
2019-03-14 06:00:00+01:00,,37.69,,37.69,53.96,34.46,,37.44,,37.69,41.89,41.89,41.89,52.93,41.89,37.69,39.02,,73.37,40.7,37.44,,-7.0,,,,61.15,61.15,,61.15,61.15,61.15,61.15,61.15,41.89,41.89,,,,,37.69,41.89,41.89,41.89,41.89,41.89,41.94,52.93,37.39,38.51,41.89,41.89,41.89,41.89,40.7,37.44,,,,,,
2019-03-14 07:00:00+01:00,,42.71,,45.14,52.85,40.72,,45.0,,42.37,43.93,43.93,43.93,53.01,43.93,43.46,50.48,,73.32,43.6,46.54,,-3.0,,,,65.02,65.02,,65.02,65.02,65.02,65.02,65.02,43.93,43.93,,,,,46.01,43.93,43.93,43.93,43.93,43.93,43.98,53.01,46.48,47.05,43.93,43.93,43.93,43.93,43.6,45.0,,,,,,
2019-03-14 08:00:00+01:00,,42.96,,45.42,51.96,39.94,,45.5,,42.6,45.03,45.03,45.03,55.0,45.03,43.72,48.35,,67.36,42.96,48.18,,30.21,,,,70.15,70.15,,70.15,29.05,70.15,29.05,70.15,45.03,45.03,,,,,46.52,45.03,45.03,45.03,45.03,45.03,45.09,55.0,48.12,49.62,45.03,45.03,45.03,45.03,42.96,45.5,,,,,,
2019-03-14 09:00:00+01:00,,39.4,,45.27,48.94,39.01,,45.69,,38.56,44.7,44.7,44.7,55.0,44.7,41.19,49.24,,67.35,40.7,45.69,,45.0,,,,64.76,64.76,,64.76,1.0,64.76,1.0,64.76,44.7,44.7,,,,,47.38,44.7,44.7,44.7,44.7,44.7,45.22,55.0,45.64,46.73,44.7,44.7,44.7,44.7,40.7,45.69,,,,,,
2019-03-14 10:00:00+01:00,,40.91,,44.94,48.7,38.06,,40.0,,40.32,44.25,44.25,44.25,53.6,44.25,42.12,53.92,,67.37,43.6,42.51,,45.59,,,,58.43,58.43,,58.43,0.0,58.43,0.0,46.78,44.25,44.25,,,,,45.71,44.25,44.25,44.25,44.25,44.25,45.16,53.6,42.47,41.79,44.25,44.25,44.25,44.25,43.6,40.0,,,,,,
2019-03-14 11:00:00+01:00,,39.89,,44.01,34.12,38.92,,39.99,,39.29,43.62,43.62,43.62,52.63,43.62,41.13,51.57,,65.75,50.05,41.94,,45.59,,,,53.0,53.0,,53.0,0.0,53.0,0.0,20.0,43.62,43.62,,,,,45.06,43.62,43.62,43.62,43.62,43.62,45.61,52.63,41.9,41.62,43.62,43.62,43.62,43.62,50.05,39.99,,,,,,
2019-03-14 12:00:00+01:00,,39.93,,44.46,45.58,38.76,,41.0,,39.26,43.44,43.44,43.44,52.94,43.44,41.27,46.88,,66.02,46.75,41.94,,44.34,,,,46.75,46.75,,46.75,0.0,46.75,0.0,10.0,43.44,43.44,,,,,44.87,43.44,43.44,43.44,43.44,43.44,45.87,52.94,41.91,40.91,43.44,43.44,43.44,43.44,46.75,41.0,,,,,,
2019-03-14 13:00:00+01:00,,40.95,,41.42,45.96,38.9,,40.9,,38.67,43.06,43.06,43.06,52.63,43.06,39.75,45.32,,66.03,47.74,41.41,,42.86,,,,47.74,45.99,,47.74,0.0,45.99,0.0,8.0,43.06,43.06,,,,,41.68,43.06,43.06,43.06,43.06,43.06,47.74,52.63,41.38,37.57,43.06,43.06,43.06,43.06,47.74,40.9,,,,,,
2019-03-14 14:00:00+01:00,,40.91,,38.98,48.99,38.24,,39.73,,37.79,42.94,42.94,42.94,51.64,42.94,38.29,43.35,,66.08,50.05,39.73,,41.0,,,,52.7,50.0,,52.7,0.0,50.0,0.0,10.0,42.94,42.94,,,,,39.0,42.94,42.94,42.94,42.94,42.94,47.74,51.68,39.71,36.94,42.94,42.94,42.94,42.94,50.05,39.73,,,,,,
2019-03-14 15:00:00+01:00,,40.9,,39.25,45.57,36.19,,41.0,,34.85,42.92,42.92,42.92,50.0,42.92,36.62,43.26,,67.39,43.7,41.0,,40.93,,,,64.78,58.43,,64.78,0.0,58.43,0.0,10.0,42.92,42.92,,,,,39.5,42.92,42.92,42.92,42.92,42.92,45.94,51.68,40.98,35.76,42.92,42.92,42.92,42.92,43.7,41.0,,,,,,
2019-03-14 16:00:00+01:00,,39.0,,40.49,32.46,35.93,,40.88,,31.11,42.94,42.94,42.94,48.49,42.94,34.81,44.87,,67.4,43.7,41.05,,42.46,,,,66.86,59.66,,66.86,0.0,59.66,0.0,46.82,42.94,42.94,,,,,41.0,42.94,42.94,42.94,42.94,42.94,45.84,50.46,41.02,35.44,42.94,42.94,42.94,42.94,43.7,40.88,,,,,,
2019-03-14 17:00:00+01:00,,38.23,,37.96,32.47,37.32,,41.0,,34.62,43.72,43.72,43.72,50.34,43.72,36.34,50.37,,68.65,43.6,46.0,,47.67,,,,67.5,67.5,,67.5,29.06,67.5,29.06,67.5,43.72,43.72,,,,,42.32,43.72,43.72,43.72,43.72,43.72,47.73,50.34,45.98,43.79,43.72,43.72,43.72,43.72,43.6,41.0,,,,,,
2019-03-14 18:00:00+01:00,,37.92,,40.56,45.94,40.53,,47.0,,37.58,44.3,44.3,44.3,51.33,44.3,38.73,56.26,,71.95,50.09,51.93,,58.4,,,,75.0,75.0,,75.0,30.25,75.0,30.25,72.61,44.3,44.3,,,,,41.76,44.3,44.3,44.3,44.3,44.3,53.01,51.33,51.91,56.35,44.3,44.3,44.3,44.3,50.09,47.0,,,,,,
2019-03-14 19:00:00+01:00,,40.18,,47.9,38.52,42.33,,50.24,,39.13,43.65,43.65,43.65,54.67,43.65,42.39,80.46,,72.15,58.24,50.24,,81.82,,,,81.0,81.0,,81.0,73.12,81.0,73.12,73.12,43.65,43.65,,,,,49.09,43.65,43.65,43.65,43.65,43.65,53.49,54.67,50.23,50.08,43.65,43.65,43.65,43.65,58.24,50.24,,,,,,
2019-03-14 20:00:00+01:00,,35.17,,46.75,32.46,36.57,,40.6,,33.6,42.93,42.93,42.93,56.05,42.93,38.51,77.65,,68.45,69.94,46.04,,78.97,,,,72.6,72.6,,72.6,72.6,72.6,75.0,72.6,42.93,42.93,,,,,46.75,42.93,42.93,42.93,42.93,42.93,48.41,56.05,46.03,42.59,42.93,42.93,42.93,42.93,69.94,40.6,,,,,,
2019-03-14 21:00:00+01:00,,30.48,,35.77,32.42,31.53,,33.1,,29.79,42.07,42.07,42.07,55.51,42.07,32.09,65.35,,67.94,65.3,42.54,,70.0,,,,68.82,68.82,,68.82,30.35,68.82,30.35,68.82,42.07,42.07,,,,,38.4,42.07,42.07,42.07,42.07,42.07,44.64,55.51,42.53,34.97,42.07,42.07,42.07,42.07,65.3,33.1,,,,,,
2019-03-14 22:00:00+01:00,,28.61,,40.0,24.37,31.89,,28.5,,27.38,41.32,41.32,41.32,53.63,41.32,31.88,52.81,,67.36,59.66,35.53,,50.18,,,,59.66,59.66,,59.66,30.15,59.66,30.15,59.66,41.32,41.32,,,,,40.0,41.32,41.32,41.58,41.58,41.32,41.36,53.63,35.53,29.94,41.32,41.32,41.32,41.32,59.66,28.5,,,,,,
2019-03-14 23:00:00+01:00,,21.74,,40.0,23.49,29.17,,21.84,,19.76,40.4,40.4,40.4,52.63,40.4,26.99,48.01,,67.4,40.7,27.03,,45.45,,,,52.36,52.36,,52.36,29.07,52.36,29.07,52.36,40.4,40.4,,,,,40.0,41.15,41.15,41.3,41.3,41.15,45.77,52.63,27.03,25.89,40.4,40.4,40.4,40.4,40.7,21.84,,,,,,
2019-03-15 00:00:00+01:00,,24.08,,31.12,23.53,26.52,,21.65,,11.91,41.06,41.06,41.06,54.38,41.06,26.71,64.06,,64.24,48.73,29.07,,33.32,,,,52.18,52.18,,52.18,29.05,52.18,29.05,52.18,41.06,41.06,,,,,30.07,41.21,41.21,41.06,41.06,41.21,42.32,54.38,29.11,24.03,41.06,41.06,41.06,41.06,48.73,21.65,,,,,,
2019-03-15 01:00:00+01:00,,14.49,,26.5,22.52,23.88,,19.1,,13.43,40.31,40.31,40.31,53.1,40.31,18.89,67.5,,50.05,40.7,20.36,,30.5,,,,50.55,50.55,,50.55,25.0,50.55,25.0,50.55,40.31,40.31,,,,,39.11,40.92,40.92,40.68,40.68,40.92,41.03,53.1,20.39,19.77,40.31,40.31,40.31,40.31,40.7,19.1,,,,,,
2019-03-15 02:00:00+01:00,,12.36,,23.76,22.51,20.54,,16.54,,11.37,40.43,40.43,40.43,51.94,40.43,16.56,62.89,,49.24,35.09,16.54,,-0.2,,,,46.32,46.32,,46.32,5.0,46.32,5.0,46.32,40.43,40.43,,,,,37.8,40.74,40.74,40.6,40.6,40.74,40.86,51.94,16.56,17.74,40.43,40.43,40.43,40.43,35.09,16.54,,,,,,
2019-03-15 03:00:00+01:00,,8.47,,19.79,22.51,19.0,,14.67,,7.65,40.89,40.89,40.89,51.64,40.89,12.12,55.6,,44.38,8.47,15.02,,-1.0,,,,45.87,45.87,,45.87,0.0,45.87,0.0,45.87,40.89,40.89,,,,,35.0,40.89,40.89,40.89,40.89,40.89,40.95,51.64,15.04,15.32,40.89,40.89,40.89,40.89,8.47,14.67,,,,,,
2019-03-15 04:00:00+01:00,,13.8,,22.0,22.52,19.31,,17.76,,13.17,41.23,41.23,41.23,52.02,41.23,16.68,37.19,,46.64,40.7,18.27,,-5.0,,,,46.36,46.36,,46.36,0.0,46.36,0.0,46.36,41.23,41.23,,,,,36.1,41.23,41.23,41.23,41.23,41.23,41.29,52.02,18.29,21.0,41.23,41.23,41.23,41.23,40.7,17.76,,,,,,
2019-03-15 05:00:00+01:00,,22.52,,25.44,23.99,24.56,,24.48,,22.28,42.09,42.09,42.09,54.01,42.09,23.63,30.73,,53.03,50.74,25.67,,-6.68,,,,52.03,52.03,,52.03,10.0,52.03,10.0,52.03,42.09,42.09,,,,,31.7,42.09,42.09,42.09,42.09,42.09,42.15,54.01,25.7,24.86,42.09,42.09,42.09,42.09,50.74,24.48,,,,,,
2019-03-15 06:00:00+01:00,,28.79,,31.14,25.55,34.04,,35.4,,28.6,43.12,43.12,43.12,55.66,43.12,29.72,34.89,,63.9,45.01,35.4,,-6.5,,,,60.66,60.66,,60.66,29.05,60.66,29.05,60.66,43.12,43.12,,,,,36.0,43.12,43.12,43.12,43.12,43.12,47.88,55.66,35.45,31.98,43.12,43.12,43.12,43.12,45.01,35.4,,,,,,
2019-03-15 07:00:00+01:00,,40.93,,42.22,45.7,40.35,,42.58,,40.79,44.99,44.99,44.99,56.26,44.99,41.41,46.36,,65.9,48.77,42.58,,4.9,,,,65.0,65.0,,65.0,29.07,65.0,29.07,65.0,44.99,44.99,,,,,45.0,44.99,44.99,44.99,44.99,44.99,45.92,56.26,42.64,41.48,44.99,44.99,44.99,44.99,48.77,42.58,,,,,,
2019-03-15 08:00:00+01:00,,42.68,,43.39,45.94,40.7,,42.56,,42.56,45.17,45.17,45.17,56.61,45.17,42.94,45.33,,64.37,42.68,42.56,,43.24,,,,71.09,71.09,,71.09,29.07,71.09,29.07,71.09,45.17,45.17,,,,,43.72,45.17,45.17,45.17,45.17,45.17,47.05,56.61,42.62,45.84,45.17,45.17,45.17,45.17,42.68,42.56,,,,,,
2019-03-15 09:00:00+01:00,,42.59,,42.59,41.26,39.93,,41.45,,42.59,44.95,44.95,44.95,56.6,44.95,42.59,50.31,,64.41,42.59,41.45,,48.0,,,,62.26,62.26,,62.26,29.05,62.26,29.05,62.26,44.95,44.95,,,,,42.59,44.95,44.95,44.95,44.95,44.95,46.95,56.6,41.52,44.4,44.95,44.95,44.95,44.95,42.59,41.45,,,,,,
2019-03-15 10:00:00+01:00,,41.54,,41.54,37.29,39.93,,41.41,,41.54,44.65,44.65,44.65,56.05,44.65,41.54,52.3,,64.41,43.6,41.41,,49.9,,,,56.1,56.1,,56.1,10.0,56.1,10.0,56.1,44.65,44.65,,,,,41.54,44.65,44.65,44.65,44.65,44.65,46.42,56.05,41.47,41.19,44.65,44.65,44.65,44.65,43.6,41.41,,,,,,
2019-03-15 11:00:00+01:00,,40.97,,40.97,32.47,39.71,,40.5,,40.97,44.23,44.23,44.23,55.51,44.23,40.97,49.97,,63.94,48.76,40.5,,47.67,,,,52.3,52.3,,52.3,5.0,52.3,5.0,49.0,44.23,44.23,,,,,40.97,44.23,44.23,44.23,44.23,44.23,46.81,56.52,40.56,41.4,44.23,44.23,44.23,44.23,48.76,40.5,,,,,,
2019-03-15 12:00:00+01:00,,39.91,,39.91,32.46,39.6,,40.59,,39.91,43.88,43.88,43.88,55.01,43.88,39.91,51.37,,63.95,47.83,40.59,,49.01,,,,47.83,47.83,,47.83,3.0,47.83,3.0,47.83,43.88,43.88,,,,,39.91,43.88,43.88,43.88,43.88,43.88,46.81,56.05,40.65,39.89,43.88,43.88,43.88,43.88,47.83,40.59,,,,,,
2019-03-15 13:00:00+01:00,,33.64,,34.54,32.43,38.99,,38.0,,33.54,43.5,43.5,43.5,54.51,43.5,33.98,51.42,,63.2,40.7,38.0,,49.06,,,,47.79,47.79,,47.79,3.0,47.79,3.0,47.79,43.5,43.5,,,,,36.4,43.5,43.5,43.5,43.5,43.5,47.13,56.57,38.06,38.91,43.5,43.5,43.5,43.5,40.7,38.0,,,,,,
2019-03-15 14:00:00+01:00,,26.46,,31.42,32.38,34.16,,35.16,,25.89,43.14,43.14,44.24,53.2,44.24,28.27,51.34,,62.86,40.7,35.16,,48.99,,,,52.18,52.18,,52.18,10.0,52.18,10.0,52.18,44.24,44.24,,,,,41.75,43.14,43.14,43.14,43.14,43.14,47.41,56.57,35.21,36.93,43.14,43.14,43.14,43.14,40.7,35.16,,,,,,
2019-03-15 15:00:00+01:00,,26.01,,31.18,32.39,32.06,,34.03,,24.76,43.02,43.02,43.94,52.01,43.94,27.33,45.63,,63.98,28.78,34.03,,46.0,,,,57.12,57.12,,57.12,29.06,57.12,29.06,57.12,43.94,43.94,,,,,41.64,43.02,43.02,43.02,43.02,43.02,47.04,56.57,34.08,37.34,43.02,43.02,43.02,43.02,28.78,34.03,,,,,,
2019-03-15 16:00:00+01:00,,26.01,,30.02,32.38,32.1,,35.79,,22.46,43.12,43.12,43.94,52.31,43.94,25.32,43.79,,64.5,43.6,35.79,,44.91,,,,63.69,63.69,,63.69,30.25,63.69,30.25,63.69,43.94,43.94,,,,,41.74,43.12,43.12,43.12,43.12,43.12,46.82,56.57,35.84,37.98,43.12,43.12,43.12,43.12,43.6,35.79,,,,,,
2019-03-15 17:00:00+01:00,,25.17,,30.74,32.43,32.0,,32.23,,24.47,43.35,43.35,45.9,53.42,45.9,27.26,47.97,,67.79,48.71,42.5,,49.0,,,,72.6,72.6,,72.6,72.6,72.6,81.0,72.6,45.9,45.9,,,,,42.5,43.35,43.35,43.35,43.35,43.35,47.49,56.56,42.57,42.58,43.35,43.35,43.35,43.35,48.71,32.23,,,,,,
2019-03-15 18:00:00+01:00,,29.9,,36.71,45.04,31.04,,38.62,,28.75,43.71,43.71,46.61,55.25,46.61,32.4,55.62,,71.8,66.4,52.63,,58.41,,,,73.12,73.12,,73.12,73.12,73.12,133.59,73.12,46.61,46.61,,,,,40.0,43.71,43.71,43.71,43.71,43.71,52.42,56.05,52.72,47.64,43.71,43.71,43.71,43.71,66.4,38.62,,,,,,
2019-03-15 19:00:00+01:00,,37.04,,43.52,40.19,32.67,,37.87,,35.94,41.35,42.94,42.94,56.63,42.94,39.41,81.9,,72.59,64.77,52.5,,86.03,,,,75.78,75.78,,75.78,73.12,75.78,150.48,73.12,42.94,42.94,,,,,46.75,42.94,42.94,42.94,42.94,42.94,48.75,56.63,52.58,47.73,42.94,42.94,42.94,42.94,64.77,37.87,,,,,,
2019-03-15 20:00:00+01:00,,26.34,,38.12,32.41,30.28,,31.46,,24.34,32.06,32.06,42.24,57.98,42.24,30.63,80.72,,67.84,63.15,46.51,,94.0,,,,72.6,72.6,,72.6,72.6,72.6,150.48,72.6,42.24,42.24,,,,,43.99,42.24,42.24,42.24,42.24,42.24,47.28,57.98,46.58,41.96,42.24,42.24,42.24,42.24,63.15,31.46,,,,,,
2019-03-15 21:00:00+01:00,,19.55,,33.47,31.94,28.68,,22.91,,17.19,17.19,17.19,41.53,57.57,41.53,24.63,67.94,,67.45,60.07,32.17,,82.0,,,,64.9,64.9,,64.9,64.9,64.9,133.59,64.9,41.53,41.53,,,,,40.1,41.78,41.78,41.78,41.78,41.78,45.4,57.57,32.22,34.96,41.53,41.53,41.53,41.53,60.07,22.91,,,,,,
2019-03-15 22:00:00+01:00,,26.96,,42.44,23.48,28.96,,19.0,,0.07,0.07,0.07,41.37,56.6,41.37,32.45,56.01,,67.33,48.76,26.69,,64.56,,,,56.1,56.1,,56.1,56.1,56.1,81.0,56.1,41.37,41.37,,,,,40.18,41.5,41.5,41.5,41.5,41.5,41.95,56.6,26.73,26.98,41.37,41.37,41.37,41.37,48.76,19.0,,,,,,
2019-03-15 23:00:00+01:00,,11.88,,32.4,22.54,23.72,,11.0,,10.79,10.79,10.79,40.74,56.61,40.74,20.94,56.26,,67.36,11.88,15.95,,48.05,,,,50.0,50.0,,50.0,50.0,50.0,54.99,50.0,40.74,40.74,,,,,39.88,41.2,41.2,41.2,41.2,41.2,40.95,56.61,15.97,22.87,40.74,40.74,40.74,40.74,11.88,11.0,,,,,,
2019-03-16 00:00:00+01:00,,17.47,,30.0,23.99,22.06,,9.01,,-1.0,-1.0,5.07,40.88,57.05,40.88,24.16,42.08,,64.39,28.0,28.76,,45.0,,,,51.56,51.56,,51.56,51.0,51.56,51.0,51.56,40.88,40.88,,,,,39.98,41.3,41.3,41.21,41.21,41.3,31.27,57.05,28.81,26.31,40.88,40.88,40.88,40.88,28.0,9.01,,,,,,
2019-03-16 01:00:00+01:00,,4.09,,18.45,22.54,21.48,,8.65,,-2.68,-2.68,-2.36,40.3,56.05,40.3,11.44,50.13,,63.31,28.04,23.09,,42.99,,,,49.09,49.09,,49.09,30.25,49.09,30.25,49.09,40.3,40.3,,,,,39.86,41.18,41.18,41.07,41.07,41.18,24.84,56.05,23.13,17.99,40.3,40.3,40.3,40.3,28.04,8.65,,,,,,
2019-03-16 02:00:00+01:00,,1.43,,20.0,22.54,12.17,,5.66,,0.01,0.01,0.01,40.09,55.25,40.09,8.34,58.48,,63.24,1.6,20.4,,41.47,,,,46.14,46.14,,46.14,30.25,46.14,30.25,46.14,40.09,40.09,,,,,39.9,41.22,41.22,41.02,41.02,41.22,21.03,55.25,20.44,16.11,40.09,40.09,40.09,40.09,1.6,5.66,,,,,,
2019-03-16 03:00:00+01:00,,-0.55,,21.32,22.53,21.99,,3.74,,-1.96,-1.96,-1.96,39.99,54.93,39.99,6.49,58.49,,63.32,0.03,11.13,,40.31,,,,43.1,43.1,,43.1,30.25,43.1,30.25,43.1,39.99,39.99,,,,,39.42,40.73,40.73,40.73,40.73,40.73,21.03,54.93,11.15,13.03,39.99,39.99,39.99,39.99,0.03,3.74,,,,,,
2019-03-16 04:00:00+01:00,,2.02,,16.87,22.54,9.81,,7.38,,2.02,2.02,2.02,40.66,54.03,40.66,8.4,54.63,,63.3,2.02,13.38,,34.0,,,,42.03,42.03,,42.03,30.25,42.03,30.25,42.03,40.66,40.66,,,,,39.54,40.84,40.84,40.84,40.84,40.84,23.23,54.03,13.4,15.11,40.66,40.66,40.66,40.66,2.02,7.38,,,,,,
2019-03-16 05:00:00+01:00,,3.24,,16.93,22.54,17.01,,11.01,,2.33,2.33,2.33,40.41,53.75,40.41,8.37,44.95,,63.4,3.24,20.99,,31.98,,,,46.43,46.43,,46.43,30.35,46.43,30.35,46.43,40.41,40.41,,,,,39.65,40.96,40.96,40.96,40.96,40.96,23.77,53.75,21.03,19.44,40.41,40.41,40.41,40.41,3.24,11.01,,,,,,
2019-03-16 06:00:00+01:00,,10.37,,20.22,24.01,26.31,,17.9,,9.97,9.97,9.97,40.4,54.0,40.4,14.07,41.99,,66.7,10.37,29.57,,5.0,,,,50.09,50.09,,50.09,38.97,50.09,38.97,50.09,40.4,40.4,,,,,36.4,41.37,41.37,40.84,40.84,41.37,27.8,54.0,29.62,27.84,40.4,40.4,40.4,40.4,10.37,17.9,,,,,,
2019-03-16 07:00:00+01:00,,21.73,,25.19,31.93,26.77,,23.16,,21.59,21.59,21.59,40.81,52.63,40.81,23.04,32.94,,66.7,28.02,39.25,,2.0,,,,51.44,51.44,,51.44,51.44,51.44,52.0,51.44,40.81,40.81,,,,,32.0,41.15,41.15,41.02,41.02,41.15,37.75,52.63,39.32,31.48,40.81,40.81,40.81,40.81,28.02,23.16,,,,,,
2019-03-16 08:00:00+01:00,,27.98,,32.82,31.6,30.16,,29.43,,27.93,27.93,27.93,40.79,51.59,40.79,23.05,36.45,,67.37,30.1,41.88,,29.59,,,,51.29,51.29,,51.29,30.25,51.29,81.0,51.29,40.79,40.79,,,,,35.4,41.33,41.33,41.24,41.24,41.33,41.48,51.59,41.95,27.27,40.79,40.79,40.79,40.79,30.1,29.43,,,,,,
2019-03-16 09:00:00+01:00,,34.18,,37.43,31.57,32.38,,32.89,,34.18,34.18,34.18,41.48,53.63,41.48,29.83,42.05,,64.33,37.24,41.88,,36.81,,,,49.5,49.5,,49.5,30.25,49.5,52.0,45.55,41.48,41.48,,,,,37.43,41.7,41.7,41.48,41.48,41.7,42.98,53.63,41.95,34.12,41.48,41.48,41.48,41.48,37.24,32.89,,,,,,
2019-03-16 10:00:00+01:00,,34.14,,38.22,31.52,31.19,,35.2,,34.14,34.14,41.8,41.8,52.5,41.8,28.88,57.29,,60.31,37.93,40.03,,45.67,,,,43.69,43.69,,43.69,30.15,43.69,30.15,30.15,41.8,41.8,,,,,38.22,41.8,41.8,41.8,41.8,41.8,42.98,52.5,39.32,34.81,41.8,41.8,41.8,41.8,37.93,35.2,,,,,,
2019-03-16 11:00:00+01:00,,31.91,,37.4,22.53,32.35,,38.05,,31.91,31.91,41.41,41.41,51.64,41.41,24.91,59.74,,41.68,38.56,41.83,,45.67,,,,41.02,41.02,,41.02,20.0,41.02,20.0,20.0,41.41,41.41,,,,,37.4,41.77,41.77,41.41,41.41,41.77,41.53,51.64,27.13,33.58,41.41,41.41,41.41,41.41,38.56,38.05,,,,,,
2019-03-16 12:00:00+01:00,,30.9,,35.1,22.53,32.31,,35.6,,30.9,31.86,40.14,40.14,50.57,40.14,25.38,60.79,,36.84,30.9,39.08,,53.0,,,,32.56,32.56,,32.56,15.0,32.56,15.0,15.0,40.14,40.14,,,,,34.9,41.33,41.33,41.05,41.05,41.33,42.78,50.57,15.77,31.17,40.14,40.14,40.14,40.14,30.9,35.6,,,,,,
2019-03-16 13:00:00+01:00,,26.37,,26.37,22.52,28.35,,30.87,,26.37,34.08,38.57,38.57,50.0,38.57,26.37,57.28,,25.0,26.37,32.07,,54.69,,,,26.37,26.37,,26.37,16.0,26.37,16.0,16.0,38.57,38.57,,,,,26.37,41.08,41.08,40.84,40.84,41.08,45.59,50.0,14.3,28.99,38.57,38.57,38.57,38.57,26.37,30.87,,,,,,
2019-03-16 14:00:00+01:00,,24.76,,32.5,22.53,25.01,,26.52,,24.76,38.57,38.57,38.57,49.4,38.57,13.68,51.9,,37.49,24.76,26.52,,49.55,,,,25.0,25.0,,25.0,25.0,25.0,25.0,25.0,38.57,38.57,,,,,32.5,40.91,40.91,40.68,40.68,40.91,42.99,49.4,15.77,20.51,38.57,38.57,38.57,38.57,24.76,26.52,,,,,,
2019-03-16 15:00:00+01:00,,23.4,,33.24,22.53,23.38,,24.08,,23.4,40.08,40.28,40.28,45.07,40.28,9.27,47.86,,63.07,23.4,27.08,,45.69,,,,35.72,35.72,,35.72,29.07,35.72,29.07,35.72,40.28,40.28,,,,,33.24,40.47,40.47,40.62,40.62,40.47,41.49,45.07,27.13,14.86,40.28,40.28,40.28,40.28,23.4,24.08,,,,,,
2019-03-16 16:00:00+01:00,,26.31,,20.5,25.45,23.4,,24.81,,26.23,40.01,41.15,41.15,40.07,41.15,7.44,47.22,,64.36,26.31,35.41,,45.09,,,,42.22,42.22,,42.22,30.25,42.22,30.25,42.22,41.15,41.15,,,,,32.5,41.15,41.15,41.15,41.15,41.15,41.28,40.07,35.47,20.0,41.15,41.15,41.15,41.15,26.31,24.81,,,,,,
2019-03-16 17:00:00+01:00,,26.28,,45.95,32.39,27.56,,26.74,,26.23,40.98,42.01,42.01,40.11,42.01,14.96,47.76,,63.87,26.28,48.07,,45.6,,,,50.0,50.0,,50.0,50.0,50.0,81.0,50.0,42.01,42.01,,,,,38.0,42.01,42.01,42.01,42.01,42.01,42.89,40.11,48.16,23.04,42.01,42.01,42.01,42.01,26.28,26.74,,,,,,
2019-03-16 18:00:00+01:00,,29.18,,40.55,49.62,29.7,,31.74,,28.95,40.05,42.9,42.9,47.77,42.9,23.74,61.95,,66.7,56.75,63.57,,63.56,,,,56.75,58.66,,56.75,58.66,58.66,131.0,58.66,42.9,42.9,,,,,39.9,42.9,42.9,42.9,42.9,42.9,49.56,47.77,63.69,41.61,42.9,42.9,42.9,42.9,56.75,31.74,,,,,,
2019-03-16 19:00:00+01:00,,28.59,,35.02,48.5,33.32,,33.0,,28.27,28.27,42.32,42.32,52.63,42.32,30.95,78.54,,66.89,63.52,65.44,,80.59,,,,63.52,72.6,,63.52,72.6,72.6,140.0,72.6,42.32,42.32,,,,,38.5,42.32,42.32,42.32,42.32,42.32,51.0,52.63,65.56,42.67,42.32,42.32,42.32,42.32,63.52,33.0,,,,,,
2019-03-16 20:00:00+01:00,,22.78,,30.97,33.85,25.84,,24.98,,22.78,22.78,41.33,41.33,55.0,41.33,25.55,75.87,,66.72,56.39,50.07,,77.86,,,,56.39,70.0,,56.39,70.0,70.0,140.0,70.0,41.33,41.33,,,,,36.4,41.33,41.33,41.33,41.33,41.33,49.33,55.0,50.07,36.57,41.33,41.33,41.33,41.33,56.39,24.98,,,,,,
2019-03-16 21:00:00+01:00,,5.74,,23.27,32.38,19.76,,19.81,,5.74,5.74,41.06,41.06,53.38,41.06,11.64,54.93,,63.99,40.7,42.09,,57.73,,,,51.29,58.66,,51.29,58.66,58.66,130.0,58.66,41.06,41.06,,,,,34.9,41.06,41.06,41.06,41.06,41.06,42.92,53.38,42.17,29.54,41.06,41.06,41.06,41.06,40.7,19.81,,,,,,
2019-03-16 22:00:00+01:00,,9.96,,24.04,24.34,22.36,,18.2,,9.09,9.09,40.65,40.65,50.53,40.65,15.09,53.52,,63.29,40.7,35.47,,52.82,,,,49.72,50.0,,49.72,50.0,50.0,71.0,50.0,40.65,40.65,,,,,31.7,40.65,40.65,40.65,40.65,40.65,40.88,50.53,35.54,30.02,40.65,40.65,40.65,40.65,40.7,18.2,,,,,,
2019-03-16 23:00:00+01:00,,3.37,,23.98,23.47,20.57,,10.73,,2.1,2.1,38.54,39.83,49.38,39.83,10.92,41.97,,63.85,3.37,30.5,,43.81,,,,44.36,45.47,,44.36,45.47,45.47,55.0,45.47,39.83,39.83,,,,,35.0,39.83,39.83,39.83,39.83,39.83,41.2,49.38,30.56,25.06,39.83,39.83,39.83,39.83,3.37,10.73,,,,,,
2019-03-17 00:00:00+01:00,,8.06,,12.61,22.53,8.67,,-1.0,,-2.3,-2.3,-2.3,36.45,51.05,36.45,6.35,61.93,,63.54,8.06,22.15,,44.62,,,,58.43,58.43,,58.43,58.43,58.43,58.43,58.43,36.45,36.45,,,,,35.0,39.41,39.41,39.41,39.41,39.41,36.75,51.05,20.4,27.73,36.45,36.45,36.45,36.45,8.06,-1.0,,,,,,
2019-03-17 01:00:00+01:00,,19.0,,8.58,21.06,7.01,,-7.0,,-3.34,-3.34,-3.34,35.68,40.07,35.68,7.25,64.28,,63.58,19.0,15.77,,43.53,,,,55.54,55.54,,55.54,55.54,55.54,55.54,55.54,35.68,35.68,,,,,26.5,39.08,39.08,39.08,39.08,39.08,32.04,40.07,15.77,21.82,35.68,35.68,35.68,35.68,19.0,-7.0,,,,,,
2019-03-17 02:00:00+01:00,,10.07,,1.59,22.52,6.67,,-7.81,,-9.33,-9.33,-9.33,35.07,38.87,35.07,1.65,57.25,,64.08,10.07,9.67,,43.53,,,,52.0,52.0,,52.0,52.0,52.0,52.0,52.0,35.07,35.07,,,,,20.1,38.96,38.96,38.96,38.96,38.96,26.38,38.87,9.68,12.35,35.07,35.07,35.07,35.07,10.07,-7.81,,,,,,
2019-03-17 03:00:00+01:00,,1.93,,-4.59,22.52,5.27,,-10.0,,-13.53,-13.53,-13.53,34.04,34.34,34.04,2.16,46.13,,63.39,1.93,4.2,,43.53,,,,51.29,51.29,,51.29,51.29,51.29,51.29,51.29,34.04,34.04,,,,,0.1,38.9,38.9,38.9,38.9,38.9,24.78,34.34,4.21,7.43,34.04,34.04,34.04,34.04,1.93,-10.0,,,,,,
2019-03-17 04:00:00+01:00,,-5.86,,-0.77,22.54,5.57,,-8.51,,-6.23,-6.23,-6.23,34.17,34.34,34.17,-3.96,41.97,,63.41,-5.86,4.2,,40.6,,,,51.29,51.29,,51.29,51.29,51.29,51.29,51.29,34.17,34.17,,,,,9.0,38.92,38.92,38.92,38.92,38.92,23.07,34.34,4.21,8.63,34.17,34.17,34.17,34.17,-5.86,-8.51,,,,,,
2019-03-17 05:00:00+01:00,,-7.34,,6.63,22.53,6.15,,-9.46,,-9.9,-9.9,-9.9,33.56,37.5,33.56,-0.8,39.65,,60.01,-7.34,10.51,,38.79,,,,58.43,58.43,,58.43,58.43,58.43,58.43,58.43,33.56,33.56,,,,,35.0,39.02,39.02,39.02,39.02,39.02,23.49,37.5,10.52,10.85,33.56,33.56,33.56,33.56,-7.34,-9.46,,,,,,
2019-03-17 06:00:00+01:00,,-4.97,,8.06,22.53,5.97,,-12.93,,-11.37,-11.37,-11.37,31.34,37.5,31.34,2.52,39.76,,63.5,-4.97,5.0,,38.89,,,,54.69,54.69,,54.69,54.69,54.69,54.69,54.69,31.34,31.34,,,,,38.64,39.91,39.91,38.93,38.93,39.91,20.84,37.5,5.0,16.91,31.34,31.34,31.34,31.34,-4.97,-12.93,,,,,,
2019-03-17 07:00:00+01:00,,6.57,,11.21,21.09,8.64,,-10.0,,-11.26,-6.61,-6.61,31.9,37.77,31.9,2.16,41.41,,60.99,16.51,19.03,,40.0,,,,50.64,50.64,,50.64,50.64,50.64,50.64,50.64,31.9,31.9,,,,,36.2,40.19,40.19,39.44,39.44,40.19,26.71,37.77,19.04,25.93,31.9,31.9,31.9,31.9,16.51,-10.0,,,,,,
2019-03-17 08:00:00+01:00,,-3.06,,10.0,22.52,8.54,,-10.0,,-9.93,-2.41,-2.41,34.75,37.87,34.75,-0.07,37.38,,53.3,-3.06,28.27,,36.0,,,,51.29,51.29,,51.29,51.29,51.29,51.29,51.29,34.75,34.75,,,,,36.1,40.38,40.38,39.45,39.45,40.38,35.05,37.87,28.29,30.45,34.75,34.75,34.75,34.75,-3.06,-10.0,,,,,,
2019-03-17 09:00:00+01:00,,-4.99,,13.42,22.52,8.13,,-7.2,,-8.53,-3.3,1.81,37.28,39.27,37.28,0.5,40.84,,51.56,-4.99,28.08,,39.0,,,,54.46,54.46,,54.46,54.46,54.46,99.0,54.46,37.28,37.28,,,,,39.0,40.73,40.73,39.81,39.81,40.73,38.35,39.27,28.09,33.18,37.28,37.28,37.28,37.28,-4.99,-7.2,,,,,,
2019-03-17 10:00:00+01:00,,-4.9,,2.76,22.5,5.36,,4.9,,-6.66,-6.66,2.6,37.26,38.99,37.26,6.8,45.2,,41.4,-4.9,21.02,,43.18,,,,58.98,58.98,,58.98,58.98,58.98,90.0,58.98,37.26,37.26,,,,,37.8,40.93,40.93,39.86,39.86,40.93,39.49,38.99,21.03,32.29,37.26,37.26,37.26,37.26,-4.9,4.9,,,,,,
2019-03-17 11:00:00+01:00,,0.26,,10.0,22.51,4.5,,-10.0,,-0.75,-0.75,2.59,35.97,38.87,35.97,8.39,52.56,,37.9,0.26,16.24,,44.59,,,,57.43,57.43,,57.43,57.43,57.43,57.43,57.43,35.97,35.97,,,,,36.35,40.93,40.93,39.31,39.31,40.93,40.13,40.1,16.25,31.9,35.97,35.97,35.97,35.97,0.26,-10.0,,,,,,
2019-03-17 12:00:00+01:00,,-4.98,,0.91,20.83,3.48,,-20.0,,-7.06,-7.06,2.55,35.1,34.01,35.1,7.52,51.51,,28.0,-4.98,13.32,,37.72,,,,56.0,56.0,,56.0,56.0,56.0,56.0,56.0,35.1,35.1,,,,,37.4,40.73,40.73,39.21,39.21,40.73,40.29,38.38,13.33,28.94,35.1,35.1,35.1,35.1,-4.98,-20.0,,,,,,
2019-03-17 13:00:00+01:00,,-9.39,,6.46,22.5,-1.88,,-10.0,,-9.99,-9.99,-2.33,35.13,30.0,35.13,-1.86,54.89,,15.0,-9.39,10.51,,36.0,,,,50.64,50.64,,50.64,50.4,50.64,50.4,50.4,35.13,35.13,,,,,36.9,40.63,40.63,39.06,39.06,40.63,40.58,34.34,10.52,22.94,35.13,35.13,35.13,35.13,-9.39,-10.0,,,,,,
2019-03-17 14:00:00+01:00,,-16.49,,-4.41,19.37,-3.99,,-10.5,,-17.36,-13.35,-2.38,34.83,20.0,34.83,-9.6,49.41,,28.9,-16.49,5.99,,35.0,,,,51.29,51.29,,51.29,51.29,51.29,51.29,51.29,34.83,34.83,,,,,34.5,40.53,40.53,38.85,38.85,40.53,39.38,34.34,5.99,20.91,34.83,34.83,34.83,34.83,-16.49,-10.5,,,,,,
2019-03-17 15:00:00+01:00,,-20.23,,-0.39,21.1,-2.17,,-3.57,,-20.23,-11.09,-2.32,34.76,8.85,34.76,-10.99,51.15,,48.85,-20.23,13.32,,32.25,,,,57.34,57.34,,57.34,57.34,57.34,57.34,57.34,34.76,34.76,,,,,35.1,40.49,40.49,39.15,39.15,40.49,37.58,32.34,13.33,21.93,34.76,34.76,34.76,34.76,-20.23,-3.57,,,,,,
2019-03-17 16:00:00+01:00,,-10.01,,5.81,32.4,2.88,,6.1,,-10.01,-6.8,-2.29,35.16,5.48,35.16,-2.66,36.2,,63.71,-10.01,27.12,,29.95,,,,58.98,58.98,,58.98,58.98,58.98,58.98,58.98,35.16,35.16,,,,,35.2,40.55,40.55,39.19,39.19,40.55,36.82,32.34,27.13,29.64,35.16,35.16,35.16,35.16,-10.01,6.1,,,,,,
2019-03-17 17:00:00+01:00,,5.33,,17.65,40.16,13.0,,16.97,,5.33,5.33,10.52,37.34,11.03,37.34,11.03,57.22,,64.41,5.33,42.0,,29.95,,,,59.66,59.66,,59.66,59.66,59.66,59.66,59.66,37.34,37.34,,,,,39.81,41.13,41.13,39.49,39.49,41.13,39.68,28.84,42.02,36.71,37.34,37.34,37.34,37.34,5.33,16.97,,,,,,
2019-03-17 18:00:00+01:00,,29.09,,33.6,57.1,24.54,,28.0,,28.87,28.87,28.87,39.9,30.5,39.9,30.5,49.74,,68.4,51.55,56.96,,43.09,,,,70.0,70.0,,70.0,70.0,70.0,81.0,70.0,39.9,39.9,,,,,37.54,41.85,41.85,40.03,40.03,41.85,41.43,30.5,56.99,50.08,39.9,39.9,39.9,39.9,51.55,28.0,,,,,,
2019-03-17 19:00:00+01:00,,37.0,,43.91,57.14,34.04,,33.96,,36.66,36.66,36.66,38.31,39.13,38.31,39.13,75.8,,67.36,60.72,60.02,,65.39,,,,63.4,63.4,,63.4,63.4,63.4,92.71,63.4,38.31,38.31,,,,,49.72,42.62,42.62,40.22,40.22,42.62,41.68,39.13,60.05,50.05,38.31,38.31,38.31,38.31,60.72,33.96,,,,,,
2019-03-17 20:00:00+01:00,,31.0,,38.48,48.05,31.07,,29.83,,30.64,30.64,30.64,35.15,48.08,35.15,33.33,75.87,,67.34,47.03,48.86,,74.27,,,,62.17,62.17,,62.17,62.17,62.17,99.0,62.17,35.15,35.15,,,,,45.0,42.24,42.24,40.85,40.85,42.24,41.44,48.08,48.89,42.97,35.15,35.15,35.15,35.15,47.03,29.83,,,,,,
2019-03-17 21:00:00+01:00,,23.72,,31.66,38.62,26.31,,23.05,,23.34,23.34,23.34,34.36,52.63,34.36,26.21,62.02,,67.34,23.72,41.94,,63.68,,,,58.66,58.66,,58.66,58.66,58.66,90.0,58.66,34.36,34.36,,,,,38.82,41.47,41.47,40.61,40.61,41.47,41.28,52.63,41.96,38.98,34.36,34.36,34.36,34.36,23.72,23.05,,,,,,
2019-03-17 22:00:00+01:00,,26.41,,33.51,28.05,29.48,,23.0,,25.94,25.94,25.94,31.88,48.01,31.88,28.62,58.37,,64.41,26.41,33.0,,59.94,,,,52.55,52.55,,52.55,52.55,52.55,52.55,52.55,31.88,31.88,,,,,39.32,40.62,40.62,40.41,40.41,40.62,40.79,48.01,33.02,33.89,31.88,31.88,31.88,31.88,26.41,23.0,,,,,,
2019-03-17 23:00:00+01:00,,19.27,,33.13,23.98,26.99,,14.0,,17.22,17.22,17.22,23.19,39.77,23.19,26.16,46.7,,62.86,19.27,14.0,,45.0,,,,44.65,44.65,,44.65,41.95,44.65,41.95,44.65,23.19,23.19,,,,,39.5,40.81,40.81,40.09,40.09,40.81,38.58,39.77,14.01,25.36,23.19,23.19,23.19,23.19,19.27,14.0,,,,,,
2019-03-18 00:00:00+01:00,,19.04,,34.0,22.54,30.04,,13.45,,17.65,17.65,17.65,30.56,40.0,30.56,31.54,40.72,,62.86,19.04,23.0,,41.82,,,,43.9,43.9,,43.9,42.81,43.9,42.81,43.9,30.56,30.56,,,,,33.0,40.29,40.29,39.76,39.76,40.29,38.0,40.0,23.02,25.91,30.56,30.56,30.56,30.56,19.04,13.45,,,,,,
2019-03-18 01:00:00+01:00,,14.79,,35.73,22.54,28.46,,14.0,,12.86,12.86,12.86,29.1,39.01,29.1,32.16,42.71,,51.47,14.79,16.07,,43.86,,,,39.72,39.72,,39.72,35.51,39.72,35.51,39.72,29.1,29.1,,,,,34.0,40.11,40.11,39.35,39.35,40.11,29.36,39.01,16.08,15.72,29.1,29.1,29.1,29.1,14.79,14.0,,,,,,
2019-03-18 02:00:00+01:00,,15.74,,31.74,22.54,25.01,,13.99,,14.27,14.27,14.27,27.57,38.69,27.57,28.21,46.7,,39.9,15.74,13.99,,44.63,,,,36.24,36.24,,36.24,35.01,36.24,35.01,36.24,27.57,27.57,,,,,35.0,39.99,39.99,39.29,39.29,39.99,27.82,38.69,13.99,12.79,27.57,27.57,27.57,27.57,15.74,13.99,,,,,,
2019-03-18 03:00:00+01:00,,15.2,,23.36,22.54,23.31,,12.67,,14.45,14.45,14.45,29.04,38.69,29.04,19.75,46.34,,36.45,15.2,12.67,,44.29,,,,35.0,35.0,,35.0,35.0,35.0,35.0,35.0,29.04,29.04,,,,,37.7,39.8,39.8,39.35,39.35,39.8,29.31,38.69,12.68,12.04,29.04,29.04,29.04,29.04,15.2,12.67,,,,,,
2019-03-18 04:00:00+01:00,,7.79,,26.84,23.99,23.58,,12.86,,6.03,6.03,6.03,36.42,39.0,36.42,19.08,44.48,,43.88,7.79,20.08,,42.5,,,,38.0,38.0,,38.0,35.01,38.0,35.01,38.0,36.42,36.42,,,,,37.95,39.2,39.2,39.2,39.2,39.2,36.76,39.0,20.09,17.04,36.42,36.42,36.42,36.42,7.79,12.86,,,,,,
2019-03-18 05:00:00+01:00,,23.75,,36.95,24.54,29.89,,21.67,,22.51,22.51,22.51,40.97,40.0,40.97,32.21,43.42,,62.87,23.75,35.53,,42.5,,,,44.01,44.01,,44.01,39.1,44.01,39.1,44.01,40.97,40.97,,,,,39.66,40.97,40.97,40.97,40.97,40.97,41.49,40.0,35.54,29.02,40.97,40.97,40.97,40.97,23.75,21.67,,,,,,
2019-03-18 06:00:00+01:00,,42.12,,49.11,45.95,39.06,,39.31,,41.27,41.27,42.64,42.64,50.53,42.64,44.18,50.3,,64.44,42.12,39.31,,47.05,,,,57.89,57.89,,57.89,54.26,57.89,54.26,57.89,42.64,42.64,,,,,42.16,42.64,42.64,42.64,42.64,42.64,43.04,50.53,39.32,36.98,42.64,42.64,42.64,42.64,42.12,39.31,,,,,,
2019-03-18 07:00:00+01:00,,46.65,,48.29,50.38,45.64,,44.91,,46.37,46.37,44.91,45.46,51.0,45.46,47.23,62.39,,64.44,46.65,44.91,,50.13,,,,57.89,57.89,,57.89,54.28,57.89,54.28,57.89,45.46,45.46,,,,,48.29,44.91,44.91,44.91,44.91,44.91,45.89,51.0,44.92,40.92,44.91,44.91,44.91,44.91,46.65,44.91,,,,,,
2019-03-18 08:00:00+01:00,,45.96,,56.8,45.92,45.21,,43.92,,44.13,44.13,44.22,46.06,52.63,46.06,49.86,60.73,,64.39,45.96,43.92,,50.0,,,,59.69,59.69,,59.69,54.26,59.69,54.26,59.69,46.06,46.06,,,,,56.8,44.22,44.22,44.22,44.22,44.22,46.51,52.63,43.93,43.17,44.22,44.22,44.22,44.22,45.96,43.92,,,,,,
2019-03-18 09:00:00+01:00,,42.44,,53.47,38.31,45.18,,40.13,,41.2,42.47,43.21,46.04,53.01,46.04,45.21,54.78,,63.47,42.44,41.94,,52.33,,,,59.12,59.12,,59.12,53.96,59.12,53.96,56.58,46.04,46.04,,,,,46.34,43.21,43.21,43.21,43.21,43.21,46.56,53.01,41.95,40.39,43.21,43.21,43.21,43.21,42.44,40.13,,,,,,
2019-03-18 10:00:00+01:00,,40.25,,52.4,27.56,45.25,,35.0,,33.18,33.18,42.88,45.44,51.94,45.44,42.31,56.53,,57.07,40.7,40.37,,54.01,,,,58.55,58.55,,58.55,51.5,58.55,51.5,51.5,45.44,45.44,,,,,42.6,42.88,42.88,42.88,42.88,42.88,46.4,51.94,40.38,37.97,42.88,42.88,42.88,42.88,40.7,35.0,,,,,,
2019-03-18 11:00:00+01:00,,39.96,,41.25,24.05,44.02,,36.2,,32.03,32.03,42.44,46.01,51.75,46.01,39.21,52.34,,43.56,43.6,39.31,,50.0,,,,55.99,55.99,,55.99,40.0,55.99,40.0,40.0,46.01,46.01,,,,,40.1,42.44,42.44,42.44,42.44,42.44,46.47,51.75,39.32,39.45,42.44,42.44,42.44,42.44,43.6,36.2,,,,,,
2019-03-18 12:00:00+01:00,,39.0,,36.35,32.22,43.56,,37.92,,27.71,27.71,42.33,46.03,51.94,46.03,40.83,49.17,,45.86,50.04,37.92,,46.97,,,,50.71,50.71,,50.71,29.5,50.71,29.5,29.5,46.03,46.03,,,,,35.0,42.33,42.33,42.33,42.33,42.33,46.84,51.94,37.92,37.53,42.33,42.33,42.33,42.33,50.04,37.92,,,,,,
2019-03-18 13:00:00+01:00,,42.25,,38.05,31.95,43.0,,36.97,,24.32,30.92,42.32,44.65,51.94,44.65,36.25,50.58,,34.28,50.07,36.97,,48.31,,,,50.9,50.9,,50.9,24.35,50.9,24.35,24.35,44.65,44.65,,,,,36.2,42.32,42.32,42.32,42.32,42.32,47.1,51.94,35.32,33.02,42.32,42.32,42.32,42.32,50.07,36.97,,,,,,
2019-03-18 14:00:00+01:00,,39.98,,37.75,32.43,42.09,,36.31,,24.93,30.94,42.16,43.16,51.01,43.16,35.32,54.91,,46.07,50.05,36.31,,52.44,,,,53.49,53.49,,53.49,49.94,53.49,49.94,49.94,43.16,43.16,,,,,36.2,42.16,42.16,42.16,42.16,42.16,46.09,51.01,30.9,28.04,42.16,42.16,42.16,42.16,50.05,36.31,,,,,,
2019-03-18 15:00:00+01:00,,38.94,,38.12,32.38,41.62,,38.99,,24.5,30.98,42.09,42.48,50.0,42.48,34.87,52.35,,62.87,57.89,38.99,,50.0,,,,57.89,57.89,,57.89,53.94,57.89,53.94,53.94,42.48,42.48,,,,,37.77,42.09,42.09,42.09,42.09,42.09,46.08,50.0,30.9,23.18,42.09,42.09,42.09,42.09,57.89,38.99,,,,,,
2019-03-18 16:00:00+01:00,,35.81,,37.27,32.47,41.93,,40.6,,35.57,35.57,42.19,43.53,49.07,43.53,36.34,52.36,,64.41,43.7,40.6,,50.0,,,,58.12,58.12,,58.12,56.58,58.12,56.58,56.58,43.53,43.53,,,,,38.0,42.19,42.19,42.19,42.19,42.19,46.06,49.07,35.32,28.09,42.19,42.19,42.19,42.19,43.7,40.6,,,,,,
2019-03-18 17:00:00+01:00,,42.33,,45.27,33.0,44.3,,43.57,,41.95,41.95,43.04,45.07,49.51,45.07,43.33,54.33,,65.73,42.33,43.57,,51.89,,,,63.0,63.0,,63.0,63.0,63.0,89.0,63.0,45.07,45.07,,,,,47.4,43.04,43.04,43.04,43.04,43.04,46.49,49.51,41.94,37.94,43.04,43.04,43.04,43.04,42.33,43.57,,,,,,
2019-03-18 18:00:00+01:00,,45.83,,57.0,39.2,46.46,,49.0,,45.74,45.74,44.65,48.29,50.71,48.29,46.12,70.07,,69.31,45.83,49.0,,68.54,,,,72.67,72.67,,72.67,54.27,72.67,133.59,72.67,48.29,48.29,,,,,46.12,44.65,44.65,44.65,44.65,44.65,54.84,50.71,48.14,48.58,44.65,44.65,44.65,44.65,45.83,49.0,,,,,,
2019-03-18 19:00:00+01:00,,48.71,,85.0,38.91,48.52,,52.0,,48.44,45.03,45.03,45.03,54.88,45.03,50.01,87.77,,72.9,48.71,52.0,,85.0,,,,75.01,75.01,,75.01,54.27,75.01,150.48,72.68,45.03,45.03,,,,,53.0,45.03,45.03,45.03,45.03,45.03,54.88,54.88,42.4,47.89,45.03,45.03,45.03,45.03,48.71,52.0,,,,,,
2019-03-18 20:00:00+01:00,,45.72,,57.0,32.44,46.74,,47.29,,45.64,44.25,44.25,44.25,56.19,44.25,45.99,81.71,,68.74,45.72,47.29,,80.16,,,,70.49,70.49,,70.49,54.27,70.49,140.0,70.49,44.25,44.25,,,,,46.0,44.25,44.25,44.25,44.25,44.25,49.54,56.19,39.0,38.91,44.25,44.25,44.25,44.25,45.72,47.29,,,,,,
2019-03-18 21:00:00+01:00,,43.12,,57.0,32.37,44.77,,41.15,,42.96,42.96,42.96,42.96,55.6,42.96,43.65,65.92,,67.39,43.12,41.15,,67.62,,,,59.69,59.69,,59.69,54.27,59.69,92.71,59.69,42.96,42.96,,,,,44.39,42.96,42.96,42.96,42.96,42.96,45.66,55.6,28.37,20.1,42.96,42.96,42.96,42.96,43.12,41.15,,,,,,
2019-03-18 22:00:00+01:00,,41.7,,41.7,24.51,43.59,,36.92,,41.7,41.7,41.7,41.7,52.35,41.7,41.7,56.55,,64.4,41.7,36.92,,58.0,,,,56.66,56.66,,56.66,54.26,56.66,89.01,56.66,41.7,41.7,,,,,41.7,42.26,42.26,41.7,41.7,42.26,42.16,52.35,26.0,32.05,41.7,41.7,41.7,41.7,41.7,36.92,,,,,,
2019-03-18 23:00:00+01:00,,37.76,,41.88,24.02,39.19,,31.51,,36.77,36.77,36.77,36.77,51.0,36.77,41.08,45.59,,66.5,37.76,31.51,,46.76,,,,53.58,53.58,,53.58,53.58,53.58,53.58,53.58,36.77,36.77,,,,,40.74,42.08,42.08,40.57,40.57,42.08,46.74,51.0,15.76,33.0,36.77,36.77,36.77,36.77,37.76,31.51,,,,,,
2019-03-19 00:00:00+01:00,,39.08,,39.08,24.35,38.02,,35.86,,39.08,39.08,39.08,39.08,50.0,39.08,39.08,48.2,,63.87,39.08,35.86,,50.52,,,,57.89,57.89,,57.89,57.89,57.89,57.89,57.89,39.08,39.08,,,,,39.08,42.08,42.08,39.65,39.65,42.08,42.3,50.0,10.51,37.4,39.08,39.08,39.08,39.08,39.08,35.86,,,,,,
2019-03-19 01:00:00+01:00,,38.49,,38.49,24.0,36.59,,35.07,,38.49,38.49,38.49,38.49,45.91,38.49,38.49,46.97,,63.83,38.49,35.07,,48.08,,,,56.66,56.66,,56.66,56.66,56.66,56.66,56.66,38.49,38.49,,,,,38.49,41.98,41.98,39.44,39.44,41.98,41.41,45.91,10.51,36.61,38.49,38.49,38.49,38.49,38.49,35.07,,,,,,
2019-03-19 02:00:00+01:00,,37.45,,37.45,24.0,35.02,,34.69,,37.45,37.45,37.45,37.45,42.71,37.45,37.45,44.9,,63.78,37.45,34.69,,45.52,,,,54.51,54.51,,54.51,54.51,54.51,54.51,54.51,37.45,37.45,,,,,37.45,41.86,41.86,39.4,39.4,41.86,41.2,42.71,10.51,35.03,37.45,37.45,37.45,37.45,37.45,34.69,,,,,,
2019-03-19 03:00:00+01:00,,36.47,,36.47,24.37,33.03,,33.94,,36.47,36.47,36.47,36.47,41.9,36.47,36.47,42.85,,63.77,36.47,33.94,,41.85,,,,54.51,54.51,,54.51,54.51,54.51,54.51,54.51,36.47,36.47,,,,,36.47,41.9,41.9,39.37,39.37,41.9,41.49,41.9,15.76,34.55,36.47,36.47,36.47,36.47,36.47,33.94,,,,,,
2019-03-19 04:00:00+01:00,,36.42,,36.42,24.49,33.74,,34.45,,36.42,40.39,40.39,40.39,41.29,40.39,36.42,40.97,,63.8,36.42,34.45,,40.02,,,,55.63,57.89,,55.63,57.89,57.89,57.89,57.89,40.39,40.39,,,,,36.42,41.97,41.97,40.39,40.39,41.97,43.4,41.29,29.21,36.18,40.39,40.39,40.39,40.39,36.42,34.45,,,,,,
2019-03-19 05:00:00+01:00,,40.29,,40.29,52.24,38.22,,38.01,,40.29,41.25,42.76,42.76,42.71,42.76,40.29,41.51,,64.3,40.29,38.01,,39.59,,,,59.05,59.05,,59.05,59.05,59.05,59.05,59.05,42.76,42.76,,,,,40.29,42.76,42.76,42.76,42.76,42.76,42.99,42.71,37.99,37.03,42.76,42.76,42.76,42.76,40.29,38.01,,,,,,
2019-03-19 06:00:00+01:00,,46.96,,46.96,49.16,46.72,,46.43,,46.96,46.96,45.46,45.46,47.58,45.46,46.96,48.01,,64.87,46.96,46.43,,45.83,,,,64.4,64.4,,64.4,64.4,64.4,64.4,64.4,45.46,45.46,,,,,46.96,45.46,45.46,45.46,45.46,45.46,47.92,47.58,46.4,34.97,45.46,45.46,45.46,45.46,46.96,46.43,,,,,,
2019-03-19 07:00:00+01:00,,51.27,,51.27,57.96,50.57,,51.81,,51.27,51.27,51.27,51.27,51.27,51.27,51.27,52.56,,67.39,51.27,51.81,,49.36,,,,65.0,65.0,,65.0,65.0,65.0,65.0,65.0,51.27,51.27,,,,,51.27,51.27,51.27,51.27,51.27,51.27,51.56,51.27,48.12,20.07,51.27,51.27,51.27,51.27,51.27,51.81,,,,,,
2019-03-19 08:00:00+01:00,,54.38,,54.38,56.95,50.64,,51.0,,54.38,54.38,54.38,54.38,54.38,54.38,54.38,60.48,,68.28,54.38,51.0,,57.76,,,,72.67,72.67,,72.67,47.57,72.67,47.57,72.67,54.38,54.38,,,,,54.38,54.38,54.38,54.38,54.38,54.38,54.77,54.38,48.11,43.95,54.38,54.38,54.38,54.38,54.38,51.0,,,,,,
2019-03-19 09:00:00+01:00,,49.69,,49.69,48.73,48.35,,47.39,,49.69,49.69,49.69,49.69,54.04,49.69,49.69,64.09,,63.31,49.69,47.39,,62.72,,,,70.0,70.0,,70.0,45.16,70.0,45.16,70.0,49.69,49.69,,,,,49.69,49.69,49.69,49.69,49.69,49.69,56.15,54.04,46.28,45.54,49.69,49.69,49.69,49.69,49.69,47.39,,,,,,
2019-03-19 10:00:00+01:00,,46.31,,46.31,46.95,46.03,,46.41,,46.31,46.31,46.31,46.31,52.26,46.31,46.31,61.55,,61.98,46.31,46.41,,63.14,,,,62.34,62.34,,62.34,41.6,62.34,41.6,62.34,46.31,46.31,,,,,46.31,46.31,46.31,46.31,46.31,46.31,55.86,52.26,41.91,44.02,46.31,46.31,46.31,46.31,46.31,46.41,,,,,,
2019-03-19 11:00:00+01:00,,44.55,,44.55,36.0,44.65,,45.25,,44.55,44.93,44.93,44.93,51.64,44.93,44.55,53.56,,60.14,44.55,45.25,,55.09,,,,59.12,59.12,,59.12,0.0,59.12,0.0,59.12,44.93,44.93,,,,,44.55,44.93,44.93,44.93,44.93,44.93,57.31,51.64,41.39,42.93,44.93,44.93,44.93,44.93,44.55,45.25,,,,,,
2019-03-19 12:00:00+01:00,,43.31,,43.31,53.41,43.85,,44.06,,43.31,44.38,44.38,44.66,51.94,44.66,43.31,47.99,,60.1,50.08,44.06,,50.52,,,,52.5,52.5,,52.5,0.0,52.5,0.0,52.5,44.66,44.66,,,,,43.31,44.38,44.38,44.38,44.38,44.38,58.06,51.94,41.91,43.05,44.38,44.38,44.38,44.38,50.08,44.06,,,,,,
2019-03-19 13:00:00+01:00,,42.89,,42.89,53.48,43.1,,44.0,,42.89,43.95,43.95,44.62,51.53,44.62,42.89,46.08,,58.69,50.04,44.0,,48.52,,,,52.5,52.5,,52.5,0.0,52.5,0.0,52.5,44.62,44.62,,,,,42.89,43.95,43.95,43.95,43.95,43.95,58.45,51.53,41.91,42.97,43.95,43.95,43.95,43.95,50.04,44.0,,,,,,
2019-03-19 14:00:00+01:00,,42.48,,42.48,51.9,43.49,,43.95,,42.48,43.75,43.75,43.83,49.94,43.83,42.48,43.62,,60.1,42.48,43.95,,45.94,,,,57.89,57.89,,57.89,0.0,57.89,0.0,57.89,43.83,43.83,,,,,42.48,43.75,43.75,43.75,43.75,43.75,56.69,49.94,41.91,42.41,43.75,43.75,43.75,43.75,42.48,43.95,,,,,,
2019-03-19 15:00:00+01:00,,43.74,,43.74,53.52,44.17,,44.5,,43.74,43.88,43.88,43.88,47.67,43.88,43.74,44.89,,62.38,43.74,44.5,,46.18,,,,59.12,59.12,,59.12,4.0,59.12,4.0,59.12,43.88,43.88,,,,,43.74,43.88,43.88,43.88,43.88,43.88,55.95,47.67,41.91,41.54,43.88,43.88,43.88,43.88,43.74,44.5,,,,,,
2019-03-19 16:00:00+01:00,,44.61,,44.61,53.91,45.6,,46.76,,44.61,44.61,44.61,44.61,46.5,44.61,44.61,45.59,,63.28,44.61,46.76,,46.91,,,,59.12,59.12,,59.12,59.12,59.12,59.12,59.12,44.61,44.61,,,,,44.61,44.61,44.61,44.61,44.61,44.61,56.28,46.5,46.0,44.41,44.61,44.61,44.61,44.61,44.61,46.76,,,,,,
2019-03-19 17:00:00+01:00,,48.96,,48.96,58.75,48.36,,51.1,,48.96,48.96,48.96,48.96,48.96,48.96,48.96,50.22,,69.07,48.96,51.1,,51.73,,,,64.42,64.42,,64.42,64.42,64.42,64.42,64.42,48.96,48.96,,,,,48.96,48.96,48.96,48.96,48.96,48.96,56.68,48.96,51.06,48.03,48.96,48.96,48.96,48.96,48.96,51.1,,,,,,
2019-03-19 18:00:00+01:00,,55.2,,61.5,75.75,55.07,,55.98,,55.17,55.17,55.17,55.17,54.62,55.17,54.62,63.21,,73.43,55.2,56.12,,65.1,,,,72.68,72.68,,72.68,72.68,72.68,131.0,72.68,55.17,55.17,,,,,55.17,55.17,55.17,55.17,55.17,55.17,62.33,54.62,56.07,57.97,55.17,55.17,55.17,55.17,55.2,55.98,,,,,,
2019-03-19 19:00:00+01:00,,60.73,,60.73,71.87,57.84,,58.52,,60.73,59.27,59.27,59.27,56.57,59.27,60.73,81.27,,73.45,60.73,58.52,,85.0,,,,75.0,75.0,,75.0,75.0,75.0,148.0,75.0,59.27,59.27,,,,,60.73,59.27,59.27,59.27,59.27,59.27,65.07,56.57,58.47,60.01,59.27,59.27,59.27,59.27,60.73,58.52,,,,,,
2019-03-19 20:00:00+01:00,,52.55,,52.55,65.04,51.01,,52.57,,52.55,50.87,50.87,50.87,55.26,50.87,52.55,70.45,,72.52,52.55,52.57,,74.37,,,,72.67,72.67,,72.67,72.67,72.67,148.0,72.67,50.87,50.87,,,,,52.55,50.87,50.87,50.87,50.87,50.87,60.02,55.26,52.52,52.96,50.87,50.87,50.87,50.87,52.55,52.57,,,,,,
2019-03-19 21:00:00+01:00,,46.46,,46.46,52.03,46.56,,48.14,,46.46,45.35,45.35,45.35,54.96,45.35,46.46,53.72,,67.24,46.46,48.14,,55.38,,,,64.4,64.4,,64.4,64.4,64.4,99.0,64.4,45.35,45.35,,,,,46.46,45.35,45.35,45.35,45.35,45.35,49.16,54.96,48.1,48.42,45.35,45.35,45.35,45.35,46.46,48.14,,,,,,
2019-03-19 22:00:00+01:00,,44.72,,44.72,46.92,45.03,,44.96,,44.72,44.72,43.71,43.71,52.26,43.71,44.72,49.18,,63.43,44.72,44.96,,50.72,,,,59.12,59.12,,59.12,59.12,59.12,91.0,59.12,43.71,43.71,,,,,44.72,43.71,43.71,43.71,43.71,43.71,49.44,52.26,41.9,41.98,43.71,43.71,43.71,43.71,44.72,44.96,,,,,,
2019-03-19 23:00:00+01:00,,41.08,,41.08,36.08,41.93,,41.01,,41.08,41.08,42.09,42.09,51.33,42.09,41.08,42.04,,63.43,41.08,41.01,,43.37,,,,52.52,52.52,,52.52,52.52,52.52,52.52,52.52,42.09,42.09,,,,,41.08,42.09,42.09,42.09,42.09,42.09,44.45,51.33,37.38,41.97,42.09,42.09,42.09,42.09,41.08,41.01,,,,,,
2019-03-20 00:00:00+01:00,,38.28,,38.28,27.52,41.29,,39.91,,38.28,38.28,40.88,40.88,44.01,40.88,38.28,44.15,,62.58,38.28,39.91,,46.72,,,,51.05,51.05,,51.05,51.05,51.05,51.05,51.05,40.88,40.88,,,,,38.28,41.26,41.26,40.88,40.88,41.26,42.71,44.01,35.49,43.63,40.88,40.88,40.88,40.88,38.28,39.91,,,,,,
2019-03-20 01:00:00+01:00,,36.3,,36.3,24.54,39.6,,38.44,,36.3,36.3,36.3,38.96,41.54,38.96,36.3,50.25,,62.58,36.3,38.44,,50.81,,,,50.59,50.59,,50.59,50.59,50.59,50.59,50.59,38.96,38.96,,,,,36.3,40.25,40.25,38.96,38.96,40.25,43.15,41.54,32.94,40.59,38.96,38.96,38.96,38.96,36.3,38.44,,,,,,
2019-03-20 02:00:00+01:00,,35.05,,35.05,24.54,38.42,,37.16,,35.05,35.05,35.05,35.05,39.69,35.05,35.05,46.33,,61.79,35.05,37.16,,47.89,,,,48.73,48.73,,48.73,48.73,48.73,48.73,48.73,35.05,35.05,,,,,35.05,40.13,40.13,35.49,35.49,40.13,43.62,39.69,32.94,38.94,35.05,35.05,35.05,35.05,35.05,37.16,,,,,,
2019-03-20 03:00:00+01:00,,34.33,,34.33,25.43,37.8,,36.56,,34.33,34.33,34.33,34.33,39.37,34.33,34.33,43.68,,51.11,34.33,36.56,,43.99,,,,48.07,48.07,,48.07,48.07,48.07,48.07,48.07,34.33,34.33,,,,,34.33,40.13,40.13,35.37,35.37,40.13,43.79,39.37,35.5,38.18,34.33,34.33,34.33,34.33,34.33,36.56,,,,,,
2019-03-20 04:00:00+01:00,,34.69,,34.69,36.72,37.63,,36.75,,34.69,34.69,34.69,37.96,39.37,37.96,34.69,42.86,,61.79,34.69,36.75,,42.25,,,,48.77,48.77,,48.77,48.77,48.77,48.77,48.77,37.96,37.96,,,,,34.69,39.85,39.85,37.96,37.96,39.85,42.35,39.37,36.69,38.35,37.96,37.96,37.96,37.96,34.69,36.75,,,,,,
2019-03-20 05:00:00+01:00,,37.2,,37.2,39.37,40.58,,39.43,,37.2,37.2,38.26,41.05,40.0,41.05,37.2,43.57,,61.79,37.2,39.43,,42.96,,,,50.59,50.59,,50.59,50.59,50.59,50.59,50.59,41.05,41.05,,,,,37.2,41.05,41.05,41.05,41.05,41.05,43.36,40.0,39.37,38.28,41.05,41.05,41.05,41.05,37.2,39.43,,,,,,
2019-03-20 06:00:00+01:00,,43.95,,47.61,47.75,45.01,,44.94,,43.66,43.66,42.59,42.59,47.53,42.59,44.77,48.41,,64.41,43.95,44.94,,47.73,,,,57.89,57.89,,57.89,57.89,57.89,57.89,57.89,42.59,42.59,,,,,41.23,42.59,42.59,42.59,42.59,42.59,50.78,47.53,44.87,40.83,42.59,42.59,42.59,42.59,43.95,44.94,,,,,,
2019-03-20 07:00:00+01:00,,47.03,,50.57,55.52,47.18,,48.5,,46.89,46.89,46.89,44.1,50.53,44.1,48.37,51.4,,64.41,47.03,48.5,,49.55,,,,56.89,56.89,,56.89,56.89,56.89,56.89,56.89,44.1,44.1,,,,,45.56,44.1,44.1,44.1,44.1,44.1,56.62,50.53,48.42,44.44,44.1,44.1,44.1,44.1,47.03,48.5,,,,,,
2019-03-20 08:00:00+01:00,,43.85,,56.23,51.98,47.78,,47.97,,43.85,43.85,43.85,44.67,51.94,44.67,48.01,66.91,,63.18,43.85,47.97,,66.0,,,,65.0,65.0,,65.0,52.0,65.0,52.0,52.0,44.67,44.67,,,,,52.94,43.85,43.85,43.85,43.85,43.85,60.71,51.94,47.89,46.99,43.85,43.85,43.85,43.85,43.85,47.97,,,,,,
2019-03-20 09:00:00+01:00,,42.88,,48.15,40.34,45.88,,43.66,,42.88,42.88,42.88,44.8,51.91,44.8,44.56,69.43,,61.46,42.88,43.66,,71.85,,,,60.85,60.85,,60.85,49.98,60.85,49.98,49.98,44.8,44.8,,,,,46.36,42.88,42.88,42.88,42.88,42.88,61.6,51.91,43.6,38.18,42.88,42.88,42.88,42.88,42.88,43.66,,,,,,
2019-03-20 10:00:00+01:00,,39.19,,45.35,34.19,44.02,,40.5,,39.19,42.13,42.13,43.8,49.94,43.8,41.23,66.79,,54.24,39.19,40.98,,69.13,,,,57.02,57.02,,57.02,46.49,57.02,46.49,46.49,43.8,43.8,,,,,43.89,42.13,42.13,42.13,42.13,42.13,61.07,49.94,40.92,39.47,42.13,42.13,42.13,42.13,39.19,40.5,,,,,,
2019-03-20 11:00:00+01:00,,39.86,,39.86,32.42,41.57,,39.59,,39.86,41.54,41.54,42.0,49.28,42.0,39.86,58.88,,44.47,39.86,39.95,,60.95,,,,54.0,54.0,,54.0,43.93,54.0,43.93,43.93,42.0,42.0,,,,,39.86,41.54,41.54,41.54,41.54,41.54,61.26,49.28,39.9,37.99,41.54,41.54,41.54,41.54,39.86,39.59,,,,,,
2019-03-20 12:00:00+01:00,,37.59,,37.59,32.46,39.01,,38.66,,37.59,41.07,41.07,41.07,51.1,41.07,37.59,51.47,,41.0,37.59,38.96,,50.8,,,,48.23,48.23,,48.23,39.98,48.23,39.98,39.98,41.07,41.07,,,,,37.59,41.07,41.07,41.07,41.07,41.07,60.32,51.1,38.9,34.93,41.07,41.07,41.07,41.07,37.59,38.66,,,,,,
2019-03-20 13:00:00+01:00,,37.47,,37.47,32.47,38.77,,37.92,,37.47,38.98,40.93,40.93,51.64,40.93,37.47,52.03,,38.49,37.47,37.92,,50.83,,,,48.84,48.84,,48.84,39.96,48.84,39.96,39.96,40.93,40.93,,,,,37.47,40.93,40.93,40.93,40.93,40.93,59.88,51.64,37.87,32.87,40.93,40.93,40.93,40.93,37.47,37.92,,,,,,
2019-03-20 14:00:00+01:00,,38.16,,38.16,38.62,38.31,,37.41,,38.16,38.16,41.03,41.03,51.32,41.03,38.16,43.91,,44.09,38.16,37.41,,42.33,,,,50.86,50.86,,50.86,39.96,50.86,39.96,39.96,41.03,41.03,,,,,38.16,41.03,41.03,41.03,41.03,41.03,56.59,51.32,37.36,31.95,41.03,41.03,41.03,41.03,38.16,37.41,,,,,,
2019-03-20 15:00:00+01:00,,40.36,,40.36,32.46,40.1,,38.75,,40.36,40.36,41.36,41.36,51.01,41.36,40.36,42.53,,52.45,40.36,38.75,,41.0,,,,51.65,51.65,,51.65,44.97,51.65,44.97,44.97,41.36,41.36,,,,,40.36,41.36,41.36,41.36,41.36,41.36,55.07,51.01,37.41,30.94,41.36,41.36,41.36,41.36,40.36,38.75,,,,,,
2019-03-20 16:00:00+01:00,,42.1,,42.1,32.44,41.82,,40.9,,42.1,42.1,42.1,42.1,50.5,42.1,42.1,42.91,,61.46,42.1,40.9,,41.38,,,,57.89,57.89,,57.89,44.98,57.89,44.98,44.98,42.1,42.1,,,,,42.1,42.1,42.1,42.1,42.1,42.1,53.09,50.5,37.41,29.54,42.1,42.1,42.1,42.1,42.1,40.9,,,,,,
2019-03-20 17:00:00+01:00,,45.49,,45.49,40.33,45.05,,45.73,,45.49,45.49,45.49,43.66,50.53,43.66,45.49,46.35,,62.65,45.49,45.73,,44.7,,,,59.31,59.31,,59.31,53.55,59.31,53.55,53.55,43.66,43.66,,,,,45.49,43.66,43.66,43.22,43.22,43.66,54.61,50.53,41.93,35.92,43.22,43.22,43.66,43.66,45.49,45.73,,,,,,
2019-03-20 18:00:00+01:00,,51.1,,53.2,41.18,48.69,,51.4,,51.08,48.94,48.94,44.96,51.64,44.96,51.08,53.98,,65.67,51.1,51.4,,52.07,,,,65.58,65.58,,65.58,53.85,65.58,81.0,53.85,44.96,44.96,,,,,51.0,44.96,44.96,43.19,43.19,44.96,56.13,51.64,51.34,49.37,43.19,43.19,44.96,44.96,51.1,51.4,,,,,,
2019-03-20 19:00:00+01:00,,55.55,,55.55,41.0,53.89,,54.61,,55.55,43.83,43.83,43.83,55.55,43.83,55.55,69.79,,64.41,55.55,54.61,,67.34,,,,72.0,72.0,,72.0,53.86,72.0,92.69,53.86,43.83,43.83,,,,,55.55,43.83,43.83,43.21,43.21,43.83,56.39,55.55,54.44,50.95,43.21,43.21,43.83,43.83,55.55,54.61,,,,,,
2019-03-20 20:00:00+01:00,,49.04,,50.0,39.34,47.09,,49.94,,49.01,43.14,43.14,43.14,55.16,43.14,49.13,64.11,,63.06,49.04,49.94,,61.86,,,,62.06,62.06,,62.06,54.41,62.06,89.6,54.41,43.14,43.14,,,,,48.74,43.14,43.14,43.14,43.14,43.14,53.91,55.16,48.12,44.81,43.14,43.14,43.14,43.14,49.04,49.94,,,,,,
2019-03-20 21:00:00+01:00,,44.24,,44.24,32.46,44.09,,44.58,,44.24,43.13,43.13,42.28,54.35,42.28,44.24,51.38,,60.01,44.24,44.58,,50.78,,,,59.0,59.0,,59.0,53.85,59.0,53.85,53.85,42.28,42.28,,,,,44.24,42.82,42.82,42.28,42.28,42.82,49.16,54.35,35.2,38.52,42.28,42.28,42.28,42.28,44.24,44.58,,,,,,
2019-03-20 22:00:00+01:00,,43.0,,43.4,24.38,43.29,,42.45,,42.97,42.97,42.97,41.23,51.33,41.23,43.08,47.23,,52.9,43.0,42.45,,44.4,,,,54.7,54.7,,54.7,49.95,54.7,49.95,49.95,41.23,41.23,,,,,42.74,41.96,41.96,41.23,41.23,41.96,49.62,51.33,37.42,36.99,41.23,41.23,41.23,41.23,43.0,42.45,,,,,,
2019-03-20 23:00:00+01:00,,39.88,,42.03,24.37,40.42,,39.38,,39.76,39.76,39.76,39.51,48.1,39.51,40.22,42.59,,63.19,39.88,39.38,,41.13,,,,47.93,47.93,,47.93,44.95,47.93,44.95,44.95,39.51,39.51,,,,,38.65,41.08,41.08,39.51,39.51,41.08,47.07,48.1,30.9,36.61,39.51,39.51,39.51,39.51,39.88,39.38,,,,,,
2019-03-21 00:00:00+01:00,,35.47,,35.47,25.9,38.06,,37.27,,35.47,35.47,36.94,36.94,49.07,36.94,35.47,42.62,,40.85,35.47,37.27,,50.0,,,,52.56,52.56,,52.56,35.0,52.56,35.0,35.0,36.94,36.94,,,,,35.47,38.97,38.97,37.76,37.76,38.97,44.95,49.07,27.47,37.15,36.94,36.94,36.94,36.94,35.47,37.27,,,,,,
2019-03-21 01:00:00+01:00,,34.7,,34.7,24.02,36.07,,35.01,,34.7,34.7,34.7,34.7,45.23,34.7,34.7,43.5,,35.16,34.7,35.01,,42.87,,,,48.8,48.8,,48.8,38.52,48.8,38.52,38.52,34.7,34.7,,,,,34.7,38.84,38.84,37.14,37.14,38.84,44.94,45.23,27.12,35.74,34.7,34.7,34.7,34.7,34.7,35.01,,,,,,
2019-03-21 02:00:00+01:00,,33.51,,33.51,23.47,35.34,,33.7,,33.51,33.51,33.51,33.51,44.01,33.51,33.51,44.46,,33.38,33.51,33.7,,42.76,,,,49.33,49.33,,49.33,15.0,49.33,15.0,15.0,33.51,33.51,,,,,33.51,38.71,38.71,36.01,36.01,38.71,43.3,44.01,27.12,34.73,33.51,33.51,33.51,33.51,33.51,33.7,,,,,,
2019-03-21 03:00:00+01:00,,33.04,,33.04,23.53,34.35,,33.23,,33.04,33.04,33.04,33.04,44.79,33.04,33.04,41.95,,31.45,33.04,33.23,,40.32,,,,48.93,48.93,,48.93,10.0,48.93,10.0,10.0,33.04,33.04,,,,,33.04,38.74,38.74,35.04,35.04,38.74,44.93,44.79,29.23,34.3,33.04,33.04,33.04,33.04,33.04,33.23,,,,,,
2019-03-21 04:00:00+01:00,,33.1,,33.1,24.49,34.83,,33.64,,33.1,33.1,33.1,34.56,46.13,34.56,33.1,42.28,,31.53,33.1,33.64,,40.63,,,,49.2,49.2,,49.2,28.87,49.2,28.87,28.87,34.56,34.56,,,,,33.1,38.14,38.14,35.0,35.0,38.14,45.71,46.13,33.65,34.61,34.56,34.56,34.56,34.56,33.1,33.64,,,,,,
2019-03-21 05:00:00+01:00,,35.93,,35.93,24.51,37.62,,36.39,,35.93,35.93,38.84,39.24,49.59,39.24,35.93,44.63,,51.1,35.93,36.39,,42.87,,,,50.57,50.57,,50.57,39.01,50.57,39.01,39.01,39.24,39.24,,,,,35.93,39.24,39.24,39.24,39.24,39.24,44.48,49.59,36.39,35.58,39.24,39.24,39.24,39.24,35.93,36.39,,,,,,
2019-03-21 06:00:00+01:00,,44.03,,44.09,34.56,43.88,,43.01,,44.03,44.03,41.12,41.12,53.21,41.12,44.04,47.17,,64.41,44.03,43.01,,45.3,,,,54.86,54.86,,54.86,39.45,54.86,39.45,39.45,41.12,41.12,,,,,44.0,41.12,41.12,41.12,41.12,41.12,56.15,53.21,43.02,42.96,41.12,41.12,41.12,41.12,44.03,43.01,,,,,,
2019-03-21 07:00:00+01:00,,46.68,,52.28,37.05,46.34,,46.9,,46.25,43.1,43.1,44.94,55.01,44.94,47.71,53.3,,71.33,46.68,47.69,,47.76,,,,58.16,58.16,,58.16,45.46,58.16,45.46,45.46,44.94,44.94,,,,,43.31,42.69,42.69,42.69,42.69,42.69,56.05,55.01,47.7,47.28,42.69,42.69,42.69,42.69,46.68,46.9,,,,,,
2019-03-21 08:00:00+01:00,,44.97,,45.44,37.05,45.62,,44.3,,44.91,44.91,44.91,45.08,54.07,45.08,45.09,46.34,,67.39,44.97,45.57,,51.83,,,,62.0,62.0,,62.0,39.45,62.0,39.45,39.45,45.08,45.08,,,,,45.26,43.33,43.33,43.33,43.33,43.33,59.99,54.07,45.59,47.25,43.33,43.33,43.33,43.33,44.97,44.3,,,,,,
2019-03-21 09:00:00+01:00,,41.87,,45.64,32.45,44.07,,42.47,,41.28,41.28,41.28,45.01,54.66,45.01,42.94,50.95,,67.4,41.87,42.71,,53.0,,,,57.89,57.89,,57.89,39.01,57.89,39.01,39.01,45.01,45.01,,,,,45.55,41.28,41.28,41.28,41.28,41.28,61.99,54.66,42.73,45.01,41.28,41.28,41.28,41.28,41.87,42.47,,,,,,
2019-03-21 10:00:00+01:00,,38.5,,38.5,32.4,40.05,,38.71,,38.5,38.5,40.08,44.25,54.04,44.25,38.5,54.44,,63.18,38.5,38.86,,57.45,,,,51.22,51.22,,51.22,10.0,51.22,10.0,10.0,44.25,44.25,,,,,38.5,40.08,40.08,40.08,40.08,40.08,60.21,54.04,38.89,40.51,40.08,40.08,40.08,40.08,38.5,38.71,,,,,,
2019-03-21 11:00:00+01:00,,35.89,,35.89,32.37,38.97,,37.25,,35.89,36.84,39.41,41.77,53.75,41.77,35.89,52.2,,42.43,35.89,39.49,,55.06,,,,49.56,49.56,,49.56,4.0,49.56,4.0,4.0,41.77,41.77,,,,,35.89,39.41,39.41,39.41,39.41,39.41,60.55,53.75,39.51,38.69,39.41,39.41,39.41,39.41,35.89,37.25,,,,,,
2019-03-21 12:00:00+01:00,,35.43,,35.43,32.42,36.65,,35.16,,35.43,35.43,35.43,40.27,54.66,40.27,35.43,49.84,,60.05,38.5,37.65,,52.56,,,,43.7,43.7,,43.7,3.0,43.7,3.0,3.0,40.27,40.27,,,,,35.43,39.22,39.22,39.22,39.22,39.22,60.46,54.66,37.67,38.04,39.22,39.22,39.22,39.22,38.5,35.16,,,,,,
2019-03-21 13:00:00+01:00,,34.5,,34.5,32.43,35.99,,34.75,,34.5,34.5,34.5,38.97,54.66,38.97,34.5,54.5,,37.09,34.5,37.32,,55.6,,,,44.54,44.54,,44.54,3.0,44.54,3.0,3.0,38.97,38.97,,,,,34.5,38.97,38.97,38.97,38.97,38.97,60.51,54.66,37.34,38.42,38.97,38.97,38.97,38.97,34.5,34.75,,,,,,
2019-03-21 14:00:00+01:00,,34.62,,34.72,32.46,36.35,,35.1,,34.61,34.61,34.61,38.91,54.07,38.91,34.66,52.2,,60.04,34.62,37.0,,53.7,,,,49.56,49.56,,49.56,5.0,49.56,5.0,5.0,38.91,38.91,,,,,34.9,38.91,38.91,38.91,38.91,38.91,57.24,54.07,37.03,37.29,38.91,38.91,38.91,38.91,34.62,35.1,,,,,,
2019-03-21 15:00:00+01:00,,36.81,,36.81,45.92,37.3,,36.1,,36.81,36.81,36.81,38.88,53.17,38.88,36.81,47.18,,60.0,38.5,37.82,,48.52,,,,49.86,49.86,,49.86,20.0,49.86,20.0,20.0,38.88,38.88,,,,,36.81,38.88,38.88,38.88,38.88,38.88,56.13,54.04,37.85,37.74,38.88,38.88,38.88,38.88,38.5,36.1,,,,,,
2019-03-21 16:00:00+01:00,,39.27,,39.27,32.47,39.92,,38.87,,39.27,39.27,39.85,39.85,53.01,39.85,39.27,48.64,,63.09,39.27,40.1,,50.0,,,,57.89,57.89,,57.89,39.02,57.89,39.02,39.02,39.85,39.85,,,,,39.27,39.85,39.85,39.85,39.85,39.85,54.74,54.04,40.13,39.36,39.85,39.85,39.85,39.85,39.27,38.87,,,,,,
2019-03-21 17:00:00+01:00,,43.4,,43.4,46.13,43.77,,42.84,,43.4,43.4,42.82,41.15,53.5,41.15,43.4,54.35,,62.29,43.4,43.43,,55.65,,,,59.12,59.12,,59.12,46.87,59.12,46.87,46.87,41.15,41.15,,,,,43.4,41.15,41.15,41.15,41.15,41.15,54.82,54.04,43.46,43.03,41.15,41.15,41.15,41.15,43.4,42.84,,,,,,
2019-03-21 18:00:00+01:00,,46.7,,46.7,53.9,47.1,,48.94,,46.7,46.7,46.7,41.99,53.8,41.99,46.7,63.46,,64.43,50.05,51.32,,62.15,,,,65.0,65.0,,65.0,52.0,65.0,52.0,52.0,41.99,41.99,,,,,46.7,41.99,41.99,41.99,41.99,41.99,60.39,53.8,51.37,50.07,41.99,41.99,41.99,41.99,50.05,48.94,,,,,,
2019-03-21 19:00:00+01:00,,55.0,,55.0,49.38,52.25,,54.29,,55.0,41.72,41.72,41.72,55.25,41.72,55.0,79.03,,63.05,55.0,54.94,,75.53,,,,73.64,73.64,,73.64,57.06,73.64,57.06,57.06,41.72,41.72,,,,,55.0,41.72,41.72,41.72,41.72,41.72,60.43,55.25,55.0,56.22,41.72,41.72,41.72,41.72,55.0,54.29,,,,,,
2019-03-21 20:00:00+01:00,,47.53,,47.53,39.19,47.19,,47.99,,47.53,40.99,40.99,40.99,56.55,40.99,47.53,69.29,,63.05,47.53,47.99,,66.2,,,,62.15,62.15,,62.15,57.04,62.15,57.04,57.04,40.99,40.99,,,,,47.53,40.99,40.99,40.99,40.99,40.99,55.97,56.55,48.04,46.6,40.99,40.99,40.99,40.99,47.53,47.99,,,,,,
2019-03-21 21:00:00+01:00,,43.92,,43.92,36.38,43.4,,43.0,,43.92,41.49,41.49,39.82,56.05,39.82,43.92,50.57,,61.24,43.92,43.0,,51.89,,,,60.57,60.57,,60.57,47.6,60.57,47.6,47.6,39.82,39.82,,,,,43.92,41.49,41.49,39.82,39.82,41.49,47.79,56.05,42.32,42.19,39.82,39.82,39.82,39.82,43.92,43.0,,,,,,
2019-03-21 22:00:00+01:00,,41.94,,41.94,32.08,42.99,,41.37,,41.94,41.94,41.94,38.03,55.0,38.03,41.94,47.48,,62.23,41.94,41.37,,41.73,,,,56.05,56.05,,56.05,45.26,56.05,45.26,45.26,38.03,38.03,,,,,41.94,40.85,40.85,38.75,38.75,40.85,48.2,55.0,39.36,40.93,38.03,38.03,38.03,38.03,41.94,41.37,,,,,,
2019-03-21 23:00:00+01:00,,39.3,,39.65,24.54,39.79,,38.19,,39.28,39.28,39.28,35.23,55.01,35.23,39.36,41.98,,0.0,39.3,38.19,,37.44,,,,49.84,49.84,,49.84,39.46,49.84,39.46,39.46,35.23,35.23,,,,,39.09,40.38,40.38,37.83,37.83,40.38,48.26,55.01,35.57,37.56,35.23,35.23,35.23,35.23,39.3,38.19,,,,,,
2019-03-22 00:00:00+01:00,,39.0,,39.0,24.52,38.05,,38.0,,39.0,39.0,39.0,35.68,56.39,35.68,39.0,51.23,,38.8,39.0,38.0,,48.43,,,,49.09,49.09,,49.09,38.06,49.09,38.06,38.06,35.68,35.68,,,,,39.0,39.62,39.62,35.68,35.68,39.62,40.65,56.39,30.57,37.95,35.68,35.68,35.68,35.68,39.0,38.0,,,,,,
2019-03-22 01:00:00+01:00,,35.95,,35.95,23.99,37.32,,36.53,,35.95,35.95,35.95,35.09,55.55,35.09,35.95,58.22,,34.5,35.95,36.53,,37.0,,,,45.7,45.7,,45.7,38.15,45.7,38.15,38.15,35.09,35.09,,,,,35.95,38.31,38.31,35.09,35.09,38.31,40.59,55.55,27.81,37.01,35.09,35.09,35.09,35.09,35.95,36.53,,,,,,
2019-03-22 02:00:00+01:00,,36.69,,36.69,23.99,36.65,,35.91,,36.69,36.69,36.69,35.81,55.5,35.81,36.69,48.83,,34.12,36.69,35.91,,0.0,,,,45.67,45.67,,45.67,38.07,45.67,38.07,38.07,35.81,35.81,,,,,36.69,38.12,38.12,35.81,35.81,38.12,40.59,55.5,27.15,36.06,35.81,35.81,35.81,35.81,36.69,35.91,,,,,,
2019-03-22 03:00:00+01:00,,36.39,,36.39,24.06,36.45,,35.42,,36.39,36.39,36.39,36.39,55.15,36.39,36.39,37.83,,33.86,36.39,35.42,,0.0,,,,44.86,44.86,,44.86,38.07,44.86,38.07,38.07,36.39,36.39,,,,,36.39,38.03,38.03,36.39,36.39,38.03,39.58,55.15,28.81,35.93,36.39,36.39,36.39,36.39,36.39,35.42,,,,,,
2019-03-22 04:00:00+01:00,,36.28,,36.28,26.03,37.01,,36.51,,36.28,36.28,38.17,38.17,55.01,38.17,36.28,37.45,,37.11,39.0,36.51,,-1.0,,,,45.03,45.03,,45.03,38.17,45.03,38.17,38.17,38.17,38.17,,,,,36.28,38.33,38.33,38.17,38.17,38.33,39.35,55.01,30.94,36.52,38.17,38.17,38.17,38.17,39.0,36.51,,,,,,
2019-03-22 05:00:00+01:00,,39.95,,39.95,35.61,40.45,,40.98,,39.95,39.95,40.53,40.53,55.65,40.53,39.95,41.25,,49.95,39.95,40.98,,-1.0,,,,46.96,46.96,,46.96,45.27,46.96,45.27,45.27,40.53,40.53,,,,,39.95,40.53,40.53,40.53,40.53,40.53,40.59,55.65,41.06,40.16,40.53,40.53,40.53,40.53,39.95,40.98,,,,,,
2019-03-22 06:00:00+01:00,,46.01,,46.01,39.65,45.43,,46.75,,46.01,46.01,45.44,42.95,55.76,42.95,46.01,47.5,,67.4,46.01,46.75,,-1.0,,,,55.0,55.0,,55.0,47.66,55.0,47.66,47.66,42.95,42.95,,,,,46.01,42.95,42.95,42.95,42.95,42.95,51.37,55.76,46.85,45.7,42.95,42.95,42.95,42.95,46.01,46.75,,,,,,
2019-03-22 07:00:00+01:00,,50.98,,50.98,41.5,48.91,,50.45,,50.98,50.98,50.98,49.76,55.95,49.35,50.98,52.63,,67.38,50.98,50.45,,15.0,,,,63.68,63.68,,63.68,63.68,63.68,63.68,63.68,49.76,49.76,,,,,50.98,49.35,49.35,49.35,49.35,49.35,55.76,55.95,50.55,49.87,49.35,49.35,49.35,49.76,50.98,50.45,,,,,,
2019-03-22 08:00:00+01:00,,49.2,,49.2,39.53,47.15,,48.0,,49.2,49.2,49.2,48.02,56.25,47.63,49.2,51.16,,60.17,49.2,48.0,,40.26,,,,70.49,70.49,,70.49,47.01,70.49,47.01,47.01,48.02,48.02,,,,,49.2,47.63,47.63,47.63,47.63,47.63,59.67,56.25,48.1,49.32,47.63,47.63,47.63,48.02,49.2,48.0,,,,,,
2019-03-22 09:00:00+01:00,,44.97,,44.97,36.95,44.54,,44.32,,44.97,44.97,44.15,44.15,56.29,44.15,44.97,50.66,,43.99,44.97,44.32,,46.66,,,,60.0,60.0,,60.0,45.0,60.0,45.0,45.0,44.15,44.15,,,,,44.97,44.15,44.15,44.15,44.15,44.15,61.18,56.29,42.87,45.91,44.15,44.15,44.15,44.15,44.97,44.32,,,,,,
2019-03-22 10:00:00+01:00,,40.41,,40.41,32.48,41.74,,40.68,,40.41,40.41,41.73,41.73,55.8,41.73,40.41,53.0,,31.08,40.41,40.68,,51.3,,,,55.0,55.0,,55.0,38.07,55.0,38.07,38.07,41.73,41.73,,,,,40.41,41.73,41.73,41.73,41.73,41.73,61.17,55.8,39.36,41.7,41.73,41.73,41.73,41.73,40.41,40.68,,,,,,
2019-03-22 11:00:00+01:00,,36.57,,36.57,32.38,38.64,,38.1,,36.57,37.88,40.59,40.59,55.51,40.59,36.57,46.34,,25.66,36.57,38.1,,47.05,,,,52.7,52.7,,52.7,37.0,52.7,37.0,37.0,40.59,40.59,,,,,36.57,40.59,40.59,40.59,40.59,40.59,63.66,55.51,36.9,38.7,40.59,40.59,40.59,40.59,36.57,38.1,,,,,,
2019-03-22 12:00:00+01:00,,35.0,,35.0,32.46,37.87,,37.7,,35.0,40.07,40.07,40.07,56.01,40.07,35.0,45.85,,27.96,42.8,37.7,,46.55,,,,44.8,44.8,,44.8,35.0,44.8,35.0,35.0,40.07,40.07,,,,,35.0,40.07,40.07,40.07,40.07,40.07,63.98,56.01,35.36,37.74,40.07,40.07,40.07,40.07,42.8,37.7,,,,,,
2019-03-22 13:00:00+01:00,,34.3,,34.3,32.47,36.68,,35.99,,34.3,39.33,39.33,40.22,55.8,40.22,34.3,47.88,,25.7,40.7,35.99,,48.61,,,,44.53,44.53,,44.53,32.09,44.53,32.09,32.09,40.22,40.22,,,,,34.3,39.33,39.33,39.33,39.33,39.33,64.19,55.8,35.36,36.07,39.33,39.33,39.33,39.33,40.7,35.99,,,,,,
2019-03-22 14:00:00+01:00,,34.46,,34.46,32.47,35.36,,35.52,,34.46,35.56,38.68,38.68,55.25,38.68,34.46,46.03,,29.49,34.46,35.52,,46.72,,,,48.93,48.93,,48.93,38.07,48.93,38.07,38.07,38.68,38.68,,,,,34.46,38.68,38.68,38.68,38.68,38.68,62.72,55.25,35.59,35.65,38.68,38.68,38.68,38.68,34.46,35.52,,,,,,
2019-03-22 15:00:00+01:00,,35.0,,35.0,32.48,36.41,,36.25,,35.0,35.0,38.48,38.48,54.8,38.48,35.0,45.95,,42.02,40.08,36.62,,46.64,,,,51.0,51.0,,51.0,45.2,51.0,45.2,45.2,38.48,38.48,,,,,35.0,38.48,38.48,38.48,38.48,38.48,59.72,54.8,36.7,36.34,38.48,38.48,38.48,38.48,40.08,36.25,,,,,,
2019-03-22 16:00:00+01:00,,37.78,,37.78,32.51,39.24,,38.81,,37.78,37.78,39.17,39.17,54.93,39.17,37.78,45.45,,63.25,37.78,38.9,,44.0,,,,57.89,57.89,,57.89,52.0,57.89,52.0,52.0,39.17,39.17,,,,,37.78,39.17,39.17,39.17,39.17,39.17,58.36,54.93,38.98,38.24,39.17,39.17,39.17,39.17,37.78,38.81,,,,,,
2019-03-22 17:00:00+01:00,,44.05,,42.59,37.82,42.18,,42.73,,44.05,44.05,44.05,41.14,55.01,41.14,41.14,49.12,,63.17,44.05,43.98,,48.59,,,,59.12,59.12,,59.12,59.12,59.12,59.12,59.12,41.14,41.14,,,,,43.61,41.14,41.14,41.14,41.14,41.14,58.32,55.01,44.06,42.25,41.14,41.14,41.14,41.14,44.05,42.73,,,,,,
2019-03-22 18:00:00+01:00,,46.91,,46.91,43.02,45.38,,47.37,,46.91,46.91,46.91,41.85,55.25,41.85,46.91,51.22,,66.67,72.0,53.97,,53.25,,,,72.0,72.0,,72.0,72.0,72.0,111.0,72.0,41.85,41.85,,,,,46.91,41.85,41.85,41.28,41.28,41.85,65.1,55.25,54.07,47.25,41.28,41.28,41.85,41.85,72.0,47.37,,,,,,
2019-03-22 19:00:00+01:00,,50.17,,50.17,39.76,48.08,,52.1,,50.17,40.76,40.76,40.76,56.1,40.76,50.17,69.85,,68.1,73.56,53.59,,70.0,,,,73.56,73.56,,73.56,73.19,73.56,133.59,73.19,40.76,40.76,,,,,50.17,40.76,40.76,40.76,40.76,40.76,65.23,56.1,53.69,50.78,40.76,40.76,40.76,40.76,73.56,52.1,,,,,,
2019-03-22 20:00:00+01:00,,46.0,,46.0,35.25,44.9,,45.7,,46.0,40.22,40.22,39.47,57.5,39.47,46.0,68.75,,67.0,46.0,45.74,,71.47,,,,68.47,68.47,,68.47,68.47,68.47,133.59,68.47,39.47,39.47,,,,,46.0,40.22,40.22,39.47,39.47,40.22,60.67,57.5,45.82,44.74,39.47,39.47,39.47,39.47,46.0,45.7,,,,,,
2019-03-22 21:00:00+01:00,,40.61,,40.61,32.45,40.44,,40.0,,40.61,39.99,39.99,38.3,56.51,38.3,40.61,55.93,,63.17,40.61,40.0,,58.15,,,,59.9,59.9,,59.9,59.9,59.9,111.0,59.9,38.3,38.3,,,,,40.61,39.99,39.99,38.3,38.3,39.99,52.58,56.51,37.46,39.73,38.3,38.3,38.3,38.3,40.61,40.0,,,,,,
2019-03-22 22:00:00+01:00,,39.9,,39.9,24.53,39.12,,39.07,,39.9,39.9,39.9,36.3,55.85,36.3,39.9,50.8,,61.48,39.9,39.07,,52.8,,,,54.37,54.37,,54.37,54.37,54.37,54.37,54.37,36.3,36.3,,,,,39.9,39.79,39.79,36.37,36.37,39.79,50.4,55.85,29.25,39.07,36.3,36.3,36.3,36.3,39.9,39.07,,,,,,
2019-03-22 23:00:00+01:00,,37.12,,37.12,24.53,36.05,,35.9,,37.12,37.12,37.12,34.16,55.65,34.16,37.12,46.53,,62.64,37.68,35.9,,47.22,,,,47.62,47.62,,47.62,47.62,47.62,47.62,47.62,34.16,34.16,,,,,37.12,38.35,38.35,35.52,35.52,38.35,46.21,55.65,10.52,34.55,34.16,34.16,34.16,34.16,37.68,35.9,,,,,,
2019-03-23 00:00:00+01:00,,35.53,,35.53,24.53,35.13,,35.0,,35.53,35.53,35.53,34.67,55.26,34.67,35.53,46.77,,61.1,35.53,35.0,,48.78,,,,57.89,57.89,,57.89,57.52,57.89,57.52,57.52,34.67,34.67,,,,,35.53,37.71,37.71,35.21,35.21,37.71,39.69,55.26,35.03,34.97,34.67,34.67,34.67,34.67,35.53,35.0,,,,,,
2019-03-23 01:00:00+01:00,,34.94,,34.94,24.18,33.17,,33.07,,34.94,34.94,34.94,33.1,54.34,33.1,34.94,49.18,,57.47,34.94,33.07,,48.92,,,,51.78,51.78,,51.78,51.78,51.78,51.78,51.78,33.1,33.1,,,,,34.94,37.7,37.7,35.02,35.02,37.7,39.74,54.34,29.02,33.14,33.1,33.1,33.1,33.1,34.94,33.07,,,,,,
2019-03-23 02:00:00+01:00,,34.9,,34.9,24.07,32.64,,32.32,,34.9,34.9,34.9,30.09,52.35,30.09,34.9,50.07,,46.79,34.9,32.32,,49.78,,,,48.98,48.98,,48.98,48.98,48.98,48.98,48.98,30.09,30.09,,,,,34.9,37.61,37.61,34.32,34.32,37.61,39.82,52.35,28.01,31.45,30.09,30.09,30.09,30.09,34.9,32.32,,,,,,
2019-03-23 03:00:00+01:00,,33.1,,33.1,24.09,31.41,,31.29,,33.1,33.1,33.1,30.51,51.94,30.51,33.1,46.04,,44.31,33.1,31.29,,46.88,,,,46.16,46.16,,46.16,46.16,46.16,46.16,46.16,30.51,30.51,,,,,33.1,37.54,37.54,34.22,34.22,37.54,39.99,51.94,28.52,31.71,30.51,30.51,30.51,30.51,33.1,31.29,,,,,,
2019-03-23 04:00:00+01:00,,33.05,,33.05,24.11,31.58,,31.88,,33.05,33.05,33.05,31.78,51.33,31.78,33.05,43.21,,44.31,33.05,31.88,,44.0,,,,45.95,45.95,,45.95,45.95,45.95,45.95,45.95,31.78,31.78,,,,,33.05,37.53,37.53,34.38,34.38,37.53,39.99,51.33,31.9,32.25,31.78,31.78,31.78,31.78,33.05,31.88,,,,,,
2019-03-23 05:00:00+01:00,,34.6,,34.6,24.35,33.5,,33.49,,34.6,34.6,34.6,32.97,50.55,32.97,34.6,44.41,,46.74,34.6,33.49,,45.22,,,,47.69,47.69,,47.69,47.69,47.69,47.69,47.69,32.97,32.97,,,,,34.6,37.52,37.52,35.04,35.04,37.52,39.93,50.55,33.51,33.89,32.97,32.97,32.97,32.97,34.6,33.49,,,,,,
2019-03-23 06:00:00+01:00,,36.64,,36.64,24.39,35.92,,35.04,,36.64,36.64,36.64,33.81,48.75,33.81,36.64,46.58,,55.55,36.64,35.04,,47.56,,,,48.29,48.29,,48.29,48.29,48.29,48.29,48.29,33.81,33.81,,,,,36.64,37.86,37.86,35.7,35.7,37.86,39.98,48.75,35.06,32.75,33.81,33.81,33.81,33.81,36.64,35.04,,,,,,
2019-03-23 07:00:00+01:00,,38.86,,38.86,32.3,37.83,,35.9,,38.86,38.86,38.86,36.54,49.28,36.54,38.86,50.83,,59.55,38.86,35.9,,47.56,,,,48.03,48.03,,48.03,48.03,48.03,48.03,48.03,36.54,36.54,,,,,38.86,38.86,38.86,36.54,36.54,38.86,49.59,49.28,35.93,33.97,36.54,36.54,36.54,36.54,38.86,35.9,,,,,,
2019-03-23 08:00:00+01:00,,38.43,,38.43,32.28,37.29,,35.83,,38.43,38.43,38.43,37.5,50.53,37.5,38.43,39.7,,49.0,38.43,35.83,,44.46,,,,47.69,47.69,,47.69,47.69,47.69,47.69,47.69,37.5,37.5,,,,,38.43,38.43,38.43,37.5,37.5,38.43,54.56,50.53,30.77,35.86,37.5,37.5,37.5,37.5,38.43,35.83,,,,,,
2019-03-23 09:00:00+01:00,,37.41,,38.39,22.99,36.02,,34.94,,37.38,37.38,37.38,37.38,52.26,37.38,37.79,47.08,,48.78,37.41,34.94,,49.08,,,,43.55,43.55,,43.55,43.52,43.55,43.52,43.52,37.38,37.38,,,,,40.36,39.07,39.07,37.38,37.38,39.07,56.26,52.26,21.04,33.93,37.38,37.38,37.38,37.38,37.41,34.94,,,,,,
2019-03-23 10:00:00+01:00,,34.56,,35.51,22.53,33.98,,32.34,,34.53,34.53,34.53,34.53,51.72,34.53,34.93,52.75,,39.79,34.56,32.34,,55.0,,,,41.01,41.01,,41.01,37.17,41.01,37.17,37.17,34.53,34.53,,,,,37.34,38.57,38.57,36.98,36.98,38.57,57.4,51.72,17.51,24.98,34.53,34.53,34.53,34.53,34.56,32.34,,,,,,
2019-03-23 11:00:00+01:00,,32.01,,33.61,22.52,31.3,,29.92,,31.95,31.95,31.95,31.95,50.0,31.95,32.63,54.08,,33.43,32.01,29.92,,56.39,,,,34.5,34.5,,34.5,34.5,34.5,34.5,34.5,31.95,31.95,,,,,36.62,37.83,37.83,37.07,37.07,37.83,60.7,50.0,14.31,27.0,31.95,31.95,31.95,31.95,32.01,29.92,,,,,,
2019-03-23 12:00:00+01:00,,29.91,,32.03,22.51,30.56,,29.09,,29.82,29.82,29.82,29.82,50.0,29.82,30.72,48.82,,26.56,29.91,29.09,,54.34,,,,30.72,30.72,,30.72,30.72,30.72,30.72,30.72,29.82,29.82,,,,,36.0,37.51,37.51,37.13,37.13,37.51,57.33,50.0,11.51,30.0,29.82,29.82,29.82,29.82,29.91,29.09,,,,,,
2019-03-23 13:00:00+01:00,,29.09,,29.79,22.5,28.93,,28.12,,29.06,29.06,29.06,29.06,50.0,29.06,29.36,48.27,,30.01,29.09,28.12,,54.34,,,,29.36,29.36,,29.36,29.36,29.36,29.36,29.36,29.06,29.06,,,,,31.1,37.16,37.16,37.16,37.16,37.16,56.26,50.0,10.52,26.67,29.06,29.06,29.06,29.06,29.09,28.12,,,,,,
2019-03-23 14:00:00+01:00,,28.28,,28.91,22.51,28.04,,27.55,,28.25,28.25,28.25,28.25,49.07,28.25,28.52,47.81,,44.64,28.28,27.55,,50.0,,,,28.52,28.52,,28.52,28.52,28.52,28.52,28.52,28.25,28.25,,,,,30.1,37.49,37.49,37.07,37.07,37.49,56.03,49.07,11.57,23.29,28.25,28.25,28.25,28.25,28.28,27.55,,,,,,
2019-03-23 15:00:00+01:00,,29.54,,30.09,22.54,27.89,,28.1,,29.52,29.52,29.52,29.52,47.65,29.52,29.75,46.56,,63.6,29.54,28.1,,48.54,,,,35.0,35.0,,35.0,35.0,35.0,35.0,35.0,29.52,29.52,,,,,31.1,37.12,37.12,36.99,36.99,37.12,48.5,47.65,21.04,24.86,29.52,29.52,29.52,29.52,29.54,28.1,,,,,,
2019-03-23 16:00:00+01:00,,31.38,,34.56,32.39,30.59,,30.39,,31.38,31.38,31.38,31.38,46.78,31.38,30.08,41.75,,60.0,31.38,30.39,,47.78,,,,39.0,39.0,,39.0,39.0,39.0,39.0,39.0,31.38,31.38,,,,,32.58,37.55,37.55,37.15,37.15,37.55,48.45,46.78,30.41,30.05,31.38,31.38,31.38,31.38,31.38,30.39,,,,,,
2019-03-23 17:00:00+01:00,,37.0,,41.55,32.43,35.79,,36.0,,37.0,37.0,37.0,36.51,48.3,36.51,35.16,51.31,,67.34,37.0,37.94,,53.49,,,,44.09,54.57,,44.09,54.57,54.57,54.57,54.57,36.51,36.51,,,,,38.71,38.06,38.06,37.39,37.39,38.06,48.44,48.3,37.96,36.0,36.51,36.51,36.51,36.51,37.0,36.0,,,,,,
2019-03-23 18:00:00+01:00,,41.05,,41.64,37.94,40.96,,41.0,,41.05,40.68,40.68,38.74,50.53,38.74,40.81,58.31,,73.35,41.05,56.96,,60.78,,,,53.69,72.67,,53.69,72.67,72.67,92.61,72.67,38.74,38.74,,,,,41.27,39.62,39.62,38.74,38.74,39.62,53.45,50.53,56.99,50.1,38.74,38.74,38.74,38.74,41.05,41.0,,,,,,
2019-03-23 19:00:00+01:00,,44.99,,44.99,46.37,43.25,,44.0,,44.99,39.97,39.97,38.22,54.01,38.22,44.99,79.81,,71.01,44.99,62.28,,83.19,,,,64.9,72.68,,64.9,72.68,72.68,150.48,72.68,38.22,38.22,,,,,44.99,39.97,39.97,38.22,38.22,39.97,53.11,54.01,62.31,54.06,38.22,38.22,38.22,38.22,44.99,44.0,,,,,,
2019-03-23 20:00:00+01:00,,42.25,,42.25,37.97,41.82,,40.8,,42.25,40.01,40.01,36.62,55.01,36.62,42.25,79.31,,73.3,42.25,52.38,,82.67,,,,55.0,72.67,,55.0,72.67,72.67,133.59,72.67,36.62,36.62,,,,,42.25,39.95,39.95,37.39,37.39,39.95,47.61,55.01,52.41,46.56,36.62,36.62,36.62,36.62,42.25,40.8,,,,,,
2019-03-23 21:00:00+01:00,,39.1,,39.1,32.44,37.53,,36.66,,39.1,39.1,39.1,33.76,54.81,33.76,39.1,55.87,,67.34,39.1,41.42,,58.23,,,,48.29,59.12,,48.29,59.12,59.12,92.61,59.12,33.76,33.76,,,,,39.1,39.16,39.16,37.12,37.12,39.16,48.44,54.81,41.44,36.04,33.76,33.76,33.76,33.76,39.1,36.66,,,,,,
2019-03-23 22:00:00+01:00,,40.35,,40.35,27.03,37.29,,36.69,,40.35,39.25,39.25,31.13,52.99,31.13,40.35,50.62,,67.4,40.35,37.0,,52.76,,,,47.93,55.62,,47.93,55.62,55.62,85.0,55.62,31.13,31.13,,,,,40.35,39.25,39.25,36.59,36.59,39.25,44.59,52.99,37.01,34.71,31.13,31.13,31.13,31.13,40.35,36.69,,,,,,
2019-03-23 23:00:00+01:00,,37.93,,37.93,24.38,35.13,,34.81,,37.93,37.93,37.93,30.24,51.84,30.24,37.93,44.91,,66.5,37.93,34.81,,46.8,,,,44.7,46.52,,44.7,46.52,46.52,47.69,46.52,30.24,30.24,,,,,37.93,38.45,38.45,36.1,36.1,38.45,45.64,51.84,34.83,32.7,30.24,30.24,30.24,30.24,37.93,34.81,,,,,,
2019-03-24 00:00:00+01:00,,39.15,,39.15,24.13,34.37,,33.85,,39.15,39.15,39.15,31.5,43.43,31.5,39.15,58.33,,61.88,39.15,33.85,,62.92,,,,50.09,50.09,,50.09,50.09,50.09,50.09,50.09,31.5,31.5,,,,,39.15,39.15,39.15,36.0,36.0,39.15,37.25,43.43,33.83,32.69,31.5,31.5,31.5,31.5,39.15,33.85,,,,,,
2019-03-24 01:00:00+01:00,,36.05,,36.05,24.07,32.29,,31.69,,36.05,36.05,36.05,30.1,44.44,30.1,36.05,64.16,,63.41,36.05,31.69,,65.85,,,,44.54,44.54,,44.54,44.54,44.54,44.54,44.54,30.1,30.1,,,,,36.05,38.17,38.17,35.08,35.08,38.17,36.28,44.44,31.67,30.93,30.1,30.1,30.1,30.1,36.05,31.69,,,,,,
2019-03-24 02:00:00+01:00,,34.45,,34.45,23.95,31.97,,30.63,,34.45,34.45,34.45,31.29,44.01,31.29,34.45,48.77,,62.78,34.45,30.63,,51.26,,,,43.0,43.0,,43.0,43.0,43.0,43.0,43.0,31.29,31.29,,,,,34.45,37.91,37.91,35.01,35.01,37.91,33.89,44.01,30.61,29.69,31.29,31.29,31.29,31.29,34.45,30.63,,,,,,
2019-03-24 03:00:00+01:00,,33.61,,33.61,22.99,31.15,,30.91,,33.61,33.61,33.61,32.2,43.43,32.2,33.61,42.33,,62.78,33.61,30.91,,44.49,,,,40.94,40.94,,40.94,40.94,40.94,40.94,40.94,32.2,32.2,,,,,33.61,37.81,37.81,35.02,35.02,37.81,33.93,43.43,30.89,28.37,32.2,32.2,32.2,32.2,33.61,30.91,,,,,,
2019-03-24 04:00:00+01:00,,33.85,,33.85,24.04,31.15,,30.77,,33.85,33.85,33.85,33.03,40.1,33.03,33.85,46.78,,63.1,33.85,30.77,,48.0,,,,40.12,40.12,,40.12,40.12,40.12,40.12,40.12,33.03,33.03,,,,,33.85,37.73,37.73,35.09,35.09,37.73,34.05,40.1,30.75,28.7,33.03,33.03,33.03,33.03,33.85,30.77,,,,,,
2019-03-24 05:00:00+01:00,,34.2,,34.2,24.0,31.34,,30.64,,34.2,34.2,34.2,33.38,41.81,33.38,34.2,43.4,,62.54,34.2,30.64,,45.62,,,,43.14,43.14,,43.14,43.14,43.14,43.14,43.14,33.38,33.38,,,,,34.2,37.89,37.89,36.01,36.01,37.89,35.62,41.81,30.62,29.29,33.38,33.38,33.38,33.38,34.2,30.64,,,,,,
2019-03-24 06:00:00+01:00,,34.32,,34.32,22.51,31.32,,28.0,,34.32,34.32,34.32,33.5,43.43,33.5,34.32,40.07,,62.54,34.32,28.0,,42.12,,,,42.58,42.58,,42.58,42.58,42.58,42.58,42.58,33.5,33.5,,,,,34.32,38.02,38.02,36.47,36.47,38.02,33.76,43.43,27.98,29.37,33.5,33.5,33.5,33.5,34.32,28.0,,,,,,
2019-03-24 07:00:00+01:00,,34.98,,34.98,22.51,31.39,,29.43,,34.98,34.98,34.98,34.98,43.31,34.98,34.98,38.06,,62.54,34.98,29.43,,40.0,,,,40.0,40.0,,40.0,40.0,40.0,40.0,40.0,34.98,34.98,,,,,34.98,37.87,37.87,36.95,36.95,37.87,35.25,43.31,29.41,29.38,34.98,34.98,34.98,34.98,34.98,29.43,,,,,,
2019-03-24 08:00:00+01:00,,36.6,,36.6,22.51,30.78,,31.0,,36.6,36.6,36.6,36.6,41.31,36.6,36.6,38.16,,43.0,36.6,31.0,,40.1,,,,39.71,39.71,,39.71,39.71,39.71,39.71,39.71,36.6,36.6,,,,,36.6,37.99,37.99,37.05,37.05,37.99,36.94,41.31,30.98,30.77,36.6,36.6,36.6,36.6,36.6,31.0,,,,,,
2019-03-24 09:00:00+01:00,,35.81,,35.81,22.5,30.02,,31.39,,35.81,35.81,35.81,35.81,46.95,35.81,35.81,36.85,,42.0,35.81,31.39,,38.73,,,,42.0,42.0,,42.0,42.0,42.0,42.0,42.0,35.81,35.81,,,,,35.81,38.16,38.16,37.22,37.22,38.16,36.95,46.95,31.37,31.8,35.81,35.81,35.81,35.81,35.81,31.39,,,,,,
2019-03-24 10:00:00+01:00,,33.78,,33.78,18.0,27.23,,29.6,,33.78,33.78,33.78,33.78,47.42,33.78,33.78,44.24,,45.25,33.78,29.6,,47.55,,,,43.67,43.67,,43.67,38.15,43.67,38.15,38.15,33.78,33.78,,,,,33.78,38.27,38.27,37.28,37.28,38.27,36.94,47.42,29.58,28.85,33.78,33.78,33.78,33.78,33.78,29.6,,,,,,
2019-03-24 11:00:00+01:00,,32.01,,32.01,19.01,26.96,,29.0,,32.01,32.01,32.01,32.01,47.42,32.01,32.01,42.02,,40.0,32.01,29.0,,43.1,,,,42.8,42.8,,42.8,37.16,42.8,37.16,37.16,32.01,32.01,,,,,32.01,38.24,38.24,37.28,37.28,38.24,39.76,47.42,28.98,29.01,32.01,32.01,32.01,32.01,32.01,29.0,,,,,,
2019-03-24 12:00:00+01:00,,31.1,,31.1,19.5,26.71,,28.45,,31.1,31.1,31.1,31.1,46.5,31.1,31.1,35.01,,38.15,31.1,28.45,,36.79,,,,40.6,40.6,,40.6,37.16,40.6,37.16,37.16,31.1,31.1,,,,,31.1,38.03,38.03,37.2,37.2,38.03,43.18,46.5,28.43,28.46,31.1,31.1,31.1,31.1,31.1,28.45,,,,,,
2019-03-24 13:00:00+01:00,,25.08,,25.08,16.92,24.05,,26.88,,25.08,25.08,25.54,25.54,46.9,25.54,25.08,36.07,,23.0,25.08,26.88,,37.0,,,,37.15,37.15,,37.15,37.15,37.15,37.15,37.15,25.54,25.54,,,,,25.08,38.29,38.29,37.16,37.16,38.29,44.27,46.9,26.86,26.1,25.54,25.54,25.54,25.54,25.08,26.88,,,,,,
2019-03-24 14:00:00+01:00,,24.13,,24.13,16.15,21.07,,26.08,,24.13,24.13,25.69,25.69,43.65,25.69,24.13,35.02,,34.1,24.13,26.08,,36.79,,,,37.79,37.16,,37.79,37.16,37.16,37.16,37.16,25.69,25.69,,,,,24.13,37.91,37.91,37.19,37.19,37.91,37.25,43.65,26.06,23.12,25.69,25.69,25.69,25.69,24.13,26.08,,,,,,
2019-03-24 15:00:00+01:00,,23.79,,23.79,22.5,19.35,,25.51,,23.79,23.79,30.6,30.6,39.98,30.6,23.79,32.02,,43.0,23.79,25.51,,33.64,,,,44.06,44.06,,44.06,38.16,44.06,38.16,44.06,30.6,30.6,,,,,23.79,37.86,37.86,37.28,37.28,37.86,36.94,39.98,25.49,22.45,30.6,30.6,30.6,30.6,23.79,25.51,,,,,,
2019-03-24 16:00:00+01:00,,25.1,,25.1,22.55,21.37,,27.55,,25.1,25.1,31.57,31.57,39.22,31.57,25.1,35.02,,59.71,25.1,28.09,,36.64,,,,51.24,51.24,,51.24,38.17,51.24,38.17,51.24,31.57,31.57,,,,,25.1,37.97,37.97,37.38,37.38,37.97,36.94,39.75,28.07,25.85,31.57,31.57,31.57,31.57,25.1,27.55,,,,,,
2019-03-24 17:00:00+01:00,,33.02,,41.77,32.46,29.08,,32.1,,33.02,33.02,34.85,34.85,39.0,34.85,27.69,42.82,,62.65,33.02,35.55,,42.56,,,,57.03,57.03,,57.03,57.03,57.03,57.03,57.03,34.85,34.85,,,,,36.6,37.83,37.83,37.55,37.55,37.83,36.94,51.01,39.33,34.93,34.85,34.85,34.85,34.85,33.02,32.1,,,,,,
2019-03-24 18:00:00+01:00,,39.37,,39.37,36.93,36.61,,38.21,,39.37,39.37,39.21,39.21,39.75,39.21,39.37,46.7,,69.05,39.37,46.76,,48.53,,,,59.88,59.88,,59.88,59.88,59.88,59.88,59.88,39.21,39.21,,,,,39.37,39.21,39.21,39.21,39.21,39.21,45.08,39.75,46.72,49.92,39.21,39.21,39.21,39.21,39.37,38.21,,,,,,
2019-03-24 19:00:00+01:00,,42.61,,42.81,34.92,39.82,,41.5,,42.6,40.45,40.45,40.45,44.82,40.45,42.67,67.71,,69.05,42.61,51.55,,69.44,,,,64.71,72.68,,64.71,72.68,72.68,92.61,72.68,40.45,40.45,,,,,42.93,40.45,40.45,40.45,40.45,40.45,45.24,44.82,51.5,51.93,40.45,40.45,40.45,40.45,42.61,41.5,,,,,,
2019-03-24 20:00:00+01:00,,39.4,,40.13,32.49,36.08,,37.1,,39.33,39.33,39.25,39.25,52.0,39.25,39.61,71.91,,72.75,42.6,45.38,,75.25,,,,61.0,72.68,,61.0,72.68,72.68,92.61,72.68,39.25,39.25,,,,,40.55,39.25,39.25,39.25,39.25,39.25,44.78,52.0,45.34,46.08,39.25,39.25,39.25,39.25,42.6,37.1,,,,,,
2019-03-24 21:00:00+01:00,,36.35,,36.79,32.44,32.58,,33.93,,36.34,36.34,36.42,36.42,52.1,36.42,36.52,51.45,,68.0,36.35,37.18,,54.33,,,,55.62,72.67,,55.62,72.67,72.67,91.0,72.67,36.42,36.42,,,,,37.6,38.84,38.84,37.95,37.95,38.84,37.24,52.1,37.15,34.35,36.42,36.42,36.42,36.42,36.35,33.93,,,,,,
2019-03-24 22:00:00+01:00,,34.58,,36.53,24.5,32.71,,34.06,,34.47,34.47,34.47,34.94,50.37,34.94,35.32,47.9,,68.98,34.58,34.06,,50.31,,,,51.4,57.89,,51.4,57.89,57.89,57.89,57.89,34.94,34.94,,,,,40.0,38.82,38.82,37.45,37.45,38.82,36.94,50.37,34.03,32.39,34.94,34.94,34.94,34.94,34.58,34.06,,,,,,
2019-03-24 23:00:00+01:00,,30.17,,33.03,24.35,30.98,,30.1,,29.99,29.99,29.99,34.77,41.9,34.77,31.32,40.84,,66.5,30.17,30.38,,42.9,,,,47.43,48.0,,47.43,48.0,48.0,48.0,48.0,34.77,34.77,,,,,38.2,38.8,38.8,37.17,37.17,38.8,35.03,41.9,30.35,28.4,34.77,34.77,34.77,34.77,30.17,30.1,,,,,,
2019-03-25 00:00:00+01:00,,24.34,,24.34,22.59,32.11,,26.5,,24.34,24.34,24.34,26.26,39.0,26.26,24.34,32.7,,66.5,38.5,27.12,,38.42,,,,42.06,43.14,,42.06,43.14,43.14,43.14,43.14,26.26,26.26,,,,,24.34,39.19,39.19,36.91,36.91,39.19,43.04,39.0,27.1,29.71,26.26,26.26,26.26,26.26,38.5,26.5,,,,,,
2019-03-25 01:00:00+01:00,,24.01,,22.5,22.53,29.51,,24.42,,22.5,22.5,22.5,27.23,37.72,27.23,29.04,41.97,,68.98,38.17,24.42,,44.08,,,,38.17,38.17,,38.17,38.17,38.17,38.17,38.17,27.23,27.23,,,,,22.5,39.13,39.13,36.79,36.79,39.13,40.66,38.01,24.39,28.08,27.23,27.23,27.23,27.23,38.17,24.42,,,,,,
2019-03-25 02:00:00+01:00,,23.06,,23.74,22.52,29.09,,22.83,,23.01,23.01,23.01,26.82,30.99,26.82,23.32,47.11,,62.78,23.06,22.83,,48.96,,,,38.0,38.0,,38.0,38.0,38.0,38.0,38.0,26.82,26.82,,,,,25.0,39.06,39.06,36.73,36.73,39.06,39.2,38.01,22.81,26.7,26.82,26.82,26.82,26.82,23.06,22.83,,,,,,
2019-03-25 03:00:00+01:00,,20.91,,21.45,22.53,25.07,,20.97,,20.89,20.89,20.89,29.04,30.0,29.04,21.12,37.98,,41.14,20.91,21.51,,40.37,,,,37.16,37.16,,37.16,37.16,37.16,37.16,37.16,29.04,29.04,,,,,22.4,38.99,38.99,36.95,36.95,38.99,39.25,35.38,21.87,24.05,29.04,29.04,29.04,29.04,20.91,20.97,,,,,,
2019-03-25 04:00:00+01:00,,21.57,,23.8,24.07,25.1,,21.2,,21.57,21.57,21.57,33.28,30.13,33.28,22.54,30.26,,63.06,38.0,23.91,,37.15,,,,38.0,38.0,,38.0,38.0,38.0,38.0,38.0,33.28,33.28,,,,,27.6,38.66,38.66,37.06,37.06,38.66,40.53,34.85,29.23,24.72,33.28,33.28,33.28,33.28,38.0,21.2,,,,,,
2019-03-25 05:00:00+01:00,,26.1,,26.77,24.51,30.08,,26.22,,26.05,28.97,28.97,38.09,34.85,38.09,26.36,35.05,,62.78,42.6,30.35,,40.0,,,,42.6,42.6,,42.6,42.6,42.6,42.6,42.6,38.09,38.09,,,,,28.0,39.19,39.19,38.09,38.09,39.19,38.72,34.85,46.05,29.87,38.09,38.09,38.09,38.09,42.6,26.22,,,,,,
2019-03-25 06:00:00+01:00,,34.45,,34.45,32.71,40.03,,37.09,,34.45,34.45,39.42,39.42,39.8,39.42,34.45,51.78,,62.74,50.5,39.66,,54.33,,,,50.5,50.5,,50.5,50.5,50.5,50.5,50.5,39.42,39.42,,,,,34.45,39.84,39.84,39.42,39.42,39.84,44.0,39.8,56.85,40.97,39.42,39.42,39.42,39.42,50.5,37.09,,,,,,
2019-03-25 07:00:00+01:00,,39.61,,45.54,43.36,43.06,,39.5,,38.39,38.39,41.55,41.55,51.33,41.55,43.0,61.95,,62.78,54.99,55.84,,55.32,,,,54.99,54.99,,54.99,54.99,54.99,54.99,54.99,41.55,41.55,,,,,42.0,40.96,40.96,41.55,41.55,40.96,44.64,51.33,62.45,44.2,41.55,41.55,41.55,41.55,54.99,39.5,,,,,,
2019-03-25 08:00:00+01:00,,39.87,,43.27,35.05,42.42,,38.5,,39.17,39.17,42.95,42.95,51.96,42.95,41.81,44.43,,63.05,60.06,57.42,,56.28,,,,60.06,49.0,,60.06,46.38,49.0,46.38,46.38,42.95,42.95,,,,,41.18,41.62,41.62,42.95,42.95,41.62,54.41,51.96,64.19,43.97,42.95,42.95,42.95,42.95,60.06,38.5,,,,,,
2019-03-25 09:00:00+01:00,,32.88,,47.48,32.48,40.87,,35.0,,29.93,29.93,41.9,41.9,51.94,41.9,41.25,48.76,,67.88,57.24,56.99,,70.7,,,,57.24,44.54,,57.24,43.57,44.54,43.57,43.86,41.9,41.9,,,,,39.69,41.0,41.0,41.9,41.9,41.0,55.43,51.94,56.92,42.95,41.9,41.9,41.9,41.9,57.24,35.0,,,,,,
2019-03-25 10:00:00+01:00,,31.56,,39.28,32.46,36.95,,30.75,,29.96,29.96,41.2,41.2,51.0,41.2,36.0,46.78,,63.05,53.14,50.04,,95.81,,,,53.14,40.0,,53.14,37.17,40.0,37.17,37.17,41.2,41.2,,,,,34.61,40.45,40.45,41.2,41.2,40.45,55.69,51.0,49.99,39.64,41.2,41.2,41.2,41.2,53.14,30.75,,,,,,
2019-03-25 11:00:00+01:00,,30.97,,32.78,32.41,36.54,,30.04,,30.79,30.79,40.74,40.74,49.05,40.74,31.65,47.84,,62.78,52.0,46.62,,103.44,,,,52.0,39.99,,52.0,31.01,39.99,31.01,31.01,40.74,40.74,,,,,34.0,40.27,40.27,40.74,40.74,40.27,58.47,49.05,46.57,38.6,40.74,40.74,40.74,40.74,52.0,30.04,,,,,,
2019-03-25 12:00:00+01:00,,32.03,,31.89,32.46,36.69,,29.1,,30.06,30.06,39.98,39.98,48.63,39.98,31.53,45.32,,66.5,44.5,43.15,,89.12,,,,44.5,15.0,,44.5,15.0,15.0,15.0,15.0,39.98,39.98,,,,,33.06,39.98,39.98,39.98,39.98,39.98,58.54,50.55,43.1,38.9,39.98,39.98,39.98,39.98,44.5,29.1,,,,,,
2019-03-25 13:00:00+01:00,,31.38,,31.79,32.45,36.91,,28.15,,31.33,31.33,39.73,39.73,47.74,39.73,31.66,47.62,,62.78,45.17,42.45,,84.15,,,,45.17,10.0,,45.17,10.0,10.0,10.0,10.0,39.73,39.73,,,,,32.4,39.73,39.73,39.73,39.73,39.73,58.69,47.74,42.4,38.9,39.73,39.73,39.73,39.73,45.17,28.15,,,,,,
2019-03-25 14:00:00+01:00,,29.36,,30.44,32.49,36.73,,28.4,,29.25,29.25,39.4,39.4,41.31,39.4,29.76,49.15,,62.78,51.0,46.07,,75.82,,,,51.0,15.57,,51.0,15.57,15.57,15.57,15.57,39.4,39.4,,,,,31.2,39.4,39.4,39.4,39.4,39.4,55.56,45.01,46.01,39.13,39.4,39.4,39.4,39.4,51.0,28.4,,,,,,
2019-03-25 15:00:00+01:00,,29.75,,30.8,32.46,36.66,,29.0,,29.67,29.67,39.32,39.32,39.99,39.32,30.08,53.84,,60.0,53.14,51.16,,70.0,,,,53.14,39.99,,53.14,37.17,39.99,37.17,37.17,39.32,39.32,,,,,31.52,39.32,39.32,39.32,39.32,39.32,54.35,51.01,51.1,39.9,39.32,39.32,39.32,39.32,53.14,29.0,,,,,,
2019-03-25 16:00:00+01:00,,29.04,,30.71,32.48,36.48,,30.42,,28.94,30.08,39.5,39.5,39.3,39.5,29.54,39.56,,62.64,58.09,56.91,,66.2,,,,58.09,44.74,,58.09,44.74,44.74,44.74,44.74,39.5,39.5,,,,,32.4,39.5,39.5,39.5,39.5,39.5,53.42,45.76,56.83,37.84,39.5,39.5,39.5,39.5,58.09,30.42,,,,,,
2019-03-25 17:00:00+01:00,,36.68,,36.68,32.51,37.82,,34.48,,36.68,36.68,40.35,40.35,39.0,40.35,36.68,53.03,,67.22,60.06,58.62,,70.7,,,,60.06,53.38,,60.06,53.38,53.38,53.38,53.38,40.35,40.35,,,,,36.68,40.17,40.17,40.35,40.35,40.17,52.75,45.01,58.54,42.02,40.35,40.35,40.35,40.35,60.06,34.48,,,,,,
2019-03-25 18:00:00+01:00,,41.2,,41.2,38.77,42.25,,39.8,,41.2,41.2,41.71,44.08,41.2,44.08,41.2,55.85,,73.3,64.18,73.01,,80.0,,,,64.18,57.31,,64.18,57.31,57.31,139.0,57.31,44.08,44.08,,,,,41.2,41.2,41.2,41.71,41.71,41.2,56.24,41.2,72.91,51.29,41.71,41.71,41.71,41.71,64.18,39.8,,,,,,
2019-03-25 19:00:00+01:00,,46.62,,47.96,37.0,44.11,,44.35,,46.45,46.45,46.45,42.96,47.01,42.96,47.01,81.04,,73.35,70.0,73.1,,101.0,,,,70.0,62.0,,70.0,62.0,62.0,151.48,62.0,42.96,42.96,,,,,48.5,42.96,42.96,42.96,42.96,42.96,58.51,47.01,73.0,56.9,42.96,42.96,42.96,45.34,70.0,44.35,,,,,,
2019-03-25 20:00:00+01:00,,42.9,,43.12,32.51,43.44,,41.28,,42.87,42.35,42.35,41.84,51.94,41.84,42.96,81.94,,73.3,60.25,63.01,,105.21,,,,60.25,58.22,,60.25,58.22,58.22,151.48,58.22,41.84,41.84,,,,,43.22,41.84,41.84,41.84,41.84,41.84,53.84,51.94,62.92,46.96,41.84,41.84,41.84,41.84,60.25,41.28,,,,,,
2019-03-25 21:00:00+01:00,,39.81,,39.81,32.47,41.46,,39.0,,39.81,39.81,40.33,40.33,49.32,40.33,39.81,63.26,,73.36,54.99,49.08,,78.36,,,,54.99,54.99,,54.99,54.99,54.99,150.48,54.99,40.33,40.33,,,,,39.81,40.33,40.33,40.33,40.33,40.33,44.12,49.32,49.01,41.52,40.33,40.33,40.33,40.33,54.99,39.0,,,,,,
2019-03-25 22:00:00+01:00,,39.99,,39.99,24.51,41.04,,38.33,,39.99,39.99,39.99,39.99,39.99,39.99,39.99,55.06,,68.98,52.84,46.51,,58.6,,,,52.84,49.0,,52.84,49.0,49.0,91.0,49.0,39.99,39.99,,,,,39.99,40.33,40.33,39.99,39.99,40.33,45.46,39.99,46.45,39.44,39.99,39.99,39.99,39.99,52.84,38.33,,,,,,
2019-03-25 23:00:00+01:00,,37.56,,37.56,24.38,37.07,,34.75,,37.56,37.56,37.56,37.56,37.56,37.56,37.56,44.5,,67.24,46.19,37.47,,46.57,,,,46.19,42.99,,46.19,42.99,42.99,42.99,42.99,37.56,37.56,,,,,37.56,39.66,39.66,37.56,37.56,39.66,38.39,37.56,37.41,35.34,37.56,37.56,37.56,37.56,46.19,34.75,,,,,,
2019-03-26 00:00:00+01:00,,33.25,,33.25,27.7,32.99,,32.44,,33.25,33.25,33.25,33.25,34.85,33.25,33.25,51.06,,67.01,37.46,38.99,,53.19,,,,43.99,43.99,,43.99,43.53,43.99,43.53,43.92,33.25,33.25,,,,,33.25,39.22,39.22,37.03,37.03,39.22,40.16,34.85,38.93,36.57,33.25,33.25,33.25,33.25,37.46,32.44,,,,,,
2019-03-26 01:00:00+01:00,,30.8,,30.97,25.68,31.44,,30.88,,30.79,30.79,30.79,30.79,30.87,30.79,30.87,48.56,,66.5,36.42,35.58,,50.58,,,,42.53,42.53,,42.53,38.17,42.53,38.17,42.53,30.79,30.79,,,,,31.3,39.0,39.0,36.99,36.99,39.0,41.78,32.19,35.52,34.93,30.79,30.79,30.79,30.79,36.42,30.88,,,,,,
2019-03-26 02:00:00+01:00,,30.1,,30.49,24.53,30.46,,29.9,,30.07,30.07,30.07,30.07,30.25,30.07,30.25,45.95,,63.09,30.1,31.97,,47.76,,,,40.15,40.15,,40.15,38.16,40.15,38.16,40.15,30.07,30.07,,,,,31.2,38.94,38.94,37.05,37.05,38.94,40.57,30.25,31.92,32.95,30.07,30.07,30.07,30.07,30.1,29.9,,,,,,
2019-03-26 03:00:00+01:00,,30.04,,30.47,24.54,29.98,,29.46,,30.01,30.01,30.01,30.01,30.21,30.01,30.21,43.61,,62.72,30.04,31.37,,45.51,,,,38.0,38.0,,38.0,38.0,38.0,38.0,38.0,30.01,30.01,,,,,31.3,39.02,39.02,37.26,37.26,39.02,40.57,30.21,31.32,31.86,30.01,30.01,30.01,30.01,30.04,29.46,,,,,,
2019-03-26 04:00:00+01:00,,30.06,,30.48,36.19,29.97,,29.5,,30.03,30.03,30.03,30.03,30.22,30.03,30.22,39.86,,63.11,30.06,33.27,,41.51,,,,41.33,41.33,,41.33,38.15,41.33,38.15,41.33,30.03,30.03,,,,,31.3,38.79,38.79,37.46,37.46,38.79,42.0,30.22,33.21,32.96,30.03,30.03,30.03,30.03,30.06,29.5,,,,,,
2019-03-26 05:00:00+01:00,,32.5,,32.5,47.19,33.75,,32.36,,32.5,32.5,32.5,36.45,32.5,36.45,32.5,38.66,,67.13,44.54,39.12,,40.25,,,,44.54,44.54,,44.54,38.15,44.54,38.15,44.54,36.45,36.45,,,,,32.5,39.33,39.33,37.78,37.78,39.33,43.31,32.5,39.06,35.09,36.45,36.45,36.45,36.45,44.54,32.36,,,,,,
2019-03-26 06:00:00+01:00,,39.0,,39.0,52.0,40.1,,38.62,,39.0,39.0,39.0,39.0,39.0,39.0,39.0,42.22,,69.07,47.88,45.76,,44.56,,,,54.16,54.16,,54.16,38.17,54.16,38.17,54.16,39.0,39.0,,,,,39.0,40.28,40.28,39.0,39.0,40.28,47.3,39.0,45.68,40.91,39.0,39.0,39.0,39.0,47.88,38.62,,,,,,
2019-03-26 07:00:00+01:00,,43.06,,46.86,59.09,43.56,,42.65,,42.8,42.8,42.8,42.8,45.7,42.8,43.71,52.73,,69.07,43.06,51.99,,49.29,,,,57.89,57.89,,57.89,43.53,57.89,43.53,57.89,42.8,42.8,,,,,42.8,41.52,41.52,42.8,42.8,41.52,47.51,45.7,51.9,52.89,42.8,42.8,42.8,42.8,43.06,42.65,,,,,,
2019-03-26 08:00:00+01:00,,42.75,,42.75,68.94,43.05,,41.18,,42.75,42.75,42.75,42.75,49.94,42.75,42.75,59.54,,65.75,42.75,48.2,,61.0,,,,60.66,60.66,,60.66,38.17,60.66,38.17,50.5,42.75,42.75,,,,,42.75,41.38,41.38,42.75,42.75,41.38,52.54,49.94,48.11,53.82,42.75,42.75,42.75,42.75,42.75,41.18,,,,,,
2019-03-26 09:00:00+01:00,,37.26,,51.63,48.16,41.64,,38.03,,35.9,35.9,35.9,42.08,49.53,42.08,41.01,58.65,,66.18,37.26,46.1,,62.39,,,,57.99,57.99,,57.99,38.16,57.99,38.16,45.58,42.08,42.08,,,,,40.0,40.69,40.69,40.69,40.69,40.69,50.21,49.53,46.01,52.55,40.69,40.69,40.69,40.69,37.26,38.03,,,,,,
2019-03-26 10:00:00+01:00,,33.88,,49.6,47.16,39.81,,35.66,,32.54,32.54,32.54,41.99,45.87,41.99,38.52,51.62,,66.5,33.88,39.36,,64.84,,,,54.96,54.96,,54.96,37.15,54.96,37.15,37.15,41.99,41.99,,,,,42.0,40.65,40.65,41.44,41.44,40.65,47.05,45.87,39.29,49.63,41.44,41.44,41.44,41.44,33.88,35.66,,,,,,
2019-03-26 11:00:00+01:00,,33.29,,42.45,37.43,39.8,,34.88,,32.58,32.58,32.58,40.91,45.55,40.91,35.69,43.94,,63.56,48.01,38.54,,62.0,,,,52.72,52.72,,52.72,17.0,52.72,17.0,17.0,40.91,40.91,,,,,39.05,40.34,40.34,40.91,40.91,40.34,47.05,45.55,38.47,47.28,40.91,40.91,40.91,40.91,48.01,34.88,,,,,,
2019-03-26 12:00:00+01:00,,32.7,,34.82,45.59,37.55,,34.2,,32.51,32.98,40.91,40.91,45.87,40.91,33.57,42.42,,64.7,44.46,39.03,,54.68,,,,44.46,44.46,,44.46,13.65,44.46,13.65,13.65,40.91,40.91,,,,,38.78,40.06,40.06,40.91,40.91,40.06,47.04,45.87,38.95,43.83,40.91,40.91,40.91,40.91,44.46,34.2,,,,,,
2019-03-26 13:00:00+01:00,,31.97,,33.89,45.29,36.96,,34.02,,31.78,39.84,41.08,41.08,43.69,41.08,32.86,43.18,,63.58,40.1,37.18,,54.0,,,,44.46,44.46,,44.46,15.0,44.46,15.0,15.0,41.08,41.08,,,,,37.4,39.85,39.85,41.08,41.08,39.85,47.04,43.69,37.1,42.97,41.08,41.08,41.08,41.08,40.1,34.02,,,,,,
2019-03-26 14:00:00+01:00,,31.02,,32.78,48.92,38.08,,33.52,,30.87,39.85,40.65,40.65,41.0,40.65,31.74,42.43,,63.54,31.02,36.08,,48.91,,,,49.08,49.08,,49.08,20.0,49.08,20.0,20.0,40.65,40.65,,,,,36.1,39.85,39.85,40.65,40.65,39.85,43.26,41.0,36.01,45.38,40.65,40.65,40.65,40.65,31.02,33.52,,,,,,
2019-03-26 15:00:00+01:00,,32.0,,32.67,47.53,37.34,,35.0,,31.94,39.96,40.91,40.91,38.19,40.91,32.27,42.42,,66.5,32.0,38.96,,48.64,,,,52.97,52.97,,52.97,37.16,52.97,37.16,37.16,40.91,40.91,,,,,33.9,39.96,39.96,40.91,40.91,39.96,44.13,38.19,38.88,48.55,40.91,40.91,40.91,40.91,32.0,35.0,,,,,,
2019-03-26 16:00:00+01:00,,34.0,,34.0,38.46,38.25,,36.27,,34.0,39.99,41.43,41.43,37.95,41.43,34.0,39.21,,66.5,34.0,41.47,,48.91,,,,57.22,57.22,,57.22,38.17,57.22,38.17,45.58,41.43,41.43,,,,,34.0,40.0,40.0,41.43,41.43,40.0,44.12,37.95,41.38,52.64,41.43,41.43,41.43,41.43,34.0,36.27,,,,,,
2019-03-26 17:00:00+01:00,,39.76,,39.76,56.51,41.7,,40.32,,39.76,39.76,43.71,43.71,39.76,43.71,39.76,48.49,,73.33,39.76,53.95,,55.0,,,,58.0,58.0,,58.0,45.0,58.0,45.0,55.18,43.71,43.71,,,,,39.76,40.69,40.69,43.71,43.71,40.69,43.85,39.76,53.83,56.99,43.71,43.71,43.71,43.71,39.76,40.32,,,,,,
2019-03-26 18:00:00+01:00,,43.03,,47.4,66.51,44.06,,44.6,,43.0,43.0,48.05,48.05,43.0,48.05,43.0,61.05,,78.08,65.18,71.78,,64.84,,,,65.18,65.18,,65.18,65.18,65.18,65.18,65.18,48.05,48.05,,,,,43.0,41.63,41.63,48.05,48.05,41.63,53.97,43.0,71.62,69.62,48.05,48.05,48.05,48.05,65.18,44.6,,,,,,
2019-03-26 19:00:00+01:00,,49.4,,49.43,63.01,48.35,,48.4,,49.4,49.4,49.4,48.21,49.4,48.21,49.4,75.14,,78.23,72.39,74.45,,78.13,,,,72.39,72.39,,72.39,72.39,72.39,92.66,72.39,48.21,48.21,,,,,49.4,43.29,43.29,48.21,48.21,43.29,55.7,49.4,74.28,70.25,48.21,48.21,48.21,48.21,72.39,48.4,,,,,,
2019-03-26 20:00:00+01:00,,46.41,,46.41,52.73,45.1,,46.27,,46.41,46.41,46.41,43.04,51.64,43.04,46.41,75.04,,78.24,58.66,64.62,,94.0,,,,64.18,64.18,,64.18,64.18,64.18,129.78,64.18,43.04,43.04,,,,,46.41,43.04,43.04,43.04,43.04,43.04,55.08,51.64,64.47,60.89,43.04,43.04,43.04,43.04,58.66,46.27,,,,,,
2019-03-26 21:00:00+01:00,,43.37,,43.37,45.35,42.54,,42.35,,43.37,43.37,43.37,41.92,50.4,41.92,43.37,55.07,,73.34,45.26,55.27,,65.77,,,,59.12,59.12,,59.12,59.12,59.12,89.78,59.12,41.92,41.92,,,,,43.37,41.92,41.92,41.92,41.92,41.92,47.91,50.4,55.14,53.28,41.92,41.92,41.92,42.33,45.26,42.35,,,,,,
2019-03-26 22:00:00+01:00,,42.28,,42.28,43.83,41.71,,40.5,,42.28,42.28,42.28,40.87,42.28,40.87,42.28,46.98,,67.39,42.28,51.6,,53.0,,,,50.16,50.16,,50.16,50.16,50.16,50.16,50.16,40.87,40.87,,,,,42.28,40.87,40.87,40.87,40.87,40.87,47.03,42.28,51.48,46.85,40.87,40.87,40.87,40.87,42.28,40.5,,,,,,
2019-03-26 23:00:00+01:00,,38.42,,38.42,35.56,38.96,,37.35,,38.42,38.42,38.42,38.42,38.42,38.42,38.42,41.1,,66.5,38.42,39.8,,47.57,,,,48.0,48.0,,48.0,45.0,48.0,45.0,48.0,38.42,38.42,,,,,38.42,39.82,39.82,38.42,38.42,39.82,38.53,38.42,39.7,40.94,38.42,38.42,38.42,38.42,38.42,37.35,,,,,,
2019-03-27 00:00:00+01:00,,36.62,,36.62,37.03,36.51,,35.26,,36.62,36.62,36.62,36.62,37.33,36.62,36.62,46.74,,73.04,36.62,38.0,,48.69,,,,44.43,44.43,,44.43,44.43,44.43,44.43,44.43,36.62,36.62,,,,,36.62,39.23,39.23,36.62,36.62,39.23,41.1,37.33,37.93,39.06,36.62,36.62,36.62,36.62,36.62,35.26,,,,,,
2019-03-27 01:00:00+01:00,,34.81,,34.81,25.66,35.49,,35.01,,34.81,34.81,34.81,34.81,36.87,34.81,34.81,43.6,,67.06,34.81,36.13,,45.43,,,,43.84,43.84,,43.84,43.84,43.84,43.84,43.84,34.81,34.81,,,,,34.81,39.02,39.02,35.2,35.2,39.02,42.66,36.87,36.07,36.02,34.81,34.81,34.81,34.81,34.81,35.01,,,,,,
2019-03-27 02:00:00+01:00,,34.27,,34.27,30.21,35.04,,33.86,,34.27,34.27,34.27,34.27,36.62,34.27,34.27,45.13,,66.5,34.27,34.2,,47.04,,,,40.41,40.41,,40.41,40.41,40.41,40.41,40.41,34.27,34.27,,,,,34.27,38.95,38.95,35.08,35.08,38.95,42.48,36.62,34.14,33.96,34.27,34.27,34.27,34.27,34.27,33.86,,,,,,
2019-03-27 03:00:00+01:00,,33.37,,33.37,27.15,34.1,,33.3,,33.37,33.37,33.37,33.37,36.62,33.37,33.37,41.19,,66.5,33.37,33.99,,42.94,,,,39.99,39.99,,39.99,39.99,39.99,39.99,39.99,33.37,33.37,,,,,33.37,39.0,39.0,35.09,35.09,39.0,42.49,36.62,33.93,33.29,33.37,33.37,33.37,33.37,33.37,33.3,,,,,,
2019-03-27 04:00:00+01:00,,34.14,,34.14,27.0,34.88,,33.4,,34.14,34.14,34.14,34.14,37.33,34.14,34.14,40.44,,67.07,37.22,36.85,,42.17,,,,42.29,42.29,,42.29,42.29,42.29,42.29,42.29,34.14,34.14,,,,,34.14,38.97,38.97,35.27,35.27,38.97,43.19,37.33,36.79,34.79,34.14,34.14,34.14,34.14,37.22,33.4,,,,,,
2019-03-27 05:00:00+01:00,,36.82,,36.82,36.16,37.84,,36.3,,36.82,36.82,37.83,37.83,38.01,37.83,36.82,41.09,,73.24,36.82,42.2,,42.21,,,,45.0,45.0,,45.0,45.0,45.0,45.0,45.0,37.83,37.83,,,,,36.82,39.85,39.85,37.83,37.83,39.85,40.14,38.01,42.13,38.09,37.83,37.83,37.83,37.83,36.82,36.3,,,,,,
2019-03-27 06:00:00+01:00,,42.01,,42.01,41.06,42.58,,41.22,,42.01,41.0,41.0,41.0,49.8,41.0,42.01,43.55,,77.64,42.01,44.26,,45.43,,,,49.63,49.63,,49.63,49.63,49.63,49.63,49.63,41.0,41.0,,,,,42.01,40.6,40.6,40.6,40.6,40.6,47.61,49.8,44.19,41.02,40.6,40.6,40.6,41.0,42.01,41.22,,,,,,
2019-03-27 07:00:00+01:00,,46.0,,46.0,50.97,47.03,,45.9,,46.0,46.0,46.0,46.0,50.39,44.62,46.0,52.79,,67.4,46.0,53.58,,50.04,,,,55.69,55.69,,55.69,55.69,55.69,55.69,55.69,46.0,46.0,,,,,46.0,43.37,43.37,44.62,44.62,43.37,52.36,50.39,53.49,46.94,44.62,44.62,44.62,46.0,46.0,45.9,,,,,,
2019-03-27 08:00:00+01:00,,47.04,,47.04,41.38,46.55,,45.06,,47.04,45.91,45.91,45.91,51.64,45.91,47.04,59.1,,62.74,47.04,48.17,,61.67,,,,57.99,57.99,,57.99,57.99,57.99,80.0,57.99,45.91,45.91,,,,,47.04,45.33,45.33,45.91,45.91,45.33,55.0,51.64,48.09,49.03,45.91,45.91,45.91,45.91,47.04,45.06,,,,,,
2019-03-27 09:00:00+01:00,,43.94,,43.94,39.21,44.09,,42.9,,43.94,43.94,43.94,43.94,51.01,43.94,43.94,56.28,,63.57,43.94,42.9,,61.98,,,,54.95,54.95,,54.95,54.95,54.95,76.0,54.95,43.94,43.94,,,,,43.94,42.73,42.73,43.94,43.94,42.73,55.26,51.01,42.83,45.97,43.94,43.94,43.94,43.94,43.94,42.9,,,,,,
2019-03-27 10:00:00+01:00,,41.48,,41.48,37.89,41.66,,39.8,,41.48,41.48,41.48,41.48,50.75,41.48,41.48,54.42,,63.64,41.48,39.8,,64.86,,,,48.94,48.94,,48.94,48.94,48.94,48.94,48.94,41.48,41.48,,,,,41.48,41.48,41.48,41.48,41.48,41.48,54.65,50.75,39.74,40.55,41.48,41.48,41.48,41.48,41.48,39.8,,,,,,
2019-03-27 11:00:00+01:00,,40.61,,40.61,32.51,40.4,,38.5,,40.61,40.61,40.61,40.61,50.49,40.61,40.61,44.45,,63.65,40.61,38.53,,64.43,,,,48.42,47.03,,48.42,47.03,47.03,47.03,47.03,40.61,40.61,,,,,40.61,40.61,40.61,40.61,40.61,40.61,55.15,50.49,38.48,39.07,40.61,40.61,40.61,40.61,40.61,38.5,,,,,,
2019-03-27 12:00:00+01:00,,40.0,,40.0,32.69,39.05,,37.79,,40.0,40.0,40.0,40.0,50.78,40.0,40.0,44.06,,63.29,43.37,38.98,,61.98,,,,43.37,43.37,,43.37,43.37,43.37,43.37,43.37,40.0,40.0,,,,,40.0,40.0,40.0,40.0,40.0,40.0,54.7,50.78,38.92,38.92,40.0,40.0,40.0,40.0,43.37,37.79,,,,,,
2019-03-27 13:00:00+01:00,,39.58,,39.58,32.61,38.31,,36.8,,39.58,39.58,39.58,39.58,50.55,39.58,39.58,44.52,,62.69,40.1,37.97,,62.01,,,,43.37,43.37,,43.37,43.37,43.37,43.37,43.37,39.58,39.58,,,,,39.58,39.58,39.58,39.58,39.58,39.58,55.06,50.55,37.91,37.2,39.58,39.58,39.58,39.58,40.1,36.8,,,,,,
2019-03-27 14:00:00+01:00,,38.75,,38.75,32.51,37.6,,36.67,,38.75,38.75,38.75,38.75,49.57,38.75,38.75,42.13,,63.54,38.75,37.44,,55.0,,,,48.13,45.0,,48.13,45.0,45.0,45.0,45.0,38.75,38.75,,,,,38.75,39.47,39.47,38.75,38.75,39.47,53.01,49.57,37.39,35.93,38.75,38.75,38.75,38.75,38.75,36.67,,,,,,
2019-03-27 15:00:00+01:00,,39.47,,36.93,32.63,38.41,,36.78,,39.47,39.47,39.47,39.47,48.57,39.47,34.07,42.09,,63.52,40.1,37.6,,54.33,,,,48.79,48.0,,48.79,48.0,48.0,50.81,48.0,39.47,39.47,,,,,38.75,39.48,39.48,39.47,39.47,39.48,52.09,48.57,37.55,35.91,39.47,39.47,39.47,39.47,40.1,36.78,,,,,,
2019-03-27 16:00:00+01:00,,39.18,,39.18,36.62,39.7,,38.4,,39.18,39.18,39.18,39.18,48.47,39.18,39.18,42.08,,63.48,40.1,39.44,,55.0,,,,53.98,53.58,,53.98,53.58,53.58,53.58,53.58,39.18,39.18,,,,,39.18,40.0,40.0,39.18,39.18,40.0,51.43,48.47,39.39,38.33,39.18,39.18,39.18,39.18,40.1,38.4,,,,,,
2019-03-27 17:00:00+01:00,,41.49,,41.49,38.91,42.1,,40.93,,41.49,41.49,41.49,41.49,49.49,41.49,41.49,44.48,,72.93,41.49,44.02,,61.98,,,,57.22,57.22,,57.22,57.22,57.22,90.51,57.22,41.49,41.49,,,,,41.49,40.66,40.66,40.66,40.66,40.66,51.94,49.49,43.97,44.02,40.66,40.66,40.66,41.49,41.49,40.93,,,,,,
2019-03-27 18:00:00+01:00,,44.17,,44.17,58.33,44.05,,43.87,,44.17,44.17,44.17,47.9,50.49,47.9,44.17,59.64,,77.6,57.32,65.31,,77.0,,,,59.74,59.74,,59.74,59.74,59.74,140.01,59.74,47.9,47.9,,,,,44.17,41.8,41.8,42.38,42.38,41.8,55.21,50.49,65.23,57.08,42.38,42.38,42.38,43.22,57.32,43.87,,,,,,
2019-03-27 19:00:00+01:00,,47.95,,54.0,60.93,48.77,,47.87,,47.91,47.91,47.91,42.09,51.94,42.09,48.06,74.18,,77.64,64.4,69.94,,95.19,,,,64.4,64.4,,64.4,64.4,64.4,150.48,64.4,42.09,42.09,,,,,47.68,42.09,42.09,42.09,42.09,42.09,57.37,51.94,69.86,60.1,42.09,42.09,42.09,46.76,64.4,47.87,,,,,,
2019-03-27 20:00:00+01:00,,43.99,,43.99,39.23,44.97,,45.36,,43.99,43.99,43.99,41.09,53.86,41.09,43.99,75.69,,73.35,43.99,57.24,,110.83,,,,57.22,57.22,,57.22,57.22,57.22,150.48,57.22,41.09,41.09,,,,,43.99,41.09,41.09,41.09,41.09,41.09,54.62,53.86,57.17,52.76,41.09,41.09,41.09,41.09,43.99,45.36,,,,,,
2019-03-27 21:00:00+01:00,,41.22,,41.22,35.98,42.47,,41.2,,41.22,41.22,41.22,40.23,52.68,40.23,41.22,59.8,,65.37,41.22,48.17,,80.0,,,,54.69,54.69,,54.69,54.69,54.69,130.0,54.69,40.23,40.23,,,,,41.22,40.42,40.42,40.23,40.23,40.42,49.52,52.68,48.11,46.04,40.23,40.23,40.23,40.23,41.22,41.2,,,,,,
2019-03-27 22:00:00+01:00,,40.83,,40.83,31.08,41.53,,39.91,,40.83,40.83,40.83,38.96,50.58,38.96,40.83,44.43,,66.64,40.83,41.97,,54.3,,,,48.0,48.0,,48.0,45.02,48.0,50.81,45.02,38.96,38.96,,,,,40.83,40.42,40.42,38.96,38.96,40.42,47.13,50.58,41.92,43.02,38.96,38.96,38.96,38.96,40.83,39.91,,,,,,
2019-03-27 23:00:00+01:00,,36.92,,36.92,24.54,38.42,,37.82,,36.92,36.92,36.92,36.92,48.49,36.92,36.92,40.37,,64.33,36.92,37.9,,46.66,,,,46.21,42.99,,46.21,42.99,42.99,42.99,42.99,36.92,36.92,,,,,36.92,39.25,39.25,36.92,36.92,39.25,41.09,48.49,37.86,40.09,36.92,36.92,36.92,36.92,36.92,37.82,,,,,,
2019-03-28 00:00:00+01:00,,32.73,,32.73,28.67,37.25,,35.76,,32.73,32.73,32.73,32.73,49.42,32.73,32.73,44.53,,63.61,32.73,35.76,,54.0,,,,45.61,45.61,,45.61,45.61,45.61,45.61,45.61,32.73,32.73,,,,,32.73,38.65,38.65,33.81,33.81,38.65,43.16,49.42,35.51,37.93,32.73,32.73,32.73,32.73,32.73,35.76,,,,,,
2019-03-28 01:00:00+01:00,,33.67,,33.67,24.94,34.96,,34.05,,33.67,33.67,33.67,32.86,44.44,32.86,33.67,42.13,,62.38,33.67,34.05,,44.27,,,,43.92,43.92,,43.92,43.92,43.92,43.92,43.92,32.86,32.86,,,,,33.67,38.49,38.49,33.21,33.21,38.49,40.81,44.44,34.03,35.13,32.86,32.86,32.86,32.86,33.67,34.05,,,,,,
2019-03-28 02:00:00+01:00,,33.38,,33.38,24.51,34.27,,33.58,,33.38,33.38,33.38,32.58,43.44,32.58,33.38,44.96,,62.38,33.38,33.58,,47.25,,,,42.12,42.12,,42.12,42.12,42.12,42.12,42.12,32.58,32.58,,,,,33.38,38.39,38.39,33.02,33.02,38.39,39.75,43.44,33.56,34.0,32.58,32.58,32.58,32.58,33.38,33.58,,,,,,
2019-03-28 03:00:00+01:00,,33.29,,33.29,24.53,33.49,,33.05,,33.29,33.29,33.29,31.71,43.44,31.71,33.29,41.99,,47.85,33.29,33.05,,44.14,,,,38.97,38.97,,38.97,38.17,38.97,38.17,38.97,31.71,31.71,,,,,33.29,38.46,38.46,33.02,33.02,38.46,40.16,43.44,33.03,33.46,31.71,31.71,31.71,31.71,33.29,33.05,,,,,,
2019-03-28 04:00:00+01:00,,33.12,,33.12,29.72,34.92,,34.33,,33.12,33.12,33.12,33.12,44.44,33.12,33.12,41.49,,47.85,33.12,35.32,,43.61,,,,39.85,39.85,,39.85,38.17,39.85,38.17,39.85,33.12,33.12,,,,,33.12,38.29,38.29,33.12,33.12,38.29,40.14,44.44,35.3,35.61,33.12,33.12,33.12,33.12,33.12,34.33,,,,,,
2019-03-28 05:00:00+01:00,,36.67,,36.67,36.98,37.81,,37.39,,36.67,36.67,36.67,35.87,45.43,35.87,36.67,41.5,,62.38,43.76,41.94,,42.6,,,,43.76,43.76,,43.76,38.17,43.76,38.17,43.76,35.87,35.87,,,,,36.67,40.15,40.15,35.87,35.87,40.15,40.54,45.43,41.92,41.93,35.87,35.87,35.87,35.87,43.76,37.39,,,,,,
2019-03-28 06:00:00+01:00,,44.48,,44.48,39.54,42.72,,43.4,,44.48,44.48,44.48,43.41,51.0,37.72,44.48,45.76,,64.41,51.61,48.75,,48.11,,,,51.61,51.61,,51.61,38.17,51.61,38.17,49.52,43.41,43.41,,,,,44.48,41.0,41.0,37.72,37.72,41.0,48.56,51.0,48.72,47.99,37.72,37.72,37.72,43.41,51.61,43.4,,,,,,
2019-03-28 07:00:00+01:00,,49.14,,50.73,45.18,47.04,,47.49,,49.13,49.13,49.13,48.61,52.45,39.33,49.17,51.96,,64.4,55.67,54.61,,53.35,,,,55.67,55.67,,55.67,54.53,55.67,54.53,54.53,48.61,48.61,,,,,49.06,42.49,42.49,39.33,39.33,42.49,54.68,52.45,54.58,52.93,39.33,39.33,39.33,48.61,55.67,47.49,,,,,,
2019-03-28 08:00:00+01:00,,48.84,,55.4,41.18,47.44,,48.12,,48.79,48.79,48.79,48.54,53.07,40.14,48.97,66.07,,67.34,49.6,54.03,,69.29,,,,56.59,56.59,,56.59,45.79,56.59,45.79,45.79,48.54,48.54,,,,,48.53,42.6,42.6,40.14,40.14,42.6,58.73,53.07,53.99,51.18,40.14,40.14,40.14,48.54,49.6,48.12,,,,,,
2019-03-28 09:00:00+01:00,,46.78,,46.78,40.83,44.94,,46.0,,46.78,46.78,46.78,45.65,53.0,39.22,46.78,65.27,,64.35,46.78,49.62,,68.86,,,,55.06,55.06,,55.06,38.16,55.06,38.16,38.16,45.65,45.65,,,,,46.78,42.26,42.26,39.22,39.22,42.26,62.62,53.0,49.58,50.02,39.22,39.22,39.22,45.65,46.78,46.0,,,,,,
2019-03-28 10:00:00+01:00,,44.12,,44.12,37.36,43.18,,44.1,,44.12,44.12,44.12,43.06,52.45,38.75,44.12,52.53,,61.88,44.12,44.41,,70.0,,,,49.28,49.28,,49.28,29.99,49.28,29.99,29.99,43.06,43.06,,,,,44.12,42.12,42.12,38.75,38.75,42.12,62.32,52.45,44.38,45.8,38.75,38.75,38.75,43.06,44.12,44.1,,,,,,
2019-03-28 11:00:00+01:00,,43.36,,43.36,33.99,42.98,,43.34,,43.36,43.36,43.36,42.32,52.46,38.06,43.36,44.57,,61.88,43.36,43.57,,65.0,,,,48.24,48.24,,48.24,15.0,48.24,15.0,15.0,42.32,42.32,,,,,43.36,41.62,41.62,38.06,38.06,41.62,63.85,52.46,43.43,43.87,38.06,38.06,38.06,42.32,43.36,43.34,,,,,,
2019-03-28 12:00:00+01:00,,42.54,,42.54,38.45,41.59,,42.79,,42.54,42.54,42.54,41.52,53.04,37.92,42.54,43.73,,61.88,43.38,43.01,,55.77,,,,43.38,43.38,,43.38,10.0,43.38,10.0,10.0,41.52,41.52,,,,,42.54,41.18,41.18,37.92,37.92,41.18,64.1,53.04,42.98,42.12,37.92,37.92,37.92,41.52,43.38,42.79,,,,,,
2019-03-28 13:00:00+01:00,,42.39,,42.39,37.55,41.58,,42.7,,42.39,42.39,42.39,41.37,53.01,37.65,42.39,43.38,,60.14,44.29,42.7,,55.77,,,,44.29,44.29,,44.29,10.0,44.29,10.0,10.0,41.37,41.37,,,,,42.39,41.08,41.08,37.65,37.65,41.08,64.06,53.01,42.48,42.18,37.65,37.65,37.65,41.37,44.29,42.7,,,,,,
2019-03-28 14:00:00+01:00,,43.06,,39.28,38.97,41.61,,42.7,,43.06,43.06,43.06,42.02,52.45,37.4,35.88,42.29,,60.14,47.7,42.7,,49.29,,,,47.7,47.7,,47.7,10.0,47.7,10.0,10.0,42.02,42.02,,,,,41.74,40.78,40.78,37.4,37.4,40.78,61.78,52.45,42.67,42.49,37.4,37.4,37.4,42.02,47.7,42.7,,,,,,
2019-03-28 15:00:00+01:00,,44.09,,38.36,50.15,42.1,,42.99,,44.09,44.09,44.09,43.03,52.05,37.0,33.77,41.99,,60.14,44.09,46.52,,47.0,,,,49.36,49.36,,49.36,20.0,49.36,20.0,20.0,43.03,43.03,,,,,41.94,40.79,40.79,37.0,37.0,40.79,55.71,52.05,46.49,43.28,37.0,37.0,37.0,43.03,44.09,42.99,,,,,,
2019-03-28 16:00:00+01:00,,44.47,,38.52,45.12,42.9,,43.55,,44.47,44.47,44.47,36.94,51.64,36.94,32.86,42.65,,60.14,44.47,50.74,,47.0,,,,55.66,55.66,,55.66,37.17,55.66,37.17,37.17,36.94,36.94,,,,,42.53,41.17,41.17,36.94,36.94,41.17,55.57,51.64,50.7,45.8,36.94,36.94,36.94,36.94,44.47,43.55,,,,,,
2019-03-28 17:00:00+01:00,,46.98,,42.42,56.59,43.83,,46.05,,46.98,46.98,46.98,36.9,51.64,36.9,37.47,46.99,,63.02,46.98,57.26,,49.47,,,,56.01,56.01,,56.01,45.93,56.01,45.93,45.93,36.9,36.9,,,,,45.74,41.15,41.15,36.9,36.9,41.15,55.62,51.64,57.21,51.57,36.9,36.9,36.9,36.9,46.98,46.05,,,,,,
2019-03-28 18:00:00+01:00,,48.19,,50.0,57.76,46.02,,49.28,,48.16,48.16,48.16,43.04,51.5,42.97,43.72,58.77,,66.65,64.8,64.23,,61.9,,,,64.8,64.8,,64.8,61.0,64.8,61.0,61.0,43.04,43.04,,,,,47.65,41.27,41.27,37.14,37.14,41.27,61.63,51.5,64.17,63.98,37.14,37.14,37.14,43.04,64.8,49.28,,,,,,
2019-03-28 19:00:00+01:00,,52.79,,55.4,66.51,50.07,,52.41,,52.77,52.77,52.77,36.33,53.0,36.33,52.77,71.92,,64.46,70.49,69.59,,75.75,,,,70.49,70.49,,70.49,70.49,70.49,70.49,70.49,36.33,36.33,,,,,52.66,41.42,41.42,36.76,36.76,41.42,62.93,53.0,69.53,65.36,36.33,36.33,36.33,36.33,70.49,52.41,,,,,,
2019-03-28 20:00:00+01:00,,46.65,,52.7,56.68,45.72,,47.72,,46.61,46.61,46.61,34.7,55.01,34.7,46.61,72.36,,62.49,59.21,60.9,,76.22,,,,59.21,59.21,,59.21,59.21,59.21,59.21,59.21,34.7,34.7,,,,,46.36,41.23,41.23,37.63,37.63,41.23,61.76,55.01,60.84,59.94,34.7,34.7,34.7,34.7,59.21,47.72,,,,,,
2019-03-28 21:00:00+01:00,,43.48,,42.8,46.39,43.19,,43.65,,43.48,43.48,43.48,32.77,54.85,32.77,42.05,53.62,,61.88,50.31,54.73,,57.0,,,,56.51,56.51,,56.51,54.86,56.51,54.86,54.86,32.77,32.77,,,,,43.3,41.37,41.37,37.48,37.48,41.37,51.02,54.85,54.69,53.04,32.77,32.77,32.77,32.77,50.31,43.65,,,,,,
2019-03-28 22:00:00+01:00,,42.38,,42.38,41.75,42.22,,42.0,,42.38,42.38,42.38,29.07,53.07,29.07,42.38,46.71,,47.87,51.28,49.36,,48.71,,,,51.28,51.28,,51.28,46.13,51.28,46.13,46.13,29.07,29.07,,,,,42.38,41.28,41.28,36.83,36.83,41.28,47.73,53.07,49.31,47.52,29.07,29.07,29.07,29.07,51.28,42.0,,,,,,
2019-03-28 23:00:00+01:00,,39.32,,39.32,33.58,38.48,,38.72,,39.32,39.32,39.32,27.35,53.54,27.35,39.32,40.35,,66.51,39.32,40.72,,41.51,,,,48.09,48.09,,48.09,40.0,48.09,40.0,40.0,27.35,27.35,,,,,39.32,40.41,40.41,36.15,36.15,40.41,41.39,53.54,40.68,39.71,27.35,27.35,27.35,27.35,39.32,38.72,,,,,,
2019-03-29 00:00:00+01:00,,39.28,,39.28,27.62,37.18,,36.94,,39.28,39.28,39.28,4.79,53.04,4.79,39.28,46.53,,45.9,39.28,40.49,,47.76,,,,52.8,52.8,,52.8,39.0,52.8,39.0,39.0,4.79,4.79,,,,,39.28,39.59,39.59,34.84,34.84,39.59,43.12,53.04,40.5,38.8,4.79,4.79,4.79,4.79,39.28,36.94,,,,,,
2019-03-29 01:00:00+01:00,,34.1,,34.1,25.46,36.0,,35.58,,34.1,34.1,34.1,2.9,51.64,2.9,34.1,43.11,,41.45,34.1,35.9,,44.24,,,,50.33,50.33,,50.33,44.72,50.33,44.72,44.72,2.9,2.9,,,,,34.1,38.41,38.41,34.18,34.18,38.41,43.26,51.64,35.91,35.96,2.9,2.9,2.9,2.9,34.1,35.58,,,,,,
2019-03-29 02:00:00+01:00,,34.44,,34.44,24.96,35.0,,34.47,,34.44,34.44,34.44,4.07,51.33,4.07,34.44,40.14,,34.53,34.44,34.47,,41.19,,,,49.33,49.33,,49.33,44.73,49.33,44.73,44.73,4.07,4.07,,,,,34.44,38.33,38.33,33.88,33.88,38.33,43.68,51.33,34.48,34.57,4.07,4.07,4.07,4.07,34.44,34.47,,,,,,
2019-03-29 03:00:00+01:00,,34.47,,34.47,24.54,34.18,,33.8,,34.47,34.47,34.47,4.32,50.53,4.32,34.47,40.36,,31.08,34.47,33.8,,39.48,,,,49.34,49.34,,49.34,48.53,49.34,48.53,48.53,4.32,4.32,,,,,34.47,38.42,38.42,33.81,33.81,38.42,43.68,50.53,33.81,34.06,4.32,4.32,4.32,4.32,34.47,33.8,,,,,,
2019-03-29 04:00:00+01:00,,34.99,,34.99,30.01,34.41,,34.13,,34.99,34.99,34.99,17.44,51.33,17.44,34.99,39.04,,34.52,43.6,39.01,,39.48,,,,49.36,49.36,,49.36,49.36,49.36,49.36,49.36,17.44,17.44,,,,,34.99,38.52,38.52,32.89,32.89,38.52,43.68,51.33,39.02,36.23,17.44,17.44,17.44,17.44,43.6,34.13,,,,,,
2019-03-29 05:00:00+01:00,,38.04,,38.04,38.99,37.58,,37.12,,38.04,38.04,38.04,33.07,51.64,33.07,38.04,41.95,,45.79,50.64,45.22,,41.03,,,,50.64,50.64,,50.64,50.64,50.64,50.64,50.64,33.07,33.07,,,,,38.04,39.93,39.93,33.07,33.07,39.93,43.12,51.64,45.23,41.04,33.07,33.07,33.07,33.07,50.64,37.12,,,,,,
2019-03-29 06:00:00+01:00,,45.56,,45.56,55.31,43.34,,43.4,,45.56,43.08,43.08,35.05,52.09,35.05,45.56,46.88,,63.99,57.92,49.79,,47.0,,,,59.56,59.56,,59.56,59.56,59.56,59.56,59.56,35.05,35.05,,,,,45.56,41.19,41.19,35.05,35.05,41.19,50.06,52.09,49.8,46.48,35.05,35.05,35.05,35.05,57.92,43.4,,,,,,
2019-03-29 07:00:00+01:00,,48.46,,50.86,56.7,46.58,,46.98,,48.44,41.47,48.44,41.97,53.26,41.97,48.51,52.12,,67.39,48.46,50.99,,49.77,,,,61.33,61.33,,61.33,61.33,61.33,61.33,61.33,41.97,41.97,,,,,48.33,41.47,41.47,37.01,37.01,41.47,50.76,53.26,51.0,49.74,37.01,37.01,37.01,41.97,48.46,46.98,,,,,,
2019-03-29 08:00:00+01:00,,47.62,,47.62,54.39,45.5,,45.26,,47.62,41.45,47.62,39.91,54.54,39.91,47.62,58.84,,66.57,47.62,51.15,,60.18,,,,65.49,65.49,,65.49,65.49,65.49,65.49,65.49,39.91,39.91,,,,,47.62,41.45,41.45,37.25,37.25,41.45,54.78,54.54,51.16,50.27,37.25,37.25,37.25,39.91,47.62,45.26,,,,,,
2019-03-29 09:00:00+01:00,,43.07,,43.07,43.19,42.46,,41.49,,43.07,42.86,43.07,36.5,54.42,36.5,43.07,57.4,,64.38,43.07,48.09,,60.31,,,,59.56,58.22,,59.56,38.16,58.22,38.16,38.16,36.5,36.5,,,,,43.07,41.16,41.16,36.77,36.77,41.16,55.43,54.42,48.1,47.36,36.5,36.5,36.5,36.5,43.07,41.49,,,,,,
2019-03-29 10:00:00+01:00,,38.2,,38.2,38.01,39.3,,37.42,,38.2,38.2,38.2,35.62,53.52,35.62,38.2,53.61,,59.75,56.0,46.0,,56.34,,,,56.0,56.0,,56.0,26.02,56.0,26.02,26.02,35.62,35.62,,,,,38.2,39.9,39.9,36.47,36.47,39.9,55.22,53.52,46.01,43.94,35.62,35.62,35.62,35.62,56.0,37.42,,,,,,
2019-03-29 11:00:00+01:00,,34.49,,34.49,32.48,37.48,,35.67,,34.49,34.49,34.49,33.76,53.39,33.76,34.49,45.45,,59.9,50.64,43.89,,50.89,,,,50.64,50.64,,50.64,11.0,50.64,11.0,11.0,33.76,33.76,,,,,34.49,39.27,39.27,36.27,36.27,39.27,55.41,53.39,43.9,41.86,33.76,33.76,33.76,33.76,50.64,35.67,,,,,,
2019-03-29 12:00:00+01:00,,33.43,,33.43,36.06,36.07,,34.23,,33.43,33.43,33.43,32.82,53.52,32.82,33.43,44.64,,59.75,47.28,41.37,,50.22,,,,47.28,47.28,,47.28,10.0,47.28,10.0,10.0,32.82,32.82,,,,,33.43,38.5,38.5,36.07,36.07,38.5,55.57,53.52,41.38,41.45,32.82,32.82,32.82,32.82,47.28,34.23,,,,,,
2019-03-29 13:00:00+01:00,,32.87,,32.87,34.93,34.78,,33.3,,32.87,32.87,32.87,32.09,53.52,32.09,32.87,45.46,,59.75,44.48,40.56,,50.22,,,,44.48,44.13,,44.48,10.0,44.13,10.0,10.0,32.09,32.09,,,,,32.87,38.12,38.12,35.77,35.77,38.12,55.5,53.52,40.56,39.75,32.09,32.09,32.09,32.09,44.48,33.3,,,,,,
2019-03-29 14:00:00+01:00,,32.4,,32.4,34.14,34.65,,33.16,,32.4,32.4,32.4,31.62,53.07,31.62,32.4,44.64,,59.75,45.05,41.36,,48.5,,,,50.33,49.0,,50.33,15.0,49.0,15.0,15.0,31.62,31.62,,,,,32.4,38.43,38.43,35.54,35.54,38.43,54.15,53.07,41.37,39.38,31.62,31.62,31.62,31.62,45.05,33.16,,,,,,
2019-03-29 15:00:00+01:00,,33.13,,33.13,33.14,35.04,,34.32,,33.13,33.13,33.13,32.33,52.95,32.33,33.13,43.13,,59.75,33.13,43.11,,47.64,,,,54.47,54.47,,54.47,37.17,54.47,37.17,37.17,32.33,32.33,,,,,33.13,38.12,38.12,35.17,35.17,38.12,50.66,52.95,43.12,41.44,32.33,32.33,32.33,32.33,33.13,34.32,,,,,,
2019-03-29 16:00:00+01:00,,36.01,,36.01,32.47,37.97,,36.96,,36.01,36.01,36.01,33.0,52.8,33.0,36.01,44.31,,60.1,36.01,48.09,,47.64,,,,57.84,57.84,,57.84,48.5,57.84,48.5,48.5,33.0,33.0,,,,,36.01,39.25,39.25,35.06,35.06,39.25,50.5,52.8,48.1,46.17,33.0,33.0,33.0,33.0,36.01,36.96,,,,,,
2019-03-29 17:00:00+01:00,,44.0,,41.39,41.07,42.44,,43.61,,44.0,43.14,44.0,34.09,52.63,34.09,38.53,50.45,,60.21,44.0,50.0,,53.0,,,,59.56,59.56,,59.56,59.56,59.56,59.56,59.56,34.09,34.09,,,,,43.27,39.91,39.91,35.06,35.06,39.91,50.49,52.63,50.01,50.09,34.09,34.09,34.09,34.09,44.0,43.61,,,,,,
2019-03-29 18:00:00+01:00,,49.54,,45.93,59.17,44.29,,45.86,,49.54,40.27,40.27,37.22,52.81,37.22,42.61,57.61,,65.0,71.98,64.09,,60.53,,,,71.98,71.98,,71.98,71.98,71.98,131.87,71.98,37.22,37.22,,,,,48.51,40.07,40.07,37.22,37.22,40.07,53.68,52.81,69.1,59.61,37.22,37.22,37.22,37.22,71.98,45.86,,,,,,
2019-03-29 19:00:00+01:00,,49.38,,55.4,66.88,47.86,,49.17,,49.33,39.67,39.67,36.33,53.54,36.33,49.33,78.04,,70.23,75.02,71.84,,82.0,,,,75.02,75.02,,75.02,72.44,75.02,149.01,72.44,36.33,36.33,,,,,49.07,39.87,39.87,36.33,36.33,39.87,55.34,53.54,71.85,64.47,36.33,36.33,36.33,36.33,75.02,49.17,,,,,,
2019-03-29 20:00:00+01:00,,48.0,,55.4,51.83,44.68,,46.0,,47.94,39.93,39.93,33.82,54.92,33.82,47.94,80.77,,64.46,48.0,56.77,,84.86,,,,72.32,72.32,,72.32,72.32,72.32,149.01,72.32,33.82,33.82,,,,,47.62,39.93,39.93,36.34,36.34,39.93,53.13,54.92,56.77,50.93,33.82,33.82,33.82,33.82,48.0,46.0,,,,,,
2019-03-29 21:00:00+01:00,,43.04,,43.04,36.97,42.3,,41.86,,43.04,37.82,37.82,33.02,54.42,33.02,43.04,57.01,,62.53,43.04,41.86,,59.89,,,,59.56,59.56,,59.56,59.56,59.56,121.87,59.56,33.02,33.02,,,,,43.04,40.09,40.09,35.91,35.91,40.09,48.0,54.42,41.87,43.68,33.02,33.02,33.02,33.02,43.04,41.86,,,,,,
2019-03-29 22:00:00+01:00,,42.75,,42.75,34.0,41.45,,41.2,,42.75,37.3,37.3,30.37,53.04,30.37,42.75,48.47,,62.46,43.6,41.2,,50.92,,,,55.19,55.19,,55.19,55.19,55.19,92.68,55.19,30.37,30.37,,,,,42.75,39.89,39.89,35.0,35.0,39.89,49.76,53.04,41.2,40.57,30.37,30.37,30.37,30.37,43.6,41.2,,,,,,
2019-03-29 23:00:00+01:00,,39.32,,39.32,29.27,38.97,,38.25,,39.32,37.41,37.41,26.15,54.01,26.15,39.32,48.27,,64.41,40.3,38.25,,49.5,,,,50.33,50.33,,50.33,50.33,50.33,50.33,50.33,26.15,26.15,,,,,39.32,39.51,39.51,34.28,34.28,39.51,45.42,54.01,38.26,37.96,26.15,26.15,26.15,26.15,40.3,38.25,,,,,,
2019-03-30 00:00:00+01:00,,37.49,,37.49,31.79,37.18,,38.8,,37.49,37.49,37.49,32.76,54.03,32.76,37.49,50.19,,63.29,37.49,46.01,,55.6,,,,53.04,53.04,,53.04,53.04,53.04,53.04,53.04,32.76,32.76,,,,,37.49,38.68,38.68,33.24,33.24,38.68,38.6,54.03,45.99,41.01,32.76,32.76,32.76,32.76,37.49,38.8,,,,,,
2019-03-30 01:00:00+01:00,,36.68,,36.68,28.09,34.92,,36.26,,36.68,36.68,36.68,31.09,52.63,31.09,36.68,50.15,,56.36,36.68,36.26,,52.43,,,,50.0,50.0,,50.0,50.0,50.0,50.0,50.0,31.09,31.09,,,,,36.68,38.1,38.1,32.94,32.94,38.1,39.83,52.63,36.25,36.97,31.09,31.09,31.09,31.09,36.68,36.26,,,,,,
2019-03-30 02:00:00+01:00,,34.36,,34.36,27.26,34.34,,35.0,,34.36,34.36,34.36,29.41,51.64,29.41,34.36,48.38,,49.41,34.36,35.0,,50.58,,,,46.49,46.49,,46.49,46.49,46.49,46.49,46.49,29.41,29.41,,,,,34.36,37.96,37.96,32.37,32.37,37.96,39.14,51.64,34.99,35.08,29.41,29.41,29.41,29.41,34.36,35.0,,,,,,
2019-03-30 03:00:00+01:00,,34.61,,34.61,25.55,33.57,,34.37,,34.61,34.61,34.61,31.59,52.16,31.59,34.61,46.64,,43.32,34.61,34.37,,48.55,,,,48.0,48.0,,48.0,48.0,48.0,48.0,48.0,31.59,31.59,,,,,34.61,37.85,37.85,32.24,32.24,37.85,38.95,52.16,34.37,34.1,31.59,31.59,31.59,31.59,34.61,34.37,,,,,,
2019-03-30 04:00:00+01:00,,36.08,,31.66,24.53,33.59,,34.46,,36.08,36.08,36.08,34.93,51.94,34.93,27.23,43.73,,45.41,36.08,34.46,,45.0,,,,48.28,48.28,,48.28,48.28,48.28,48.28,48.28,34.93,34.93,,,,,34.9,37.76,37.76,34.93,34.93,37.76,38.55,51.94,34.45,34.3,34.93,34.93,34.93,34.93,36.08,34.46,,,,,,
2019-03-30 05:00:00+01:00,,35.02,,35.02,24.53,34.41,,34.99,,35.02,35.02,35.02,33.07,51.94,33.07,35.02,38.48,,50.08,35.02,39.82,,40.23,,,,50.71,50.71,,50.71,50.71,50.71,50.71,50.71,33.07,33.07,,,,,35.02,38.13,38.13,33.07,33.07,38.13,39.61,51.94,39.81,37.97,33.07,33.07,33.07,33.07,35.02,34.99,,,,,,
2019-03-30 06:00:00+01:00,,33.51,,33.51,27.64,35.33,,35.6,,33.51,33.51,33.51,32.19,51.33,32.19,33.51,40.14,,54.36,33.51,35.6,,41.96,,,,52.02,52.02,,52.02,52.02,52.02,52.02,52.02,32.19,32.19,,,,,33.51,38.09,38.09,35.07,35.07,38.09,39.42,51.33,35.59,36.47,32.19,32.19,32.19,32.19,33.51,35.6,,,,,,
2019-03-30 07:00:00+01:00,,33.26,,34.43,30.99,35.9,,36.3,,33.23,33.23,33.23,33.23,50.53,33.23,33.72,44.31,,63.38,33.26,36.9,,45.22,,,,53.07,53.07,,53.07,53.07,53.07,53.07,53.07,33.23,33.23,,,,,36.89,38.11,38.11,35.16,35.16,38.11,44.3,50.53,36.89,39.04,33.23,33.23,33.23,33.23,33.26,36.3,,,,,,
2019-03-30 08:00:00+01:00,,34.94,,35.66,30.01,36.01,,35.81,,34.93,34.93,34.93,34.93,51.64,34.93,35.22,45.98,,63.04,34.94,39.28,,46.92,,,,52.6,52.6,,52.6,52.6,52.6,52.6,52.6,34.93,34.93,,,,,37.1,38.33,38.33,35.85,35.85,38.33,51.74,51.64,39.27,40.97,34.93,34.93,34.93,34.93,34.94,35.81,,,,,,
2019-03-30 09:00:00+01:00,,33.17,,33.17,25.09,35.08,,34.8,,33.17,33.17,33.17,33.17,52.51,33.17,33.17,59.14,,63.04,33.17,37.39,,60.34,,,,48.31,48.31,,48.31,45.29,48.31,45.29,45.29,33.17,33.17,,,,,33.17,38.33,38.33,36.34,36.34,38.33,56.52,52.51,37.38,38.0,33.17,33.17,33.17,33.17,33.17,34.8,,,,,,
2019-03-30 10:00:00+01:00,,31.63,,31.63,24.53,31.48,,32.58,,31.63,31.63,31.63,31.63,52.81,31.63,31.63,62.63,,42.21,40.4,39.28,,65.46,,,,43.35,43.35,,43.35,38.46,43.35,38.46,38.46,31.63,31.63,,,,,31.63,38.22,38.22,36.34,36.34,38.22,53.83,52.81,39.27,37.93,31.63,31.63,31.63,31.63,40.4,32.58,,,,,,
2019-03-30 11:00:00+01:00,,29.27,,30.63,24.13,28.8,,29.96,,29.24,29.24,29.24,29.24,52.35,29.24,29.8,51.77,,44.35,37.16,35.45,,54.11,,,,37.16,37.16,,37.16,37.16,37.16,37.16,37.16,29.24,29.24,,,,,33.5,38.07,38.07,36.32,36.32,38.07,52.46,52.35,35.44,35.01,29.24,29.24,29.24,29.24,37.16,29.96,,,,,,
2019-03-30 12:00:00+01:00,,28.81,,30.73,24.08,26.5,,27.3,,28.77,28.77,28.77,28.77,51.94,28.77,29.56,40.09,,60.19,28.81,27.3,,47.55,,,,30.0,30.0,,30.0,30.0,30.0,30.0,30.0,28.77,28.77,,,,,34.7,37.93,37.93,36.35,36.35,37.93,51.66,51.94,27.29,34.7,28.77,28.77,28.77,28.77,28.81,27.3,,,,,,
2019-03-30 13:00:00+01:00,,25.97,,28.07,24.11,24.02,,25.67,,25.92,25.92,25.92,26.56,52.01,26.56,26.79,41.75,,35.01,25.97,25.67,,47.55,,,,26.79,26.79,,26.79,26.79,26.79,26.79,26.79,26.56,26.56,,,,,32.4,37.82,37.82,36.36,36.36,37.82,51.74,52.01,25.66,31.38,26.56,26.56,26.56,26.56,25.97,25.67,,,,,,
2019-03-30 14:00:00+01:00,,25.51,,28.45,22.55,23.08,,24.13,,25.45,25.45,25.45,26.07,51.94,26.07,26.66,39.66,,60.09,25.51,24.13,,43.55,,,,30.0,30.0,,30.0,30.0,30.0,30.0,30.0,26.07,26.07,,,,,34.4,37.58,37.58,36.43,36.43,37.58,45.49,51.94,24.12,29.54,26.07,26.07,26.07,26.07,25.51,24.13,,,,,,
2019-03-30 15:00:00+01:00,,29.26,,29.78,24.08,25.68,,26.33,,29.25,29.25,29.25,29.25,49.62,29.25,29.47,38.49,,59.98,29.26,26.33,,41.21,,,,34.68,34.68,,34.68,34.68,34.68,34.68,34.68,29.25,29.25,,,,,30.85,37.56,37.56,36.6,36.6,37.56,43.35,49.62,26.32,31.1,29.25,29.25,29.25,29.25,29.26,26.33,,,,,,
2019-03-30 16:00:00+01:00,,32.02,,37.94,32.38,30.12,,30.99,,32.02,32.02,32.02,32.02,48.01,32.02,28.47,39.66,,64.41,32.02,30.99,,40.46,,,,43.21,43.21,,43.21,38.17,43.21,38.17,43.21,32.02,32.02,,,,,34.4,37.89,37.89,36.66,36.66,37.89,44.37,48.01,30.98,36.58,32.02,32.02,32.02,32.02,32.02,30.99,,,,,,
2019-03-30 17:00:00+01:00,,37.39,,44.65,37.95,37.02,,37.92,,37.39,36.48,36.48,36.48,49.85,36.48,33.03,46.03,,64.35,37.39,41.43,,46.95,,,,52.77,56.01,,52.77,56.01,56.01,56.01,56.01,36.48,36.48,,,,,40.29,38.68,38.68,36.73,36.73,38.68,44.44,49.85,41.42,41.58,36.48,36.48,36.48,36.48,37.39,37.92,,,,,,
2019-03-30 18:00:00+01:00,,44.99,,47.2,47.94,41.45,,43.0,,44.99,37.43,37.43,37.43,50.4,37.43,34.44,48.65,,76.77,62.0,58.4,,49.63,,,,62.0,66.0,,62.0,66.0,66.0,90.9,66.0,37.43,37.43,,,,,46.81,39.29,39.29,37.43,37.43,39.29,53.83,50.4,58.38,55.97,37.43,37.43,37.43,37.43,62.0,43.0,,,,,,
2019-03-30 19:00:00+01:00,,45.96,,47.66,54.4,43.78,,46.88,,45.96,37.24,37.24,37.24,52.52,37.24,44.95,68.79,,77.83,72.76,67.01,,70.17,,,,72.76,72.76,,72.76,72.76,72.76,147.9,72.76,37.24,37.24,,,,,46.62,39.49,39.49,37.24,37.24,39.49,55.76,52.52,66.99,60.98,37.24,37.24,37.24,37.24,72.76,46.88,,,,,,
2019-03-30 20:00:00+01:00,,43.08,,43.08,50.22,42.52,,43.37,,43.08,35.09,35.09,35.09,54.02,35.09,43.08,72.79,,77.06,43.7,57.07,,74.25,,,,65.0,72.32,,65.0,72.32,72.32,147.9,72.32,35.09,35.09,,,,,43.08,39.56,39.56,36.74,36.74,39.56,51.74,54.02,57.05,55.0,35.09,35.09,35.09,35.09,43.7,43.37,,,,,,
2019-03-30 21:00:00+01:00,,40.53,,40.53,32.68,39.56,,40.52,,40.53,33.68,33.68,33.68,54.01,33.68,40.53,52.5,,67.0,40.53,46.04,,54.13,,,,57.5,57.5,,57.5,57.5,57.5,130.9,57.5,33.68,33.68,,,,,40.53,39.23,39.23,36.39,36.39,39.23,39.61,54.01,46.02,45.01,33.68,33.68,33.68,33.68,40.53,40.52,,,,,,
2019-03-30 22:00:00+01:00,,40.86,,40.86,30.34,38.91,,39.75,,40.86,30.97,30.97,30.97,53.04,30.97,40.86,46.61,,63.17,40.86,39.75,,46.95,,,,53.83,56.01,,53.83,56.01,56.01,90.9,56.01,30.97,30.97,,,,,40.86,38.99,38.99,35.78,35.78,38.99,42.44,53.04,39.74,39.08,30.97,30.97,30.97,30.97,40.86,39.75,,,,,,
2019-03-30 23:00:00+01:00,,36.85,,36.85,28.21,35.03,,35.9,,36.85,26.8,26.8,26.8,53.52,26.8,36.85,38.49,,63.02,36.85,35.9,,39.26,,,,49.75,49.75,,49.75,49.75,49.75,49.75,49.75,26.8,26.8,,,,,36.85,38.64,38.64,35.02,35.02,38.64,43.1,53.52,35.89,37.06,26.8,26.8,26.8,26.8,36.85,35.9,,,,,,
2019-03-31 00:00:00+01:00,,40.1,,40.1,24.42,35.46,,32.49,,40.1,30.7,30.7,30.7,54.54,30.7,40.1,55.42,,60.32,40.1,32.49,,52.92,,,,49.5,56.01,,49.5,56.01,56.01,56.01,56.01,30.7,30.7,,,,,40.1,38.82,38.82,35.64,35.64,38.82,38.61,54.54,32.49,33.02,30.7,30.7,30.7,30.7,40.1,32.49,,,,,,
2019-03-31 01:00:00+01:00,,34.01,,35.01,24.11,34.16,,30.21,,33.95,28.88,28.88,28.88,51.94,28.88,34.39,48.93,,59.23,34.01,30.21,,47.86,,,,43.36,45.27,,43.36,45.27,45.27,45.27,45.27,28.88,28.88,,,,,37.33,38.56,38.56,35.04,35.04,38.56,32.11,51.94,30.21,31.15,28.88,28.88,28.88,28.88,34.01,30.21,,,,,,
2019-03-31 03:00:00+02:00,,32.07,,34.43,24.02,31.0,,26.98,,31.95,25.07,25.07,25.07,48.0,25.07,32.97,50.2,,53.41,32.07,26.98,,47.86,,,,39.0,39.0,,39.0,39.0,39.0,39.0,39.0,25.07,25.07,,,,,40.03,38.74,38.74,33.82,33.82,38.74,29.78,48.0,26.98,25.84,25.07,25.07,25.07,25.07,32.07,26.98,,,,,,
2019-03-31 04:00:00+02:00,,31.99,,33.59,24.01,31.71,,27.25,,31.9,22.47,22.47,22.47,46.91,22.47,32.6,39.67,,50.3,31.99,27.25,,38.8,,,,38.53,38.53,,38.53,38.53,38.53,38.53,38.53,22.47,22.47,,,,,37.38,38.61,38.61,33.8,33.8,38.61,30.35,46.91,27.25,26.27,22.47,22.47,22.47,22.47,31.99,27.25,,,,,,
2019-03-31 05:00:00+02:00,,30.59,,31.51,24.04,31.45,,28.17,,30.54,24.9,24.9,24.9,48.97,24.9,30.94,34.65,,47.2,30.59,28.17,,35.55,,,,43.72,43.72,,43.72,43.72,43.72,43.72,43.72,24.9,24.9,,,,,33.67,38.61,38.61,33.81,33.81,38.61,28.02,48.97,28.17,26.99,24.9,24.9,24.9,24.9,30.59,28.17,,,,,,
2019-03-31 06:00:00+02:00,,30.82,,31.17,22.55,30.59,,27.93,,30.81,26.96,26.96,26.96,50.53,26.96,30.95,31.95,,31.36,30.82,27.93,,32.77,,,,44.6,44.6,,44.6,44.6,44.6,44.6,44.6,26.96,26.96,,,,,32.0,38.55,38.55,35.08,35.08,38.55,29.86,50.53,27.93,26.98,26.96,26.96,26.96,26.96,30.82,27.93,,,,,,
2019-03-31 07:00:00+02:00,,32.02,,32.61,24.02,31.23,,31.1,,32.01,31.24,31.24,31.24,46.91,31.24,32.25,34.98,,31.36,32.02,31.1,,35.88,,,,47.28,47.28,,47.28,47.28,47.28,47.28,47.28,31.24,31.24,,,,,33.98,38.56,38.56,35.1,35.1,38.56,35.68,46.91,31.1,30.02,31.24,31.24,31.24,31.24,32.02,31.1,,,,,,
2019-03-31 08:00:00+02:00,,33.07,,33.07,24.02,31.19,,32.49,,33.07,33.07,33.07,33.07,45.94,33.07,33.07,33.9,,25.0,33.07,32.49,,34.77,,,,49.07,49.07,,49.07,49.07,49.07,49.07,49.07,33.07,33.07,,,,,33.07,38.61,38.61,34.87,34.87,38.61,38.65,45.94,32.49,29.1,33.07,33.07,33.07,33.07,33.07,32.49,,,,,,
2019-03-31 09:00:00+02:00,,32.81,,33.89,24.02,30.05,,32.5,,32.78,32.78,32.78,32.78,49.23,32.78,33.22,37.34,,33.3,32.81,33.07,,38.3,,,,49.07,49.07,,49.07,47.0,49.07,47.0,49.07,32.78,32.78,,,,,36.28,38.64,38.64,35.39,35.39,38.64,38.61,49.23,33.07,30.09,32.78,32.78,32.78,32.78,32.81,32.5,,,,,,
2019-03-31 10:00:00+02:00,,28.89,,31.57,22.54,25.93,,30.0,,28.82,28.82,28.82,31.49,52.0,31.49,29.92,42.48,,43.1,28.89,30.0,,44.6,,,,49.83,49.83,,49.83,45.4,49.83,45.4,45.4,31.49,31.49,,,,,37.42,38.66,38.66,35.93,35.93,38.66,38.26,52.0,30.0,31.05,31.49,31.49,31.49,31.49,28.89,30.0,,,,,,
2019-03-31 11:00:00+02:00,,25.27,,29.17,22.52,23.02,,27.5,,25.17,25.17,25.17,31.43,53.54,31.43,26.77,47.66,,44.9,25.27,27.5,,47.86,,,,49.07,49.07,,49.07,38.17,49.07,38.17,40.49,31.43,31.43,,,,,37.38,38.62,38.62,36.02,36.02,38.62,37.99,53.54,27.5,26.59,31.43,31.43,31.43,31.43,25.27,27.5,,,,,,
2019-03-31 12:00:00+02:00,,25.15,,25.15,22.53,22.02,,25.81,,25.15,25.15,25.15,29.84,53.6,29.84,25.15,47.86,,46.26,25.15,25.81,,49.09,,,,42.87,42.87,,42.87,37.17,42.87,37.17,37.17,29.84,29.84,,,,,25.15,38.58,38.58,35.89,35.89,38.58,37.89,53.6,25.81,25.56,29.84,29.84,29.84,29.84,25.15,25.81,,,,,,
2019-03-31 13:00:00+02:00,,10.62,,17.26,22.53,18.91,,23.0,,10.46,10.46,10.46,27.33,53.88,27.33,13.19,51.35,,36.3,10.62,23.0,,51.28,,,,38.99,38.99,,38.99,37.15,38.99,37.15,37.15,27.33,27.33,,,,,30.8,38.46,38.46,35.79,35.79,38.46,38.65,53.88,23.0,23.53,27.33,27.33,27.33,27.33,10.62,23.0,,,,,,
2019-03-31 14:00:00+02:00,,1.3,,9.07,22.51,15.16,,21.11,,1.11,1.11,1.11,18.92,54.02,18.92,4.3,43.54,,45.9,1.3,21.11,,45.75,,,,35.98,35.98,,35.98,35.6,35.98,35.6,35.6,18.92,18.92,,,,,24.9,38.36,38.36,35.81,35.81,38.36,38.72,54.02,21.11,21.78,18.92,18.92,18.92,18.92,1.3,21.11,,,,,,
2019-03-31 15:00:00+02:00,,1.02,,19.04,22.51,12.1,,21.77,,1.02,1.02,1.48,7.05,53.04,7.05,-11.58,42.02,,64.08,1.02,21.77,,44.14,,,,41.64,41.64,,41.64,38.16,41.64,38.16,40.3,7.05,7.05,,,,,10.1,38.21,38.21,36.05,36.05,38.21,38.74,53.04,21.77,21.2,7.05,7.05,7.05,7.05,1.02,21.77,,,,,,
2019-03-31 16:00:00+02:00,,11.51,,20.06,23.99,14.57,,24.0,,11.51,11.51,11.51,11.51,51.03,11.51,-0.56,41.67,,60.25,11.51,24.0,,43.77,,,,49.07,49.07,,49.07,49.07,49.07,49.07,49.07,11.51,11.51,,,,,20.06,38.01,38.01,35.98,35.98,38.01,39.37,51.03,24.0,21.85,11.51,11.51,11.51,11.51,11.51,24.0,,,,,,
2019-03-31 17:00:00+02:00,,26.73,,16.55,24.41,22.19,,31.0,,26.73,26.73,26.73,26.73,49.0,26.73,1.92,45.81,,62.56,26.73,31.0,,46.39,,,,53.79,53.79,,53.79,53.79,53.79,53.79,53.79,26.73,26.73,,,,,26.73,38.21,38.21,35.99,35.99,38.21,38.24,49.0,31.0,28.7,26.73,26.73,26.73,26.73,26.73,31.0,,,,,,
2019-03-31 18:00:00+02:00,,33.97,,31.65,37.88,33.82,,38.0,,33.97,33.97,34.68,34.68,47.01,34.68,26.57,47.92,,66.67,33.97,38.0,,49.14,,,,58.22,58.22,,58.22,58.22,58.22,92.66,58.22,34.68,34.68,,,,,33.97,38.51,38.51,36.46,36.46,38.51,40.02,47.01,38.0,31.98,34.68,34.68,34.68,34.68,33.97,38.0,,,,,,
2019-03-31 19:00:00+02:00,,38.69,,38.69,38.89,40.48,,42.33,,38.69,38.69,37.98,37.98,50.53,37.98,38.69,56.03,,77.84,38.69,54.95,,57.45,,,,62.46,72.32,,62.46,72.32,72.32,146.0,72.32,37.98,37.98,,,,,38.69,39.12,39.12,37.98,37.98,39.12,42.21,50.53,54.95,44.96,37.98,37.98,37.98,37.98,38.69,42.33,,,,,,
2019-03-31 20:00:00+02:00,,41.8,,41.8,56.68,40.26,,40.5,,41.8,41.8,41.8,38.59,54.48,38.59,41.8,65.35,,77.86,43.7,58.37,,67.0,,,,59.1,72.44,,59.1,72.44,72.44,150.48,72.44,38.59,38.59,,,,,41.8,40.46,40.46,38.59,38.59,40.46,41.87,54.48,58.37,50.0,38.59,38.59,38.59,38.59,43.7,40.5,,,,,,
2019-03-31 21:00:00+02:00,,39.08,,39.08,37.9,38.34,,39.07,,39.08,39.08,39.08,37.98,56.12,37.98,39.08,65.37,,73.33,39.08,50.18,,67.03,,,,56.34,72.44,,56.34,72.44,72.44,146.0,72.44,37.98,37.98,,,,,39.08,39.28,39.28,37.98,37.98,39.28,40.32,56.12,50.18,39.08,37.98,37.98,37.98,37.98,39.08,39.07,,,,,,
2019-03-31 22:00:00+02:00,,40.3,,40.3,29.57,37.05,,38.94,,40.3,40.3,40.3,37.33,56.45,37.33,40.3,47.86,,67.39,40.3,41.36,,49.07,,,,50.35,71.56,,50.35,71.56,71.56,92.66,71.56,37.33,37.33,,,,,40.3,39.26,39.26,37.33,37.33,39.26,38.29,56.45,41.36,32.4,37.33,37.33,37.33,37.33,40.3,38.94,,,,,,
2019-03-31 23:00:00+02:00,,37.51,,37.51,24.52,34.78,,33.84,,37.51,37.51,37.51,36.61,56.04,36.61,37.51,41.56,,63.11,37.51,33.84,,43.65,,,,42.96,56.01,,42.96,56.01,56.01,76.0,56.01,36.61,36.61,,,,,37.51,38.67,38.67,36.61,36.61,38.67,36.93,56.04,33.84,28.49,36.61,36.61,36.61,36.61,37.51,33.84,,,,,,
2019-04-01 00:00:00+02:00,,31.06,,31.06,38.93,30.48,,29.44,,31.06,31.06,31.06,31.06,59.0,31.06,31.06,48.25,,60.52,31.06,29.44,,49.47,,,,42.53,57.09,,42.53,57.09,57.09,57.09,57.09,31.06,31.06,,,,,31.06,38.74,38.74,34.84,34.84,38.74,45.82,59.0,29.44,29.91,31.06,31.06,31.06,31.06,31.06,29.44,,,,,,
2019-04-01 01:00:00+02:00,,29.96,,29.96,29.95,30.0,,29.01,,29.96,29.96,29.96,29.96,57.53,29.96,29.96,30.85,,60.52,29.96,29.01,,35.0,,,,38.0,51.0,,38.0,51.0,51.0,51.0,51.0,29.96,29.96,,,,,29.96,38.59,38.59,34.03,34.03,38.59,44.36,57.53,29.01,29.85,29.96,29.96,29.96,29.96,29.96,29.01,,,,,,
2019-04-01 02:00:00+02:00,,31.07,,31.07,25.91,30.02,,28.95,,31.07,31.07,31.07,31.07,55.56,31.07,31.07,34.12,,60.0,31.07,28.95,,35.0,,,,35.5,44.58,,35.5,44.58,44.58,44.58,44.58,31.07,31.07,,,,,31.07,38.59,38.59,33.18,33.18,38.59,42.84,55.56,28.95,27.32,31.07,31.07,31.07,31.07,31.07,28.95,,,,,,
2019-04-01 03:00:00+02:00,,31.08,,29.46,24.53,29.47,,28.93,,31.08,31.84,31.84,31.84,55.48,31.84,27.74,40.96,,55.0,31.08,28.93,,42.01,,,,36.16,43.57,,36.16,43.57,43.57,43.57,43.57,31.84,31.84,,,,,30.63,38.59,38.59,32.93,32.93,38.59,44.38,55.48,28.93,23.59,31.84,31.84,31.84,31.84,31.08,28.93,,,,,,
2019-04-01 04:00:00+02:00,,31.09,,28.86,38.52,30.92,,29.58,,31.09,32.4,32.4,32.4,55.48,32.4,26.5,36.06,,57.0,31.09,29.58,,37.0,,,,36.78,43.71,,36.78,43.71,43.71,43.71,43.71,32.4,32.4,,,,,30.5,38.29,38.29,32.92,32.92,38.29,45.82,55.48,29.58,26.98,32.4,32.4,32.4,32.4,31.09,29.58,,,,,,
2019-04-01 05:00:00+02:00,,37.22,,34.78,54.98,34.59,,34.42,,37.22,37.22,37.61,37.61,56.11,37.61,32.18,37.63,,62.42,37.22,34.42,,38.61,,,,43.46,57.09,,43.46,57.09,57.09,57.09,57.09,37.61,37.61,,,,,36.57,39.47,39.47,37.61,37.61,39.47,45.7,56.11,34.42,32.97,37.61,37.61,37.61,37.61,37.22,34.42,,,,,,
2019-04-01 06:00:00+02:00,,47.08,,42.65,85.07,42.86,,44.0,,47.08,47.08,46.69,43.43,57.95,43.43,37.93,47.26,,69.9,47.08,44.0,,48.5,,,,54.48,57.09,,54.48,57.09,57.09,57.09,57.09,43.43,43.43,,,,,45.93,41.58,41.58,41.58,41.58,41.58,58.53,57.95,48.08,47.02,41.58,41.58,41.58,43.43,47.08,44.0,,,,,,
2019-04-01 07:00:00+02:00,,56.95,,51.38,102.3,44.77,,48.2,,56.95,56.95,56.95,55.58,58.0,55.58,45.45,57.45,,67.17,74.33,73.74,,49.0,,,,74.33,74.33,,74.33,74.33,74.33,75.0,74.33,55.58,55.58,,,,,55.56,44.72,44.72,42.46,42.46,44.72,56.04,58.0,73.75,55.4,42.46,42.46,44.72,55.58,74.33,48.2,,,,,,
2019-04-01 08:00:00+02:00,,53.56,,53.56,93.67,44.55,,48.0,,53.56,53.56,53.56,53.56,59.45,53.56,53.56,58.78,,68.13,77.86,71.93,,68.0,,,,77.86,77.86,,77.86,74.47,77.86,109.04,74.47,53.56,53.56,,,,,53.56,48.28,48.28,45.66,45.66,48.28,63.06,59.45,71.94,54.94,45.66,45.66,48.28,53.56,77.86,48.0,,,,,,
2019-04-01 09:00:00+02:00,,45.95,,45.95,85.03,43.83,,45.0,,45.95,45.95,45.95,45.95,59.57,45.95,45.95,68.78,,64.9,74.33,66.98,,78.0,,,,74.33,74.33,,74.33,74.33,74.33,90.12,74.33,45.95,45.95,,,,,45.95,44.24,44.24,43.92,43.92,44.24,66.15,59.57,66.98,50.53,43.92,43.92,44.24,45.95,74.33,45.0,,,,,,
2019-04-01 10:00:00+02:00,,42.2,,42.2,76.89,41.08,,40.0,,42.2,42.2,42.2,44.62,59.82,44.62,42.2,60.61,,61.57,58.34,59.99,,80.42,,,,58.34,58.34,,58.34,58.34,58.34,76.22,58.34,44.62,44.62,,,,,42.2,41.61,41.61,41.61,41.61,41.61,63.25,59.82,60.0,46.7,41.61,41.61,41.61,42.2,58.34,40.0,,,,,,
2019-04-01 11:00:00+02:00,,39.11,,39.11,58.61,36.22,,36.9,,39.11,39.11,40.07,41.61,59.45,41.61,39.11,41.99,,48.0,57.53,54.93,,81.42,,,,57.53,57.53,,57.53,47.88,57.53,47.88,47.88,41.61,41.61,,,,,39.11,40.07,40.07,40.07,40.07,40.07,65.58,59.45,54.94,43.0,40.07,40.07,40.07,40.07,57.53,36.9,,,,,,
2019-04-01 12:00:00+02:00,,34.3,,34.3,65.33,33.75,,35.88,,34.3,39.2,39.2,41.1,59.45,41.1,34.3,41.36,,46.93,51.56,48.93,,80.0,,,,51.56,51.56,,51.56,47.79,51.56,47.79,47.79,41.1,41.1,,,,,34.3,39.2,39.2,39.2,39.2,39.2,66.08,59.45,48.94,41.92,39.2,39.2,39.2,39.2,51.56,35.88,,,,,,
2019-04-01 13:00:00+02:00,,32.29,,32.29,53.92,31.78,,34.0,,32.29,38.98,38.98,38.98,59.45,38.98,32.29,37.74,,47.63,51.0,46.62,,66.6,,,,51.0,51.0,,51.0,46.78,51.0,46.78,46.78,38.98,38.98,,,,,32.29,38.98,38.98,38.98,38.98,38.98,65.18,59.45,46.63,39.09,38.98,38.98,38.98,38.98,51.0,34.0,,,,,,
2019-04-01 14:00:00+02:00,,31.1,,31.1,56.38,30.63,,33.0,,31.1,37.2,37.2,37.2,58.67,37.2,31.1,35.29,,43.39,53.57,45.98,,49.27,,,,53.57,53.57,,53.57,47.83,53.57,47.83,47.83,37.2,37.2,,,,,31.1,37.96,37.96,37.2,37.2,37.96,63.09,58.67,45.99,38.73,37.2,37.2,37.2,37.2,53.57,33.0,,,,,,
2019-04-01 15:00:00+02:00,,31.55,,31.55,58.97,31.71,,33.92,,31.55,36.93,36.93,36.93,58.37,36.93,31.55,35.29,,55.88,57.09,48.08,,46.21,,,,57.09,57.09,,57.09,45.78,57.09,76.0,45.78,36.93,36.93,,,,,31.55,37.92,37.92,36.93,36.93,37.92,58.79,58.37,48.09,37.45,36.93,36.93,36.93,36.93,57.09,33.92,,,,,,
2019-04-01 16:00:00+02:00,,31.8,,31.8,60.43,32.1,,35.2,,31.8,37.24,37.79,37.79,58.0,37.79,31.8,41.46,,60.52,57.96,56.27,,43.66,,,,57.96,57.09,,57.96,57.09,57.09,76.22,57.09,37.79,37.79,,,,,31.8,37.95,37.95,37.79,37.79,37.95,56.57,58.0,56.28,40.11,37.79,37.79,37.79,37.79,57.96,35.2,,,,,,
2019-04-01 17:00:00+02:00,,35.74,,35.74,70.8,35.71,,40.75,,35.74,35.74,38.43,38.43,57.95,38.43,35.74,42.26,,63.15,59.64,49.36,,45.99,,,,59.64,59.64,,59.64,59.64,59.64,124.12,59.64,38.43,38.43,,,,,35.74,38.67,38.67,38.43,38.43,38.67,55.24,57.95,49.37,46.21,38.43,38.43,38.43,38.43,59.64,40.75,,,,,,
2019-04-01 18:00:00+02:00,,43.06,,44.75,81.85,41.03,,45.39,,43.06,43.06,40.62,40.62,57.92,40.62,41.56,59.13,,74.81,73.91,56.91,,60.8,,,,74.1,74.1,,74.1,74.1,74.1,109.04,74.1,40.62,40.62,,,,,43.94,40.62,40.62,40.62,40.62,40.62,54.86,57.92,56.92,52.22,40.62,40.62,40.62,40.62,73.91,45.39,,,,,,
2019-04-01 19:00:00+02:00,,45.1,,45.1,85.06,43.43,,48.0,,45.1,45.1,45.1,41.35,58.35,41.35,45.1,69.73,,79.25,74.79,73.97,,71.72,,,,74.79,74.79,,74.79,74.79,74.79,129.99,74.79,44.02,44.02,,,,,45.1,41.35,41.35,41.35,41.35,41.35,62.95,58.35,73.98,56.95,41.35,41.35,41.35,44.02,74.79,48.0,,,,,,
2019-04-01 20:00:00+02:00,,45.06,,45.06,85.01,42.42,,47.0,,45.06,45.06,45.06,41.0,60.26,41.0,45.06,69.74,,79.26,77.86,72.92,,73.49,,,,77.86,77.86,,77.86,77.86,77.86,130.99,77.86,41.0,41.0,,,,,45.06,41.0,41.0,41.0,41.0,41.0,62.91,60.26,72.93,54.46,41.0,41.0,41.0,41.0,77.86,47.0,,,,,,
2019-04-01 21:00:00+02:00,,39.41,,39.41,65.59,37.49,,40.11,,39.41,39.41,39.41,39.41,60.95,39.41,39.41,69.74,,79.22,70.7,50.18,,71.75,,,,74.79,74.79,,74.79,74.79,74.79,125.01,74.79,39.41,39.41,,,,,39.41,39.59,39.59,39.41,39.41,39.59,53.76,60.95,50.19,44.05,39.41,39.41,39.41,39.41,70.7,40.11,,,,,,
2019-04-01 22:00:00+02:00,,35.8,,35.8,59.97,35.05,,37.72,,35.8,35.8,35.8,35.8,59.82,35.8,35.8,52.34,,68.68,55.39,39.07,,53.86,,,,66.79,66.79,,66.79,66.79,66.79,91.0,66.79,35.8,35.8,,,,,35.8,38.51,38.51,37.46,37.46,38.51,49.9,59.82,39.08,43.56,35.8,35.8,35.8,35.8,55.39,37.72,,,,,,
2019-04-01 23:00:00+02:00,,31.02,,36.54,52.36,31.81,,32.15,,30.65,30.65,30.65,31.8,59.82,31.8,33.65,43.5,,65.67,40.3,32.15,,44.77,,,,54.99,54.99,,54.99,54.99,54.99,54.99,54.99,31.8,31.8,,,,,36.81,38.02,38.02,37.16,37.16,38.02,44.62,59.82,32.16,35.81,31.8,31.8,31.8,31.8,40.3,32.15,,,,,,
2019-04-02 00:00:00+02:00,,29.43,,30.9,24.42,30.29,,30.03,,29.11,29.11,29.11,29.11,59.82,29.11,30.62,46.06,,63.11,29.43,30.49,,47.2,,,,52.97,58.34,,52.97,58.34,58.34,58.34,58.34,29.11,29.11,,,,,34.23,37.09,37.09,37.07,37.07,37.09,42.63,59.82,27.64,33.75,29.11,29.11,29.11,29.11,29.43,30.03,,,,,,
2019-04-02 01:00:00+02:00,,27.34,,29.37,24.04,28.25,,29.0,,26.93,26.93,26.93,26.93,59.42,26.93,28.91,38.62,,63.11,27.34,29.0,,40.0,,,,49.03,57.09,,49.03,57.09,57.09,57.09,57.09,26.93,26.93,,,,,34.0,37.03,37.03,36.89,36.89,37.03,41.52,59.42,24.54,31.72,26.93,26.93,26.93,26.93,27.34,29.0,,,,,,
2019-04-02 02:00:00+02:00,,25.93,,28.65,22.54,28.08,,27.46,,25.43,25.43,25.43,25.43,59.17,25.43,27.92,38.56,,62.32,25.93,27.46,,39.49,,,,48.97,48.97,,48.97,48.97,48.97,48.97,48.97,25.43,25.43,,,,,35.0,36.94,36.94,36.82,36.82,36.94,40.61,59.17,17.01,28.99,25.43,25.43,25.43,25.43,25.93,27.46,,,,,,
2019-04-02 03:00:00+02:00,,25.16,,26.88,24.05,27.89,,27.16,,25.16,25.16,25.16,25.46,59.07,25.46,26.13,39.38,,62.89,25.16,27.16,,38.43,,,,48.91,48.91,,48.91,48.91,48.91,48.91,48.91,25.46,25.46,,,,,30.9,36.94,36.94,36.84,36.84,36.94,40.61,59.07,25.04,26.87,25.46,25.46,25.46,25.46,25.16,27.16,,,,,,
2019-04-02 04:00:00+02:00,,27.59,,28.51,24.35,28.48,,28.58,,27.52,27.52,27.52,27.88,59.01,27.88,28.07,43.19,,63.11,27.59,28.58,,42.14,,,,48.88,48.88,,48.88,48.88,48.88,48.88,48.88,27.88,27.88,,,,,30.9,36.7,36.7,36.7,36.7,36.7,41.13,59.01,28.59,28.62,27.88,27.88,27.88,27.88,27.59,28.58,,,,,,
2019-04-02 05:00:00+02:00,,31.04,,31.04,27.79,31.81,,32.7,,31.04,31.04,34.73,34.73,59.07,34.73,31.04,39.71,,62.89,31.04,33.95,,37.82,,,,50.18,57.09,,50.18,57.09,57.09,57.09,57.09,34.73,34.73,,,,,31.04,36.67,36.67,36.67,36.67,36.67,42.47,59.07,33.97,35.66,34.73,34.73,34.73,34.73,31.04,32.7,,,,,,
2019-04-02 06:00:00+02:00,,40.29,,40.29,40.84,39.92,,40.87,,40.29,40.29,39.63,39.63,59.07,39.63,40.29,44.26,,74.78,56.1,48.08,,42.14,,,,57.09,57.09,,57.09,57.09,57.09,57.09,57.09,39.63,39.63,,,,,40.29,39.63,39.63,39.63,39.63,39.63,44.39,59.07,48.11,43.43,39.63,39.63,39.63,39.63,56.1,40.87,,,,,,
2019-04-02 07:00:00+02:00,,43.78,,43.78,61.51,44.49,,45.6,,43.78,43.78,42.73,48.6,58.84,42.18,43.78,52.5,,79.22,56.7,48.67,,45.22,,,,63.67,63.67,,63.67,63.67,63.67,77.19,63.67,48.6,48.6,,,,,43.78,42.18,42.18,42.18,42.18,42.18,48.77,58.84,48.7,48.59,42.18,42.18,42.18,42.73,56.7,45.6,,,,,,
2019-04-02 08:00:00+02:00,,43.53,,45.7,49.64,44.55,,45.62,,43.13,43.13,42.16,51.27,59.84,42.16,44.52,47.08,,78.14,64.6,56.57,,49.54,,,,74.33,74.33,,74.33,74.33,74.33,130.99,74.33,51.27,51.27,,,,,45.58,42.16,42.16,42.16,42.16,42.16,51.46,59.84,56.61,53.6,42.16,42.16,42.16,42.16,64.6,45.62,,,,,,
2019-04-02 09:00:00+02:00,,40.97,,48.75,38.52,42.93,,42.01,,39.53,39.53,40.5,51.24,60.01,40.5,44.54,62.96,,66.08,57.04,50.18,,64.34,,,,65.29,58.34,,65.29,58.34,58.34,130.99,58.34,51.24,51.24,,,,,49.11,40.5,40.5,40.5,40.5,40.5,51.42,60.01,50.22,51.97,40.5,40.5,40.5,40.5,57.04,42.01,,,,,,
2019-04-02 10:00:00+02:00,,37.98,,45.31,39.53,41.82,,38.79,,36.68,36.68,39.4,49.57,59.96,39.4,41.54,65.08,,59.55,39.8,48.08,,65.0,,,,58.42,57.09,,58.42,47.6,57.09,109.04,47.6,49.57,49.57,,,,,50.0,39.4,39.4,39.4,39.4,39.4,49.75,59.96,48.12,50.06,39.4,39.4,39.4,39.4,39.8,38.79,,,,,,
2019-04-02 11:00:00+02:00,,33.79,,40.1,36.54,39.9,,35.3,,31.39,31.39,38.69,48.58,59.51,38.69,40.99,60.6,,44.0,41.0,50.03,,60.0,,,,52.87,52.87,,52.87,46.0,52.87,109.04,46.0,48.58,48.58,,,,,39.97,38.69,38.69,38.69,38.69,38.69,48.76,59.51,50.07,50.06,38.69,38.69,38.69,38.69,41.0,35.3,,,,,,
2019-04-02 12:00:00+02:00,,30.57,,41.02,41.02,35.19,,32.8,,29.0,29.0,38.28,48.57,59.45,38.28,35.5,52.4,,43.0,48.16,52.06,,51.0,,,,48.16,47.99,,48.16,46.0,47.99,91.0,46.0,48.57,48.57,,,,,48.7,38.58,38.58,38.28,38.28,38.58,48.75,59.45,52.1,46.96,38.28,38.28,38.28,38.28,48.16,32.8,,,,,,
2019-04-02 13:00:00+02:00,,30.07,,36.65,47.05,34.07,,30.78,,29.09,29.09,37.39,48.56,59.17,37.39,33.25,44.36,,40.0,48.16,51.86,,43.17,,,,48.16,47.0,,48.16,44.02,47.0,89.06,44.02,48.56,48.56,,,,,42.88,38.64,38.64,37.39,37.39,38.64,48.74,59.17,51.91,46.91,37.39,37.39,37.39,37.39,48.16,30.78,,,,,,
2019-04-02 14:00:00+02:00,,29.78,,32.56,48.96,32.45,,29.21,,29.49,29.49,35.05,35.72,58.25,35.05,31.33,40.36,,41.45,49.72,54.04,,39.0,,,,49.72,47.99,,49.72,45.0,47.99,89.06,45.0,35.72,35.72,,,,,39.02,37.77,37.77,37.06,37.06,37.77,45.04,58.25,54.09,49.6,35.05,35.05,35.05,35.05,49.72,29.21,,,,,,
2019-04-02 15:00:00+02:00,,29.33,,31.79,51.07,33.15,,30.3,,29.09,29.09,34.68,34.68,56.48,34.68,30.65,38.98,,43.78,52.97,57.97,,37.01,,,,52.97,50.0,,52.97,47.6,50.0,77.19,47.6,34.68,34.68,,,,,37.66,37.75,37.75,37.06,37.06,37.75,43.49,56.48,58.03,51.63,34.68,34.68,34.68,34.68,52.97,30.3,,,,,,
2019-04-02 16:00:00+02:00,,30.24,,31.74,52.93,33.02,,31.54,,30.1,30.1,34.82,43.31,55.23,34.82,31.04,39.64,,60.48,41.0,59.94,,38.0,,,,58.42,48.09,,58.42,48.09,48.09,89.06,48.09,43.31,43.31,,,,,35.0,37.52,37.52,37.04,37.04,37.52,43.47,55.23,60.01,53.98,34.82,34.82,34.82,34.82,41.0,31.54,,,,,,
2019-04-02 17:00:00+02:00,,35.08,,35.08,49.26,35.73,,36.0,,35.08,35.08,36.78,42.06,54.49,36.78,35.08,44.41,,62.58,35.08,56.23,,43.17,,,,58.0,57.09,,58.0,57.09,57.09,124.06,57.09,42.06,42.06,,,,,35.08,37.78,37.78,36.99,36.99,37.78,43.51,54.49,56.29,52.98,36.78,36.78,36.78,36.78,35.08,36.0,,,,,,
2019-04-02 18:00:00+02:00,,40.73,,40.73,75.78,40.92,,41.13,,40.73,39.03,39.03,43.34,53.41,39.03,40.73,59.74,,68.62,40.73,69.5,,55.28,,,,59.99,59.8,,59.99,59.8,59.8,108.06,59.8,43.34,43.34,,,,,40.73,39.03,39.03,39.03,39.03,39.03,43.5,53.41,69.58,62.04,39.03,39.03,39.03,39.03,40.73,41.13,,,,,,
2019-04-02 19:00:00+02:00,,43.15,,43.15,86.03,43.61,,44.77,,43.15,39.57,39.57,45.57,54.49,39.57,43.15,66.65,,65.93,70.06,83.98,,55.28,,,,70.06,70.06,,70.06,70.06,70.06,128.06,70.06,45.57,45.57,,,,,43.15,39.57,39.57,39.57,39.57,39.57,45.74,54.49,84.09,73.97,39.57,39.57,39.57,39.57,70.06,44.77,,,,,,
2019-04-02 20:00:00+02:00,,42.74,,42.74,86.88,43.59,,44.7,,42.74,38.58,38.58,38.58,57.02,38.58,42.74,66.91,,68.0,74.33,81.94,,55.28,,,,74.33,74.33,,74.33,74.33,74.33,130.99,74.33,38.58,38.58,,,,,42.74,39.43,39.43,38.58,38.58,39.43,46.7,57.02,82.05,72.94,38.58,38.58,38.58,38.58,74.33,44.7,,,,,,
2019-04-02 21:00:00+02:00,,38.2,,38.2,80.03,40.56,,40.73,,38.2,36.4,36.4,36.4,59.01,36.4,38.2,62.95,,65.89,59.99,71.29,,55.3,,,,59.99,59.99,,59.99,59.99,59.99,128.06,59.99,36.4,36.4,,,,,38.2,39.31,39.31,37.29,37.29,39.31,43.16,59.01,71.39,62.35,36.4,36.4,36.4,36.4,59.99,40.73,,,,,,
2019-04-02 22:00:00+02:00,,35.08,,35.08,66.93,38.85,,38.12,,35.08,31.38,31.38,31.38,56.48,31.38,35.08,47.75,,64.85,52.19,61.92,,46.35,,,,52.19,52.19,,52.19,52.19,52.19,91.0,52.19,31.38,31.38,,,,,35.08,38.91,38.91,37.02,37.02,38.91,45.62,56.48,62.01,53.5,31.38,31.38,31.38,31.38,52.19,38.12,,,,,,
2019-04-02 23:00:00+02:00,,31.2,,31.77,60.94,35.19,,34.67,,30.69,27.69,27.69,27.69,55.3,27.69,32.38,40.62,,65.63,47.99,50.02,,38.0,,,,47.99,47.99,,47.99,47.99,47.99,47.99,47.99,27.69,27.69,,,,,31.01,37.89,37.89,36.88,36.88,37.89,41.28,55.3,50.09,46.97,27.69,27.69,27.69,27.69,47.99,34.67,,,,,,
2019-04-03 00:00:00+02:00,,31.9,,31.9,44.92,33.77,,32.17,,31.9,31.9,31.9,31.9,56.0,31.9,31.9,52.98,,55.0,47.05,41.93,,45.46,,,,47.99,47.99,,47.99,47.99,47.99,47.99,47.99,31.9,31.9,,,,,31.9,37.16,37.16,36.79,36.79,37.16,37.35,56.0,41.99,42.95,31.9,31.9,31.9,31.9,47.05,32.17,,,,,,
2019-04-03 01:00:00+02:00,,31.5,,31.5,46.0,32.29,,31.38,,31.5,31.5,31.5,31.5,55.25,31.5,31.5,37.37,,49.41,31.5,32.01,,32.22,,,,46.22,46.22,,46.22,46.22,46.22,46.22,46.22,31.5,31.5,,,,,31.5,37.3,37.3,36.57,36.57,37.3,36.57,55.25,32.06,35.1,31.5,31.5,31.5,31.5,31.5,31.38,,,,,,
2019-04-03 02:00:00+02:00,,31.08,,31.08,35.0,30.91,,30.8,,31.08,31.08,31.08,31.08,54.0,31.08,31.08,33.9,,42.83,31.08,30.8,,32.14,,,,44.17,44.17,,44.17,44.17,44.17,44.17,44.17,31.08,31.08,,,,,31.08,37.26,37.26,36.27,36.27,37.26,34.92,54.0,30.85,30.87,31.08,31.08,31.08,31.08,31.08,30.8,,,,,,
2019-04-03 03:00:00+02:00,,31.19,,31.19,35.96,29.74,,30.25,,31.19,31.19,31.19,31.19,53.0,31.19,31.19,36.28,,39.77,31.19,30.25,,31.65,,,,44.15,44.15,,44.15,44.15,44.15,44.15,44.15,31.19,31.19,,,,,31.19,37.26,37.26,35.88,35.88,37.26,35.96,53.0,30.3,29.01,31.19,31.19,31.19,31.19,31.19,30.25,,,,,,
2019-04-03 04:00:00+02:00,,32.57,,32.57,41.55,30.82,,31.18,,32.57,32.57,32.57,32.57,51.96,32.57,32.57,33.76,,47.98,32.57,31.18,,31.65,,,,44.17,44.17,,44.17,44.17,44.17,44.17,44.17,32.57,32.57,,,,,32.57,36.93,36.93,36.05,36.05,36.93,37.07,51.96,31.23,32.13,32.57,32.57,32.57,32.57,32.57,31.18,,,,,,
2019-04-03 05:00:00+02:00,,35.0,,35.0,46.96,34.17,,35.5,,35.0,35.0,36.0,36.0,52.25,36.0,35.0,36.13,,61.85,39.06,41.89,,31.65,,,,47.16,47.16,,47.16,46.99,47.16,46.99,47.16,36.0,36.0,,,,,35.0,38.43,38.43,36.7,36.7,38.43,37.8,52.25,41.96,42.03,36.0,36.0,36.0,36.0,39.06,35.5,,,,,,
2019-04-03 06:00:00+02:00,,42.98,,42.98,61.0,42.88,,43.5,,42.98,42.17,41.17,41.17,54.07,41.17,42.98,44.23,,65.67,51.0,51.56,,30.39,,,,53.43,53.43,,53.43,53.43,53.43,53.43,53.43,41.17,41.17,,,,,42.98,41.17,40.75,41.17,41.17,41.17,45.27,54.07,51.65,52.05,41.17,41.17,41.17,41.17,51.0,43.5,,,,,,
2019-04-03 07:00:00+02:00,,48.25,,48.25,81.04,48.0,,49.26,,48.25,44.8,49.07,44.8,57.14,44.8,48.25,49.8,,65.64,48.25,60.56,,41.0,,,,66.36,66.36,,66.36,66.36,66.36,82.01,66.36,44.8,44.8,,,,,48.25,44.8,42.79,44.8,44.8,44.8,49.03,57.14,60.68,59.99,44.8,44.8,44.8,44.8,48.25,49.26,,,,,,
2019-04-03 08:00:00+02:00,,52.42,,52.42,87.33,51.33,,51.9,,52.42,48.44,52.42,49.63,60.0,48.44,52.42,53.95,,65.32,52.42,70.08,,52.39,,,,90.1,80.0,,90.1,68.0,80.0,91.0,68.0,49.63,49.63,,,,,52.42,48.44,43.07,48.44,48.44,48.44,49.82,58.51,70.21,71.03,48.44,48.44,48.44,48.44,52.42,51.9,,,,,,
2019-04-03 09:00:00+02:00,,54.72,,54.72,78.49,49.81,,50.29,,54.72,46.47,54.72,47.77,59.01,46.47,54.72,56.71,,65.02,54.72,62.36,,58.71,,,,90.26,59.34,,90.26,46.99,59.34,76.0,46.99,47.77,47.77,,,,,54.72,46.47,42.84,46.47,46.47,46.47,49.04,58.92,62.48,64.2,46.47,46.47,46.47,46.47,54.72,50.29,,,,,,
2019-04-03 10:00:00+02:00,,49.47,,49.47,71.61,46.7,,47.5,,49.47,46.42,49.47,46.16,56.6,46.16,49.47,51.05,,60.73,49.47,56.27,,48.41,,,,90.07,57.09,,90.07,38.17,57.09,38.17,38.17,46.16,46.16,,,,,49.47,46.16,42.7,46.16,46.16,46.16,49.04,56.6,56.39,59.53,46.16,46.16,46.16,46.16,49.47,47.5,,,,,,
2019-04-03 11:00:00+02:00,,48.03,,48.06,41.03,45.06,,46.36,,47.99,45.76,47.99,45.61,55.5,44.58,48.21,49.61,,50.0,48.03,48.08,,47.04,,,,83.95,57.09,,83.95,38.15,57.09,38.15,38.15,45.61,45.61,,,,,47.87,44.58,42.48,44.58,44.58,44.58,49.04,55.5,48.18,55.68,44.58,44.58,44.58,44.58,48.03,46.36,,,,,,
2019-04-03 12:00:00+02:00,,45.05,,45.08,52.68,44.01,,44.7,,45.01,45.01,45.01,45.63,55.0,42.4,45.21,46.52,,58.0,45.05,46.17,,44.11,,,,57.37,48.31,,57.37,37.16,48.31,37.16,37.16,45.63,45.63,,,,,44.89,42.4,42.4,42.4,42.4,42.4,49.04,55.0,46.27,53.11,42.4,42.4,42.4,42.4,45.05,44.7,,,,,,
2019-04-03 13:00:00+02:00,,43.11,,43.11,54.52,43.32,,43.7,,43.11,43.11,43.11,45.62,53.0,41.73,43.11,44.49,,45.0,43.11,45.32,,42.19,,,,58.11,45.0,,58.11,26.68,45.0,26.68,26.68,45.62,45.62,,,,,43.11,41.73,41.73,41.73,41.73,41.73,49.05,53.0,45.42,52.06,41.73,41.73,41.73,41.73,43.11,43.7,,,,,,
2019-04-03 14:00:00+02:00,,41.77,,41.77,58.0,42.06,,41.77,,41.77,41.77,41.77,40.77,48.13,40.77,41.77,43.11,,55.0,41.77,42.15,,38.71,,,,72.39,46.99,,72.39,30.0,46.99,30.0,30.0,40.77,40.77,,,,,41.77,40.77,40.77,40.77,40.77,40.77,49.04,48.13,42.24,51.57,40.77,40.77,40.77,40.77,41.77,41.77,,,,,,
2019-04-03 15:00:00+02:00,,41.48,,41.48,39.1,41.94,,41.78,,41.48,41.48,41.48,40.48,42.6,40.48,41.48,42.98,,60.51,41.48,41.78,,35.0,,,,83.95,47.31,,83.95,37.15,47.31,37.15,37.15,40.48,40.48,,,,,41.48,40.48,40.48,40.48,40.48,40.48,44.38,42.6,41.88,50.54,40.48,40.48,40.48,40.48,41.48,41.78,,,,,,
2019-04-03 16:00:00+02:00,,41.73,,41.73,37.92,42.09,,42.21,,41.73,41.73,41.73,40.73,41.73,40.73,41.73,43.24,,65.33,41.73,42.21,,35.15,,,,83.95,44.99,,83.95,44.99,44.99,44.99,44.99,40.73,40.73,,,,,41.73,40.73,40.73,40.73,40.73,40.73,44.38,41.73,42.31,50.76,40.73,40.73,40.73,40.73,41.73,42.21,,,,,,
2019-04-03 17:00:00+02:00,,42.68,,42.68,41.83,43.23,,44.1,,42.68,42.68,42.68,41.08,42.68,41.08,42.68,50.35,,63.7,42.68,44.1,,38.71,,,,72.17,48.4,,72.17,48.4,48.4,48.4,48.4,41.08,41.08,,,,,42.68,41.08,41.08,41.08,41.08,41.08,44.02,42.68,44.21,49.31,41.08,41.08,41.08,41.08,42.68,44.1,,,,,,
2019-04-03 18:00:00+02:00,,45.44,,45.44,46.53,46.17,,47.28,,45.44,45.44,45.44,46.51,45.44,41.26,45.44,56.2,,79.65,45.44,47.28,,46.7,,,,68.83,57.09,,68.83,57.09,57.09,57.09,57.09,46.51,46.51,,,,,45.44,41.26,41.26,41.26,41.26,41.26,46.72,45.44,47.39,49.05,41.26,41.26,41.26,41.26,45.44,47.28,,,,,,
2019-04-03 19:00:00+02:00,,51.32,,51.32,70.99,49.75,,51.1,,51.32,51.32,51.32,47.74,51.32,41.39,51.32,63.21,,80.54,63.5,63.43,,58.71,,,,63.5,63.5,,63.5,63.5,63.5,76.0,63.5,47.74,47.74,,,,,51.32,41.39,41.39,41.39,41.39,41.39,50.71,51.32,67.15,66.09,41.39,41.39,41.39,41.39,63.5,51.1,,,,,,
2019-04-03 20:00:00+02:00,,52.34,,52.34,50.03,48.19,,49.2,,52.34,52.34,52.34,40.89,54.92,40.89,52.34,64.87,,79.7,67.32,64.26,,58.71,,,,67.32,67.32,,67.32,67.32,67.32,76.22,67.32,40.89,40.89,,,,,52.34,40.89,40.89,40.89,40.89,40.89,49.06,54.92,64.42,70.92,40.89,40.89,40.89,40.89,67.32,49.2,,,,,,
2019-04-03 21:00:00+02:00,,44.08,,44.08,41.16,44.61,,44.7,,44.08,44.08,44.08,39.91,58.47,39.91,44.08,63.22,,79.8,44.08,48.08,,58.71,,,,58.11,58.11,,58.11,58.11,58.11,76.0,58.11,39.91,39.91,,,,,44.08,40.37,40.37,39.91,39.91,40.37,43.84,58.47,48.21,56.92,39.91,39.91,39.91,39.91,44.08,44.7,,,,,,
2019-04-03 22:00:00+02:00,,41.26,,48.71,40.88,42.3,,42.2,,39.1,39.1,39.1,35.89,56.6,35.89,49.12,51.43,,79.65,49.12,45.02,,45.36,,,,49.12,49.12,,49.12,49.12,49.12,49.12,49.12,35.89,35.89,,,,,39.1,39.74,39.74,37.17,37.17,39.74,43.9,56.6,45.14,52.3,35.89,35.89,35.89,35.89,49.12,42.2,,,,,,
2019-04-03 23:00:00+02:00,,37.9,,42.2,36.21,41.01,,39.27,,36.58,36.58,36.58,34.95,55.56,34.95,42.76,44.0,,65.61,45.47,41.23,,37.71,,,,46.63,44.99,,46.63,44.99,44.99,44.99,44.99,34.95,34.95,,,,,36.58,38.56,38.56,36.89,36.89,38.56,40.07,55.56,41.35,46.09,34.95,34.95,34.95,34.95,45.47,39.27,,,,,,
2019-04-04 00:00:00+02:00,,36.84,,41.07,50.96,38.57,,37.5,,35.6,35.6,35.6,32.63,54.06,32.63,41.56,42.51,,65.4,47.31,45.97,,31.71,,,,47.31,47.31,,47.31,47.31,47.31,47.31,47.31,32.63,32.63,,,,,35.6,38.02,38.02,36.35,36.35,38.02,40.56,54.06,46.09,44.77,32.63,32.63,32.63,32.63,47.31,37.5,,,,,,
2019-04-04 01:00:00+02:00,,35.15,,35.17,35.99,35.47,,36.37,,35.12,35.12,35.12,32.31,49.66,32.31,35.27,36.06,,65.33,41.1,41.9,,31.78,,,,45.31,45.31,,45.31,45.12,45.31,45.12,45.31,32.31,32.31,,,,,35.02,37.95,37.95,36.05,36.05,37.95,40.03,49.66,42.0,38.03,32.31,32.31,32.31,32.31,41.1,36.37,,,,,,
2019-04-04 02:00:00+02:00,,33.0,,33.0,33.01,34.68,,34.95,,33.0,33.0,33.0,32.21,44.62,32.21,33.0,35.0,,62.9,33.0,34.95,,31.78,,,,45.06,45.06,,45.06,44.32,45.06,44.32,45.06,32.21,32.21,,,,,33.0,37.88,37.88,35.9,35.9,37.88,39.66,44.62,35.04,33.21,32.21,32.21,32.21,32.21,33.0,34.95,,,,,,
2019-04-04 03:00:00+02:00,,33.05,,34.64,33.04,33.5,,34.27,,32.59,32.59,32.59,31.81,44.45,31.81,34.79,38.14,,65.3,33.05,34.27,,32.0,,,,43.05,43.05,,43.05,42.59,43.05,42.59,43.05,31.81,31.81,,,,,32.59,37.81,37.81,35.85,35.85,37.81,39.81,44.45,34.35,33.31,31.81,31.81,31.81,31.81,33.05,34.27,,,,,,
2019-04-04 04:00:00+02:00,,34.13,,34.13,41.53,33.98,,34.98,,34.13,34.13,34.13,34.13,44.94,34.13,34.13,38.13,,63.11,34.13,35.49,,32.0,,,,42.59,42.59,,42.59,42.59,42.59,42.59,42.59,34.13,34.13,,,,,34.13,37.19,37.19,35.99,35.99,37.19,40.26,44.94,35.58,34.42,34.13,34.13,34.13,34.13,34.13,34.98,,,,,,
2019-04-04 05:00:00+02:00,,36.86,,36.86,52.52,37.94,,38.4,,36.86,36.86,36.86,36.86,53.0,36.86,36.86,37.95,,65.76,46.02,45.95,,32.0,,,,46.02,46.02,,46.02,43.54,46.02,43.54,46.02,36.86,36.86,,,,,36.86,38.63,38.63,36.86,36.86,38.63,43.7,53.0,52.0,45.58,36.86,36.86,36.86,36.86,46.02,38.4,,,,,,
2019-04-04 06:00:00+02:00,,44.67,,44.67,60.65,44.52,,45.4,,44.67,44.67,44.67,40.54,54.92,40.54,44.67,45.75,,74.82,57.09,54.93,,32.0,,,,57.09,57.09,,57.09,57.09,57.09,57.09,57.09,40.54,40.54,,,,,44.67,40.54,40.54,40.54,40.54,40.54,47.29,54.92,56.42,52.85,40.54,40.54,40.54,40.54,57.09,45.4,,,,,,
2019-04-04 07:00:00+02:00,,53.64,,55.91,76.0,51.0,,51.39,,53.64,44.96,53.64,44.96,58.45,44.96,56.19,56.21,,74.77,69.75,62.05,,35.0,,,,69.75,69.75,,69.75,69.75,69.75,69.75,69.75,44.96,44.96,,,,,53.64,44.96,42.67,44.96,44.96,44.96,53.06,58.45,67.16,59.96,44.96,44.96,44.96,44.96,69.75,51.39,,,,,,
2019-04-04 08:00:00+02:00,,59.86,,59.86,82.26,52.89,,53.32,,59.86,49.07,59.86,49.07,59.86,49.07,59.86,61.52,,74.04,82.93,69.1,,42.37,,,,82.93,82.93,,82.93,43.87,82.93,43.87,43.87,49.07,49.07,,,,,59.86,49.07,42.05,49.07,49.07,49.07,54.67,59.86,69.26,62.21,49.07,49.07,49.07,49.07,82.93,53.32,,,,,,
2019-04-04 09:00:00+02:00,,48.09,,59.68,70.46,51.23,,51.3,,46.92,45.8,46.92,45.8,60.44,45.8,60.44,63.07,,73.98,48.09,59.96,,60.32,,,,82.93,82.93,,82.93,38.16,82.93,38.16,38.16,45.8,45.8,,,,,47.5,45.8,41.55,45.8,45.8,45.8,54.51,60.44,60.11,56.95,45.8,45.8,45.8,45.8,48.09,51.3,,,,,,
2019-04-04 10:00:00+02:00,,48.0,,58.74,63.25,47.06,,47.51,,48.0,43.78,48.0,43.78,58.01,43.78,53.69,62.24,,73.98,48.0,53.21,,59.53,,,,79.75,79.75,,79.75,15.0,79.75,15.0,15.0,43.78,43.78,,,,,55.76,43.78,41.12,43.78,43.78,43.78,52.57,58.01,53.33,52.1,43.78,43.78,43.78,43.78,48.0,47.51,,,,,,
2019-04-04 11:00:00+02:00,,47.59,,50.83,50.93,46.07,,45.85,,47.0,41.93,47.0,41.93,55.73,41.93,49.03,58.14,,65.47,47.59,48.93,,55.62,,,,70.0,59.34,,70.0,3.0,59.34,3.0,3.0,41.93,41.93,,,,,50.15,41.93,40.94,41.93,41.93,41.93,53.14,55.73,49.05,45.36,41.93,41.93,41.93,41.93,47.59,45.85,,,,,,
2019-04-04 12:00:00+02:00,,42.5,,49.02,55.54,44.09,,43.0,,40.85,40.75,40.85,40.75,55.56,40.75,46.94,50.13,,65.37,57.09,47.36,,47.97,,,,57.09,57.09,,57.09,1.0,57.09,1.0,1.0,40.75,40.75,,,,,45.0,40.75,40.75,40.75,40.75,40.75,53.03,55.56,47.47,43.29,40.75,40.75,40.75,40.75,57.09,43.0,,,,,,
2019-04-04 13:00:00+02:00,,41.42,,41.66,55.05,42.6,,41.7,,41.32,40.53,41.32,40.33,54.52,40.33,41.71,42.59,,61.61,56.01,45.05,,41.76,,,,56.01,56.01,,56.01,0.0,56.01,0.0,0.0,40.33,40.33,,,,,41.32,40.33,40.33,40.33,40.33,40.33,52.55,54.52,45.15,42.24,40.33,40.33,40.33,40.33,56.01,41.7,,,,,,
2019-04-04 14:00:00+02:00,,38.59,,38.59,53.92,41.36,,40.22,,38.59,38.59,38.59,38.73,53.64,38.73,38.59,39.62,,63.11,48.52,42.52,,39.06,,,,69.75,57.09,,69.75,0.0,57.09,0.0,0.0,38.73,38.73,,,,,38.59,38.73,38.73,38.73,38.73,38.73,46.22,53.64,42.61,40.71,38.73,38.73,38.73,38.73,48.52,40.22,,,,,,
2019-04-04 15:00:00+02:00,,38.3,,38.3,52.91,41.18,,40.7,,38.3,38.3,38.3,38.37,51.0,38.37,38.3,39.3,,65.32,41.0,42.29,,40.0,,,,72.06,58.0,,72.06,0.0,58.0,0.0,0.0,38.37,38.37,,,,,38.3,38.37,38.37,38.37,38.37,38.37,46.84,51.0,42.38,40.16,38.37,38.37,38.37,38.37,41.0,40.7,,,,,,
2019-04-04 16:00:00+02:00,,38.1,,38.1,45.93,41.11,,40.18,,38.1,38.1,38.1,39.03,48.4,39.03,38.1,39.08,,65.54,75.0,43.06,,40.22,,,,75.0,40.99,,75.0,40.99,40.99,40.99,40.99,39.03,39.03,,,,,38.1,39.03,39.03,39.03,39.03,39.03,45.77,48.4,43.15,40.86,39.03,39.03,39.03,39.03,75.0,40.18,,,,,,
2019-04-04 17:00:00+02:00,,40.08,,40.08,53.93,42.4,,42.44,,40.08,40.08,40.08,39.86,50.0,39.86,40.08,40.94,,63.61,59.88,49.06,,42.14,,,,65.89,44.54,,65.89,44.54,44.54,44.54,44.54,39.86,39.86,,,,,40.08,39.86,39.86,39.86,39.86,39.86,46.89,50.0,49.17,42.99,39.86,39.86,39.86,39.86,59.88,42.44,,,,,,
2019-04-04 18:00:00+02:00,,45.23,,45.23,50.99,45.34,,45.45,,45.23,44.94,45.23,42.92,51.76,42.92,45.23,46.37,,65.82,60.0,48.1,,47.76,,,,61.82,52.91,,61.82,52.91,52.91,52.91,52.91,42.92,42.92,,,,,45.23,40.63,40.63,40.63,40.63,40.63,45.77,51.76,48.2,46.95,40.63,40.63,40.63,40.63,60.0,45.45,,,,,,
2019-04-04 19:00:00+02:00,,50.5,,50.5,65.53,49.04,,49.3,,50.5,47.65,50.5,44.91,53.56,44.91,50.5,51.77,,65.67,65.61,59.98,,54.62,,,,65.61,58.34,,65.61,58.34,58.34,58.34,58.34,44.91,44.91,,,,,50.5,40.71,40.71,40.71,40.71,40.71,54.86,53.56,64.16,58.98,40.71,40.71,40.71,40.71,65.61,49.3,,,,,,
2019-04-04 20:00:00+02:00,,48.93,,48.93,68.11,48.35,,49.0,,48.93,45.67,48.93,40.29,56.11,40.29,48.93,52.39,,65.9,65.0,59.83,,55.29,,,,65.0,65.0,,65.0,65.0,65.0,65.0,65.0,40.29,40.29,,,,,48.93,40.29,40.29,40.29,40.29,40.29,55.45,56.11,64.2,57.78,40.29,40.29,40.29,40.29,65.0,49.0,,,,,,
2019-04-04 21:00:00+02:00,,43.81,,43.81,45.91,43.05,,43.27,,43.81,43.81,43.81,39.66,58.51,39.66,43.81,47.85,,74.09,58.85,45.78,,51.59,,,,58.85,57.09,,58.85,57.09,57.09,57.09,57.09,39.66,39.66,,,,,43.81,39.66,39.66,39.66,39.66,39.66,47.43,58.51,45.87,46.73,39.66,39.66,39.66,39.66,58.85,43.27,,,,,,
2019-04-04 22:00:00+02:00,,39.33,,42.44,47.49,41.61,,40.84,,38.49,38.49,38.49,37.57,55.56,37.57,42.44,43.17,,65.83,46.2,41.9,,44.5,,,,49.99,47.0,,49.99,47.0,47.0,47.0,47.0,37.57,37.57,,,,,38.47,38.72,38.72,37.57,37.57,38.72,46.71,55.56,41.99,41.93,37.57,37.57,37.57,37.57,46.2,40.84,,,,,,
2019-04-04 23:00:00+02:00,,36.85,,37.0,36.94,39.19,,38.42,,36.8,36.8,36.8,35.92,54.5,35.92,37.02,37.73,,66.65,36.85,38.42,,38.0,,,,47.31,40.99,,47.31,40.99,40.99,40.99,40.99,35.92,35.92,,,,,36.8,37.78,37.78,36.17,36.17,37.78,40.89,54.5,38.5,39.93,35.92,35.92,35.92,35.92,36.85,38.42,,,,,,
2019-04-05 00:00:00+02:00,,36.45,,40.16,27.64,37.74,,36.28,,35.36,35.36,35.36,35.36,53.57,35.36,40.36,41.03,,65.47,36.45,37.28,,42.31,,,,43.24,43.24,,43.24,43.24,43.24,43.24,43.24,35.36,35.36,,,,,35.36,36.53,36.53,35.36,35.36,36.53,42.07,53.57,37.34,42.1,35.36,35.36,35.36,35.36,36.45,36.28,,,,,,
2019-04-05 01:00:00+02:00,,35.67,,35.78,25.57,35.62,,35.26,,35.47,35.47,35.47,35.47,44.7,35.47,36.37,35.73,,63.64,35.67,35.26,,36.85,,,,40.0,40.0,,40.0,40.0,40.0,40.0,40.0,35.47,35.47,,,,,34.9,36.48,36.48,35.47,35.47,36.48,42.46,44.7,35.31,35.11,35.47,35.47,35.47,35.47,35.67,35.26,,,,,,
2019-04-05 02:00:00+02:00,,34.85,,36.09,26.34,33.88,,33.39,,34.49,34.49,34.49,34.49,41.68,34.49,36.14,36.74,,63.11,34.85,33.39,,35.27,,,,38.05,38.05,,38.05,38.05,38.05,38.05,38.05,34.49,34.49,,,,,34.49,36.57,36.57,34.49,34.49,36.57,42.36,41.68,33.44,32.51,34.49,34.49,34.49,34.49,34.85,33.39,,,,,,
2019-04-05 03:00:00+02:00,,34.46,,36.98,26.54,33.85,,32.99,,33.76,33.76,33.76,34.59,40.78,34.59,36.98,37.7,,62.95,34.46,32.99,,36.19,,,,38.0,38.0,,38.0,38.0,38.0,38.0,38.0,34.59,34.59,,,,,33.76,36.22,36.22,34.59,34.59,36.22,42.39,40.78,33.04,32.05,34.59,34.59,34.59,34.59,34.46,32.99,,,,,,
2019-04-05 04:00:00+02:00,,36.17,,36.17,27.74,34.65,,34.28,,36.17,36.17,36.17,37.06,40.76,37.06,36.17,38.54,,63.11,36.17,34.28,,37.0,,,,39.15,39.15,,39.15,39.15,39.15,39.15,39.15,37.06,37.06,,,,,36.17,37.37,37.37,37.06,37.06,37.37,41.35,40.76,34.33,33.46,37.06,37.06,37.06,37.06,36.17,34.28,,,,,,
2019-04-05 05:00:00+02:00,,38.66,,38.68,38.16,37.31,,37.69,,38.63,38.63,38.63,39.18,41.03,39.18,38.79,39.44,,66.66,38.66,37.69,,37.86,,,,43.4,43.4,,43.4,43.4,43.4,43.4,43.4,39.18,39.18,,,,,38.53,39.18,39.18,39.18,39.18,39.18,40.46,41.03,37.75,37.06,39.18,39.18,39.18,39.18,38.66,37.69,,,,,,
2019-04-05 06:00:00+02:00,,44.84,,45.77,37.77,44.18,,44.9,,44.84,44.84,44.84,46.97,45.83,46.97,45.83,45.91,,74.06,44.84,44.9,,44.0,,,,57.09,57.09,,57.09,57.09,57.09,57.09,57.09,46.97,46.97,,,,,44.84,40.89,40.89,40.89,40.89,40.89,47.13,45.83,44.97,41.68,40.89,40.89,40.89,40.89,44.84,44.9,,,,,,
2019-04-05 07:00:00+02:00,,53.16,,53.64,42.86,52.18,,51.94,,53.16,53.16,53.16,50.04,54.92,50.04,54.92,53.27,,74.76,53.16,51.94,,44.79,,,,68.84,68.84,,68.84,68.84,68.84,68.84,68.84,50.04,50.04,,,,,52.04,42.44,42.44,42.44,42.44,42.44,52.43,54.92,52.02,49.6,42.44,42.44,42.44,42.44,53.16,51.94,,,,,,
2019-04-05 08:00:00+02:00,,58.67,,58.67,45.42,56.53,,54.5,,58.67,58.67,58.67,51.06,58.67,51.06,58.67,59.63,,74.78,58.67,54.5,,63.6,,,,74.33,74.33,,74.33,74.33,74.33,76.18,74.33,51.06,51.06,,,,,58.67,43.93,43.93,43.93,43.93,43.93,56.08,58.67,54.58,53.27,43.93,43.93,43.93,43.93,58.67,54.5,,,,,,
2019-04-05 09:00:00+02:00,,54.91,,53.64,39.88,52.64,,50.62,,53.64,47.53,53.64,50.07,58.43,50.07,58.43,56.67,,79.08,54.91,50.62,,59.88,,,,61.29,61.29,,61.29,61.29,61.29,76.18,61.29,50.07,50.07,,,,,53.64,43.17,43.17,43.17,43.17,43.17,62.09,58.43,50.69,49.04,43.17,43.17,43.17,43.17,54.91,50.62,,,,,,
2019-04-05 10:00:00+02:00,,47.98,,52.4,39.99,49.82,,48.67,,46.58,44.77,46.58,50.04,56.48,50.04,52.55,53.41,,79.05,47.98,48.67,,56.44,,,,56.01,56.01,,56.01,56.01,56.01,56.01,56.01,50.04,50.04,,,,,46.58,42.34,42.34,42.34,42.34,42.34,55.9,56.48,48.74,46.74,42.34,42.34,42.34,42.34,47.98,48.67,,,,,,
2019-04-05 11:00:00+02:00,,44.52,,44.65,35.89,47.11,,45.58,,44.01,41.29,44.01,50.02,55.72,50.02,46.35,45.94,,79.15,44.52,45.58,,48.55,,,,51.52,50.87,,51.52,46.97,50.87,46.97,46.97,50.02,50.02,,,,,42.65,41.29,41.29,41.29,41.29,41.29,59.81,55.72,45.65,47.96,41.29,41.29,41.29,41.29,44.52,45.58,,,,,,
2019-04-05 12:00:00+02:00,,41.75,,39.9,34.96,43.56,,42.21,,41.18,41.18,41.18,48.63,55.44,48.63,43.49,42.17,,79.0,41.75,42.21,,44.57,,,,46.5,46.5,,46.5,46.5,46.5,46.5,46.5,48.63,48.63,,,,,39.9,40.73,40.73,40.73,40.73,40.73,58.41,55.44,42.27,45.09,40.73,40.73,40.73,40.73,41.75,42.21,,,,,,
2019-04-05 13:00:00+02:00,,40.25,,39.72,35.3,41.1,,40.21,,40.08,40.08,40.08,46.94,55.13,46.94,40.73,40.65,,78.88,40.25,40.21,,42.96,,,,45.86,45.86,,45.86,45.86,45.86,45.86,45.86,46.94,46.94,,,,,39.72,40.08,40.08,40.08,40.08,40.08,55.92,55.13,40.27,44.02,40.08,40.08,40.08,40.08,40.25,40.21,,,,,,
2019-04-05 14:00:00+02:00,,38.69,,38.58,33.7,39.67,,39.3,,38.64,38.64,38.64,39.09,54.07,39.09,38.82,39.45,,78.89,38.69,39.3,,40.7,,,,48.0,46.5,,48.0,46.5,46.5,46.5,46.5,39.09,39.09,,,,,38.54,39.09,39.09,39.09,39.09,39.09,55.04,54.07,39.36,44.06,39.09,39.09,39.09,39.09,38.69,39.3,,,,,,
2019-04-05 15:00:00+02:00,,38.34,,38.34,31.29,39.99,,39.1,,38.34,38.34,38.34,38.84,52.44,38.84,38.34,39.07,,78.96,38.34,39.1,,40.32,,,,50.93,50.0,,50.93,48.88,50.0,48.88,48.88,38.84,38.84,,,,,38.34,38.84,38.84,38.84,38.84,38.84,54.88,52.44,39.16,44.33,38.84,38.84,38.84,38.84,38.34,39.1,,,,,,
2019-04-05 16:00:00+02:00,,38.64,,38.64,29.96,40.4,,39.81,,38.64,38.64,38.64,44.98,50.77,44.98,38.64,39.54,,65.61,38.64,41.01,,40.79,,,,50.93,50.93,,50.93,50.93,50.93,50.93,50.93,44.98,44.98,,,,,38.64,39.12,39.12,39.12,39.12,39.12,53.53,50.77,41.08,45.1,39.12,39.12,39.12,39.12,38.64,39.81,,,,,,
2019-04-05 17:00:00+02:00,,40.96,,40.96,34.02,41.45,,41.6,,40.96,40.96,40.96,44.95,50.17,44.95,40.96,41.91,,63.13,40.96,43.99,,43.25,,,,52.13,52.13,,52.13,52.13,52.13,52.13,52.13,44.95,44.95,,,,,40.96,39.98,39.98,39.98,39.98,39.98,52.46,50.17,44.06,48.82,39.98,39.98,39.98,39.98,40.96,41.6,,,,,,
2019-04-05 18:00:00+02:00,,44.35,,44.35,37.66,45.72,,46.08,,44.35,40.63,44.35,45.78,51.01,45.78,44.35,53.98,,64.9,44.35,55.92,,55.69,,,,56.02,56.02,,56.02,56.02,56.02,56.02,56.02,45.78,45.78,,,,,44.35,40.63,40.63,40.63,40.63,40.63,52.21,51.01,56.0,51.48,40.63,40.63,40.63,40.63,44.35,46.08,,,,,,
2019-04-05 19:00:00+02:00,,47.23,,47.23,39.38,48.78,,50.82,,47.23,40.6,47.23,47.33,52.44,47.33,47.23,59.79,,70.79,47.23,52.24,,61.69,,,,67.12,67.12,,67.12,67.12,67.12,67.12,67.12,47.33,47.33,,,,,47.23,40.6,40.6,40.6,40.6,40.6,54.01,52.44,71.35,57.5,40.6,40.6,40.6,40.6,47.23,50.82,,,,,,
2019-04-05 20:00:00+02:00,,46.94,,46.94,39.06,47.27,,48.97,,46.94,40.21,46.94,40.21,54.52,40.21,46.94,60.46,,72.45,46.94,59.91,,62.4,,,,70.0,70.0,,70.0,70.0,70.0,81.0,70.0,40.21,40.21,,,,,46.94,40.21,40.21,40.21,40.21,40.21,55.13,54.52,70.02,59.9,40.21,40.21,40.21,40.21,46.94,48.97,,,,,,
2019-04-05 21:00:00+02:00,,41.99,,41.99,39.75,43.56,,43.61,,41.99,40.46,40.46,40.63,56.48,40.63,41.99,60.46,,79.02,41.99,53.51,,62.3,,,,58.85,58.85,,58.85,58.85,58.85,58.85,58.85,40.46,40.46,,,,,41.99,40.46,40.46,40.46,40.46,40.46,47.68,56.48,53.6,49.17,40.46,40.46,40.46,40.46,41.99,43.61,,,,,,
2019-04-05 22:00:00+02:00,,41.33,,41.33,36.36,41.32,,41.0,,41.33,39.48,39.48,39.48,54.52,39.48,41.33,46.5,,74.75,51.63,52.08,,45.76,,,,51.63,51.63,,51.63,51.63,51.63,51.63,51.63,39.48,39.48,,,,,41.33,39.48,39.48,39.48,39.48,39.48,42.08,54.52,52.15,47.18,39.48,39.48,39.48,39.48,51.63,41.0,,,,,,
2019-04-05 23:00:00+02:00,,40.33,,40.33,44.9,38.19,,38.92,,40.33,39.16,39.16,38.65,52.88,38.65,40.33,42.78,,65.45,40.33,45.89,,41.1,,,,46.5,46.5,,46.5,46.5,46.5,46.5,46.5,38.65,38.65,,,,,40.33,39.16,39.16,38.65,38.65,39.16,40.18,52.88,45.96,45.91,38.65,38.65,38.65,38.65,40.33,38.92,,,,,,
2019-04-06 00:00:00+02:00,,41.65,,41.65,51.89,41.06,,41.8,,41.65,41.12,41.12,37.96,51.51,37.96,41.65,43.93,,63.11,41.65,41.8,,44.81,,,,54.72,54.72,,54.72,54.72,54.72,54.72,54.72,37.96,37.96,,,,,41.65,40.77,40.77,37.96,37.96,40.77,44.39,51.51,41.83,43.97,37.96,37.96,37.96,37.96,41.65,41.8,,,,,,
2019-04-06 01:00:00+02:00,,39.86,,39.86,49.11,38.52,,39.1,,39.86,39.86,39.86,37.93,45.68,37.93,39.86,41.92,,61.48,39.86,39.1,,41.01,,,,50.57,50.57,,50.57,50.57,50.57,50.57,50.57,37.93,37.93,,,,,39.86,40.22,40.22,37.93,37.93,40.22,43.15,45.68,39.12,39.31,37.93,37.93,37.93,37.93,39.86,39.1,,,,,,
2019-04-06 02:00:00+02:00,,38.31,,38.31,46.46,36.72,,37.33,,38.31,38.31,38.31,37.39,39.4,37.39,38.31,43.45,,45.43,38.31,37.33,,41.5,,,,49.12,49.12,,49.12,49.12,49.12,49.12,49.12,37.39,37.39,,,,,38.31,39.58,39.58,37.39,37.39,39.58,41.12,39.4,37.35,38.56,37.39,37.39,37.39,37.39,38.31,37.33,,,,,,
2019-04-06 03:00:00+02:00,,36.1,,36.1,46.63,36.37,,36.6,,36.1,36.1,36.1,36.1,38.5,36.1,36.1,44.0,,60.5,36.1,36.6,,42.02,,,,48.63,48.63,,48.63,48.63,48.63,48.63,48.63,36.1,36.1,,,,,36.1,39.21,39.21,36.63,36.63,39.21,40.81,38.5,36.62,37.51,36.1,36.1,36.1,36.1,36.1,36.6,,,,,,
2019-04-06 04:00:00+02:00,,36.13,,36.13,46.06,36.26,,36.57,,36.13,36.13,36.13,36.13,37.27,36.13,36.13,48.93,,59.4,36.13,36.57,,38.77,,,,48.58,48.58,,48.58,48.58,48.58,48.58,48.58,36.13,36.13,,,,,36.13,39.13,39.13,36.81,36.81,39.13,41.48,37.27,36.59,37.09,36.13,36.13,36.13,36.13,36.13,36.57,,,,,,
2019-04-06 05:00:00+02:00,,37.27,,37.27,47.53,37.07,,37.29,,37.27,37.27,37.27,37.27,37.27,37.27,37.27,48.35,,61.96,37.27,37.29,,36.82,,,,49.01,49.01,,49.01,49.01,49.01,49.01,49.01,37.27,37.27,,,,,37.27,39.09,39.09,37.27,37.27,39.09,42.16,37.27,37.31,38.91,37.27,37.27,37.27,37.27,37.27,37.29,,,,,,
2019-04-06 06:00:00+02:00,,39.2,,39.2,45.23,38.98,,39.0,,39.2,39.2,39.2,38.06,39.2,38.06,39.2,52.38,,63.11,39.2,39.73,,36.82,,,,52.55,52.55,,52.55,52.55,52.55,52.55,52.55,38.06,38.06,,,,,39.2,40.24,40.24,38.06,38.06,40.24,41.35,39.2,39.75,40.48,38.06,38.06,38.06,38.06,39.2,39.0,,,,,,
2019-04-06 07:00:00+02:00,,42.03,,42.03,46.29,41.95,,41.81,,42.03,42.03,42.03,38.82,42.03,38.82,42.03,59.6,,65.46,50.03,49.23,,43.35,,,,58.0,58.0,,58.0,58.0,58.0,58.0,58.0,38.82,38.82,,,,,42.03,40.69,40.69,38.82,38.82,40.69,46.72,42.03,49.26,44.09,38.82,38.82,38.82,38.82,50.03,41.81,,,,,,
2019-04-06 08:00:00+02:00,,44.06,,44.06,46.21,43.49,,43.4,,44.06,44.06,44.06,40.35,44.06,40.35,44.06,45.31,,74.05,58.34,53.98,,43.29,,,,58.34,58.34,,58.34,58.34,58.34,124.73,58.34,40.35,40.35,,,,,44.06,41.62,41.62,40.35,40.35,41.62,51.37,44.06,54.01,47.09,40.35,40.35,40.35,40.35,58.34,43.4,,,,,,
2019-04-06 09:00:00+02:00,,46.51,,46.51,36.97,42.71,,43.57,,46.51,46.51,46.51,41.3,46.51,41.3,46.51,53.46,,74.05,58.34,54.46,,51.07,,,,58.34,58.34,,58.34,58.34,58.34,124.73,58.34,41.3,41.3,,,,,46.51,41.67,41.67,41.3,41.3,41.67,57.15,46.51,54.5,46.81,41.3,41.3,41.3,41.3,58.34,43.57,,,,,,
2019-04-06 10:00:00+02:00,,42.72,,42.72,33.39,42.41,,40.29,,42.72,42.72,42.72,41.17,49.12,41.17,42.72,63.91,,65.46,47.0,52.0,,60.15,,,,52.1,52.1,,52.1,52.1,52.1,98.0,52.1,41.17,41.17,,,,,42.72,41.17,41.17,41.17,41.17,41.17,57.25,49.12,52.03,44.81,41.17,41.17,41.17,41.17,47.0,40.29,,,,,,
2019-04-06 11:00:00+02:00,,40.91,,40.91,29.74,41.9,,37.85,,40.91,40.91,40.91,40.25,45.68,40.25,40.91,58.1,,65.46,40.91,45.39,,56.87,,,,48.63,48.63,,48.63,48.63,48.63,91.0,48.63,40.25,40.25,,,,,40.91,40.25,40.25,40.25,40.25,40.25,57.5,45.68,45.42,41.31,40.25,40.25,40.25,40.25,40.91,37.85,,,,,,
2019-04-06 12:00:00+02:00,,35.66,,38.4,27.22,40.3,,33.59,,34.56,34.56,34.56,38.75,43.75,38.75,40.35,58.1,,65.63,43.13,41.96,,56.87,,,,43.13,43.13,,43.13,43.13,43.13,71.0,43.13,38.75,38.75,,,,,37.87,39.12,39.12,38.75,38.75,39.12,53.43,43.75,41.99,40.04,38.75,38.75,38.75,38.75,43.13,33.59,,,,,,
2019-04-06 13:00:00+02:00,,33.72,,34.95,24.53,37.47,,31.33,,33.66,34.1,34.1,36.97,44.0,36.97,34.36,50.54,,65.65,40.0,40.05,,51.89,,,,40.0,40.0,,40.0,40.0,40.0,45.82,40.0,36.97,36.97,,,,,37.89,39.14,39.14,38.16,38.16,39.14,53.76,44.0,40.07,37.99,36.97,36.97,36.97,36.97,40.0,31.33,,,,,,
2019-04-06 14:00:00+02:00,,31.09,,32.12,24.53,34.9,,29.28,,31.03,35.94,35.94,35.94,41.5,35.94,31.62,44.15,,65.67,39.81,38.02,,45.33,,,,42.12,42.12,,42.12,42.12,42.12,42.12,42.12,35.94,35.94,,,,,34.6,38.67,38.67,38.1,38.1,38.67,49.83,41.5,38.05,35.52,35.94,35.94,35.94,35.94,39.81,29.28,,,,,,
2019-04-06 15:00:00+02:00,,31.02,,32.58,24.53,33.26,,28.5,,31.02,35.97,35.97,35.97,40.63,35.97,31.88,42.29,,65.67,39.9,39.95,,43.42,,,,43.64,43.64,,43.64,43.64,43.64,43.64,43.64,35.97,35.97,,,,,36.2,38.4,38.4,38.12,38.12,38.4,46.34,40.63,39.97,34.08,35.97,35.97,35.97,35.97,39.9,28.5,,,,,,
2019-04-06 16:00:00+02:00,,31.04,,32.97,24.53,32.1,,28.0,,31.04,37.43,37.43,37.43,38.62,37.43,32.2,41.82,,65.67,45.84,42.39,,43.99,,,,45.84,45.84,,45.84,45.84,45.84,75.18,45.84,37.43,37.43,,,,,37.38,38.61,38.61,38.16,38.16,38.61,45.92,38.62,42.42,36.05,37.43,37.43,37.43,37.43,45.84,28.0,,,,,,
2019-04-06 17:00:00+02:00,,32.41,,34.26,50.01,33.08,,32.47,,32.41,35.05,35.05,38.36,39.39,38.36,33.53,48.78,,63.7,49.09,46.06,,50.1,,,,49.09,49.09,,49.09,49.09,49.09,89.9,49.09,38.36,38.36,,,,,38.6,39.65,39.65,38.36,38.36,39.65,45.99,39.39,46.09,38.56,38.36,38.36,38.36,38.36,49.09,32.47,,,,,,
2019-04-06 18:00:00+02:00,,41.28,,41.38,49.96,39.24,,38.7,,41.28,41.28,41.28,40.29,41.33,40.29,41.33,62.73,,67.6,41.28,44.08,,64.42,,,,52.29,52.29,,52.29,52.29,52.29,89.9,52.29,40.29,40.29,,,,,41.62,40.29,40.29,40.29,40.29,40.29,46.08,41.33,44.11,49.91,40.29,40.29,40.29,40.29,41.28,38.7,,,,,,
2019-04-06 19:00:00+02:00,,42.91,,42.91,51.08,41.82,,42.23,,42.91,42.91,42.91,40.9,42.91,40.9,42.91,67.6,,71.0,60.71,57.63,,69.42,,,,60.71,60.71,,60.71,60.71,60.71,108.18,60.71,40.9,40.9,,,,,42.91,40.9,40.9,40.9,40.9,40.9,52.56,42.91,57.66,56.91,40.9,40.9,40.9,40.9,60.71,42.23,,,,,,
2019-04-06 20:00:00+02:00,,42.0,,48.93,59.34,42.31,,40.0,,41.88,41.88,41.88,41.07,52.0,41.07,45.65,70.61,,71.5,68.2,62.04,,72.53,,,,68.2,68.2,,68.2,68.2,68.2,124.73,68.2,41.07,41.07,,,,,65.0,41.07,41.07,41.07,41.07,41.07,58.01,52.0,62.08,58.11,41.07,41.07,41.07,41.07,68.2,40.0,,,,,,
2019-04-06 21:00:00+02:00,,40.1,,42.28,50.94,41.45,,37.04,,39.99,39.99,39.99,39.99,55.44,39.99,41.22,71.44,,68.68,58.34,55.37,,73.37,,,,58.34,58.34,,58.34,58.34,58.34,108.18,58.34,39.99,39.99,,,,,47.4,40.38,40.38,39.99,39.99,40.38,51.04,55.44,55.41,50.42,39.99,39.99,39.99,39.99,58.34,37.04,,,,,,
2019-04-06 22:00:00+02:00,,39.45,,42.23,44.93,41.69,,35.67,,39.21,39.21,39.21,39.21,53.56,39.21,40.82,57.45,,65.66,42.0,43.38,,59.0,,,,50.0,50.0,,50.0,50.0,50.0,76.23,50.0,39.21,39.21,,,,,48.0,40.03,40.03,39.21,39.21,40.03,41.71,53.56,43.4,44.13,39.21,39.21,39.21,39.21,42.0,35.67,,,,,,
2019-04-06 23:00:00+02:00,,36.59,,40.53,40.93,40.99,,31.3,,36.22,36.22,36.22,36.32,53.85,36.32,38.41,46.81,,65.63,36.59,35.55,,48.07,,,,46.99,46.99,,46.99,46.99,46.99,76.23,46.99,36.32,36.32,,,,,45.53,39.9,39.9,37.85,37.85,39.9,42.92,53.85,35.57,39.36,36.32,36.32,36.32,36.32,36.59,31.3,,,,,,
2019-04-07 00:00:00+02:00,,36.36,,44.96,31.14,37.73,,34.15,,36.05,38.61,38.61,38.61,51.51,38.61,45.26,59.0,,63.11,36.36,37.74,,60.48,,,,49.92,53.38,,49.92,53.38,53.38,53.38,53.38,38.61,38.61,,,,,41.78,40.45,40.45,38.98,38.98,40.45,41.56,51.51,37.73,37.91,38.61,38.61,38.61,38.61,36.36,34.15,,,,,,
2019-04-07 01:00:00+02:00,,37.73,,37.98,29.05,36.07,,33.48,,37.71,38.51,38.51,38.51,42.03,38.51,37.86,43.67,,63.11,37.73,33.48,,45.86,,,,48.63,49.06,,48.63,49.06,49.06,49.06,49.06,38.51,38.51,,,,,38.63,39.91,39.91,38.8,38.8,39.91,41.14,42.03,33.48,34.47,38.51,38.51,38.51,38.51,37.73,33.48,,,,,,
2019-04-07 02:00:00+02:00,,37.14,,37.21,26.05,34.83,,32.08,,37.13,38.05,38.05,38.05,39.01,38.05,37.18,47.61,,61.87,37.14,32.08,,48.15,,,,47.97,49.06,,47.97,49.06,49.06,49.06,49.06,38.05,38.05,,,,,37.4,39.06,39.06,38.66,38.66,39.06,41.1,39.01,32.08,32.02,38.05,38.05,38.05,38.05,37.14,32.08,,,,,,
2019-04-07 03:00:00+02:00,,35.5,,35.5,25.54,34.03,,31.39,,35.5,38.03,38.03,38.03,38.61,38.03,35.5,51.06,,61.64,35.5,31.39,,49.9,,,,45.83,45.83,,45.83,45.83,45.83,45.83,45.83,38.03,38.03,,,,,35.5,39.05,39.05,38.6,38.6,39.05,41.15,38.61,31.39,31.26,38.03,38.03,38.03,38.03,35.5,31.39,,,,,,
2019-04-07 04:00:00+02:00,,35.64,,35.64,25.52,33.97,,31.42,,35.64,38.64,38.64,38.64,38.3,38.64,35.64,50.05,,62.97,35.64,31.42,,48.93,,,,45.84,45.84,,45.84,45.84,45.84,45.84,45.84,38.64,38.64,,,,,35.64,39.07,39.07,38.64,38.64,39.07,40.91,38.3,31.42,31.18,38.64,38.64,38.64,38.64,35.64,31.42,,,,,,
2019-04-07 05:00:00+02:00,,36.17,,36.17,24.52,34.59,,31.92,,36.17,38.66,38.66,38.66,38.8,38.66,36.17,48.65,,62.96,36.17,31.92,,48.15,,,,45.83,45.83,,45.83,45.83,45.83,45.83,45.83,38.66,38.66,,,,,36.17,39.16,39.16,38.66,38.66,39.16,40.87,41.03,31.92,32.93,38.66,38.66,38.66,38.66,36.17,31.92,,,,,,
2019-04-07 06:00:00+02:00,,36.69,,36.69,25.19,36.39,,33.03,,36.69,38.32,38.32,38.32,39.1,38.32,36.69,47.04,,61.48,36.69,33.03,,45.98,,,,48.41,48.41,,48.41,48.41,48.41,48.41,48.41,38.32,38.32,,,,,36.69,38.79,38.79,38.59,38.59,38.79,39.75,41.03,33.03,34.68,38.32,38.32,38.32,38.32,36.69,33.03,,,,,,
2019-04-07 07:00:00+02:00,,39.43,,39.43,30.21,37.55,,35.1,,39.43,39.43,39.43,39.43,41.31,39.43,39.43,44.49,,65.51,39.43,35.79,,45.63,,,,48.63,49.06,,48.63,49.06,49.06,49.06,49.06,39.43,39.43,,,,,39.43,39.43,39.43,39.43,39.43,39.43,40.94,41.31,35.79,37.75,39.43,39.43,39.43,39.43,39.43,35.1,,,,,,
2019-04-07 08:00:00+02:00,,40.51,,40.51,27.62,38.12,,37.1,,40.51,40.51,40.51,40.51,45.68,40.51,40.51,50.51,,65.23,40.51,37.94,,48.2,,,,49.46,49.46,,49.46,49.46,49.46,100.21,49.46,40.51,40.51,,,,,40.51,40.51,40.51,40.51,40.51,40.51,45.47,45.68,37.94,41.77,40.51,40.51,40.51,40.51,40.51,37.1,,,,,,
2019-04-07 09:00:00+02:00,,40.66,,40.66,25.78,36.7,,37.23,,40.66,40.66,40.66,40.66,51.51,40.66,40.66,50.63,,65.6,40.66,37.23,,49.5,,,,55.27,55.27,,55.27,55.27,55.27,100.21,55.27,40.66,40.66,,,,,40.66,40.66,40.66,40.66,40.66,40.66,46.36,51.51,37.23,40.05,40.66,40.66,40.66,40.66,40.66,37.23,,,,,,
2019-04-07 10:00:00+02:00,,36.63,,36.63,24.53,34.54,,35.07,,36.63,39.66,39.66,39.66,53.01,39.66,36.63,62.69,,63.69,36.63,35.07,,60.0,,,,58.35,58.35,,58.35,58.35,58.35,81.0,58.35,39.66,39.66,,,,,36.63,39.66,39.66,39.66,39.66,39.66,51.14,53.01,35.07,40.01,39.66,39.66,39.66,39.66,36.63,35.07,,,,,,
2019-04-07 11:00:00+02:00,,34.99,,34.99,24.52,33.91,,33.7,,34.99,39.54,39.54,39.54,53.1,39.54,34.99,63.04,,63.69,34.99,33.87,,65.97,,,,58.09,58.09,,58.09,58.09,58.09,80.21,58.09,39.54,39.54,,,,,34.99,39.54,39.54,39.54,39.54,39.54,51.22,53.1,33.87,42.06,39.54,39.54,39.54,39.54,34.99,33.7,,,,,,
2019-04-07 12:00:00+02:00,,34.68,,34.68,24.51,31.94,,30.8,,34.68,39.19,39.19,39.19,53.01,39.19,34.68,62.92,,63.69,34.68,31.73,,66.1,,,,57.09,57.09,,57.09,57.09,57.09,76.23,57.09,39.19,39.19,,,,,34.68,39.19,39.19,39.19,39.19,39.19,51.11,53.01,31.73,42.01,39.19,39.19,39.19,39.19,34.68,30.8,,,,,,
2019-04-07 13:00:00+02:00,,31.5,,31.5,24.51,26.74,,27.6,,31.5,38.88,38.88,38.88,52.35,38.88,31.5,54.56,,63.11,31.5,27.6,,55.96,,,,51.86,51.86,,51.86,51.86,51.86,71.0,51.86,38.88,38.88,,,,,31.5,38.88,38.88,38.88,38.88,38.88,50.34,52.35,27.6,37.57,38.88,38.88,38.88,38.88,31.5,27.6,,,,,,
2019-04-07 14:00:00+02:00,,28.03,,28.03,24.52,25.09,,26.89,,28.03,38.56,38.56,38.56,51.51,38.56,28.03,47.59,,61.48,28.03,26.89,,48.81,,,,51.51,51.51,,51.51,51.51,51.51,51.51,51.51,38.56,38.56,,,,,28.03,38.56,38.56,38.56,38.56,38.56,46.36,51.51,26.89,35.07,38.56,38.56,38.56,38.56,28.03,26.89,,,,,,
2019-04-07 15:00:00+02:00,,28.92,,28.92,24.53,25.87,,27.87,,28.92,38.35,38.35,38.35,48.01,38.35,28.92,43.45,,61.35,28.92,27.87,,44.8,,,,52.34,52.34,,52.34,52.34,52.34,52.34,52.34,38.35,38.35,,,,,28.92,38.35,38.35,38.35,38.35,38.35,45.88,48.01,27.87,37.01,38.35,38.35,38.35,38.35,28.92,27.87,,,,,,
2019-04-07 16:00:00+02:00,,31.4,,31.4,25.32,27.78,,30.37,,31.4,38.29,38.29,38.29,43.3,38.29,31.4,45.73,,63.11,31.4,31.42,,45.51,,,,52.1,52.1,,52.1,52.1,52.1,52.1,52.1,38.29,38.29,,,,,31.4,38.29,38.29,38.29,38.29,38.29,45.89,43.3,31.42,38.03,38.29,38.29,38.29,38.29,31.4,30.37,,,,,,
2019-04-07 17:00:00+02:00,,34.87,,34.87,38.15,35.02,,33.8,,34.87,34.87,38.16,38.16,43.4,38.16,34.87,55.71,,65.57,34.87,41.21,,53.19,,,,55.0,55.0,,55.0,55.0,55.0,73.21,55.0,38.16,38.16,,,,,34.87,39.16,39.16,38.68,38.68,39.16,45.89,43.4,41.21,43.02,38.16,38.16,38.16,38.16,34.87,33.8,,,,,,
2019-04-07 18:00:00+02:00,,42.9,,42.9,52.99,42.0,,40.31,,42.9,42.9,40.88,40.88,42.9,40.88,42.9,66.75,,65.82,42.9,52.69,,63.72,,,,53.92,53.92,,53.92,53.92,53.92,53.92,53.92,40.88,40.88,,,,,42.9,41.02,41.02,40.88,40.88,41.02,45.89,42.9,52.69,46.06,40.88,40.88,40.88,40.88,42.9,40.31,,,,,,
2019-04-07 19:00:00+02:00,,46.65,,46.65,59.15,45.1,,45.72,,46.65,46.65,46.65,42.22,46.65,42.22,46.65,70.1,,65.83,58.42,59.13,,66.93,,,,58.42,58.42,,58.42,58.42,58.42,73.21,58.42,42.22,42.22,,,,,46.65,42.22,42.22,42.22,42.22,42.22,52.92,46.65,59.12,53.49,42.22,42.22,42.22,42.22,58.42,45.72,,,,,,
2019-04-07 20:00:00+02:00,,49.65,,49.65,63.68,45.34,,45.38,,49.65,49.65,49.65,42.35,53.01,42.35,49.65,75.28,,65.85,66.2,63.1,,71.88,,,,66.2,66.2,,66.2,66.2,66.2,76.23,66.2,42.35,42.35,,,,,49.65,42.35,42.35,42.35,42.35,42.35,54.7,53.01,63.09,59.09,42.35,42.35,42.35,42.35,66.2,45.38,,,,,,
2019-04-07 21:00:00+02:00,,46.27,,46.27,62.32,44.23,,43.4,,46.27,46.27,46.27,41.02,58.6,41.02,46.27,74.27,,68.62,58.0,57.34,,70.92,,,,58.0,58.0,,58.0,58.0,58.0,74.21,58.0,41.02,41.02,,,,,46.27,42.5,42.5,41.02,41.02,42.5,51.44,58.6,57.34,53.02,41.02,41.02,41.02,41.02,58.0,43.4,,,,,,
2019-04-07 22:00:00+02:00,,45.55,,45.55,57.0,43.95,,43.1,,45.55,42.04,42.04,40.06,55.53,40.06,45.55,52.79,,65.78,50.61,51.99,,50.41,,,,50.61,50.61,,50.61,50.61,50.61,50.61,50.61,40.06,40.06,,,,,45.55,42.04,42.04,40.06,40.06,42.04,45.69,55.53,51.99,48.33,40.06,40.06,40.06,40.06,50.61,43.1,,,,,,
2019-04-07 23:00:00+02:00,,44.01,,44.01,43.18,42.13,,40.53,,44.01,41.65,41.65,39.46,53.1,39.46,44.01,46.17,,69.95,44.01,40.53,,44.09,,,,46.04,46.04,,46.04,46.04,46.04,46.04,46.04,39.46,39.46,,,,,44.01,41.65,41.65,39.46,39.46,41.65,42.61,53.1,40.52,42.61,39.46,39.46,39.46,39.46,44.01,40.53,,,,,,
2019-04-08 00:00:00+02:00,,38.84,,38.84,28.39,40.81,,36.88,,38.84,38.84,38.84,37.57,54.99,37.57,38.84,44.09,,69.66,39.8,36.88,,43.13,,,,39.8,39.8,,39.8,39.8,39.8,39.8,39.8,37.57,37.57,,,,,38.84,40.58,40.58,37.57,37.57,40.58,46.72,54.99,36.87,37.97,37.57,37.57,37.57,37.57,39.8,36.88,,,,,,
2019-04-08 01:00:00+02:00,,37.7,,37.7,30.02,38.93,,35.77,,37.7,37.7,37.7,36.79,45.68,36.79,37.7,40.52,,63.27,37.7,35.77,,39.64,,,,39.05,39.05,,39.05,39.05,39.05,39.05,39.05,36.79,36.79,,,,,37.7,39.1,39.1,36.79,36.79,39.1,46.77,45.68,35.76,35.83,36.79,36.79,36.79,36.79,37.7,35.77,,,,,,
2019-04-08 02:00:00+02:00,,36.73,,36.73,28.79,37.14,,34.29,,36.73,36.73,36.73,35.85,42.7,35.85,36.73,38.76,,62.96,36.73,34.29,,37.02,,,,36.73,36.73,,36.73,36.73,36.73,36.73,36.73,35.85,35.85,,,,,36.73,38.59,38.59,35.85,35.85,38.59,46.75,42.7,34.28,34.84,35.85,35.85,35.85,35.85,36.73,34.29,,,,,,
2019-04-08 03:00:00+02:00,,36.3,,36.3,29.03,36.93,,33.7,,36.3,36.3,36.3,35.59,42.56,35.59,36.3,47.6,,45.0,36.3,33.7,,45.47,,,,36.3,36.3,,36.3,36.3,36.3,36.3,36.3,35.59,35.59,,,,,36.3,38.39,38.39,35.59,35.59,38.39,46.83,42.56,33.69,33.27,35.59,35.59,35.59,35.59,36.3,33.7,,,,,,
2019-04-08 04:00:00+02:00,,37.2,,37.2,30.06,38.73,,35.79,,37.2,37.2,37.2,37.2,42.51,37.2,37.2,45.24,,62.96,37.2,35.79,,43.22,,,,37.2,37.2,,37.2,37.2,37.2,37.2,37.2,37.2,37.2,,,,,37.2,38.43,38.43,37.2,37.2,38.43,46.7,42.51,35.77,34.62,37.2,37.2,37.2,37.2,37.2,35.79,,,,,,
2019-04-08 05:00:00+02:00,,41.6,,41.6,45.96,42.57,,40.88,,41.6,41.6,41.6,40.6,43.63,40.6,41.6,42.79,,65.47,41.6,42.76,,40.88,,,,41.6,41.6,,41.6,41.6,41.6,41.6,41.6,40.6,40.6,,,,,41.6,40.6,40.6,40.6,40.6,40.6,46.99,43.63,42.74,39.18,40.6,40.6,40.6,40.6,41.6,40.88,,,,,,
2019-04-08 06:00:00+02:00,,54.96,,54.96,64.27,47.27,,50.8,,54.96,42.59,42.59,42.59,54.96,42.59,54.96,56.3,,69.81,55.0,57.99,,50.09,,,,55.0,55.0,,55.0,55.0,55.0,55.0,55.0,42.59,42.59,,,,,54.96,42.59,42.59,42.59,42.46,42.59,56.9,54.96,57.96,49.04,42.59,42.59,42.59,42.59,55.0,50.8,,,,,,
2019-04-08 07:00:00+02:00,,59.47,,59.47,94.01,53.01,,57.0,,59.47,44.43,44.43,44.43,59.47,44.43,59.47,60.73,,65.82,66.21,74.9,,57.33,,,,66.21,66.21,,66.21,66.21,66.21,66.21,66.21,44.43,44.43,,,,,59.47,44.43,44.43,44.43,43.49,44.43,57.98,57.99,74.85,62.35,44.43,44.43,44.43,44.43,66.21,57.0,,,,,,
2019-04-08 08:00:00+02:00,,60.0,,60.0,96.92,57.83,,59.59,,60.0,44.84,44.84,44.84,60.0,44.84,60.0,61.26,,70.0,75.01,78.1,,65.07,,,,75.01,71.9,,75.01,71.9,71.9,124.01,71.9,44.84,44.84,,,,,60.0,44.84,44.84,44.84,43.73,44.84,61.8,57.99,78.04,63.86,44.84,44.84,44.84,44.84,75.01,59.59,,,,,,
2019-04-08 09:00:00+02:00,,58.62,,58.62,84.07,54.0,,54.8,,58.62,44.49,44.49,44.49,58.62,44.49,58.62,68.94,,70.0,67.0,72.99,,72.5,,,,67.0,63.52,,67.0,63.52,63.52,76.35,63.52,44.49,44.49,,,,,58.62,44.49,44.49,44.49,43.67,44.49,59.62,58.09,72.93,60.8,44.49,44.49,44.49,44.49,67.0,72.99,,,,,,
2019-04-08 10:00:00+02:00,,49.76,,51.77,79.02,48.78,,49.4,,49.1,44.17,44.17,44.17,57.05,44.17,51.77,71.89,,70.0,66.03,66.58,,75.61,,,,66.03,56.49,,66.03,56.49,43.51,71.0,56.49,44.17,44.17,,,,,49.1,44.17,44.17,44.17,43.5,44.17,58.26,57.05,66.51,56.56,44.17,44.17,44.17,44.17,66.03,66.58,,,,,,
2019-04-08 11:00:00+02:00,,45.19,,47.63,71.22,47.17,,46.7,,44.4,42.98,42.98,42.98,56.91,42.98,47.63,66.08,,65.6,65.15,64.2,,69.52,,,,65.15,55.0,,65.15,55.0,13.03,55.0,55.0,42.98,42.98,,,,,44.4,42.98,42.98,42.98,42.98,42.98,63.0,56.91,64.13,54.06,42.98,42.98,42.98,42.98,65.15,46.7,,,,,,
2019-04-08 12:00:00+02:00,,43.94,,47.4,67.32,45.93,,43.6,,42.82,42.35,42.35,42.35,56.19,42.35,47.4,60.16,,65.61,81.14,60.3,,63.28,,,,53.34,51.0,,53.34,51.0,3.0,51.0,51.0,42.35,42.35,,,,,41.0,42.35,42.35,42.35,42.35,42.35,59.81,56.19,60.23,51.32,42.35,42.35,42.35,42.35,81.14,43.6,,,,,,
2019-04-08 13:00:00+02:00,,42.36,,43.97,67.1,45.02,,42.04,,41.85,41.85,41.85,41.85,56.0,41.85,43.97,53.32,,65.82,53.39,59.97,,63.28,,,,53.39,47.39,,53.39,47.39,0.0,47.39,47.39,41.85,41.85,,,,,40.51,41.85,41.85,41.85,41.85,41.85,58.22,56.0,59.9,50.26,41.85,41.85,41.85,41.85,53.39,42.04,,,,,,
2019-04-08 14:00:00+02:00,,40.96,,42.66,67.09,43.91,,40.0,,40.42,40.42,40.42,40.42,54.96,40.42,42.66,46.71,,65.82,59.53,59.99,,50.14,,,,59.53,50.42,,59.53,50.42,0.0,50.42,50.42,40.42,40.42,,,,,39.25,40.42,40.42,40.42,40.42,40.42,57.96,54.96,59.91,51.35,40.42,40.42,40.42,40.42,59.53,40.0,,,,,,
2019-04-08 15:00:00+02:00,,40.17,,40.17,67.44,43.99,,40.68,,40.17,40.17,40.17,40.17,54.01,40.17,40.17,45.52,,65.8,61.33,60.41,,49.04,,,,61.33,51.0,,61.33,50.42,0.0,50.42,51.0,40.17,40.17,,,,,40.17,40.17,40.17,40.17,40.17,40.17,57.22,54.01,60.33,51.33,40.17,40.17,40.17,40.17,61.33,40.68,,,,,,
2019-04-08 16:00:00+02:00,,39.73,,39.73,65.51,44.0,,41.46,,39.73,39.73,40.76,40.76,51.53,40.76,39.73,46.01,,69.74,61.52,65.04,,47.27,,,,61.52,52.92,,61.52,51.0,0.0,51.0,52.92,40.76,40.76,,,,,39.73,40.76,40.76,40.76,40.76,40.76,57.62,51.53,64.95,54.67,40.76,40.76,40.76,40.76,61.52,41.46,,,,,,
2019-04-08 17:00:00+02:00,,42.84,,42.84,65.08,44.64,,44.1,,42.84,42.84,41.81,41.81,52.51,41.81,42.84,47.86,,71.99,57.98,65.04,,50.37,,,,57.98,56.0,,57.98,56.0,0.0,56.0,56.0,41.81,41.81,,,,,42.84,41.81,41.81,41.81,41.81,41.81,56.01,52.51,64.94,56.57,41.81,41.81,41.81,41.81,57.98,65.04,,,,,,
2019-04-08 18:00:00+02:00,,45.05,,45.05,68.68,46.05,,48.3,,45.05,43.1,43.1,43.1,53.53,43.1,45.05,63.72,,73.16,57.98,68.61,,67.07,,,,57.98,57.98,,57.98,57.98,3.0,57.98,57.98,43.1,43.1,,,,,45.05,43.1,43.1,43.1,42.74,43.1,55.82,53.53,68.5,61.43,43.1,43.1,43.1,43.1,57.98,48.3,,,,,,
2019-04-08 19:00:00+02:00,,48.46,,48.46,82.67,48.55,,52.12,,48.46,43.95,43.95,43.95,54.96,43.95,48.46,66.67,,73.52,96.0,82.59,,70.18,,,,72.03,72.03,,72.03,72.03,43.51,76.35,72.03,43.95,43.95,,,,,48.46,43.95,43.95,43.95,43.03,43.95,57.22,54.96,82.45,70.13,43.95,43.95,43.95,43.95,96.0,82.59,,,,,,
2019-04-08 20:00:00+02:00,,46.58,,46.58,84.23,47.23,,49.61,,46.58,43.25,43.25,43.25,56.05,43.25,46.58,67.2,,73.54,101.05,84.2,,70.74,,,,73.75,73.75,,73.75,73.75,73.75,81.0,73.75,43.25,43.25,,,,,46.58,43.25,43.25,43.25,43.07,43.25,58.04,56.05,84.04,69.59,43.25,43.25,43.25,43.25,101.05,84.2,,,,,,
2019-04-08 21:00:00+02:00,,43.45,,43.63,59.69,44.64,,42.97,,43.42,42.38,42.38,42.38,58.42,42.38,43.53,69.63,,72.63,67.0,73.46,,73.3,,,,67.0,67.0,,67.0,67.0,67.0,76.35,67.0,42.38,42.38,,,,,43.78,42.38,42.38,42.38,42.38,42.38,52.47,56.91,73.32,61.39,42.38,42.38,42.38,42.38,67.0,42.97,,,,,,
2019-04-08 22:00:00+02:00,,42.25,,43.3,45.0,43.92,,40.0,,41.94,41.94,41.01,41.01,55.66,41.01,43.39,47.86,,70.0,55.26,58.99,,50.38,,,,55.26,55.26,,55.26,55.26,43.51,55.26,55.26,41.01,41.01,,,,,42.37,41.01,41.01,41.01,41.01,41.01,46.76,55.66,58.88,53.52,41.01,41.01,41.01,41.01,55.26,40.0,,,,,,
2019-04-08 23:00:00+02:00,,39.15,,45.42,30.04,42.38,,37.33,,37.44,37.44,38.36,38.36,55.3,38.36,45.42,46.33,,65.64,49.75,44.04,,48.78,,,,49.75,49.75,,49.75,49.75,43.51,49.75,49.75,38.36,38.36,,,,,37.44,38.9,38.9,39.24,39.24,38.9,43.53,55.3,43.95,47.28,38.36,38.36,38.36,38.36,49.75,37.33,,,,,,
2019-04-09 00:00:00+02:00,,36.02,,40.0,42.98,41.83,,37.7,,34.75,34.75,33.24,33.24,50.94,33.24,40.97,48.65,,65.33,50.16,43.79,,50.0,,,,50.16,50.16,,50.16,50.16,50.16,50.16,50.16,33.24,33.24,,,,,34.75,39.84,39.84,39.84,39.84,39.84,51.89,50.94,43.7,43.69,33.24,33.24,33.24,33.24,50.16,37.7,,,,,,
2019-04-09 01:00:00+02:00,,35.9,,37.43,30.03,38.36,,37.1,,34.69,34.69,34.1,34.1,45.68,34.1,40.55,42.21,,63.11,46.66,37.1,,44.43,,,,46.66,46.66,,46.66,46.66,46.66,46.66,46.66,34.1,34.1,,,,,34.69,39.79,39.79,39.79,39.79,39.79,50.26,45.68,37.02,38.6,34.1,34.1,34.1,34.1,46.66,37.1,,,,,,
2019-04-09 02:00:00+02:00,,35.6,,35.6,29.24,35.0,,35.95,,35.6,35.6,34.74,34.74,42.51,34.74,35.6,42.25,,50.51,42.56,35.95,,44.47,,,,42.56,42.56,,42.56,42.56,42.56,42.56,42.56,34.74,34.74,,,,,35.6,39.8,39.8,39.8,39.8,39.8,49.09,42.51,35.87,34.05,34.74,34.74,34.74,34.74,42.56,35.95,,,,,,
2019-04-09 03:00:00+02:00,,34.96,,34.96,28.91,34.54,,35.46,,34.96,34.96,34.86,34.86,42.01,34.86,34.96,50.89,,47.75,40.7,35.46,,49.4,,,,42.45,42.45,,42.45,42.45,42.45,42.45,42.45,34.86,34.86,,,,,34.96,39.77,39.77,39.77,39.77,39.77,49.48,42.01,35.38,34.01,34.86,34.86,34.86,34.86,40.7,35.46,,,,,,
2019-04-09 04:00:00+02:00,,35.12,,35.12,35.05,35.03,,36.47,,35.12,35.12,34.91,34.91,41.95,34.91,35.12,45.81,,63.11,42.55,36.47,,46.99,,,,42.55,42.55,,42.55,42.55,42.55,42.55,42.55,34.91,34.91,,,,,35.12,39.72,39.72,39.72,39.72,39.72,50.99,41.95,36.4,34.5,34.91,34.91,34.91,34.91,42.55,36.47,,,,,,
2019-04-09 05:00:00+02:00,,37.47,,37.47,50.78,38.91,,40.0,,37.47,37.47,40.79,40.79,42.51,40.79,37.47,42.28,,69.94,46.66,40.66,,43.43,,,,46.66,46.66,,46.66,46.66,46.66,46.66,46.66,40.79,40.79,,,,,37.47,40.79,40.79,40.79,40.79,40.79,51.06,42.51,40.57,42.12,40.79,40.79,40.79,40.79,46.66,40.0,,,,,,
2019-04-09 06:00:00+02:00,,47.2,,47.2,61.41,47.99,,48.1,,47.2,47.2,44.15,44.15,50.94,44.15,47.2,48.53,,63.17,55.86,59.4,,49.3,,,,55.86,55.86,,55.86,55.86,55.86,55.86,55.86,44.15,44.15,,,,,47.2,44.15,44.15,44.15,43.8,44.15,57.61,50.94,59.27,53.08,44.15,44.15,44.15,44.15,55.86,59.4,,,,,,
2019-04-09 07:00:00+02:00,,52.08,,52.08,76.08,53.75,,53.72,,52.08,50.51,50.51,50.51,56.66,47.0,52.08,53.18,,65.92,65.65,69.25,,47.61,,,,65.65,65.65,,65.65,65.65,65.65,65.65,65.65,50.51,50.51,,,,,52.08,47.0,47.0,47.0,44.5,47.0,58.09,56.66,69.11,65.7,47.0,47.0,47.0,50.51,65.65,69.25,,,,,,
2019-04-09 08:00:00+02:00,,55.32,,55.32,82.96,56.1,,55.49,,55.32,51.9,51.9,51.9,57.01,49.8,55.32,53.91,,74.07,78.29,75.8,,59.9,,,,78.29,58.34,,78.29,58.34,58.34,58.34,58.34,51.9,51.9,,,,,55.32,49.8,49.8,49.8,47.44,49.8,67.54,57.01,75.64,68.71,49.8,49.8,49.8,51.9,78.29,75.8,,,,,,
2019-04-09 09:00:00+02:00,,49.47,,49.47,72.97,52.18,,51.98,,49.47,47.03,47.03,47.03,56.67,47.03,49.47,57.93,,72.35,79.22,69.69,,65.0,,,,79.22,55.26,,79.22,55.26,55.26,55.26,55.26,47.03,47.03,,,,,49.47,47.03,47.03,47.03,46.76,47.03,67.54,56.67,69.55,65.66,47.03,47.03,47.03,47.03,79.22,69.69,,,,,,
2019-04-09 10:00:00+02:00,,46.8,,47.17,73.16,47.58,,46.39,,46.73,45.61,45.61,45.61,55.23,45.61,46.97,66.67,,65.65,70.0,62.18,,70.1,,,,70.0,50.94,,70.0,50.94,43.69,50.94,50.94,45.61,45.61,,,,,47.11,45.61,45.61,45.61,45.61,45.61,62.15,55.23,62.05,62.15,45.61,45.61,45.61,45.61,70.0,62.18,,,,,,
2019-04-09 11:00:00+02:00,,45.09,,46.01,70.53,46.51,,43.39,,44.79,44.79,44.4,44.4,53.05,44.4,46.01,65.18,,65.63,67.86,58.52,,74.99,,,,67.86,48.02,,67.86,48.02,30.0,48.02,48.02,44.4,44.4,,,,,44.79,44.4,44.4,44.4,44.4,44.4,65.24,53.05,58.39,60.23,44.4,44.4,44.4,44.4,67.86,58.52,,,,,,
2019-04-09 12:00:00+02:00,,43.11,,44.26,81.05,46.09,,41.39,,42.76,42.76,43.15,43.15,52.68,43.15,44.26,58.0,,63.17,56.01,57.01,,76.6,,,,56.01,45.99,,56.01,45.99,15.0,45.99,45.99,43.15,43.15,,,,,41.77,43.15,43.15,43.15,43.15,43.15,67.13,52.68,56.89,56.3,43.15,43.15,43.15,43.15,56.01,57.01,,,,,,
2019-04-09 13:00:00+02:00,,41.52,,42.31,81.05,43.94,,40.51,,40.94,42.29,42.29,42.29,51.14,42.29,43.41,52.9,,63.16,55.95,55.61,,70.0,,,,55.95,39.71,,55.95,39.71,5.0,39.71,39.71,42.29,42.29,,,,,40.94,42.29,42.29,42.29,42.29,42.29,66.63,51.14,55.49,54.65,42.29,42.29,42.29,42.29,55.95,55.61,,,,,,
2019-04-09 14:00:00+02:00,,39.59,,39.59,81.05,41.25,,40.0,,39.59,40.9,40.9,40.9,50.2,40.9,39.59,45.53,,63.16,62.4,56.87,,64.32,,,,62.4,40.0,,62.4,40.0,5.0,40.0,40.0,40.9,40.9,,,,,39.59,40.9,40.9,41.1,41.1,40.9,58.61,50.2,56.75,57.23,40.9,40.9,40.9,40.9,62.4,56.87,,,,,,
2019-04-09 15:00:00+02:00,,37.38,,37.38,68.15,39.09,,40.0,,37.38,40.68,40.68,40.68,50.0,40.68,37.38,45.06,,62.87,64.04,58.08,,55.0,,,,64.04,42.6,,64.04,42.6,14.92,42.6,42.6,40.68,40.68,,,,,37.38,40.68,40.68,40.68,40.68,40.68,58.05,50.0,57.96,58.46,40.68,40.68,40.68,40.68,64.04,58.08,,,,,,
2019-04-09 16:00:00+02:00,,37.39,,37.39,65.05,39.23,,40.0,,37.39,40.3,41.48,41.48,46.5,41.48,37.39,45.41,,63.16,67.0,61.97,,56.4,,,,67.0,45.99,,67.0,45.99,20.0,45.99,45.99,41.48,41.48,,,,,37.39,41.48,41.48,41.48,41.48,41.48,56.6,46.5,61.84,60.1,41.48,41.48,41.48,41.48,67.0,61.97,,,,,,
2019-04-09 17:00:00+02:00,,40.71,,40.71,67.94,43.18,,42.69,,40.71,40.71,42.06,42.06,46.15,42.06,40.71,58.03,,65.62,62.4,62.49,,70.0,,,,62.4,52.0,,62.4,52.0,43.69,52.0,52.0,42.06,42.06,,,,,40.71,42.06,42.06,42.06,42.06,42.06,56.11,46.15,62.36,61.42,42.06,42.06,42.06,42.06,62.4,62.49,,,,,,
2019-04-09 18:00:00+02:00,,44.09,,44.09,71.78,46.21,,46.0,,44.09,44.09,43.53,43.53,46.15,43.53,44.09,69.65,,74.16,62.4,69.25,,79.0,,,,62.4,56.49,,62.4,56.49,56.49,56.49,56.49,43.53,43.53,,,,,44.09,43.53,43.53,43.53,43.53,43.53,56.93,46.15,69.11,65.9,43.53,43.53,43.53,43.53,62.4,46.0,,,,,,
2019-04-09 19:00:00+02:00,,47.01,,47.01,68.14,48.03,,48.65,,47.01,47.01,47.01,45.89,50.28,45.05,47.01,67.34,,79.14,71.9,83.94,,75.0,,,,71.9,71.9,,71.9,71.9,71.9,81.0,71.9,45.89,45.89,,,,,47.01,45.05,45.05,45.05,43.78,45.05,58.54,50.28,84.02,77.97,45.05,45.05,45.05,45.89,71.9,83.94,,,,,,
2019-04-09 20:00:00+02:00,,45.94,,45.94,67.02,47.06,,46.9,,45.94,44.47,44.47,44.47,55.51,44.47,45.94,67.34,,79.12,72.7,83.96,,69.73,,,,72.7,72.03,,72.7,72.03,72.03,124.01,72.03,44.47,44.47,,,,,45.94,44.47,44.47,44.47,43.86,44.47,67.59,55.51,83.79,78.97,44.47,44.47,44.47,44.47,72.7,83.96,,,,,,
2019-04-09 21:00:00+02:00,,42.76,,42.76,75.94,45.45,,43.39,,42.76,42.76,42.7,42.7,57.55,42.7,42.76,67.58,,73.52,63.04,71.22,,70.46,,,,63.04,63.04,,63.04,63.04,63.04,81.0,63.04,42.7,42.7,,,,,42.76,42.7,42.7,42.7,42.7,42.7,56.11,57.55,71.08,66.6,42.7,42.7,42.7,42.7,63.04,43.39,,,,,,
2019-04-09 22:00:00+02:00,,42.01,,42.01,52.18,43.99,,42.0,,42.01,42.01,42.07,42.07,54.01,42.07,42.01,55.75,,65.82,54.68,57.81,,59.03,,,,54.68,54.68,,54.68,54.68,54.68,55.9,54.68,42.07,42.07,,,,,42.01,42.07,42.07,42.07,42.07,42.07,52.71,54.01,62.39,56.36,42.07,42.07,42.07,42.07,54.68,42.0,,,,,,
2019-04-09 23:00:00+02:00,,39.07,,39.07,58.92,42.61,,38.77,,39.07,40.06,40.06,40.06,52.07,40.06,39.07,47.62,,63.11,52.39,52.02,,49.99,,,,52.39,48.88,,52.39,48.88,43.69,48.88,48.88,40.06,40.06,,,,,39.07,40.36,40.36,40.48,40.48,40.36,51.02,52.07,51.91,48.96,40.06,40.06,40.06,40.06,52.39,38.77,,,,,,
2019-04-10 00:00:00+02:00,,38.13,,36.5,30.53,38.04,,38.06,,37.51,37.51,37.51,37.51,42.7,37.51,40.27,48.64,,65.36,49.08,50.31,,49.85,,,,49.08,49.08,,49.08,49.08,43.69,49.08,49.08,37.51,37.51,,,,,36.5,40.47,40.47,41.62,41.62,40.47,50.54,42.7,50.2,47.19,37.51,37.51,37.51,37.51,49.08,38.06,,,,,,
2019-04-10 01:00:00+02:00,,37.18,,37.18,29.82,37.0,,37.39,,37.18,37.18,37.18,37.18,42.26,37.18,37.18,44.5,,63.11,48.11,47.99,,46.72,,,,48.11,48.11,,48.11,48.11,43.69,48.11,48.11,37.18,37.18,,,,,37.18,40.11,40.11,41.5,41.5,40.11,50.54,42.26,47.89,43.98,37.18,37.18,37.18,37.18,48.11,37.39,,,,,,
2019-04-10 02:00:00+02:00,,36.54,,36.54,24.53,36.29,,37.25,,36.54,36.54,36.54,36.54,41.33,36.54,36.54,45.31,,62.99,36.54,39.41,,46.44,,,,43.43,43.43,,43.43,43.43,43.43,43.43,43.43,36.54,36.54,,,,,36.54,39.93,39.93,41.4,41.4,39.93,50.35,41.33,39.33,39.92,36.54,36.54,36.54,36.54,36.54,37.25,,,,,,
2019-04-10 03:00:00+02:00,,35.78,,35.78,24.53,35.72,,36.3,,35.78,35.78,35.78,35.78,41.33,35.78,35.78,46.23,,62.99,35.78,36.99,,47.39,,,,42.24,42.24,,42.24,42.24,42.24,42.24,42.24,35.78,35.78,,,,,35.78,39.95,39.95,41.25,41.25,39.95,49.6,41.33,36.92,38.08,35.78,35.78,35.78,35.78,35.78,36.3,,,,,,
2019-04-10 04:00:00+02:00,,36.63,,36.63,25.82,36.19,,37.39,,36.63,36.63,39.88,39.88,41.33,39.88,36.63,48.88,,63.11,43.47,43.61,,48.39,,,,43.47,43.47,,43.47,43.47,43.47,43.47,43.47,39.88,39.88,,,,,36.63,39.88,39.88,41.36,41.36,39.88,49.85,41.33,43.52,40.02,39.88,39.88,39.88,39.88,43.47,37.39,,,,,,
2019-04-10 05:00:00+02:00,,38.55,,38.55,36.34,38.88,,40.19,,38.55,38.55,42.26,42.26,41.8,42.26,38.55,45.99,,69.98,50.0,50.31,,47.15,,,,50.0,50.0,,50.0,50.0,43.69,50.0,50.0,42.26,42.26,,,,,38.55,42.26,42.26,42.26,42.26,42.26,46.7,41.8,50.21,45.41,42.26,42.26,42.26,42.26,50.0,40.19,,,,,,
2019-04-10 06:00:00+02:00,,46.99,,46.99,65.85,48.07,,47.45,,46.99,46.99,44.37,44.37,46.99,44.37,46.99,52.27,,74.05,56.49,63.1,,51.08,,,,56.49,56.49,,56.49,56.49,56.49,56.49,56.49,44.37,44.37,,,,,46.99,44.37,44.37,44.37,44.37,44.37,58.47,46.99,62.97,61.94,44.37,44.37,44.37,44.37,56.49,47.45,,,,,,
2019-04-10 07:00:00+02:00,,54.43,,54.43,81.91,51.78,,51.99,,54.43,53.13,53.13,48.79,55.0,48.79,54.43,56.06,,78.97,71.9,71.9,,50.0,,,,71.9,71.9,,71.9,71.9,71.9,71.9,71.9,53.13,53.13,,,,,54.43,48.79,48.79,48.79,45.61,48.79,59.3,55.0,71.76,69.83,48.79,48.79,48.79,53.13,71.9,51.99,,,,,,
2019-04-10 08:00:00+02:00,,58.02,,58.02,88.96,54.91,,53.85,,58.02,56.08,56.08,55.95,58.02,55.95,58.02,59.75,,79.41,78.48,78.94,,66.41,,,,78.48,74.89,,78.48,74.89,74.89,74.89,74.89,56.08,56.08,,,,,58.02,55.95,55.95,55.95,55.95,55.95,67.49,56.89,78.78,75.84,55.95,55.95,55.95,56.08,78.48,53.85,,,,,,
2019-04-10 09:00:00+02:00,,51.41,,51.55,82.92,50.13,,49.34,,50.59,49.38,49.38,49.38,56.21,49.38,54.35,70.72,,79.13,78.0,72.4,,80.12,,,,78.0,72.35,,78.0,72.35,72.35,72.35,72.35,49.38,49.38,,,,,50.59,48.97,48.97,49.38,49.38,48.97,67.79,56.21,72.26,73.22,49.38,49.38,49.38,49.38,78.0,49.34,,,,,,
2019-04-10 10:00:00+02:00,,46.94,,44.68,78.03,48.66,,46.29,,46.21,46.21,46.15,46.15,55.23,46.15,49.5,67.58,,69.8,71.37,67.42,,84.9,,,,71.37,71.37,,71.37,71.37,43.69,71.37,71.37,46.15,46.15,,,,,44.68,46.15,46.15,46.15,46.15,46.15,65.71,55.23,67.29,64.37,46.15,46.15,46.15,46.15,71.37,46.29,,,,,,
2019-04-10 11:00:00+02:00,,45.94,,41.34,71.91,47.04,,45.25,,44.44,44.44,44.5,44.5,54.5,44.5,51.04,60.38,,65.76,71.04,63.94,,87.31,,,,71.04,56.49,,71.04,56.49,30.0,56.49,56.49,44.5,44.5,,,,,41.34,44.5,44.5,44.5,44.5,44.5,65.71,54.5,63.82,64.26,44.5,44.5,44.5,44.5,71.04,45.25,,,,,,
2019-04-10 12:00:00+02:00,,43.12,,36.5,70.01,45.5,,43.2,,41.16,43.88,43.88,43.88,55.03,43.88,50.07,53.76,,63.45,58.83,60.91,,81.99,,,,58.83,55.26,,58.83,55.26,3.0,55.26,55.26,43.88,43.88,,,,,36.5,43.88,43.88,43.88,43.88,43.88,66.82,55.03,60.79,60.44,43.88,43.88,43.88,43.88,58.83,43.2,,,,,,
2019-04-10 13:00:00+02:00,,41.03,,37.61,61.92,43.01,,41.64,,39.98,43.53,43.53,43.53,54.5,43.53,44.62,47.01,,63.11,56.07,59.18,,86.0,,,,56.07,52.5,,56.07,52.5,0.0,52.5,52.5,43.53,43.53,,,,,37.41,43.53,43.53,43.53,43.53,43.53,65.71,54.5,59.07,57.6,43.53,43.53,43.53,43.53,56.07,41.64,,,,,,
2019-04-10 14:00:00+02:00,,38.25,,38.16,61.3,40.48,,40.5,,38.22,42.41,42.41,42.41,53.15,42.41,38.37,45.37,,62.7,67.0,63.07,,72.0,,,,67.0,55.16,,67.0,55.16,0.0,55.16,55.16,42.41,42.41,,,,,38.14,42.41,42.41,42.41,42.41,42.41,63.87,53.15,62.95,60.09,42.41,42.41,42.41,42.41,67.0,40.5,,,,,,
2019-04-10 15:00:00+02:00,,37.6,,37.6,61.27,39.16,,39.41,,37.6,42.43,42.43,42.43,52.33,42.43,37.6,45.25,,63.11,67.0,61.56,,64.65,,,,67.0,55.26,,67.0,55.26,3.0,55.26,55.26,42.43,42.43,,,,,37.6,42.43,42.43,42.43,42.43,42.43,59.22,52.33,61.44,60.06,42.43,42.43,42.43,42.43,67.0,39.41,,,,,,
2019-04-10 16:00:00+02:00,,38.12,,38.12,58.11,39.76,,39.25,,38.12,43.46,43.46,43.46,50.99,43.46,38.12,46.44,,65.03,67.0,63.91,,67.48,,,,67.0,55.26,,67.0,55.26,10.0,55.26,55.26,43.46,43.46,,,,,38.12,43.46,43.46,43.46,43.46,43.46,57.55,50.99,63.79,63.39,43.46,43.46,43.46,43.46,67.0,39.25,,,,,,
2019-04-10 17:00:00+02:00,,42.6,,42.6,56.54,43.97,,42.0,,42.6,42.6,44.01,44.01,50.31,44.01,42.6,49.48,,65.67,64.99,62.66,,84.0,,,,64.99,62.0,,64.99,62.0,43.69,62.0,62.0,44.01,44.01,,,,,42.6,44.01,44.01,44.01,44.01,44.01,56.6,50.31,62.54,62.05,44.01,44.01,44.01,44.01,64.99,42.0,,,,,,
2019-04-10 18:00:00+02:00,,46.5,,46.5,57.39,46.19,,45.03,,46.5,46.5,45.09,45.09,50.19,45.09,46.5,64.6,,74.11,65.0,64.27,,80.12,,,,67.0,67.0,,67.0,67.0,67.0,67.0,67.0,45.09,45.09,,,,,46.5,45.09,45.09,45.09,45.09,45.09,56.13,50.19,64.15,67.93,45.09,45.09,45.09,45.09,65.0,45.03,,,,,,
2019-04-10 19:00:00+02:00,,47.2,,47.2,61.29,48.62,,48.0,,47.2,47.2,47.2,47.2,51.14,47.2,47.2,73.13,,79.13,72.4,75.6,,85.0,,,,72.4,72.4,,72.4,72.4,72.4,81.0,72.4,47.2,47.2,,,,,47.2,45.68,45.68,47.2,47.2,45.68,62.47,51.14,75.46,77.92,47.2,47.2,47.2,47.2,72.4,48.0,,,,,,
2019-04-10 20:00:00+02:00,,46.97,,46.97,61.25,47.18,,47.0,,46.97,46.97,46.97,45.84,55.78,45.84,46.97,76.26,,79.02,75.0,75.9,,80.13,,,,75.0,75.0,,75.0,75.0,75.0,124.73,75.0,45.84,45.84,,,,,46.97,45.79,45.79,45.84,45.84,45.79,64.33,55.78,75.76,78.95,45.84,45.84,45.84,45.84,75.0,47.0,,,,,,
2019-04-10 21:00:00+02:00,,44.56,,44.56,37.09,44.18,,43.75,,44.56,44.56,44.26,44.26,59.15,44.26,44.56,77.76,,72.73,72.0,62.52,,81.71,,,,72.0,72.0,,72.0,72.0,72.0,98.9,72.0,44.26,44.26,,,,,44.56,44.26,44.26,44.26,44.26,44.26,56.97,57.84,62.4,67.07,44.26,44.26,44.26,44.26,72.0,43.75,,,,,,
2019-04-10 22:00:00+02:00,,42.6,,42.6,35.81,42.77,,42.68,,42.6,42.6,43.65,43.65,55.57,43.65,42.6,65.66,,65.64,56.76,56.6,,68.99,,,,56.76,56.76,,56.76,56.76,56.76,65.5,56.76,43.65,43.65,,,,,42.6,43.65,43.65,43.65,43.65,43.65,56.75,55.57,56.49,58.99,43.65,43.65,43.65,43.65,56.76,42.68,,,,,,
2019-04-10 23:00:00+02:00,,39.23,,39.23,33.91,38.87,,40.18,,39.23,42.01,42.01,42.01,55.07,42.01,39.23,47.58,,64.92,39.23,48.2,,50.0,,,,53.66,53.66,,53.66,53.66,53.66,53.66,53.66,42.01,42.01,,,,,39.23,42.01,42.01,42.01,42.01,42.01,51.54,55.07,48.12,53.08,42.01,42.01,42.01,42.01,39.23,40.18,,,,,,
2019-04-11 00:00:00+02:00,,37.5,,37.5,32.51,39.44,,38.98,,37.5,42.47,42.47,42.47,55.12,42.47,37.5,51.16,,63.11,37.5,38.98,,53.63,,,,50.52,50.52,,50.52,50.52,44.12,50.52,50.52,42.47,42.47,,,,,37.5,42.47,42.47,42.94,42.94,42.47,50.45,55.12,38.93,46.66,42.47,42.47,42.47,42.47,37.5,38.98,,,,,,
2019-04-11 01:00:00+02:00,,37.07,,37.07,31.41,38.13,,37.5,,37.07,41.94,41.94,41.94,52.52,41.94,37.07,46.42,,62.8,37.07,37.5,,50.65,,,,49.13,49.13,,49.13,49.13,44.12,49.13,49.13,41.94,41.94,,,,,37.07,41.94,41.94,42.84,42.84,41.94,50.31,52.52,37.45,39.99,41.94,41.94,41.94,41.94,37.07,37.5,,,,,,
2019-04-11 02:00:00+02:00,,37.07,,37.07,32.47,37.19,,36.9,,37.07,41.9,41.9,41.9,49.8,41.9,37.07,46.4,,62.99,37.07,36.9,,48.65,,,,47.03,47.03,,47.03,47.03,44.12,47.03,47.03,41.9,41.9,,,,,37.07,41.9,41.9,42.77,42.77,41.9,49.14,49.8,36.85,36.96,41.9,41.9,41.9,41.9,37.07,36.9,,,,,,
2019-04-11 03:00:00+02:00,,36.52,,36.52,32.49,36.85,,36.34,,36.52,41.96,41.96,41.96,49.0,41.96,36.52,47.56,,62.99,36.52,36.34,,49.86,,,,46.26,46.26,,46.26,46.26,44.12,46.26,46.26,41.96,41.96,,,,,36.52,41.96,41.96,42.77,42.77,41.96,49.14,49.0,36.29,35.86,41.96,41.96,41.96,41.96,36.52,36.34,,,,,,
2019-04-11 04:00:00+02:00,,37.1,,37.1,32.48,37.38,,37.33,,37.1,42.3,42.3,42.3,47.81,42.3,37.1,48.21,,63.11,37.1,37.33,,50.55,,,,48.27,48.27,,48.27,48.27,44.12,48.27,48.27,42.3,42.3,,,,,37.1,42.3,42.3,42.9,42.9,42.3,49.43,47.81,37.28,38.43,42.3,42.3,42.3,42.3,37.1,37.33,,,,,,
2019-04-11 05:00:00+02:00,,38.87,,38.87,54.12,40.51,,40.32,,38.87,43.92,43.92,43.92,53.65,43.92,38.87,47.73,,69.94,38.87,40.59,,50.05,,,,53.55,53.55,,53.55,53.55,53.55,53.55,53.55,43.92,43.92,,,,,38.87,43.92,43.92,43.92,43.92,43.92,51.12,53.65,48.12,46.17,43.92,43.92,43.92,43.92,38.87,40.32,,,,,,
2019-04-11 06:00:00+02:00,,47.91,,47.91,61.64,49.7,,49.81,,47.91,47.91,47.91,47.91,56.66,47.91,47.91,52.15,,74.05,47.91,59.57,,54.0,,,,59.04,59.04,,59.04,59.04,59.04,59.04,59.04,47.91,47.91,,,,,47.91,47.91,47.91,47.91,47.91,47.91,63.19,56.66,60.3,60.14,47.91,47.91,47.91,47.91,47.91,49.81,,,,,,
2019-04-11 07:00:00+02:00,,56.4,,56.4,72.76,57.42,,56.77,,56.4,56.4,56.4,56.4,58.16,56.4,56.4,59.51,,74.05,56.4,73.03,,56.76,,,,71.5,71.5,,71.5,71.5,71.5,71.5,71.5,56.4,56.4,,,,,56.4,54.6,54.6,56.4,56.4,54.6,61.78,58.16,77.77,70.07,56.4,56.4,56.4,56.4,56.4,56.77,,,,,,
2019-04-11 08:00:00+02:00,,59.24,,59.24,88.96,60.57,,59.9,,59.24,59.24,60.7,60.7,59.24,60.7,59.24,70.76,,74.05,75.0,80.06,,76.0,,,,75.0,72.03,,75.0,72.03,72.03,90.0,72.03,60.7,60.7,,,,,59.24,57.34,57.34,60.7,60.7,57.34,68.33,58.86,82.27,77.13,60.7,60.7,60.7,60.7,75.0,59.9,,,,,,
2019-04-11 09:00:00+02:00,,51.7,,51.7,88.91,54.14,,53.17,,51.7,51.7,52.97,52.97,58.9,52.97,51.7,75.39,,69.84,75.0,82.23,,107.0,,,,75.0,71.9,,75.0,71.9,71.9,76.43,71.9,52.97,52.97,,,,,51.7,50.04,50.04,52.97,52.97,50.04,68.57,58.9,82.12,74.03,52.97,52.97,52.97,52.97,75.0,55.12,,,,,,
2019-04-11 10:00:00+02:00,,48.55,,48.55,76.2,50.0,,49.3,,48.55,48.55,49.75,49.75,57.55,49.75,48.55,72.48,,69.94,48.55,72.09,,109.89,,,,74.5,59.03,,74.5,59.03,59.03,59.03,59.03,49.75,49.75,,,,,48.55,48.55,48.55,49.75,49.75,48.55,68.26,57.55,71.98,68.75,49.75,49.75,49.75,49.75,48.55,55.12,,,,,,
2019-04-11 11:00:00+02:00,,45.98,,45.98,66.5,49.25,,48.0,,45.98,47.5,47.5,49.1,56.55,49.1,45.98,67.03,,65.57,45.98,68.23,,104.0,,,,72.5,56.49,,72.5,56.49,56.49,56.49,56.49,49.1,49.1,,,,,45.98,47.5,47.5,47.5,47.5,47.5,68.42,56.55,68.13,63.58,47.5,47.5,47.5,47.5,45.98,68.23,,,,,,
2019-04-11 12:00:00+02:00,,43.95,,43.95,69.02,47.03,,44.88,,43.95,47.44,49.93,51.04,56.65,49.93,43.95,57.06,,63.11,60.0,63.91,,100.0,,,,60.0,55.26,,60.0,55.26,55.26,55.26,55.26,51.04,51.04,,,,,43.95,47.44,47.44,49.93,49.93,47.44,68.38,56.65,63.81,58.85,49.93,49.93,49.93,49.93,60.0,63.91,,,,,,
2019-04-11 13:00:00+02:00,,39.86,,39.86,67.94,43.47,,43.8,,39.86,47.48,48.67,49.52,56.09,48.87,39.86,51.89,,62.39,59.03,60.39,,99.0,,,,59.03,54.5,,59.03,54.5,44.12,54.5,54.5,49.52,49.52,,,,,39.86,47.48,47.48,48.67,48.67,47.48,68.42,56.09,60.3,58.9,48.67,48.67,48.67,48.67,59.03,60.39,,,,,,
2019-04-11 14:00:00+02:00,,38.9,,38.9,70.22,40.59,,42.06,,38.9,45.96,45.96,45.96,54.43,45.96,38.9,49.57,,62.43,38.9,60.18,,75.0,,,,69.59,55.26,,69.59,55.26,44.12,55.26,55.26,45.96,45.96,,,,,38.9,45.96,45.96,45.96,45.96,45.96,62.25,54.43,60.09,61.07,45.96,45.96,45.96,45.96,38.9,60.18,,,,,,
2019-04-11 15:00:00+02:00,,39.28,,39.28,66.5,41.1,,42.0,,39.28,45.28,45.28,45.28,52.8,45.28,39.28,48.7,,65.32,39.28,58.49,,70.0,,,,72.5,56.49,,72.5,56.49,56.49,56.49,56.49,45.28,45.28,,,,,39.28,45.28,45.28,45.28,45.28,45.28,57.97,52.8,58.41,60.3,45.28,45.28,45.28,45.28,39.28,58.49,,,,,,
2019-04-11 16:00:00+02:00,,39.0,,39.0,61.27,41.77,,42.0,,39.0,46.05,46.05,47.03,51.16,47.03,39.0,48.93,,66.33,39.0,59.03,,70.0,,,,74.5,56.61,,74.5,56.61,56.61,56.61,56.61,47.03,47.03,,,,,39.0,46.05,46.05,46.05,46.05,46.05,57.88,51.16,58.94,62.0,46.05,46.05,46.05,46.05,39.0,57.8,,,,,,
2019-04-11 17:00:00+02:00,,43.92,,43.92,61.26,47.66,,45.49,,43.92,46.27,46.27,46.27,51.51,46.27,43.92,51.71,,68.0,43.92,59.19,,80.0,,,,59.07,59.07,,59.07,59.07,59.07,59.07,59.07,46.27,46.27,,,,,43.92,46.27,46.27,46.27,46.27,46.27,56.78,51.51,59.11,61.9,46.27,46.27,46.27,46.27,43.92,45.49,,,,,,
2019-04-11 18:00:00+02:00,,47.69,,47.69,65.45,50.18,,49.31,,47.69,47.69,47.69,47.69,51.46,47.69,47.69,72.39,,79.6,47.69,61.01,,87.31,,,,60.0,60.0,,60.0,60.0,60.0,60.0,60.0,47.69,47.69,,,,,47.69,47.69,47.69,47.69,47.69,47.69,56.66,51.46,60.92,65.99,47.69,47.69,47.69,47.69,47.69,49.31,,,,,,
2019-04-11 19:00:00+02:00,,54.02,,54.02,76.23,51.9,,52.11,,54.02,54.02,54.02,54.02,54.02,54.02,54.02,78.83,,79.84,69.95,76.13,,87.31,,,,69.95,69.95,,69.95,69.95,69.95,76.43,69.95,54.02,54.02,,,,,54.02,48.75,48.75,54.02,48.46,48.75,57.9,54.02,76.02,76.27,54.02,54.02,54.02,54.02,69.95,55.12,,,,,,
2019-04-11 20:00:00+02:00,,52.99,,52.99,76.22,51.19,,51.28,,52.99,52.99,52.99,52.99,56.66,52.99,52.99,82.53,,79.71,72.0,78.77,,86.61,,,,72.0,72.0,,72.0,72.0,72.0,99.3,72.0,52.99,52.99,,,,,52.99,49.35,49.35,52.99,51.51,49.35,67.3,56.66,78.66,77.55,52.99,52.99,52.99,52.99,72.0,55.12,,,,,,
2019-04-11 21:00:00+02:00,,49.02,,49.02,64.2,49.34,,48.49,,49.02,49.02,49.02,47.96,59.22,47.96,49.02,85.89,,79.6,49.02,64.95,,91.38,,,,64.35,64.35,,64.35,64.35,64.35,76.43,64.35,47.96,47.96,,,,,49.02,47.96,47.96,47.96,47.96,47.96,57.47,59.22,64.85,65.49,47.96,47.96,47.96,47.96,49.02,48.49,,,,,,
2019-04-11 22:00:00+02:00,,47.2,,47.2,56.44,48.27,,47.1,,47.2,47.2,47.2,47.2,56.66,47.2,47.2,69.77,,79.4,47.2,56.39,,72.0,,,,55.86,55.86,,55.86,55.86,55.86,55.86,55.86,47.2,47.2,,,,,47.2,47.2,47.2,47.2,47.2,47.2,57.37,56.66,56.31,60.04,47.2,47.2,47.2,47.2,47.2,47.1,,,,,,
2019-04-11 23:00:00+02:00,,44.05,,44.05,38.59,44.98,,44.06,,44.05,44.05,45.11,45.11,56.05,45.11,44.05,51.14,,62.99,44.05,46.68,,52.99,,,,53.53,53.53,,53.53,53.53,53.53,53.53,53.53,45.11,45.11,,,,,44.05,45.11,45.11,45.11,45.11,45.11,51.13,56.05,46.61,53.01,45.11,45.11,45.11,45.11,44.05,44.06,,,,,,
2019-04-12 00:00:00+02:00,,39.59,,39.59,51.01,41.83,,39.59,,39.59,42.26,44.0,44.0,58.58,44.0,39.59,52.27,,53.46,39.59,39.59,,53.56,,,,56.49,56.49,,56.49,56.49,56.49,56.49,56.49,44.0,44.0,,,,,39.59,44.0,44.0,44.0,44.0,44.0,50.66,58.58,39.6,38.54,44.0,44.0,44.0,44.0,39.59,39.59,,,,,,
2019-04-12 01:00:00+02:00,,39.01,,39.01,45.1,39.87,,38.11,,39.01,43.68,43.68,43.68,56.16,43.68,39.01,43.57,,42.25,39.01,38.11,,45.74,,,,55.26,55.26,,55.26,55.26,55.26,55.26,55.26,43.68,43.68,,,,,39.01,43.68,43.68,43.68,43.68,43.68,50.83,56.16,38.12,38.27,43.68,43.68,43.68,43.68,39.01,38.11,,,,,,
2019-04-12 02:00:00+02:00,,37.95,,37.95,44.59,39.66,,38.16,,37.95,43.59,43.59,43.59,53.89,43.59,37.95,43.56,,38.85,37.95,38.16,,44.64,,,,55.26,55.26,,55.26,55.26,55.26,55.26,55.26,43.59,43.59,,,,,37.95,43.59,43.59,43.59,43.59,43.59,49.16,53.89,38.17,37.21,43.59,43.59,43.59,43.59,37.95,38.16,,,,,,
2019-04-12 03:00:00+02:00,,37.22,,37.22,44.59,39.09,,37.85,,37.22,43.7,43.7,43.7,53.0,43.7,37.22,43.57,,37.57,37.22,37.85,,44.65,,,,54.0,54.0,,54.0,54.0,54.0,54.0,54.0,43.7,43.7,,,,,37.22,43.7,43.7,43.7,43.7,43.7,49.16,53.0,37.86,36.5,43.7,43.7,43.7,43.7,37.22,37.85,,,,,,
2019-04-12 04:00:00+02:00,,37.5,,37.5,48.03,39.19,,38.5,,37.5,44.19,44.19,44.19,53.02,44.19,37.5,43.57,,44.8,37.5,38.5,,42.57,,,,52.6,53.91,,52.6,53.91,52.6,53.91,53.91,44.19,44.19,,,,,37.5,44.19,44.19,44.19,44.19,44.19,48.7,53.02,38.51,37.23,44.19,44.19,44.19,44.19,37.5,38.5,,,,,,
2019-04-12 05:00:00+02:00,,41.05,,41.05,53.88,41.29,,40.82,,41.05,43.82,45.92,45.92,56.0,45.92,41.05,43.34,,63.2,41.05,40.82,,44.0,,,,55.65,55.65,,55.65,55.65,55.65,55.65,55.65,45.92,45.92,,,,,41.05,45.92,45.92,45.92,45.92,45.92,49.54,56.0,40.83,41.83,45.92,45.92,45.92,45.92,41.05,40.82,,,,,,
2019-04-12 06:00:00+02:00,,49.62,,49.62,56.29,49.93,,50.98,,49.62,49.62,47.52,61.79,58.66,61.79,49.62,50.91,,62.24,49.62,50.98,,49.74,,,,62.0,62.0,,62.0,62.0,62.0,62.0,62.0,61.79,61.79,,,,,49.62,47.52,47.52,47.52,47.52,47.52,61.97,58.66,50.99,55.35,47.52,47.52,47.52,47.52,49.62,50.98,,,,,,
2019-04-12 07:00:00+02:00,,58.98,,58.98,66.39,59.74,,58.36,,58.98,58.98,58.98,67.51,58.98,67.51,58.98,60.7,,63.18,70.0,65.35,,57.9,,,,70.0,70.0,,70.0,70.0,70.0,70.0,70.0,67.51,67.51,,,,,58.98,57.09,57.09,58.98,58.98,57.09,63.21,58.98,65.36,67.05,58.98,58.98,58.98,58.98,70.0,65.35,,,,,,
2019-04-12 08:00:00+02:00,,60.08,,60.08,66.4,62.91,,60.8,,60.08,60.08,60.08,70.07,60.08,70.07,60.08,67.21,,65.22,72.03,70.0,,68.55,,,,72.03,72.03,,72.03,72.03,72.03,124.73,72.03,70.07,70.07,,,,,60.08,58.16,58.16,60.08,60.08,58.16,70.29,60.08,70.02,75.73,60.08,60.08,60.08,60.08,72.03,70.0,,,,,,
2019-04-12 09:00:00+02:00,,51.55,,51.55,61.76,55.37,,53.5,,51.55,51.55,51.55,68.27,59.33,68.27,51.55,71.39,,63.25,72.03,71.21,,74.94,,,,72.03,72.03,,72.03,72.03,72.03,109.03,72.03,68.27,68.27,,,,,51.55,49.9,49.9,51.55,51.55,49.9,68.48,59.33,71.23,75.37,51.55,51.55,51.55,51.55,72.03,71.21,,,,,,
2019-04-12 10:00:00+02:00,,48.97,,48.97,58.4,50.96,,50.07,,48.97,48.97,48.97,67.09,58.67,67.09,48.97,68.3,,62.24,70.0,67.95,,70.0,,,,70.0,70.0,,70.0,70.0,70.0,70.0,70.0,67.09,67.09,,,,,48.97,48.4,48.4,48.97,48.97,48.4,67.3,58.67,67.96,70.32,48.97,48.97,48.97,48.97,70.0,67.95,,,,,,
2019-04-12 11:00:00+02:00,,46.99,,46.99,56.04,47.2,,47.2,,46.99,46.99,46.99,68.19,58.0,68.19,46.99,61.11,,60.28,67.0,65.48,,62.62,,,,67.0,59.13,,67.0,59.13,59.13,59.13,59.13,68.19,68.19,,,,,46.99,46.99,46.99,46.99,46.99,46.99,68.4,58.0,65.49,66.91,46.99,46.99,46.99,46.99,67.0,65.48,,,,,,
2019-04-12 12:00:00+02:00,,45.1,,45.1,60.8,46.35,,46.29,,45.1,45.95,45.95,67.1,58.58,67.1,45.1,57.94,,60.26,57.65,62.0,,56.61,,,,57.65,57.65,,57.65,57.65,57.65,57.65,57.65,67.1,67.1,,,,,45.1,45.95,45.95,45.95,45.95,45.95,67.31,58.58,62.01,60.49,45.95,45.95,45.95,45.95,57.65,62.0,,,,,,
2019-04-12 13:00:00+02:00,,44.11,,44.11,58.08,44.32,,43.96,,44.11,45.2,45.2,61.97,58.58,61.97,44.11,53.77,,56.39,56.76,59.93,,53.18,,,,56.76,56.62,,56.76,56.62,56.62,56.62,56.62,61.97,61.97,,,,,44.11,45.2,45.2,45.2,45.2,45.2,63.94,58.58,59.94,59.29,45.2,45.2,45.2,45.2,56.76,59.93,,,,,,
2019-04-12 14:00:00+02:00,,42.11,,42.11,56.29,41.8,,41.14,,42.11,44.15,44.15,44.15,55.91,44.15,42.11,46.35,,60.26,58.0,59.55,,48.66,,,,58.0,56.62,,58.0,56.62,56.62,56.62,56.62,44.15,44.15,,,,,42.11,44.15,44.15,44.15,44.15,44.15,59.76,55.91,59.56,59.26,44.15,44.15,44.15,44.15,58.0,59.55,,,,,,
2019-04-12 15:00:00+02:00,,40.67,,40.67,56.27,41.34,,40.85,,40.67,43.57,43.57,43.57,54.72,43.57,40.67,45.19,,61.53,58.65,58.89,,46.31,,,,58.65,58.65,,58.65,58.65,58.65,58.65,58.65,43.57,43.57,,,,,40.67,43.57,43.57,43.57,43.57,43.57,57.59,54.72,58.9,58.1,43.57,43.57,43.57,43.57,58.65,40.85,,,,,,
2019-04-12 16:00:00+02:00,,38.57,,38.57,43.03,41.13,,40.56,,38.57,43.61,43.61,52.58,53.4,52.58,38.57,45.52,,62.18,59.11,58.39,,46.0,,,,59.11,59.11,,59.11,59.11,59.11,59.11,59.11,52.58,52.58,,,,,38.57,43.61,43.61,43.61,43.61,43.61,56.59,53.4,58.4,56.06,43.61,43.61,43.61,43.61,59.11,40.56,,,,,,
2019-04-12 17:00:00+02:00,,41.73,,41.73,43.53,43.27,,43.48,,41.73,41.73,44.0,52.51,53.6,52.51,41.73,46.59,,63.19,59.11,59.57,,47.74,,,,59.11,59.11,,59.11,59.11,59.11,59.11,59.11,52.51,52.51,,,,,41.73,44.0,44.0,44.0,43.76,44.0,55.28,53.6,59.58,60.94,44.0,44.0,44.0,44.0,59.11,43.48,,,,,,
2019-04-12 18:00:00+02:00,,46.43,,46.43,56.25,47.52,,47.1,,46.43,46.43,45.72,55.1,54.7,55.1,46.43,57.66,,84.72,60.0,60.22,,55.0,,,,60.0,60.0,,60.0,60.0,60.0,60.0,60.0,55.1,55.1,,,,,46.43,45.72,45.72,45.72,43.85,45.72,55.28,54.7,60.23,60.68,45.72,45.72,45.72,45.72,60.0,50.15,,,,,,
2019-04-12 19:00:00+02:00,,48.43,,48.43,62.79,50.84,,49.87,,48.43,48.43,48.43,58.8,56.5,58.8,48.43,56.78,,84.98,71.9,71.2,,55.48,,,,71.9,71.9,,71.9,71.9,71.9,76.48,71.9,58.8,58.8,,,,,48.43,46.88,46.88,46.88,43.86,46.88,58.99,56.5,71.21,70.88,46.88,46.88,46.88,47.27,71.9,71.2,,,,,,
2019-04-12 20:00:00+02:00,,48.08,,48.08,64.57,50.82,,50.25,,48.08,48.08,48.08,47.02,58.73,47.02,48.08,61.36,,84.87,72.03,73.04,,59.95,,,,72.03,72.03,,72.03,72.03,72.03,109.03,72.03,47.02,47.02,,,,,48.08,47.02,47.02,47.02,43.85,47.02,59.09,58.73,73.05,72.47,47.02,47.02,47.02,47.02,72.03,73.04,,,,,,
2019-04-12 21:00:00+02:00,,45.36,,45.36,62.05,47.96,,47.0,,45.36,45.36,45.36,45.36,60.16,45.36,45.36,60.97,,84.64,59.23,58.39,,59.57,,,,59.23,59.23,,59.23,59.23,59.23,88.9,59.23,45.36,45.36,,,,,45.36,45.36,45.36,45.36,45.36,45.36,52.71,60.16,58.4,62.97,45.36,45.36,45.36,45.36,59.23,47.0,,,,,,
2019-04-12 22:00:00+02:00,,45.27,,45.27,55.06,47.22,,45.75,,45.27,45.27,44.72,44.72,59.0,44.72,45.27,56.78,,83.83,56.76,48.04,,54.16,,,,56.76,56.76,,56.76,56.76,56.76,59.5,56.76,44.72,44.72,,,,,45.27,44.72,44.72,44.72,44.72,44.72,52.02,59.0,48.05,54.48,44.72,44.72,44.72,44.72,56.76,45.75,,,,,,
2019-04-12 23:00:00+02:00,,43.27,,43.27,48.35,44.59,,42.77,,43.27,43.27,43.83,43.83,59.01,43.83,43.27,44.58,,63.12,43.27,43.31,,42.52,,,,53.72,53.72,,53.72,53.72,53.72,53.72,53.72,43.83,43.83,,,,,43.27,43.83,43.83,43.83,43.83,43.83,49.3,59.01,43.32,47.06,43.83,43.83,43.83,43.83,43.27,42.77,,,,,,
2019-04-13 00:00:00+02:00,,44.78,,44.78,38.65,45.06,,43.56,,44.78,44.78,44.78,44.78,60.0,44.78,44.78,58.06,,65.03,44.78,43.56,,56.54,,,,53.77,53.77,,53.77,53.77,53.77,53.77,53.77,44.78,44.78,,,,,44.78,44.78,44.78,44.78,44.78,44.78,44.96,60.0,43.55,42.76,44.78,44.78,44.78,44.78,44.78,43.56,,,,,,
2019-04-13 01:00:00+02:00,,43.54,,43.49,34.46,42.75,,41.35,,43.53,43.89,43.89,43.89,59.38,43.89,43.62,44.76,,64.96,43.54,41.35,,42.56,,,,53.64,53.64,,53.64,53.64,53.64,53.64,53.64,43.89,43.89,,,,,43.47,43.89,43.89,43.89,43.89,43.89,44.92,59.38,41.34,40.93,43.89,43.89,43.89,43.89,43.54,41.35,,,,,,
2019-04-13 02:00:00+02:00,,42.36,,42.36,32.27,40.43,,39.9,,42.36,43.41,43.41,43.41,58.98,43.41,42.36,43.78,,63.12,42.36,39.9,,41.63,,,,52.6,52.6,,52.6,52.6,52.6,52.6,52.6,43.41,43.41,,,,,42.36,43.41,43.41,43.41,43.41,43.41,44.96,58.98,39.89,40.05,43.41,43.41,43.41,43.41,42.36,39.9,,,,,,
2019-04-13 03:00:00+02:00,,40.11,,40.11,31.72,38.89,,38.66,,40.11,43.09,43.09,43.09,58.69,43.09,40.11,43.95,,63.12,40.11,38.66,,41.79,,,,52.0,52.0,,52.0,52.0,52.0,52.0,52.0,43.09,43.09,,,,,40.11,43.09,43.09,43.09,43.09,43.09,44.97,58.69,38.66,39.08,43.09,43.09,43.09,43.09,40.11,38.66,,,,,,
2019-04-13 04:00:00+02:00,,39.45,,39.45,31.71,38.54,,38.67,,39.45,43.32,43.32,43.32,58.66,43.32,39.45,46.4,,64.92,39.45,38.67,,40.7,,,,50.42,50.42,,50.42,50.42,50.42,50.42,50.42,43.32,43.32,,,,,39.45,43.32,43.32,43.32,43.32,43.32,44.97,58.66,38.66,39.21,43.32,43.32,43.32,43.32,39.45,38.67,,,,,,
2019-04-13 05:00:00+02:00,,40.93,,40.93,32.61,39.41,,39.31,,40.93,43.3,43.3,43.3,58.66,43.3,40.93,44.15,,64.96,40.93,39.31,,34.09,,,,52.44,52.44,,52.44,52.44,52.44,52.44,52.44,43.3,43.3,,,,,40.93,43.3,43.3,43.3,43.3,43.3,45.5,58.66,39.3,40.45,43.3,43.3,43.3,43.3,40.93,39.31,,,,,,
2019-04-13 06:00:00+02:00,,43.78,,43.78,33.23,42.89,,41.71,,43.78,43.78,43.88,43.88,57.51,43.88,43.78,46.35,,65.11,43.78,41.71,,32.77,,,,55.0,55.26,,55.0,55.26,55.0,55.26,55.26,43.88,43.88,,,,,43.78,43.88,43.88,43.88,43.88,43.88,44.95,57.51,41.7,43.3,43.88,43.88,43.88,43.88,43.78,41.71,,,,,,
2019-04-13 07:00:00+02:00,,45.1,,45.1,36.04,46.05,,44.73,,45.1,45.1,44.99,44.99,56.12,44.99,45.1,55.62,,66.61,45.1,46.26,,27.77,,,,57.72,57.72,,57.72,57.72,57.72,57.72,57.72,44.99,44.99,,,,,45.1,44.99,44.99,44.99,44.99,44.99,53.44,56.12,46.25,49.06,44.99,44.99,44.99,44.99,45.1,44.73,,,,,,
2019-04-13 08:00:00+02:00,,47.28,,47.28,41.1,48.03,,46.8,,47.28,47.28,46.14,46.14,57.96,46.14,47.28,59.84,,66.49,47.28,55.52,,32.84,,,,58.07,58.07,,58.07,58.07,58.07,95.39,58.07,46.14,46.14,,,,,47.28,46.14,46.14,46.14,46.14,46.14,60.1,57.96,55.51,55.35,46.14,46.14,46.14,46.14,47.28,46.8,,,,,,
2019-04-13 09:00:00+02:00,,46.96,,46.96,52.4,47.77,,46.66,,46.96,46.96,45.9,45.9,59.01,45.9,46.96,63.72,,65.24,46.96,61.41,,46.3,,,,58.08,58.08,,58.08,58.08,58.08,76.3,58.08,45.9,45.9,,,,,46.96,45.9,45.9,45.9,45.9,45.9,61.4,59.01,61.4,57.2,45.9,45.9,45.9,45.9,46.96,46.66,,,,,,
2019-04-13 10:00:00+02:00,,42.45,,42.45,51.01,44.84,,44.5,,42.45,42.45,44.65,44.65,58.73,44.65,42.45,65.47,,65.21,42.45,59.0,,48.53,,,,58.17,58.17,,58.17,58.17,58.17,80.0,58.17,44.65,44.65,,,,,42.45,44.65,44.65,44.65,44.65,44.65,61.41,58.73,58.98,54.15,44.65,44.65,44.65,44.65,42.45,44.5,,,,,,
2019-04-13 11:00:00+02:00,,40.42,,39.85,37.43,41.66,,42.8,,39.85,42.43,44.04,44.04,58.66,44.04,42.69,60.91,,65.2,40.42,56.0,,48.53,,,,56.49,56.49,,56.49,56.49,56.49,56.49,56.49,44.04,44.04,,,,,39.85,44.04,44.04,44.04,44.04,44.04,62.2,58.66,55.99,52.53,44.04,44.04,44.04,44.04,40.42,45.01,,,,,,
2019-04-13 12:00:00+02:00,,40.37,,38.57,33.46,39.49,,40.73,,38.57,38.57,43.82,43.82,57.84,43.82,47.47,48.72,,65.19,40.37,51.9,,46.3,,,,54.33,54.33,,54.33,54.33,45.79,54.33,54.33,43.82,43.82,,,,,38.57,43.82,43.82,43.82,43.82,43.82,61.4,57.84,51.89,51.01,43.82,43.82,43.82,43.82,40.37,40.73,,,,,,
2019-04-13 13:00:00+02:00,,39.12,,37.57,32.97,36.13,,38.25,,38.02,38.02,43.45,43.45,57.84,43.45,43.4,44.53,,49.74,39.12,49.08,,42.35,,,,52.81,52.81,,52.81,52.81,45.79,52.81,52.81,43.45,43.45,,,,,38.02,43.45,43.45,43.45,43.45,43.45,61.05,57.84,49.07,48.07,43.45,43.45,43.45,43.45,39.12,49.08,,,,,,
2019-04-13 14:00:00+02:00,,37.11,,37.11,32.94,34.6,,36.01,,37.11,37.11,43.18,43.18,56.16,43.18,37.11,42.79,,62.11,37.11,46.01,,40.1,,,,52.81,52.81,,52.81,52.81,30.0,52.81,52.81,43.18,43.18,,,,,37.11,43.18,43.18,43.18,43.18,43.18,56.44,56.16,46.0,47.08,43.18,43.18,43.18,43.18,37.11,36.01,,,,,,
2019-04-13 15:00:00+02:00,,36.42,,36.42,32.95,34.28,,35.5,,36.42,36.42,42.96,42.96,55.51,42.96,36.42,41.68,,62.14,36.42,44.96,,35.05,,,,53.0,53.0,,53.0,53.0,35.0,53.0,53.0,42.96,42.96,,,,,36.42,42.96,42.96,42.96,42.96,42.96,53.8,55.51,44.95,46.61,42.96,42.96,42.96,42.96,36.42,35.5,,,,,,
2019-04-13 16:00:00+02:00,,35.65,,35.65,32.95,34.9,,36.01,,35.65,35.65,43.02,43.02,52.99,43.02,35.65,41.67,,63.26,35.65,46.31,,35.0,,,,53.64,53.64,,53.64,53.64,53.64,53.64,53.64,43.02,43.02,,,,,35.65,43.02,43.02,43.02,43.02,43.02,52.72,52.99,46.29,46.44,43.02,43.02,43.02,43.02,35.65,36.01,,,,,,
2019-04-13 17:00:00+02:00,,37.83,,37.83,32.98,38.31,,38.55,,37.83,43.46,43.46,43.46,52.07,43.46,37.83,44.57,,62.34,37.83,48.11,,42.37,,,,52.81,52.81,,52.81,52.81,52.81,52.81,52.81,43.46,43.46,,,,,37.83,43.46,43.46,43.46,43.46,43.46,48.45,52.07,48.1,49.29,43.46,43.46,43.46,43.46,37.83,38.55,,,,,,
2019-04-13 18:00:00+02:00,,43.03,,43.03,37.33,43.14,,43.51,,43.03,43.03,44.13,44.13,54.0,44.13,43.03,53.3,,66.5,43.03,50.3,,50.68,,,,56.33,56.33,,56.33,56.33,56.33,56.33,56.33,44.13,44.13,,,,,43.03,44.13,44.13,44.13,44.13,44.13,48.33,54.0,50.29,51.56,44.13,44.13,44.13,44.13,43.03,43.51,,,,,,
2019-04-13 19:00:00+02:00,,46.09,,46.09,56.26,45.76,,45.83,,46.09,46.09,44.99,44.99,56.01,44.99,46.09,62.57,,75.4,59.97,64.51,,59.5,,,,59.97,59.97,,59.97,59.97,59.97,76.3,59.97,44.99,44.99,,,,,46.09,44.99,44.99,44.99,44.99,44.99,53.79,56.01,64.49,61.78,44.99,44.99,44.99,44.99,59.97,45.83,,,,,,
2019-04-13 20:00:00+02:00,,46.28,,46.28,56.27,47.03,,46.0,,46.28,46.28,45.27,45.27,58.58,45.27,46.28,65.01,,69.34,67.24,67.78,,61.81,,,,67.24,67.24,,67.24,67.24,67.24,95.1,67.24,45.27,45.27,,,,,46.28,45.27,45.27,45.27,45.27,45.27,58.8,58.58,67.76,65.15,45.27,45.27,45.27,45.27,67.24,46.0,,,,,,
2019-04-13 21:00:00+02:00,,43.44,,45.65,36.92,47.1,,43.17,,43.1,43.1,44.11,44.11,59.57,44.11,44.52,69.5,,69.33,43.44,59.19,,66.08,,,,58.07,58.07,,58.07,58.07,58.07,76.3,58.07,44.11,44.11,,,,,45.57,44.11,44.11,44.11,44.11,44.11,53.74,59.57,59.17,59.15,44.11,44.11,44.11,44.11,43.44,43.17,,,,,,
2019-04-13 22:00:00+02:00,,41.6,,45.74,30.1,47.77,,41.45,,40.24,42.96,42.96,42.96,59.06,42.96,45.93,59.1,,66.32,41.6,46.01,,56.19,,,,56.49,56.49,,56.49,56.49,56.49,59.5,56.49,42.96,42.96,,,,,45.04,43.6,43.6,43.32,42.96,43.6,47.12,59.06,46.0,46.23,42.96,42.96,42.96,42.96,41.6,41.45,,,,,,
2019-04-13 23:00:00+02:00,,38.03,,44.97,25.06,47.06,,37.21,,35.08,41.47,41.47,41.47,59.01,41.47,47.68,46.69,,63.12,38.03,37.21,,44.04,,,,52.81,52.81,,52.81,52.81,52.81,52.81,52.81,41.47,41.47,,,,,44.64,43.21,43.21,43.03,41.47,43.21,48.27,59.01,37.2,40.12,41.47,41.47,41.47,41.47,38.03,37.21,,,,,,
2019-04-14 00:00:00+02:00,,40.98,,48.23,40.13,43.85,,38.0,,36.58,40.25,40.25,40.25,57.95,40.25,57.61,57.71,,65.09,40.98,38.0,,20.71,,,,57.61,57.61,,57.61,57.61,57.61,57.61,57.61,40.25,40.25,,,,,39.6,42.74,42.74,42.74,41.7,42.74,44.23,57.95,37.98,38.98,40.25,40.25,40.25,40.25,40.98,38.0,,,,,,
2019-04-14 01:00:00+02:00,,37.89,,43.54,29.83,42.91,,36.16,,35.31,38.07,38.07,38.07,54.3,38.07,47.85,46.58,,63.12,37.89,36.16,,0.0,,,,54.11,54.11,,54.11,54.11,54.11,54.11,54.11,38.07,38.07,,,,,40.0,42.51,42.51,42.51,41.64,42.51,44.21,54.3,36.14,36.35,38.07,38.07,38.07,38.07,37.89,36.16,,,,,,
2019-04-14 02:00:00+02:00,,37.42,,42.61,26.37,42.68,,34.93,,35.03,38.04,38.04,38.04,50.1,38.04,46.69,45.45,,63.09,37.42,34.93,,0.0,,,,53.64,53.64,,53.64,53.64,53.64,53.64,53.64,38.04,38.04,,,,,39.7,42.37,42.37,42.37,41.59,42.37,40.13,50.1,34.91,34.56,38.04,38.04,38.04,38.04,37.42,34.93,,,,,,
2019-04-14 03:00:00+02:00,,37.96,,38.49,25.04,39.36,,34.72,,36.61,38.06,38.06,38.06,47.66,38.06,43.11,43.97,,62.9,37.96,34.72,,0.0,,,,52.81,52.81,,52.81,52.81,52.81,52.81,52.81,38.06,38.06,,,,,36.61,42.45,42.45,42.45,41.58,42.45,39.86,47.66,34.7,33.58,38.06,38.06,38.06,38.06,37.96,34.72,,,,,,
2019-04-14 04:00:00+02:00,,37.23,,37.23,24.86,39.14,,35.15,,37.23,39.18,39.18,39.18,46.87,39.18,37.23,43.45,,63.0,37.23,35.15,,0.0,,,,52.81,52.81,,52.81,52.81,52.81,52.81,52.81,39.18,39.18,,,,,37.23,42.49,42.49,42.49,41.58,42.49,39.48,46.87,35.13,33.55,39.18,39.18,39.18,39.18,37.23,35.15,,,,,,
2019-04-14 05:00:00+02:00,,37.08,,37.76,24.53,39.09,,34.63,,37.01,39.49,39.49,39.49,45.14,39.49,37.45,41.81,,63.0,37.08,34.63,,0.0,,,,52.81,52.81,,52.81,52.81,52.81,52.81,52.81,39.49,39.49,,,,,39.7,42.6,42.6,42.6,41.59,42.6,39.8,45.14,34.61,34.48,39.49,39.49,39.49,39.49,37.08,34.63,,,,,,
2019-04-14 06:00:00+02:00,,37.36,,37.36,24.51,39.04,,35.3,,37.36,38.28,38.28,38.28,45.13,38.28,37.36,38.38,,63.02,37.36,35.3,,0.0,,,,53.97,53.97,,53.97,53.97,53.97,53.97,53.97,38.28,38.28,,,,,37.36,42.89,42.89,42.89,41.61,42.89,41.06,45.13,35.28,36.73,38.28,38.28,38.28,38.28,37.36,35.3,,,,,,
2019-04-14 07:00:00+02:00,,38.18,,38.18,32.52,38.69,,37.99,,38.18,38.18,38.18,41.42,45.1,41.42,38.18,40.56,,64.98,38.18,37.99,,15.0,,,,53.97,53.97,,53.97,53.97,53.97,53.97,53.97,41.42,41.42,,,,,38.18,43.04,43.04,43.04,41.64,43.04,41.84,45.1,37.97,41.28,41.42,41.42,41.42,41.42,38.18,37.99,,,,,,
2019-04-14 08:00:00+02:00,,40.36,,40.36,32.95,42.75,,41.58,,40.36,40.36,40.36,43.21,47.2,43.21,40.36,50.4,,65.03,40.36,41.58,,8.0,,,,53.97,53.97,,53.97,53.97,53.97,53.97,53.97,43.21,43.21,,,,,40.36,43.21,43.21,43.21,43.21,43.21,43.95,47.2,41.56,46.93,43.21,43.21,43.21,43.21,40.36,41.58,,,,,,
2019-04-14 09:00:00+02:00,,39.76,,39.76,32.96,40.44,,42.48,,39.76,39.76,39.76,43.66,52.84,43.66,39.76,48.67,,65.09,39.76,42.48,,32.77,,,,57.61,57.61,,57.61,57.61,57.61,57.61,57.61,43.66,43.66,,,,,39.76,43.66,43.66,43.66,43.66,43.66,44.8,52.84,41.58,49.97,43.66,43.66,43.66,43.66,39.76,42.48,,,,,,
2019-04-14 10:00:00+02:00,,37.1,,37.1,32.51,38.42,,41.52,,37.1,37.1,37.1,43.45,56.16,43.45,37.1,46.87,,65.14,37.1,41.52,,43.73,,,,61.89,61.89,,61.89,61.89,61.89,61.89,61.89,43.45,43.45,,,,,37.1,43.45,43.45,43.45,43.45,43.45,44.84,56.16,35.28,52.08,43.45,43.45,43.45,43.45,37.1,41.52,,,,,,
2019-04-14 11:00:00+02:00,,36.47,,37.27,32.5,36.99,,39.09,,36.4,36.4,36.4,43.13,56.16,43.13,36.9,53.31,,63.12,36.47,39.09,,49.34,,,,59.89,59.89,,59.89,59.89,59.89,59.89,59.89,43.13,43.13,,,,,39.6,43.13,43.13,43.13,43.13,43.13,44.79,56.16,35.28,47.92,43.13,43.13,43.13,43.13,36.47,39.09,,,,,,
2019-04-14 12:00:00+02:00,,35.59,,35.2,32.49,36.08,,37.9,,34.89,34.89,34.89,42.87,55.7,42.87,38.36,52.14,,65.01,35.59,37.9,,49.34,,,,58.94,58.94,,58.94,58.94,46.74,58.94,58.94,42.87,42.87,,,,,35.0,42.87,42.87,42.87,42.87,42.87,46.03,55.7,31.98,46.9,42.87,42.87,42.87,42.87,35.59,37.9,,,,,,
2019-04-14 13:00:00+02:00,,33.97,,35.31,22.54,35.17,,33.6,,33.87,33.87,33.87,42.65,55.0,42.65,34.7,57.94,,40.83,33.97,33.6,,49.34,,,,54.87,54.87,,54.87,54.87,46.74,54.87,54.87,42.65,42.65,,,,,39.1,42.65,42.65,42.65,42.65,42.65,45.48,55.0,21.0,43.14,42.65,42.65,42.65,42.65,33.97,33.6,,,,,,
2019-04-14 14:00:00+02:00,,29.85,,31.2,22.52,34.1,,32.24,,29.75,29.75,29.75,42.47,51.62,42.47,30.59,50.17,,40.03,29.85,32.24,,47.99,,,,53.64,53.64,,53.64,53.64,18.0,53.64,53.64,42.47,42.47,,,,,35.0,42.47,42.47,42.47,42.47,42.47,44.48,51.62,18.37,41.97,42.47,42.47,42.47,42.47,29.85,32.24,,,,,,
2019-04-14 15:00:00+02:00,,29.19,,32.07,22.51,32.42,,31.4,,28.97,28.97,28.97,42.31,49.54,42.31,30.76,49.36,,48.7,29.19,31.4,,46.88,,,,53.97,53.97,,53.97,53.97,46.74,53.97,53.97,42.31,42.31,,,,,40.23,42.31,42.31,42.31,42.31,42.31,43.15,49.54,17.99,41.96,42.31,42.31,42.31,42.31,29.19,31.4,,,,,,
2019-04-14 16:00:00+02:00,,31.42,,33.57,22.52,32.43,,32.4,,31.26,31.26,31.26,41.97,47.67,41.97,32.59,52.14,,65.07,31.42,32.4,,44.9,,,,54.88,54.88,,54.88,54.88,46.74,54.88,54.88,41.97,41.97,,,,,39.7,42.23,42.23,42.23,41.97,42.23,43.32,47.67,17.99,40.67,41.97,41.97,41.97,41.97,31.42,32.4,,,,,,
2019-04-14 17:00:00+02:00,,35.05,,35.17,27.88,37.75,,35.64,,35.04,35.04,35.04,42.32,48.0,42.32,35.11,55.62,,63.12,35.05,35.64,,49.34,,,,54.3,54.3,,54.3,54.3,54.3,54.3,54.3,42.32,42.32,,,,,35.5,42.32,42.32,42.32,42.32,42.32,43.7,48.0,28.35,40.08,42.32,42.32,42.32,42.32,35.05,35.64,,,,,,
2019-04-14 18:00:00+02:00,,41.87,,41.87,32.51,44.39,,42.0,,41.87,41.87,41.87,43.26,50.15,43.26,41.87,62.57,,66.27,41.87,42.0,,55.0,,,,55.26,55.26,,55.26,55.26,55.26,55.26,55.26,43.26,43.26,,,,,41.87,43.26,43.26,43.26,43.26,43.26,44.25,50.15,35.28,45.98,43.26,43.26,43.26,43.26,41.87,42.0,,,,,,
2019-04-14 19:00:00+02:00,,44.7,,44.7,32.97,48.49,,46.2,,44.7,44.7,44.7,44.7,57.21,44.7,44.7,61.25,,72.47,44.7,46.2,,58.59,,,,58.13,58.13,,58.13,58.13,58.13,58.13,58.13,44.7,44.7,,,,,44.7,44.7,44.7,44.7,44.7,44.7,45.69,57.21,46.17,58.99,44.7,44.7,44.7,44.7,44.7,46.2,,,,,,
2019-04-14 20:00:00+02:00,,46.74,,46.74,32.96,48.76,,48.0,,46.74,46.74,45.62,45.62,59.47,45.62,46.74,67.89,,69.35,46.74,56.09,,64.94,,,,62.0,62.0,,62.0,62.0,62.0,76.37,62.0,45.62,45.62,,,,,46.74,45.62,45.62,45.62,45.62,45.62,45.98,59.47,49.14,60.92,45.62,45.62,45.62,45.62,46.74,48.0,,,,,,
2019-04-14 21:00:00+02:00,,45.43,,48.35,32.94,48.16,,45.9,,43.28,43.28,44.41,44.41,62.48,44.41,53.86,71.75,,69.33,45.43,48.34,,68.63,,,,58.71,58.71,,58.71,58.71,58.71,71.0,58.71,44.41,44.41,,,,,43.28,44.41,44.41,44.41,44.41,44.41,45.93,62.48,41.9,54.07,44.41,44.41,44.41,44.41,45.43,45.9,,,,,,
2019-04-14 22:00:00+02:00,,42.23,,58.28,22.55,48.19,,43.8,,38.59,38.59,38.59,43.92,61.19,43.92,57.41,61.95,,66.32,42.23,43.8,,59.27,,,,57.41,57.41,,57.41,57.41,57.41,57.41,57.41,43.92,43.92,,,,,46.18,43.92,43.92,43.92,43.92,43.92,46.3,61.19,18.37,49.97,43.92,43.92,43.92,43.92,42.23,43.8,,,,,,
2019-04-14 23:00:00+02:00,,40.95,,47.2,22.52,48.04,,39.97,,38.11,38.11,38.11,42.23,60.16,42.23,51.35,52.38,,63.12,40.95,39.97,,49.29,,,,52.81,52.81,,52.81,52.81,52.81,52.81,52.81,42.23,42.23,,,,,45.1,43.55,43.55,43.19,42.23,43.55,44.35,60.16,1.05,38.96,42.23,42.23,42.23,42.23,40.95,39.97,,,,,,
2019-04-15 00:00:00+02:00,,39.06,,50.25,4.03,48.17,,36.09,,35.58,35.58,35.58,41.96,59.53,41.96,53.97,56.43,,64.52,39.06,36.09,,53.0,,,,53.97,53.97,,53.97,53.97,53.97,53.97,53.97,41.96,41.96,,,,,45.64,43.94,43.94,43.71,41.96,43.94,47.23,59.53,24.99,39.59,41.96,41.96,41.96,41.96,39.06,36.09,,,,,,
2019-04-15 01:00:00+02:00,,38.2,,42.84,3.58,47.84,,34.69,,37.11,37.11,37.11,41.92,57.95,41.92,42.97,43.83,,63.12,38.2,34.69,,41.93,,,,48.4,48.4,,48.4,48.4,48.4,48.4,48.4,41.92,41.92,,,,,41.61,43.23,43.23,43.23,41.92,43.23,47.01,57.95,17.2,35.14,41.92,41.92,41.92,41.92,38.2,34.69,,,,,,
2019-04-15 02:00:00+02:00,,37.89,,40.89,2.72,39.71,,35.08,,37.17,37.17,37.17,41.96,54.9,41.96,41.01,41.82,,63.12,37.89,35.08,,40.01,,,,46.1,46.1,,46.1,46.1,46.1,46.1,46.1,41.96,41.96,,,,,40.72,43.1,43.1,43.1,41.96,43.1,47.01,54.9,15.75,34.65,41.96,41.96,41.96,41.96,37.89,35.08,,,,,,
2019-04-15 03:00:00+02:00,,38.9,,38.9,2.81,39.58,,34.57,,38.9,38.9,38.9,42.24,50.13,42.24,38.9,39.96,,63.12,38.9,34.57,,30.36,,,,41.89,41.89,,41.89,41.89,41.89,41.89,41.89,42.24,42.24,,,,,38.9,43.2,43.2,43.2,42.24,43.2,47.01,50.13,15.7,34.62,42.24,42.24,42.24,42.24,38.9,34.57,,,,,,
2019-04-15 04:00:00+02:00,,37.99,,37.99,5.02,38.49,,34.75,,37.99,42.18,42.18,43.36,47.12,43.36,37.99,39.02,,63.12,37.99,34.75,,15.58,,,,41.21,41.21,,41.21,41.21,41.21,41.21,41.21,43.36,43.36,,,,,37.99,43.36,43.36,43.36,43.36,43.36,47.45,47.12,21.0,35.65,43.36,43.36,43.36,43.36,37.99,34.75,,,,,,
2019-04-15 05:00:00+02:00,,42.6,,42.6,15.96,43.05,,39.9,,42.6,42.6,45.1,45.1,46.07,45.1,42.6,43.75,,66.75,42.6,39.9,,-0.1,,,,49.5,49.5,,49.5,49.5,49.5,49.5,49.5,45.1,45.1,,,,,42.6,45.1,45.1,45.1,45.1,45.1,47.44,46.07,39.27,40.37,45.1,45.1,45.1,45.1,42.6,39.9,,,,,,
2019-04-15 06:00:00+02:00,,50.31,,50.35,22.51,49.68,,49.8,,50.23,50.23,47.73,47.73,54.83,47.73,50.59,51.58,,67.05,56.44,49.8,,-0.1,,,,56.44,56.44,,56.44,56.44,56.44,56.44,56.44,47.73,47.73,,,,,50.23,47.35,47.35,47.72,47.72,47.35,54.17,54.83,47.04,46.41,47.72,47.72,47.72,47.73,56.44,49.8,,,,,,
2019-04-15 07:00:00+02:00,,58.86,,58.76,56.27,57.32,,57.75,,58.76,58.76,58.76,58.91,59.18,58.91,59.18,60.35,,73.91,62.82,57.75,,35.36,,,,62.82,62.82,,62.82,62.82,62.82,62.82,62.82,58.91,58.91,,,,,58.76,50.24,50.24,58.76,58.76,50.24,59.39,59.18,51.87,54.49,58.76,58.76,58.76,58.76,62.82,57.75,,,,,,
2019-04-15 08:00:00+02:00,,60.33,,60.81,61.36,58.02,,58.6,,60.33,60.33,60.33,60.33,60.67,60.33,60.67,63.53,,75.45,70.0,58.6,,49.4,,,,70.0,70.0,,70.0,70.0,70.0,76.37,70.0,60.33,60.33,,,,,61.86,50.44,50.44,54.78,54.78,50.44,60.82,60.08,51.87,60.07,54.78,54.78,54.78,60.33,70.0,58.6,,,,,,
2019-04-15 09:00:00+02:00,,50.15,,58.81,42.22,52.04,,52.2,,47.29,47.29,47.29,59.07,59.84,59.07,59.84,66.08,,75.46,61.85,52.2,,63.23,,,,61.85,61.85,,61.85,61.85,61.85,71.0,61.85,59.07,59.07,,,,,54.84,47.29,47.29,47.29,47.29,47.29,60.11,59.84,50.19,58.42,47.29,47.29,47.29,47.29,61.85,52.2,,,,,,
2019-04-15 10:00:00+02:00,,47.92,,51.16,36.07,52.21,,46.0,,43.02,43.02,45.88,59.0,59.0,59.0,59.0,62.91,,73.91,47.92,48.81,,60.21,,,,59.0,56.44,,59.0,56.44,56.44,56.44,56.44,59.0,59.0,,,,,46.0,45.88,45.88,45.88,45.88,45.88,59.48,59.0,47.04,57.62,45.88,45.88,45.88,45.88,47.92,46.0,,,,,,
2019-04-15 11:00:00+02:00,,47.91,,42.92,32.34,54.03,,42.0,,40.24,42.12,44.81,53.07,58.22,53.07,52.25,53.28,,72.04,56.28,45.66,,50.99,,,,56.28,53.79,,56.28,53.79,53.79,53.79,53.79,53.07,53.07,,,,,41.25,44.81,44.81,44.81,44.81,44.81,59.02,58.22,45.63,55.33,44.81,44.81,44.81,44.81,56.28,42.0,,,,,,
2019-04-15 12:00:00+02:00,,47.95,,39.14,33.02,49.45,,39.0,,32.05,44.47,44.47,52.78,55.91,52.78,48.93,49.88,,69.36,49.9,45.46,,47.74,,,,49.9,48.13,,49.9,48.13,48.13,48.13,48.13,52.78,52.78,,,,,35.9,44.47,44.47,44.47,44.47,44.47,59.99,55.91,45.43,49.65,44.47,44.47,44.47,44.47,49.9,45.46,,,,,,
2019-04-15 13:00:00+02:00,,47.99,,37.45,49.97,48.05,,36.0,,30.43,44.31,44.31,51.36,53.07,51.36,45.77,46.79,,65.31,49.9,42.57,,45.7,,,,49.9,41.51,,49.9,41.51,41.51,41.51,41.51,51.36,51.36,,,,,36.5,44.31,44.31,44.31,44.31,44.31,59.67,53.07,42.54,49.98,44.31,44.31,44.31,44.31,49.9,42.57,,,,,,
2019-04-15 14:00:00+02:00,,46.03,,39.0,49.96,41.14,,34.56,,32.04,43.85,43.85,43.85,49.54,43.85,40.82,41.62,,65.31,53.97,41.92,,42.33,,,,53.97,40.0,,53.97,40.0,40.0,40.0,40.0,43.85,43.85,,,,,39.0,43.85,43.85,43.85,43.85,43.85,58.79,49.54,41.9,47.28,43.85,43.85,43.85,43.85,53.97,41.92,,,,,,
2019-04-15 15:00:00+02:00,,42.81,,37.26,32.97,38.93,,34.78,,35.67,43.62,43.62,43.62,45.19,43.62,37.52,38.25,,65.31,55.07,41.39,,39.34,,,,55.07,48.13,,55.07,48.13,48.13,48.13,48.13,43.62,43.62,,,,,37.26,43.62,43.62,43.62,43.62,43.62,58.81,45.19,41.36,46.49,43.62,43.62,43.62,43.62,55.07,41.39,,,,,,
2019-04-15 16:00:00+02:00,,36.16,,36.0,28.99,37.95,,35.1,,35.58,43.88,43.88,47.23,42.05,47.23,36.0,37.63,,66.32,56.28,42.05,,38.7,,,,56.28,55.1,,56.28,55.1,55.1,55.1,55.1,47.23,47.23,,,,,36.66,43.88,43.88,43.88,43.88,43.88,58.13,42.05,42.02,48.37,43.88,43.88,43.88,43.88,56.28,42.05,,,,,,
2019-04-15 17:00:00+02:00,,40.96,,40.96,32.95,39.92,,41.37,,40.96,40.96,44.45,47.24,44.5,47.24,40.96,49.21,,69.36,40.96,46.02,,47.11,,,,56.28,56.28,,56.28,56.28,56.28,56.28,56.28,47.24,47.24,,,,,40.96,44.45,44.45,44.45,44.45,44.45,55.69,44.5,45.99,50.29,44.45,44.45,44.45,44.45,40.96,46.02,,,,,,
2019-04-15 18:00:00+02:00,,47.01,,47.01,38.06,47.13,,45.04,,47.01,47.01,45.88,49.87,47.01,49.87,47.01,50.71,,73.92,47.01,47.07,,49.73,,,,58.5,58.5,,58.5,58.5,58.5,58.5,58.5,49.87,49.87,,,,,47.01,45.88,45.88,45.88,45.88,45.88,51.62,47.01,47.04,51.49,45.88,45.88,45.88,45.88,47.01,47.07,,,,,,
2019-04-15 19:00:00+02:00,,49.27,,49.27,56.28,49.01,,48.7,,49.27,49.27,49.27,55.07,51.31,55.07,49.27,57.89,,73.99,49.27,62.41,,55.42,,,,66.0,66.0,,66.0,66.0,66.0,76.37,66.0,55.07,55.07,,,,,49.27,46.91,46.91,46.91,46.91,46.91,60.81,51.31,62.37,60.59,46.91,46.91,46.91,48.09,49.27,59.14,,,,,,
2019-04-15 20:00:00+02:00,,48.56,,48.56,47.56,48.57,,48.5,,48.56,48.56,48.56,47.01,57.06,47.01,48.56,64.94,,73.24,48.56,64.3,,62.17,,,,68.0,68.0,,68.0,68.0,68.0,124.73,68.0,47.01,47.01,,,,,48.56,47.01,47.01,47.01,47.01,47.01,63.45,57.06,64.26,64.7,47.01,47.01,47.01,47.01,48.56,64.3,,,,,,
2019-04-15 21:00:00+02:00,,45.7,,45.7,32.51,48.52,,45.9,,45.7,45.7,45.7,45.7,60.08,45.7,45.7,69.46,,72.8,45.7,48.12,,66.5,,,,63.0,63.0,,63.0,63.0,63.0,95.1,63.0,45.7,45.7,,,,,45.7,45.7,45.7,45.7,45.7,45.7,55.35,60.08,48.09,53.83,45.7,45.7,45.7,45.7,45.7,48.12,,,,,,
2019-04-15 22:00:00+02:00,,42.43,,42.43,24.09,48.03,,42.5,,42.43,42.43,43.98,43.98,59.38,43.98,42.43,63.32,,69.35,42.43,42.5,,66.73,,,,56.44,56.44,,56.44,56.44,56.44,76.37,56.44,43.98,43.98,,,,,42.43,43.98,43.98,43.98,43.98,43.98,54.14,59.38,42.47,48.95,43.98,43.98,43.98,43.98,42.43,42.5,,,,,,
2019-04-15 23:00:00+02:00,,37.03,,38.68,22.55,47.57,,37.5,,34.97,34.97,34.97,42.92,58.66,42.92,44.01,52.21,,69.34,37.03,37.5,,53.71,,,,54.3,54.3,,54.3,54.3,54.3,54.3,54.3,42.92,42.92,,,,,36.6,42.92,42.92,42.92,42.92,42.92,48.2,58.66,37.48,40.62,42.92,42.92,42.92,42.92,37.03,37.5,,,,,,
2019-04-16 00:00:00+02:00,,37.44,,36.8,24.76,41.08,,36.51,,37.16,43.17,43.17,43.17,59.0,43.17,38.4,41.74,,69.24,37.44,36.79,,39.79,,,,52.39,52.39,,52.39,52.39,52.39,52.39,52.39,43.17,43.17,,,,,36.8,43.17,43.17,43.17,43.17,43.17,53.92,59.0,29.4,37.57,43.17,43.17,43.17,43.17,37.44,36.51,,,,,,
2019-04-16 01:00:00+02:00,,35.86,,35.8,22.51,39.38,,35.97,,35.85,43.05,43.05,43.05,56.91,43.05,35.91,36.76,,65.48,35.86,35.97,,37.64,,,,50.29,50.29,,50.29,50.29,50.29,50.29,50.29,43.05,43.05,,,,,35.81,43.05,43.05,43.05,43.05,43.05,51.56,56.91,27.48,35.35,43.05,43.05,43.05,43.05,35.86,35.97,,,,,,
2019-04-16 02:00:00+02:00,,36.66,,36.66,12.06,39.02,,35.32,,36.66,43.04,43.04,43.04,56.56,43.04,36.66,37.8,,63.18,36.66,35.32,,38.71,,,,48.99,48.99,,48.99,48.99,48.99,48.99,48.99,43.04,43.04,,,,,36.66,43.04,43.04,43.04,43.04,43.04,48.2,56.56,21.0,34.17,43.04,43.04,43.04,43.04,36.66,35.32,,,,,,
2019-04-16 03:00:00+02:00,,36.03,,36.03,16.14,37.0,,35.04,,36.03,43.18,43.18,43.18,56.13,43.18,36.03,45.88,,62.86,36.03,35.04,,47.0,,,,51.99,51.99,,51.99,51.99,51.99,51.99,51.99,43.18,43.18,,,,,36.03,43.18,43.18,43.18,43.18,43.18,48.76,56.13,25.45,33.22,43.18,43.18,43.18,43.18,36.03,35.04,,,,,,
2019-04-16 04:00:00+02:00,,35.06,,35.06,22.55,37.06,,35.48,,35.06,43.5,43.5,43.5,56.56,43.5,35.06,48.6,,62.86,35.06,35.48,,47.02,,,,52.39,52.39,,52.39,52.39,52.39,52.39,52.39,43.5,43.5,,,,,35.06,43.5,43.5,43.5,43.5,43.5,52.75,56.56,29.19,35.11,43.5,43.5,43.5,43.5,35.06,35.48,,,,,,
2019-04-16 05:00:00+02:00,,37.42,,37.42,40.95,39.11,,39.15,,37.42,40.73,44.17,44.17,56.91,44.17,37.42,49.06,,66.65,37.42,39.95,,46.78,,,,55.07,55.07,,55.07,55.07,55.07,55.07,55.07,44.17,44.17,,,,,37.42,44.17,44.17,44.17,44.17,44.17,52.75,56.91,37.38,39.02,44.17,44.17,44.17,44.17,37.42,39.15,,,,,,
2019-04-16 06:00:00+02:00,,46.22,,46.22,66.33,50.39,,49.6,,46.22,46.22,46.22,51.22,57.84,51.22,46.22,55.45,,62.3,46.22,49.6,,52.87,,,,64.1,64.1,,64.1,64.1,64.1,64.1,64.1,51.22,51.22,,,,,46.22,46.22,46.22,46.22,46.22,46.22,62.68,57.84,46.2,47.39,46.22,46.22,46.22,46.22,46.22,49.6,,,,,,
2019-04-16 07:00:00+02:00,,52.06,,52.06,69.24,54.91,,53.8,,52.06,52.06,52.06,61.95,59.33,61.95,52.06,60.56,,65.54,64.05,67.01,,51.0,,,,64.05,64.05,,64.05,64.05,64.05,75.48,64.05,61.95,61.95,,,,,52.06,48.61,48.61,50.81,50.81,48.61,62.14,59.33,48.09,57.23,50.81,50.81,50.81,50.81,64.05,53.8,,,,,,
2019-04-16 08:00:00+02:00,,52.23,,52.16,72.05,54.91,,53.95,,52.21,52.21,52.21,71.08,59.84,71.08,52.31,53.52,,69.24,56.98,60.07,,54.0,,,,64.48,64.48,,64.48,64.48,64.48,124.73,64.48,71.08,71.08,,,,,52.16,48.21,48.21,51.44,51.44,48.21,71.3,59.84,47.44,60.78,51.44,51.44,51.44,51.44,56.98,53.95,,,,,,
2019-04-16 09:00:00+02:00,,48.88,,51.51,61.38,50.93,,45.6,,46.62,46.62,46.62,59.09,60.06,59.09,54.03,55.27,,62.86,60.34,58.87,,67.29,,,,60.34,58.34,,60.34,58.34,58.34,124.73,58.34,59.09,59.09,,,,,46.62,46.62,46.62,46.62,46.62,46.62,71.96,60.06,39.27,57.48,46.62,46.62,46.62,46.62,60.34,45.6,,,,,,
2019-04-16 10:00:00+02:00,,44.01,,44.53,37.25,50.96,,41.0,,40.72,40.72,44.72,59.05,59.57,59.05,50.84,61.29,,62.23,57.89,53.58,,64.35,,,,57.89,56.44,,57.89,56.44,56.44,75.48,56.44,59.05,59.05,,,,,40.72,44.72,44.72,44.72,44.72,44.72,68.42,59.57,35.28,51.65,44.72,44.72,44.72,44.72,57.89,41.0,,,,,,
2019-04-16 11:00:00+02:00,,48.9,,41.9,26.97,53.03,,37.9,,35.7,35.7,44.42,59.82,59.5,59.82,50.15,57.83,,61.49,56.28,48.86,,64.4,,,,56.28,53.74,,56.28,53.74,53.74,75.48,53.74,59.82,59.82,,,,,36.4,44.42,44.42,44.42,44.42,44.42,68.7,59.5,31.12,47.08,44.42,44.42,44.42,44.42,56.28,37.9,,,,,,
2019-04-16 12:00:00+02:00,,48.09,,35.4,41.05,52.32,,35.0,,35.15,35.15,44.16,56.55,59.47,56.55,48.47,58.9,,59.18,51.86,45.1,,61.85,,,,51.86,51.86,,51.86,51.86,51.86,51.86,51.86,56.55,56.55,,,,,35.4,44.16,44.16,44.16,44.16,44.16,71.86,59.47,36.2,46.07,44.16,44.16,44.16,44.16,51.86,35.0,,,,,,
2019-04-16 13:00:00+02:00,,48.08,,35.79,55.56,51.71,,34.43,,32.95,32.95,44.17,51.08,59.07,51.08,44.83,53.18,,58.5,51.53,47.89,,55.85,,,,51.53,51.53,,51.53,51.53,51.53,51.53,51.53,51.08,51.08,,,,,35.79,44.17,44.17,44.17,44.17,44.17,68.51,59.07,35.28,47.87,44.17,44.17,44.17,44.17,51.53,34.43,,,,,,
2019-04-16 14:00:00+02:00,,47.01,,37.32,61.0,50.45,,34.25,,34.52,34.52,43.83,43.83,57.96,43.83,43.16,48.49,,62.04,47.01,45.64,,50.94,,,,55.07,51.87,,55.07,51.87,51.87,51.87,51.87,43.83,43.83,,,,,35.6,43.83,43.83,43.83,43.83,43.83,63.05,57.96,38.41,44.83,43.83,43.83,43.83,43.83,47.01,34.25,,,,,,
2019-04-16 15:00:00+02:00,,45.43,,39.0,59.99,47.06,,36.2,,37.02,37.02,43.58,43.58,56.21,43.58,42.15,45.31,,62.16,45.43,47.43,,50.94,,,,55.96,55.1,,55.96,55.1,55.1,60.01,55.1,43.58,43.58,,,,,36.87,43.58,43.58,43.58,43.58,43.58,60.41,56.21,41.37,46.56,43.58,43.58,43.58,43.58,45.43,36.2,,,,,,
2019-04-16 16:00:00+02:00,,40.07,,39.44,41.65,45.29,,37.9,,39.28,39.28,43.58,49.0,54.02,49.0,39.7,46.23,,66.37,40.8,50.13,,50.94,,,,56.69,56.33,,56.69,56.33,56.33,75.48,56.33,49.0,49.0,,,,,39.28,43.58,43.58,43.58,43.58,43.58,57.79,54.02,45.99,52.11,43.58,43.58,43.58,43.58,40.8,37.9,,,,,,
2019-04-16 17:00:00+02:00,,44.5,,44.5,57.51,49.13,,43.6,,44.5,44.5,44.5,47.29,53.86,47.29,44.5,58.82,,66.3,46.01,56.5,,61.8,,,,57.2,57.2,,57.2,57.2,57.2,71.0,57.2,47.29,47.29,,,,,44.5,44.5,44.5,44.5,44.5,44.5,57.36,53.86,47.04,49.31,44.5,44.5,44.5,44.5,46.01,43.6,,,,,,
2019-04-16 18:00:00+02:00,,49.74,,49.74,61.4,50.43,,48.0,,49.74,49.74,49.74,53.07,53.84,53.07,49.74,67.02,,73.59,49.74,54.44,,70.43,,,,58.68,58.68,,58.68,58.68,58.68,107.48,58.68,53.07,53.07,,,,,49.74,46.1,46.1,46.1,46.1,46.1,55.46,53.84,50.19,55.07,46.1,46.1,46.1,48.54,49.74,48.0,,,,,,
2019-04-16 19:00:00+02:00,,52.95,,52.95,74.02,52.47,,50.86,,52.95,47.46,47.46,57.74,56.0,57.74,52.95,63.75,,82.0,65.25,67.36,,67.0,,,,65.25,65.25,,65.25,65.25,65.25,109.03,65.25,57.74,57.74,,,,,52.95,46.81,46.81,46.81,46.81,46.81,57.92,56.0,66.98,67.6,46.81,46.81,46.81,47.46,65.25,50.86,,,,,,
2019-04-16 20:00:00+02:00,,50.32,,50.32,76.65,52.18,,51.0,,50.32,47.22,47.22,47.22,58.58,47.22,50.32,63.54,,79.32,70.0,73.69,,65.2,,,,70.0,70.0,,70.0,70.0,70.0,124.73,70.0,47.22,47.22,,,,,50.32,47.22,47.22,47.22,47.22,47.22,60.43,58.58,73.63,68.99,47.22,47.22,47.22,47.22,70.0,51.12,,,,,,
2019-04-16 21:00:00+02:00,,47.94,,47.94,73.68,50.92,,47.8,,47.94,47.94,47.69,46.39,59.28,46.39,47.94,66.42,,77.17,60.57,64.0,,68.16,,,,60.57,60.57,,60.57,60.57,60.57,109.03,60.57,46.39,46.39,,,,,47.94,46.39,46.39,46.39,46.39,46.39,55.5,59.28,63.95,59.02,46.39,46.39,46.39,46.39,60.57,64.0,,,,,,
2019-04-16 22:00:00+02:00,,45.17,,46.85,57.5,50.89,,44.8,,43.9,43.9,44.16,44.16,55.2,44.16,49.25,55.18,,75.86,58.0,56.05,,58.0,,,,58.0,58.0,,58.0,58.0,58.0,101.0,58.0,44.16,44.16,,,,,43.9,44.16,44.16,44.16,44.16,44.16,58.93,55.2,56.0,55.53,44.16,44.16,44.16,44.16,58.0,44.8,,,,,,
2019-04-16 23:00:00+02:00,,41.99,,45.02,36.57,50.14,,40.0,,38.8,38.8,41.94,41.94,50.49,41.94,48.01,48.62,,69.27,41.99,45.07,,48.03,,,,55.1,55.1,,55.1,55.1,55.1,75.0,55.1,41.94,41.94,,,,,38.8,41.94,41.94,41.94,41.94,41.94,54.26,50.49,45.03,45.03,41.94,41.94,41.94,41.94,41.99,40.0,,,,,,
2019-04-17 00:00:00+02:00,,36.56,,40.36,29.58,45.16,,37.73,,33.5,33.5,33.5,42.1,55.55,42.1,46.92,47.9,,69.36,55.1,39.27,,48.09,,,,55.1,55.1,,55.1,55.1,55.1,55.1,55.1,42.1,42.1,,,,,33.5,42.1,42.1,42.1,42.1,42.1,51.71,55.55,39.27,45.97,42.1,42.1,42.1,42.1,55.1,37.73,,,,,,
2019-04-17 01:00:00+02:00,,35.87,,38.55,27.85,38.34,,36.41,,32.99,32.99,32.99,41.73,45.04,41.73,40.96,44.26,,69.08,50.0,37.28,,45.45,,,,53.53,55.1,,53.53,55.1,55.1,55.1,55.1,41.73,41.73,,,,,33.7,41.83,41.83,41.73,41.73,41.83,52.29,49.25,37.27,39.5,41.73,41.73,41.73,41.73,50.0,36.41,,,,,,
2019-04-17 02:00:00+02:00,,35.02,,35.02,28.05,38.02,,36.03,,35.02,35.02,35.02,41.33,38.68,41.33,35.02,44.41,,66.62,35.02,36.06,,43.47,,,,50.0,53.74,,50.0,53.74,53.74,53.74,53.74,41.33,41.33,,,,,35.02,41.68,41.68,41.33,41.33,41.68,52.29,39.0,36.05,38.04,41.33,41.33,41.33,41.33,35.02,36.03,,,,,,
2019-04-17 03:00:00+02:00,,35.02,,35.02,27.5,37.78,,36.06,,35.02,35.02,35.02,41.92,37.6,41.92,35.02,44.94,,66.6,35.02,36.06,,42.95,,,,49.91,53.76,,49.91,53.76,53.76,53.76,53.76,41.92,41.92,,,,,35.02,41.92,41.92,41.92,41.92,41.92,50.88,39.0,36.05,37.44,41.92,41.92,41.92,41.92,35.02,36.06,,,,,,
2019-04-17 04:00:00+02:00,,35.36,,35.36,27.75,37.2,,36.3,,35.36,35.36,35.36,42.27,35.36,42.27,35.36,44.55,,69.08,35.36,36.3,,42.58,,,,49.53,54.49,,49.53,54.49,54.49,54.49,54.49,42.27,42.27,,,,,35.36,42.27,42.27,42.27,42.27,42.27,50.45,38.25,36.3,37.43,42.27,42.27,42.27,42.27,35.36,36.3,,,,,,
2019-04-17 05:00:00+02:00,,37.94,,37.94,38.38,38.95,,38.48,,37.94,37.94,39.08,43.38,37.94,43.38,37.94,44.46,,69.34,54.23,45.32,,42.49,,,,54.23,55.1,,54.23,55.1,55.1,55.1,55.1,43.38,43.38,,,,,37.94,43.38,43.38,43.38,43.38,43.38,49.3,38.25,45.32,44.33,43.38,43.38,43.38,43.38,54.23,38.48,,,,,,
2019-04-17 06:00:00+02:00,,46.82,,46.82,68.51,47.42,,48.83,,46.82,46.82,45.68,49.49,46.82,49.49,46.82,47.82,,69.37,61.18,63.66,,45.69,,,,61.18,61.18,,61.18,61.18,61.18,61.18,61.18,49.49,49.49,,,,,46.82,45.68,45.68,45.68,45.68,45.68,61.1,46.82,63.66,58.51,45.68,45.68,45.68,45.68,61.18,48.83,,,,,,
2019-04-17 07:00:00+02:00,,50.43,,50.43,74.13,52.32,,53.52,,50.43,50.43,50.43,55.47,50.43,55.47,50.43,51.84,,70.96,68.12,68.78,,49.52,,,,68.12,68.12,,68.12,68.12,68.12,76.38,68.12,55.47,55.47,,,,,50.43,46.7,46.7,46.7,46.7,46.7,61.93,50.43,68.78,65.91,46.7,46.7,46.7,46.7,68.12,53.52,,,,,,
2019-04-17 08:00:00+02:00,,52.23,,52.23,73.91,52.59,,53.22,,52.23,52.23,52.23,59.07,52.23,59.07,52.23,63.52,,69.38,66.0,69.92,,60.69,,,,66.0,66.0,,66.0,66.0,66.0,125.73,66.0,59.07,59.07,,,,,52.23,47.43,47.43,47.43,47.43,47.43,71.5,52.23,69.91,68.42,47.43,47.43,47.43,47.43,66.0,53.22,,,,,,
2019-04-17 09:00:00+02:00,,50.4,,50.4,54.52,49.99,,49.2,,50.4,50.4,50.4,52.71,52.84,52.71,50.4,67.02,,65.3,64.01,65.6,,70.3,,,,64.01,57.57,,64.01,57.57,57.57,109.03,57.57,52.71,52.71,,,,,50.4,46.53,46.53,46.53,46.53,46.53,78.1,52.84,65.59,65.93,46.53,46.53,46.53,46.53,64.01,49.2,,,,,,
2019-04-17 10:00:00+02:00,,48.01,,48.01,48.79,48.19,,45.3,,48.01,48.01,48.01,50.85,51.2,50.85,48.01,64.59,,65.49,60.64,60.35,,66.3,,,,60.64,56.33,,60.64,56.33,56.33,76.38,56.33,50.85,50.85,,,,,48.01,45.92,45.92,45.92,45.92,45.92,76.86,51.2,60.34,62.97,45.92,45.92,45.92,45.92,60.64,45.3,,,,,,
2019-04-17 11:00:00+02:00,,40.88,,46.05,41.93,44.56,,41.44,,39.72,39.72,39.72,50.41,49.2,50.41,43.2,56.62,,65.49,60.0,57.48,,58.12,,,,60.0,54.52,,60.0,54.52,54.52,75.0,54.52,50.41,50.41,,,,,46.05,44.57,44.57,44.57,44.57,44.57,76.86,49.2,57.48,59.08,44.57,44.57,44.57,44.57,60.0,41.44,,,,,,
2019-04-17 12:00:00+02:00,,37.48,,45.37,41.93,41.02,,38.16,,35.66,38.6,38.6,49.47,47.4,49.47,41.13,46.68,,65.14,55.38,56.2,,48.88,,,,55.38,52.0,,55.38,52.0,52.0,71.0,52.0,49.47,49.47,,,,,45.37,43.91,43.91,43.91,43.91,43.91,76.85,47.4,56.19,56.06,43.91,43.91,43.91,43.91,55.38,38.16,,,,,,
2019-04-17 13:00:00+02:00,,35.55,,41.86,41.93,39.48,,36.5,,34.09,43.27,43.27,49.47,40.6,49.47,38.5,44.84,,65.06,54.47,54.02,,47.14,,,,54.47,50.0,,54.47,50.0,50.0,50.0,50.0,49.47,49.47,,,,,41.89,43.28,43.28,43.28,43.28,43.28,77.18,40.6,54.02,56.03,43.28,43.28,43.28,43.28,54.47,36.5,,,,,,
2019-04-17 14:00:00+02:00,,36.12,,36.12,41.94,38.36,,36.41,,36.12,42.98,42.98,42.98,38.63,42.98,36.12,43.32,,65.5,57.46,56.28,,44.59,,,,57.46,50.0,,57.46,50.0,50.0,50.0,50.0,42.98,42.98,,,,,36.12,42.98,42.98,42.98,42.98,42.98,67.93,38.63,56.28,55.6,42.98,42.98,42.98,42.98,57.46,36.41,,,,,,
2019-04-17 15:00:00+02:00,,35.07,,35.05,41.93,38.64,,37.31,,35.05,42.91,42.91,42.91,38.25,42.91,35.05,43.09,,69.26,57.94,56.19,,44.22,,,,57.94,52.0,,57.94,52.0,52.0,71.0,52.0,42.91,42.91,,,,,35.05,42.91,42.91,42.91,42.91,42.91,63.91,38.25,56.18,57.25,42.91,42.91,42.91,42.91,57.94,37.31,,,,,,
2019-04-17 16:00:00+02:00,,35.49,,35.49,38.4,38.98,,37.78,,35.49,41.34,41.34,48.93,39.0,48.93,35.49,42.8,,69.33,60.26,57.94,,44.59,,,,60.26,55.1,,60.26,55.1,55.1,76.38,55.1,48.93,48.93,,,,,35.49,42.93,42.93,42.93,42.93,42.93,58.78,39.0,57.94,58.97,42.93,42.93,42.93,42.93,60.26,37.78,,,,,,
2019-04-17 17:00:00+02:00,,38.73,,38.73,45.65,40.04,,41.01,,38.73,38.73,38.73,49.42,41.99,49.42,38.73,45.15,,69.4,59.92,58.48,,46.33,,,,59.92,57.37,,59.92,57.37,57.37,71.0,57.37,49.42,49.42,,,,,38.73,43.19,43.19,43.19,43.19,43.19,58.11,41.99,58.48,59.94,43.19,43.19,43.19,43.19,59.92,41.01,,,,,,
2019-04-17 18:00:00+02:00,,46.09,,46.09,56.28,45.53,,46.15,,46.09,46.09,46.09,51.37,48.4,51.37,46.09,56.33,,84.35,60.64,61.17,,57.79,,,,60.64,58.52,,60.64,58.52,58.52,81.0,58.52,51.37,51.37,,,,,46.09,44.41,44.41,44.41,44.41,44.41,57.92,48.4,61.17,60.17,44.41,44.41,44.41,44.41,60.64,46.15,,,,,,
2019-04-17 19:00:00+02:00,,49.49,,49.49,61.37,48.05,,49.19,,49.49,49.49,49.49,51.3,50.77,51.3,49.49,58.9,,85.16,67.98,69.97,,60.42,,,,67.98,67.98,,67.98,67.98,67.98,124.73,67.98,51.3,51.3,,,,,49.49,45.12,45.12,45.12,45.12,45.12,59.2,50.77,69.97,69.51,45.12,45.12,45.12,45.12,67.98,49.19,,,,,,
2019-04-17 20:00:00+02:00,,48.09,,48.09,64.68,47.84,,48.36,,48.09,48.09,48.09,45.73,57.04,45.73,48.09,64.69,,85.17,71.72,74.1,,63.26,,,,71.72,71.72,,71.72,71.72,71.72,125.73,71.72,45.73,45.73,,,,,48.09,45.73,45.73,45.73,45.73,45.73,67.81,57.04,74.1,73.05,45.73,45.73,45.73,45.73,71.72,48.36,,,,,,
2019-04-17 21:00:00+02:00,,44.83,,44.83,56.24,44.47,,45.99,,44.83,44.83,44.83,44.26,59.47,44.26,44.83,64.68,,84.35,60.73,62.24,,63.25,,,,60.73,60.73,,60.73,60.73,60.73,125.73,60.73,44.26,44.26,,,,,44.83,44.26,44.26,44.26,44.26,44.26,57.9,59.47,62.24,62.68,44.26,44.26,44.26,44.26,60.73,57.8,,,,,,
2019-04-17 22:00:00+02:00,,41.03,,41.03,47.7,42.37,,43.01,,41.03,41.03,41.03,42.97,57.91,42.97,41.03,47.65,,84.15,57.27,56.28,,48.88,,,,57.27,57.27,,57.27,57.27,57.27,101.0,57.27,42.97,42.97,,,,,41.03,42.97,42.97,42.97,42.97,42.97,61.21,57.91,56.28,59.86,42.97,42.97,42.97,42.97,57.27,43.01,,,,,,
2019-04-17 23:00:00+02:00,,37.29,,37.29,38.38,38.61,,39.16,,37.29,40.82,40.82,41.8,56.85,41.8,37.29,43.02,,69.38,43.79,45.69,,42.06,,,,54.58,54.58,,54.58,54.58,54.58,76.38,54.58,41.8,41.8,,,,,37.29,41.8,41.8,41.8,41.8,41.8,52.74,56.85,45.69,50.08,41.8,41.8,41.8,41.8,43.79,39.16,,,,,,
2019-04-18 00:00:00+02:00,,37.93,,37.93,38.37,38.0,,36.9,,37.93,42.73,42.73,42.73,59.47,42.73,37.93,47.76,,69.25,42.91,41.91,,45.37,,,,50.57,50.57,,50.57,50.57,50.57,50.57,50.57,42.73,42.73,,,,,37.93,42.73,42.73,42.73,42.73,42.73,54.09,59.47,41.9,42.21,42.73,42.73,42.73,42.73,42.91,36.9,,,,,,
2019-04-18 01:00:00+02:00,,37.3,,37.3,35.07,36.21,,35.49,,37.3,42.59,42.59,42.59,57.66,42.59,37.3,43.91,,66.77,37.3,35.75,,41.71,,,,48.07,48.07,,48.07,48.07,48.07,48.07,48.07,42.59,42.59,,,,,37.3,42.59,42.59,42.59,42.59,42.59,53.4,57.66,35.73,37.78,42.59,42.59,42.59,42.59,37.3,35.49,,,,,,
2019-04-18 02:00:00+02:00,,37.24,,37.24,34.52,35.7,,34.81,,37.24,42.57,42.57,42.57,56.66,42.57,37.24,42.96,,65.0,37.24,34.81,,40.81,,,,47.15,47.15,,47.15,47.15,47.15,47.15,47.15,42.57,42.57,,,,,37.24,42.57,42.57,42.57,42.57,42.57,51.75,56.66,34.8,34.94,42.57,42.57,42.57,42.57,37.24,34.81,,,,,,
2019-04-18 03:00:00+02:00,,35.02,,35.02,26.59,37.0,,34.02,,35.02,42.71,42.71,42.71,56.65,42.71,35.02,41.01,,64.97,35.02,34.02,,38.95,,,,45.76,45.76,,45.76,45.76,45.76,45.76,45.76,42.71,42.71,,,,,35.02,42.71,42.71,42.71,42.71,42.71,52.93,56.65,34.01,34.43,42.71,42.71,42.71,42.71,35.02,34.02,,,,,,
2019-04-18 04:00:00+02:00,,35.06,,35.06,34.68,36.0,,34.65,,35.06,35.06,35.06,42.97,56.65,42.97,35.06,39.44,,64.93,35.06,34.65,,37.46,,,,45.8,45.8,,45.8,45.8,45.8,45.8,45.8,42.97,42.97,,,,,35.06,42.97,42.97,42.97,42.97,42.97,53.4,56.65,34.64,35.46,42.97,42.97,42.97,42.97,35.06,34.65,,,,,,
2019-04-18 05:00:00+02:00,,38.07,,38.07,38.38,37.54,,37.9,,38.07,38.07,38.07,44.04,57.48,44.04,38.07,39.38,,69.33,38.07,40.41,,37.41,,,,48.06,48.06,,48.06,48.06,48.06,48.06,48.06,44.04,44.04,,,,,38.07,44.04,44.04,44.04,44.04,44.04,52.16,57.48,40.39,42.36,44.04,44.04,44.04,44.04,38.07,37.9,,,,,,
2019-04-18 06:00:00+02:00,,47.82,,47.82,61.38,46.33,,46.21,,47.82,47.82,47.82,51.19,57.3,51.19,47.82,49.12,,69.36,52.55,55.84,,43.5,,,,56.44,56.44,,56.44,56.44,56.44,56.44,56.44,51.19,51.19,,,,,47.82,44.77,44.77,44.77,44.77,44.77,61.92,57.3,55.81,56.43,44.77,44.77,44.77,44.77,52.55,55.84,,,,,,
2019-04-18 07:00:00+02:00,,51.95,,51.95,69.04,49.29,,49.68,,51.95,51.95,51.95,55.43,56.91,55.43,51.95,53.36,,75.42,60.02,65.01,,46.74,,,,60.02,60.02,,60.02,60.02,60.02,81.0,60.02,55.43,55.43,,,,,51.95,45.8,45.8,45.8,45.8,45.8,63.43,56.91,64.98,63.97,45.8,45.8,45.8,45.8,60.02,64.2,,,,,,
2019-04-18 08:00:00+02:00,,55.58,,56.62,70.02,49.56,,48.7,,55.31,55.31,55.31,59.84,56.88,59.84,56.19,60.63,,69.33,60.0,64.0,,59.0,,,,60.0,56.44,,60.0,56.44,56.44,124.73,56.44,59.84,59.84,,,,,58.61,46.34,46.34,46.34,46.34,46.34,77.71,56.88,63.97,63.97,46.34,46.34,46.34,46.34,60.0,48.7,,,,,,
2019-04-18 09:00:00+02:00,,49.93,,49.93,65.13,46.72,,46.1,,49.93,49.93,49.93,54.49,57.66,54.49,49.93,67.08,,65.31,59.05,57.09,,68.46,,,,59.97,55.1,,59.97,55.1,55.1,109.03,55.1,54.49,54.49,,,,,49.93,45.65,45.65,45.65,45.65,45.65,80.7,57.66,57.07,61.05,45.65,45.65,45.65,45.65,59.05,46.1,,,,,,
2019-04-18 10:00:00+02:00,,44.57,,44.57,60.07,42.87,,41.5,,44.57,44.57,44.57,51.2,58.58,51.2,44.57,62.68,,62.87,56.36,51.89,,63.98,,,,56.36,48.07,,56.36,48.07,48.07,76.38,48.07,51.2,51.2,,,,,44.57,44.57,44.57,44.57,44.57,44.57,78.62,58.58,51.87,56.16,44.57,44.57,44.57,44.57,56.36,41.5,,,,,,
2019-04-18 11:00:00+02:00,,40.39,,40.39,41.96,40.14,,35.9,,40.39,40.39,40.39,52.31,57.75,52.31,40.39,48.78,,62.87,52.86,48.62,,49.79,,,,52.86,47.99,,52.86,47.99,47.99,47.99,47.99,52.31,52.31,,,,,40.39,43.63,43.63,43.63,43.63,43.63,77.89,57.75,48.6,54.47,43.63,43.63,43.63,43.63,52.86,35.9,,,,,,
2019-04-18 12:00:00+02:00,,37.95,,37.7,41.96,37.66,,32.5,,37.71,37.71,37.71,54.05,57.48,54.05,37.99,43.95,,62.18,47.16,48.32,,44.85,,,,47.16,47.16,,47.16,47.16,47.16,47.16,47.16,54.05,54.05,,,,,37.79,43.03,43.03,43.03,43.03,43.03,78.48,57.48,48.3,51.13,43.03,43.03,43.03,43.03,47.16,35.9,,,,,,
2019-04-18 13:00:00+02:00,,37.98,,34.34,41.94,38.01,,32.78,,30.13,42.3,42.3,49.47,57.04,49.47,34.93,42.79,,52.0,48.41,48.11,,43.67,,,,48.41,45.42,,48.41,45.42,45.42,45.42,45.42,49.47,49.47,,,,,37.4,42.42,42.42,42.42,42.42,42.42,77.86,57.04,48.09,50.54,42.42,42.42,42.42,42.42,48.41,35.9,,,,,,
2019-04-18 14:00:00+02:00,,37.99,,32.87,41.96,37.01,,32.78,,27.12,42.2,42.2,42.2,56.56,42.2,34.3,41.03,,52.25,52.44,50.21,,41.87,,,,52.44,46.41,,52.44,46.41,46.41,46.41,46.41,42.2,42.2,,,,,36.0,42.2,42.2,42.2,42.2,42.2,77.68,56.56,50.19,54.32,42.2,42.2,42.2,42.2,52.44,35.9,,,,,,
2019-04-18 15:00:00+02:00,,37.92,,32.67,45.7,37.13,,30.61,,30.14,42.09,42.09,42.88,51.8,42.88,32.67,40.95,,62.2,53.42,51.89,,41.79,,,,53.42,48.0,,53.42,48.0,48.0,48.0,48.0,42.88,42.88,,,,,35.0,42.09,42.09,42.09,42.09,42.09,68.53,56.56,51.87,54.93,42.09,42.09,42.09,42.09,53.42,35.9,,,,,,
2019-04-18 16:00:00+02:00,,34.22,,34.43,47.23,37.02,,32.91,,34.14,39.73,42.07,49.5,49.89,49.5,34.34,41.53,,62.29,56.22,56.08,,42.39,,,,56.22,54.9,,56.22,54.9,54.9,76.38,54.9,49.5,49.5,,,,,35.0,42.07,42.07,42.07,42.07,42.07,63.48,55.64,56.06,57.46,42.07,42.07,42.07,42.07,56.22,56.08,,,,,,
2019-04-18 17:00:00+02:00,,39.4,,39.4,48.83,38.1,,36.9,,39.4,39.4,42.68,49.91,48.99,49.91,39.4,42.79,,62.31,56.22,56.95,,43.67,,,,56.22,56.22,,56.22,56.22,56.22,56.22,56.22,49.91,49.91,,,,,39.4,42.68,42.68,42.68,42.68,42.68,61.9,55.55,56.93,57.95,42.68,42.68,42.68,42.68,56.22,36.9,,,,,,
2019-04-18 18:00:00+02:00,,45.09,,45.09,48.59,43.49,,42.97,,45.09,45.09,44.01,46.03,48.95,46.03,45.09,48.23,,66.33,57.78,59.69,,49.22,,,,57.78,57.78,,57.78,57.78,57.78,75.54,57.78,46.03,46.03,,,,,45.09,44.01,44.01,44.01,44.01,44.01,60.16,49.16,59.67,59.02,44.01,44.01,44.01,44.01,57.78,42.97,,,,,,
2019-04-18 19:00:00+02:00,,49.31,,49.31,54.79,46.65,,46.69,,49.31,49.31,49.31,47.79,49.31,47.79,49.31,60.14,,69.41,67.98,68.06,,61.38,,,,67.98,67.98,,67.98,67.98,67.98,109.03,67.98,47.79,47.79,,,,,49.31,44.77,44.77,44.77,44.77,44.77,63.35,49.31,68.03,66.07,44.77,44.77,44.77,44.77,67.98,46.69,,,,,,
2019-04-18 20:00:00+02:00,,48.19,,48.19,56.72,46.2,,46.8,,48.19,45.35,45.35,44.92,51.51,44.92,48.19,64.7,,72.82,70.0,71.26,,66.03,,,,70.0,70.0,,70.0,70.0,70.0,124.73,70.0,44.92,44.92,,,,,48.19,44.92,44.92,44.92,44.92,44.92,72.02,51.51,71.23,68.99,44.92,44.92,44.92,44.92,70.0,46.8,,,,,,
2019-04-18 21:00:00+02:00,,44.54,,45.42,49.72,42.65,,43.56,,44.23,44.23,44.23,44.23,56.56,44.23,44.95,64.76,,69.33,60.02,62.04,,66.1,,,,60.02,60.02,,60.02,60.02,60.02,123.54,60.02,44.23,44.23,,,,,45.81,44.23,44.23,44.23,44.23,44.23,58.51,56.56,62.02,61.02,44.23,44.23,44.23,44.23,60.02,45.7,,,,,,
2019-04-18 22:00:00+02:00,,43.19,,43.19,39.64,40.78,,40.4,,43.19,43.19,43.19,43.19,52.67,43.19,43.19,54.13,,65.28,56.33,56.58,,55.24,,,,56.33,56.33,,56.33,56.33,56.33,75.54,56.33,43.19,43.19,,,,,43.19,43.19,43.19,43.19,43.19,43.19,57.38,52.67,56.56,56.11,43.19,43.19,43.19,43.19,56.33,40.4,,,,,,
2019-04-18 23:00:00+02:00,,41.14,,41.69,28.42,37.43,,36.23,,40.96,40.96,41.39,41.39,51.8,41.39,41.39,43.08,,62.77,54.16,46.0,,43.97,,,,54.16,54.16,,54.16,54.16,54.16,54.16,54.16,41.39,41.39,,,,,41.65,41.39,41.39,41.39,41.39,41.39,50.46,51.8,45.98,45.85,41.39,41.39,41.39,41.39,54.16,36.23,,,,,,
2019-04-19 00:00:00+02:00,,35.91,,37.17,36.67,35.93,,34.75,,35.89,38.83,38.83,38.83,53.0,38.83,36.7,52.04,,64.97,49.58,44.58,,49.61,,,,49.58,49.58,,49.58,49.58,49.58,49.58,49.58,38.83,38.83,,,,,40.29,41.62,41.62,41.62,41.62,41.62,54.17,53.0,44.59,41.81,38.83,38.83,38.83,38.83,49.58,34.75,,,,,,
2019-04-19 01:00:00+02:00,,33.03,,35.0,25.9,34.21,,32.15,,32.54,38.1,38.1,38.1,36.5,38.1,34.12,45.45,,55.75,47.72,36.59,,44.77,,,,48.74,48.74,,48.74,48.74,48.74,48.74,48.74,38.1,38.1,,,,,40.28,41.61,41.61,41.61,41.61,41.61,52.86,56.91,36.6,37.28,38.1,38.1,38.1,38.1,47.72,32.15,,,,,,
2019-04-19 02:00:00+02:00,,32.09,,33.33,22.53,32.94,,30.9,,31.71,37.97,37.97,37.97,34.3,37.97,32.76,43.6,,46.06,32.09,32.65,,42.57,,,,46.41,46.41,,46.41,46.41,46.41,46.41,46.41,37.97,37.97,,,,,36.7,40.94,40.94,40.94,40.94,40.94,50.24,56.56,32.65,30.17,37.97,37.97,37.97,37.97,32.09,30.9,,,,,,
2019-04-19 03:00:00+02:00,,31.11,,31.93,22.52,32.32,,30.67,,30.87,38.03,38.03,38.03,33.0,38.03,31.55,44.06,,45.45,31.11,31.2,,42.99,,,,44.73,44.73,,44.73,44.73,44.73,44.73,44.73,38.03,38.03,,,,,34.1,41.01,41.01,41.01,41.01,41.01,49.94,40.43,31.21,28.94,38.03,38.03,38.03,38.03,31.11,30.67,,,,,,
2019-04-19 04:00:00+02:00,,32.07,,32.07,22.54,32.03,,30.7,,32.07,37.07,37.07,37.07,32.07,37.07,32.07,45.09,,46.5,32.07,32.01,,42.98,,,,45.89,45.89,,45.89,45.89,45.89,45.89,45.89,37.07,37.07,,,,,32.07,40.97,40.97,40.97,40.97,40.97,52.68,34.89,32.01,30.22,37.07,37.07,37.07,37.07,32.07,30.7,,,,,,
2019-04-19 05:00:00+02:00,,34.06,,34.29,38.36,33.03,,32.25,,33.99,40.75,40.75,40.75,34.18,40.75,34.18,44.06,,62.87,42.01,35.53,,42.0,,,,47.89,47.89,,47.89,47.89,47.89,47.89,47.89,40.75,40.75,,,,,34.9,41.25,41.25,41.25,41.25,41.25,54.29,34.89,35.54,34.31,40.75,40.75,40.75,40.75,42.01,32.25,,,,,,
2019-04-19 06:00:00+02:00,,38.09,,38.7,36.57,37.25,,36.29,,37.91,41.67,41.67,41.67,38.42,41.67,38.42,47.15,,69.4,43.6,41.79,,44.94,,,,55.45,55.45,,55.45,55.45,55.45,55.45,55.45,41.67,41.67,,,,,40.34,41.67,41.67,41.67,41.67,41.67,62.07,38.42,41.79,37.14,41.67,41.67,41.67,41.67,43.6,36.29,,,,,,
2019-04-19 07:00:00+02:00,,40.69,,41.26,56.28,40.15,,38.87,,40.5,42.68,42.68,42.68,41.0,42.68,41.0,47.77,,70.21,56.85,51.87,,44.77,,,,56.85,56.85,,56.85,56.85,56.85,56.85,56.85,42.68,42.68,,,,,42.97,42.68,42.68,42.68,42.68,42.68,59.52,41.0,51.87,47.16,42.68,42.68,42.68,42.68,56.85,38.87,,,,,,
2019-04-19 08:00:00+02:00,,44.37,,46.14,54.78,40.68,,39.41,,43.83,43.83,43.83,43.83,45.28,43.83,45.28,50.89,,65.31,56.97,54.8,,48.5,,,,56.97,56.97,,56.97,56.97,56.97,71.0,56.97,63.04,63.04,,,,,49.36,43.83,43.83,43.83,43.83,43.83,64.01,45.28,54.81,51.44,43.83,43.83,43.83,43.83,56.97,39.41,,,,,,
2019-04-19 09:00:00+02:00,,43.1,,44.6,49.8,38.48,,35.1,,42.68,43.73,43.73,43.73,43.81,43.73,43.81,61.3,,62.73,48.0,49.08,,59.85,,,,55.95,55.95,,55.95,55.95,55.95,55.95,55.95,63.0,63.0,,,,,44.49,43.73,43.73,43.73,43.73,43.73,66.96,43.81,49.09,51.81,43.73,43.73,43.73,43.73,48.0,35.1,,,,,,
2019-04-19 10:00:00+02:00,,38.26,,39.17,41.03,36.0,,29.5,,37.96,42.97,42.97,42.97,38.76,42.97,38.76,63.61,,51.12,40.8,43.89,,65.14,,,,50.47,50.47,,50.47,50.47,50.47,50.47,50.47,65.07,65.07,,,,,41.59,42.97,42.97,42.97,42.97,42.97,65.87,38.76,43.89,49.56,42.97,42.97,42.97,42.97,40.8,29.5,,,,,,
2019-04-19 11:00:00+02:00,,40.39,,36.97,30.87,34.56,,25.61,,34.32,42.76,42.76,42.76,36.51,42.76,36.51,57.83,,44.0,47.83,41.79,,59.22,,,,47.83,47.83,,47.83,47.83,46.41,47.83,47.83,63.05,63.05,,,,,41.39,42.76,42.76,42.76,42.76,42.76,63.16,36.51,41.79,45.52,42.76,42.76,42.76,42.76,47.83,25.61,,,,,,
2019-04-19 12:00:00+02:00,,34.07,,32.0,38.38,33.36,,21.07,,25.47,42.28,42.28,42.28,35.5,42.28,34.64,43.95,,46.83,40.0,41.37,,46.0,,,,40.0,40.0,,40.0,40.0,40.0,40.0,40.0,63.17,63.17,,,,,42.3,42.28,42.28,42.28,42.28,42.28,63.28,35.5,41.37,43.1,42.28,42.28,42.28,42.28,40.0,21.07,,,,,,
2019-04-19 13:00:00+02:00,,31.07,,28.04,38.39,29.97,,23.38,,5.36,41.93,41.93,41.93,34.5,41.93,30.94,42.79,,41.85,38.49,39.79,,44.77,,,,38.49,38.49,,38.49,38.49,30.0,38.49,38.49,60.87,60.87,,,,,41.51,41.93,41.93,41.93,41.93,41.93,60.98,34.89,39.8,43.02,41.93,41.93,41.93,41.93,38.49,23.38,,,,,,
2019-04-19 14:00:00+02:00,,32.51,,30.44,44.69,27.44,,24.38,,5.02,41.4,41.4,41.4,26.24,41.4,26.24,42.79,,49.89,41.09,39.57,,43.82,,,,41.09,41.09,,41.09,41.09,30.0,41.09,41.09,59.16,59.16,,,,,41.51,41.4,41.4,41.4,41.4,41.4,59.27,32.52,39.57,40.02,41.4,41.4,41.4,41.4,41.09,24.38,,,,,,
2019-04-19 15:00:00+02:00,,30.09,,26.92,38.64,31.07,,20.53,,20.85,40.99,40.99,40.99,25.45,40.99,25.45,40.97,,65.19,43.85,39.79,,41.99,,,,45.0,45.0,,45.0,45.0,45.0,45.0,45.0,58.46,58.46,,,,,39.67,40.99,40.99,40.99,40.99,40.99,58.56,32.39,39.8,40.06,40.99,40.99,40.99,40.99,43.85,20.53,,,,,,
2019-04-19 16:00:00+02:00,,31.06,,28.25,32.13,30.92,,25.61,,27.48,41.79,41.79,41.79,27.98,41.79,27.98,41.61,,62.2,44.46,40.1,,43.0,,,,48.11,48.11,,48.11,48.11,46.41,48.11,48.11,55.49,55.49,,,,,30.1,41.79,41.79,41.79,41.79,41.79,55.58,32.39,40.1,40.09,41.79,41.79,41.79,41.79,44.46,25.61,,,,,,
2019-04-19 17:00:00+02:00,,35.3,,30.56,38.35,33.09,,30.1,,35.3,42.22,42.22,43.83,30.56,43.83,30.56,48.11,,62.91,47.73,41.79,,49.27,,,,50.23,50.23,,50.23,50.23,50.23,50.23,50.23,59.38,59.38,,,,,42.83,42.22,42.22,42.22,42.22,42.22,59.48,32.24,41.79,41.09,42.22,42.22,42.22,42.22,47.73,30.1,,,,,,
2019-04-19 18:00:00+02:00,,41.94,,38.13,50.03,39.42,,38.5,,41.94,42.97,42.97,46.66,36.0,46.66,38.13,50.53,,65.44,44.0,45.99,,53.01,,,,55.1,55.1,,55.1,55.1,55.1,71.0,55.1,46.66,46.66,,,,,47.97,42.97,42.97,42.97,42.97,42.97,57.8,36.0,45.99,45.0,42.97,42.97,42.97,42.97,44.0,38.5,,,,,,
2019-04-19 19:00:00+02:00,,43.68,,38.4,61.37,43.43,,43.0,,43.68,43.68,43.68,46.39,38.4,46.39,38.4,67.31,,72.83,57.07,64.49,,70.0,,,,57.07,57.07,,57.07,57.07,57.07,81.0,57.07,51.13,51.13,,,,,52.02,43.68,43.68,43.68,43.68,43.68,59.51,38.4,64.5,52.52,43.68,43.68,43.68,43.68,57.07,43.0,,,,,,
2019-04-19 20:00:00+02:00,,43.2,,43.2,61.91,44.09,,44.82,,43.2,43.2,43.2,43.2,43.2,43.2,43.2,70.49,,75.47,66.07,69.93,,72.19,,,,66.07,66.07,,66.07,66.07,66.07,124.73,66.07,43.2,43.2,,,,,43.2,43.2,43.2,43.2,43.2,43.2,59.57,43.2,69.94,62.97,43.2,43.2,43.2,43.2,66.07,44.82,,,,,,
2019-04-19 21:00:00+02:00,,44.2,,44.55,50.15,42.14,,42.23,,44.09,44.09,44.09,44.09,44.87,44.09,44.39,70.53,,72.48,57.28,58.06,,73.99,,,,57.28,57.28,,57.28,57.28,57.28,81.0,57.28,44.09,44.09,,,,,45.54,44.09,44.09,44.09,44.09,44.09,55.07,44.87,58.07,54.82,44.09,44.09,44.09,44.09,57.28,42.23,,,,,,
2019-04-19 22:00:00+02:00,,43.93,,44.08,42.32,41.39,,41.5,,43.88,43.88,43.88,43.88,44.0,43.88,44.0,64.19,,69.33,48.06,50.29,,65.74,,,,55.1,55.1,,55.1,55.1,55.1,75.0,55.1,43.88,43.88,,,,,44.08,43.88,43.88,43.88,43.88,43.88,53.87,44.0,50.3,47.53,43.88,43.88,43.88,43.88,48.06,41.5,,,,,,
2019-04-19 23:00:00+02:00,,41.76,,42.27,32.32,38.17,,38.0,,41.62,41.62,41.62,41.62,42.0,41.62,42.0,52.37,,65.3,41.76,40.34,,53.63,,,,52.69,52.69,,52.69,52.69,52.69,52.69,52.69,41.62,41.62,,,,,42.37,41.62,41.62,41.62,41.62,41.62,52.73,42.0,40.35,41.01,41.62,41.62,41.62,41.62,41.76,38.0,,,,,,
2019-04-20 00:00:00+02:00,,34.44,,36.38,29.19,38.08,,38.09,,33.87,42.45,42.45,42.45,35.48,42.45,35.48,54.73,,62.86,34.44,38.09,,56.05,,,,55.46,55.46,,55.46,55.46,55.46,55.46,55.46,42.45,42.45,,,,,41.09,42.45,42.45,42.45,42.45,42.45,45.35,35.48,38.09,43.01,42.45,42.45,42.45,42.45,34.44,38.09,,,,,,
2019-04-20 01:00:00+02:00,,31.57,,31.57,22.54,36.45,,35.9,,31.57,40.96,40.96,40.96,31.57,40.96,31.57,42.35,,65.48,31.57,35.9,,45.8,,,,55.1,55.1,,55.1,55.1,55.1,55.1,55.1,40.96,40.96,,,,,31.57,40.96,40.96,40.96,40.96,40.96,46.47,31.57,35.9,37.39,40.96,40.96,40.96,40.96,31.57,35.9,,,,,,
2019-04-20 02:00:00+02:00,,30.0,,30.0,22.82,34.96,,34.57,,30.0,40.46,40.46,40.46,30.0,40.46,30.0,43.95,,64.97,30.0,34.57,,46.1,,,,47.36,47.36,,47.36,47.36,47.36,47.36,47.36,40.46,40.46,,,,,30.0,40.46,40.46,40.46,40.46,40.46,45.94,30.0,34.57,36.29,40.46,40.46,40.46,40.46,30.0,34.57,,,,,,
2019-04-20 03:00:00+02:00,,30.02,,28.05,22.54,34.61,,34.1,,30.02,40.75,40.75,40.75,27.13,40.75,27.13,43.95,,48.4,30.02,34.1,,46.1,,,,45.95,45.95,,45.95,45.95,45.95,45.95,45.95,40.75,40.75,,,,,32.5,40.75,40.75,40.75,40.75,40.75,45.53,27.13,34.1,35.47,40.75,40.75,40.75,40.75,30.02,34.1,,,,,,
2019-04-20 04:00:00+02:00,,31.5,,27.99,22.53,35.13,,34.0,,31.5,41.26,41.26,41.26,25.75,41.26,25.75,42.91,,49.9,31.5,34.0,,45.01,,,,45.51,45.51,,45.51,45.51,45.51,45.51,45.51,41.26,41.26,,,,,32.5,41.26,41.26,41.26,41.26,41.26,45.99,25.75,34.0,35.26,41.26,41.26,41.26,41.26,31.5,34.0,,,,,,
2019-04-20 05:00:00+02:00,,34.87,,30.39,22.54,36.89,,35.89,,34.87,40.13,40.13,40.13,27.02,40.13,27.02,40.38,,65.05,34.87,35.89,,42.36,,,,45.52,45.52,,45.52,45.52,45.52,45.52,45.52,40.13,40.13,,,,,34.33,40.54,40.54,40.54,40.54,40.54,47.82,27.02,35.89,37.87,40.13,40.13,40.13,40.13,34.87,35.89,,,,,,
2019-04-20 06:00:00+02:00,,38.15,,32.25,25.33,39.05,,38.73,,38.15,40.46,40.46,40.46,28.46,40.46,28.46,44.6,,65.19,38.15,39.34,,46.78,,,,53.99,53.99,,53.99,53.99,53.99,53.99,53.99,40.46,40.46,,,,,39.92,41.24,41.24,41.18,41.18,41.24,45.55,28.46,39.34,40.48,40.46,40.46,40.46,40.46,38.15,38.73,,,,,,
2019-04-20 07:00:00+02:00,,38.6,,33.38,32.06,39.88,,40.6,,38.6,41.42,41.42,41.42,30.0,41.42,30.0,44.09,,65.48,38.6,43.05,,44.03,,,,55.1,55.1,,55.1,55.1,55.1,55.1,55.1,41.42,41.42,,,,,40.1,41.42,41.42,41.42,41.42,41.42,52.57,30.0,43.06,42.9,41.42,41.42,41.42,41.42,38.6,40.6,,,,,,
2019-04-20 08:00:00+02:00,,37.34,,35.26,29.72,40.54,,41.92,,37.34,42.67,42.67,42.67,35.26,42.67,35.26,48.58,,65.25,37.34,42.74,,48.5,,,,53.79,53.79,,53.79,53.79,53.79,53.79,53.79,42.67,42.67,,,,,41.3,42.67,42.67,42.67,42.67,42.67,50.01,35.26,42.75,43.58,42.67,42.67,42.67,42.67,37.34,41.92,,,,,,
2019-04-20 09:00:00+02:00,,37.7,,37.7,22.52,39.23,,40.35,,37.7,42.99,42.99,42.99,37.7,42.99,37.7,64.77,,65.22,37.7,41.64,,66.33,,,,49.15,49.15,,49.15,49.15,49.15,49.15,49.15,42.99,42.99,,,,,37.7,42.99,42.99,42.99,42.99,42.99,56.34,37.7,39.27,42.7,42.99,42.99,42.99,42.99,37.7,40.35,,,,,,
2019-04-20 10:00:00+02:00,,31.03,,31.03,18.57,35.4,,36.17,,31.03,42.88,42.88,42.88,36.78,42.88,31.03,68.19,,49.31,31.03,37.03,,69.93,,,,45.74,45.74,,45.74,45.74,45.74,45.74,45.74,42.88,42.88,,,,,31.03,42.88,42.88,42.88,42.88,42.88,57.25,36.78,33.6,38.69,42.88,42.88,42.88,42.88,31.03,36.17,,,,,,
2019-04-20 11:00:00+02:00,,28.38,,28.38,4.8,33.24,,32.99,,28.38,42.01,42.01,42.01,36.59,42.01,28.38,62.46,,44.0,28.38,34.77,,65.52,,,,35.69,35.69,,35.69,35.69,35.69,35.69,35.69,42.01,42.01,,,,,28.38,42.01,42.01,42.01,42.01,42.01,57.13,36.59,26.0,37.22,42.01,42.01,42.01,42.01,28.38,32.99,,,,,,
2019-04-20 12:00:00+02:00,,26.91,,26.91,3.63,30.96,,30.01,,26.91,41.5,41.5,41.5,33.57,41.5,26.91,49.73,,40.03,26.91,32.62,,53.88,,,,30.0,30.0,,30.0,30.0,30.0,30.0,30.0,50.4,50.4,,,,,26.91,41.5,41.5,41.5,41.5,41.5,57.1,36.09,25.5,36.59,41.5,41.5,41.5,41.5,26.91,30.01,,,,,,
2019-04-20 13:00:00+02:00,,22.8,,22.8,5.02,23.42,,27.27,,22.8,40.99,40.99,40.99,31.57,40.99,22.8,39.44,,30.69,22.8,30.86,,47.46,,,,22.8,22.8,,22.8,22.8,10.0,22.8,22.8,40.99,40.99,,,,,22.8,40.99,40.99,40.99,40.99,40.99,56.23,36.24,25.87,37.05,40.99,40.99,40.99,40.99,22.8,27.27,,,,,,
2019-04-20 14:00:00+02:00,,21.03,,21.03,4.0,20.93,,25.4,,21.03,40.71,40.71,40.71,21.5,40.71,21.03,39.09,,37.9,21.03,32.0,,46.3,,,,21.03,21.03,,21.03,21.03,10.0,21.03,21.03,40.71,40.71,,,,,21.03,40.71,40.71,40.71,40.71,40.71,51.68,36.24,32.0,36.3,40.71,40.71,40.71,40.71,21.03,32.0,,,,,,
2019-04-20 15:00:00+02:00,,24.94,,16.64,9.23,25.05,,29.01,,24.94,40.18,40.18,40.18,20.0,40.18,20.0,35.81,,46.27,24.94,36.76,,41.41,,,,29.68,29.68,,29.68,29.68,29.68,29.68,29.68,40.18,40.18,,,,,33.7,40.18,40.18,40.18,40.18,40.18,52.18,36.59,36.77,37.03,40.18,40.18,40.18,40.18,24.94,36.76,,,,,,
2019-04-20 16:00:00+02:00,,27.94,,20.0,22.52,29.07,,30.84,,27.94,40.46,40.46,40.46,21.65,40.46,21.65,40.38,,49.9,27.94,41.37,,42.36,,,,36.87,36.87,,36.87,36.87,36.87,36.87,36.87,40.46,40.46,,,,,39.16,40.46,40.46,40.46,40.46,40.46,54.75,36.59,41.37,39.07,40.46,40.46,40.46,40.46,27.94,41.37,,,,,,
2019-04-20 17:00:00+02:00,,38.03,,28.09,32.48,35.08,,37.29,,38.03,38.03,41.16,41.16,22.45,41.16,22.45,44.14,,62.18,38.03,47.95,,46.3,,,,43.92,43.92,,43.92,43.92,43.92,43.92,43.92,41.16,41.16,,,,,42.81,42.53,42.53,41.16,41.16,42.53,54.08,36.59,47.95,43.96,41.16,41.16,41.16,41.16,38.03,37.29,,,,,,
2019-04-20 18:00:00+02:00,,44.91,,35.12,35.68,40.84,,43.25,,44.91,44.91,43.33,43.33,27.57,43.33,27.57,56.58,,65.27,44.91,51.87,,59.36,,,,53.79,53.79,,53.79,53.79,53.79,53.79,53.79,43.33,43.33,,,,,43.79,43.33,43.33,43.33,43.33,43.33,53.5,37.39,51.88,45.28,43.33,43.33,43.33,43.33,44.91,43.25,,,,,,
2019-04-20 19:00:00+02:00,,46.92,,37.46,56.25,44.06,,46.7,,46.92,46.92,46.92,43.66,31.17,43.66,31.17,65.93,,65.31,46.92,63.95,,67.77,,,,56.44,56.44,,56.44,56.44,56.44,56.44,56.44,43.66,43.66,,,,,49.49,44.01,44.01,43.66,43.66,44.01,52.57,37.39,63.96,55.06,43.66,43.66,43.66,43.66,46.92,46.7,,,,,,
2019-04-20 20:00:00+02:00,,44.61,,34.96,61.36,44.07,,47.02,,44.61,44.61,44.61,43.54,38.89,43.54,38.89,74.19,,65.68,68.96,70.56,,75.72,,,,68.96,68.96,,68.96,68.96,68.96,68.96,68.96,43.54,43.54,,,,,55.63,44.05,44.05,43.54,43.54,44.05,53.51,38.89,70.57,66.38,43.54,43.54,43.54,43.54,68.96,47.02,,,,,,
2019-04-20 21:00:00+02:00,,43.41,,43.41,53.52,42.77,,43.8,,43.41,43.41,43.41,43.24,48.0,43.24,43.41,77.49,,65.56,43.66,59.97,,79.01,,,,56.44,56.44,,56.44,56.44,56.44,56.44,56.44,43.24,43.24,,,,,43.41,43.57,43.57,43.24,43.24,43.57,54.28,48.0,59.98,58.39,43.24,43.24,43.24,43.24,43.66,43.8,,,,,,
2019-04-20 22:00:00+02:00,,42.5,,42.5,39.91,41.32,,43.0,,42.5,42.5,42.5,42.02,42.5,42.02,42.5,75.07,,65.44,42.5,52.73,,76.12,,,,55.1,55.1,,55.1,55.1,55.1,55.1,55.1,42.02,42.02,,,,,42.5,42.9,42.9,42.02,42.02,42.9,47.92,42.5,52.73,56.42,42.02,42.02,42.02,42.02,42.5,43.0,,,,,,
2019-04-20 23:00:00+02:00,,41.37,,41.37,33.83,40.17,,40.5,,41.37,41.37,41.37,41.05,41.37,41.05,41.37,58.64,,61.78,41.37,40.5,,57.25,,,,50.71,50.71,,50.71,50.71,50.71,50.71,50.71,41.05,41.05,,,,,41.37,41.37,41.37,41.05,41.05,41.37,45.55,41.37,40.51,43.9,41.05,41.05,41.05,41.05,41.37,40.5,,,,,,
2019-04-21 00:00:00+02:00,,36.95,,36.95,29.07,35.01,,35.4,,36.95,36.95,37.86,37.86,40.0,37.86,36.95,61.31,,47.0,36.95,35.4,,62.79,,,,52.7,52.7,,52.7,52.7,52.7,52.7,52.7,37.86,37.86,,,,,36.95,40.96,40.96,39.26,39.26,40.96,41.25,40.0,35.4,38.05,37.86,37.86,37.86,37.86,36.95,35.4,,,,,,
2019-04-21 01:00:00+02:00,,34.02,,34.02,26.74,32.7,,31.44,,34.02,34.86,34.86,34.86,34.02,34.86,34.02,54.96,,43.5,34.02,31.44,,56.28,,,,46.32,46.32,,46.32,46.32,46.32,46.32,46.32,34.86,34.86,,,,,34.02,40.92,40.92,38.27,38.27,40.92,39.72,34.02,31.44,32.18,34.86,34.86,34.86,34.86,34.02,31.44,,,,,,
2019-04-21 02:00:00+02:00,,31.29,,29.67,26.0,32.01,,30.01,,31.29,32.1,32.1,32.1,30.23,32.1,30.23,51.97,,44.5,31.29,30.01,,50.74,,,,45.15,45.15,,45.15,45.15,45.15,45.15,45.15,32.1,32.1,,,,,33.0,40.91,40.91,38.09,38.09,40.91,38.61,30.23,30.01,33.67,32.1,32.1,32.1,32.1,31.29,30.01,,,,,,
2019-04-21 03:00:00+02:00,,31.32,,27.18,24.45,30.39,,30.38,,31.32,32.09,32.09,32.09,28.62,32.09,28.62,48.23,,45.4,31.32,30.38,,47.6,,,,44.85,44.85,,44.85,44.85,44.85,44.85,44.85,32.09,32.09,,,,,35.7,40.93,40.93,38.17,38.17,40.93,39.83,28.62,30.38,33.43,32.09,32.09,32.09,32.09,31.32,30.38,,,,,,
2019-04-21 04:00:00+02:00,,33.22,,28.27,24.67,30.57,,30.44,,33.22,34.04,34.04,34.04,30.0,34.04,30.0,45.11,,44.0,33.22,30.44,,46.0,,,,44.42,44.42,,44.42,44.42,44.42,44.42,44.42,34.04,34.04,,,,,38.47,40.96,40.96,38.46,38.46,40.96,44.39,30.0,30.44,33.74,34.04,34.04,34.04,34.04,33.22,30.44,,,,,,
2019-04-21 05:00:00+02:00,,32.16,,28.32,24.03,30.8,,31.89,,33.1,33.92,33.92,33.92,30.35,33.92,30.35,43.94,,47.42,32.16,31.89,,45.0,,,,45.37,45.37,,45.37,45.37,45.37,45.37,45.37,33.92,33.92,,,,,40.4,41.74,41.74,39.12,39.12,41.74,41.03,30.35,31.29,36.66,33.92,33.92,33.92,33.92,32.16,31.89,,,,,,
2019-04-21 06:00:00+02:00,,34.06,,32.93,24.52,32.02,,32.0,,34.28,34.96,34.96,34.96,33.4,34.96,33.4,43.86,,62.93,34.06,33.14,,44.91,,,,44.88,44.88,,44.88,44.88,44.88,44.88,44.88,34.96,34.96,,,,,35.7,41.28,41.28,39.94,39.94,41.28,39.69,33.4,33.14,37.5,34.96,34.96,34.96,34.96,34.06,32.0,,,,,,
2019-04-21 07:00:00+02:00,,34.02,,31.22,32.49,31.88,,33.14,,34.02,35.01,35.01,35.01,32.19,35.01,32.19,44.45,,64.92,34.02,37.47,,43.39,,,,45.79,45.79,,45.79,45.79,45.79,45.79,45.79,35.01,35.01,,,,,36.96,41.57,41.57,39.98,39.98,41.57,46.48,32.19,37.47,43.13,35.01,35.01,35.01,35.01,34.02,33.14,,,,,,
2019-04-21 08:00:00+02:00,,34.0,,34.0,32.48,32.59,,34.9,,34.0,40.36,40.36,40.36,34.0,40.36,34.0,48.61,,66.35,34.0,37.34,,47.46,,,,44.81,44.81,,44.81,44.81,44.81,44.81,44.81,40.36,40.36,,,,,34.0,41.61,41.61,40.36,40.36,41.61,47.48,34.0,37.33,40.65,40.36,40.36,40.36,40.36,34.0,34.9,,,,,,
2019-04-21 09:00:00+02:00,,32.23,,32.23,31.99,30.81,,33.6,,32.23,41.84,41.84,41.84,40.51,41.84,32.23,57.83,,66.39,32.23,36.42,,56.46,,,,44.52,44.52,,44.52,44.52,44.52,44.52,44.52,41.84,41.84,,,,,32.23,41.84,41.84,41.84,41.84,41.84,45.71,40.51,36.41,43.44,41.84,41.84,41.84,41.84,32.23,33.6,,,,,,
2019-04-21 10:00:00+02:00,,29.1,,29.1,22.52,24.72,,29.01,,29.1,41.44,41.44,41.44,41.01,41.44,29.1,62.33,,66.5,29.1,33.61,,62.9,,,,43.73,43.73,,43.73,43.73,43.73,43.73,43.73,41.44,41.44,,,,,29.1,41.76,41.76,41.44,41.44,41.76,45.71,41.01,33.6,42.63,41.44,41.44,41.44,41.44,29.1,29.01,,,,,,
2019-04-21 11:00:00+02:00,,29.05,,29.05,22.53,23.78,,28.01,,29.05,41.19,41.19,41.19,41.01,41.19,29.05,57.83,,66.54,29.05,31.0,,58.7,,,,35.47,35.47,,35.47,35.47,6.71,35.47,35.47,41.19,41.19,,,,,29.05,41.51,41.51,41.19,41.19,41.51,45.71,41.01,31.0,32.76,41.19,41.19,41.19,41.19,29.05,28.01,,,,,,
2019-04-21 12:00:00+02:00,,27.47,,27.47,22.54,23.07,,24.8,,27.47,40.78,40.78,40.78,40.51,40.78,27.47,49.74,,64.91,27.47,26.34,,50.93,,,,30.0,30.0,,30.0,30.0,5.0,30.0,30.0,40.78,40.78,,,,,27.47,41.18,41.18,40.78,40.78,41.18,45.71,40.51,26.34,28.09,40.78,40.78,40.78,40.78,27.47,24.8,,,,,,
2019-04-21 13:00:00+02:00,,10.0,,10.0,29.95,15.49,,20.72,,10.0,39.67,39.67,39.67,40.51,39.67,10.0,43.95,,20.52,10.0,22.93,,45.01,,,,10.0,10.0,,10.0,10.0,3.0,10.0,10.0,39.67,39.67,,,,,10.0,40.99,40.99,40.79,40.79,40.99,45.71,40.51,22.93,31.59,39.67,39.67,39.67,39.67,10.0,20.72,,,,,,
2019-04-21 14:00:00+02:00,,6.27,,6.27,22.55,12.09,,17.22,,6.27,37.4,37.4,37.4,40.0,37.4,6.27,37.5,,20.52,6.27,19.99,,38.4,,,,6.27,6.27,,6.27,6.27,3.0,6.27,6.27,37.4,37.4,,,,,6.27,40.98,40.98,40.81,40.81,40.98,43.59,40.0,19.99,26.6,37.4,37.4,37.4,37.4,6.27,17.22,,,,,,
2019-04-21 15:00:00+02:00,,9.7,,9.7,32.47,10.16,,16.59,,9.7,33.16,33.16,33.16,37.02,33.16,9.7,26.75,,26.43,9.7,20.96,,29.0,,,,9.9,9.9,,9.9,9.9,3.0,9.9,9.9,33.16,33.16,,,,,9.7,40.54,40.54,40.54,40.54,40.54,42.53,37.02,20.95,28.48,33.16,33.16,33.16,33.16,9.7,16.59,,,,,,
2019-04-21 16:00:00+02:00,,22.4,,22.4,32.52,17.17,,23.82,,22.4,35.01,35.01,35.01,35.1,35.01,22.4,28.05,,64.92,22.4,25.42,,30.0,,,,22.4,20.0,,22.4,20.0,3.0,20.0,20.0,35.01,35.01,,,,,22.4,40.18,40.18,40.18,40.18,40.18,42.56,35.1,25.42,30.2,35.01,35.01,35.01,35.01,22.4,23.82,,,,,,
2019-04-21 17:00:00+02:00,,31.88,,27.67,44.05,29.39,,29.7,,31.88,36.1,39.58,39.58,36.66,39.58,29.47,40.19,,62.45,31.88,32.11,,38.0,,,,31.88,31.88,,31.88,31.88,5.0,31.88,31.88,39.58,39.58,,,,,38.99,40.28,40.28,40.28,40.28,40.28,42.91,36.66,32.11,32.58,39.58,39.58,39.58,39.58,31.88,29.7,,,,,,
2019-04-21 18:00:00+02:00,,41.85,,40.7,48.74,37.84,,37.92,,41.85,41.85,41.85,41.85,40.7,41.85,40.7,46.5,,66.31,41.85,37.92,,45.39,,,,44.42,44.42,,44.42,44.42,44.42,44.42,44.42,41.85,41.85,,,,,45.27,42.08,42.08,41.85,41.85,42.08,43.46,40.7,37.91,36.74,41.85,41.85,41.85,41.85,41.85,37.92,,,,,,
2019-04-21 19:00:00+02:00,,45.97,,44.11,56.25,39.98,,44.4,,46.23,46.23,46.23,43.31,45.01,43.31,45.01,56.5,,69.39,45.97,46.07,,53.85,,,,53.36,53.36,,53.36,53.36,53.36,53.36,53.36,43.31,43.31,,,,,49.8,43.57,43.57,43.31,43.31,43.57,45.19,45.01,46.07,52.24,43.31,43.31,43.31,43.31,45.97,44.4,,,,,,
2019-04-21 20:00:00+02:00,,46.08,,46.08,58.36,41.26,,47.0,,46.08,46.08,46.08,43.49,49.0,43.49,46.08,60.01,,79.3,46.08,51.88,,57.19,,,,57.02,57.02,,57.02,57.02,57.02,57.02,57.02,43.49,43.49,,,,,46.08,44.04,44.04,43.49,43.49,44.04,45.7,49.0,51.88,58.02,43.49,43.49,43.49,43.49,46.08,47.0,,,,,,
2019-04-21 21:00:00+02:00,,44.16,,44.16,58.87,41.5,,43.99,,44.16,44.16,44.16,43.1,58.58,43.1,44.16,64.77,,68.32,44.16,44.93,,61.73,,,,56.44,56.44,,56.44,56.44,56.44,56.44,56.44,43.1,43.1,,,,,44.16,43.1,43.1,43.1,43.1,43.1,45.7,58.58,44.92,53.1,43.1,43.1,43.1,43.1,44.16,43.99,,,,,,
2019-04-21 22:00:00+02:00,,41.38,,41.38,56.07,40.44,,41.24,,41.38,41.38,41.38,41.38,57.52,41.38,41.38,64.2,,65.49,41.38,41.38,,61.18,,,,53.4,53.4,,53.4,53.4,53.4,53.4,53.4,41.38,41.38,,,,,41.38,42.48,42.48,41.38,41.38,42.48,45.7,57.52,41.38,53.0,41.38,41.38,41.38,41.38,41.38,41.24,,,,,,
2019-04-21 23:00:00+02:00,,38.34,,38.34,55.63,38.33,,37.6,,38.34,38.34,39.27,39.27,56.56,39.27,38.34,46.27,,65.38,38.34,37.6,,44.09,,,,48.8,48.8,,48.8,48.8,48.8,48.8,48.8,39.27,39.27,,,,,38.34,39.61,39.61,39.61,39.61,39.61,42.02,56.56,36.5,38.65,39.27,39.27,39.27,39.27,38.34,37.6,,,,,,
2019-04-22 00:00:00+02:00,,27.79,,27.79,13.0,32.77,,18.49,,27.79,35.02,35.02,35.02,58.58,35.02,27.79,56.56,,46.32,27.79,18.49,,44.36,,,,35.25,35.25,,35.25,35.25,35.25,35.25,35.25,35.02,35.02,,,,,27.79,39.15,39.15,39.15,39.15,39.15,41.24,58.58,18.49,27.43,35.02,35.02,35.02,35.02,27.79,18.49,,,,,,
2019-04-22 01:00:00+02:00,,19.18,,19.18,9.65,28.78,,10.52,,19.18,30.08,30.08,30.08,56.56,30.08,19.18,42.8,,37.12,19.18,10.52,,40.78,,,,34.62,34.62,,34.62,34.62,34.62,34.62,34.62,30.08,30.08,,,,,19.18,38.86,38.86,38.86,38.86,38.86,37.46,56.56,10.52,22.09,30.08,30.08,30.08,30.08,19.18,10.52,,,,,,
2019-04-22 02:00:00+02:00,,13.0,,13.0,7.0,25.85,,10.5,,13.0,30.05,30.05,30.05,55.0,30.05,13.0,43.36,,32.59,13.0,10.5,,38.2,,,,29.0,29.0,,29.0,29.0,29.0,29.0,29.0,30.05,30.05,,,,,13.0,38.5,38.5,38.5,38.5,38.5,33.42,55.0,10.5,21.34,30.05,30.05,30.05,30.05,13.0,10.5,,,,,,
2019-04-22 03:00:00+02:00,,10.01,,10.01,7.68,26.02,,9.99,,10.01,30.06,30.06,30.06,54.25,30.06,10.01,43.49,,35.26,10.01,9.99,,32.48,,,,28.0,28.0,,28.0,28.0,28.0,28.0,28.0,30.06,30.06,,,,,10.01,38.82,38.82,38.82,38.82,38.82,32.84,54.25,9.99,20.57,30.06,30.06,30.06,30.06,10.01,9.99,,,,,,
2019-04-22 04:00:00+02:00,,7.27,,13.11,10.91,24.31,,11.02,,5.51,30.02,30.02,30.02,54.0,30.02,10.53,41.62,,62.88,7.27,11.02,,30.43,,,,28.5,28.5,,28.5,28.5,28.5,28.5,28.5,30.02,30.02,,,,,27.7,38.33,38.33,38.33,38.33,38.33,33.42,54.0,11.02,20.58,30.02,30.02,30.02,30.02,7.27,11.02,,,,,,
2019-04-22 05:00:00+02:00,,14.82,,4.85,35.07,23.01,,15.0,,14.82,31.41,31.41,31.41,53.91,31.41,9.54,37.01,,65.48,14.82,16.03,,30.2,,,,35.15,35.15,,35.15,35.15,35.15,35.15,35.15,31.41,31.41,,,,,23.36,39.04,39.04,39.04,39.04,39.04,33.7,53.91,16.03,21.03,31.41,31.41,31.41,31.41,14.82,15.0,,,,,,
2019-04-22 06:00:00+02:00,,6.86,,12.52,47.3,26.11,,18.92,,5.14,36.81,36.81,36.81,54.75,36.81,10.01,40.63,,75.44,6.86,27.1,,30.43,,,,35.25,35.25,,35.25,35.25,35.25,35.25,35.25,36.81,36.81,,,,,27.0,38.7,38.7,38.7,38.7,38.7,38.9,54.75,27.09,32.62,36.81,36.81,36.81,36.81,6.86,18.92,,,,,,
2019-04-22 07:00:00+02:00,,5.59,,12.16,49.97,25.3,,18.85,,3.46,39.29,39.29,39.29,56.49,39.29,7.74,46.16,,69.4,24.2,41.38,,30.46,,,,39.25,39.25,,39.25,39.25,39.25,39.25,39.25,39.29,39.29,,,,,32.0,39.29,39.29,39.29,39.29,39.29,42.7,56.49,41.38,36.06,39.29,39.29,39.29,39.29,24.2,18.85,,,,,,
2019-04-22 08:00:00+02:00,,17.0,,17.3,47.06,26.35,,18.32,,16.93,40.79,40.79,40.79,58.0,40.79,14.35,43.03,,65.49,27.97,39.09,,40.0,,,,37.52,37.52,,37.52,37.52,37.52,37.52,37.52,40.79,40.79,,,,,24.9,40.79,40.79,40.79,40.79,40.79,46.64,58.0,39.08,37.05,40.79,40.79,40.79,40.79,27.97,18.32,,,,,,
2019-04-22 09:00:00+02:00,,8.42,,14.47,41.05,23.94,,6.05,,6.45,37.09,41.12,41.12,59.0,41.12,11.76,54.13,,62.28,35.15,37.6,,45.97,,,,35.15,35.15,,35.15,35.15,35.15,35.15,35.15,41.12,41.12,,,,,27.7,41.12,41.12,41.12,41.12,41.12,46.67,59.0,37.6,35.25,41.12,41.12,41.12,41.12,35.15,6.05,,,,,,
2019-04-22 10:00:00+02:00,,-0.6,,13.68,33.91,10.59,,0.0,,-5.26,34.0,41.44,41.44,59.0,41.44,7.32,55.15,,62.25,35.35,33.61,,41.69,,,,35.35,28.9,,35.35,28.9,28.9,28.9,28.9,41.44,41.44,,,,,44.9,41.47,41.47,41.44,41.44,41.47,47.34,59.0,33.61,29.88,41.44,41.44,41.44,41.44,35.35,0.0,,,,,,
2019-04-22 11:00:00+02:00,,-37.41,,-22.11,22.54,0.02,,-20.0,,-54.91,23.71,41.08,41.08,58.73,41.08,5.0,56.68,,65.2,35.27,25.5,,42.33,,,,35.27,11.95,,35.27,11.95,10.0,11.95,11.95,41.08,41.08,,,,,54.97,41.08,41.08,41.08,41.08,41.08,47.12,58.73,25.5,29.51,41.08,41.08,41.08,41.08,35.27,-20.0,,,,,,
2019-04-22 12:00:00+02:00,,-41.63,,-24.12,30.91,4.55,,-20.0,,-62.08,13.27,40.47,40.47,58.58,40.47,10.71,42.8,,65.19,32.01,20.86,,40.79,,,,32.01,10.0,,32.01,10.0,5.0,10.0,10.0,40.47,40.47,,,,,41.51,40.47,40.47,40.47,40.47,40.47,45.92,58.58,20.86,26.01,40.47,40.47,40.47,40.47,32.01,-20.0,,,,,,
2019-04-22 13:00:00+02:00,,-54.42,,-28.25,22.54,-18.85,,-22.0,,-77.31,2.87,10.25,39.99,57.75,39.99,5.44,39.27,,57.89,10.0,15.93,,37.43,,,,10.0,3.0,,10.0,3.0,3.0,3.0,3.0,39.99,39.99,,,,,38.09,39.99,39.99,39.99,39.99,39.99,46.67,57.75,15.93,15.05,39.99,39.99,39.99,39.99,10.0,-22.0,,,,,,
2019-04-22 14:00:00+02:00,,-59.78,,-31.62,22.54,-22.72,,-25.0,,-83.01,0.12,38.9,38.9,56.01,38.9,0.07,37.59,,9.69,15.0,12.97,,35.83,,,,15.0,3.0,,15.0,3.0,3.0,3.0,3.0,38.9,38.9,,,,,36.46,38.9,38.9,38.9,38.9,38.9,44.93,56.01,12.97,13.31,38.9,38.9,38.9,38.9,15.0,-25.0,,,,,,
2019-04-22 15:00:00+02:00,,-58.5,,-31.08,32.49,-21.21,,-22.0,,-79.97,-0.02,39.16,39.16,54.25,39.16,-4.1,34.69,,57.89,23.1,15.94,,33.06,,,,28.0,4.0,,28.0,4.0,4.0,4.0,4.0,39.16,39.16,,,,,33.65,39.16,39.16,39.16,39.16,39.16,39.72,54.25,15.94,15.02,39.16,39.16,39.16,39.16,23.1,-22.0,,,,,,
2019-04-22 16:00:00+02:00,,-49.26,,-20.1,24.09,-9.17,,-20.0,,-68.75,-4.99,22.73,39.71,51.45,39.71,-0.5,37.02,,57.89,23.1,23.96,,35.28,,,,34.05,11.74,,34.05,11.74,11.74,11.74,11.74,39.71,39.71,,,,,38.0,39.71,39.71,39.71,39.71,39.71,39.95,51.45,23.96,12.63,39.71,39.71,39.71,39.71,23.1,-20.0,,,,,,
2019-04-22 17:00:00+02:00,,-29.57,,7.61,32.51,1.07,,-4.99,,-43.07,-2.08,40.7,40.7,51.23,40.7,3.06,43.38,,61.89,33.52,30.07,,40.58,,,,33.52,33.52,,33.52,33.52,33.52,33.52,33.52,40.7,40.7,,,,,42.5,40.7,40.7,40.7,40.7,40.7,40.95,51.23,30.06,12.06,40.7,40.7,40.7,40.7,33.52,-4.99,,,,,,
2019-04-22 18:00:00+02:00,,-0.39,,16.66,32.99,21.23,,14.41,,-0.39,-0.39,22.25,41.44,51.97,41.44,10.7,47.89,,62.51,24.1,33.4,,46.4,,,,47.29,47.29,,47.29,47.29,47.29,47.29,47.29,41.44,41.44,,,,,46.44,41.44,41.44,41.44,41.44,41.44,41.69,51.97,33.4,25.57,41.44,41.44,41.44,41.44,24.1,14.41,,,,,,
2019-04-22 19:00:00+02:00,,16.22,,27.34,33.0,29.74,,20.84,,15.06,15.06,21.66,41.43,53.33,41.43,23.01,59.37,,66.26,24.19,43.9,,56.59,,,,55.15,55.15,,55.15,55.15,55.15,55.15,55.15,41.43,41.43,,,,,50.33,41.43,41.43,41.43,41.43,41.43,46.8,53.33,43.9,43.01,41.43,41.43,41.43,41.43,24.19,20.84,,,,,,
2019-04-22 20:00:00+02:00,,17.03,,29.03,33.0,30.24,,22.0,,17.03,17.03,22.18,39.57,56.01,39.57,24.66,63.62,,75.43,41.2,58.39,,60.63,,,,59.95,59.95,,59.95,59.95,59.95,59.95,59.95,39.57,39.57,,,,,53.0,41.13,41.13,41.13,41.13,41.13,47.33,56.01,58.39,53.61,39.57,39.57,39.57,39.57,41.2,22.0,,,,,,
2019-04-22 21:00:00+02:00,,2.98,,25.06,32.95,27.96,,20.89,,2.98,2.98,2.98,35.05,58.85,35.05,20.32,67.09,,65.55,24.2,37.78,,63.94,,,,59.44,59.44,,59.44,59.44,59.44,59.44,59.44,35.05,35.05,,,,,65.06,41.86,41.86,41.42,41.42,41.86,44.79,58.85,37.77,43.69,35.05,35.05,35.05,35.05,24.2,20.89,,,,,,
2019-04-22 22:00:00+02:00,,0.03,,18.44,24.5,27.08,,9.96,,0.03,0.03,0.03,20.0,56.34,20.0,12.92,61.77,,69.4,0.3,31.33,,63.25,,,,56.38,56.38,,56.38,56.38,56.38,56.38,56.38,20.0,20.0,,,,,52.4,41.42,41.42,41.42,41.42,41.42,43.58,56.34,31.32,26.38,20.0,20.0,20.0,20.0,0.3,9.96,,,,,,
2019-04-22 23:00:00+02:00,,-9.03,,8.58,24.34,24.89,,3.5,,-18.85,-15.08,-15.08,11.23,54.25,11.23,8.02,44.2,,66.6,-5.08,15.72,,45.25,,,,49.15,49.15,,49.15,49.15,49.15,49.15,49.15,11.23,11.23,,,,,42.86,41.49,41.49,41.11,41.11,41.49,32.51,54.25,15.72,24.72,11.23,11.23,11.23,11.23,-5.08,3.5,,,,,,
2019-04-23 00:00:00+02:00,,2.07,,13.57,5.08,4.99,,-0.42,,-1.72,-1.72,-1.72,4.08,47.48,4.08,8.41,41.62,,65.01,2.07,0.94,,42.62,,,,47.37,47.37,,47.37,47.37,47.37,47.37,47.37,4.08,4.08,,,,,39.7,39.98,39.98,39.98,39.98,39.98,34.09,47.48,17.01,16.93,4.08,4.08,4.08,4.08,2.07,-0.42,,,,,,
2019-04-23 01:00:00+02:00,,-3.89,,10.33,7.46,4.93,,0.06,,-6.95,-6.95,-6.95,26.53,40.51,26.53,6.76,38.09,,61.89,-3.89,0.06,,39.0,,,,39.15,39.15,,39.15,39.15,39.15,39.15,39.15,26.53,26.53,,,,,37.9,39.15,39.15,39.15,39.15,39.15,26.69,40.51,11.99,12.04,26.53,26.53,26.53,26.53,-3.89,0.06,,,,,,
2019-04-23 02:00:00+02:00,,-8.61,,7.8,4.78,3.78,,0.02,,-9.64,-9.64,-9.64,24.13,39.3,24.13,2.76,38.93,,35.01,-8.61,0.02,,38.0,,,,37.21,37.21,,37.21,37.21,37.21,37.21,37.21,24.13,24.13,,,,,37.76,39.15,39.15,39.15,39.15,39.15,24.28,39.3,10.5,12.03,24.13,24.13,24.13,24.13,-8.61,0.02,,,,,,
2019-04-23 03:00:00+02:00,,-11.03,,7.04,5.08,0.81,,0.02,,-11.03,-11.03,-11.03,25.75,36.12,25.75,1.85,39.23,,34.5,-11.03,0.02,,38.0,,,,37.11,37.11,,37.11,37.11,37.11,37.11,37.11,25.75,25.75,,,,,38.05,39.31,39.31,39.31,39.31,39.31,25.9,36.12,10.5,11.06,25.75,25.75,25.75,25.75,-11.03,0.02,,,,,,
2019-04-23 04:00:00+02:00,,-9.56,,8.17,10.72,0.37,,-0.99,,-9.56,-9.56,-9.56,30.08,34.0,30.08,3.51,38.92,,41.0,-9.56,0.02,,38.0,,,,38.0,38.0,,38.0,38.0,38.0,38.0,38.0,30.08,30.08,,,,,37.75,39.0,39.0,39.0,39.0,39.0,30.25,34.0,11.99,14.97,30.08,30.08,30.08,30.08,-9.56,-0.99,,,,,,
2019-04-23 05:00:00+02:00,,6.84,,18.04,52.1,17.53,,16.0,,6.84,6.84,6.84,37.85,37.5,37.85,14.22,39.56,,64.93,6.84,16.0,,38.64,,,,43.58,43.58,,43.58,43.58,43.58,43.58,43.58,37.85,37.85,,,,,38.38,39.65,39.65,39.65,39.65,39.65,38.07,37.5,27.1,20.98,37.85,37.85,37.85,37.85,6.84,16.0,,,,,,
2019-04-23 06:00:00+02:00,,30.03,,30.89,61.36,30.37,,34.39,,29.45,29.45,41.36,41.36,41.0,41.36,29.45,39.69,,62.45,30.03,50.45,,40.65,,,,55.15,55.15,,55.15,55.15,55.15,55.15,55.15,41.36,41.36,,,,,38.5,41.36,41.36,41.36,41.36,41.36,45.42,41.0,50.46,39.98,41.36,41.36,41.36,41.36,30.03,50.45,,,,,,
2019-04-23 07:00:00+02:00,,39.1,,41.6,79.05,36.09,,40.0,,38.82,38.82,43.66,43.66,54.34,43.66,40.6,51.57,,62.49,61.42,64.03,,45.04,,,,61.42,61.42,,61.42,61.42,61.42,61.42,61.42,45.03,45.03,,,,,46.68,43.66,43.66,43.66,43.66,43.66,48.85,54.34,64.04,54.03,43.66,43.66,43.66,43.66,61.42,48.2,,,,,,
2019-04-23 08:00:00+02:00,,39.66,,42.81,85.05,36.07,,37.5,,38.53,38.53,43.99,43.99,56.56,43.99,41.38,56.32,,62.49,69.95,70.03,,55.0,,,,69.95,56.5,,69.95,56.5,56.5,109.03,56.5,45.09,45.09,,,,,49.0,43.99,43.99,43.99,43.99,43.99,48.85,56.56,70.05,59.53,43.99,43.99,43.99,43.99,69.95,37.5,,,,,,
2019-04-23 09:00:00+02:00,,31.45,,45.56,79.07,32.1,,35.05,,27.91,27.91,43.37,43.37,58.7,43.37,38.68,63.59,,60.86,68.15,63.77,,65.14,,,,68.15,56.38,,68.15,56.38,56.38,75.0,56.38,48.57,48.57,,,,,55.0,43.37,43.37,43.37,43.37,43.37,48.85,58.7,63.79,58.0,43.37,43.37,43.37,43.37,68.15,35.05,,,,,,
2019-04-23 10:00:00+02:00,,18.25,,26.9,89.03,20.47,,20.52,,16.47,16.47,16.47,42.77,58.73,42.77,24.46,59.11,,63.0,77.64,62.04,,60.55,,,,80.0,55.15,,80.0,55.15,55.15,55.15,55.15,48.57,48.57,,,,,42.4,42.77,42.77,42.77,42.77,42.77,48.84,58.73,62.06,54.95,42.77,42.77,42.77,42.77,77.64,20.52,,,,,,
2019-04-23 11:00:00+02:00,,11.49,,30.4,79.4,20.2,,25.27,,0.03,0.03,0.03,42.51,56.98,42.51,30.11,45.25,,62.78,90.04,61.75,,47.49,,,,90.04,48.0,,90.04,48.0,48.0,48.0,48.0,47.72,47.72,,,,,43.91,42.51,42.51,42.51,42.51,42.51,48.69,56.98,57.19,58.03,42.51,42.51,42.51,42.51,90.04,25.27,,,,,,
2019-04-23 12:00:00+02:00,,7.09,,30.4,75.59,14.91,,26.58,,-9.98,-9.98,-9.98,41.22,56.0,41.22,30.11,41.17,,65.28,67.85,59.94,,43.2,,,,67.85,46.83,,67.85,46.83,46.83,46.83,46.83,47.72,47.72,,,,,39.9,41.22,41.22,41.22,41.22,41.22,48.71,56.0,53.24,52.05,41.22,41.22,41.22,41.22,67.85,34.1,,,,,,
2019-04-23 13:00:00+02:00,,8.56,,32.78,71.99,15.83,,24.19,,-9.97,-9.97,-9.97,40.45,54.75,40.45,32.5,40.36,,37.49,71.35,63.68,,42.35,,,,71.35,46.0,,71.35,46.0,46.0,46.0,46.0,46.08,46.08,,,,,39.16,40.45,40.45,41.02,41.02,40.45,48.71,54.75,53.18,52.0,40.45,40.45,40.45,40.45,71.35,34.1,,,,,,
2019-04-23 14:00:00+02:00,,7.49,,25.96,79.01,17.06,,23.1,,-4.49,-4.49,-4.49,38.11,52.96,38.11,25.62,39.3,,28.0,90.01,67.03,,41.25,,,,90.01,46.73,,90.01,46.73,46.73,46.73,46.73,46.03,46.03,,,,,38.14,39.51,39.51,40.98,40.98,39.51,48.67,52.96,52.12,52.08,38.11,38.11,38.11,38.11,90.01,23.1,,,,,,
2019-04-23 15:00:00+02:00,,10.48,,28.27,76.93,18.93,,26.15,,0.13,0.13,0.13,38.79,49.55,38.79,28.27,34.68,,36.49,90.1,68.67,,37.37,,,,90.1,53.0,,90.1,53.0,53.0,53.0,53.0,46.02,46.02,,,,,33.65,38.98,38.98,40.86,40.86,38.98,48.22,49.55,52.12,53.33,38.79,38.79,38.79,38.79,90.1,26.15,,,,,,
2019-04-23 16:00:00+02:00,,13.08,,22.6,61.39,21.03,,26.65,,13.08,13.08,13.08,38.47,45.61,38.47,19.81,38.81,,60.84,90.01,70.44,,39.78,,,,90.01,56.11,,90.01,56.11,56.11,56.11,56.11,45.04,45.04,,,,,37.67,38.92,38.92,40.69,40.69,38.92,48.14,45.61,58.43,56.91,38.47,38.47,38.47,38.47,90.01,26.65,,,,,,
2019-04-23 17:00:00+02:00,,31.56,,34.65,72.0,30.17,,33.05,,31.56,31.56,31.56,38.37,45.16,38.37,33.49,41.71,,60.85,62.96,60.05,,42.74,,,,62.96,56.5,,62.96,56.5,56.5,56.5,56.5,45.09,45.09,,,,,40.48,39.99,39.99,40.53,40.53,39.99,48.18,45.16,60.09,59.63,38.37,38.37,38.37,38.37,62.96,33.05,,,,,,
2019-04-23 18:00:00+02:00,,38.99,,40.77,67.39,35.15,,37.0,,38.58,38.58,38.58,39.83,45.21,39.83,40.02,46.23,,62.5,55.09,62.39,,47.38,,,,58.56,58.56,,58.56,58.56,58.56,58.56,58.56,45.08,45.08,,,,,44.87,40.86,40.86,40.86,40.86,40.86,48.14,45.21,62.43,58.97,39.83,39.83,39.83,39.83,55.09,37.0,,,,,,
2019-04-23 19:00:00+02:00,,41.84,,43.91,69.44,37.02,,41.0,,41.11,41.11,41.11,41.11,49.53,41.11,42.88,52.01,,63.04,67.0,74.52,,53.3,,,,67.0,67.0,,67.0,67.0,67.0,109.03,67.0,48.56,48.56,,,,,46.96,41.11,41.11,41.11,41.11,41.11,48.83,49.53,74.57,63.03,41.11,41.11,41.11,41.11,67.0,41.0,,,,,,
2019-04-23 20:00:00+02:00,,41.57,,43.96,79.91,38.25,,42.41,,40.68,40.68,40.68,40.68,54.5,40.68,42.84,55.47,,65.49,71.35,82.05,,56.85,,,,71.35,71.35,,71.35,71.35,71.35,124.73,71.35,45.01,45.01,,,,,50.1,41.04,41.04,41.04,41.04,41.04,48.84,54.5,82.12,67.08,40.68,40.68,40.68,40.68,71.35,42.41,,,,,,
2019-04-23 21:00:00+02:00,,38.55,,44.42,68.72,34.44,,35.4,,36.37,36.37,36.37,36.37,58.78,36.37,41.69,61.25,,63.92,62.96,63.73,,59.85,,,,62.96,62.96,,62.96,62.96,62.96,81.0,62.96,36.37,36.37,,,,,59.46,41.47,41.47,41.47,41.47,41.47,48.82,58.78,63.78,60.02,36.37,36.37,36.37,36.37,62.96,35.4,,,,,,
2019-04-23 22:00:00+02:00,,32.35,,41.87,56.26,37.06,,30.84,,30.09,29.37,29.37,29.37,55.24,29.37,36.35,56.62,,62.92,56.5,57.07,,58.04,,,,56.5,56.5,,56.5,56.5,56.5,56.5,56.5,29.37,29.37,,,,,44.14,41.25,41.25,41.25,41.25,41.25,43.97,55.24,57.12,53.26,29.37,29.37,29.37,29.37,56.5,30.84,,,,,,
2019-04-23 23:00:00+02:00,,28.81,,32.23,56.25,32.09,,23.0,,27.72,23.71,23.71,23.71,52.83,23.71,30.71,41.95,,65.49,51.0,49.99,,42.79,,,,51.0,51.0,,51.0,51.0,51.0,51.0,51.0,23.71,23.71,,,,,40.72,40.46,40.46,40.59,40.59,40.46,44.59,52.83,46.05,49.04,23.71,23.71,23.71,23.71,51.0,23.0,,,,,,
2019-04-24 00:00:00+02:00,,24.97,,29.47,41.25,24.78,,26.0,,24.97,2.18,2.18,2.18,40.51,2.18,27.8,43.53,,64.75,24.97,37.62,,44.55,,,,47.49,47.49,,47.49,47.49,47.49,47.49,47.49,2.18,2.18,,,,,38.0,39.26,39.26,39.26,39.26,39.26,46.43,40.51,37.64,39.99,2.18,2.18,2.18,2.18,24.97,26.0,,,,,,
2019-04-24 01:00:00+02:00,,24.57,,27.87,25.81,23.53,,24.72,,24.57,4.09,4.09,4.09,37.78,4.09,26.71,35.22,,62.11,24.57,26.0,,36.04,,,,45.91,45.91,,45.91,45.91,45.91,45.91,45.91,4.09,4.09,,,,,34.14,39.05,39.05,39.05,39.05,39.05,45.25,39.3,26.01,31.94,4.09,4.09,4.09,4.09,24.57,24.72,,,,,,
2019-04-24 02:00:00+02:00,,22.07,,26.2,15.94,21.48,,23.67,,22.07,3.93,3.93,3.93,35.0,3.93,24.73,35.13,,46.89,22.07,25.75,,35.95,,,,41.89,41.89,,41.89,41.89,41.89,41.89,41.89,3.93,3.93,,,,,34.05,39.07,39.07,39.07,39.07,39.07,46.46,35.0,25.76,29.16,3.93,3.93,3.93,3.93,22.07,23.67,,,,,,
2019-04-24 03:00:00+02:00,,17.95,,20.87,19.81,20.01,,22.34,,17.95,3.55,3.55,3.55,29.99,3.55,18.38,33.95,,46.23,17.95,22.91,,34.74,,,,41.0,41.0,,41.0,41.0,41.0,41.0,41.0,3.55,3.55,,,,,32.9,39.1,39.1,39.1,39.1,39.1,46.73,29.99,22.92,28.97,3.55,3.55,3.55,3.55,17.95,22.34,,,,,,
2019-04-24 04:00:00+02:00,,25.58,,25.21,22.52,20.08,,22.85,,25.01,5.35,5.35,5.35,27.69,5.35,25.01,33.64,,62.11,25.58,25.5,,32.82,,,,42.5,42.5,,42.5,42.5,42.5,42.5,42.5,5.35,5.35,,,,,32.6,38.59,38.59,38.59,38.59,38.59,46.74,27.69,25.51,29.96,5.35,5.35,5.35,5.35,25.58,22.85,,,,,,
2019-04-24 05:00:00+02:00,,27.86,,27.61,51.24,25.47,,27.73,,27.53,21.69,21.69,21.69,29.5,21.69,27.53,33.29,,64.75,27.86,43.92,,32.47,,,,46.34,46.34,,46.34,46.34,46.34,46.34,46.34,21.69,21.69,,,,,32.25,39.19,39.19,39.19,39.19,39.19,45.3,29.5,43.94,38.96,21.69,21.69,21.69,21.69,27.86,27.73,,,,,,
2019-04-24 06:00:00+02:00,,40.1,,35.35,58.67,34.3,,38.4,,40.1,40.1,40.1,40.1,39.35,40.1,32.08,38.44,,66.33,55.15,60.0,,36.6,,,,55.15,55.15,,55.15,55.15,55.15,55.15,55.15,40.1,40.1,,,,,39.59,40.1,40.1,40.1,40.1,40.1,45.75,39.35,60.02,55.06,40.1,40.1,40.1,40.1,55.15,47.8,,,,,,
2019-04-24 07:00:00+02:00,,43.18,,43.18,65.81,40.71,,45.01,,43.18,43.18,43.18,43.18,50.5,43.18,43.18,44.56,,64.0,68.0,67.06,,42.43,,,,68.0,68.0,,68.0,68.0,68.0,68.0,68.0,46.02,46.02,,,,,43.18,43.18,43.18,43.18,43.18,43.18,49.47,50.5,67.09,60.04,43.18,43.18,43.18,43.18,68.0,45.01,,,,,,
2019-04-24 08:00:00+02:00,,43.97,,44.02,61.39,41.06,,44.03,,43.85,43.85,43.85,43.85,54.75,43.85,43.85,56.56,,65.0,70.34,68.63,,53.86,,,,70.34,70.34,,70.34,70.34,70.34,81.0,70.34,50.27,50.27,,,,,50.2,43.85,43.85,43.85,43.85,43.85,50.35,54.75,68.65,64.91,43.85,43.85,43.85,43.85,70.34,44.03,,,,,,
2019-04-24 09:00:00+02:00,,41.97,,41.97,61.36,38.37,,40.99,,41.97,41.97,41.97,42.68,54.75,42.68,41.97,63.93,,62.88,41.97,63.86,,66.98,,,,67.15,67.15,,67.15,67.15,67.15,72.0,67.15,50.14,50.14,,,,,41.97,41.97,41.97,41.97,41.97,41.97,50.22,54.75,63.88,61.96,41.97,41.97,41.97,41.97,41.97,40.99,,,,,,
2019-04-24 10:00:00+02:00,,38.9,,38.86,56.26,35.52,,37.1,,38.85,38.85,40.96,40.96,53.5,40.96,38.85,62.34,,62.47,38.9,59.45,,65.31,,,,64.0,56.5,,64.0,56.5,56.5,56.5,56.5,50.29,50.29,,,,,39.65,40.96,40.96,40.96,40.96,40.96,50.37,53.5,59.47,63.73,40.96,40.96,40.96,40.96,38.9,37.1,,,,,,
2019-04-24 11:00:00+02:00,,34.68,,34.46,22.54,33.29,,33.34,,34.43,34.43,39.84,39.84,50.0,39.84,34.43,52.03,,62.87,34.68,52.12,,54.51,,,,63.75,55.15,,63.75,55.15,55.15,55.15,55.15,50.33,50.33,,,,,38.56,39.84,39.84,40.03,40.03,39.84,50.41,50.0,52.13,61.84,39.84,39.84,39.84,39.84,34.68,33.35,,,,,,
2019-04-24 12:00:00+02:00,,30.17,,30.02,38.35,30.41,,30.89,,29.99,29.99,38.63,38.63,45.9,38.63,29.99,42.7,,63.23,30.17,49.81,,44.73,,,,50.0,50.0,,50.0,50.0,50.0,50.0,50.0,51.75,51.75,,,,,32.8,38.63,38.63,39.56,39.56,38.63,51.83,45.9,46.03,56.68,38.63,38.63,38.63,38.63,30.17,30.89,,,,,,
2019-04-24 13:00:00+02:00,,32.52,,32.52,38.38,27.98,,28.91,,32.52,32.52,36.96,36.96,39.5,36.96,32.52,37.76,,62.25,32.52,48.89,,42.29,,,,50.72,47.0,,50.72,47.0,47.0,47.0,47.0,50.75,50.75,,,,,32.52,36.97,36.97,39.01,39.01,36.97,50.82,39.5,41.41,56.73,36.96,36.96,36.96,36.96,32.52,28.91,,,,,,
2019-04-24 14:00:00+02:00,,31.6,,31.6,38.36,27.59,,27.84,,31.6,31.6,33.03,33.03,35.5,33.03,31.6,34.67,,62.23,31.6,48.53,,42.29,,,,57.71,46.34,,57.71,46.34,46.34,46.34,46.34,51.03,51.03,,,,,31.6,36.53,36.53,38.6,38.6,36.53,51.1,35.5,40.99,58.03,33.03,33.03,33.03,33.03,31.6,27.84,,,,,,
2019-04-24 15:00:00+02:00,,31.18,,30.1,38.36,29.71,,31.51,,31.18,31.18,35.19,35.19,34.4,35.19,30.59,33.04,,62.87,31.18,43.03,,41.65,,,,57.74,50.0,,57.74,50.0,50.0,50.0,50.0,51.29,51.29,,,,,32.0,36.03,36.03,38.57,38.57,36.03,51.35,34.4,42.04,58.08,35.19,35.19,35.19,35.19,31.18,31.51,,,,,,
2019-04-24 16:00:00+02:00,,34.02,,32.63,25.7,32.16,,33.08,,34.02,34.02,36.69,36.69,31.61,36.69,31.61,34.67,,69.31,34.02,41.4,,42.29,,,,65.01,53.0,,65.01,53.0,53.0,53.0,53.0,50.27,50.27,,,,,33.94,36.69,36.69,38.26,38.26,36.69,50.33,31.61,41.41,60.04,36.69,36.69,36.69,36.69,34.02,33.08,,,,,,
2019-04-24 17:00:00+02:00,,40.05,,35.32,31.87,37.0,,38.8,,40.98,40.98,40.86,40.86,31.53,40.86,31.53,41.52,,62.53,40.05,43.92,,44.73,,,,54.44,54.44,,54.44,54.44,54.44,54.44,54.44,46.05,46.05,,,,,40.36,40.86,40.86,40.86,40.86,40.86,50.1,31.53,43.93,57.17,40.86,40.86,40.86,40.86,40.05,38.8,,,,,,
2019-04-24 18:00:00+02:00,,43.9,,39.1,56.26,41.4,,43.99,,46.15,44.91,44.91,42.36,34.4,42.36,34.4,46.86,,62.93,43.9,50.97,,49.08,,,,56.38,56.38,,56.38,56.38,56.38,56.38,56.38,46.03,46.03,,,,,45.38,42.36,42.36,42.36,42.36,42.36,49.61,34.4,50.98,58.78,42.36,42.36,42.36,42.36,43.9,43.99,,,,,,
2019-04-24 19:00:00+02:00,,44.64,,44.4,61.4,42.75,,46.8,,46.03,42.56,42.56,42.56,39.45,42.56,39.45,48.0,,74.94,67.0,67.68,,50.27,,,,67.0,67.0,,67.0,67.0,67.0,76.21,67.0,46.09,46.09,,,,,46.48,42.56,42.56,42.56,42.56,42.56,50.46,39.45,67.69,67.58,42.56,42.56,42.56,42.56,67.0,46.8,,,,,,
2019-04-24 20:00:00+02:00,,43.9,,43.38,66.39,41.84,,45.57,,44.36,42.28,42.28,42.28,42.08,42.28,42.08,47.97,,73.06,71.66,75.45,,50.23,,,,71.66,71.66,,71.66,71.66,71.66,106.72,71.66,57.11,57.11,,,,,44.36,42.28,42.28,42.28,42.28,42.28,57.17,42.08,75.45,72.29,42.28,42.28,42.28,42.28,71.66,45.57,,,,,,
2019-04-24 21:00:00+02:00,,42.11,,43.67,56.26,40.39,,42.2,,42.42,41.4,41.4,41.4,49.59,41.4,41.29,55.39,,69.38,62.0,61.95,,58.0,,,,62.0,62.0,,62.0,62.0,62.0,81.0,62.0,41.4,41.4,,,,,43.07,41.4,41.4,41.4,41.4,41.4,49.47,49.59,61.95,62.52,41.4,41.4,41.4,41.4,62.0,42.2,,,,,,
2019-04-24 22:00:00+02:00,,38.2,,38.49,50.49,37.51,,38.5,,38.1,38.1,38.1,38.1,39.45,38.1,38.34,55.53,,67.53,54.37,56.05,,58.14,,,,54.37,54.37,,54.37,54.37,54.37,54.37,54.37,38.1,38.1,,,,,38.65,39.06,39.06,39.06,39.06,39.06,45.2,39.45,56.05,57.36,38.1,38.1,38.1,38.1,54.37,38.5,,,,,,
2019-04-24 23:00:00+02:00,,32.04,,34.96,45.58,33.11,,33.5,,31.0,31.0,31.0,31.0,33.46,31.0,33.46,41.65,,62.87,43.5,48.62,,42.73,,,,47.28,47.28,,47.28,47.28,47.28,47.28,47.28,31.0,31.0,,,,,36.95,38.17,38.17,38.17,38.17,38.17,46.69,33.46,48.62,51.07,31.0,31.0,31.0,31.0,43.5,33.5,,,,,,
2019-04-25 00:00:00+02:00,,28.81,,30.64,23.33,30.4,,29.7,,28.12,27.44,27.44,27.44,29.1,27.44,29.1,49.75,,62.86,30.1,31.32,,50.76,,,,50.02,50.02,,50.02,50.02,50.02,50.02,50.02,27.44,27.44,,,,,38.9,37.66,37.66,37.66,37.66,37.66,46.68,29.1,31.31,37.26,27.44,27.44,27.44,27.44,30.1,29.7,,,,,,
2019-04-25 01:00:00+02:00,,27.13,,27.59,22.55,29.02,,28.59,,26.1,26.1,26.1,26.1,26.1,26.1,26.1,39.82,,61.95,30.1,28.59,,40.64,,,,47.54,47.54,,47.54,47.54,47.54,47.54,47.54,26.1,26.1,,,,,35.46,36.63,36.63,36.63,36.63,36.63,46.73,26.1,28.58,31.09,26.1,26.1,26.1,26.1,30.1,28.59,,,,,,
2019-04-25 02:00:00+02:00,,27.22,,38.66,22.54,28.46,,27.54,,27.22,27.22,27.22,27.22,12.69,27.22,12.69,39.85,,46.52,27.22,27.54,,38.76,,,,47.0,47.12,,47.0,47.12,47.12,47.12,47.12,27.22,27.22,,,,,33.43,34.54,34.54,34.54,34.54,34.54,46.71,12.69,27.54,30.47,27.22,27.22,27.22,27.22,27.22,27.54,,,,,,
2019-04-25 03:00:00+02:00,,28.65,,13.47,22.54,29.21,,28.26,,28.65,28.65,28.65,28.65,5.48,28.65,5.48,35.87,,43.94,28.65,28.26,,36.59,,,,46.52,46.52,,46.52,46.52,46.52,46.52,46.52,28.65,28.65,,,,,34.52,35.66,35.66,35.66,35.66,35.66,46.91,5.48,28.26,27.39,28.65,28.65,28.65,28.65,28.65,28.26,,,,,,
2019-04-25 04:00:00+02:00,,31.3,,13.24,35.79,30.66,,30.67,,31.3,31.3,31.3,31.3,5.0,31.3,0.51,35.79,,47.64,31.3,30.67,,36.52,,,,46.34,46.34,,46.34,46.34,46.34,46.34,46.34,31.3,31.3,,,,,29.49,31.3,31.3,31.31,31.31,31.3,46.76,5.0,30.67,30.13,31.3,31.3,31.3,31.3,31.3,30.67,,,,,,
2019-04-25 05:00:00+02:00,,37.89,,18.91,32.19,33.57,,34.0,,37.89,37.89,38.82,38.82,5.53,38.82,5.53,37.24,,62.86,37.89,40.08,,38.0,,,,47.12,47.12,,47.12,47.12,47.12,47.12,47.12,38.82,38.82,,,,,35.99,38.82,38.82,38.82,38.82,38.82,46.69,5.53,40.07,40.45,38.82,38.82,38.82,38.82,37.89,34.0,,,,,,
2019-04-25 06:00:00+02:00,,43.96,,29.49,55.07,42.09,,45.1,,44.13,43.2,43.2,43.21,19.46,43.21,19.46,41.38,,62.86,47.07,55.9,,40.0,,,,47.07,47.07,,47.07,47.07,47.07,47.07,47.07,43.21,43.21,,,,,42.5,43.0,43.0,43.0,43.0,43.0,53.82,19.46,55.9,53.08,43.0,43.0,43.0,43.0,47.07,45.1,,,,,,
2019-04-25 07:00:00+02:00,,45.99,,35.56,57.35,39.0,,49.68,,50.82,49.6,49.6,49.46,30.0,49.46,24.04,48.72,,65.53,46.15,59.96,,41.69,,,,46.15,46.15,,46.15,46.15,46.15,46.15,46.15,57.73,57.73,,,,,50.03,45.42,45.42,45.55,45.55,45.42,57.83,30.0,59.95,56.49,48.87,48.87,48.87,49.6,46.15,49.68,,,,,,
2019-04-25 08:00:00+02:00,,46.31,,43.0,56.28,40.48,,47.92,,48.21,48.21,48.21,49.47,39.12,49.47,39.12,49.56,,65.55,46.31,57.99,,50.91,,,,46.31,46.31,,46.31,46.31,46.31,72.0,46.31,61.19,61.19,,,,,47.88,45.95,45.95,45.95,45.95,45.95,61.3,39.12,57.98,56.54,47.15,47.15,47.15,47.15,46.31,47.92,,,,,,
2019-04-25 09:00:00+02:00,,44.41,,40.76,52.91,40.07,,43.45,,44.41,44.41,44.41,49.43,43.0,49.43,38.06,58.91,,62.88,44.41,52.12,,60.09,,,,44.41,44.41,,44.41,44.41,44.41,46.99,44.41,63.18,63.18,,,,,44.18,44.41,44.41,44.41,44.41,44.41,63.29,43.0,52.11,53.01,44.41,44.41,44.41,44.41,44.41,43.45,,,,,,
2019-04-25 10:00:00+02:00,,41.26,,36.57,43.7,37.53,,40.01,,41.26,41.26,42.32,49.44,40.84,49.44,33.09,58.21,,62.87,43.2,46.03,,59.38,,,,43.2,43.2,,43.2,43.2,43.2,43.2,43.2,61.23,61.23,,,,,40.96,42.32,42.32,42.32,42.32,42.32,61.34,40.84,46.02,48.97,42.32,42.32,42.32,42.32,43.2,40.01,,,,,,
2019-04-25 11:00:00+02:00,,37.65,,37.65,38.37,35.32,,37.33,,37.65,41.15,41.15,49.42,39.12,49.42,37.65,49.7,,62.87,37.98,42.74,,51.92,,,,37.98,37.98,,37.98,37.98,37.98,37.98,37.98,64.2,64.2,,,,,37.65,41.15,41.15,41.15,41.15,41.15,64.32,39.12,42.73,46.82,41.15,41.15,41.15,41.15,37.98,37.33,,,,,,
2019-04-25 12:00:00+02:00,,35.4,,35.84,38.37,32.54,,33.33,,35.22,40.8,40.8,49.04,35.65,49.04,35.65,48.62,,62.87,35.65,40.02,,49.58,,,,35.65,35.65,,35.65,35.65,35.65,35.65,35.65,66.62,66.62,,,,,36.9,40.8,40.8,40.8,40.8,40.8,66.75,35.65,40.01,43.93,40.8,40.8,40.8,40.8,35.65,33.33,,,,,,
2019-04-25 13:00:00+02:00,,32.31,,32.5,38.37,31.58,,32.01,,32.0,40.68,40.68,41.07,32.0,41.07,32.0,43.74,,62.79,32.31,37.62,,44.6,,,,32.0,32.0,,32.0,32.0,32.0,32.0,32.0,68.75,68.75,,,,,35.1,40.68,40.68,40.68,40.68,40.68,68.89,32.0,37.61,43.82,40.68,40.68,40.68,40.68,32.31,32.01,,,,,,
2019-04-25 14:00:00+02:00,,30.59,,30.94,38.35,31.03,,31.51,,30.51,40.23,40.23,40.23,30.5,40.23,30.5,40.44,,62.81,30.59,36.58,,41.74,,,,30.5,30.5,,30.5,30.5,30.5,30.5,30.5,62.86,62.86,,,,,32.4,40.23,40.23,40.23,40.23,40.23,62.99,30.5,36.57,43.24,40.23,40.23,40.23,40.23,30.59,31.51,,,,,,
2019-04-25 15:00:00+02:00,,31.88,,29.94,33.2,31.8,,32.17,,31.36,40.13,40.13,40.13,27.35,40.13,27.35,39.36,,62.83,31.88,38.26,,40.21,,,,30.0,30.0,,30.0,30.0,30.0,30.0,30.0,62.82,62.82,,,,,38.01,40.13,40.13,40.13,40.13,40.13,62.96,27.35,38.25,43.2,40.13,40.13,40.13,40.13,31.88,32.17,,,,,,
2019-04-25 16:00:00+02:00,,34.77,,30.08,33.84,33.77,,34.54,,34.77,37.03,40.27,40.27,26.98,40.27,26.98,38.3,,61.78,35.05,41.01,,40.0,,,,35.05,35.05,,35.05,35.05,35.05,35.05,35.05,62.3,62.3,,,,,34.3,40.27,40.27,40.27,40.27,40.27,62.44,26.98,41.0,44.63,40.27,40.27,40.27,40.27,35.05,34.54,,,,,,
2019-04-25 17:00:00+02:00,,41.21,,31.77,41.95,34.12,,41.37,,41.21,41.21,41.21,41.21,25.69,41.21,25.69,42.15,,62.86,41.21,46.0,,43.0,,,,41.21,41.21,,41.21,41.21,41.21,41.21,41.21,60.13,60.13,,,,,40.52,41.21,41.21,41.21,41.21,41.21,60.27,25.69,45.99,47.95,41.21,41.21,41.21,41.21,41.21,41.37,,,,,,
2019-04-25 18:00:00+02:00,,44.0,,37.99,48.11,33.56,,46.14,,46.22,46.22,46.22,42.97,32.32,42.97,32.32,51.53,,62.87,50.0,51.64,,53.0,,,,50.0,50.0,,50.0,50.0,50.0,50.0,50.0,59.45,59.45,,,,,46.22,42.97,42.97,42.97,42.97,42.97,59.6,32.32,51.62,52.95,42.97,42.97,42.97,45.11,50.0,46.14,,,,,,
2019-04-25 19:00:00+02:00,,53.59,,47.99,61.36,36.46,,50.0,,57.49,57.49,57.49,43.28,38.08,43.28,38.08,60.68,,69.35,56.38,61.96,,63.0,,,,56.38,56.38,,56.38,56.38,56.38,76.21,56.38,62.74,62.74,,,,,58.59,43.28,43.28,43.28,43.28,43.28,62.89,38.08,61.94,60.92,43.28,43.28,43.28,56.11,56.38,50.0,,,,,,
2019-04-25 20:00:00+02:00,,56.47,,48.59,61.38,37.04,,50.2,,59.9,59.9,59.9,42.8,40.84,42.8,40.84,62.03,,72.99,63.5,68.64,,63.25,,,,63.5,63.5,,63.5,63.5,63.5,109.03,63.5,69.7,69.7,,,,,59.9,42.8,42.8,42.8,42.8,42.8,69.88,40.84,68.62,68.41,42.8,42.8,42.8,58.46,63.5,50.2,,,,,,
2019-04-25 21:00:00+02:00,,47.43,,49.16,53.08,37.92,,46.65,,47.78,47.78,47.78,42.67,46.36,42.67,46.36,63.69,,71.62,54.3,58.63,,64.93,,,,56.88,56.88,,56.88,56.88,56.88,101.0,56.88,58.72,58.72,,,,,48.53,42.67,42.67,42.67,42.67,42.67,58.87,46.36,58.61,57.97,42.67,42.67,42.67,46.63,54.3,46.65,,,,,,
2019-04-25 22:00:00+02:00,,42.21,,42.21,47.53,39.77,,41.57,,42.21,41.2,41.2,41.2,42.21,41.2,42.21,57.47,,69.4,42.21,52.75,,60.0,,,,52.57,55.15,,52.57,55.15,55.15,76.21,55.15,61.51,61.51,,,,,42.21,41.2,41.2,41.2,41.2,41.2,61.68,42.21,52.74,52.99,41.2,41.2,41.2,41.2,42.21,41.57,,,,,,
2019-04-25 23:00:00+02:00,,39.04,,39.04,37.94,36.48,,38.0,,39.04,39.04,39.04,39.04,39.04,39.04,39.04,46.07,,69.28,46.99,45.07,,45.53,,,,46.99,46.99,,46.99,46.99,46.99,46.99,46.99,39.04,39.04,,,,,39.04,39.04,39.04,39.04,39.04,39.04,52.14,39.04,45.06,46.91,39.04,39.04,39.04,39.04,46.99,38.0,,,,,,
2019-04-26 00:00:00+02:00,,37.0,,37.0,38.36,35.99,,36.01,,37.0,37.0,37.0,36.11,37.0,36.11,37.0,49.8,,65.46,45.09,36.01,,47.4,,,,46.87,55.15,,46.87,55.15,55.15,55.15,55.15,36.11,36.11,,,,,37.0,37.0,37.0,37.0,37.0,37.0,51.42,37.0,35.98,38.09,36.11,36.11,36.11,36.11,45.09,36.01,,,,,,
2019-04-26 01:00:00+02:00,,35.0,,35.0,38.35,33.76,,34.0,,35.0,35.0,35.0,35.0,35.0,35.0,35.0,42.97,,62.86,43.51,34.0,,40.89,,,,43.51,55.15,,43.51,55.15,55.15,55.15,55.15,35.0,35.0,,,,,35.0,35.0,35.0,35.0,35.0,35.0,51.52,35.0,33.97,35.62,35.0,35.0,35.0,35.0,43.51,34.0,,,,,,
2019-04-26 02:00:00+02:00,,33.27,,32.68,34.26,32.45,,32.2,,33.53,33.53,33.53,33.53,32.12,33.53,32.12,37.62,,62.86,39.0,32.2,,35.8,,,,39.0,46.99,,39.0,46.99,46.99,46.99,46.99,33.53,33.53,,,,,33.41,33.53,33.53,33.53,33.53,33.53,53.49,32.12,32.18,33.61,33.53,33.53,33.53,33.53,39.0,32.2,,,,,,
2019-04-26 03:00:00+02:00,,34.88,,30.74,33.99,32.29,,32.1,,34.88,34.88,34.88,34.88,27.98,34.88,27.98,35.41,,62.38,39.0,32.1,,33.25,,,,39.0,46.99,,39.0,46.99,46.99,46.99,46.99,34.88,34.88,,,,,34.29,34.88,34.88,34.88,34.88,34.88,52.58,27.98,32.08,33.47,34.88,34.88,34.88,34.88,39.0,32.1,,,,,,
2019-04-26 04:00:00+02:00,,34.89,,30.06,35.32,33.48,,33.33,,36.48,36.38,36.31,36.31,25.77,36.31,25.77,36.44,,62.39,39.9,33.33,,32.7,,,,39.9,47.0,,39.9,47.0,47.0,47.0,47.0,36.31,36.31,,,,,35.59,36.38,36.38,36.38,36.38,36.38,54.83,25.77,33.31,33.67,36.31,36.31,36.31,36.31,39.9,33.33,,,,,,
2019-04-26 05:00:00+02:00,,37.76,,33.88,32.51,38.09,,37.14,,39.52,39.52,40.06,40.06,29.99,40.06,29.99,37.8,,62.4,37.76,37.43,,32.17,,,,44.52,49.11,,44.52,49.11,49.11,49.11,49.11,40.06,40.06,,,,,38.92,40.06,40.06,40.06,40.06,40.06,50.66,29.99,37.41,38.04,40.06,40.06,40.06,40.06,37.76,37.14,,,,,,
2019-04-26 06:00:00+02:00,,44.98,,43.06,33.52,41.04,,45.0,,45.48,44.39,44.39,57.14,41.5,57.14,41.5,44.28,,62.4,44.98,45.0,,32.17,,,,52.5,55.1,,52.5,55.1,55.1,55.1,55.1,57.14,57.14,,,,,45.09,43.65,43.65,43.65,43.65,43.65,57.36,41.5,44.97,44.88,43.65,43.65,43.65,44.39,44.98,45.0,,,,,,
2019-04-26 07:00:00+02:00,,53.07,,51.91,34.4,42.8,,50.76,,53.6,52.31,52.31,73.33,52.91,73.33,50.79,52.07,,61.78,53.07,50.76,,33.16,,,,54.07,55.15,,54.07,55.15,55.15,55.15,55.15,73.33,73.33,,,,,53.6,44.13,44.13,44.13,44.13,44.13,73.61,52.91,50.73,52.69,44.13,44.13,44.13,52.31,53.07,50.76,,,,,,
2019-04-26 08:00:00+02:00,,56.38,,56.38,33.0,45.19,,53.18,,56.38,55.03,55.03,79.13,56.38,79.13,56.38,59.68,,61.88,56.38,53.18,,45.43,,,,56.38,56.38,,56.38,56.38,56.38,125.73,56.38,79.13,79.13,,,,,56.38,44.53,44.53,44.53,44.53,44.53,79.43,56.38,53.15,52.8,44.53,44.53,44.53,55.03,56.38,53.18,,,,,,
2019-04-26 09:00:00+02:00,,52.94,,52.94,27.93,45.9,,50.54,,52.94,52.94,52.94,80.25,55.93,80.25,52.94,66.37,,61.78,52.94,50.54,,63.16,,,,54.07,54.07,,54.07,54.07,54.07,125.73,54.07,80.25,80.25,,,,,52.94,44.55,44.55,44.55,44.55,44.55,80.55,55.93,45.97,51.28,44.55,44.55,44.55,51.67,52.94,50.54,,,,,,
2019-04-26 10:00:00+02:00,,49.93,,49.93,23.11,43.53,,47.22,,49.93,49.93,49.93,78.38,55.03,78.38,49.93,62.54,,57.59,49.93,47.22,,59.52,,,,55.0,55.0,,55.0,55.0,55.0,124.73,55.0,78.38,78.38,,,,,49.93,44.29,44.29,44.29,44.29,44.29,78.68,55.03,37.62,47.12,44.29,44.29,44.29,48.74,49.93,47.22,,,,,,
2019-04-26 11:00:00+02:00,,46.94,,46.94,15.94,42.94,,44.29,,46.94,46.94,46.94,70.04,54.35,70.04,46.94,50.38,,52.5,46.94,44.29,,47.95,,,,51.63,51.63,,51.63,51.63,51.63,124.73,51.63,70.04,70.04,,,,,46.94,43.94,43.94,43.94,43.94,43.94,80.4,54.35,22.99,48.09,43.94,43.94,43.94,45.81,46.94,44.29,,,,,,
2019-04-26 12:00:00+02:00,,43.96,,43.96,10.99,42.07,,42.46,,43.96,43.96,43.56,50.76,55.0,50.76,43.96,47.74,,50.35,43.96,42.96,,45.43,,,,45.13,45.13,,45.13,45.13,45.13,122.78,45.13,54.1,54.1,,,,,43.96,43.56,43.56,43.56,43.56,43.56,80.42,55.0,21.02,45.43,43.56,43.56,43.56,43.56,43.96,42.46,,,,,,
2019-04-26 13:00:00+02:00,,42.16,,42.16,22.51,40.22,,39.6,,42.16,42.16,42.56,50.07,54.85,50.07,42.16,47.74,,47.42,42.16,40.42,,45.43,,,,43.29,43.29,,43.29,43.29,43.29,109.03,43.29,59.66,59.66,,,,,42.16,42.56,42.56,42.56,42.56,42.56,78.7,54.85,21.02,42.79,42.56,42.56,42.56,42.56,42.16,39.6,,,,,,
2019-04-26 14:00:00+02:00,,40.35,,40.35,22.53,37.99,,37.59,,40.35,40.35,41.3,41.3,54.53,41.3,40.35,44.01,,47.69,40.35,37.59,,41.89,,,,45.33,45.33,,45.33,45.33,45.33,109.03,45.33,59.61,59.61,,,,,40.35,41.3,41.3,41.3,41.3,41.3,78.64,54.53,27.1,41.05,41.3,41.3,41.3,41.3,40.35,37.59,,,,,,
2019-04-26 15:00:00+02:00,,40.08,,39.27,22.53,37.44,,37.3,,40.51,40.51,41.51,41.51,54.03,41.51,38.53,41.7,,52.08,40.08,38.23,,39.68,,,,46.5,46.5,,46.5,46.5,46.5,122.78,46.5,54.09,54.09,,,,,40.38,41.51,41.51,41.51,41.51,41.51,75.95,54.03,33.63,41.1,41.51,41.51,41.51,41.51,40.08,37.3,,,,,,
2019-04-26 16:00:00+02:00,,39.5,,35.8,28.68,38.24,,39.3,,41.46,41.46,42.1,44.46,53.52,44.46,32.41,43.66,,62.86,39.5,39.3,,34.0,,,,46.94,46.94,,46.94,46.94,46.94,124.73,46.94,78.35,78.35,,,,,40.86,42.1,42.1,42.1,42.1,42.1,78.64,53.52,37.99,42.59,42.1,42.1,42.1,42.1,39.5,39.3,,,,,,
2019-04-26 17:00:00+02:00,,42.94,,35.89,36.0,39.78,,41.81,,45.72,45.72,45.08,43.15,54.03,43.15,30.49,46.26,,61.78,42.94,41.88,,33.7,,,,45.16,45.16,,45.16,45.16,45.16,125.73,45.16,73.34,73.34,,,,,44.42,43.12,43.12,43.12,43.12,43.12,73.61,54.03,41.86,47.17,43.12,43.12,43.12,43.12,42.94,41.81,,,,,,
2019-04-26 18:00:00+02:00,,44.11,,41.85,38.36,40.75,,44.48,,45.0,45.0,45.0,49.42,54.35,49.42,40.07,51.54,,62.87,44.11,44.48,,41.21,,,,49.53,49.53,,49.53,49.53,49.53,125.73,49.53,56.05,56.05,,,,,44.68,43.25,43.25,43.25,43.25,43.25,69.1,54.35,44.46,48.5,43.25,43.25,43.25,43.25,44.11,44.48,,,,,,
2019-04-26 19:00:00+02:00,,47.88,,44.91,38.39,40.8,,50.67,,49.06,49.06,49.06,49.4,55.07,49.4,42.51,51.77,,62.88,47.88,50.67,,44.25,,,,53.28,53.28,,53.28,53.28,53.28,126.74,53.28,73.33,73.33,,,,,48.75,43.5,43.5,43.5,43.5,43.5,73.59,55.07,50.65,53.2,43.5,43.5,43.5,47.88,47.88,50.67,,,,,,
2019-04-26 20:00:00+02:00,,48.06,,43.97,39.3,40.19,,51.8,,49.66,49.66,49.66,43.04,57.22,43.04,40.82,50.57,,62.86,48.06,51.8,,44.62,,,,55.15,55.15,,55.15,55.15,55.15,126.74,55.15,56.05,56.05,,,,,48.97,43.04,43.04,43.04,43.04,43.04,77.27,57.22,51.78,59.76,43.04,43.04,43.04,48.47,48.06,51.8,,,,,,
2019-04-26 21:00:00+02:00,,45.7,,43.88,38.4,41.83,,46.35,,46.41,46.41,46.41,42.95,60.85,42.95,42.54,49.42,,61.9,45.7,46.35,,47.03,,,,53.28,53.28,,53.28,53.28,53.28,126.74,53.28,42.95,42.95,,,,,46.04,42.95,42.95,42.95,42.95,42.95,69.15,60.85,46.34,48.85,42.95,42.95,42.95,42.95,45.7,46.35,,,,,,
2019-04-26 22:00:00+02:00,,41.97,,41.97,36.6,42.03,,40.97,,41.97,41.97,41.97,41.04,59.03,41.04,41.97,47.49,,62.86,41.97,40.97,,45.19,,,,49.53,49.53,,49.53,49.53,49.53,126.74,49.53,41.04,41.04,,,,,41.97,41.04,41.04,41.04,41.04,41.04,58.38,59.03,40.96,44.66,41.04,41.04,41.04,41.04,41.97,40.97,,,,,,
2019-04-26 23:00:00+02:00,,37.05,,37.05,27.18,39.55,,37.55,,37.05,37.05,37.05,37.05,57.75,37.05,37.05,44.13,,66.73,37.05,37.55,,42.0,,,,41.86,41.86,,41.86,41.86,41.86,124.73,41.86,37.05,37.05,,,,,37.05,37.99,37.99,37.99,37.99,37.99,50.92,57.75,28.99,41.84,37.05,37.05,37.05,37.05,37.05,37.55,,,,,,
2019-04-27 00:00:00+02:00,,32.02,,32.02,30.09,34.27,,37.03,,32.02,32.02,32.02,31.25,58.3,31.25,32.02,39.59,,68.94,32.02,37.03,,32.0,,,,48.0,48.0,,48.0,48.0,48.0,109.03,48.0,31.25,31.25,,,,,32.02,36.94,36.94,36.94,36.94,36.94,52.55,58.3,37.04,38.87,31.25,31.25,31.25,31.25,32.02,37.03,,,,,,
2019-04-27 01:00:00+02:00,,30.1,,30.1,28.44,31.32,,32.86,,30.1,30.1,30.1,29.38,56.52,29.38,30.1,34.75,,62.87,30.1,32.86,,24.75,,,,44.72,44.72,,44.72,44.72,44.72,76.96,44.72,29.38,29.38,,,,,30.1,31.09,31.09,31.09,31.09,31.09,51.38,56.52,31.32,35.31,29.38,29.38,29.38,29.38,30.1,32.86,,,,,,
2019-04-27 02:00:00+02:00,,29.05,,29.05,22.52,31.23,,30.01,,29.05,29.05,29.05,28.35,55.36,28.35,29.05,34.51,,62.62,29.05,30.01,,19.29,,,,43.53,43.53,,43.53,43.53,43.53,75.81,43.53,28.35,28.35,,,,,29.05,29.05,29.05,29.05,29.05,29.05,49.56,55.36,27.12,32.74,28.35,28.35,28.35,28.35,29.05,30.01,,,,,,
2019-04-27 03:00:00+02:00,,28.04,,28.04,22.52,30.53,,29.0,,28.04,28.04,28.04,27.37,56.44,27.37,28.04,35.82,,62.62,28.04,29.0,,0.0,,,,41.87,41.87,,41.87,41.87,41.87,75.81,41.87,27.37,27.37,,,,,28.04,28.04,28.04,28.04,28.04,28.04,50.2,56.44,27.51,30.86,27.37,27.37,27.37,27.37,28.04,29.0,,,,,,
2019-04-27 04:00:00+02:00,,27.43,,-3.2,23.03,30.97,,29.07,,27.43,27.43,27.43,26.78,55.69,26.78,13.82,41.0,,62.62,27.43,29.07,,0.0,,,,42.01,42.01,,42.01,42.01,42.01,75.81,42.01,26.78,26.78,,,,,30.34,27.91,27.91,27.91,27.91,27.91,47.99,55.69,29.08,31.11,26.78,26.78,26.78,26.78,27.43,29.07,,,,,,
2019-04-27 05:00:00+02:00,,26.76,,-3.45,22.51,31.45,,30.03,,26.76,26.76,26.76,26.12,55.04,26.12,13.38,45.29,,62.87,26.76,30.03,,0.0,,,,43.96,43.96,,43.96,43.96,43.96,75.81,43.96,26.12,26.12,,,,,29.63,27.98,27.98,27.98,27.98,27.98,50.22,55.04,29.43,32.33,26.12,26.12,26.12,26.12,26.76,30.03,,,,,,
2019-04-27 06:00:00+02:00,,27.02,,19.12,24.5,33.04,,32.43,,27.02,27.02,27.02,27.02,55.34,27.02,16.47,39.03,,62.87,27.02,32.43,,0.0,,,,45.52,45.52,,45.52,45.52,45.52,76.96,45.52,27.02,27.02,,,,,28.91,27.99,27.99,32.01,32.01,27.99,50.51,55.34,32.44,33.99,27.02,27.02,27.02,27.02,27.02,32.43,,,,,,
2019-04-27 07:00:00+02:00,,31.99,,-5.69,24.53,32.99,,36.4,,31.99,31.99,31.99,31.99,55.69,31.99,15.45,45.21,,68.9,31.99,36.4,,0.0,,,,49.88,49.88,,49.88,49.88,49.88,124.73,49.88,31.99,31.99,,,,,34.87,31.99,31.99,35.63,35.63,31.99,57.13,55.69,36.41,35.77,31.99,31.99,31.99,31.99,31.99,36.4,,,,,,
2019-04-27 08:00:00+02:00,,37.22,,1.0,24.97,32.58,,38.7,,37.22,37.22,37.22,37.22,55.54,37.22,21.34,43.94,,62.87,51.0,38.7,,20.0,,,,51.0,51.0,,51.0,51.0,51.0,124.73,51.0,44.99,44.99,,,,,40.0,37.22,37.22,37.22,37.22,37.22,59.65,55.54,38.72,38.93,37.22,37.22,37.22,37.22,51.0,38.7,,,,,,
2019-04-27 09:00:00+02:00,,35.41,,18.56,26.45,34.04,,37.89,,35.41,38.04,38.04,38.04,57.23,38.04,27.47,51.08,,62.86,51.0,37.89,,24.71,,,,51.0,51.0,,51.0,51.0,51.0,124.73,51.0,59.82,59.82,,,,,40.5,38.04,38.04,38.04,38.04,38.04,67.76,57.23,37.91,39.8,38.04,38.04,38.04,38.04,51.0,37.89,,,,,,
2019-04-27 10:00:00+02:00,,32.69,,30.0,24.51,31.35,,35.0,,32.69,38.02,38.02,38.02,56.44,38.02,31.22,60.23,,62.53,47.89,35.0,,29.66,,,,47.89,47.89,,47.89,47.89,47.89,76.96,47.89,59.83,59.83,,,,,34.9,38.02,38.02,38.02,38.02,38.02,67.41,56.44,35.02,37.63,38.02,38.02,38.02,38.02,47.89,35.0,,,,,,
2019-04-27 11:00:00+02:00,,31.99,,26.59,23.48,30.81,,32.48,,31.99,37.57,37.57,37.57,55.87,37.57,29.04,60.68,,36.9,38.85,32.48,,32.0,,,,38.85,38.85,,38.85,38.85,38.85,38.85,38.85,59.81,59.81,,,,,36.37,37.57,37.57,37.57,37.57,37.57,67.41,55.87,32.5,34.87,37.57,37.57,37.57,37.57,38.85,32.48,,,,,,
2019-04-27 12:00:00+02:00,,30.48,,30.48,22.51,30.04,,30.16,,30.48,33.92,33.92,33.92,55.75,33.92,30.48,57.91,,33.3,30.48,30.16,,30.0,,,,30.48,30.48,,30.48,30.48,30.48,30.48,30.48,33.92,33.92,,,,,30.48,33.92,33.92,35.84,35.84,33.92,67.47,55.75,30.17,33.18,33.92,33.92,33.92,33.92,30.48,30.16,,,,,,
2019-04-27 13:00:00+02:00,,27.9,,25.29,22.54,26.71,,27.39,,27.9,31.55,31.55,31.55,55.5,31.55,26.47,49.8,,27.81,27.9,27.39,,27.61,,,,27.66,27.66,,27.66,27.66,27.66,27.66,27.66,31.55,31.55,,,,,30.0,31.55,31.55,34.6,34.6,31.55,62.88,55.5,27.4,29.14,31.55,31.55,31.55,31.55,27.9,27.39,,,,,,
2019-04-27 14:00:00+02:00,,24.95,,18.8,22.53,23.17,,24.38,,24.95,30.89,30.89,30.89,54.92,30.89,21.58,39.34,,28.12,24.95,24.38,,24.71,,,,24.95,24.95,,24.95,24.95,24.95,24.95,24.95,44.93,44.93,,,,,29.9,30.89,30.89,32.69,32.69,30.89,60.4,54.92,24.39,26.98,30.89,30.89,30.89,30.89,24.95,24.38,,,,,,
2019-04-27 15:00:00+02:00,,27.82,,-3.95,22.54,24.68,,24.7,,27.82,30.98,30.98,30.98,53.89,30.98,13.89,38.17,,39.65,27.82,25.06,,24.71,,,,27.82,27.82,,27.82,27.82,27.82,27.82,27.82,30.98,30.98,,,,,30.47,30.98,30.98,33.44,33.44,30.98,58.93,53.89,25.07,27.29,30.98,30.98,30.98,30.98,27.82,24.7,,,,,,
2019-04-27 16:00:00+02:00,,30.98,,-12.88,22.53,27.99,,27.38,,30.98,32.04,32.04,32.04,52.44,32.04,11.76,38.16,,61.53,30.98,28.36,,24.71,,,,34.2,34.2,,34.2,34.2,34.2,34.99,34.2,32.04,32.04,,,,,34.64,32.04,32.04,32.12,32.12,32.04,53.66,52.44,28.38,29.39,32.04,32.04,32.04,32.04,30.98,27.38,,,,,,
2019-04-27 17:00:00+02:00,,33.1,,-18.95,24.34,34.41,,33.9,,33.1,33.1,33.92,33.92,52.34,33.92,10.49,39.31,,61.9,33.1,33.9,,32.0,,,,41.79,41.79,,41.79,41.79,41.79,76.96,41.79,44.96,44.96,,,,,37.68,34.06,34.06,34.06,34.06,34.06,54.84,52.34,33.92,32.71,33.92,33.92,33.92,33.92,33.1,33.9,,,,,,
2019-04-27 18:00:00+02:00,,38.02,,6.0,30.05,39.84,,39.1,,38.02,38.02,38.02,38.02,53.0,38.02,24.13,44.24,,62.92,38.02,39.1,,33.24,,,,45.1,45.1,,45.1,45.1,45.1,109.03,45.1,38.02,38.02,,,,,40.74,38.02,38.02,38.02,38.02,38.02,54.85,53.0,39.12,37.03,38.02,38.02,38.02,38.02,38.02,39.1,,,,,,
2019-04-27 19:00:00+02:00,,39.92,,26.44,32.33,42.2,,43.46,,39.92,39.92,39.92,38.96,54.92,38.96,20.59,49.8,,72.92,39.92,43.46,,45.0,,,,55.15,55.15,,54.07,55.15,55.15,125.73,55.15,38.96,38.96,,,,,40.11,38.96,38.96,38.96,38.96,38.96,58.41,54.92,43.49,45.03,38.96,38.96,38.96,38.96,39.92,43.46,,,,,,
2019-04-27 20:00:00+02:00,,39.25,,33.0,32.48,42.25,,44.1,,39.25,39.25,39.25,38.6,56.52,38.6,30.14,51.66,,62.99,56.5,48.13,,47.85,,,,56.5,56.5,,56.5,56.5,56.5,126.73,56.5,38.6,38.6,,,,,38.58,38.6,38.6,38.6,38.6,38.6,67.38,56.52,48.16,47.31,38.6,38.6,38.6,38.6,56.5,44.1,,,,,,
2019-04-27 21:00:00+02:00,,37.63,,37.04,28.96,39.6,,41.3,,37.63,37.63,37.63,36.72,59.2,36.72,37.31,60.23,,69.35,42.2,41.3,,58.81,,,,56.0,56.0,,54.09,56.0,56.0,125.73,56.0,36.72,36.72,,,,,38.1,37.19,37.19,37.19,37.19,37.19,60.63,59.2,41.33,42.55,36.72,36.72,36.72,36.72,42.2,41.3,,,,,,
2019-04-27 22:00:00+02:00,,36.36,,36.36,25.98,37.51,,39.7,,36.36,36.36,36.36,32.83,57.52,32.83,36.36,62.49,,62.86,36.36,39.7,,64.0,,,,50.79,50.79,,50.79,50.79,50.79,125.73,50.79,32.83,32.83,,,,,36.36,37.44,37.44,37.44,37.44,37.44,52.56,57.52,39.73,39.91,32.83,32.83,32.83,32.83,36.36,39.7,,,,,,
2019-04-27 23:00:00+02:00,,31.57,,31.57,23.28,35.03,,35.6,,31.57,31.57,31.57,30.82,56.52,30.82,31.57,47.85,,65.49,31.57,35.6,,50.2,,,,44.42,44.42,,44.42,44.42,44.42,81.0,44.42,30.82,30.82,,,,,31.57,31.57,31.57,31.57,31.57,31.57,47.64,56.52,35.17,37.66,30.82,30.82,30.82,30.82,31.57,35.6,,,,,,
2019-04-28 00:00:00+02:00,,31.24,,33.22,15.16,33.64,,31.05,,31.24,31.24,31.24,4.49,56.73,4.49,32.57,61.2,,62.87,31.24,31.05,,55.0,,,,44.01,44.01,,44.01,44.01,44.01,77.0,44.01,4.49,4.49,,,,,37.3,31.24,31.24,31.24,31.24,31.24,46.05,56.73,28.02,35.04,4.49,4.49,4.49,4.49,31.24,31.05,,,,,,
2019-04-28 01:00:00+02:00,,29.05,,31.57,7.93,31.57,,29.27,,29.05,29.05,29.05,4.3,54.07,4.3,30.74,37.64,,62.87,29.05,29.27,,38.71,,,,35.0,35.0,,35.0,35.0,35.0,76.12,35.0,4.3,4.3,,,,,36.66,29.05,29.05,29.05,29.05,29.05,45.47,54.07,27.13,32.46,4.3,4.3,4.3,4.3,29.05,29.27,,,,,,
2019-04-28 02:00:00+02:00,,30.0,,30.0,1.47,30.09,,27.0,,30.0,30.0,30.0,3.2,53.14,3.2,30.0,35.01,,62.85,30.0,27.0,,36.0,,,,30.0,30.0,,30.0,30.0,30.0,76.12,30.0,3.2,3.2,,,,,30.0,30.0,30.0,30.0,30.0,30.0,45.83,53.14,27.02,28.95,3.2,3.2,3.2,3.2,30.0,27.0,,,,,,
2019-04-28 03:00:00+02:00,,29.0,,29.0,1.51,29.07,,26.38,,29.0,29.0,29.0,3.07,50.81,3.07,29.0,35.79,,62.32,29.0,26.38,,36.8,,,,29.0,29.0,,29.0,29.0,29.0,71.84,29.0,3.07,3.07,,,,,29.0,29.0,29.0,29.0,29.0,29.0,45.84,50.81,26.4,26.37,3.07,3.07,3.07,3.07,29.0,26.38,,,,,,
2019-04-28 04:00:00+02:00,,29.0,,26.21,5.08,28.58,,26.23,,29.53,29.53,29.53,2.95,51.05,2.95,27.28,33.89,,61.32,29.0,26.23,,34.84,,,,29.0,29.0,,29.0,29.0,29.0,71.84,29.0,2.95,2.95,,,,,32.7,29.53,29.53,29.53,29.53,29.53,46.02,51.05,26.26,27.6,2.95,2.95,2.95,2.95,29.0,26.23,,,,,,
2019-04-28 05:00:00+02:00,,29.38,,26.5,5.09,27.49,,26.22,,29.96,29.96,29.96,3.17,51.11,3.17,27.69,34.91,,62.85,29.38,26.22,,35.9,,,,35.5,35.5,,35.5,35.5,35.5,76.12,35.5,3.17,3.17,,,,,34.0,29.96,29.96,29.96,29.96,29.96,47.66,51.11,26.24,28.97,3.17,3.17,3.17,3.17,29.38,26.22,,,,,,
2019-04-28 06:00:00+02:00,,29.08,,20.54,5.07,29.24,,27.5,,30.71,30.71,30.71,6.9,50.99,6.9,23.82,42.34,,62.32,29.08,27.5,,41.51,,,,30.0,30.0,,30.0,30.0,30.0,76.12,30.0,6.9,6.9,,,,,40.33,30.71,30.71,30.71,30.71,30.71,41.68,50.99,27.53,30.01,6.9,6.9,6.9,6.9,29.08,27.5,,,,,,
2019-04-28 07:00:00+02:00,,30.37,,23.58,5.95,30.41,,29.36,,31.66,31.66,31.66,23.39,50.74,23.39,26.16,48.64,,62.85,30.37,29.36,,41.51,,,,30.37,30.37,,30.37,30.37,30.37,124.73,30.37,23.39,23.39,,,,,39.18,31.66,31.66,31.66,31.66,31.66,45.56,50.74,29.39,32.14,23.39,23.39,23.39,23.39,30.37,29.36,,,,,,
2019-04-28 08:00:00+02:00,,32.05,,32.05,5.49,31.85,,33.44,,32.05,32.05,32.05,32.05,50.0,32.05,32.05,32.77,,62.86,32.05,33.44,,36.48,,,,32.05,32.05,,32.05,32.05,32.05,115.84,32.05,32.05,32.05,,,,,32.05,32.05,32.05,32.05,32.05,32.05,46.29,50.0,33.47,33.66,32.05,32.05,32.05,32.05,32.05,33.44,,,,,,
2019-04-28 09:00:00+02:00,,33.68,,31.42,5.09,33.89,,34.5,,34.41,34.41,34.41,34.41,52.45,34.41,31.42,47.49,,62.86,33.68,34.5,,45.45,,,,33.68,33.68,,33.68,33.68,33.68,109.03,33.68,34.41,34.41,,,,,38.7,34.41,34.41,34.41,34.41,34.41,54.07,52.45,34.53,35.81,34.41,34.41,34.41,34.41,33.68,34.5,,,,,,
2019-04-28 10:00:00+02:00,,33.94,,32.86,5.07,32.97,,33.49,,34.48,34.48,34.48,34.48,52.55,34.48,32.86,45.17,,68.83,33.94,33.49,,43.28,,,,33.94,33.94,,33.94,33.94,33.94,79.0,33.94,34.48,34.48,,,,,39.2,34.48,34.48,34.48,34.48,34.48,54.28,52.55,21.37,35.47,34.48,34.48,34.48,34.48,33.94,33.49,,,,,,
2019-04-28 11:00:00+02:00,,34.99,,38.8,0.2,33.84,,34.55,,35.53,35.53,35.53,35.53,52.92,35.53,32.69,52.47,,26.03,34.99,34.55,,50.21,,,,32.69,20.0,,32.69,20.0,20.0,73.84,20.0,35.53,35.53,,,,,37.3,35.53,35.53,35.53,35.53,35.53,54.28,52.92,15.0,36.44,35.53,35.53,35.53,35.53,34.99,34.55,,,,,,
2019-04-28 12:00:00+02:00,,32.6,,34.27,0.15,33.71,,33.1,,32.6,32.6,32.6,32.6,53.5,32.6,33.73,52.59,,17.0,32.6,33.1,,50.33,,,,33.73,15.0,,33.73,15.0,15.0,72.0,15.0,32.6,32.6,,,,,37.3,32.6,32.6,33.84,33.84,32.6,51.47,53.5,10.52,34.69,32.6,32.6,32.6,32.6,32.6,33.1,,,,,,
2019-04-28 13:00:00+02:00,,31.05,,30.48,0.12,30.11,,29.1,,31.44,31.44,31.44,31.44,53.5,31.44,30.0,56.75,,1.0,31.05,29.1,,54.32,,,,30.0,9.9,,30.0,9.9,9.9,18.99,9.9,31.44,31.44,,,,,39.7,31.44,31.44,33.97,33.97,31.44,49.0,53.5,7.01,31.5,31.44,31.44,31.44,31.44,31.05,29.1,,,,,,
2019-04-28 14:00:00+02:00,,30.03,,28.0,0.15,28.29,,26.77,,30.4,30.4,30.4,30.4,52.92,30.4,28.0,57.91,,1.0,30.03,26.77,,55.42,,,,28.0,3.0,,28.0,3.0,3.0,10.0,3.0,30.4,30.4,,,,,37.3,30.4,30.4,34.36,34.36,30.4,46.2,52.92,6.31,28.95,30.4,30.4,30.4,30.4,30.03,26.77,,,,,,
2019-04-28 15:00:00+02:00,,29.77,,28.0,0.16,28.36,,26.9,,29.77,29.77,29.77,29.77,50.97,29.77,28.0,57.91,,12.91,29.77,26.9,,52.09,,,,28.0,9.9,,28.0,9.9,9.9,18.99,9.9,29.77,29.77,,,,,34.87,29.77,29.77,35.04,35.04,29.77,46.0,50.97,6.56,28.92,29.77,29.77,29.77,29.77,29.77,26.9,,,,,,
2019-04-28 16:00:00+02:00,,31.02,,33.6,5.01,31.01,,30.17,,31.74,31.74,31.74,31.74,49.01,31.74,28.09,45.29,,22.17,31.02,30.17,,43.34,,,,28.09,10.0,,28.09,10.0,10.0,72.0,10.0,31.74,31.74,,,,,34.72,35.87,35.87,35.87,35.87,35.87,46.02,49.01,10.52,30.93,31.74,31.74,31.74,31.74,31.02,30.17,,,,,,
2019-04-28 17:00:00+02:00,,34.9,,39.15,10.01,35.45,,36.18,,35.51,35.51,35.51,35.51,48.0,35.51,32.38,48.64,,49.0,34.9,36.18,,46.56,,,,33.9,19.0,,33.9,19.0,19.0,76.12,19.0,35.51,35.51,,,,,37.47,37.7,37.7,37.7,37.7,37.7,46.19,48.0,16.38,35.83,35.51,35.51,35.51,35.51,34.9,36.18,,,,,,
2019-04-28 18:00:00+02:00,,41.56,,42.38,26.12,41.27,,42.0,,41.68,41.68,41.68,40.12,47.23,40.12,41.07,57.56,,68.85,41.56,42.0,,55.09,,,,41.56,41.56,,41.56,41.56,41.56,109.03,41.56,40.12,40.12,,,,,42.06,40.12,40.12,40.12,40.12,40.12,46.21,47.23,37.67,41.92,40.12,40.12,40.12,40.12,41.56,42.0,,,,,,
2019-04-28 19:00:00+02:00,,44.93,,47.58,31.74,43.61,,45.8,,45.32,45.32,45.32,40.57,50.27,40.57,43.31,64.05,,62.86,44.93,45.8,,61.3,,,,50.85,50.85,,50.85,50.85,50.85,125.73,50.85,40.57,40.57,,,,,46.59,40.57,40.57,40.57,40.57,40.57,50.52,50.27,45.86,45.93,40.57,40.57,40.57,40.57,44.93,45.8,,,,,,
2019-04-28 20:00:00+02:00,,47.0,,52.19,28.99,44.1,,49.0,,47.75,47.75,47.75,41.11,55.5,41.11,43.83,69.55,,61.05,47.0,49.0,,66.56,,,,53.67,53.67,,53.67,53.67,53.67,126.74,53.67,41.11,41.11,,,,,50.2,41.11,41.11,41.11,41.11,41.11,58.79,55.5,49.06,51.37,41.11,41.11,41.11,41.11,47.0,49.0,,,,,,
2019-04-28 21:00:00+02:00,,46.07,,46.07,22.55,43.93,,46.8,,46.07,46.07,46.07,40.98,59.47,40.98,46.07,73.14,,69.08,46.07,46.8,,70.0,,,,53.45,53.45,,53.45,53.45,53.45,126.74,53.45,40.98,40.98,,,,,46.07,41.46,41.46,40.98,40.98,41.46,54.33,59.47,43.98,48.91,40.98,40.98,40.98,40.98,46.07,46.8,,,,,,
2019-04-28 22:00:00+02:00,,47.76,,47.76,15.08,43.03,,44.25,,47.76,42.05,42.05,33.96,58.98,33.96,47.76,72.97,,62.86,47.76,44.25,,71.53,,,,48.0,48.0,,48.0,48.0,48.0,125.73,48.0,33.96,33.96,,,,,47.76,40.94,40.94,38.91,38.91,40.94,46.01,58.98,31.36,47.59,33.96,33.96,33.96,33.96,47.76,44.25,,,,,,
2019-04-28 23:00:00+02:00,,44.56,,44.56,14.96,40.55,,40.1,,44.56,41.67,41.67,29.96,56.55,29.96,44.56,49.92,,61.28,44.56,40.1,,47.78,,,,44.56,44.56,,44.56,44.56,44.56,119.84,44.56,29.96,29.96,,,,,44.56,40.22,40.22,38.38,38.38,40.22,45.98,56.55,27.15,41.98,29.96,29.96,29.96,29.96,44.56,40.1,,,,,,
2019-04-29 00:00:00+02:00,,38.53,,38.53,9.99,38.05,,39.16,,38.53,38.53,38.53,35.03,57.79,35.03,38.53,59.18,,38.55,38.53,39.16,,56.64,,,,38.53,38.53,,38.53,38.53,38.53,78.67,38.53,35.03,35.03,,,,,38.53,38.53,38.53,36.89,36.89,38.53,46.49,57.79,27.44,38.46,35.03,35.03,35.03,35.03,38.53,39.16,,,,,,
2019-04-29 01:00:00+02:00,,36.22,,36.22,9.32,36.0,,37.05,,36.22,36.22,36.22,19.03,56.01,19.03,36.22,39.76,,34.66,36.22,37.05,,40.89,,,,36.22,36.22,,36.22,36.22,36.22,78.67,36.22,19.03,19.03,,,,,36.22,36.22,36.22,36.2,36.2,36.22,46.6,56.01,21.04,36.09,19.03,19.03,19.03,19.03,36.22,37.05,,,,,,
2019-04-29 02:00:00+02:00,,35.57,,35.57,5.07,34.17,,34.99,,35.57,35.57,35.57,18.75,52.49,18.75,35.57,42.35,,35.43,35.57,34.99,,41.51,,,,35.57,35.57,,35.57,35.57,35.57,74.87,35.57,18.75,18.75,,,,,35.57,35.57,35.57,35.57,35.57,35.57,46.61,52.49,20.02,35.03,18.75,18.75,18.75,18.75,35.57,34.99,,,,,,
2019-04-29 03:00:00+02:00,,35.01,,35.01,5.07,32.93,,33.48,,35.01,35.01,35.01,18.06,52.65,18.06,35.01,39.62,,40.9,35.01,33.48,,38.83,,,,35.01,35.01,,35.01,35.01,35.01,74.87,35.01,18.06,18.06,,,,,35.01,35.01,35.01,35.01,35.01,35.01,46.62,52.65,20.02,32.84,18.06,18.06,18.06,18.06,35.01,33.48,,,,,,
2019-04-29 04:00:00+02:00,,34.18,,34.18,5.09,33.0,,34.3,,34.18,34.18,34.18,33.36,55.0,33.36,34.18,41.9,,40.9,34.18,34.3,,40.89,,,,35.17,35.17,,35.17,35.17,35.17,74.87,35.17,33.36,33.36,,,,,34.18,34.18,34.18,34.18,34.18,34.18,46.63,55.0,22.02,33.67,33.36,33.36,33.36,33.36,34.18,34.3,,,,,,
2019-04-29 05:00:00+02:00,,36.57,,36.57,6.98,37.03,,39.33,,36.57,36.57,36.57,36.57,57.12,36.57,36.57,39.62,,60.7,36.57,39.33,,38.83,,,,43.07,43.07,,43.07,43.07,43.07,74.87,43.07,36.57,36.57,,,,,36.57,37.57,37.57,37.57,37.57,37.57,46.56,57.12,31.35,38.52,36.57,36.57,36.57,36.57,36.57,39.33,,,,,,
2019-04-29 06:00:00+02:00,,46.82,,46.82,18.92,45.62,,47.7,,46.82,46.82,46.82,58.32,59.2,51.35,46.82,48.03,,62.13,46.82,47.7,,45.96,,,,48.98,48.98,,48.98,48.98,48.98,78.67,48.98,58.32,58.32,,,,,46.82,41.43,41.43,41.43,41.43,41.43,58.71,59.2,37.66,44.09,41.43,41.43,41.43,41.43,46.82,47.7,,,,,,
2019-04-29 07:00:00+02:00,,52.77,,52.77,22.55,52.97,,55.7,,52.77,52.77,52.77,69.91,58.87,69.91,52.77,54.2,,62.85,52.77,55.7,,46.17,,,,55.36,55.36,,55.36,55.36,55.36,125.73,55.36,69.91,69.91,,,,,52.77,43.11,43.11,43.11,43.11,43.11,59.01,58.87,43.1,53.38,43.11,43.11,43.11,43.11,52.77,55.7,,,,,,
2019-04-29 08:00:00+02:00,,56.71,,56.71,22.54,54.55,,57.5,,56.71,56.71,56.71,75.01,59.27,75.01,56.71,63.14,,62.9,56.71,57.5,,65.0,,,,56.71,56.71,,56.71,56.71,56.71,125.73,56.71,75.01,75.01,,,,,56.71,43.98,43.98,43.98,43.98,43.98,64.93,59.27,43.96,56.01,43.98,43.98,43.98,55.35,56.71,57.5,,,,,,
2019-04-29 09:00:00+02:00,,51.3,,51.3,22.54,51.15,,55.6,,51.3,51.3,51.3,68.54,59.89,68.54,51.3,71.37,,58.9,51.3,55.6,,73.37,,,,55.04,55.04,,55.04,55.04,55.04,122.87,55.04,68.54,68.54,,,,,51.3,43.69,43.69,43.69,43.69,43.69,69.01,59.89,39.33,52.38,43.69,43.69,43.69,50.07,51.3,55.6,,,,,,
2019-04-29 10:00:00+02:00,,46.99,,46.99,22.54,48.0,,54.2,,46.99,46.99,46.99,63.59,59.5,63.59,46.99,68.1,,49.0,46.99,54.2,,70.0,,,,54.87,54.87,,54.87,54.87,54.87,78.67,54.87,63.59,63.59,,,,,46.99,43.25,43.25,43.25,43.25,43.25,64.04,59.5,37.43,51.35,43.25,43.25,43.25,45.87,46.99,54.2,,,,,,
2019-04-29 11:00:00+02:00,,45.61,,45.61,13.9,46.32,,50.4,,45.61,45.61,45.61,64.28,59.47,64.28,45.61,57.82,,46.0,45.61,50.4,,59.43,,,,54.55,50.0,,54.55,50.0,50.0,78.67,50.0,64.28,64.28,,,,,45.61,43.52,43.52,43.52,43.52,43.52,64.73,59.47,31.12,48.4,43.52,43.52,43.52,44.52,45.61,50.4,,,,,,
2019-04-29 12:00:00+02:00,,44.06,,44.06,14.98,45.01,,47.68,,44.06,44.06,44.06,65.96,59.47,65.96,44.06,47.4,,35.13,44.06,47.68,,48.71,,,,47.6,47.6,,47.6,47.6,47.6,68.87,47.6,65.96,65.96,,,,,44.06,43.0,43.0,43.0,43.0,43.0,66.42,59.47,31.12,46.12,43.0,43.0,43.0,43.0,44.06,47.68,,,,,,
2019-04-29 13:00:00+02:00,,43.0,,43.0,17.0,43.26,,46.15,,43.0,43.0,43.0,63.91,59.23,59.94,43.0,44.18,,26.1,43.0,46.15,,45.41,,,,47.98,43.76,,47.98,43.76,43.76,43.76,43.76,63.91,63.91,,,,,43.0,42.49,42.49,42.49,42.49,42.49,64.37,59.23,30.01,45.03,42.49,42.49,42.49,42.49,43.0,46.15,,,,,,
2019-04-29 14:00:00+02:00,,40.67,,40.67,16.37,41.57,,44.7,,40.67,40.67,40.67,59.13,58.7,40.67,40.67,41.78,,23.74,40.67,44.7,,42.94,,,,54.55,43.76,,54.55,43.76,43.76,46.99,43.76,59.13,59.13,,,,,40.67,40.67,40.67,40.67,40.67,40.67,59.56,58.7,30.01,42.44,40.67,40.67,40.67,40.67,40.67,44.7,,,,,,
2019-04-29 15:00:00+02:00,,39.41,,39.41,21.98,41.15,,45.1,,39.41,39.41,39.41,59.15,57.93,42.45,39.41,40.68,,37.94,39.41,45.1,,41.78,,,,54.69,47.08,,54.69,47.08,47.08,68.87,47.08,59.15,59.15,,,,,39.41,39.41,39.41,39.41,39.41,39.41,59.58,57.93,31.11,42.63,39.41,39.41,39.41,39.41,39.41,45.1,,,,,,
2019-04-29 16:00:00+02:00,,39.9,,34.9,23.02,41.02,,45.12,,39.9,39.9,39.9,59.01,57.5,53.46,31.9,41.25,,52.9,39.9,45.12,,40.41,,,,54.87,47.05,,54.87,47.05,47.05,74.87,47.05,59.01,59.01,,,,,39.49,39.9,39.9,39.9,39.9,39.9,59.45,57.5,37.34,42.48,39.9,39.9,39.9,39.9,39.9,45.12,,,,,,
2019-04-29 17:00:00+02:00,,42.4,,38.58,31.94,43.36,,46.99,,42.4,42.4,42.4,58.11,57.12,50.04,33.96,44.34,,57.49,42.4,46.99,,43.43,,,,51.52,51.52,,51.52,51.52,51.52,107.87,51.52,58.11,58.11,,,,,42.91,41.29,41.29,41.29,41.29,41.29,58.54,57.12,41.41,44.85,41.29,41.29,41.29,41.38,42.4,46.99,,,,,,
2019-04-29 18:00:00+02:00,,44.97,,49.37,39.55,45.52,,48.49,,44.97,44.97,44.97,57.2,57.01,50.06,40.88,53.38,,61.05,44.97,48.49,,51.05,,,,51.78,51.78,,51.78,51.78,51.78,126.74,51.78,57.2,57.2,,,,,47.27,41.15,41.15,41.15,41.15,41.15,57.63,57.01,48.13,45.04,41.15,41.15,41.15,43.89,44.97,48.49,,,,,,
2019-04-29 19:00:00+02:00,,47.0,,47.44,56.27,47.39,,52.66,,47.08,47.08,47.08,58.56,57.93,49.44,46.78,57.86,,61.88,47.0,52.66,,55.33,,,,54.87,54.87,,54.87,54.87,54.87,126.74,54.87,58.56,58.56,,,,,47.26,40.91,40.91,40.91,40.91,40.91,59.0,57.93,52.66,51.72,40.91,40.91,40.91,45.95,47.0,52.66,,,,,,
2019-04-29 20:00:00+02:00,,46.92,,48.4,56.25,47.32,,54.0,,47.81,47.81,47.81,99.99,59.2,41.6,42.48,60.28,,62.86,60.0,65.95,,57.64,,,,60.0,60.0,,60.0,60.0,60.0,78.67,60.0,99.99,99.99,,,,,49.07,41.6,41.6,41.6,41.6,41.6,62.33,59.2,65.95,56.0,41.6,41.6,41.6,47.81,60.0,54.0,,,,,,
2019-04-29 21:00:00+02:00,,46.81,,46.81,45.03,46.0,,50.37,,46.81,46.81,46.81,56.16,60.37,41.2,46.81,60.28,,61.91,46.81,50.37,,57.64,,,,56.6,56.6,,56.6,56.6,56.6,78.67,56.6,56.16,56.16,,,,,46.81,41.2,41.2,41.2,41.2,41.2,56.6,60.37,50.37,49.98,41.2,41.2,41.2,46.81,46.81,50.37,,,,,,
2019-04-29 22:00:00+02:00,,44.86,,44.86,34.43,43.76,,45.9,,44.86,44.86,44.86,49.71,59.12,39.97,44.86,51.24,,61.61,44.86,45.9,,49.0,,,,54.55,54.55,,54.55,54.55,54.55,68.87,54.55,49.71,49.71,,,,,44.86,39.97,39.97,39.97,39.97,39.97,51.53,59.12,45.89,45.01,39.97,39.97,39.97,39.97,44.86,45.9,,,,,,
2019-04-29 23:00:00+02:00,,38.43,,38.43,27.15,40.6,,40.79,,38.43,38.43,38.43,36.48,58.98,36.48,38.43,42.78,,61.84,38.43,40.79,,40.9,,,,46.35,46.35,,46.35,46.35,46.35,46.35,46.35,36.48,36.48,,,,,38.43,37.2,37.2,37.2,37.2,37.2,46.62,58.98,40.78,40.6,36.48,36.48,36.48,36.48,38.43,40.79,,,,,,
2019-04-30 00:00:00+02:00,,34.0,,34.0,38.35,38.09,,36.62,,34.0,34.0,34.0,29.91,59.23,29.91,34.0,46.41,,51.28,34.0,36.62,,41.49,,,,53.27,53.27,,53.27,53.27,53.27,53.27,53.27,29.91,29.91,,,,,34.0,34.73,34.73,34.73,34.73,34.73,47.85,59.23,36.61,37.7,29.91,29.91,29.91,29.91,34.0,36.62,,,,,,
2019-04-30 01:00:00+02:00,,36.07,,36.07,24.37,36.02,,35.31,,36.07,36.07,36.07,25.8,58.9,25.8,36.07,39.97,,53.73,36.07,35.31,,32.76,,,,48.0,48.5,,48.0,48.5,48.5,48.5,48.5,25.8,25.8,,,,,36.07,34.94,34.94,34.94,34.94,34.94,46.95,58.9,35.3,35.09,25.8,25.8,25.8,25.8,36.07,35.31,,,,,,
2019-04-30 02:00:00+02:00,,35.0,,35.0,23.73,35.31,,34.31,,35.0,35.0,35.0,24.67,58.71,24.67,35.0,39.69,,43.21,35.0,34.31,,32.76,,,,46.79,47.21,,46.79,47.21,47.21,47.21,47.21,24.67,24.67,,,,,35.0,35.0,35.0,35.0,35.0,35.0,46.89,58.71,34.3,35.08,24.67,24.67,24.67,24.67,35.0,34.31,,,,,,
2019-04-30 03:00:00+02:00,,35.24,,35.24,22.53,34.58,,33.43,,35.24,35.24,35.24,29.14,58.71,29.14,35.24,39.65,,43.0,35.24,33.43,,32.76,,,,47.24,47.24,,47.24,47.24,47.24,47.24,47.24,29.14,29.14,,,,,35.24,35.24,35.24,35.24,35.24,35.24,46.9,58.71,33.42,35.04,29.14,29.14,29.14,29.14,35.24,33.43,,,,,,
2019-04-30 04:00:00+02:00,,34.44,,34.44,22.54,34.8,,33.81,,34.44,34.44,34.44,34.44,58.91,34.44,34.44,39.2,,48.85,34.44,33.81,,32.76,,,,47.27,47.27,,47.27,47.27,47.27,47.27,47.27,34.44,34.44,,,,,34.44,34.44,34.44,34.44,34.44,34.44,47.5,58.91,33.8,35.08,34.44,34.44,34.44,34.44,34.44,33.81,,,,,,
2019-04-30 05:00:00+02:00,,36.95,,36.75,31.51,37.12,,37.02,,37.04,37.04,37.04,37.04,59.47,37.04,36.59,38.16,,62.87,36.95,37.02,,32.76,,,,53.89,53.89,,53.89,53.89,53.89,53.89,53.89,37.04,37.04,,,,,37.01,37.04,37.04,37.04,37.04,37.04,49.1,59.47,37.01,37.98,37.04,37.04,37.04,37.04,36.95,37.02,,,,,,
2019-04-30 06:00:00+02:00,,45.62,,45.62,52.11,46.6,,47.13,,45.62,45.62,45.62,52.09,59.89,51.72,45.62,46.71,,66.5,45.62,47.13,,36.16,,,,57.6,57.6,,57.6,57.6,57.6,57.6,57.6,52.09,52.09,,,,,45.62,39.94,39.94,39.94,39.94,39.94,59.63,59.89,47.12,47.2,39.94,39.94,39.94,39.94,45.62,47.13,,,,,,
2019-04-30 07:00:00+02:00,,52.14,,52.14,53.84,51.56,,54.43,,52.14,52.14,52.14,62.77,59.23,62.77,52.14,53.4,,69.06,60.29,56.07,,41.49,,,,61.99,61.99,,61.99,61.99,61.99,61.99,61.99,62.77,62.77,,,,,52.14,42.26,42.26,42.26,42.26,42.26,63.03,59.23,56.06,56.63,42.26,42.26,42.26,42.26,60.29,54.43,,,,,,
2019-04-30 08:00:00+02:00,,60.0,,60.0,45.84,58.68,,60.15,,60.0,60.0,60.0,69.84,60.08,69.84,60.0,61.64,,65.0,60.0,60.15,,56.56,,,,60.0,60.0,,60.0,60.0,60.0,81.0,60.0,69.84,69.84,,,,,60.0,42.76,42.76,42.76,42.76,42.76,70.14,60.08,60.13,58.9,42.76,42.76,42.76,42.76,60.0,60.15,,,,,,
2019-04-30 09:00:00+02:00,,51.47,,51.47,35.23,51.43,,52.4,,51.47,51.47,51.47,68.76,60.32,62.25,51.47,60.33,,56.94,54.3,53.95,,65.43,,,,56.0,56.0,,56.0,56.0,56.0,72.0,56.0,68.76,68.76,,,,,51.47,42.65,42.65,42.81,42.81,42.65,69.06,60.32,53.94,53.95,42.81,42.81,42.81,42.81,54.3,52.4,,,,,,
2019-04-30 10:00:00+02:00,,47.43,,47.43,31.87,46.71,,48.02,,47.43,47.43,47.43,68.47,59.5,57.45,47.43,55.7,,49.52,54.3,48.66,,58.39,,,,54.87,54.87,,54.87,54.87,54.87,54.87,54.87,68.47,68.47,,,,,47.43,42.33,42.33,42.97,42.97,42.33,68.77,59.5,48.65,51.04,42.97,42.97,42.97,42.97,54.3,48.02,,,,,,
2019-04-30 11:00:00+02:00,,44.85,,44.85,22.53,44.19,,45.39,,44.85,44.85,44.85,68.73,59.33,67.51,44.85,46.28,,40.03,52.75,47.07,,48.51,,,,52.75,51.0,,52.75,51.0,51.0,51.0,51.0,68.73,68.73,,,,,44.85,41.91,41.91,42.66,42.66,41.91,69.03,59.33,47.06,48.26,42.66,42.66,42.66,42.66,52.75,45.39,,,,,,
2019-04-30 12:00:00+02:00,,40.85,,40.85,22.55,40.96,,41.92,,40.85,40.85,41.84,72.18,59.33,53.48,40.85,42.43,,33.46,46.79,44.02,,44.48,,,,46.79,46.79,,46.79,46.79,46.79,46.79,46.79,72.18,72.18,,,,,40.85,40.56,40.56,41.84,41.84,40.56,72.49,59.33,44.01,46.02,41.84,41.84,41.84,41.84,46.79,41.92,,,,,,
2019-04-30 13:00:00+02:00,,36.49,,36.49,22.55,38.98,,40.62,,36.49,37.7,41.25,71.01,59.12,51.12,36.49,41.9,,26.98,46.18,42.46,,46.09,,,,46.18,46.0,,46.18,46.0,46.0,46.0,46.0,71.01,71.01,,,,,36.49,37.7,37.7,41.25,41.25,37.7,71.33,59.12,42.45,44.08,41.25,41.25,41.25,41.25,46.18,40.62,,,,,,
2019-04-30 14:00:00+02:00,,34.98,,34.98,23.65,37.03,,37.83,,34.98,39.98,40.12,68.72,58.62,40.12,34.98,41.79,,23.83,48.0,39.1,,44.48,,,,48.0,48.0,,48.0,48.0,48.0,48.0,48.0,68.72,68.72,,,,,34.98,39.98,39.98,40.12,40.12,39.98,69.03,58.62,39.09,42.39,40.12,40.12,40.12,40.12,48.0,37.83,,,,,,
2019-04-30 15:00:00+02:00,,34.94,,34.94,23.68,35.72,,36.68,,34.94,39.41,40.02,67.29,58.51,40.02,34.94,41.31,,36.68,47.9,38.47,,43.84,,,,51.94,51.94,,51.94,51.94,51.94,51.94,51.94,67.29,67.29,,,,,34.94,39.41,39.41,40.02,40.02,39.41,67.59,58.51,38.46,42.24,40.02,40.02,40.02,40.02,47.9,36.68,,,,,,
2019-04-30 16:00:00+02:00,,35.34,,35.34,22.54,35.68,,37.3,,35.34,39.51,40.11,58.41,57.52,44.89,35.34,42.28,,50.9,35.59,38.56,,44.3,,,,53.89,53.89,,53.89,53.89,53.89,53.89,53.89,58.41,58.41,,,,,35.34,39.51,39.51,40.11,40.11,39.51,58.68,57.52,38.56,42.65,40.11,40.11,40.11,40.11,35.59,37.3,,,,,,
2019-04-30 17:00:00+02:00,,41.3,,41.3,24.95,39.67,,41.09,,41.3,41.3,41.3,57.47,56.29,44.43,41.3,50.39,,62.77,48.0,41.82,,52.79,,,,51.0,51.0,,51.0,51.0,51.0,51.0,51.0,57.47,57.47,,,,,41.3,41.3,41.3,41.3,41.3,41.3,57.73,56.29,41.81,44.98,41.3,41.3,41.3,41.3,48.0,41.09,,,,,,
2019-04-30 18:00:00+02:00,,47.09,,47.09,32.84,45.02,,45.38,,47.09,47.09,47.09,57.48,55.88,45.02,47.09,60.98,,68.87,47.09,45.38,,63.89,,,,52.75,52.75,,52.75,52.75,52.75,52.75,52.75,57.48,57.48,,,,,47.09,42.26,42.26,42.26,42.26,42.26,57.74,55.88,45.37,47.02,42.26,42.26,42.26,42.26,47.09,45.38,,,,,,
2019-04-30 19:00:00+02:00,,54.4,,54.4,32.98,47.28,,49.76,,54.4,54.4,54.4,58.37,57.12,42.2,54.4,63.93,,71.57,54.4,49.76,,66.97,,,,55.36,55.36,,55.36,55.36,55.36,81.0,55.36,58.37,58.37,,,,,54.4,42.2,42.2,42.2,42.2,42.2,58.64,57.12,49.75,54.07,42.2,42.2,42.2,42.2,54.4,49.76,,,,,,
2019-04-30 20:00:00+02:00,,51.76,,51.76,34.43,47.48,,51.0,,51.76,51.76,51.76,63.82,58.73,41.17,51.76,62.94,,71.0,51.76,54.5,,65.93,,,,56.71,56.71,,56.71,56.71,56.71,123.9,56.71,63.82,63.82,,,,,51.76,41.17,41.17,41.17,41.17,41.17,64.12,58.73,54.49,60.21,41.17,41.17,41.17,41.17,51.76,51.0,,,,,,
2019-04-30 21:00:00+02:00,,48.71,,48.71,25.52,47.09,,47.9,,48.71,48.71,48.71,57.5,59.87,40.66,48.71,64.45,,67.46,48.71,47.9,,67.51,,,,55.36,55.36,,55.36,55.36,55.36,100.0,55.36,57.5,57.5,,,,,48.71,40.66,40.66,40.66,40.66,40.66,57.77,59.87,47.89,49.95,40.66,40.66,40.66,40.66,48.71,47.9,,,,,,
2019-04-30 22:00:00+02:00,,46.28,,46.28,22.54,45.82,,45.0,,46.28,46.28,46.28,52.0,58.73,38.96,46.28,63.97,,69.3,46.28,45.0,,67.0,,,,50.0,50.0,,50.0,50.0,50.0,76.21,50.0,52.0,52.0,,,,,46.28,39.6,39.6,39.19,39.19,39.6,62.17,58.73,41.4,45.96,38.96,38.96,38.96,38.96,46.28,45.0,,,,,,
2019-04-30 23:00:00+02:00,,43.41,,43.41,22.53,42.04,,40.7,,43.41,43.41,43.41,33.92,58.69,5.03,43.41,44.88,,66.83,43.41,40.7,,47.0,,,,45.53,45.53,,45.53,45.53,45.53,45.53,45.53,33.92,33.92,,,,,43.41,38.88,38.88,38.64,38.64,38.88,51.5,58.69,32.99,41.3,5.03,5.03,5.03,5.03,43.41,40.7,,,,,,
2019-05-01 00:00:00+02:00,,38.0,,38.0,22.51,35.63,,35.38,,38.0,38.0,38.0,3.1,57.63,3.1,38.0,47.56,,62.02,38.0,35.38,,49.72,,,,51.4,55.36,,51.4,55.36,55.36,55.36,55.36,3.1,3.1,,,,,38.0,37.98,37.98,37.98,37.98,37.98,42.97,57.63,10.51,36.68,3.1,3.1,3.1,3.1,38.0,35.38,,,,,,
2019-05-01 01:00:00+02:00,,35.2,,35.2,22.55,33.27,,32.52,,35.2,35.2,35.2,4.84,56.56,4.84,35.2,43.28,,44.65,35.2,32.52,,45.26,,,,55.0,55.36,,55.0,55.36,55.36,55.36,55.36,4.84,4.84,,,,,35.2,35.21,35.21,35.21,35.21,35.21,42.94,56.56,0.63,33.6,4.84,4.84,4.84,4.84,35.2,32.52,,,,,,
2019-05-01 02:00:00+02:00,,32.64,,32.64,22.54,32.32,,31.0,,32.64,32.64,32.64,4.09,55.52,4.09,32.64,43.02,,47.88,32.64,31.0,,44.97,,,,49.65,49.65,,49.65,49.65,49.65,49.65,49.65,4.09,4.09,,,,,32.64,32.64,32.64,32.64,32.64,32.64,43.93,55.52,0.21,31.49,4.09,4.09,4.09,4.09,32.64,31.0,,,,,,
2019-05-01 03:00:00+02:00,,31.16,,31.16,22.54,31.41,,30.0,,31.16,31.16,31.16,4.26,55.71,4.26,31.16,42.45,,63.12,31.16,30.0,,43.32,,,,47.17,47.17,,47.17,47.17,47.17,47.17,47.17,4.26,4.26,,,,,31.16,31.16,31.16,31.16,31.16,31.16,43.93,55.71,0.06,30.91,4.26,4.26,4.26,4.26,31.16,30.0,,,,,,
2019-05-01 04:00:00+02:00,,28.77,,26.51,22.55,31.13,,30.0,,29.56,29.56,29.56,3.92,55.0,3.92,26.51,41.18,,46.79,28.77,30.0,,42.51,,,,44.32,45.32,,44.32,45.32,45.32,45.32,45.32,3.92,3.92,,,,,33.3,31.23,31.23,31.23,31.23,31.23,43.91,55.0,0.06,29.97,3.92,3.92,3.92,3.92,28.77,30.0,,,,,,
2019-05-01 05:00:00+02:00,,29.72,,30.03,22.54,30.7,,29.41,,29.72,29.72,29.72,2.74,55.0,2.74,29.93,40.92,,44.0,29.72,29.41,,41.86,,,,46.7,46.7,,46.7,46.7,46.7,46.7,46.7,2.74,2.74,,,,,30.7,29.72,29.72,30.7,30.7,29.72,42.91,55.0,0.06,29.6,2.74,2.74,2.74,2.74,29.72,29.41,,,,,,
2019-05-01 06:00:00+02:00,,26.78,,24.71,22.54,31.47,,29.0,,27.51,27.51,27.51,4.0,53.0,4.0,24.71,42.51,,43.0,26.78,29.0,,43.38,,,,45.52,45.76,,45.52,45.76,45.76,45.76,45.76,4.0,4.0,,,,,30.98,29.99,29.99,32.04,32.04,29.99,42.91,53.0,0.02,28.8,4.0,4.0,4.0,4.0,26.78,29.0,,,,,,
2019-05-01 07:00:00+02:00,,27.6,,29.99,22.54,32.02,,29.29,,27.6,27.6,27.6,11.29,53.0,11.29,29.19,47.65,,63.11,27.6,29.29,,45.8,,,,45.02,55.0,,45.02,55.0,55.0,55.0,55.0,11.29,11.29,,,,,34.98,33.86,33.86,33.86,33.86,33.86,43.02,53.0,0.02,28.41,11.29,11.29,11.29,11.29,27.6,29.29,,,,,,
2019-05-01 08:00:00+02:00,,29.04,,23.88,22.54,32.03,,29.07,,30.9,30.9,30.9,30.15,53.0,30.15,23.88,63.98,,56.88,29.04,29.07,,66.86,,,,44.58,46.06,,44.58,46.06,46.06,72.0,46.06,33.12,33.12,,,,,39.5,37.83,37.83,37.83,37.83,37.83,48.79,53.0,0.0,29.91,30.15,30.15,30.15,30.15,29.04,29.07,,,,,,
2019-05-01 09:00:00+02:00,,30.0,,31.79,22.52,31.08,,28.96,,29.4,29.4,29.4,29.4,54.94,29.4,31.0,69.74,,41.23,30.0,28.96,,72.87,,,,43.37,44.55,,43.37,44.55,44.55,44.55,44.55,33.13,33.13,,,,,37.05,38.28,38.28,38.28,38.28,38.28,61.16,54.94,0.0,28.99,29.4,29.4,29.4,29.4,30.0,28.96,,,,,,
2019-05-01 10:00:00+02:00,,29.53,,31.49,22.51,28.97,,26.93,,28.88,28.88,28.88,29.59,54.92,29.59,30.62,66.99,,39.64,29.53,26.93,,70.0,,,,41.83,41.83,,41.83,41.83,41.83,41.83,41.83,33.18,33.18,,,,,36.95,38.17,38.17,38.17,38.17,38.17,62.76,54.92,0.0,28.98,29.59,29.59,29.59,29.59,29.53,26.93,,,,,,
2019-05-01 11:00:00+02:00,,29.0,,30.04,22.51,25.54,,24.07,,28.65,28.65,28.65,28.65,54.92,28.65,29.58,65.1,,36.88,29.0,24.07,,68.01,,,,33.03,33.03,,33.03,33.03,33.03,33.03,33.03,28.65,28.65,,,,,32.89,37.63,37.63,37.63,37.63,37.63,63.35,54.92,0.0,29.02,28.65,28.65,28.65,28.65,29.0,24.07,,,,,,
2019-05-01 12:00:00+02:00,,21.12,,35.5,22.5,21.14,,19.37,,21.12,21.12,21.12,22.84,52.52,22.84,28.6,61.16,,30.13,21.12,19.37,,63.88,,,,30.74,30.74,,30.74,30.74,30.74,30.74,30.74,22.84,22.84,,,,,43.31,38.39,38.39,38.39,38.39,38.39,60.98,52.52,0.0,27.8,22.84,22.84,22.84,22.84,21.12,19.37,,,,,,
2019-05-01 13:00:00+02:00,,4.9,,36.23,19.06,15.35,,14.04,,4.9,4.9,4.9,19.47,52.0,19.47,21.2,58.14,,14.21,4.9,14.04,,60.73,,,,21.86,21.86,,21.86,21.86,21.86,21.86,21.86,19.47,19.47,,,,,53.27,38.45,38.45,38.45,38.45,38.45,58.15,52.0,0.0,22.12,19.47,19.47,19.47,19.47,4.9,14.04,,,,,,
2019-05-01 14:00:00+02:00,,-2.46,,30.28,16.07,8.55,,7.96,,-2.46,-2.46,-2.46,12.9,50.39,12.9,14.62,51.17,,15.0,-2.46,7.96,,53.44,,,,21.87,21.87,,21.87,21.87,21.87,21.87,21.87,12.9,12.9,,,,,48.27,38.29,38.29,38.29,38.29,38.29,47.84,50.39,0.0,17.33,12.9,12.9,12.9,12.9,-2.46,7.96,,,,,,
2019-05-01 15:00:00+02:00,,0.86,,11.97,16.56,8.08,,7.51,,-2.82,-2.82,-2.82,10.4,45.0,10.4,7.18,43.66,,25.38,0.86,7.51,,45.6,,,,29.45,29.45,,29.45,29.45,29.45,29.45,29.45,10.4,10.4,,,,,42.16,38.22,38.22,38.22,38.22,38.22,47.66,45.0,0.0,15.43,10.4,10.4,10.4,10.4,0.86,7.51,,,,,,
2019-05-01 16:00:00+02:00,,5.0,,14.11,16.45,7.98,,7.41,,1.98,1.98,1.98,10.51,39.43,10.51,10.19,44.19,,63.77,5.0,7.41,,46.15,,,,38.83,38.83,,38.83,38.83,38.83,38.83,38.83,10.51,10.51,,,,,37.66,36.45,36.45,36.45,36.45,36.45,43.0,40.41,0.0,18.91,10.51,10.51,10.51,10.51,5.0,7.41,,,,,,
2019-05-01 17:00:00+02:00,,20.83,,24.6,22.51,18.83,,20.32,,19.61,19.61,19.61,19.61,36.47,19.61,22.88,55.83,,63.77,20.83,20.32,,56.91,,,,44.39,44.39,,44.39,44.39,44.39,44.39,44.39,19.61,19.61,,,,,35.1,35.24,35.24,35.94,35.94,35.24,43.0,40.41,0.02,25.06,19.61,19.61,19.61,19.61,20.83,20.32,,,,,,
2019-05-01 18:00:00+02:00,,30.06,,31.28,22.55,29.43,,28.2,,29.65,29.65,29.65,29.65,36.0,29.65,30.72,61.8,,63.27,30.06,28.2,,63.0,,,,55.36,55.36,,55.36,55.36,55.36,55.36,55.36,29.65,29.65,,,,,34.66,35.8,35.8,35.8,35.8,35.8,43.0,36.0,0.02,28.14,29.65,29.65,29.65,29.65,30.06,28.2,,,,,,
2019-05-01 19:00:00+02:00,,34.51,,36.1,29.22,32.87,,32.21,,34.51,34.51,34.51,33.12,38.49,33.12,35.55,60.5,,64.86,34.51,32.21,,61.67,,,,61.0,61.0,,61.0,61.0,61.0,61.0,61.0,33.12,33.12,,,,,39.4,38.14,38.14,38.14,38.14,38.14,42.98,38.49,21.02,35.2,33.12,33.12,33.12,33.12,34.51,32.21,,,,,,
2019-05-01 20:00:00+02:00,,37.25,,38.11,37.4,34.9,,36.2,,37.25,37.25,37.25,32.8,45.0,32.8,37.81,55.94,,73.51,37.25,37.41,,57.01,,,,66.12,66.12,,66.12,66.12,66.12,76.07,66.12,32.8,32.8,,,,,39.9,37.66,37.66,37.66,37.66,37.66,47.84,45.0,37.41,38.78,32.8,32.8,32.8,32.8,37.25,36.2,,,,,,
2019-05-01 21:00:00+02:00,,33.2,,40.21,30.26,34.32,,34.83,,33.2,33.2,33.2,33.2,55.16,33.2,37.79,59.34,,64.86,33.2,34.88,,60.47,,,,65.41,65.41,,65.41,65.41,65.41,76.07,65.41,33.2,33.2,,,,,55.5,38.58,38.58,38.58,38.58,38.58,47.71,55.16,34.88,38.25,33.2,33.2,33.2,33.2,33.2,34.83,,,,,,
2019-05-01 22:00:00+02:00,,35.18,,40.65,25.57,33.27,,33.49,,35.18,33.68,33.68,26.99,52.52,26.99,38.76,53.88,,74.03,35.18,33.58,,56.25,,,,61.01,61.01,,61.01,61.01,61.01,76.07,61.01,26.99,26.99,,,,,52.01,38.3,38.3,38.3,38.3,38.3,43.46,52.52,33.58,35.96,26.99,26.99,26.99,26.99,35.18,33.49,,,,,,
2019-05-01 23:00:00+02:00,,30.91,,33.83,23.53,29.58,,28.5,,29.96,12.78,12.78,17.91,44.69,17.91,32.49,43.09,,71.64,30.91,29.67,,44.98,,,,56.6,56.6,,56.6,56.6,56.6,56.6,56.6,17.91,17.91,,,,,41.59,36.99,36.99,36.99,36.99,36.99,43.02,44.69,29.66,32.89,12.78,12.78,12.78,12.78,30.91,28.5,,,,,,
2019-05-02 00:00:00+02:00,,31.59,,32.63,22.63,31.05,,30.09,,31.18,13.04,13.04,1.92,38.9,1.92,32.16,45.97,,70.26,31.59,30.14,,46.0,,,,52.94,55.36,,52.94,55.36,55.36,55.36,55.36,1.92,1.92,,,,,35.5,32.49,32.49,36.09,36.09,32.49,29.82,38.9,30.15,35.01,1.92,1.92,1.92,1.92,31.59,30.09,,,,,,
2019-05-02 01:00:00+02:00,,28.52,,30.67,22.54,29.54,,28.92,,27.67,5.06,5.06,1.03,36.0,1.03,29.7,41.9,,64.85,28.52,28.92,,42.88,,,,45.79,56.6,,45.79,56.6,56.6,56.6,56.6,1.03,1.03,,,,,36.64,35.47,35.47,35.47,35.47,35.47,27.77,37.32,28.92,32.51,1.03,1.03,1.03,1.03,28.52,28.92,,,,,,
2019-05-02 02:00:00+02:00,,28.03,,30.09,22.54,28.15,,26.9,,27.21,5.01,5.01,0.55,32.0,0.55,29.16,41.9,,64.76,28.03,26.9,,41.26,,,,44.31,55.36,,44.31,55.36,55.36,55.36,55.36,0.55,0.55,,,,,35.81,34.67,34.67,34.67,34.67,34.67,25.05,32.0,26.9,31.65,0.55,0.55,0.55,0.55,28.03,26.9,,,,,,
2019-05-02 03:00:00+02:00,,26.54,,28.64,22.54,27.08,,25.38,,25.71,0.47,0.47,0.47,33.0,0.47,27.69,41.09,,64.51,26.54,25.38,,40.18,,,,43.7,55.36,,43.7,55.36,55.36,55.36,55.36,0.47,0.47,,,,,34.45,33.35,33.35,34.41,34.41,33.35,21.76,33.0,25.38,30.56,0.47,0.47,0.47,0.47,26.54,25.38,,,,,,
2019-05-02 04:00:00+02:00,,26.97,,26.97,22.55,27.93,,26.6,,26.97,2.73,2.73,0.12,33.92,0.12,26.97,39.96,,64.85,26.97,26.65,,38.99,,,,44.43,55.36,,44.43,55.36,55.36,55.36,55.36,0.12,0.12,,,,,26.97,26.11,26.11,34.25,34.38,26.11,23.89,33.92,26.66,31.64,0.12,0.12,0.12,0.12,26.97,26.6,,,,,,
2019-05-02 05:00:00+02:00,,31.93,,31.93,23.52,30.93,,30.2,,31.93,6.74,6.74,2.1,36.0,2.1,31.93,39.58,,70.26,31.93,33.55,,38.61,,,,52.94,56.6,,52.94,56.6,56.6,56.6,56.6,2.1,2.1,,,,,31.93,30.91,30.91,34.51,34.51,30.91,23.79,36.0,33.56,36.0,2.1,2.1,2.1,2.1,31.93,30.2,,,,,,
2019-05-02 06:00:00+02:00,,41.75,,41.75,55.17,37.06,,40.1,,41.75,41.21,41.21,28.96,41.75,28.96,41.75,43.09,,74.25,41.75,41.82,,42.03,,,,60.22,60.22,,60.22,60.22,60.22,60.22,60.22,28.96,28.96,,,,,41.75,38.6,38.6,38.6,38.6,38.6,30.39,41.75,41.83,47.08,12.02,12.02,12.02,12.02,41.75,40.1,,,,,,
2019-05-02 07:00:00+02:00,,45.52,,45.52,72.04,44.58,,47.0,,45.52,40.26,40.26,39.16,47.76,39.16,45.52,46.98,,74.37,45.52,61.0,,44.73,,,,70.0,70.0,,70.0,70.0,70.0,70.0,70.0,39.16,39.16,,,,,45.52,40.26,40.26,40.01,40.01,40.26,44.1,47.76,61.01,57.94,39.16,39.16,39.16,39.16,45.52,47.0,,,,,,
2019-05-02 08:00:00+02:00,,47.18,,47.18,65.05,45.24,,50.0,,47.18,41.21,41.21,39.9,50.02,39.9,47.18,54.46,,74.42,47.18,60.63,,55.18,,,,70.0,70.0,,70.0,70.0,70.0,128.02,70.0,39.9,39.9,,,,,47.18,41.21,41.21,40.41,40.41,41.21,47.38,50.02,60.64,58.81,39.9,39.9,39.9,39.9,47.18,50.0,,,,,,
2019-05-02 09:00:00+02:00,,43.3,,43.3,56.57,42.97,,48.4,,43.3,40.86,40.86,39.48,52.89,39.48,43.3,61.72,,90.04,43.3,56.43,,64.67,,,,65.2,65.2,,65.2,65.2,65.2,128.02,65.2,39.48,39.48,,,,,43.3,40.86,40.86,39.92,39.92,40.86,49.25,52.89,56.44,55.94,39.48,39.48,39.48,39.48,43.3,48.4,,,,,,
2019-05-02 10:00:00+02:00,,40.25,,42.45,52.09,40.81,,43.0,,39.7,39.7,39.7,39.36,50.13,39.36,41.63,55.72,,90.02,40.25,53.99,,57.0,,,,61.84,61.84,,61.84,61.84,61.84,124.06,61.84,39.36,39.36,,,,,45.45,39.7,39.7,39.7,39.7,39.7,49.25,50.13,54.0,52.99,39.36,39.36,39.36,39.36,40.25,43.0,,,,,,
2019-05-02 11:00:00+02:00,,42.9,,40.76,38.46,40.76,,40.8,,37.32,37.32,37.32,37.32,48.87,37.32,40.14,45.42,,90.02,42.9,51.36,,47.59,,,,58.0,56.71,,58.0,56.71,56.71,127.02,56.71,37.32,37.32,,,,,44.0,38.78,38.78,38.78,38.78,38.78,49.24,48.87,51.37,52.14,37.32,37.32,37.32,37.32,42.9,40.8,,,,,,
2019-05-02 12:00:00+02:00,,41.99,,41.92,38.38,39.66,,40.47,,31.42,31.42,31.42,31.42,49.41,31.42,39.07,43.09,,90.04,47.85,48.17,,45.15,,,,53.75,53.75,,53.75,53.75,53.75,109.03,53.75,31.42,31.42,,,,,41.74,38.59,38.59,38.59,38.59,38.59,49.24,49.41,48.18,49.83,31.42,31.42,31.42,31.42,47.85,40.47,,,,,,
2019-05-02 13:00:00+02:00,,41.96,,39.94,38.39,37.79,,40.0,,31.9,31.9,31.9,31.9,49.42,31.9,38.17,43.03,,74.21,41.96,47.21,,45.73,,,,53.75,53.75,,53.75,53.75,53.75,100.0,53.75,31.9,31.9,,,,,41.67,38.66,38.66,38.66,38.66,38.66,49.24,49.42,47.22,48.53,31.9,31.9,31.9,31.9,41.96,40.0,,,,,,
2019-05-02 14:00:00+02:00,,35.85,,38.33,41.36,37.68,,37.05,,34.32,34.32,34.32,29.3,49.41,29.3,37.2,42.96,,70.93,35.85,50.34,,45.0,,,,60.0,56.6,,60.0,56.6,56.6,109.03,56.6,29.3,29.3,,,,,39.74,38.47,38.47,38.47,38.47,38.47,47.13,49.41,50.36,48.85,29.3,29.3,29.3,29.3,35.85,37.05,,,,,,
2019-05-02 15:00:00+02:00,,37.0,,37.0,43.86,36.73,,39.5,,37.0,37.0,37.0,26.8,48.99,26.8,37.0,41.82,,71.63,37.0,51.85,,43.81,,,,63.81,56.6,,63.81,56.6,56.6,127.02,56.6,26.8,26.8,,,,,37.0,37.5,37.5,37.5,37.5,37.5,47.13,48.99,51.87,49.53,26.8,26.8,26.8,26.8,37.0,39.5,,,,,,
2019-05-02 16:00:00+02:00,,37.48,,37.48,46.54,35.99,,39.0,,37.48,37.48,37.48,26.55,46.6,26.55,37.48,41.94,,71.67,37.48,55.09,,43.93,,,,67.0,56.6,,67.0,56.6,56.6,127.02,56.6,26.55,26.55,,,,,37.48,38.15,38.15,38.15,38.15,38.15,46.65,50.58,55.11,51.0,26.55,26.55,26.55,26.55,37.48,39.0,,,,,,
2019-05-02 17:00:00+02:00,,40.41,,40.41,40.86,40.63,,42.08,,40.41,39.85,39.85,27.66,47.4,27.66,40.41,50.61,,71.65,40.41,52.54,,53.0,,,,59.53,56.71,,59.53,56.71,56.71,128.02,56.71,27.66,27.66,,,,,40.41,39.18,39.18,39.04,39.04,39.18,45.95,50.54,52.56,52.02,27.66,27.66,27.66,27.66,40.41,42.08,,,,,,
2019-05-02 18:00:00+02:00,,45.98,,45.98,41.97,43.96,,47.0,,45.98,40.07,40.07,37.01,46.01,37.01,45.98,61.52,,86.1,45.98,53.5,,64.43,,,,56.71,56.71,,56.71,56.71,56.71,129.03,56.71,37.01,37.01,,,,,45.98,40.07,40.07,38.98,38.98,40.07,49.23,49.5,53.52,55.93,37.01,37.01,37.01,37.01,45.98,47.0,,,,,,
2019-05-02 19:00:00+02:00,,47.18,,47.18,49.35,45.76,,48.4,,47.18,40.67,40.67,38.26,47.86,38.26,47.18,62.91,,86.1,62.0,63.32,,65.88,,,,62.0,62.0,,62.0,62.0,62.0,129.03,62.0,38.26,38.26,,,,,47.18,40.67,40.67,38.92,38.92,40.67,49.23,47.86,63.35,62.15,38.26,38.26,38.26,38.26,62.0,48.4,,,,,,
2019-05-02 20:00:00+02:00,,47.38,,50.4,49.66,45.82,,50.0,,47.38,41.48,41.48,39.71,51.7,39.71,45.1,62.53,,86.1,90.09,72.62,,65.48,,,,66.96,66.96,,66.96,66.96,66.96,129.03,66.96,39.71,39.71,,,,,48.56,41.48,41.48,39.71,39.71,41.48,49.22,51.7,72.66,70.41,39.71,39.71,39.71,39.71,66.96,50.0,,,,,,
2019-05-02 21:00:00+02:00,,45.66,,49.0,45.38,45.52,,46.78,,45.66,41.71,41.71,39.91,58.09,39.91,43.12,62.88,,88.0,60.0,61.92,,65.2,,,,60.0,60.0,,60.0,60.0,60.0,129.03,60.0,39.91,39.91,,,,,46.96,41.71,41.71,39.91,39.91,41.71,49.22,58.09,61.96,61.96,39.91,39.91,39.91,39.91,60.0,46.78,,,,,,
2019-05-02 22:00:00+02:00,,44.72,,44.72,47.09,44.44,,42.5,,44.72,41.11,41.11,36.76,51.1,36.76,44.72,62.54,,87.51,55.36,57.04,,65.48,,,,55.36,55.36,,55.36,55.36,55.36,129.03,55.36,36.76,36.76,,,,,44.72,41.11,41.11,39.33,39.33,41.11,50.56,51.1,57.07,56.06,36.76,36.76,36.76,36.76,55.36,42.5,,,,,,
2019-05-02 23:00:00+02:00,,41.71,,41.71,40.67,40.04,,35.5,,41.71,40.37,40.37,14.41,48.28,14.41,41.71,42.92,,69.83,41.71,48.59,,44.93,,,,48.0,48.0,,48.0,48.0,48.0,124.06,48.0,14.41,14.41,,,,,41.71,40.37,40.37,38.97,38.97,40.37,46.64,48.28,48.62,47.73,14.41,14.41,14.41,14.41,41.71,35.5,,,,,,
2019-05-03 00:00:00+02:00,,33.29,,33.29,26.67,36.08,,31.01,,33.29,33.29,33.29,28.1,52.44,28.1,33.29,46.63,,64.85,33.29,36.18,,47.71,,,,54.26,54.26,,54.26,54.26,54.26,127.02,54.26,28.1,28.1,,,,,33.29,37.4,37.4,37.4,37.4,37.4,41.7,52.44,36.2,39.07,28.1,28.1,28.1,28.1,33.29,31.01,,,,,,
2019-05-03 01:00:00+02:00,,34.9,,34.9,24.03,33.33,,31.01,,34.9,34.9,34.9,28.93,45.6,28.93,34.9,41.59,,64.85,34.9,31.03,,42.56,,,,50.0,50.0,,50.0,50.0,50.0,109.03,50.0,28.93,28.93,,,,,34.9,36.41,36.41,36.41,36.41,36.41,37.72,45.6,31.05,34.09,28.93,28.93,28.93,28.93,34.9,31.01,,,,,,
2019-05-03 02:00:00+02:00,,33.6,,33.6,23.07,31.86,,30.89,,33.6,33.6,33.6,28.91,43.0,28.91,33.6,41.43,,64.76,33.6,30.89,,42.39,,,,48.91,48.91,,48.91,48.91,48.91,100.0,48.91,28.91,28.91,,,,,33.6,34.71,34.71,35.2,35.2,34.71,33.09,43.0,30.91,32.19,28.91,28.91,28.91,28.91,33.6,30.89,,,,,,
2019-05-03 03:00:00+02:00,,32.48,,32.48,23.03,30.86,,29.51,,32.48,32.48,32.48,28.97,44.0,28.97,32.48,41.63,,64.76,32.48,29.51,,42.27,,,,49.07,49.07,,49.07,49.07,49.07,74.0,49.07,28.97,28.97,,,,,32.48,35.1,35.1,35.35,35.35,35.1,32.61,44.0,29.53,30.96,28.97,28.97,28.97,28.97,32.48,29.51,,,,,,
2019-05-03 04:00:00+02:00,,33.1,,33.1,23.1,30.79,,30.33,,33.1,33.1,33.1,28.97,47.09,28.97,33.1,41.32,,64.85,33.1,30.33,,42.27,,,,48.0,48.0,,48.0,48.0,48.0,79.0,48.0,28.97,28.97,,,,,33.1,36.13,36.13,36.13,36.13,36.13,32.16,47.09,30.35,31.95,28.97,28.97,28.97,28.97,33.1,30.33,,,,,,
2019-05-03 05:00:00+02:00,,35.96,,35.96,38.36,34.76,,28.01,,35.96,35.96,35.96,35.96,49.0,35.96,35.96,40.93,,70.16,35.96,34.55,,41.87,,,,53.75,53.75,,53.75,53.75,53.75,100.0,53.75,35.96,35.96,,,,,35.96,37.92,37.92,37.92,37.92,37.92,35.99,49.0,34.57,38.59,35.96,35.96,35.96,35.96,35.96,28.01,,,,,,
2019-05-03 06:00:00+02:00,,41.95,,41.95,34.01,43.84,,43.79,,41.95,41.95,41.95,39.94,56.29,39.94,41.95,43.31,,71.78,41.95,43.79,,42.23,,,,55.36,55.36,,55.36,55.36,55.36,109.03,55.36,39.94,39.94,,,,,41.95,41.17,41.17,39.94,39.94,41.17,39.98,56.29,43.82,49.01,39.94,39.94,39.94,39.94,41.95,43.79,,,,,,
2019-05-03 07:00:00+02:00,,46.99,,46.99,46.74,47.42,,47.65,,46.99,46.99,46.99,42.39,57.79,42.39,46.99,50.14,,64.9,46.99,57.28,,45.75,,,,56.71,56.71,,56.71,56.71,56.71,128.02,56.71,42.39,42.39,,,,,46.99,42.78,42.78,42.39,42.39,42.78,46.29,57.79,57.32,59.03,42.39,42.39,42.39,42.39,46.99,47.65,,,,,,
2019-05-03 08:00:00+02:00,,50.1,,50.1,49.03,49.91,,49.03,,50.1,43.05,50.1,43.05,57.9,43.05,50.1,63.63,,67.5,50.1,62.63,,61.55,,,,61.81,58.0,,61.81,58.0,58.0,128.02,58.0,43.05,43.05,,,,,50.1,43.05,43.05,43.05,43.05,43.05,46.66,57.9,62.67,63.14,43.05,43.05,43.05,43.05,50.1,49.03,,,,,,
2019-05-03 09:00:00+02:00,,47.94,,47.94,43.55,46.9,,50.0,,47.94,42.73,47.94,42.73,57.79,42.73,47.94,65.31,,67.75,47.94,62.12,,67.29,,,,60.08,56.71,,60.08,56.71,56.71,127.02,56.71,42.73,42.73,,,,,47.94,42.73,42.73,42.73,42.73,42.73,46.66,57.79,62.16,60.94,42.73,42.73,42.73,42.73,47.94,50.0,,,,,,
2019-05-03 10:00:00+02:00,,46.9,,46.9,50.0,45.64,,47.97,,46.9,42.43,46.9,42.43,55.04,42.43,46.9,65.2,,63.27,46.9,62.03,,65.1,,,,69.1,55.36,,69.1,55.36,55.36,123.09,55.36,42.43,42.43,,,,,46.9,42.43,42.43,42.43,42.43,42.43,46.66,55.04,62.06,58.07,42.43,42.43,42.43,42.43,46.9,47.97,,,,,,
2019-05-03 11:00:00+02:00,,46.47,,46.47,48.74,45.11,,51.0,,46.47,41.93,41.93,41.93,52.89,41.93,46.47,64.15,,63.99,47.1,61.5,,62.54,,,,70.33,50.0,,70.33,50.0,50.0,100.0,50.0,41.93,41.93,,,,,46.47,41.93,41.93,41.93,41.93,41.93,48.17,52.89,61.54,57.21,41.93,41.93,41.93,41.93,47.1,51.0,,,,,,
2019-05-03 12:00:00+02:00,,43.7,,43.7,46.03,43.6,,50.3,,43.7,41.79,41.79,41.7,52.0,41.7,43.7,57.19,,63.97,55.0,56.01,,55.76,,,,55.0,48.1,,55.0,48.1,48.1,99.09,48.1,41.7,41.7,,,,,43.7,41.7,41.7,41.7,41.7,41.7,47.71,52.0,56.04,53.4,41.7,41.7,41.7,41.7,55.0,50.3,,,,,,
2019-05-03 13:00:00+02:00,,40.18,,41.24,41.88,42.53,,48.0,,39.84,39.84,39.84,39.84,50.61,39.84,40.64,53.58,,52.5,45.1,53.8,,52.23,,,,59.25,44.67,,59.25,44.67,44.67,99.09,44.67,39.84,39.84,,,,,41.24,39.92,39.92,39.84,39.84,39.92,45.21,50.61,53.83,52.82,39.84,39.84,39.84,39.84,45.1,48.0,,,,,,
2019-05-03 14:00:00+02:00,,37.23,,39.05,45.22,40.39,,46.95,,36.66,36.66,36.66,38.69,48.24,38.69,37.98,48.67,,46.0,40.0,55.18,,47.45,,,,70.0,46.55,,70.0,46.55,46.55,99.09,46.55,38.69,38.69,,,,,39.05,38.94,38.94,38.94,38.94,38.94,44.43,48.24,55.22,52.93,38.69,38.69,38.69,38.69,40.0,46.95,,,,,,
2019-05-03 15:00:00+02:00,,35.61,,35.61,46.43,37.93,,41.5,,35.61,35.61,35.61,37.12,46.49,37.12,35.61,46.66,,52.5,35.61,56.38,,44.71,,,,70.0,50.0,,70.0,50.0,50.0,100.0,50.0,37.12,37.12,,,,,35.61,37.34,37.34,37.34,37.34,37.34,44.44,47.65,56.41,54.85,37.12,37.12,37.12,37.12,35.61,41.5,,,,,,
2019-05-03 16:00:00+02:00,,35.47,,35.47,45.08,36.6,,44.3,,35.47,35.47,35.47,36.37,42.0,36.37,35.47,46.32,,57.9,35.47,59.66,,44.07,,,,72.44,50.73,,72.44,50.73,50.73,109.03,50.73,36.37,36.37,,,,,35.47,37.25,37.25,37.25,37.25,37.25,45.37,48.19,59.7,57.21,36.37,36.37,36.37,36.37,35.47,44.3,,,,,,
2019-05-03 17:00:00+02:00,,38.89,,38.89,40.02,39.56,,45.3,,38.89,38.89,38.89,38.89,41.34,38.89,38.89,49.07,,63.27,38.89,55.03,,46.7,,,,59.25,55.36,,59.25,55.36,55.36,127.02,55.36,38.89,38.89,,,,,38.89,39.81,39.81,38.89,38.89,39.81,44.99,47.13,55.06,55.19,38.89,38.89,38.89,38.89,38.89,45.3,,,,,,
2019-05-03 18:00:00+02:00,,42.01,,42.01,42.94,44.71,,46.01,,42.01,42.01,42.01,39.89,42.01,39.89,42.01,52.46,,64.41,42.01,53.72,,49.91,,,,56.6,56.6,,56.6,56.6,56.6,128.02,56.6,39.89,39.89,,,,,42.01,41.08,41.08,39.89,39.89,41.08,44.44,42.9,53.75,55.05,39.89,39.89,39.89,39.89,42.01,46.01,,,,,,
2019-05-03 19:00:00+02:00,,43.96,,43.96,50.12,45.61,,47.0,,43.96,43.96,43.96,39.86,43.96,39.86,43.96,50.69,,72.46,57.6,59.0,,48.22,,,,59.0,59.0,,59.0,59.0,59.0,128.02,59.0,39.86,39.86,,,,,43.96,42.19,42.19,39.86,39.86,42.19,46.66,43.96,59.03,62.02,39.86,39.86,39.86,39.86,57.6,47.0,,,,,,
2019-05-03 20:00:00+02:00,,44.57,,44.57,57.62,45.51,,49.0,,44.57,42.29,44.57,40.12,48.5,40.12,44.57,52.6,,75.92,67.0,70.63,,48.87,,,,67.0,67.0,,67.0,67.0,67.0,129.03,67.0,40.12,40.12,,,,,44.57,42.29,42.29,40.12,40.12,42.29,48.48,48.5,70.68,70.0,40.12,40.12,40.12,40.12,67.0,49.0,,,,,,
2019-05-03 21:00:00+02:00,,44.92,,44.92,47.84,45.08,,45.88,,44.92,42.38,44.92,40.82,57.67,40.82,44.92,50.67,,74.64,45.1,57.01,,49.37,,,,59.25,59.25,,59.25,59.25,59.25,128.02,59.25,40.82,40.82,,,,,44.92,42.38,42.38,40.82,40.82,42.38,47.57,57.67,57.05,60.13,40.82,40.82,40.82,40.82,45.1,45.88,,,,,,
2019-05-03 22:00:00+02:00,,45.37,,45.37,43.42,44.46,,46.01,,45.37,42.29,42.29,39.7,56.12,39.7,45.37,49.01,,69.51,45.37,53.43,,47.76,,,,55.0,55.0,,55.0,55.0,55.0,127.02,55.0,39.7,39.7,,,,,45.37,42.29,42.29,39.7,39.7,42.29,46.67,56.12,53.46,54.97,39.7,39.7,39.7,39.7,45.37,46.01,,,,,,
2019-05-03 23:00:00+02:00,,42.01,,42.01,35.21,42.29,,41.5,,42.01,41.7,41.7,39.02,54.57,39.02,42.01,43.39,,75.84,42.01,45.16,,41.28,,,,48.91,48.91,,48.91,48.91,48.91,76.17,48.91,39.02,39.02,,,,,42.01,41.7,41.7,39.13,39.13,41.7,43.88,54.57,45.18,46.94,39.02,39.02,39.02,39.02,42.01,41.5,,,,,,
2019-05-04 00:00:00+02:00,,39.72,,39.72,51.07,38.83,,37.35,,39.72,39.72,39.72,39.06,54.1,39.06,39.72,63.03,,75.85,39.72,37.62,,44.44,,,,57.71,57.71,,57.71,57.71,57.71,57.71,57.71,39.06,39.06,,,,,39.72,41.23,41.23,39.06,39.06,41.23,48.12,54.1,37.64,37.29,39.06,39.06,39.06,39.06,39.72,37.35,,,,,,
2019-05-04 01:00:00+02:00,,36.97,,37.52,49.68,36.06,,34.91,,36.77,36.77,36.77,35.32,49.55,35.32,37.26,54.62,,75.84,36.97,34.91,,41.98,,,,55.79,55.79,,55.79,55.79,55.79,49.99,55.79,35.32,35.32,,,,,39.15,40.44,40.44,38.57,38.57,40.44,50.47,49.55,34.93,34.86,35.32,35.32,35.32,35.32,36.97,34.91,,,,,,
2019-05-04 02:00:00+02:00,,35.56,,35.56,47.09,34.77,,33.9,,35.56,35.56,35.56,33.92,42.0,33.92,35.56,52.25,,75.84,35.56,33.9,,35.69,,,,51.1,51.1,,51.1,51.1,51.1,44.12,51.1,33.92,33.92,,,,,35.56,38.53,38.53,38.24,38.24,38.53,47.46,42.0,33.92,32.25,33.92,33.92,33.92,33.92,35.56,33.9,,,,,,
2019-05-04 03:00:00+02:00,,34.9,,34.9,46.49,33.08,,32.76,,34.9,34.9,34.9,34.06,40.84,34.06,34.9,41.39,,75.84,34.9,32.76,,34.0,,,,50.98,50.98,,50.98,50.98,50.98,44.12,50.98,34.06,34.06,,,,,34.9,37.37,37.37,37.37,37.37,37.37,47.12,40.84,32.78,31.07,34.06,34.06,34.06,34.06,34.9,32.76,,,,,,
2019-05-04 04:00:00+02:00,,34.98,,34.98,46.38,32.77,,32.63,,34.98,34.98,34.98,34.47,43.01,34.47,34.98,38.41,,75.84,34.98,32.63,,33.0,,,,50.98,50.98,,50.98,50.98,50.98,49.99,50.98,34.47,34.47,,,,,34.98,37.25,37.25,37.25,37.25,37.25,47.02,43.01,32.65,31.03,34.47,34.47,34.47,34.47,34.98,32.63,,,,,,
2019-05-04 05:00:00+02:00,,34.51,,34.51,49.64,32.72,,32.5,,34.51,34.51,34.51,34.51,43.1,34.51,34.51,35.62,,73.44,34.51,32.5,,33.0,,,,55.58,55.58,,55.58,55.58,55.58,55.58,55.58,34.51,34.51,,,,,34.51,37.66,37.66,37.36,37.36,37.66,46.86,43.1,32.52,32.06,34.51,34.51,34.51,34.51,34.51,32.5,,,,,,
2019-05-04 06:00:00+02:00,,35.59,,35.59,38.78,33.56,,33.71,,35.59,35.59,35.59,38.89,45.5,38.89,35.59,36.74,,73.79,35.59,33.71,,34.0,,,,55.58,55.58,,55.58,55.58,55.58,55.58,55.58,38.89,38.89,,,,,35.59,39.28,39.28,38.89,38.89,39.28,44.99,45.5,33.72,33.95,38.89,38.89,38.89,38.89,35.59,33.71,,,,,,
2019-05-04 07:00:00+02:00,,40.87,,40.87,38.39,38.01,,35.98,,40.87,40.87,40.87,40.87,45.0,40.87,40.87,42.2,,64.85,40.87,38.63,,39.72,,,,57.71,57.71,,57.71,57.71,57.71,76.21,57.71,40.87,40.87,,,,,40.87,41.15,41.15,40.87,40.87,41.15,46.49,45.0,38.65,41.82,40.87,40.87,40.87,40.87,40.87,35.98,,,,,,
2019-05-04 08:00:00+02:00,,45.0,,45.0,38.18,42.18,,40.89,,45.0,45.0,45.0,42.99,48.99,42.99,45.0,46.46,,74.54,45.0,43.42,,44.66,,,,60.47,60.47,,60.47,60.47,60.47,99.99,60.47,50.05,50.05,,,,,45.0,43.24,43.24,42.99,42.99,43.24,50.36,48.99,43.44,44.31,42.99,42.99,42.99,42.99,45.0,40.89,,,,,,
2019-05-04 09:00:00+02:00,,45.07,,45.07,35.05,42.44,,43.94,,45.07,45.07,45.07,43.62,52.99,43.62,45.07,48.69,,74.57,45.07,47.08,,46.34,,,,60.47,60.47,,60.47,60.47,60.47,107.12,60.47,56.72,56.72,,,,,45.07,43.62,43.62,43.62,43.62,43.62,57.07,52.99,47.1,46.79,43.62,43.62,43.62,43.62,45.07,43.94,,,,,,
2019-05-04 10:00:00+02:00,,43.62,,43.62,35.03,41.13,,45.0,,43.62,43.62,43.62,43.24,53.6,43.24,43.62,45.89,,75.83,43.62,45.0,,44.74,,,,62.0,62.0,,62.0,62.0,62.0,107.12,62.0,50.07,50.07,,,,,43.62,43.24,43.24,43.24,43.24,43.24,63.28,53.6,45.02,47.97,43.24,43.24,43.24,43.24,43.62,45.0,,,,,,
2019-05-04 11:00:00+02:00,,42.65,,42.65,36.0,40.76,,48.0,,42.65,42.65,42.65,42.65,54.14,42.65,42.65,44.05,,75.84,42.65,48.0,,45.04,,,,59.46,59.46,,59.46,59.46,59.46,107.12,59.46,50.05,50.05,,,,,42.65,42.65,42.65,42.65,42.65,42.65,63.28,54.14,48.03,43.48,42.65,42.65,42.65,42.65,42.65,48.0,,,,,,
2019-05-04 12:00:00+02:00,,40.56,,40.56,32.21,38.85,,42.2,,40.56,40.56,40.56,41.18,53.21,41.18,40.56,41.88,,75.84,40.56,42.2,,42.82,,,,56.6,56.6,,56.6,56.6,56.6,125.12,56.6,50.04,50.04,,,,,40.56,41.18,41.18,41.18,41.18,41.18,63.28,53.21,42.22,43.11,41.18,41.18,41.18,41.18,40.56,42.2,,,,,,
2019-05-04 13:00:00+02:00,,36.98,,36.98,27.48,34.31,,37.43,,36.98,36.98,36.98,40.34,50.69,40.34,36.98,39.66,,64.85,36.98,37.43,,41.54,,,,51.98,51.98,,51.98,51.98,51.98,109.03,51.98,50.08,50.08,,,,,36.98,40.34,40.34,40.34,40.34,40.34,59.44,50.69,37.45,36.98,40.34,40.34,40.34,40.34,36.98,37.43,,,,,,
2019-05-04 14:00:00+02:00,,34.95,,34.95,25.77,32.63,,34.7,,34.95,34.95,34.95,39.97,46.17,39.97,34.95,38.43,,63.28,34.95,34.7,,40.24,,,,50.55,50.55,,50.55,50.55,50.55,125.12,50.55,39.97,39.97,,,,,34.95,39.97,39.97,39.97,39.97,39.97,62.37,48.42,34.72,34.02,39.97,39.97,39.97,39.97,34.95,34.7,,,,,,
2019-05-04 15:00:00+02:00,,33.0,,30.0,25.09,32.07,,35.0,,33.0,33.0,33.0,39.57,31.14,39.57,31.14,36.26,,63.28,33.0,35.0,,37.97,,,,51.98,51.98,,51.98,51.98,51.98,107.12,51.98,39.57,39.57,,,,,35.11,39.57,39.57,39.57,39.57,39.57,63.31,48.4,35.02,33.05,39.57,39.57,39.57,39.57,33.0,35.0,,,,,,
2019-05-04 16:00:00+02:00,,32.68,,26.12,27.08,33.26,,35.01,,32.68,32.68,32.68,39.37,29.0,39.37,28.59,38.73,,64.32,32.68,35.01,,39.59,,,,53.3,53.3,,53.3,53.3,53.3,107.12,53.3,39.37,39.37,,,,,37.5,39.37,39.37,39.37,39.37,39.37,59.47,47.86,35.03,33.99,39.37,39.37,39.37,39.37,32.68,35.01,,,,,,
2019-05-04 17:00:00+02:00,,34.11,,27.62,29.84,35.46,,35.89,,34.11,37.54,40.49,40.49,30.0,40.49,30.0,44.51,,64.85,34.11,35.89,,45.49,,,,53.3,53.3,,53.3,53.3,53.3,127.02,53.3,40.49,40.49,,,,,39.2,40.49,40.49,40.49,40.49,40.49,54.03,40.49,35.91,35.9,40.49,40.49,40.49,40.49,34.11,35.89,,,,,,
2019-05-04 18:00:00+02:00,,41.4,,36.83,33.45,40.58,,39.44,,41.4,41.4,41.65,41.65,34.59,41.65,34.59,50.57,,64.89,41.4,39.44,,51.69,,,,55.23,55.23,,55.23,55.23,55.23,128.02,55.23,41.65,41.65,,,,,41.03,41.65,41.65,41.65,41.65,41.65,54.09,40.49,39.46,40.22,41.65,41.65,41.65,41.65,41.4,39.44,,,,,,
2019-05-04 19:00:00+02:00,,44.87,,40.62,34.26,42.21,,40.74,,44.87,44.87,44.87,42.52,38.53,42.52,38.53,57.25,,85.5,44.87,40.74,,58.51,,,,57.71,57.71,,57.71,57.71,57.71,128.02,57.71,42.52,42.52,,,,,44.53,43.1,43.1,42.52,42.52,43.1,54.01,38.53,40.76,45.08,42.52,42.52,42.52,42.52,44.87,40.74,,,,,,
2019-05-04 20:00:00+02:00,,44.81,,44.81,37.67,43.84,,44.2,,44.81,44.81,44.81,42.73,44.81,42.73,44.81,60.79,,85.52,44.81,46.03,,62.13,,,,61.99,61.99,,61.99,61.99,61.99,128.02,61.99,42.73,42.73,,,,,44.81,43.38,43.38,42.73,42.73,43.38,62.33,44.81,46.05,50.8,42.73,42.73,42.73,42.73,44.81,44.2,,,,,,
2019-05-04 21:00:00+02:00,,45.5,,45.5,32.68,43.87,,42.6,,45.5,45.5,45.5,42.5,46.18,42.5,45.5,65.55,,85.52,45.5,42.6,,63.86,,,,60.0,60.0,,60.0,60.0,60.0,128.02,60.0,42.5,42.5,,,,,45.5,43.73,43.73,42.5,42.5,43.73,57.08,46.18,42.62,44.83,42.5,42.5,42.5,42.5,45.5,42.6,,,,,,
2019-05-04 22:00:00+02:00,,45.92,,45.92,30.61,44.0,,40.61,,45.92,45.92,45.92,42.68,45.92,42.68,45.92,72.33,,82.9,45.92,40.61,,73.91,,,,53.3,53.3,,53.3,53.3,53.3,109.03,53.3,42.68,42.68,,,,,45.92,43.69,43.69,42.68,42.68,43.69,47.19,45.92,40.63,43.96,42.68,42.68,42.68,42.68,45.92,40.61,,,,,,
2019-05-04 23:00:00+02:00,,44.3,,44.3,22.55,41.53,,35.94,,44.3,44.3,44.3,40.99,44.3,40.99,44.3,60.76,,69.8,44.3,35.94,,59.2,,,,46.82,46.82,,46.82,46.82,46.82,74.12,46.82,40.99,40.99,,,,,44.3,43.32,43.32,40.99,40.99,43.32,44.94,44.3,31.73,41.24,40.99,40.99,40.99,40.99,44.3,35.94,,,,,,
2019-05-05 00:00:00+02:00,,35.19,,35.19,24.02,40.24,,-0.99,,35.19,35.19,35.19,35.19,35.19,35.19,35.19,56.78,,64.86,35.19,35.97,,54.0,,,,49.0,49.0,,49.0,49.0,49.0,49.01,49.0,35.19,35.19,,,,,35.19,42.81,42.81,38.9,38.9,42.81,45.02,35.19,30.57,37.24,35.19,35.19,35.19,35.19,35.19,-0.99,,,,,,
2019-05-05 01:00:00+02:00,,32.02,,32.02,24.01,36.9,,-5.0,,32.02,32.02,32.02,32.02,32.02,32.02,32.02,48.26,,80.87,32.02,31.5,,45.9,,,,44.81,44.81,,44.81,44.81,44.81,44.81,44.81,32.02,32.02,,,,,32.02,41.75,41.75,38.66,38.66,41.75,44.83,43.49,28.92,33.07,32.02,32.02,32.02,32.02,32.02,-5.0,,,,,,
2019-05-05 02:00:00+02:00,,28.3,,29.3,23.09,35.73,,-5.0,,29.04,29.04,29.04,29.04,29.15,29.04,29.15,46.2,,64.86,28.3,29.22,,43.93,,,,35.51,35.51,,35.51,35.51,35.51,35.51,35.51,29.04,29.04,,,,,30.0,40.48,40.48,38.5,38.5,40.48,44.84,33.33,29.22,30.74,29.04,29.04,29.04,29.04,28.3,-5.0,,,,,,
2019-05-05 03:00:00+02:00,,26.96,,29.79,22.55,33.83,,-1.99,,28.9,28.9,28.9,28.9,29.33,28.9,29.33,43.03,,40.36,26.96,27.12,,41.92,,,,34.76,34.76,,34.76,34.76,34.76,34.76,34.76,28.9,28.9,,,,,32.1,39.28,39.28,38.62,38.62,39.28,44.83,33.33,27.13,28.58,28.9,28.9,28.9,28.9,26.96,-1.99,,,,,,
2019-05-05 04:00:00+02:00,,28.31,,26.47,22.54,33.72,,2.0,,29.04,29.04,29.04,29.04,26.47,29.04,26.47,42.38,,38.47,28.31,27.05,,41.28,,,,34.03,34.03,,34.03,34.03,34.03,34.03,34.03,29.04,29.04,,,,,32.1,39.06,39.06,38.75,38.75,39.06,44.39,29.83,27.05,27.97,29.04,29.04,29.04,29.04,28.31,2.0,,,,,,
2019-05-05 05:00:00+02:00,,23.31,,27.25,22.54,32.92,,0.01,,27.94,27.94,27.94,28.63,26.1,28.63,26.1,42.01,,34.47,23.31,25.91,,40.92,,,,42.5,42.5,,42.5,42.5,42.5,42.5,42.5,28.63,28.63,,,,,38.57,39.84,39.84,38.81,38.81,39.84,44.18,29.83,25.91,28.87,28.63,28.63,28.63,28.63,23.31,0.01,,,,,,
2019-05-05 06:00:00+02:00,,28.05,,29.0,22.5,32.56,,-0.99,,28.05,28.05,28.05,30.09,28.05,30.09,28.05,38.5,,34.47,28.05,0.95,,37.5,,,,35.51,35.51,,35.51,35.51,35.51,35.51,35.51,30.09,30.09,,,,,35.0,39.24,39.24,39.11,39.11,39.24,43.67,28.05,0.95,26.97,30.09,30.09,30.09,30.09,28.05,-0.99,,,,,,
2019-05-05 07:00:00+02:00,,29.01,,29.9,22.51,33.21,,2.0,,29.01,29.01,29.01,40.12,29.01,40.12,29.01,39.75,,64.86,29.01,25.91,,37.86,,,,41.1,41.1,,41.1,41.1,41.1,49.01,41.1,40.12,40.12,,,,,35.66,40.12,40.12,40.12,40.12,40.12,44.82,29.01,25.91,32.62,40.12,40.12,40.12,40.12,29.01,2.0,,,,,,
2019-05-05 08:00:00+02:00,,30.7,,31.7,22.52,35.29,,30.81,,30.7,30.7,30.7,41.02,31.35,41.02,31.35,35.07,,73.86,30.7,30.81,,36.69,,,,41.42,41.42,,41.42,41.42,41.42,72.0,41.42,41.02,41.02,,,,,33.93,41.02,41.02,41.02,41.02,41.02,44.86,31.35,27.13,34.08,41.02,41.02,41.02,41.02,30.7,30.81,,,,,,
2019-05-05 09:00:00+02:00,,30.83,,32.31,22.51,34.63,,34.05,,30.29,30.29,30.29,41.52,31.62,41.52,31.62,38.11,,81.06,30.83,34.05,,39.87,,,,43.53,27.15,,43.53,27.15,27.15,49.01,27.15,41.52,41.52,,,,,36.86,41.52,41.52,41.52,41.52,41.52,45.34,31.62,18.29,34.31,41.52,41.52,41.52,41.52,30.83,34.05,,,,,,
2019-05-05 10:00:00+02:00,,29.23,,31.38,22.51,33.14,,33.65,,28.46,28.46,28.46,41.63,30.38,41.63,30.38,43.77,,81.18,29.23,33.65,,43.76,,,,48.09,14.61,,48.09,14.61,14.61,20.0,14.61,41.63,41.63,,,,,38.0,41.63,41.63,41.63,41.63,41.63,45.34,30.38,14.3,33.99,41.63,41.63,41.63,41.63,29.23,33.65,,,,,,
2019-05-05 11:00:00+02:00,,29.23,,30.62,22.51,32.58,,32.12,,28.73,28.73,28.73,41.51,30.57,41.51,29.98,49.22,,81.2,29.23,32.12,,50.27,,,,50.0,5.0,,50.0,5.0,5.0,15.0,5.0,41.51,41.51,,,,,34.9,41.51,41.51,41.51,41.51,41.51,45.34,37.8,10.51,31.58,41.51,41.51,41.51,41.51,29.23,32.12,,,,,,
2019-05-05 12:00:00+02:00,,29.09,,31.88,22.51,31.23,,29.42,,28.09,28.09,28.09,41.63,30.62,41.63,30.62,51.45,,64.86,29.09,29.42,,52.54,,,,46.84,5.0,,46.84,5.0,5.0,10.0,5.0,41.63,41.63,,,,,40.3,41.63,41.63,41.63,41.63,41.63,45.34,49.49,10.51,28.59,41.63,41.63,41.63,41.63,29.09,29.42,,,,,,
2019-05-05 13:00:00+02:00,,27.54,,30.66,22.5,27.16,,25.26,,26.4,26.4,26.4,41.45,30.57,41.45,29.26,55.19,,15.36,27.54,25.26,,55.87,,,,45.62,2.0,,45.62,2.0,2.0,2.0,2.0,41.45,41.45,,,,,40.12,41.45,41.45,41.45,41.45,41.45,45.34,37.9,10.0,23.13,41.45,41.45,41.45,41.45,27.54,25.26,,,,,,
2019-05-05 14:00:00+02:00,,17.27,,20.43,22.5,24.42,,23.87,,16.12,16.12,16.12,41.09,30.57,41.09,19.01,51.78,,4.0,17.27,23.87,,52.87,,,,45.52,0.0,,45.52,0.0,0.0,0.0,0.0,41.09,41.09,,,,,30.0,41.09,41.09,41.09,41.09,41.09,45.35,33.33,10.09,21.77,41.09,41.09,41.09,41.09,17.27,23.87,,,,,,
2019-05-05 15:00:00+02:00,,16.85,,19.99,22.51,23.07,,24.2,,15.71,15.71,15.71,40.86,20.0,40.86,18.58,46.78,,14.03,16.85,24.2,,46.82,,,,45.55,2.47,,45.55,2.47,2.47,2.47,2.47,40.86,40.86,,,,,29.9,40.86,40.86,40.86,40.86,40.86,45.35,33.33,15.77,25.3,40.86,40.86,40.86,40.86,16.85,24.2,,,,,,
2019-05-05 16:00:00+02:00,,23.12,,23.45,22.51,24.47,,25.79,,21.72,21.72,21.72,40.89,21.72,40.89,21.72,47.01,,26.03,23.12,25.79,,45.76,,,,45.93,5.0,,45.93,5.0,5.0,5.0,5.0,40.89,40.89,,,,,35.3,40.89,40.89,40.89,40.89,40.89,45.34,33.33,21.03,28.15,40.89,40.89,40.89,40.89,23.12,25.79,,,,,,
2019-05-05 17:00:00+02:00,,30.7,,25.02,22.53,30.98,,29.69,,30.7,30.7,30.7,41.35,27.43,41.35,27.43,51.53,,74.01,30.7,29.69,,50.16,,,,45.47,20.0,,45.47,20.0,20.0,20.0,20.0,41.35,41.35,,,,,40.03,41.35,41.35,41.35,41.35,41.35,45.35,33.33,21.03,29.09,41.35,41.35,41.35,41.35,30.7,29.69,,,,,,
2019-05-05 18:00:00+02:00,,32.44,,33.38,28.12,36.26,,36.1,,32.44,32.44,32.44,41.4,32.44,41.4,32.44,52.63,,64.53,32.44,36.1,,53.73,,,,50.15,46.37,,50.15,46.37,46.37,58.99,46.37,41.4,41.4,,,,,40.0,41.4,41.4,41.4,41.4,41.4,48.13,32.44,33.65,35.8,41.4,41.4,41.4,41.4,32.44,36.1,,,,,,
2019-05-05 19:00:00+02:00,,38.47,,38.73,32.64,42.63,,40.57,,38.47,38.47,38.47,41.92,38.47,41.92,38.47,61.53,,73.44,38.47,40.57,,59.87,,,,54.0,54.0,,54.0,54.0,54.0,76.21,54.0,41.92,41.92,,,,,40.58,41.92,41.92,41.92,41.92,41.92,46.42,38.47,40.57,39.56,41.92,41.92,41.92,41.92,38.47,40.57,,,,,,
2019-05-05 20:00:00+02:00,,41.32,,42.4,35.42,44.53,,43.41,,41.32,41.32,41.32,42.56,49.0,42.56,42.03,61.53,,64.91,41.32,43.41,,59.0,,,,57.71,57.71,,57.71,57.71,57.71,89.99,57.71,42.56,42.56,,,,,45.0,42.56,42.56,42.56,42.56,42.56,51.58,49.0,43.42,44.92,42.56,42.56,42.56,42.56,41.32,43.41,,,,,,
2019-05-05 21:00:00+02:00,,41.31,,47.0,22.55,44.61,,44.17,,41.31,41.31,41.31,42.54,58.71,42.54,45.06,65.45,,69.36,41.31,44.17,,62.17,,,,56.71,56.71,,56.71,56.71,56.71,81.0,56.71,42.54,42.54,,,,,59.75,42.54,42.54,42.54,42.54,42.54,49.59,58.71,37.85,46.43,42.54,42.54,42.54,42.54,41.31,44.17,,,,,,
2019-05-05 22:00:00+02:00,,42.34,,48.6,26.07,44.72,,43.42,,42.34,42.34,42.34,42.34,59.04,42.34,46.47,65.4,,65.34,42.34,43.42,,62.12,,,,54.31,54.31,,54.31,54.31,54.31,76.21,54.31,42.34,42.34,,,,,62.62,42.34,42.34,42.34,42.34,42.34,45.35,59.04,41.43,45.92,42.34,42.34,42.34,42.34,42.34,43.42,,,,,,
2019-05-05 23:00:00+02:00,,39.71,,43.34,30.02,41.63,,38.99,,39.71,39.71,39.71,40.88,55.07,40.88,42.1,53.82,,64.39,39.71,38.99,,51.12,,,,46.52,46.52,,46.52,46.52,46.52,46.52,46.52,40.88,40.88,,,,,52.02,41.46,41.46,40.88,40.88,41.46,44.73,55.07,36.1,43.79,40.88,40.88,40.88,40.88,39.71,38.99,,,,,,
2019-05-06 00:00:00+02:00,,37.9,,42.53,22.55,36.45,,30.92,,37.9,37.9,37.9,38.72,54.7,38.72,41.11,50.93,,32.12,37.9,30.92,,49.56,,,,45.67,45.67,,45.67,45.67,45.67,45.67,45.67,38.72,38.72,,,,,52.33,41.94,41.94,38.89,38.89,41.94,50.41,54.7,30.92,33.94,38.72,38.72,38.72,38.72,37.9,30.92,,,,,,
2019-05-06 01:00:00+02:00,,34.99,,37.64,22.54,34.77,,27.99,,34.99,34.99,34.99,34.99,47.33,34.99,36.97,42.12,,22.34,34.99,27.99,,41.92,,,,40.0,40.0,,40.0,40.0,40.0,9.0,40.0,34.99,34.99,,,,,42.66,41.29,41.29,38.72,38.72,41.29,48.09,47.33,27.99,31.34,34.99,34.99,34.99,34.99,34.99,27.99,,,,,,
2019-05-06 02:00:00+02:00,,34.92,,36.64,22.54,34.18,,29.23,,34.92,34.92,34.92,34.92,43.47,34.92,36.18,41.27,,28.0,34.92,29.23,,41.28,,,,36.18,36.18,,36.18,36.18,36.18,0.0,36.18,34.92,34.92,,,,,39.9,41.14,41.14,38.65,38.65,41.14,47.82,43.47,29.23,30.62,34.92,34.92,34.92,34.92,34.92,29.23,,,,,,
2019-05-06 03:00:00+02:00,,33.34,,35.51,22.54,34.03,,30.18,,33.34,33.34,33.34,33.34,43.47,33.34,35.0,40.92,,27.33,33.34,30.18,,40.0,,,,35.0,35.0,,35.0,35.0,35.0,0.0,35.0,33.34,33.34,,,,,39.56,40.86,40.86,38.64,38.64,40.86,48.06,43.47,30.18,29.2,33.34,33.34,33.34,33.34,33.34,30.18,,,,,,
2019-05-06 04:00:00+02:00,,33.07,,34.15,22.55,34.04,,30.84,,33.07,33.07,33.07,33.07,43.55,33.07,33.87,37.43,,30.37,33.07,30.84,,36.43,,,,35.01,35.01,,35.01,35.01,35.01,0.0,35.01,33.07,33.07,,,,,36.19,40.25,40.25,38.75,38.75,40.25,50.4,43.55,30.84,30.12,33.07,33.07,33.07,33.07,33.07,30.84,,,,,,
2019-05-06 05:00:00+02:00,,36.35,,36.35,25.5,37.94,,35.82,,36.35,36.35,36.35,41.71,47.33,41.71,36.35,37.59,,69.52,36.35,35.82,,36.59,,,,45.52,45.52,,45.52,45.52,45.52,10.0,45.52,41.71,41.71,,,,,36.35,41.71,41.71,41.71,41.71,41.71,51.59,47.33,35.82,33.94,41.71,41.71,41.71,41.71,36.35,35.82,,,,,,
2019-05-06 06:00:00+02:00,,45.85,,45.85,34.22,44.54,,46.39,,45.85,45.85,45.85,60.77,52.01,60.77,45.85,47.08,,81.26,45.85,46.39,,44.76,,,,55.99,55.99,,55.99,55.99,55.99,55.99,55.99,60.77,60.77,,,,,45.85,44.23,44.23,44.75,44.75,44.23,61.16,52.01,46.39,40.53,44.75,44.75,44.75,44.75,45.85,46.39,,,,,,
2019-05-06 07:00:00+02:00,,51.63,,51.63,37.78,48.97,,55.93,,51.63,49.77,51.63,68.24,55.72,68.24,51.63,53.02,,81.34,60.0,55.93,,41.92,,,,60.0,60.0,,60.0,60.0,60.0,77.72,60.0,68.24,68.24,,,,,51.63,46.04,46.04,50.26,47.46,46.04,68.67,55.72,55.93,51.9,50.26,50.26,50.26,50.26,60.0,55.93,,,,,,
2019-05-06 08:00:00+02:00,,48.84,,48.84,38.36,51.54,,54.0,,48.84,47.05,48.84,74.76,57.93,74.76,48.84,47.52,,75.82,62.83,56.05,,44.09,,,,62.83,62.83,,62.83,62.83,62.83,77.72,62.83,74.76,74.76,,,,,48.84,47.05,47.05,48.84,48.84,47.05,75.22,57.93,56.05,55.31,48.84,48.84,48.84,48.84,62.83,54.0,,,,,,
2019-05-06 09:00:00+02:00,,45.22,,45.22,33.96,47.16,,53.55,,45.22,45.22,45.22,77.98,58.69,77.98,45.22,46.43,,73.86,62.03,56.61,,45.2,,,,62.03,62.03,,62.03,62.03,62.03,62.03,62.03,77.98,77.98,,,,,45.22,45.22,45.22,46.03,46.03,45.22,78.47,58.69,56.61,54.93,46.03,46.03,46.03,46.03,62.03,53.55,,,,,,
2019-05-06 10:00:00+02:00,,44.93,,45.42,35.95,45.87,,46.38,,44.75,44.75,44.75,70.09,57.29,70.09,45.18,46.76,,73.98,58.19,55.97,,45.54,,,,58.19,58.19,,58.19,58.19,58.19,58.19,58.19,70.09,70.09,,,,,45.42,44.75,44.75,45.81,45.81,44.75,70.52,57.29,55.96,54.03,45.81,45.81,45.81,45.81,58.19,46.38,,,,,,
2019-05-06 11:00:00+02:00,,45.35,,46.21,36.81,45.69,,42.77,,45.04,44.73,45.04,74.52,56.9,74.52,45.77,47.76,,65.11,55.99,54.17,,47.04,,,,55.99,55.99,,55.99,55.99,55.99,52.33,55.99,74.52,74.52,,,,,46.21,44.73,44.73,45.41,45.41,44.73,75.11,56.9,54.17,52.96,45.41,45.41,45.41,45.41,55.99,42.77,,,,,,
2019-05-06 12:00:00+02:00,,44.8,,45.87,34.03,44.39,,41.25,,44.4,44.4,44.4,74.57,56.78,74.57,45.32,50.26,,65.34,51.08,52.03,,51.35,,,,51.08,51.08,,51.08,51.08,51.08,20.01,51.08,74.57,74.57,,,,,45.87,44.4,44.4,44.7,44.7,44.4,75.03,56.78,52.02,50.65,44.7,44.7,44.7,44.7,51.08,41.25,,,,,,
2019-05-06 13:00:00+02:00,,44.19,,44.19,31.14,42.51,,44.72,,44.19,44.19,44.19,74.55,56.1,74.55,44.19,53.76,,34.97,50.99,49.95,,52.37,,,,50.99,50.99,,50.99,50.99,50.99,20.01,50.99,74.55,74.55,,,,,44.19,43.44,43.44,44.25,44.25,43.44,75.0,56.1,49.95,46.94,44.25,44.25,44.25,44.25,50.99,44.72,,,,,,
2019-05-06 14:00:00+02:00,,42.08,,42.08,28.81,42.01,,43.1,,42.08,42.08,42.08,43.17,54.61,43.17,42.08,49.08,,24.45,51.55,48.15,,47.81,,,,51.55,51.55,,51.55,51.55,51.55,10.0,51.55,43.17,43.17,,,,,42.08,42.84,42.84,43.17,43.17,42.84,67.61,54.61,48.14,46.1,43.17,43.17,43.17,43.17,51.55,43.1,,,,,,
2019-05-06 15:00:00+02:00,,41.09,,41.09,29.84,41.1,,43.02,,41.09,41.09,41.09,42.19,52.11,42.19,41.09,47.22,,24.45,42.24,43.02,,46.0,,,,51.6,51.6,,51.6,51.6,51.6,20.01,51.6,42.19,42.19,,,,,41.09,42.19,42.19,42.19,42.19,42.19,66.42,52.11,43.01,45.05,42.19,42.19,42.19,42.19,42.24,43.02,,,,,,
2019-05-06 16:00:00+02:00,,41.16,,41.16,29.12,40.75,,42.04,,41.16,41.16,41.16,42.16,51.89,42.16,41.16,48.24,,37.13,41.16,42.04,,47.0,,,,54.9,54.84,,54.9,54.84,54.84,54.84,54.84,42.16,42.16,,,,,41.16,42.16,42.16,42.16,42.16,42.16,59.47,51.89,42.03,45.24,42.16,42.16,42.16,42.16,41.16,42.04,,,,,,
2019-05-06 17:00:00+02:00,,43.87,,43.87,33.24,44.16,,43.5,,43.87,43.87,43.87,43.46,52.11,43.46,43.87,49.07,,73.68,43.87,43.5,,47.81,,,,55.97,55.97,,55.97,55.97,55.97,69.99,55.97,43.46,43.46,,,,,43.87,43.46,43.46,43.46,43.46,43.46,58.58,52.11,43.49,46.95,43.46,43.46,43.46,43.46,43.87,43.5,,,,,,
2019-05-06 18:00:00+02:00,,47.19,,47.19,36.76,46.4,,46.68,,47.19,44.67,47.19,51.31,52.11,51.31,47.19,60.75,,81.36,47.19,46.68,,59.2,,,,55.99,55.99,,55.99,55.99,55.99,77.72,55.99,51.31,51.31,,,,,47.19,44.09,44.09,44.09,44.09,44.09,58.55,52.11,46.66,47.92,44.09,44.09,44.09,44.09,47.19,46.68,,,,,,
2019-05-06 19:00:00+02:00,,54.4,,54.4,38.36,49.14,,49.92,,54.4,44.12,54.4,50.24,54.4,50.24,54.4,63.08,,65.41,54.4,50.45,,61.47,,,,57.69,57.69,,57.69,57.69,57.69,111.53,57.69,50.24,50.24,,,,,54.4,44.12,44.12,44.12,44.12,44.12,59.46,54.4,50.43,51.08,44.12,44.12,44.12,44.12,54.4,49.92,,,,,,
2019-05-06 20:00:00+02:00,,56.14,,56.14,38.17,49.6,,54.0,,56.14,43.91,56.14,43.91,56.14,43.91,56.14,61.32,,65.45,56.14,54.31,,59.77,,,,62.03,62.03,,62.03,62.03,62.03,128.02,62.03,43.91,43.91,,,,,56.14,43.91,43.91,43.91,43.91,43.91,68.07,56.14,54.3,55.28,43.91,43.91,43.91,43.91,56.14,54.0,,,,,,
2019-05-06 21:00:00+02:00,,56.14,,56.14,38.36,48.12,,49.89,,56.14,44.06,56.14,44.06,58.5,44.06,56.14,62.62,,65.4,56.14,49.89,,60.94,,,,60.0,60.0,,60.0,60.0,60.0,128.02,60.0,44.06,44.06,,,,,56.14,44.06,44.06,44.06,44.06,44.06,61.88,58.5,49.88,50.28,44.06,44.06,44.06,44.06,56.14,49.89,,,,,,
2019-05-06 22:00:00+02:00,,55.0,,55.0,38.35,47.64,,50.09,,55.0,43.43,55.0,43.43,56.06,43.43,55.0,61.7,,73.55,55.0,50.09,,60.14,,,,55.79,55.79,,55.79,55.79,55.79,111.53,55.79,43.43,43.43,,,,,55.0,43.43,43.43,43.43,43.43,43.43,59.2,56.06,50.08,47.17,43.43,43.43,43.43,43.43,55.0,50.09,,,,,,
2019-05-06 23:00:00+02:00,,45.44,,45.61,36.02,45.1,,42.26,,45.33,42.81,42.81,41.34,54.01,41.34,45.66,46.81,,71.64,45.44,42.26,,45.63,,,,49.26,49.26,,49.26,49.26,49.26,77.72,49.26,41.34,41.34,,,,,45.33,42.81,42.81,41.34,41.34,42.81,52.71,54.01,42.24,43.17,41.34,41.34,41.34,41.34,45.44,42.26,,,,,,
2019-05-07 00:00:00+02:00,,42.32,,42.32,33.06,42.64,,38.59,,42.32,42.32,42.32,41.2,55.59,41.2,42.32,43.46,,70.48,42.32,38.59,,45.5,,,,51.0,51.0,,51.0,51.0,51.0,51.0,51.0,41.2,41.2,,,,,42.32,42.09,42.09,41.2,41.2,42.09,44.68,55.59,38.58,41.05,41.2,41.2,41.2,41.2,42.32,38.59,,,,,,
2019-05-07 01:00:00+02:00,,40.98,,40.98,30.54,41.59,,36.25,,40.98,40.98,40.98,39.17,53.97,39.17,40.98,41.91,,64.82,40.98,36.25,,43.1,,,,49.52,49.52,,49.52,49.52,49.52,49.52,49.52,39.17,39.17,,,,,40.98,41.22,41.22,40.82,40.82,41.22,45.18,53.97,36.24,37.49,39.17,39.17,39.17,39.17,40.98,36.25,,,,,,
2019-05-07 02:00:00+02:00,,40.8,,40.8,29.53,40.49,,34.97,,40.8,40.8,40.8,36.08,51.3,36.08,40.8,41.71,,48.0,40.8,34.97,,41.88,,,,47.9,47.9,,47.9,47.9,47.9,47.9,47.9,36.08,36.08,,,,,40.8,41.01,41.01,40.69,40.69,41.01,45.67,51.3,34.95,37.07,36.08,36.08,36.08,36.08,40.8,34.97,,,,,,
2019-05-07 03:00:00+02:00,,40.03,,40.03,28.51,39.5,,34.43,,40.03,40.03,40.03,36.98,50.12,36.98,40.03,41.08,,47.0,40.03,34.43,,41.88,,,,48.0,48.0,,48.0,48.0,48.0,48.0,48.0,36.98,36.98,,,,,40.03,41.04,41.04,40.67,40.67,41.04,45.7,50.12,34.41,35.72,36.98,36.98,36.98,36.98,40.03,34.43,,,,,,
2019-05-07 04:00:00+02:00,,40.03,,40.03,38.35,39.55,,34.97,,40.03,40.03,40.03,36.1,49.44,36.1,40.03,40.9,,64.82,40.03,34.97,,41.5,,,,49.6,49.6,,49.6,49.6,49.6,49.6,49.6,36.1,36.1,,,,,40.03,41.35,41.35,40.69,40.69,41.35,45.38,49.44,34.96,36.1,36.1,36.1,36.1,36.1,40.03,34.97,,,,,,
2019-05-07 05:00:00+02:00,,42.71,,42.71,38.36,42.69,,37.64,,42.71,42.71,42.71,42.71,50.03,42.71,42.71,43.52,,70.89,42.71,37.64,,42.69,,,,51.08,51.08,,51.08,51.08,51.08,75.01,51.08,42.71,42.71,,,,,42.71,42.71,42.71,42.71,42.71,42.71,44.59,50.03,37.62,39.08,42.71,42.71,42.71,42.71,42.71,37.64,,,,,,
2019-05-07 06:00:00+02:00,,51.59,,51.59,38.38,49.62,,48.35,,51.59,45.79,51.59,52.73,51.72,46.86,51.59,50.14,,64.82,51.59,48.35,,48.04,,,,55.59,55.59,,55.59,55.59,55.59,75.21,55.59,52.73,52.73,,,,,51.59,44.46,44.46,45.45,45.45,44.46,52.82,51.72,48.33,45.15,45.45,45.45,45.45,45.45,51.59,48.35,,,,,,
2019-05-07 07:00:00+02:00,,60.16,,60.16,43.39,57.7,,56.2,,60.16,45.44,60.16,65.07,58.71,65.07,60.16,61.26,,71.58,60.16,56.2,,56.5,,,,60.3,60.3,,60.3,60.3,60.3,125.21,60.3,65.07,65.07,,,,,60.16,45.44,45.44,47.97,47.97,45.44,65.18,58.71,56.17,54.25,47.97,47.97,47.97,47.97,60.16,56.2,,,,,,
2019-05-07 08:00:00+02:00,,63.9,,63.9,47.43,60.6,,55.92,,63.9,45.53,63.9,70.23,60.0,70.23,63.9,65.52,,71.59,63.9,56.96,,65.0,,,,63.9,63.9,,63.9,63.9,63.9,125.21,63.9,70.23,70.23,,,,,63.9,45.53,45.53,48.66,48.66,45.53,70.34,59.33,56.93,57.27,48.66,48.66,48.66,48.66,63.9,55.92,,,,,,
2019-05-07 09:00:00+02:00,,57.53,,57.53,41.96,52.95,,51.09,,57.53,45.0,57.53,72.5,57.53,72.5,57.53,74.58,,71.65,57.53,54.74,,76.82,,,,57.53,57.0,,57.53,57.0,57.0,111.53,57.0,72.5,72.5,,,,,57.53,45.0,45.0,46.75,46.75,45.0,72.62,57.53,54.71,57.03,46.75,46.75,46.75,46.75,57.53,51.09,,,,,,
2019-05-07 10:00:00+02:00,,50.61,,57.99,41.96,49.1,,47.89,,50.61,45.16,50.61,65.33,55.11,52.5,55.11,69.9,,64.83,50.61,52.57,,71.13,,,,55.11,51.0,,55.11,51.0,51.0,89.99,51.0,65.33,65.33,,,,,58.87,45.16,45.16,46.28,46.28,45.16,65.43,55.11,52.54,53.99,46.28,46.28,46.28,46.28,50.61,47.89,,,,,,
2019-05-07 11:00:00+02:00,,52.52,,55.84,41.95,48.14,,47.01,,51.2,44.5,51.2,66.23,54.03,63.99,54.03,63.83,,64.83,52.52,51.2,,65.78,,,,54.03,44.67,,54.03,44.67,44.67,76.22,44.67,66.23,66.23,,,,,56.4,44.5,44.5,45.41,45.41,44.5,66.33,54.03,51.17,54.13,45.41,45.41,45.41,45.41,52.52,47.01,,,,,,
2019-05-07 12:00:00+02:00,,48.99,,53.65,41.97,46.43,,46.9,,47.61,44.42,47.61,66.77,52.06,52.06,50.94,58.73,,64.82,48.99,50.8,,60.14,,,,50.94,41.0,,50.94,41.0,41.0,76.22,41.0,66.77,66.77,,,,,54.07,44.42,44.42,44.82,44.82,44.42,66.87,52.06,50.77,50.91,44.82,44.82,44.82,44.82,48.99,46.9,,,,,,
2019-05-07 13:00:00+02:00,,48.94,,48.94,41.97,46.09,,46.0,,48.94,44.03,48.94,66.74,50.15,52.31,48.94,55.89,,64.05,48.94,50.19,,56.5,,,,48.94,41.0,,48.94,41.0,41.0,75.21,41.0,66.74,66.74,,,,,48.94,44.03,44.03,44.43,44.43,44.03,66.83,50.15,50.16,51.83,44.43,44.43,44.43,44.43,48.94,46.0,,,,,,
2019-05-07 14:00:00+02:00,,48.0,,48.0,41.97,45.45,,45.0,,48.0,43.78,48.0,43.78,48.0,43.78,48.0,49.15,,56.0,48.0,47.2,,48.32,,,,50.52,42.99,,50.52,42.99,42.99,75.21,42.99,43.78,43.78,,,,,48.0,43.78,43.78,43.78,43.78,43.78,59.31,48.0,47.17,52.21,43.78,43.78,43.78,43.78,48.0,45.0,,,,,,
2019-05-07 15:00:00+02:00,,46.77,,46.77,41.96,45.04,,45.02,,46.77,43.31,46.77,43.31,46.77,43.31,46.77,47.88,,63.45,46.77,46.29,,46.5,,,,51.21,47.52,,51.21,47.52,47.52,75.21,47.52,43.31,43.31,,,,,46.77,43.31,43.31,43.31,43.31,43.31,63.22,46.77,46.26,51.84,43.31,43.31,43.31,43.31,46.77,45.02,,,,,,
2019-05-07 16:00:00+02:00,,47.1,,47.1,41.94,45.15,,45.89,,47.1,43.28,47.1,43.28,47.1,43.28,47.1,48.21,,64.19,47.1,47.28,,45.06,,,,55.99,52.6,,55.99,52.6,52.6,81.0,52.6,43.28,43.28,,,,,47.1,43.28,43.28,43.28,43.28,43.28,58.54,47.1,47.25,51.97,43.28,43.28,43.28,43.28,47.1,45.89,,,,,,
2019-05-07 17:00:00+02:00,,48.94,,48.94,41.93,47.94,,49.18,,48.94,43.94,48.94,43.94,48.94,43.94,48.94,53.51,,71.57,48.94,49.18,,46.04,,,,56.55,56.55,,56.55,56.55,56.55,125.21,56.55,43.94,43.94,,,,,48.94,43.94,43.94,43.94,43.94,43.94,58.62,48.94,49.14,53.27,43.94,43.94,43.94,43.94,48.94,49.18,,,,,,
2019-05-07 18:00:00+02:00,,56.5,,61.21,41.97,53.91,,53.36,,57.45,44.67,57.45,46.89,50.17,46.89,54.0,65.13,,71.38,56.5,53.36,,47.7,,,,62.44,62.44,,62.44,62.44,62.44,128.02,62.44,67.72,67.72,,,,,59.22,44.67,44.67,44.67,44.67,44.67,67.8,50.17,53.32,53.33,44.67,44.67,44.67,44.67,56.5,53.36,,,,,,
2019-05-07 19:00:00+02:00,,64.38,,65.96,49.96,61.37,,59.58,,64.99,48.94,64.99,46.88,51.47,46.88,62.57,67.19,,70.14,64.38,63.93,,45.06,,,,73.16,73.16,,73.16,73.16,73.16,129.03,73.16,68.2,68.2,,,,,65.68,45.07,45.07,45.07,45.07,45.07,68.27,51.47,63.88,60.24,45.07,45.07,45.07,45.07,64.38,59.58,,,,,,
2019-05-07 20:00:00+02:00,,68.61,,64.12,51.16,61.55,,59.46,,68.61,60.85,68.61,45.05,52.94,45.05,52.94,65.3,,74.21,71.81,75.02,,42.2,,,,73.65,73.65,,71.81,73.65,73.65,129.03,73.65,45.05,45.05,,,,,67.87,45.05,45.05,45.05,45.05,45.05,75.93,52.94,74.97,65.75,45.05,45.05,45.05,45.05,71.81,59.46,,,,,,
2019-05-07 21:00:00+02:00,,55.0,,55.0,42.96,58.09,,56.69,,55.0,55.0,55.0,45.06,55.0,45.06,55.0,56.0,,72.21,55.0,59.18,,41.0,,,,73.16,73.16,,70.0,73.16,73.16,129.03,73.16,45.06,45.06,,,,,55.0,45.06,45.06,45.06,45.06,45.06,66.93,55.0,59.14,59.92,45.06,45.06,45.06,45.06,55.0,56.69,,,,,,
2019-05-07 22:00:00+02:00,,50.98,,50.98,41.96,54.83,,52.34,,50.98,50.98,50.98,44.0,50.98,44.0,50.98,51.9,,73.39,50.98,53.77,,40.0,,,,58.69,58.69,,58.69,58.69,58.69,128.02,58.69,44.0,44.0,,,,,50.98,44.0,44.0,44.0,44.0,44.0,63.47,50.98,53.73,55.9,44.0,44.0,44.0,44.0,50.98,52.34,,,,,,
2019-05-07 23:00:00+02:00,,45.0,,45.0,41.22,46.93,,43.07,,45.0,45.0,45.0,42.81,45.0,42.81,45.0,43.58,,71.63,45.0,46.31,,38.0,,,,51.08,51.08,,51.08,51.08,51.08,125.21,51.08,42.81,42.81,,,,,45.0,43.56,43.56,42.81,42.81,43.56,52.08,45.0,46.28,49.2,42.81,42.81,42.81,42.81,45.0,43.07,,,,,,
2019-05-08 00:00:00+02:00,,44.18,,44.18,50.04,43.27,,42.0,,44.18,44.18,44.18,41.13,44.18,41.13,44.18,58.08,,70.55,44.18,42.0,,33.0,,,,61.36,61.36,,60.0,61.36,61.36,110.24,61.36,41.13,41.13,,,,,44.18,43.65,43.65,41.13,41.13,43.65,48.11,44.18,37.4,40.95,41.13,41.13,41.13,41.13,44.18,42.0,,,,,,
2019-05-08 01:00:00+02:00,,39.03,,39.03,46.1,39.95,,39.01,,39.03,39.03,39.03,39.03,39.03,39.03,39.03,49.96,,69.7,39.03,39.01,,32.0,,,,61.36,61.36,,51.75,61.36,61.36,87.0,61.36,39.03,39.03,,,,,39.03,42.64,42.64,40.03,40.03,42.64,43.89,39.03,31.3,37.09,39.03,39.03,39.03,39.03,39.03,39.01,,,,,,
2019-05-08 02:00:00+02:00,,35.96,,35.96,45.54,38.75,,37.01,,35.96,35.96,35.96,36.84,35.96,36.84,35.96,43.53,,64.82,35.96,37.51,,29.09,,,,58.69,58.69,,51.27,58.69,58.69,76.21,58.69,36.84,36.84,,,,,35.96,42.27,42.27,39.84,39.84,42.27,43.83,35.96,31.3,34.97,36.84,36.84,36.84,36.84,35.96,37.01,,,,,,
2019-05-08 03:00:00+02:00,,35.79,,35.79,44.07,37.4,,35.2,,35.79,40.7,40.7,40.48,35.79,40.48,35.79,42.87,,64.82,35.79,35.95,,28.46,,,,58.69,58.69,,51.0,58.69,58.69,76.21,58.69,40.48,40.48,,,,,35.79,41.95,41.95,40.48,40.48,41.95,43.76,35.79,31.3,33.35,40.48,40.48,40.48,40.48,35.79,35.2,,,,,,
2019-05-08 04:00:00+02:00,,35.08,,35.08,50.1,36.18,,35.01,,35.08,40.18,40.18,40.18,35.08,40.18,35.08,38.29,,69.71,35.08,35.08,,27.83,,,,58.69,58.69,,50.9,58.69,58.69,79.0,58.69,40.18,40.18,,,,,35.08,41.65,41.65,40.18,40.18,41.65,43.84,35.08,35.05,32.21,40.18,40.18,40.18,40.18,35.08,35.01,,,,,,
2019-05-08 05:00:00+02:00,,36.48,,35.29,61.35,39.63,,25.7,,36.48,41.41,41.41,41.81,34.64,41.81,34.64,37.64,,71.26,36.48,38.87,,28.46,,,,61.36,61.36,,56.18,61.36,61.36,97.24,61.36,41.81,41.81,,,,,36.37,42.15,42.15,41.81,41.81,42.15,44.52,34.64,38.82,34.81,41.81,41.81,41.81,41.81,36.48,25.7,,,,,,
2019-05-08 06:00:00+02:00,,44.33,,37.55,88.05,45.05,,25.1,,44.33,44.33,44.33,59.47,33.96,44.03,33.96,42.07,,70.04,44.33,43.91,,30.0,,,,61.36,61.36,,61.36,61.36,61.36,108.99,61.36,59.47,59.47,,,,,43.67,44.03,44.03,44.03,43.93,44.03,59.53,33.96,43.86,42.28,44.03,44.03,44.03,44.03,44.33,25.1,,,,,,
2019-05-08 07:00:00+02:00,,49.44,,43.12,107.37,48.79,,1.0,,49.44,49.44,49.44,72.33,39.48,47.92,39.48,47.62,,71.58,54.2,52.44,,31.25,,,,70.0,70.0,,70.0,70.0,70.0,128.02,70.0,72.33,72.33,,,,,49.09,47.52,47.52,47.92,47.92,47.52,72.4,39.48,52.38,51.42,47.92,47.92,47.92,47.92,54.2,1.0,,,,,,
2019-05-08 08:00:00+02:00,,49.02,,46.14,107.37,51.77,,19.56,,49.02,49.02,49.02,199.91,44.49,47.96,44.49,50.08,,71.8,54.2,52.82,,42.09,,,,73.16,73.16,,73.16,73.16,73.16,128.02,73.16,199.91,199.91,,,,,48.92,47.96,47.96,47.96,47.96,47.96,78.45,44.49,52.76,51.54,47.96,47.96,47.96,47.96,54.2,19.56,,,,,,
2019-05-08 09:00:00+02:00,,46.2,,46.2,102.3,47.9,,25.3,,46.2,46.2,46.2,78.76,46.2,46.04,46.2,51.68,,71.65,46.2,49.26,,53.31,,,,65.0,65.0,,65.0,65.0,65.0,127.02,65.0,78.76,78.76,,,,,46.2,46.04,46.04,46.04,46.04,46.04,78.83,46.2,48.1,49.22,46.04,46.04,46.04,46.04,46.2,25.3,,,,,,
2019-05-08 10:00:00+02:00,,44.66,,44.66,104.85,46.59,,25.51,,44.66,44.66,44.66,74.68,44.66,44.66,44.66,57.84,,69.83,44.66,46.97,,59.66,,,,62.27,61.6,,62.27,61.6,61.6,112.0,61.6,74.68,74.68,,,,,44.66,44.66,44.66,44.66,44.66,44.66,74.75,44.66,39.28,45.74,44.66,44.66,44.66,44.66,44.66,25.51,,,,,,
2019-05-08 11:00:00+02:00,,43.5,,43.5,104.84,45.09,,25.66,,43.5,43.5,43.5,66.89,43.5,43.6,43.5,49.13,,69.45,43.5,44.65,,50.67,,,,60.6,60.36,,60.6,60.36,60.36,97.24,60.36,66.89,66.89,,,,,43.5,43.6,43.6,43.6,43.6,43.6,66.95,43.5,39.28,44.84,43.6,43.6,43.6,43.6,43.5,25.66,,,,,,
2019-05-08 12:00:00+02:00,,42.87,,42.87,105.59,41.48,,25.46,,42.87,42.97,42.97,75.21,42.87,43.03,42.87,45.9,,64.83,54.2,43.94,,47.34,,,,55.16,55.16,,55.16,55.16,55.16,79.0,55.16,75.21,75.21,,,,,42.87,43.03,43.03,43.03,43.03,43.03,75.27,42.87,39.28,42.92,43.03,43.03,43.03,43.03,54.2,25.46,,,,,,
2019-05-08 13:00:00+02:00,,38.19,,38.19,107.37,39.65,,25.12,,38.19,42.62,42.62,110.09,38.19,42.62,38.19,45.8,,63.84,54.19,41.62,,47.25,,,,54.92,53.0,,54.92,53.0,53.0,75.24,53.0,110.09,110.09,,,,,38.19,42.62,42.62,42.62,42.62,42.62,78.31,38.19,37.6,41.98,42.62,42.62,42.62,42.62,54.19,25.12,,,,,,
2019-05-08 14:00:00+02:00,,35.78,,35.78,105.57,38.27,,25.02,,35.78,42.07,42.07,66.89,35.78,42.07,35.78,43.2,,63.99,54.2,38.63,,44.56,,,,58.77,53.0,,58.77,53.0,53.0,75.24,53.0,66.89,66.89,,,,,35.78,42.07,42.07,42.07,42.07,42.07,66.95,35.78,37.6,37.91,42.07,42.07,42.07,42.07,54.2,25.02,,,,,,
2019-05-08 15:00:00+02:00,,34.9,,34.9,102.29,37.47,,24.76,,34.9,41.38,41.38,60.66,34.9,41.38,34.9,42.97,,64.0,54.2,37.55,,44.32,,,,60.42,55.19,,60.42,55.19,55.19,97.24,55.19,60.66,60.66,,,,,34.9,41.52,41.52,41.38,41.38,41.52,60.7,34.9,37.51,37.29,41.38,41.38,41.38,41.38,54.2,24.76,,,,,,
2019-05-08 16:00:00+02:00,,34.38,,34.38,80.65,39.77,,33.65,,34.38,40.66,40.66,57.13,34.38,40.66,34.38,42.04,,64.06,54.2,39.54,,43.37,,,,59.73,59.73,,59.73,59.73,59.73,112.0,59.73,57.13,57.13,,,,,34.38,41.71,41.71,41.07,41.07,41.71,57.17,34.38,39.49,38.85,40.66,40.66,40.66,40.66,54.2,33.65,,,,,,
2019-05-08 17:00:00+02:00,,35.59,,33.91,75.93,41.26,,38.25,,35.59,41.1,41.1,60.35,33.0,41.67,33.0,47.61,,67.85,54.2,41.5,,49.12,,,,57.69,57.69,,57.69,57.69,57.69,127.02,57.69,60.35,60.35,,,,,35.45,41.67,41.67,41.67,41.67,41.67,60.4,33.0,41.45,41.95,41.67,41.67,41.67,41.67,54.2,38.25,,,,,,
2019-05-08 18:00:00+02:00,,37.35,,37.35,97.83,42.87,,43.0,,37.35,37.35,37.35,59.8,37.35,41.97,37.35,54.58,,67.5,60.36,48.07,,56.3,,,,60.36,60.36,,60.36,60.36,60.36,128.02,60.36,59.8,59.8,,,,,37.35,41.97,41.97,41.97,41.97,41.97,56.82,37.35,48.01,45.99,41.97,41.97,41.97,41.97,60.36,43.0,,,,,,
2019-05-08 19:00:00+02:00,,39.19,,39.19,102.3,43.16,,45.8,,39.19,39.19,39.19,56.7,39.19,42.18,39.19,59.17,,70.11,67.0,69.19,,61.04,,,,67.0,67.0,,67.0,67.0,67.0,129.03,67.0,56.7,56.7,,,,,39.19,42.18,42.18,42.18,42.18,42.18,56.74,39.19,69.1,56.95,42.18,42.18,42.18,42.18,67.0,45.8,,,,,,
2019-05-08 20:00:00+02:00,,39.61,,39.61,104.82,43.55,,46.5,,39.61,39.61,39.61,56.66,39.61,41.74,39.61,59.22,,74.21,71.75,74.53,,61.1,,,,71.75,71.75,,71.75,71.75,71.75,129.03,71.75,56.66,56.66,,,,,39.61,41.74,41.74,41.74,41.74,41.74,56.7,39.61,74.43,69.69,41.74,41.74,41.74,41.74,71.75,46.5,,,,,,
2019-05-08 21:00:00+02:00,,38.01,,38.01,89.49,40.56,,43.56,,38.01,38.01,38.01,49.9,44.18,40.68,38.01,58.64,,71.8,54.2,62.46,,60.5,,,,64.57,64.57,,64.57,64.57,64.57,129.03,64.57,49.9,49.9,,,,,38.01,41.46,41.46,41.09,41.09,41.46,49.94,44.18,62.38,57.92,40.68,40.68,40.68,40.68,54.2,43.56,,,,,,
2019-05-08 22:00:00+02:00,,35.66,,38.33,79.03,38.77,,36.55,,35.24,35.24,35.24,17.6,39.84,26.82,37.28,56.02,,71.53,54.2,55.02,,57.79,,,,55.69,55.69,,55.69,55.69,55.69,128.02,55.69,17.6,17.6,,,,,45.0,42.18,42.18,41.04,41.04,42.18,50.18,39.84,54.95,51.19,26.82,26.82,26.82,26.82,54.2,36.55,,,,,,
2019-05-08 23:00:00+02:00,,32.84,,34.97,56.98,33.78,,25.61,,32.58,32.58,32.58,16.96,34.16,16.96,34.16,42.79,,73.74,40.09,37.64,,44.14,,,,50.63,50.63,,50.63,50.63,50.63,97.24,50.63,16.96,16.96,,,,,40.19,41.52,41.52,40.95,40.95,41.52,44.33,38.19,37.59,40.94,16.96,16.96,16.96,16.96,40.09,25.61,,,,,,
2019-05-09 00:00:00+02:00,,33.92,,33.92,62.91,31.21,,22.97,,33.92,33.92,33.92,33.04,33.92,33.04,33.92,43.42,,69.77,33.92,33.42,,44.61,,,,55.64,55.64,,55.64,55.64,55.64,76.3,55.64,33.04,33.04,,,,,33.92,41.96,41.96,40.11,40.11,41.96,43.64,33.92,33.4,35.01,33.04,33.04,33.04,33.04,33.92,22.97,,,,,,
2019-05-09 01:00:00+02:00,,32.01,,32.01,46.03,29.81,,26.32,,32.01,32.01,32.01,32.01,32.01,32.01,32.01,39.79,,69.74,32.01,29.85,,40.9,,,,54.15,54.15,,54.15,54.15,54.15,54.15,54.15,32.01,32.01,,,,,32.01,41.77,41.77,39.91,39.91,41.77,43.09,40.1,29.83,29.59,32.01,32.01,32.01,32.01,32.01,26.32,,,,,,
2019-05-09 02:00:00+02:00,,30.26,,30.26,36.35,28.73,,24.4,,30.26,30.26,30.26,30.26,30.26,30.26,30.26,40.07,,69.15,30.26,28.3,,41.18,,,,51.13,51.13,,51.13,51.13,51.13,51.13,51.13,30.26,30.26,,,,,30.26,41.57,41.57,39.74,39.74,41.57,41.28,39.59,28.28,26.25,30.26,30.26,30.26,30.26,30.26,24.4,,,,,,
2019-05-09 03:00:00+02:00,,30.69,,30.69,35.61,28.76,,20.7,,30.69,30.69,30.69,30.69,30.69,30.69,30.69,40.62,,69.15,30.69,27.6,,41.75,,,,50.0,50.0,,50.0,50.0,50.0,50.0,50.0,30.69,30.69,,,,,30.69,41.57,41.57,39.64,39.64,41.57,42.05,39.56,27.58,27.68,30.69,30.69,30.69,30.69,30.69,20.7,,,,,,
2019-05-09 04:00:00+02:00,,33.1,,33.1,37.27,28.45,,23.96,,33.1,33.1,33.1,32.31,33.1,32.31,33.1,41.55,,69.13,33.1,29.21,,42.7,,,,51.13,51.13,,51.13,51.13,51.13,51.13,51.13,32.31,32.31,,,,,33.1,41.59,41.59,39.51,39.51,41.59,43.02,35.08,29.19,29.49,32.31,32.31,32.31,32.31,33.1,23.96,,,,,,
2019-05-09 05:00:00+02:00,,37.07,,37.07,61.57,32.96,,26.42,,37.07,37.07,37.07,37.07,37.07,37.07,37.07,44.11,,69.79,37.07,35.65,,45.34,,,,52.06,52.06,,52.06,52.06,52.06,52.06,52.06,37.07,37.07,,,,,37.07,42.52,42.52,39.57,39.57,42.52,41.06,37.07,35.63,34.47,37.07,37.07,37.07,37.07,37.07,26.42,,,,,,
2019-05-09 06:00:00+02:00,,45.99,,45.99,67.07,42.33,,45.98,,45.99,45.99,45.99,43.28,45.99,43.28,45.99,47.24,,75.8,45.99,51.99,,44.85,,,,57.67,57.67,,57.67,57.67,57.67,57.67,57.67,43.28,43.28,,,,,45.99,43.49,43.49,43.28,43.28,43.49,49.01,45.99,51.97,44.04,43.28,43.28,43.28,43.28,45.99,45.98,,,,,,
2019-05-09 07:00:00+02:00,,49.92,,49.92,99.05,47.89,,55.6,,49.92,49.92,49.92,53.43,49.92,44.98,49.92,51.28,,75.8,66.05,66.13,,41.44,,,,66.05,66.05,,66.05,66.05,66.05,108.3,66.05,53.43,53.43,,,,,49.92,44.98,44.98,44.98,44.98,44.98,53.5,49.92,66.09,57.39,44.98,44.98,44.98,44.98,66.05,55.6,,,,,,
2019-05-09 08:00:00+02:00,,54.66,,54.66,99.04,49.1,,58.5,,54.66,54.66,54.66,55.39,54.66,45.67,54.66,55.92,,70.06,73.16,73.24,,56.76,,,,73.16,73.16,,73.16,73.16,73.16,127.0,73.16,55.39,55.39,,,,,54.66,45.67,45.67,45.67,45.67,45.67,55.47,54.66,73.2,64.99,45.67,45.67,45.67,45.67,73.16,58.5,,,,,,
2019-05-09 09:00:00+02:00,,52.19,,52.19,85.05,47.16,,54.43,,52.19,52.19,52.19,56.47,55.01,44.75,52.19,53.59,,73.82,71.0,71.13,,66.0,,,,71.0,71.0,,71.0,71.0,71.0,87.3,71.0,56.47,56.47,,,,,52.19,44.75,44.75,44.75,44.75,44.75,56.54,55.01,71.09,60.61,44.75,44.75,44.75,44.75,71.0,54.43,,,,,,
2019-05-09 10:00:00+02:00,,49.95,,49.95,85.07,46.93,,48.5,,49.95,49.95,49.95,44.03,53.54,44.03,49.95,51.29,,69.88,64.68,68.44,,56.76,,,,64.68,64.31,,64.68,64.31,64.31,64.31,64.31,56.7,56.7,,,,,49.95,44.37,44.37,44.03,44.03,44.37,56.78,53.54,68.41,58.06,44.03,44.03,44.03,44.03,64.68,48.5,,,,,,
2019-05-09 11:00:00+02:00,,49.93,,49.93,76.73,47.49,,51.18,,49.93,49.93,49.93,43.56,52.38,43.56,49.93,51.27,,67.63,57.69,68.67,,53.0,,,,57.69,57.69,,57.69,57.69,57.69,70.0,57.69,58.12,58.12,,,,,49.93,44.2,44.2,43.56,43.56,44.2,58.19,52.38,68.64,58.07,43.56,43.56,43.56,43.56,57.69,51.18,,,,,,
2019-05-09 12:00:00+02:00,,49.05,,49.05,85.1,46.54,,52.1,,49.05,49.05,49.05,43.53,53.01,43.53,49.05,50.15,,62.85,72.08,67.04,,53.0,,,,49.87,49.87,,49.87,49.87,49.87,56.01,49.87,63.1,63.1,,,,,49.05,44.28,44.28,43.53,43.53,44.28,63.18,53.01,67.01,53.11,43.53,43.53,43.53,43.53,49.87,52.1,,,,,,
2019-05-09 13:00:00+02:00,,47.76,,47.76,99.01,46.05,,51.5,,47.76,47.76,47.76,43.21,51.95,43.21,47.76,49.03,,46.0,72.1,72.92,,50.42,,,,47.99,46.2,,47.99,46.2,46.2,46.2,46.2,61.96,61.96,,,,,47.76,44.41,44.41,43.21,43.21,44.41,62.04,51.95,72.89,52.88,43.21,43.21,43.21,43.21,47.99,51.5,,,,,,
2019-05-09 14:00:00+02:00,,45.76,,45.76,85.51,43.86,,47.0,,45.76,45.76,45.76,43.11,50.11,43.11,45.76,46.78,,40.0,76.25,69.76,,48.11,,,,51.15,46.22,,51.15,46.22,46.22,46.22,46.22,61.75,61.75,,,,,45.76,44.29,44.29,43.11,43.11,44.29,61.82,50.11,69.74,54.98,43.11,43.11,43.11,43.11,51.15,47.0,,,,,,
2019-05-09 15:00:00+02:00,,45.33,,45.33,85.01,42.37,,47.65,,45.33,45.33,45.33,42.64,47.37,42.64,45.33,46.35,,41.51,52.06,62.41,,47.67,,,,52.06,46.2,,52.06,46.2,46.2,72.3,46.2,65.67,65.67,,,,,45.33,44.11,44.11,42.64,42.64,44.11,65.75,47.37,62.39,54.0,42.64,42.64,42.64,42.64,52.06,47.65,,,,,,
2019-05-09 16:00:00+02:00,,45.54,,45.54,51.44,43.22,,47.3,,45.54,45.54,45.54,42.27,46.49,42.27,45.54,46.56,,45.1,52.33,61.45,,47.89,,,,52.33,47.64,,52.33,47.64,47.64,65.9,47.64,61.65,61.65,,,,,45.54,44.08,44.08,42.27,42.27,44.08,61.72,46.49,61.43,54.48,42.27,42.27,42.27,42.27,52.33,47.3,,,,,,
2019-05-09 17:00:00+02:00,,49.71,,53.32,68.74,45.0,,46.48,,49.71,49.71,49.71,41.84,46.5,41.84,46.5,54.51,,64.83,52.33,63.73,,56.07,,,,52.33,52.0,,52.33,52.0,52.0,99.3,52.0,63.02,63.02,,,,,51.41,44.39,44.39,41.84,41.84,44.39,63.09,46.5,63.7,53.72,41.84,41.84,41.84,41.84,52.33,46.48,,,,,,
2019-05-09 18:00:00+02:00,,49.98,,51.05,67.64,48.3,,49.14,,49.98,49.98,49.98,41.05,47.55,41.05,47.55,62.98,,64.88,53.61,62.65,,64.79,,,,53.61,53.61,,53.61,53.61,53.61,110.2,53.61,60.16,60.16,,,,,51.05,44.38,44.38,41.05,41.05,44.38,60.22,47.55,62.63,55.57,41.05,41.05,41.05,41.05,53.61,49.14,,,,,,
2019-05-09 19:00:00+02:00,,55.05,,57.84,73.0,50.95,,52.45,,55.05,55.05,55.05,40.97,50.87,40.97,50.87,62.48,,67.63,57.69,64.94,,64.27,,,,57.69,57.69,,57.69,57.69,57.69,110.9,57.69,61.59,61.59,,,,,56.98,44.27,44.27,40.97,40.97,44.27,61.65,50.87,64.92,59.45,40.97,40.97,40.97,40.97,57.69,52.45,,,,,,
2019-05-09 20:00:00+02:00,,55.24,,52.31,73.8,52.33,,52.0,,55.24,55.24,55.24,41.67,50.72,41.67,50.72,62.97,,68.3,61.6,68.66,,64.79,,,,61.6,61.6,,61.6,61.6,61.6,110.9,61.6,71.78,71.78,,,,,55.0,44.33,44.33,41.67,41.67,44.33,71.85,50.72,68.64,64.55,41.67,41.67,41.67,41.67,61.6,52.0,,,,,,
2019-05-09 21:00:00+02:00,,49.9,,49.9,43.77,50.9,,49.7,,49.9,49.9,49.9,42.4,52.33,42.4,49.9,62.47,,67.4,49.9,53.88,,64.27,,,,60.2,60.2,,60.2,60.2,60.2,110.9,60.2,42.4,42.4,,,,,49.9,44.28,44.28,42.4,42.4,44.28,62.29,52.33,53.86,57.28,42.4,42.4,42.4,42.4,49.9,49.7,,,,,,
2019-05-09 22:00:00+02:00,,49.07,,49.07,40.88,48.12,,48.0,,49.07,49.07,49.07,41.34,49.07,41.34,49.07,54.8,,70.15,49.07,49.07,,56.39,,,,53.4,53.4,,53.4,53.4,53.4,110.27,53.4,41.34,41.34,,,,,49.07,44.17,44.17,41.34,41.34,44.17,60.48,49.07,49.06,50.54,41.34,41.34,41.34,41.34,49.07,48.0,,,,,,
2019-05-09 23:00:00+02:00,,44.0,,44.0,36.51,45.1,,40.7,,44.0,44.0,44.0,34.5,44.6,34.5,44.0,46.34,,73.65,44.0,43.45,,47.7,,,,49.15,49.15,,49.15,49.15,49.15,76.3,49.15,34.5,34.5,,,,,44.0,43.78,43.78,39.96,39.96,43.78,51.96,44.6,40.31,45.13,34.5,34.5,34.5,34.5,44.0,40.7,,,,,,
2019-05-10 00:00:00+02:00,,40.1,,40.1,35.44,44.36,,40.01,,40.1,40.1,40.1,12.35,40.1,12.35,40.1,46.38,,73.87,40.1,42.7,,47.31,,,,53.22,53.22,,53.22,53.22,53.22,75.3,53.22,12.35,12.35,,,,,40.1,43.32,43.32,39.6,39.6,43.32,46.0,40.1,42.69,43.38,12.35,12.35,12.35,12.35,40.1,40.01,,,,,,
2019-05-10 01:00:00+02:00,,38.83,,38.83,33.26,42.16,,40.41,,38.83,38.83,38.83,11.29,38.83,11.29,38.83,42.89,,69.75,38.83,40.41,,44.0,,,,50.56,50.56,,50.56,50.56,50.56,75.3,50.56,11.29,11.29,,,,,38.83,42.68,42.68,39.48,39.48,42.68,46.18,38.83,40.39,40.57,11.29,11.29,11.29,11.29,38.83,40.41,,,,,,
2019-05-10 02:00:00+02:00,,37.54,,37.54,31.99,39.48,,38.19,,37.54,37.54,37.54,7.5,37.54,7.5,37.54,44.29,,67.51,37.54,38.19,,44.09,,,,47.99,47.99,,47.99,47.99,47.99,72.3,47.99,7.5,7.5,,,,,37.54,41.92,41.92,39.12,39.12,41.92,47.32,37.54,38.17,38.84,7.5,7.5,7.5,7.5,37.54,38.19,,,,,,
2019-05-10 03:00:00+02:00,,37.25,,37.25,31.52,38.36,,37.1,,37.25,37.25,37.25,16.03,37.25,16.03,37.25,44.29,,67.49,37.25,37.1,,43.95,,,,48.57,48.57,,48.57,48.57,48.57,72.0,48.57,16.03,16.03,,,,,37.25,41.02,41.02,39.02,39.02,41.02,47.47,37.25,37.08,37.56,16.03,16.03,16.03,16.03,37.25,37.1,,,,,,
2019-05-10 04:00:00+02:00,,37.17,,37.17,31.59,38.21,,38.26,,37.17,37.17,37.17,16.1,37.17,16.1,37.17,43.46,,69.75,37.17,38.57,,43.27,,,,48.24,48.24,,48.24,48.24,48.24,73.3,48.24,16.1,16.1,,,,,37.17,41.86,41.86,39.02,39.02,41.86,46.67,37.17,38.56,38.92,16.1,16.1,16.1,16.1,37.17,38.26,,,,,,
2019-05-10 05:00:00+02:00,,39.02,,39.02,51.07,41.13,,42.2,,39.02,39.02,39.02,38.08,39.02,38.08,39.02,42.94,,64.82,45.3,46.69,,42.0,,,,52.75,57.69,,52.75,57.69,57.69,61.26,57.69,38.08,38.08,,,,,39.02,42.44,42.44,39.4,39.4,42.44,45.84,39.02,46.67,42.8,38.08,38.08,38.08,38.08,45.3,42.2,,,,,,
2019-05-10 06:00:00+02:00,,47.63,,47.63,70.22,49.46,,56.11,,47.63,47.63,47.63,42.55,47.63,42.55,47.63,48.68,,64.82,56.58,62.23,,46.93,,,,56.58,56.58,,56.58,56.58,56.58,77.3,56.58,42.55,42.55,,,,,47.63,44.04,44.04,42.55,42.55,44.04,61.82,47.63,62.2,52.64,42.55,42.55,42.55,42.55,56.58,56.11,,,,,,
2019-05-10 07:00:00+02:00,,54.58,,54.58,81.01,53.14,,57.76,,54.58,54.58,54.58,50.25,54.58,45.39,54.58,56.17,,67.66,62.6,72.8,,43.93,,,,62.6,62.6,,62.6,62.6,62.6,99.25,62.6,50.25,50.25,,,,,54.58,45.39,45.39,45.39,45.39,45.39,63.9,54.58,72.77,62.74,45.39,45.39,45.39,45.39,62.6,57.76,,,,,,
2019-05-10 08:00:00+02:00,,56.17,,56.17,83.91,56.6,,56.55,,56.17,56.17,56.17,50.27,56.17,45.9,56.17,65.5,,70.07,61.6,73.92,,63.7,,,,61.6,61.6,,61.6,61.6,61.6,127.02,61.6,50.27,50.27,,,,,56.17,45.9,45.9,45.9,45.83,45.9,67.07,56.17,73.89,68.21,45.9,45.9,45.9,45.9,61.6,56.55,,,,,,
2019-05-10 09:00:00+02:00,,53.07,,53.07,52.08,53.04,,55.3,,53.07,53.07,53.07,68.67,53.07,45.66,53.07,68.34,,70.01,60.36,65.03,,84.9,,,,60.36,60.36,,60.36,60.36,60.36,90.0,60.36,68.67,68.67,,,,,53.07,45.66,45.66,45.66,45.66,45.66,68.82,53.07,65.0,62.72,45.66,45.66,45.66,45.66,60.36,55.3,,,,,,
2019-05-10 10:00:00+02:00,,49.98,,50.39,51.04,49.59,,50.27,,49.82,49.82,49.82,56.07,50.16,45.45,50.16,67.24,,64.83,55.18,57.29,,85.0,,,,55.18,55.18,,55.18,55.18,55.18,85.01,55.18,56.07,56.07,,,,,50.41,45.45,45.45,45.45,45.45,45.45,67.69,50.16,57.27,59.31,45.45,45.45,45.45,45.45,55.18,50.27,,,,,,
2019-05-10 11:00:00+02:00,,46.93,,46.93,41.03,48.64,,48.89,,46.93,46.93,46.93,65.73,49.61,44.81,46.93,57.96,,62.91,46.93,50.47,,76.99,,,,52.56,52.56,,52.56,52.56,52.56,72.26,52.56,65.73,65.73,,,,,46.93,44.81,44.81,44.81,44.81,44.81,65.87,49.61,50.44,55.42,44.81,44.81,44.81,44.81,46.93,48.89,,,,,,
2019-05-10 12:00:00+02:00,,43.08,,43.94,56.08,46.75,,48.09,,42.7,42.7,42.7,66.72,49.47,43.66,43.49,54.48,,62.86,47.42,48.09,,70.0,,,,47.42,47.42,,47.42,47.42,47.42,73.3,47.42,66.72,66.72,,,,,45.11,43.66,43.66,43.66,43.66,43.66,66.86,49.47,48.07,49.94,43.66,43.66,43.66,43.66,47.42,48.09,,,,,,
2019-05-10 13:00:00+02:00,,38.22,,39.9,56.08,44.95,,43.65,,37.5,37.5,37.5,56.08,49.02,43.03,39.02,51.0,,62.81,46.38,43.65,,70.0,,,,46.38,46.38,,46.38,46.38,46.38,69.01,46.38,56.08,56.08,,,,,41.98,43.03,43.03,43.03,43.03,43.03,64.82,49.02,43.63,49.96,43.03,43.03,43.03,43.03,46.38,43.65,,,,,,
2019-05-10 14:00:00+02:00,,37.7,,39.02,56.63,41.1,,39.14,,37.1,37.1,37.1,62.83,45.53,42.3,38.35,46.31,,62.1,49.14,44.08,,59.09,,,,49.14,49.14,,49.14,49.14,49.14,64.01,49.14,62.83,62.83,,,,,40.94,42.3,42.3,42.3,42.3,42.3,62.95,45.53,44.06,50.99,42.3,42.3,42.3,42.3,49.14,39.14,,,,,,
2019-05-10 15:00:00+02:00,,37.21,,37.51,51.03,40.06,,38.92,,37.06,37.06,37.06,41.9,43.0,41.9,37.36,44.28,,62.78,40.5,44.81,,49.06,,,,50.13,50.13,,50.13,50.13,50.13,69.01,50.13,50.28,50.28,,,,,38.0,41.9,41.9,41.9,41.9,41.9,64.12,43.0,44.79,51.8,41.9,41.9,41.9,41.9,40.5,38.92,,,,,,
2019-05-10 16:00:00+02:00,,37.38,,37.38,38.29,40.49,,39.39,,37.38,37.38,37.38,42.04,43.51,42.04,37.38,44.28,,64.74,43.6,48.18,,54.0,,,,51.75,51.75,,51.75,51.75,51.75,51.75,51.75,50.3,50.3,,,,,37.38,42.04,42.04,42.04,42.04,42.04,58.84,43.51,48.16,53.12,42.04,42.04,42.04,42.04,43.6,39.39,,,,,,
2019-05-10 17:00:00+02:00,,42.7,,42.7,40.01,43.86,,44.17,,42.7,42.7,42.7,42.99,45.63,42.99,42.7,53.32,,70.08,45.97,49.95,,89.42,,,,52.68,52.68,,52.68,52.68,52.68,52.68,52.68,42.99,42.99,,,,,42.7,42.99,42.99,42.99,42.99,42.99,57.12,45.63,49.92,54.75,42.99,42.99,42.99,42.99,45.97,44.17,,,,,,
2019-05-10 18:00:00+02:00,,48.9,,48.9,63.91,47.91,,47.75,,48.9,48.9,48.9,43.76,48.9,43.76,48.9,65.37,,71.51,56.99,57.98,,93.2,,,,56.99,56.99,,56.99,56.99,56.99,56.99,56.99,48.9,48.9,,,,,48.9,43.76,43.76,43.76,43.76,43.76,56.67,48.9,57.95,57.91,43.76,43.76,43.76,48.9,56.99,47.75,,,,,,
2019-05-10 19:00:00+02:00,,50.48,,50.48,69.31,50.83,,52.43,,50.48,43.66,50.48,43.66,50.48,43.66,50.48,68.27,,75.92,67.0,66.09,,86.0,,,,67.0,67.0,,67.0,67.0,67.0,67.0,67.0,50.24,50.24,,,,,50.48,43.66,43.66,43.66,43.66,43.66,57.49,50.48,66.06,65.19,43.66,43.66,43.66,50.24,67.0,52.43,,,,,,
2019-05-10 20:00:00+02:00,,51.98,,50.63,80.01,53.09,,51.81,,51.98,43.38,51.98,43.37,53.47,43.37,49.77,67.22,,75.99,68.85,72.04,,68.98,,,,73.34,73.34,,68.85,73.34,73.34,76.26,73.34,50.73,50.73,,,,,51.81,43.38,43.38,43.37,43.37,43.38,58.75,53.47,72.0,71.15,43.37,43.37,43.37,50.73,68.85,51.81,,,,,,
2019-05-10 21:00:00+02:00,,51.45,,51.45,59.98,52.23,,50.38,,51.45,43.57,51.45,43.57,55.86,43.57,51.45,57.95,,75.88,68.0,65.96,,59.47,,,,68.0,68.0,,68.0,68.0,68.0,74.3,68.0,50.21,50.21,,,,,51.45,43.57,43.57,43.57,43.57,43.57,56.17,55.86,65.93,65.07,43.57,43.57,43.57,50.21,68.0,50.38,,,,,,
2019-05-10 22:00:00+02:00,,51.22,,51.22,51.05,50.94,,45.13,,51.22,43.44,51.22,43.25,54.8,43.25,51.22,54.82,,75.83,59.03,58.93,,56.26,,,,59.03,59.03,,59.03,59.03,59.03,63.26,59.03,43.25,43.25,,,,,51.22,43.44,43.44,43.25,43.25,43.44,53.02,54.8,62.39,54.88,43.25,43.25,43.25,43.25,59.03,45.13,,,,,,
2019-05-10 23:00:00+02:00,,48.47,,48.47,41.95,47.81,,36.01,,48.47,43.19,43.19,42.02,53.57,42.02,48.47,49.86,,67.85,52.01,53.93,,51.17,,,,52.01,52.01,,52.01,52.01,52.01,52.01,52.01,42.02,42.02,,,,,48.47,43.19,43.19,42.02,42.02,43.19,47.79,53.57,53.9,48.07,42.02,42.02,42.02,42.02,52.01,36.01,,,,,,
2019-05-11 00:00:00+02:00,,44.06,,44.06,53.21,43.74,,41.69,,44.06,44.06,44.06,40.68,54.89,40.68,44.06,60.27,,67.99,44.06,45.23,,61.68,,,,61.74,61.74,,61.74,61.74,61.74,61.74,61.74,40.68,40.68,,,,,44.06,43.62,43.62,40.68,40.68,43.62,44.74,54.89,45.23,43.94,40.68,40.68,40.68,40.68,44.06,41.69,,,,,,
2019-05-11 01:00:00+02:00,,40.0,,40.0,46.44,41.19,,31.01,,40.0,40.0,40.0,39.04,52.66,39.04,40.0,48.66,,67.58,40.0,41.43,,49.48,,,,54.96,61.74,,54.96,61.74,61.74,61.74,61.74,39.04,39.04,,,,,40.0,42.36,42.36,39.04,39.04,42.36,45.56,52.66,41.43,41.05,39.04,39.04,39.04,39.04,40.0,31.01,,,,,,
2019-05-11 02:00:00+02:00,,37.94,,37.94,44.01,38.95,,35.38,,37.94,37.94,37.94,37.02,51.29,37.02,37.94,48.61,,67.19,37.94,39.04,,47.42,,,,52.52,60.43,,52.52,60.43,60.43,60.43,60.43,37.02,37.02,,,,,37.94,41.62,41.62,37.33,37.33,41.62,46.66,51.29,39.04,38.94,37.02,37.02,37.02,37.02,37.94,35.38,,,,,,
2019-05-11 03:00:00+02:00,,36.52,,34.1,40.58,37.91,,31.01,,36.52,36.52,36.52,35.64,50.69,35.64,34.1,47.63,,64.82,36.52,38.05,,46.47,,,,52.39,60.43,,52.39,60.43,60.43,60.43,60.43,35.64,35.64,,,,,40.08,41.54,41.54,37.17,37.17,41.54,46.68,50.69,38.05,37.95,35.64,35.64,35.64,35.64,36.52,31.01,,,,,,
2019-05-11 04:00:00+02:00,,37.16,,34.22,32.28,37.65,,31.01,,37.16,37.16,37.16,36.27,50.6,36.27,32.21,45.08,,64.82,37.16,38.06,,43.99,,,,52.39,60.43,,52.39,60.43,60.43,60.43,60.43,36.27,36.27,,,,,36.96,41.57,41.57,37.02,37.02,41.57,47.39,50.6,38.06,37.99,36.27,36.27,36.27,36.27,37.16,31.01,,,,,,
2019-05-11 05:00:00+02:00,,36.83,,34.01,31.07,37.1,,30.01,,36.83,36.83,36.83,35.95,51.2,35.95,32.08,45.08,,64.48,36.83,37.47,,43.99,,,,52.37,61.74,,52.37,61.74,61.74,61.74,61.74,35.95,35.95,,,,,36.62,41.75,41.75,36.97,36.97,41.75,46.69,51.2,37.46,38.26,35.95,35.95,35.95,35.95,36.83,30.01,,,,,,
2019-05-11 06:00:00+02:00,,37.48,,32.97,30.17,37.73,,31.01,,37.48,37.48,37.48,36.58,48.93,36.58,29.85,44.4,,62.85,37.48,39.29,,43.32,,,,52.52,61.74,,52.52,61.74,61.74,61.74,61.74,36.58,36.58,,,,,37.16,41.31,41.31,38.81,38.81,41.31,47.39,48.93,39.28,41.52,36.58,36.58,36.58,36.58,37.48,31.01,,,,,,
2019-05-11 07:00:00+02:00,,39.11,,33.24,32.62,39.94,,39.16,,39.11,39.11,39.11,38.17,48.85,38.17,29.22,44.8,,62.83,39.11,40.76,,41.24,,,,59.67,61.74,,59.67,61.74,61.74,61.74,61.74,38.17,38.17,,,,,38.65,41.07,41.07,38.91,38.91,41.07,49.4,48.85,40.76,45.13,38.17,38.17,38.17,38.17,39.11,39.16,,,,,,
2019-05-11 08:00:00+02:00,,42.17,,34.2,34.97,43.4,,43.06,,42.17,42.17,42.17,41.16,52.66,41.16,28.77,44.04,,62.32,42.17,43.94,,45.2,,,,60.0,60.0,,60.0,60.0,60.0,72.26,60.0,41.16,41.16,,,,,41.55,42.2,42.2,41.16,41.16,42.2,62.09,52.66,43.94,48.57,41.16,41.16,41.16,41.16,42.17,43.06,,,,,,
2019-05-11 09:00:00+02:00,,43.0,,35.32,33.09,43.51,,43.49,,43.0,43.0,43.0,41.97,54.54,41.97,30.08,61.88,,62.82,43.0,44.09,,63.34,,,,55.77,55.77,,55.77,55.77,55.77,76.26,55.77,41.97,41.97,,,,,42.4,43.0,43.0,41.97,41.97,43.0,64.04,54.54,44.08,45.98,41.97,41.97,41.97,41.97,43.0,43.49,,,,,,
2019-05-11 10:00:00+02:00,,39.2,,53.0,31.94,41.9,,41.43,,39.2,40.96,40.96,41.0,53.68,41.0,27.05,67.56,,62.8,39.2,44.69,,69.15,,,,53.25,53.25,,53.25,53.25,53.25,53.25,53.25,41.0,41.0,,,,,46.58,43.19,43.19,41.0,41.0,43.19,65.35,53.68,44.68,45.62,41.0,41.0,41.0,41.0,39.2,41.43,,,,,,
2019-05-11 11:00:00+02:00,,38.72,,50.9,31.95,40.92,,40.59,,38.72,40.67,40.67,40.77,53.69,40.77,27.95,61.43,,62.79,38.72,42.3,,66.5,,,,51.0,51.0,,51.0,51.0,51.0,51.0,51.0,40.77,40.77,,,,,45.23,43.05,43.05,40.77,40.77,43.05,67.56,53.69,42.3,43.5,40.77,40.77,40.77,40.77,38.72,40.59,,,,,,
2019-05-11 12:00:00+02:00,,36.85,,42.5,32.44,38.98,,37.45,,36.85,36.85,36.85,40.25,52.66,40.25,31.85,57.94,,62.78,36.85,40.56,,66.13,,,,46.07,46.07,,46.07,46.07,46.07,46.07,46.07,40.25,40.25,,,,,39.87,41.94,41.94,40.25,40.25,41.94,66.41,52.66,40.56,41.99,40.25,40.25,40.25,40.25,36.85,37.45,,,,,,
2019-05-11 13:00:00+02:00,,36.22,,34.48,28.66,36.47,,34.72,,36.22,36.22,36.22,39.37,52.66,39.37,33.28,55.62,,40.45,36.22,37.61,,74.0,,,,41.3,41.3,,41.3,41.3,41.3,41.3,41.3,39.37,39.37,,,,,36.09,41.45,41.45,39.77,39.77,41.45,64.27,52.66,37.61,41.24,39.37,39.37,39.37,39.37,36.22,34.72,,,,,,
2019-05-11 14:00:00+02:00,,33.41,,30.65,25.0,33.46,,32.51,,33.41,33.41,33.41,37.98,51.0,37.98,28.77,44.98,,40.45,33.41,36.09,,66.6,,,,40.0,40.0,,40.0,40.0,40.0,40.0,40.0,37.98,37.98,,,,,33.19,41.83,41.83,39.78,39.78,41.83,62.13,51.0,36.09,39.81,37.98,37.98,37.98,37.98,33.41,32.51,,,,,,
2019-05-11 15:00:00+02:00,,32.09,,28.23,24.8,32.59,,32.01,,32.09,32.09,32.09,36.71,47.74,36.71,25.61,42.0,,56.0,32.09,37.4,,59.75,,,,43.7,43.7,,43.7,43.7,43.7,43.7,43.7,36.71,36.71,,,,,31.79,41.69,41.69,39.74,39.74,41.69,58.37,47.74,37.39,41.44,36.71,36.71,36.71,36.71,32.09,32.01,,,,,,
2019-05-11 16:00:00+02:00,,32.09,,26.99,26.04,33.33,,32.48,,32.09,32.09,32.09,36.92,43.07,36.92,23.55,40.53,,62.82,32.09,38.42,,54.0,,,,46.26,46.26,,46.26,46.26,46.26,46.26,46.26,36.92,36.92,,,,,31.7,41.67,41.67,39.74,39.74,41.67,58.38,43.07,38.41,39.29,36.92,36.92,36.92,36.92,32.09,32.48,,,,,,
2019-05-11 17:00:00+02:00,,34.7,,31.43,29.56,35.31,,34.34,,34.7,34.7,34.7,38.2,40.84,38.2,29.21,38.49,,70.04,34.7,37.92,,65.0,,,,47.78,47.78,,47.78,47.78,47.78,47.78,47.78,38.2,38.2,,,,,34.46,41.6,41.6,39.76,39.76,41.6,54.14,40.84,37.92,43.35,38.2,38.2,38.2,38.2,34.7,34.34,,,,,,
2019-05-11 18:00:00+02:00,,37.36,,37.36,46.43,38.09,,39.75,,37.36,37.36,37.36,38.21,40.89,38.21,37.36,47.5,,71.45,37.36,41.39,,70.93,,,,52.52,52.52,,52.52,52.52,52.52,52.52,52.52,38.21,38.21,,,,,37.36,41.66,41.66,39.85,39.85,41.66,54.1,40.89,41.38,44.99,38.21,38.21,38.21,38.21,37.36,39.75,,,,,,
2019-05-11 19:00:00+02:00,,39.9,,39.9,41.16,41.0,,40.98,,39.9,39.9,39.9,39.87,45.0,39.87,39.9,57.86,,73.94,39.9,50.79,,71.93,,,,60.43,60.43,,58.01,60.43,60.43,67.26,60.43,39.87,39.87,,,,,39.9,41.91,41.91,39.87,39.87,41.91,54.13,45.0,50.79,51.96,39.87,39.87,39.87,39.87,39.9,40.98,,,,,,
2019-05-11 20:00:00+02:00,,37.88,,37.88,61.28,39.64,,39.82,,37.88,37.88,37.88,37.88,48.93,37.88,37.88,63.72,,70.14,45.3,60.03,,65.93,,,,71.99,71.99,,55.0,71.99,71.99,76.26,71.99,37.88,37.88,,,,,37.88,41.85,41.85,39.83,39.83,41.85,55.9,48.93,60.02,60.93,37.88,37.88,37.88,37.88,45.3,39.82,,,,,,
2019-05-11 21:00:00+02:00,,37.94,,40.0,61.3,37.99,,37.68,,37.61,37.61,37.61,36.7,53.69,36.7,39.18,62.56,,71.39,37.94,54.09,,64.05,,,,60.43,60.43,,54.99,60.43,60.43,76.26,60.43,36.7,36.7,,,,,45.31,42.49,42.49,39.8,39.8,42.49,57.13,53.69,54.09,56.09,36.7,36.7,36.7,36.7,37.94,37.68,,,,,,
2019-05-11 22:00:00+02:00,,38.89,,43.65,56.18,37.7,,36.05,,37.26,37.26,37.26,31.01,51.6,31.01,41.51,63.72,,71.55,38.89,48.11,,65.24,,,,54.25,54.25,,54.0,54.25,54.25,54.25,54.25,31.01,31.01,,,,,57.7,42.95,42.95,39.61,39.61,42.95,49.29,51.6,48.11,51.19,31.01,31.01,31.01,31.01,38.89,36.05,,,,,,
2019-05-11 23:00:00+02:00,,35.51,,40.61,42.45,36.24,,32.52,,35.02,35.02,35.02,32.46,46.23,32.46,38.67,54.57,,67.97,35.51,37.4,,55.86,,,,49.55,49.55,,49.55,49.55,49.55,49.55,49.55,32.46,32.46,,,,,52.91,42.69,42.69,39.44,39.44,42.69,46.82,46.23,37.39,44.1,32.46,32.46,32.46,32.46,35.51,32.52,,,,,,
2019-05-12 00:00:00+02:00,,36.45,,38.23,24.52,33.4,,25.46,,35.78,35.78,35.78,30.0,39.56,30.0,37.42,57.34,,67.62,36.45,29.56,,58.71,,,,49.8,49.8,,49.8,49.8,49.8,49.8,49.8,30.0,30.0,,,,,43.76,42.36,42.36,36.03,36.03,42.36,44.85,39.56,29.54,36.91,30.0,30.0,30.0,30.0,36.45,25.46,,,,,,
2019-05-12 01:00:00+02:00,,30.51,,33.01,24.5,30.62,,15.0,,29.56,29.56,29.56,19.97,34.8,19.97,31.88,49.47,,67.33,30.51,23.23,,50.65,,,,46.04,46.04,,46.04,46.04,46.04,46.04,46.04,19.97,19.97,,,,,40.8,42.15,42.15,35.84,35.84,42.15,44.39,34.8,23.22,27.52,19.97,19.97,19.97,19.97,30.51,15.0,,,,,,
2019-05-12 02:00:00+02:00,,27.87,,30.96,24.51,26.75,,0.0,,26.7,26.7,26.7,4.72,29.99,4.72,29.56,48.42,,64.82,27.87,20.43,,49.59,,,,42.0,42.0,,42.0,42.0,42.0,42.0,42.0,4.72,4.72,,,,,40.5,41.84,41.84,35.64,35.64,41.84,44.71,29.99,20.42,23.1,4.72,4.72,4.72,4.72,27.87,0.0,,,,,,
2019-05-12 03:00:00+02:00,,24.12,,28.01,24.51,19.7,,20.08,,22.66,22.66,22.66,2.95,26.25,2.95,26.25,48.66,,67.47,24.12,20.39,,49.48,,,,36.05,36.05,,36.05,36.05,36.05,36.05,36.05,2.95,2.95,,,,,39.88,41.2,41.2,35.6,35.6,41.2,45.49,26.25,20.38,22.31,2.95,2.95,2.95,2.95,24.12,20.08,,,,,,
2019-05-12 04:00:00+02:00,,22.58,,27.01,24.35,20.06,,21.08,,20.91,20.91,20.91,2.02,25.0,2.02,25.0,46.22,,67.38,22.58,21.08,,46.01,,,,35.51,35.51,,35.51,35.51,35.51,35.51,35.51,2.02,2.02,,,,,40.44,41.78,41.78,35.54,35.54,41.78,44.94,25.0,21.08,21.37,2.02,2.02,2.02,2.02,22.58,21.08,,,,,,
2019-05-12 05:00:00+02:00,,21.88,,25.83,22.54,20.02,,17.95,,20.4,20.4,20.4,2.97,24.04,2.97,24.04,45.14,,69.61,21.88,17.95,,44.07,,,,40.96,40.96,,40.96,40.96,40.96,40.96,40.96,2.97,2.97,,,,,37.4,41.27,41.27,35.5,35.5,41.27,44.42,24.04,17.94,22.01,2.97,2.97,2.97,2.97,21.88,17.95,,,,,,
2019-05-12 06:00:00+02:00,,24.03,,25.07,22.54,20.05,,19.67,,23.64,23.64,23.64,3.03,24.6,3.03,24.6,43.35,,65.58,24.03,19.67,,42.32,,,,35.51,35.51,,35.51,35.51,35.51,35.51,35.51,3.03,3.03,,,,,28.1,40.96,40.96,36.48,36.48,40.96,45.24,24.6,19.66,21.86,3.03,3.03,3.03,3.03,24.03,19.67,,,,,,
2019-05-12 07:00:00+02:00,,24.7,,29.27,22.54,24.06,,19.75,,23.04,23.04,23.04,2.98,27.21,2.98,27.21,43.01,,64.68,24.7,19.75,,41.99,,,,39.16,39.16,,39.16,39.16,39.16,39.16,39.16,2.98,2.98,,,,,40.39,41.72,41.72,37.69,37.69,41.72,45.2,27.21,19.74,24.38,2.98,2.98,2.98,2.98,24.7,19.75,,,,,,
2019-05-12 08:00:00+02:00,,28.12,,31.79,22.54,25.29,,23.9,,26.79,26.79,26.79,11.05,30.14,11.05,30.14,43.05,,69.6,28.12,23.9,,43.65,,,,43.8,43.8,,43.8,43.8,43.8,43.8,43.8,11.05,11.05,,,,,40.56,41.9,41.9,37.82,37.82,41.9,45.14,30.14,23.89,26.9,11.05,11.05,11.05,11.05,28.12,23.9,,,,,,
2019-05-12 09:00:00+02:00,,22.29,,27.7,22.54,25.14,,25.07,,20.34,20.34,20.34,19.86,34.6,19.86,25.27,44.99,,67.88,22.29,25.07,,46.08,,,,46.5,46.5,,46.5,46.5,46.5,46.5,46.5,19.86,19.86,,,,,40.6,41.94,41.94,38.68,38.68,41.94,48.08,34.6,25.06,27.3,19.86,19.86,19.86,19.86,22.29,25.07,,,,,,
2019-05-12 10:00:00+02:00,,12.73,,20.46,22.53,18.97,,23.43,,9.93,9.93,9.93,9.69,35.3,9.69,16.98,53.25,,55.24,12.73,23.43,,54.53,,,,52.24,52.24,,52.24,52.24,52.24,52.24,52.24,9.69,9.69,,,,,38.9,42.1,42.1,38.97,38.97,42.1,48.34,35.3,23.42,25.02,9.69,9.69,9.69,9.69,12.73,23.43,,,,,,
2019-05-12 11:00:00+02:00,,10.97,,19.01,22.53,13.74,,24.41,,8.05,8.05,8.05,7.86,38.01,7.86,15.4,55.66,,69.61,25.05,24.41,,57.0,,,,50.0,50.0,,50.0,50.0,50.0,50.0,50.0,7.86,7.86,,,,,38.2,42.11,42.11,38.76,38.76,42.11,48.41,38.01,24.4,24.12,7.86,7.86,7.86,7.86,25.05,24.41,,,,,,
2019-05-12 12:00:00+02:00,,10.08,,20.1,22.54,6.64,,21.6,,9.48,9.48,9.48,9.25,38.6,9.25,16.4,56.65,,22.29,40.0,21.6,,58.02,,,,44.83,44.83,,44.83,44.83,44.83,44.83,44.83,9.25,9.25,,,,,39.0,42.03,42.03,38.11,38.11,42.03,48.44,38.6,21.59,20.82,9.25,9.25,9.25,9.25,40.0,21.6,,,,,,
2019-05-12 13:00:00+02:00,,0.03,,13.11,22.53,0.44,,15.76,,-0.51,-0.51,-0.51,1.97,39.1,1.97,8.36,56.64,,11.44,40.0,15.76,,58.01,,,,40.61,40.61,,40.61,40.61,40.61,40.61,40.61,1.97,1.97,,,,,37.4,42.01,42.01,37.9,37.9,42.01,48.24,39.1,15.75,17.03,1.97,1.97,1.97,1.97,40.0,15.76,,,,,,
2019-05-12 14:00:00+02:00,,-10.88,,-1.22,22.53,-6.77,,15.36,,-15.06,-15.06,-15.06,1.7,38.6,1.7,-5.16,47.85,,1.0,39.15,15.36,,49.0,,,,39.15,39.15,,39.15,39.15,39.15,39.15,39.15,1.7,1.7,,,,,35.0,41.94,41.94,38.05,38.05,41.94,46.77,38.6,15.35,15.15,1.7,1.7,1.7,1.7,39.15,15.36,,,,,,
2019-05-12 15:00:00+02:00,,-18.35,,-8.39,22.54,-10.93,,15.03,,-22.96,-19.93,-19.93,1.46,35.3,1.46,-12.27,45.17,,15.55,38.0,15.03,,46.27,,,,38.0,38.0,,38.0,38.0,38.0,38.0,38.0,1.46,1.46,,,,,34.9,41.76,41.76,38.24,38.24,41.76,44.52,35.3,15.02,15.6,1.46,1.46,1.46,1.46,38.0,15.03,,,,,,
2019-05-12 16:00:00+02:00,,-4.45,,2.21,22.54,0.92,,10.09,,-8.54,-8.54,-8.54,1.8,31.59,1.8,-1.27,44.82,,38.05,5.02,10.09,,45.91,,,,42.0,42.0,,42.0,42.0,42.0,42.0,42.0,1.8,1.8,,,,,40.53,41.87,41.87,38.53,38.53,41.87,44.54,35.5,10.08,18.55,1.8,1.8,1.8,1.8,5.02,10.09,,,,,,
2019-05-12 17:00:00+02:00,,11.96,,17.4,26.63,13.91,,18.69,,9.91,9.91,9.91,9.67,35.0,9.67,14.88,48.99,,69.76,11.96,18.69,,47.84,,,,44.32,44.32,,44.32,44.32,44.32,44.32,44.32,9.67,9.67,,,,,33.2,41.72,41.72,38.7,38.7,41.72,44.62,35.55,18.68,22.47,9.67,9.67,9.67,9.67,11.96,18.69,,,,,,
2019-05-12 18:00:00+02:00,,31.23,,33.61,31.15,27.04,,27.11,,30.34,30.34,30.34,20.98,37.21,20.98,32.51,52.47,,67.83,31.23,27.11,,51.23,,,,47.99,47.99,,47.99,47.99,47.99,47.99,47.99,20.98,20.98,,,,,40.88,42.23,42.23,38.62,38.62,42.23,44.7,38.6,27.1,28.61,20.98,20.98,20.98,20.98,31.23,27.11,,,,,,
2019-05-12 19:00:00+02:00,,36.52,,38.9,31.97,34.72,,33.45,,36.92,36.92,36.92,25.81,39.1,25.81,35.07,62.54,,67.49,36.52,33.45,,61.07,,,,52.63,52.63,,52.52,52.63,52.63,52.63,52.63,25.81,25.81,,,,,37.98,41.29,41.29,38.96,38.96,41.29,44.75,39.1,33.44,34.26,25.81,25.81,25.81,25.81,36.52,33.45,,,,,,
2019-05-12 20:00:00+02:00,,40.0,,40.0,44.85,38.15,,39.3,,40.0,40.0,40.0,21.92,49.0,21.92,40.0,69.26,,67.45,40.0,39.3,,55.0,,,,59.26,59.26,,52.52,59.26,59.26,59.26,59.26,21.92,21.92,,,,,40.0,41.66,41.66,39.19,39.19,41.66,46.86,49.0,39.28,43.09,21.92,21.92,21.92,21.92,40.0,39.3,,,,,,
2019-05-12 21:00:00+02:00,,40.87,,40.87,34.97,38.16,,36.43,,40.87,40.87,40.87,31.04,56.41,31.04,40.87,69.49,,67.59,40.87,37.41,,48.0,,,,59.26,59.26,,54.45,59.26,59.26,59.26,59.26,31.04,31.04,,,,,40.87,42.23,42.23,39.22,39.22,42.23,49.36,56.41,37.39,40.64,31.04,31.04,31.04,31.04,40.87,36.43,,,,,,
2019-05-12 22:00:00+02:00,,41.6,,43.37,34.98,38.01,,35.12,,41.92,41.92,41.92,20.09,55.45,20.09,42.71,64.39,,67.8,41.6,35.12,,44.18,,,,57.65,57.65,,52.39,57.65,57.65,57.65,57.65,20.09,20.09,,,,,44.1,42.69,42.69,38.97,38.97,42.69,44.83,55.45,35.1,38.02,20.09,20.09,20.09,20.09,41.6,35.12,,,,,,
2019-05-12 23:00:00+02:00,,34.81,,41.36,30.16,36.07,,32.48,,36.02,36.02,36.02,24.91,49.23,24.91,38.91,46.32,,64.68,34.81,32.48,,39.0,,,,47.56,47.56,,47.56,47.56,47.56,47.56,47.56,24.91,24.91,,,,,44.09,42.68,42.68,38.5,38.5,42.68,44.99,49.23,32.47,36.43,24.91,24.91,24.91,24.91,34.81,32.48,,,,,,
2019-05-13 00:00:00+02:00,,35.69,,38.64,24.5,37.16,,24.41,,35.69,35.69,35.69,16.33,39.87,16.33,37.72,46.32,,64.82,35.69,30.1,,40.88,,,,57.64,57.64,,55.0,57.64,57.64,57.64,57.64,16.33,16.33,,,,,44.94,42.62,42.62,38.17,38.17,42.62,46.19,39.87,30.09,33.54,16.33,16.33,16.33,16.33,35.69,24.41,,,,,,
2019-05-13 01:00:00+02:00,,29.74,,33.97,24.44,35.07,,27.29,,29.74,29.74,29.74,19.21,37.85,19.21,32.67,43.89,,64.38,29.74,27.29,,42.87,,,,48.4,57.65,,48.4,57.65,57.65,57.65,57.65,19.21,19.21,,,,,42.59,42.14,42.14,37.9,37.9,42.14,45.83,37.85,27.28,31.23,19.21,19.21,19.21,19.21,29.74,27.29,,,,,,
2019-05-13 02:00:00+02:00,,29.37,,32.9,24.37,33.4,,25.58,,29.37,29.37,29.37,19.95,35.0,19.95,31.81,42.79,,61.88,29.37,25.58,,40.0,,,,45.65,57.64,,45.65,57.64,57.64,57.64,57.64,19.95,19.95,,,,,39.9,41.47,41.47,37.56,37.56,41.47,45.82,35.0,25.57,29.75,19.95,19.95,19.95,19.95,29.37,25.58,,,,,,
2019-05-13 03:00:00+02:00,,29.41,,31.88,24.38,32.62,,24.96,,29.41,29.41,29.41,19.14,34.6,19.14,31.12,41.67,,54.2,29.41,24.96,,35.64,,,,44.73,56.5,,44.73,56.5,56.5,56.5,56.5,19.14,19.14,,,,,36.8,41.62,41.62,37.76,37.76,41.62,45.83,34.6,24.95,29.12,19.14,19.14,19.14,19.14,29.41,24.96,,,,,,
2019-05-13 04:00:00+02:00,,30.43,,30.62,24.51,33.91,,27.04,,30.43,30.43,30.43,28.15,34.3,28.15,30.57,41.66,,64.11,30.43,27.04,,35.64,,,,44.73,57.64,,44.73,57.64,57.64,57.64,57.64,28.15,28.15,,,,,31.0,41.34,41.34,37.55,37.55,41.34,45.8,34.3,27.02,30.94,28.15,28.15,28.15,28.15,30.43,27.04,,,,,,
2019-05-13 05:00:00+02:00,,35.73,,35.73,26.06,37.57,,33.55,,35.73,35.73,35.73,35.73,35.73,35.73,35.73,39.34,,69.72,35.73,33.55,,35.64,,,,57.65,57.65,,49.73,57.65,57.65,57.65,57.65,35.73,35.73,,,,,35.73,42.34,42.34,37.91,37.91,42.34,46.18,35.73,33.54,34.5,35.73,35.73,35.73,35.73,35.73,33.55,,,,,,
2019-05-13 06:00:00+02:00,,46.16,,46.16,52.0,46.42,,44.98,,46.16,46.16,46.16,47.09,46.16,47.09,46.16,47.33,,67.92,46.16,44.98,,35.64,,,,58.56,58.56,,58.56,58.56,58.56,58.56,58.56,47.09,47.09,,,,,46.16,43.28,43.28,41.26,41.26,43.28,60.65,46.16,44.96,44.92,41.26,41.26,41.26,45.05,46.16,44.98,,,,,,
2019-05-13 07:00:00+02:00,,53.01,,53.01,59.54,52.88,,52.54,,53.01,53.01,53.01,70.43,53.01,70.43,53.01,54.57,,73.57,53.01,52.54,,41.06,,,,59.26,59.26,,59.26,59.26,59.26,59.26,59.26,70.43,70.43,,,,,53.01,44.28,44.28,42.76,42.76,44.28,57.83,53.01,52.51,51.03,42.76,42.76,42.76,53.01,53.01,52.54,,,,,,
2019-05-13 08:00:00+02:00,,53.01,,53.01,54.56,52.41,,51.63,,53.01,53.01,53.01,121.05,53.01,121.05,53.01,68.22,,70.85,53.01,51.63,,42.41,,,,69.26,69.26,,69.26,69.26,69.26,80.25,69.26,121.05,121.05,,,,,53.01,45.5,45.5,43.24,43.24,45.5,65.53,53.01,52.51,52.84,43.24,43.24,43.24,53.01,53.01,51.63,,,,,,
2019-05-13 09:00:00+02:00,,47.26,,47.26,48.51,47.87,,46.31,,47.26,47.26,47.26,159.96,51.08,159.96,47.26,67.06,,70.12,47.26,48.95,,65.6,,,,63.77,63.77,,63.77,63.77,63.77,76.25,63.77,159.96,159.96,,,,,47.26,44.05,44.05,43.01,43.01,44.05,66.24,51.08,48.93,48.79,43.01,43.01,43.01,47.26,47.26,46.31,,,,,,
2019-05-13 10:00:00+02:00,,40.0,,40.0,45.55,45.67,,42.0,,40.0,40.0,42.27,121.01,50.56,121.01,40.0,58.32,,67.82,40.0,45.03,,57.06,,,,61.25,61.25,,61.25,61.25,61.25,61.25,61.25,121.01,121.01,,,,,40.0,43.07,43.07,42.27,42.27,43.07,65.31,50.56,45.01,45.06,42.27,42.27,42.27,42.27,40.0,42.0,,,,,,
2019-05-13 11:00:00+02:00,,36.7,,36.7,43.53,43.82,,40.9,,36.7,36.7,36.7,111.74,50.54,111.74,36.7,43.92,,70.12,40.4,42.42,,43.07,,,,57.73,57.73,,57.73,57.73,57.73,57.73,57.73,111.74,111.74,,,,,36.7,42.01,42.01,42.01,42.01,42.01,62.24,50.54,42.39,43.07,42.01,42.01,42.01,42.01,40.4,40.9,,,,,,
2019-05-13 12:00:00+02:00,,34.7,,34.7,47.89,38.91,,40.2,,34.7,40.71,40.71,108.85,51.01,108.85,34.7,43.26,,67.84,51.91,40.77,,42.41,,,,56.26,56.26,,56.26,56.26,56.26,56.26,56.26,108.85,108.85,,,,,34.7,41.57,41.57,41.57,41.57,41.57,60.44,51.01,40.75,39.68,41.57,41.57,41.57,41.57,51.91,40.2,,,,,,
2019-05-13 13:00:00+02:00,,32.74,,32.74,48.5,36.83,,40.77,,32.74,41.03,41.03,114.93,51.01,114.93,32.74,42.89,,70.04,48.1,40.77,,42.41,,,,55.56,55.56,,55.56,55.56,55.56,55.56,55.56,114.93,114.93,,,,,32.74,41.46,41.46,41.46,41.46,41.46,59.85,51.01,40.75,37.02,41.46,41.46,41.46,41.46,48.1,40.77,,,,,,
2019-05-13 14:00:00+02:00,,31.33,,31.33,45.99,34.94,,38.88,,31.33,41.44,41.44,45.57,50.54,45.57,31.33,42.91,,65.35,49.62,38.88,,42.06,,,,57.65,57.65,,57.65,57.65,57.65,57.65,57.65,45.57,45.57,,,,,31.33,41.44,41.44,41.44,41.44,41.44,59.78,50.54,38.86,37.0,41.44,41.44,41.44,41.44,49.62,38.88,,,,,,
2019-05-13 15:00:00+02:00,,30.98,,30.98,45.01,35.3,,38.03,,30.98,41.1,41.4,42.49,50.3,42.49,30.98,40.42,,67.48,49.9,38.03,,39.58,,,,57.64,57.64,,57.64,57.64,57.64,57.64,57.64,42.49,42.49,,,,,30.98,41.4,41.4,41.4,41.4,41.4,58.77,50.3,38.01,36.63,41.4,41.4,41.4,41.4,49.9,38.03,,,,,,
2019-05-13 16:00:00+02:00,,32.06,,32.06,41.5,35.63,,40.2,,32.06,40.93,41.38,41.38,50.02,41.38,32.06,42.96,,67.86,52.7,40.2,,42.41,,,,57.65,57.65,,57.65,57.65,57.65,72.0,57.65,41.38,41.38,,,,,32.06,41.38,41.38,41.38,41.38,41.38,57.71,50.02,40.18,37.12,41.38,41.38,41.38,41.38,52.7,40.2,,,,,,
2019-05-13 17:00:00+02:00,,36.05,,42.77,45.51,38.03,,42.67,,36.05,36.05,41.96,64.79,50.19,64.79,30.35,50.8,,71.66,40.4,42.67,,49.76,,,,58.75,58.75,,58.75,58.75,58.75,58.75,58.75,64.79,64.79,,,,,38.94,41.96,41.96,41.96,41.96,41.96,57.76,50.19,42.64,40.63,41.96,41.96,41.96,41.96,40.4,42.67,,,,,,
2019-05-13 18:00:00+02:00,,43.6,,43.6,51.54,45.89,,45.79,,43.6,43.6,43.6,64.46,49.88,64.46,43.6,59.1,,71.62,43.6,45.79,,57.9,,,,57.65,57.65,,57.65,57.65,57.65,60.25,57.65,64.46,64.46,,,,,43.6,43.1,43.1,42.5,42.5,43.1,57.75,49.88,45.76,46.5,42.5,42.5,42.5,43.6,43.6,45.79,,,,,,
2019-05-13 19:00:00+02:00,,48.95,,48.95,55.06,48.19,,50.05,,48.95,48.95,48.95,56.79,50.38,56.79,48.95,66.94,,73.99,48.95,50.05,,66.13,,,,59.26,59.26,,59.26,59.26,59.26,76.25,59.26,56.79,56.79,,,,,48.95,43.79,43.79,42.72,42.72,43.79,58.73,50.38,50.02,49.96,42.72,42.72,42.72,48.95,48.95,50.05,,,,,,
2019-05-13 20:00:00+02:00,,48.96,,53.7,53.19,48.24,,51.7,,48.96,48.96,48.96,48.24,52.0,48.24,44.75,72.63,,75.27,51.2,56.32,,71.19,,,,60.97,60.97,,58.48,60.97,60.97,103.0,60.97,48.24,48.24,,,,,51.21,44.42,44.42,42.71,42.71,44.42,60.86,52.0,56.29,54.51,42.71,42.71,42.71,48.24,51.2,51.7,,,,,,
2019-05-13 21:00:00+02:00,,47.61,,47.61,48.5,47.93,,47.65,,47.61,47.61,47.61,47.61,56.19,47.15,47.61,70.58,,73.5,47.61,47.65,,69.19,,,,59.26,59.26,,59.26,59.26,59.26,102.25,59.26,47.61,47.61,,,,,47.61,44.45,44.45,42.98,42.98,44.45,58.2,56.19,47.62,48.58,42.98,42.98,42.98,47.61,47.61,47.65,,,,,,
2019-05-13 22:00:00+02:00,,46.88,,46.88,36.98,46.58,,45.48,,46.88,46.88,46.88,41.37,51.01,41.83,46.88,65.17,,73.37,46.88,45.48,,65.0,,,,57.64,57.64,,57.64,57.64,57.64,76.25,57.64,41.37,41.37,,,,,46.88,44.58,44.58,41.83,41.83,44.58,60.65,51.01,45.45,46.0,41.83,41.83,41.83,45.76,46.88,45.48,,,,,,
2019-05-13 23:00:00+02:00,,41.26,,41.26,30.95,42.34,,39.57,,41.26,41.26,41.26,40.22,46.81,40.22,41.26,48.74,,71.65,41.26,39.57,,47.79,,,,51.0,51.0,,51.0,51.0,51.0,51.0,51.0,40.22,40.22,,,,,41.26,43.38,43.38,40.22,40.22,43.38,53.27,46.81,39.54,40.15,40.22,40.22,40.22,40.27,41.26,39.57,,,,,,
2019-05-14 00:00:00+02:00,,38.34,,38.34,32.94,40.06,,40.68,,38.34,38.34,38.34,38.34,43.76,38.34,38.34,43.82,,71.0,38.34,40.68,,33.52,,,,56.17,56.17,,52.31,56.17,56.17,56.17,56.17,38.34,38.34,,,,,38.34,42.09,42.09,39.59,39.59,42.09,49.0,43.76,40.65,40.81,38.34,38.34,38.34,38.34,38.34,40.68,,,,,,
2019-05-14 01:00:00+02:00,,35.83,,35.83,34.2,37.9,,37.38,,35.83,35.83,35.83,35.83,40.9,35.83,35.83,40.7,,70.22,35.83,37.38,,32.57,,,,51.44,56.2,,51.44,56.2,56.2,56.2,56.2,35.83,35.83,,,,,35.83,41.29,41.29,39.42,39.42,41.29,48.13,40.9,37.35,37.52,35.83,35.83,35.83,35.83,35.83,37.38,,,,,,
2019-05-14 02:00:00+02:00,,35.32,,35.32,29.28,36.5,,35.55,,35.32,40.78,40.78,36.18,40.9,36.18,35.32,40.7,,69.48,35.32,35.55,,30.0,,,,50.2,53.55,,50.2,53.55,53.55,53.55,53.55,36.18,36.18,,,,,35.32,40.78,40.78,39.31,39.31,40.78,48.9,40.9,35.53,35.87,36.18,36.18,36.18,36.18,35.32,35.55,,,,,,
2019-05-14 03:00:00+02:00,,34.96,,34.96,29.07,36.23,,34.69,,34.96,40.87,40.87,35.82,40.9,35.82,34.96,40.01,,69.69,34.96,34.69,,29.69,,,,49.99,50.13,,49.99,50.13,50.13,50.13,50.13,35.82,35.82,,,,,34.96,40.87,40.87,39.27,39.27,40.87,48.26,40.9,34.67,34.99,35.82,35.82,35.82,35.82,34.96,34.69,,,,,,
2019-05-14 04:00:00+02:00,,35.6,,35.6,29.08,36.46,,35.31,,35.6,37.41,37.38,37.38,41.0,37.38,35.6,38.68,,69.71,35.6,35.31,,29.12,,,,47.84,49.89,,47.84,49.89,49.89,49.89,49.89,37.38,37.38,,,,,35.6,41.21,41.21,39.22,39.22,41.21,48.91,41.0,35.29,35.42,37.38,37.38,37.38,37.38,35.6,35.31,,,,,,
2019-05-14 05:00:00+02:00,,38.79,,38.79,44.83,40.1,,38.75,,38.79,40.92,40.95,40.95,44.44,40.95,38.79,39.63,,71.37,38.79,38.75,,29.12,,,,50.22,50.22,,50.22,50.22,50.22,50.22,50.22,40.95,40.95,,,,,38.79,42.09,42.09,40.95,40.95,42.09,47.23,44.44,39.27,39.16,40.95,40.95,40.95,40.95,38.79,38.75,,,,,,
2019-05-14 06:00:00+02:00,,47.84,,46.36,54.42,47.92,,48.42,,48.43,48.43,49.62,49.62,48.52,49.62,45.34,46.18,,71.6,47.84,48.42,,32.66,,,,52.55,52.55,,52.55,52.55,52.55,52.55,52.55,49.62,49.62,,,,,48.22,43.46,43.46,43.46,43.35,43.46,54.68,48.52,48.39,46.47,43.46,43.46,43.46,49.62,47.84,48.42,,,,,,
2019-05-14 07:00:00+02:00,,54.16,,52.93,63.95,54.74,,56.79,,54.76,54.76,58.75,110.01,52.01,110.01,52.01,52.98,,71.52,54.16,56.79,,33.52,,,,57.6,57.6,,57.6,57.6,57.6,57.6,57.6,110.01,110.01,,,,,54.61,45.45,45.45,45.45,43.45,45.45,58.81,52.01,56.75,52.57,45.45,45.45,45.45,58.75,54.16,56.79,,,,,,
2019-05-14 08:00:00+02:00,,55.53,,55.53,63.92,54.56,,54.93,,55.53,55.53,61.38,148.02,55.53,148.02,55.53,65.53,,71.45,55.53,54.93,,55.0,,,,58.37,58.37,,58.37,58.37,58.37,77.75,58.37,148.02,148.02,,,,,55.53,46.04,46.04,46.04,43.55,46.04,61.45,55.53,54.89,54.2,46.04,46.04,46.04,61.38,55.53,54.93,,,,,,
2019-05-14 09:00:00+02:00,,46.98,,46.98,58.34,48.51,,49.16,,46.98,46.98,59.6,99.97,54.82,99.97,46.98,67.89,,81.25,46.98,52.33,,70.93,,,,57.55,57.55,,57.55,57.55,57.55,75.76,57.55,99.97,99.97,,,,,46.98,44.98,44.98,44.98,43.52,44.98,59.67,54.82,52.29,50.96,44.98,44.98,44.98,59.6,46.98,49.16,,,,,,
2019-05-14 10:00:00+02:00,,40.71,,40.71,54.18,44.55,,45.02,,40.71,41.59,57.51,57.51,53.8,57.51,40.71,57.56,,71.49,43.53,48.13,,59.25,,,,56.2,56.2,,56.2,56.2,56.2,62.0,56.2,57.51,57.51,,,,,40.71,43.59,43.59,43.59,43.49,43.59,59.55,53.8,48.09,45.93,43.59,43.59,43.59,57.51,43.53,45.02,,,,,,
2019-05-14 11:00:00+02:00,,36.3,,36.3,48.5,40.01,,47.76,,36.3,43.4,50.35,54.02,54.88,54.02,36.3,42.57,,71.48,43.6,47.76,,43.83,,,,55.06,55.06,,55.06,55.06,55.06,55.06,55.06,54.02,54.02,,,,,36.3,43.4,43.4,43.4,43.4,43.4,57.51,54.88,47.73,44.04,43.4,43.4,43.4,50.35,43.6,47.76,,,,,,
2019-05-14 12:00:00+02:00,,34.26,,34.26,55.16,36.28,,47.1,,34.26,43.34,47.7,59.17,55.99,59.17,34.26,40.72,,73.42,43.6,47.1,,41.92,,,,51.0,51.0,,51.0,51.0,51.0,51.0,51.0,59.17,59.17,,,,,34.26,43.34,43.34,43.34,43.34,43.34,57.09,55.99,47.07,45.04,43.34,43.34,43.34,47.7,43.6,47.1,,,,,,
2019-05-14 13:00:00+02:00,,34.0,,34.0,54.05,35.01,,46.02,,34.0,43.14,50.3,52.04,56.46,52.04,34.0,40.3,,67.79,43.6,46.02,,41.49,,,,50.82,50.82,,50.82,50.82,50.82,50.82,50.82,52.04,52.04,,,,,34.0,43.14,43.14,43.14,43.14,43.14,56.27,56.46,45.99,41.44,43.14,43.14,43.14,50.3,43.6,46.02,,,,,,
2019-05-14 14:00:00+02:00,,33.84,,33.84,53.02,33.97,,45.0,,33.84,42.82,42.82,42.82,55.99,42.82,33.84,39.76,,65.8,40.0,45.0,,40.93,,,,53.59,53.59,,53.59,53.59,53.59,53.59,53.59,42.82,42.82,,,,,33.84,42.82,42.82,42.82,42.82,42.82,55.32,55.99,44.97,40.09,42.82,42.82,42.82,42.82,40.0,45.0,,,,,,
2019-05-14 15:00:00+02:00,,34.04,,34.04,51.06,33.74,,45.0,,34.04,42.18,42.18,42.18,55.04,42.18,34.04,39.87,,62.93,40.0,45.0,,40.34,,,,52.31,52.31,,52.31,52.31,52.31,52.31,52.31,42.18,42.18,,,,,34.04,42.18,42.18,42.18,42.18,42.18,57.18,55.04,44.97,39.76,42.18,42.18,42.18,42.18,40.0,45.0,,,,,,
2019-05-14 16:00:00+02:00,,34.93,,34.93,36.47,35.34,,44.43,,34.93,41.95,41.95,41.95,54.01,41.95,34.93,39.87,,63.88,45.06,44.43,,40.0,,,,54.14,54.14,,54.14,54.14,54.14,54.14,54.14,41.95,41.95,,,,,34.93,41.95,41.95,41.95,41.95,41.95,55.39,54.01,44.4,37.98,41.95,41.95,41.95,41.95,45.06,44.43,,,,,,
2019-05-14 17:00:00+02:00,,37.3,,37.3,32.85,38.17,,40.77,,37.3,41.46,42.33,42.33,53.49,42.33,37.3,43.78,,67.63,40.0,40.77,,43.36,,,,54.98,54.98,,54.98,54.98,54.98,54.98,54.98,42.33,42.33,,,,,37.3,42.33,42.33,42.33,42.33,42.33,55.4,53.49,40.74,39.39,42.33,42.33,42.33,42.33,40.0,40.77,,,,,,
2019-05-14 18:00:00+02:00,,43.95,,43.95,39.22,45.35,,46.04,,43.95,43.95,49.29,49.29,53.0,49.29,43.95,55.79,,71.7,43.95,46.04,,54.77,,,,55.62,55.62,,55.62,55.62,55.62,68.37,55.62,49.29,49.29,,,,,43.95,43.08,43.08,43.08,43.08,43.08,55.38,53.0,46.01,44.48,43.08,43.08,43.08,49.29,43.95,46.04,,,,,,
2019-05-14 19:00:00+02:00,,47.91,,47.91,41.7,47.53,,49.66,,47.91,47.91,49.28,49.28,54.01,50.31,47.91,62.52,,67.6,47.91,49.66,,61.39,,,,57.55,57.55,,57.55,57.55,57.55,76.76,57.55,49.28,49.28,,,,,47.91,43.65,43.65,43.65,43.41,43.65,57.12,54.01,49.63,50.32,43.65,43.65,43.65,49.28,47.91,49.66,,,,,,
2019-05-14 20:00:00+02:00,,47.99,,46.86,42.07,48.0,,50.22,,48.45,48.45,48.45,47.29,56.21,46.26,46.06,67.97,,67.5,47.99,51.91,,61.0,,,,57.6,57.6,,57.6,57.6,57.6,95.76,57.6,47.29,47.29,,,,,48.29,43.97,43.97,43.97,43.43,43.97,57.18,56.21,51.88,54.89,43.97,43.97,43.97,47.29,47.99,50.22,,,,,,
2019-05-14 21:00:00+02:00,,47.91,,46.8,39.95,47.04,,47.95,,48.36,48.36,48.36,48.36,58.56,43.77,46.02,67.39,,67.44,47.91,47.95,,59.0,,,,57.55,57.55,,57.55,57.55,57.55,81.0,57.55,48.36,48.36,,,,,48.22,43.77,43.77,43.77,43.42,43.77,56.88,58.56,47.92,49.53,43.77,43.77,43.77,48.36,47.91,47.95,,,,,,
2019-05-14 22:00:00+02:00,,45.19,,45.19,38.9,46.73,,46.77,,45.19,45.19,45.19,38.67,56.31,43.26,45.19,60.08,,70.15,45.19,46.77,,59.0,,,,53.22,53.22,,53.22,53.22,53.22,77.75,53.22,38.67,38.67,,,,,45.19,43.31,43.31,43.26,43.26,43.31,56.7,56.31,46.74,47.11,43.26,43.26,43.26,44.11,45.19,46.77,,,,,,
2019-05-14 23:00:00+02:00,,40.36,,40.36,33.43,42.82,,41.33,,40.36,40.36,40.36,40.36,53.5,40.36,40.36,43.77,,70.0,40.36,41.33,,42.98,,,,49.24,49.24,,49.24,49.24,49.24,49.24,49.24,40.36,40.36,,,,,40.36,42.14,42.14,40.36,40.36,42.14,52.31,53.5,41.3,43.11,40.36,40.36,40.36,40.36,40.36,41.33,,,,,,
2019-05-15 00:00:00+02:00,,37.1,,37.1,28.72,39.33,,37.01,,37.1,37.1,37.1,37.1,52.75,37.1,37.1,40.62,,69.77,37.1,37.66,,33.52,,,,50.79,58.16,,50.79,58.16,58.16,58.16,58.16,37.1,37.1,,,,,37.1,41.82,41.82,39.17,39.17,41.82,53.13,52.75,37.65,39.34,37.1,37.1,37.1,37.1,37.1,37.01,,,,,,
2019-05-15 01:00:00+02:00,,35.68,,35.68,28.71,36.25,,35.55,,35.68,38.92,38.92,38.92,52.6,38.92,35.68,36.85,,67.44,35.68,35.55,,35.13,,,,46.2,57.6,,46.2,57.6,57.6,57.6,57.6,38.92,38.92,,,,,35.68,40.92,40.92,38.92,38.92,40.92,49.34,52.6,35.54,36.5,38.92,38.92,38.92,38.92,35.68,35.55,,,,,,
2019-05-15 02:00:00+02:00,,35.57,,35.57,25.55,35.96,,34.45,,35.57,40.02,40.02,39.04,52.59,39.04,35.57,36.8,,67.42,35.57,34.45,,33.52,,,,45.02,64.55,,45.02,64.55,64.55,64.55,64.55,39.04,39.04,,,,,35.57,40.02,40.02,39.04,39.04,40.02,47.69,52.59,34.44,35.58,39.04,39.04,39.04,39.04,35.57,34.45,,,,,,
2019-05-15 03:00:00+02:00,,35.44,,35.44,25.76,35.74,,34.25,,35.44,40.08,40.08,39.11,52.59,39.11,35.44,36.78,,67.42,35.44,34.25,,33.52,,,,45.49,57.6,,45.49,57.6,57.6,57.6,57.6,39.11,39.11,,,,,35.44,40.08,40.08,39.11,39.11,40.08,47.71,52.59,34.24,34.96,39.11,39.11,39.11,39.11,35.44,34.25,,,,,,
2019-05-15 04:00:00+02:00,,34.38,,34.38,26.07,35.94,,34.73,,34.38,34.99,34.99,34.99,52.66,34.99,34.38,36.75,,69.73,34.38,34.73,,33.52,,,,45.66,65.52,,45.66,65.52,65.52,65.52,65.52,34.99,34.99,,,,,34.38,40.52,40.52,38.88,38.88,40.52,47.72,52.66,34.72,35.04,34.99,34.99,34.99,34.99,34.38,34.73,,,,,,
2019-05-15 05:00:00+02:00,,36.21,,36.21,31.11,39.3,,38.07,,36.21,37.11,37.11,40.69,52.75,40.69,36.21,37.12,,69.78,36.21,38.07,,33.52,,,,46.99,73.15,,46.99,73.15,73.15,73.15,73.15,40.69,40.69,,,,,36.21,41.72,41.72,40.69,40.69,41.72,47.91,52.75,38.06,38.13,40.69,40.69,40.69,40.69,36.21,38.07,,,,,,
2019-05-15 06:00:00+02:00,,46.65,,44.43,39.95,47.51,,48.93,,46.65,46.65,46.65,48.58,52.75,48.58,43.61,44.56,,71.6,46.65,48.93,,33.52,,,,51.99,64.55,,51.99,64.55,64.55,64.55,64.55,48.58,48.58,,,,,44.1,42.69,42.69,42.91,42.7,42.69,56.11,52.75,48.92,45.17,42.91,42.91,42.91,46.65,46.65,48.93,,,,,,
2019-05-15 07:00:00+02:00,,50.99,,50.99,48.08,52.08,,54.96,,50.99,50.99,57.13,64.95,54.97,64.95,50.99,52.09,,73.46,50.99,54.96,,40.0,,,,55.92,58.6,,55.92,58.6,58.6,65.01,58.6,64.95,64.95,,,,,50.99,44.83,44.83,46.71,42.82,44.83,57.33,54.97,54.95,50.82,46.71,46.71,46.71,57.13,50.99,54.96,,,,,,
2019-05-15 08:00:00+02:00,,55.07,,55.07,48.48,56.59,,56.93,,55.07,55.07,61.75,68.43,57.5,68.43,55.07,56.39,,73.48,55.07,56.93,,53.89,,,,60.0,60.0,,60.0,60.0,60.0,74.72,60.0,68.43,68.43,,,,,55.07,45.39,45.39,48.12,42.83,45.39,61.96,57.5,56.92,53.93,48.12,48.12,48.12,61.75,55.07,56.93,,,,,,
2019-05-15 09:00:00+02:00,,47.82,,47.82,40.86,48.54,,51.1,,47.82,47.82,59.6,63.97,57.27,63.97,47.82,58.67,,71.6,47.82,51.1,,57.45,,,,57.6,57.6,,57.6,57.6,57.6,78.72,57.6,63.97,63.97,,,,,47.82,44.66,44.66,46.62,42.78,44.66,59.82,57.27,51.08,50.03,46.62,46.62,46.62,59.6,47.82,51.1,,,,,,
2019-05-15 10:00:00+02:00,,44.84,,44.84,36.98,44.71,,48.1,,44.84,44.84,56.66,56.66,56.54,56.66,44.84,50.52,,71.64,44.84,48.1,,49.48,,,,57.55,57.55,,57.55,57.55,57.55,65.0,57.55,56.66,56.66,,,,,44.84,43.48,43.48,46.31,42.88,43.48,56.87,56.54,48.09,47.55,46.31,46.31,46.31,56.66,44.84,48.1,,,,,,
2019-05-15 11:00:00+02:00,,40.94,,40.94,33.95,41.36,,52.24,,40.94,41.3,56.1,56.1,55.72,56.1,40.94,41.9,,81.05,44.4,52.24,,43.05,,,,57.55,57.55,,57.55,57.55,57.55,57.55,57.55,56.1,56.1,,,,,40.94,42.65,42.65,46.23,42.85,42.65,58.17,55.72,52.23,49.07,46.23,46.23,46.23,56.1,44.4,52.24,,,,,,
2019-05-15 12:00:00+02:00,,38.77,,38.77,34.0,38.28,,52.3,,38.77,42.51,46.2,56.09,56.12,56.09,38.77,40.68,,80.97,52.64,52.3,,40.18,,,,52.64,52.64,,52.64,52.64,52.64,52.64,52.64,56.09,56.09,,,,,38.77,42.51,42.51,46.2,42.8,42.51,57.85,56.12,52.29,48.75,46.2,46.2,46.2,46.2,52.64,52.3,,,,,,
2019-05-15 13:00:00+02:00,,35.67,,35.67,40.03,38.2,,52.0,,35.67,42.34,49.84,54.9,55.04,54.9,35.67,40.15,,69.78,52.01,52.0,,40.18,,,,52.01,52.01,,52.01,52.01,52.01,52.01,52.01,54.9,54.9,,,,,35.67,42.34,42.34,44.98,42.79,42.34,57.82,55.04,51.99,47.78,44.98,44.98,44.98,49.84,52.01,52.0,,,,,,
2019-05-15 14:00:00+02:00,,35.57,,35.57,31.79,37.24,,48.42,,35.57,42.33,43.68,43.68,53.56,43.68,35.57,39.34,,67.72,43.5,48.42,,39.57,,,,54.82,54.82,,54.82,54.82,54.82,54.82,54.82,43.68,43.68,,,,,35.57,42.33,42.33,43.68,42.8,42.33,56.91,53.56,48.41,47.25,43.68,43.68,43.68,43.68,43.5,48.42,,,,,,
2019-05-15 15:00:00+02:00,,34.28,,34.28,33.06,38.17,,48.1,,34.28,42.23,42.49,42.49,52.56,42.49,34.28,38.92,,69.76,43.5,48.1,,39.57,,,,57.34,57.34,,57.34,57.34,57.34,57.34,57.34,42.49,42.49,,,,,34.28,42.23,42.23,42.49,42.49,42.23,57.31,52.56,48.09,46.07,42.49,42.49,42.49,42.49,43.5,48.1,,,,,,
2019-05-15 16:00:00+02:00,,35.52,,35.52,33.57,38.67,,48.52,,35.52,42.15,42.15,42.15,51.6,42.15,35.52,39.31,,69.92,43.5,48.52,,39.57,,,,57.55,57.55,,57.55,57.55,57.55,57.55,57.55,42.15,42.15,,,,,35.52,42.15,42.15,42.15,42.15,42.15,56.62,51.6,48.5,46.07,42.15,42.15,42.15,42.15,43.5,48.52,,,,,,
2019-05-15 17:00:00+02:00,,40.0,,40.0,35.56,41.74,,48.0,,40.0,40.84,42.46,42.46,51.01,42.46,40.0,41.25,,71.55,40.1,48.0,,42.47,,,,57.55,57.55,,57.55,57.55,57.55,57.55,57.55,42.46,42.46,,,,,40.0,42.26,42.26,42.46,42.46,42.26,56.63,51.01,47.99,45.07,42.46,42.46,42.46,42.46,40.1,48.0,,,,,,
2019-05-15 18:00:00+02:00,,44.11,,44.11,39.46,45.46,,47.44,,44.11,44.11,48.82,48.82,50.21,48.82,44.11,49.52,,81.23,44.11,47.44,,51.0,,,,57.55,57.55,,57.55,57.55,57.55,57.55,57.55,48.82,48.82,,,,,44.11,42.7,42.7,43.06,42.6,42.7,56.0,50.21,47.43,46.3,43.06,43.06,43.06,48.82,44.11,47.44,,,,,,
2019-05-15 19:00:00+02:00,,45.8,,45.8,40.87,47.57,,49.26,,45.8,45.8,48.21,48.57,51.45,48.57,45.8,59.54,,73.99,45.8,49.26,,61.34,,,,59.57,59.57,,59.57,59.57,59.57,80.72,59.57,48.57,48.57,,,,,45.8,43.16,43.16,43.16,42.64,43.16,56.31,51.45,49.25,49.74,43.16,43.16,43.16,48.21,45.8,49.26,,,,,,
2019-05-15 20:00:00+02:00,,44.37,,44.37,52.75,47.72,,48.55,,44.37,44.37,44.37,42.95,53.3,42.95,44.37,61.82,,74.5,44.37,60.02,,60.73,,,,72.0,72.0,,62.43,72.0,72.0,97.72,72.0,42.95,42.95,,,,,44.37,42.95,42.95,42.95,42.65,42.95,56.67,53.3,60.0,53.24,42.95,42.95,42.95,43.3,44.37,48.55,,,,,,
2019-05-15 21:00:00+02:00,,43.23,,43.23,38.75,46.7,,46.53,,43.23,43.23,43.23,42.45,56.53,42.45,43.23,59.51,,71.6,43.23,47.72,,60.0,,,,57.6,57.6,,57.6,57.6,57.6,80.72,57.6,42.45,42.45,,,,,43.23,42.45,42.45,42.45,42.45,42.45,55.94,56.53,47.71,48.33,42.45,42.45,42.45,42.45,43.23,46.53,,,,,,
2019-05-15 22:00:00+02:00,,43.5,,43.5,38.0,44.44,,44.87,,43.5,43.5,43.5,42.13,54.3,42.13,43.5,48.85,,81.24,43.5,44.87,,50.38,,,,54.23,56.2,,54.23,56.2,56.2,73.72,56.2,42.13,42.13,,,,,43.5,42.13,42.13,42.13,42.13,42.13,54.56,54.3,44.86,44.19,42.13,42.13,42.13,42.13,43.5,44.87,,,,,,
2019-05-15 23:00:00+02:00,,38.91,,38.91,32.43,39.23,,36.58,,38.91,38.91,38.91,38.06,52.38,38.06,38.91,42.89,,71.65,38.91,40.59,,44.24,,,,50.79,51.0,,50.79,51.0,51.0,51.0,51.0,37.97,38.06,,,,,38.91,41.07,41.07,39.2,39.2,41.07,53.64,52.38,40.58,42.04,38.06,38.06,38.06,38.06,38.91,36.58,,,,,,
2019-05-16 00:00:00+02:00,,34.5,,34.5,28.51,36.15,,36.36,,34.5,34.5,34.5,33.67,57.5,33.67,34.5,50.79,,71.18,34.5,36.76,,48.76,,,,48.85,57.6,,48.85,57.6,57.6,57.6,57.6,33.67,33.67,,,,,34.5,37.02,37.02,38.15,38.15,37.02,50.15,57.5,36.76,38.45,33.67,33.67,33.67,33.67,34.5,36.36,,,,,,
2019-05-16 01:00:00+02:00,,34.5,,34.5,27.87,35.08,,35.32,,34.5,34.5,34.5,33.67,57.45,33.67,34.5,37.73,,69.72,34.5,35.32,,37.11,,,,46.24,57.6,,46.24,57.6,57.6,57.6,57.6,33.67,33.67,,,,,34.5,36.26,36.26,38.01,38.01,36.26,48.5,57.45,35.31,35.49,33.67,33.67,33.67,33.67,34.5,35.32,,,,,,
2019-05-16 02:00:00+02:00,,34.01,,34.01,25.56,34.9,,34.06,,34.01,34.01,34.01,33.19,56.78,33.19,34.01,37.38,,67.42,34.01,34.06,,36.77,,,,44.85,57.6,,44.85,57.6,57.6,57.6,57.6,33.19,33.19,,,,,34.01,35.13,35.13,37.9,37.9,35.13,46.93,56.78,34.06,34.26,33.19,33.19,33.19,33.19,34.01,34.06,,,,,,
2019-05-16 03:00:00+02:00,,32.07,,32.07,24.92,34.3,,33.3,,32.07,32.07,32.07,31.3,56.56,31.3,32.07,36.92,,67.41,32.07,33.3,,36.32,,,,44.43,57.55,,44.43,57.55,57.55,57.55,57.55,31.3,31.3,,,,,32.07,34.54,34.54,37.89,37.89,34.54,46.99,56.56,33.3,33.62,31.3,31.3,31.3,31.3,32.07,33.3,,,,,,
2019-05-16 04:00:00+02:00,,33.09,,33.09,25.57,34.01,,33.44,,33.09,33.09,33.09,25.68,56.21,25.68,33.09,36.58,,69.72,33.09,33.44,,35.98,,,,43.89,57.55,,43.89,57.55,57.55,57.55,57.55,25.68,25.68,,,,,33.09,34.5,34.5,37.86,37.86,34.5,47.06,56.21,33.44,33.43,25.68,25.68,25.68,25.68,33.09,33.44,,,,,,
2019-05-16 05:00:00+02:00,,35.05,,35.05,29.96,36.57,,36.54,,35.05,35.05,35.05,36.01,57.38,36.01,35.05,36.52,,71.43,35.05,36.54,,37.69,,,,45.64,57.55,,45.64,57.55,57.55,57.55,57.55,36.01,36.01,,,,,35.05,39.09,39.09,37.94,37.94,39.09,49.1,57.38,36.54,36.03,36.01,36.01,36.01,36.01,35.05,36.54,,,,,,
2019-05-16 06:00:00+02:00,,42.7,,42.7,50.54,44.12,,45.85,,42.7,42.7,42.7,48.89,57.1,48.89,42.7,43.51,,71.69,43.5,46.2,,42.81,,,,55.77,56.2,,55.77,56.2,56.2,56.2,56.2,48.89,48.89,,,,,42.7,41.63,41.63,41.63,41.63,41.63,54.79,57.1,46.2,44.47,41.63,41.63,41.63,41.68,43.5,45.85,,,,,,
2019-05-16 07:00:00+02:00,,47.21,,47.21,63.93,47.79,,52.06,,47.21,47.21,47.21,57.64,57.28,57.64,47.21,48.04,,71.66,59.6,57.59,,42.54,,,,59.6,59.6,,59.6,59.6,59.6,59.6,59.6,57.64,57.64,,,,,47.21,42.82,42.82,42.82,42.65,42.82,56.33,57.28,57.58,54.07,42.82,42.82,42.82,47.21,59.6,52.06,,,,,,
2019-05-16 08:00:00+02:00,,49.3,,49.3,65.96,51.03,,59.0,,49.3,49.3,49.3,64.82,57.79,64.82,49.3,55.97,,73.57,60.5,62.37,,62.62,,,,60.5,60.5,,60.5,60.5,60.5,81.0,60.5,64.82,64.82,,,,,49.3,43.51,43.51,43.51,42.8,43.51,59.57,57.79,62.37,58.05,43.51,43.51,43.51,49.3,60.5,59.0,,,,,,
2019-05-16 09:00:00+02:00,,45.06,,45.06,63.95,47.4,,56.0,,45.06,45.06,45.06,63.03,57.71,63.03,45.06,61.71,,70.02,56.2,60.01,,65.23,,,,56.2,56.2,,56.2,56.2,56.2,78.72,56.2,63.03,63.03,,,,,45.06,43.44,43.44,43.44,42.75,43.44,60.14,57.71,60.0,55.72,43.44,43.44,43.44,45.06,56.2,56.0,,,,,,
2019-05-16 10:00:00+02:00,,44.23,,44.23,63.8,45.45,,52.0,,44.23,44.23,44.23,58.03,57.1,58.03,44.23,54.85,,69.97,53.84,56.9,,57.99,,,,53.84,53.84,,53.84,53.84,53.84,65.01,53.84,58.03,58.03,,,,,44.23,42.81,42.81,42.81,42.74,42.81,57.74,57.1,56.9,53.68,42.81,42.81,42.81,43.17,53.84,52.0,,,,,,
2019-05-16 11:00:00+02:00,,43.93,,43.93,60.98,44.6,,52.0,,43.93,43.93,43.93,58.0,55.89,58.0,43.93,44.94,,66.9,51.04,55.99,,47.51,,,,51.04,51.04,,51.04,51.04,51.04,51.04,51.04,58.0,58.0,,,,,43.93,42.52,42.52,42.52,42.52,42.52,57.77,55.89,55.99,54.86,42.52,42.52,42.52,42.88,51.04,52.0,,,,,,
2019-05-16 12:00:00+02:00,,41.7,,41.7,58.96,43.32,,52.0,,41.7,41.7,41.7,54.89,56.21,54.89,41.7,42.65,,63.78,50.0,52.98,,45.1,,,,50.0,50.0,,50.0,50.0,50.0,50.0,50.0,54.89,54.89,,,,,41.7,41.7,41.7,41.7,41.7,41.7,57.79,56.21,52.97,51.02,41.7,41.7,41.7,41.7,50.0,52.0,,,,,,
2019-05-16 13:00:00+02:00,,39.97,,39.97,55.78,41.55,,51.2,,39.97,39.97,39.97,51.28,54.58,51.28,39.97,40.88,,61.78,49.9,52.29,,43.23,,,,49.9,49.9,,49.9,49.9,49.9,49.9,49.9,51.28,51.28,,,,,39.97,41.29,41.29,41.46,41.46,41.29,58.41,54.58,52.29,52.97,41.46,41.46,41.46,41.46,49.9,51.2,,,,,,
2019-05-16 14:00:00+02:00,,38.87,,38.87,57.61,40.5,,48.12,,38.87,38.87,38.87,40.93,51.17,40.93,38.87,39.75,,51.45,51.0,50.4,,42.04,,,,51.0,51.0,,51.0,51.0,51.0,51.0,51.0,40.93,40.93,,,,,38.87,40.38,40.38,40.93,40.93,40.38,57.82,51.17,50.4,51.56,40.93,40.93,40.93,40.93,51.0,48.12,,,,,,
2019-05-16 15:00:00+02:00,,37.97,,37.97,40.18,39.3,,44.9,,37.97,37.97,37.97,40.25,49.56,40.25,37.97,39.12,,63.38,50.07,51.73,,41.38,,,,51.99,51.0,,51.99,51.0,51.0,51.0,51.0,40.25,40.25,,,,,37.97,40.25,40.25,40.25,40.25,40.25,61.76,49.56,51.72,52.07,40.25,40.25,40.25,40.25,50.07,44.9,,,,,,
2019-05-16 16:00:00+02:00,,35.9,,35.9,35.02,40.03,,44.9,,35.9,35.9,35.9,39.33,48.1,39.33,35.9,37.45,,64.85,50.08,50.09,,39.61,,,,54.0,54.0,,54.0,54.0,54.0,54.0,54.0,39.33,39.33,,,,,35.9,39.33,39.33,39.33,39.33,39.33,58.72,48.1,50.08,51.94,39.33,39.33,39.33,39.33,50.08,44.9,,,,,,
2019-05-16 17:00:00+02:00,,39.05,,39.05,50.01,42.51,,44.9,,39.05,39.05,39.05,40.34,44.11,40.34,39.05,42.97,,70.07,49.9,50.06,,45.44,,,,54.02,54.02,,54.02,54.02,54.02,54.02,54.02,40.34,40.34,,,,,39.05,40.34,40.34,40.34,40.34,40.34,58.5,44.11,50.05,51.98,40.34,40.34,40.34,40.34,49.9,44.9,,,,,,
2019-05-16 18:00:00+02:00,,40.97,,40.97,58.28,44.18,,44.9,,40.97,40.97,40.97,48.83,40.97,48.83,40.97,48.78,,71.42,50.0,52.45,,51.6,,,,55.0,56.2,,55.0,56.2,56.2,56.2,56.2,48.83,48.83,,,,,40.97,40.97,40.97,40.97,40.97,40.97,58.24,40.97,52.44,52.19,40.97,40.97,40.97,40.97,50.0,44.9,,,,,,
2019-05-16 19:00:00+02:00,,42.8,,42.8,62.86,44.78,,49.0,,42.8,42.8,42.8,48.83,42.8,48.83,42.8,54.81,,73.97,57.6,56.7,,57.99,,,,57.6,57.6,,57.6,57.6,57.6,57.6,57.6,48.83,48.83,,,,,42.8,41.51,41.51,41.51,41.51,41.51,60.73,42.8,56.69,55.26,41.51,41.51,41.51,41.77,57.6,49.0,,,,,,
2019-05-16 20:00:00+02:00,,41.58,,41.58,63.96,43.97,,48.65,,41.58,41.58,41.58,40.58,47.61,40.58,41.58,54.25,,74.64,62.0,63.96,,56.04,,,,62.0,73.15,,62.0,73.15,73.15,73.72,73.15,40.58,40.58,,,,,41.58,41.39,41.39,40.58,40.58,41.39,65.46,47.61,63.95,63.38,40.58,40.58,40.58,40.58,62.0,48.65,,,,,,
2019-05-16 21:00:00+02:00,,41.38,,41.38,45.42,43.24,,44.69,,41.38,41.38,41.38,40.39,50.19,40.39,41.38,52.52,,72.69,49.9,54.42,,54.25,,,,55.19,57.67,,55.19,57.67,57.67,72.72,57.67,40.39,40.39,,,,,41.38,41.02,41.02,40.39,40.39,41.02,60.59,50.19,54.41,55.03,40.39,40.39,40.39,40.39,49.9,44.69,,,,,,
2019-05-16 22:00:00+02:00,,40.83,,40.83,37.87,42.38,,44.51,,40.83,40.83,40.83,38.89,48.49,38.89,40.83,46.81,,71.5,53.04,48.09,,48.85,,,,53.04,56.75,,53.04,56.75,56.75,56.75,56.75,38.89,38.89,,,,,40.83,40.21,40.21,38.89,38.89,40.21,60.71,48.49,48.08,46.06,38.89,38.89,38.89,38.89,53.04,44.51,,,,,,
2019-05-16 23:00:00+02:00,,36.79,,36.79,33.05,37.85,,39.56,,36.79,36.79,36.79,34.97,40.8,34.97,36.79,42.8,,71.64,47.99,46.2,,44.21,,,,47.99,49.7,,47.99,49.7,49.7,49.7,49.7,34.97,34.97,,,,,36.79,37.97,37.97,34.97,34.97,37.97,56.83,40.8,46.19,41.09,34.97,34.97,34.97,34.97,47.99,39.56,,,,,,
2019-05-17 00:00:00+02:00,,35.7,,35.7,30.96,34.48,,36.4,,35.7,35.7,35.7,34.84,39.28,34.84,35.7,47.43,,70.83,49.01,39.9,,46.42,,,,49.01,57.55,,49.01,57.55,57.55,57.55,57.55,34.09,34.84,,,,,35.7,36.88,36.88,34.84,34.84,36.88,51.64,39.28,39.89,37.35,34.84,34.84,34.84,34.84,49.01,36.4,,,,,,
2019-05-17 01:00:00+02:00,,35.18,,35.18,29.44,33.89,,35.5,,35.18,35.18,35.18,34.03,36.5,34.03,35.18,41.1,,69.7,43.6,35.5,,40.22,,,,45.42,64.0,,45.42,64.0,64.0,64.0,64.0,34.03,34.03,,,,,35.18,36.34,36.34,34.03,34.03,36.34,52.23,36.5,35.49,34.85,34.03,34.03,34.03,34.03,43.6,35.5,,,,,,
2019-05-17 02:00:00+02:00,,34.25,,34.25,27.47,32.92,,33.47,,34.25,34.25,34.25,25.95,34.25,25.95,34.25,38.13,,68.61,34.25,33.47,,37.31,,,,43.04,57.6,,43.04,57.6,57.6,57.6,57.6,25.95,25.95,,,,,34.25,35.39,35.39,25.95,25.95,35.39,52.79,34.25,33.46,32.93,25.95,25.95,25.95,25.95,34.25,33.47,,,,,,
2019-05-17 03:00:00+02:00,,33.79,,33.79,26.41,32.64,,32.74,,33.79,33.79,33.79,25.96,33.79,25.96,33.79,35.9,,67.49,33.79,32.74,,35.14,,,,43.87,57.6,,43.87,57.6,57.6,57.6,57.6,25.96,25.96,,,,,33.79,34.91,34.91,25.96,25.96,34.91,52.79,33.79,32.73,32.03,25.96,25.96,25.96,25.96,33.79,32.74,,,,,,
2019-05-17 04:00:00+02:00,,34.0,,34.0,25.25,32.96,,33.37,,34.0,34.0,34.0,22.85,34.0,22.85,34.0,34.98,,67.52,34.0,33.37,,34.22,,,,42.95,57.6,,42.95,57.6,57.6,57.6,57.6,22.85,22.85,,,,,34.0,34.0,34.0,22.85,22.85,34.0,52.82,34.0,33.36,32.01,22.85,22.85,22.85,22.85,34.0,33.37,,,,,,
2019-05-17 05:00:00+02:00,,36.09,,36.09,31.04,35.42,,36.29,,36.09,36.09,36.09,36.09,36.09,36.09,36.09,37.12,,69.75,43.6,38.01,,35.99,,,,44.73,57.6,,44.73,57.6,57.6,57.6,57.6,36.09,36.09,,,,,36.09,37.28,37.28,36.09,36.09,37.28,52.29,36.09,38.0,36.01,36.09,36.09,36.09,36.09,43.6,36.29,,,,,,
2019-05-17 06:00:00+02:00,,41.13,,41.13,46.91,41.35,,44.42,,41.13,41.13,41.13,48.97,41.13,48.97,41.13,42.14,,71.65,55.0,53.91,,40.26,,,,55.0,57.6,,55.0,57.6,57.6,57.6,57.6,48.97,48.97,,,,,41.13,40.15,40.15,40.15,40.15,40.15,61.03,41.13,53.9,46.86,40.15,40.15,40.15,40.15,55.0,44.42,,,,,,
2019-05-17 07:00:00+02:00,,47.06,,47.0,54.93,44.29,,49.42,,47.06,42.14,47.06,53.16,47.04,53.16,47.04,48.05,,71.58,60.0,61.92,,41.0,,,,60.0,60.0,,60.0,60.0,60.0,69.01,60.0,53.16,53.16,,,,,46.71,41.93,41.93,41.93,41.93,41.93,67.45,47.04,63.02,54.98,41.93,41.93,41.93,45.93,60.0,49.42,,,,,,
2019-05-17 08:00:00+02:00,,51.13,,51.1,56.06,45.67,,50.0,,51.13,42.1,51.13,67.21,51.12,67.21,51.12,52.35,,71.58,60.38,62.95,,59.9,,,,60.38,60.38,,60.38,60.38,60.38,92.74,60.38,67.21,67.21,,,,,50.89,42.1,42.1,42.1,42.1,42.1,75.56,51.12,62.94,57.18,42.1,42.1,42.1,49.9,60.38,50.0,,,,,,
2019-05-17 09:00:00+02:00,,49.17,,49.17,48.13,44.21,,45.45,,49.17,42.05,49.17,54.01,49.17,54.01,49.17,59.36,,71.62,57.6,57.09,,62.41,,,,57.6,57.6,,57.6,57.6,57.6,78.01,57.6,54.01,54.01,,,,,49.17,42.05,42.05,42.05,42.05,42.05,76.0,49.17,57.08,55.59,42.05,42.05,42.05,47.99,57.6,45.45,,,,,,
2019-05-17 10:00:00+02:00,,46.27,,46.27,45.09,43.27,,43.3,,46.27,41.89,46.27,50.08,47.53,50.08,46.27,60.62,,71.63,56.0,53.97,,63.73,,,,56.0,56.0,,56.0,56.0,56.0,56.0,56.0,50.08,50.08,,,,,46.27,41.89,41.89,41.89,41.89,41.89,75.56,47.53,53.96,52.19,41.89,41.89,41.89,45.16,56.0,43.3,,,,,,
2019-05-17 11:00:00+02:00,,46.03,,46.03,42.06,41.29,,40.35,,46.03,41.49,46.03,50.07,46.03,50.07,46.03,57.08,,75.82,51.62,51.06,,60.01,,,,51.62,49.95,,51.62,49.95,49.95,49.95,49.95,50.07,50.07,,,,,46.03,41.49,41.49,41.49,41.49,41.49,76.04,46.03,51.05,51.42,41.49,41.49,41.49,44.92,51.62,40.35,,,,,,
2019-05-17 12:00:00+02:00,,44.86,,44.86,44.03,39.77,,40.8,,44.86,41.32,44.86,50.06,45.8,50.06,44.86,55.82,,75.82,50.76,50.96,,58.69,,,,50.76,49.0,,50.76,49.0,49.0,49.0,49.0,50.06,50.06,,,,,44.86,41.32,41.32,41.32,41.32,41.32,76.03,45.8,50.95,50.43,41.32,41.32,41.32,43.79,50.76,40.8,,,,,,
2019-05-17 13:00:00+02:00,,41.6,,41.6,42.64,38.3,,40.01,,41.6,40.72,41.6,51.63,42.0,51.63,41.6,52.51,,69.75,50.76,49.6,,55.21,,,,50.76,47.01,,50.76,47.01,47.01,47.01,47.01,51.63,51.63,,,,,41.6,40.72,40.72,40.72,40.72,40.72,75.99,42.0,49.59,51.13,40.72,40.72,40.72,40.72,50.76,40.01,,,,,,
2019-05-17 14:00:00+02:00,,39.15,,39.15,44.02,36.82,,38.45,,39.15,39.15,39.15,39.15,39.68,39.15,39.15,45.23,,69.69,53.08,50.96,,46.42,,,,53.08,45.52,,53.08,45.52,45.52,45.52,45.52,39.15,39.15,,,,,39.15,39.15,39.15,39.15,39.15,39.15,71.69,39.68,50.96,51.94,39.15,39.15,39.15,39.15,53.08,38.45,,,,,,
2019-05-17 15:00:00+02:00,,38.49,,38.49,45.53,36.43,,38.38,,38.49,38.49,38.49,38.49,38.49,38.49,38.49,40.98,,69.74,54.11,51.06,,43.09,,,,54.11,49.0,,54.11,49.0,49.0,49.0,49.0,38.49,38.49,,,,,38.49,38.49,38.49,38.49,38.49,38.49,71.63,38.49,51.05,50.09,38.49,38.49,38.49,38.49,54.11,38.38,,,,,,
2019-05-17 16:00:00+02:00,,39.04,,39.04,45.51,36.78,,39.46,,39.04,39.04,39.04,38.44,39.04,38.44,39.04,44.52,,75.83,55.0,51.82,,45.7,,,,55.0,52.47,,55.0,52.47,52.47,52.47,52.47,38.44,38.44,,,,,39.04,40.2,40.2,38.44,38.44,40.2,69.33,39.04,51.81,50.13,38.44,38.44,38.44,38.44,55.0,39.46,,,,,,
2019-05-17 17:00:00+02:00,,42.53,,42.53,44.89,41.54,,43.6,,42.53,42.53,42.53,40.11,42.53,40.11,42.53,51.03,,71.62,54.09,51.76,,52.38,,,,54.09,54.09,,54.09,54.09,54.09,54.09,54.09,40.11,40.11,,,,,42.53,41.37,41.37,39.77,39.77,41.37,69.21,42.53,51.76,50.42,39.77,39.77,39.77,40.11,54.09,43.6,,,,,,
2019-05-17 18:00:00+02:00,,48.53,,46.7,44.59,43.91,,46.3,,48.53,42.07,48.53,53.1,45.7,53.1,45.7,57.33,,74.78,55.0,52.42,,58.85,,,,56.2,56.2,,55.0,56.2,56.2,56.2,56.2,53.1,53.1,,,,,48.36,42.07,42.07,39.53,39.53,42.07,61.75,45.7,52.41,50.49,39.53,39.53,39.53,47.36,55.0,46.3,,,,,,
2019-05-17 19:00:00+02:00,,52.92,,49.77,47.35,44.98,,47.5,,52.92,48.06,52.92,52.03,48.06,52.03,48.06,56.16,,73.93,55.49,55.08,,57.65,,,,57.6,57.6,,55.49,57.6,57.6,57.6,57.6,52.03,52.03,,,,,52.61,42.09,42.09,39.42,39.42,42.09,61.75,48.06,55.07,53.51,39.42,39.42,39.42,51.65,55.49,47.5,,,,,,
2019-05-17 20:00:00+02:00,,52.9,,49.16,54.43,44.36,,48.64,,52.9,52.9,52.9,39.46,50.0,39.46,47.15,54.79,,74.3,52.9,61.37,,56.24,,,,73.15,73.15,,52.9,73.15,73.15,73.15,73.15,39.46,39.46,,,,,52.55,42.08,42.08,39.46,39.46,42.08,64.09,50.0,64.3,58.71,39.46,39.46,39.46,39.46,52.9,48.64,,,,,,
2019-05-17 21:00:00+02:00,,49.25,,44.89,45.91,44.01,,47.0,,49.25,49.25,49.25,39.05,55.39,39.05,42.49,50.23,,72.1,51.49,49.87,,49.15,,,,61.82,61.82,,51.49,61.82,61.82,61.82,61.82,39.05,39.05,,,,,48.83,42.11,42.11,39.05,39.05,42.11,61.74,55.39,49.87,51.43,39.05,39.05,39.05,39.05,51.49,47.0,,,,,,
2019-05-17 22:00:00+02:00,,48.32,,48.32,41.11,43.31,,44.9,,48.32,48.32,48.32,38.14,55.53,38.14,48.32,49.7,,75.82,51.35,48.1,,48.64,,,,55.07,55.07,,51.35,55.07,55.07,55.07,55.07,38.14,38.14,,,,,48.32,42.16,42.16,38.14,38.14,42.16,61.3,55.53,48.1,45.17,38.14,38.14,38.14,38.14,51.35,44.9,,,,,,
2019-05-17 23:00:00+02:00,,43.47,,43.47,33.43,39.46,,39.12,,43.47,43.47,43.47,36.08,53.0,36.08,43.47,44.53,,71.64,45.01,42.42,,43.38,,,,45.01,45.99,,45.01,45.99,45.99,45.99,45.99,36.08,36.08,,,,,43.47,42.08,42.08,36.08,36.08,42.08,55.92,53.0,42.42,42.81,36.08,36.08,36.08,36.08,45.01,39.12,,,,,,
2019-05-18 00:00:00+02:00,,37.37,,37.37,29.77,39.31,,36.71,,37.37,37.37,37.37,30.68,49.5,30.68,37.37,44.72,,71.04,37.37,36.71,,42.73,,,,45.6,55.91,,45.6,55.91,55.91,55.91,55.91,30.68,30.68,,,,,37.37,40.97,40.97,30.68,30.68,40.97,52.38,49.5,35.72,39.64,30.68,30.68,30.68,30.68,37.37,36.71,,,,,,
2019-05-18 01:00:00+02:00,,34.39,,34.39,30.41,36.64,,34.57,,34.39,34.39,34.39,26.01,46.9,26.01,34.39,38.93,,69.71,34.39,34.57,,38.09,,,,43.51,56.2,,43.51,56.2,56.2,56.2,56.2,26.01,26.01,,,,,34.39,38.8,38.8,26.01,26.01,38.8,50.78,46.9,34.57,37.01,26.01,26.01,26.01,26.01,34.39,34.57,,,,,,
2019-05-18 02:00:00+02:00,,34.85,,34.85,27.4,35.1,,33.01,,34.85,34.85,34.85,23.97,46.65,23.97,34.85,37.06,,67.4,34.85,33.01,,36.27,,,,40.27,50.48,,40.27,50.48,50.48,50.48,50.48,23.97,23.97,,,,,34.85,36.58,36.58,23.97,23.97,36.58,50.2,46.65,33.01,35.61,23.97,23.97,23.97,23.97,34.85,33.01,,,,,,
2019-05-18 03:00:00+02:00,,34.11,,34.11,26.09,34.11,,32.2,,34.11,34.11,34.11,22.86,46.18,22.86,34.11,37.02,,67.39,34.11,32.2,,35.36,,,,39.96,49.12,,39.96,49.12,49.12,49.12,49.12,22.86,22.86,,,,,34.11,34.87,34.87,22.86,22.86,34.87,49.33,46.18,32.2,34.09,22.86,22.86,22.86,22.86,34.11,32.2,,,,,,
2019-05-18 04:00:00+02:00,,34.76,,34.76,24.51,34.24,,32.5,,34.76,34.76,34.76,21.87,46.18,21.87,34.76,37.0,,67.4,34.76,32.5,,35.35,,,,39.5,49.11,,39.5,49.11,49.11,49.11,49.11,21.87,21.87,,,,,34.76,34.76,34.76,21.87,21.87,34.76,49.16,46.18,32.5,33.97,21.87,21.87,21.87,21.87,34.76,32.5,,,,,,
2019-05-18 05:00:00+02:00,,33.42,,33.42,24.5,34.42,,32.63,,33.42,33.42,33.42,26.04,46.19,26.04,33.42,36.53,,67.4,33.42,32.63,,34.89,,,,40.5,48.5,,40.5,48.5,48.5,48.5,48.5,26.04,26.04,,,,,33.42,33.42,33.42,26.04,26.04,33.42,46.46,46.19,32.63,35.87,26.04,26.04,26.04,26.04,33.42,32.63,,,,,,
2019-05-18 06:00:00+02:00,,33.92,,33.92,24.53,36.29,,33.85,,33.92,33.92,33.92,33.11,46.18,33.11,33.92,36.41,,69.72,33.92,34.27,,34.79,,,,41.2,48.5,,41.2,48.5,48.5,48.5,48.5,33.11,33.11,,,,,33.92,33.92,33.92,33.11,33.11,33.92,50.32,46.18,33.52,37.08,33.11,33.11,33.11,33.11,33.92,33.85,,,,,,
2019-05-18 07:00:00+02:00,,36.24,,36.24,30.49,37.57,,36.32,,36.24,36.24,36.24,35.58,46.65,35.58,36.24,37.28,,70.89,36.24,37.82,,35.21,,,,49.24,56.2,,49.24,56.2,56.2,56.2,56.2,35.58,35.58,,,,,36.24,36.24,36.24,35.58,35.58,36.24,50.21,46.65,37.82,39.85,35.58,35.58,35.58,35.58,36.24,36.32,,,,,,
2019-05-18 08:00:00+02:00,,38.99,,38.99,32.44,39.37,,38.3,,38.99,38.99,38.99,38.06,50.06,38.06,38.99,40.11,,67.7,38.99,40.03,,39.25,,,,51.89,56.2,,51.89,56.2,56.2,78.69,56.2,38.06,38.06,,,,,38.99,38.99,38.99,38.06,38.06,38.99,58.29,50.06,40.03,42.95,38.06,38.06,38.06,38.06,38.99,38.3,,,,,,
2019-05-18 09:00:00+02:00,,37.52,,37.52,32.42,38.34,,37.47,,37.52,38.76,38.76,38.76,51.6,38.76,37.52,51.64,,69.73,37.52,40.48,,50.53,,,,50.07,51.2,,50.07,51.2,51.2,78.69,51.2,38.76,38.76,,,,,37.52,38.76,38.76,38.76,38.76,38.76,59.44,51.6,40.48,44.98,38.76,38.76,38.76,38.76,37.52,37.47,,,,,,
2019-05-18 10:00:00+02:00,,35.12,,35.12,32.44,35.63,,33.84,,35.12,38.28,38.28,38.28,50.47,38.28,35.12,57.07,,70.36,35.12,40.47,,58.58,,,,49.95,49.95,,49.95,49.95,49.95,49.95,49.95,38.28,38.28,,,,,35.12,38.28,38.28,38.28,38.28,38.28,59.84,50.47,40.47,45.01,38.28,38.28,38.28,38.28,35.12,33.84,,,,,,
2019-05-18 11:00:00+02:00,,34.79,,34.79,32.42,34.19,,33.52,,34.79,37.23,37.23,38.21,50.43,38.21,34.79,59.36,,70.26,34.79,38.53,,60.93,,,,48.0,48.0,,48.0,48.0,48.0,48.0,48.0,38.21,38.21,,,,,34.79,37.23,37.23,37.23,37.23,37.23,64.2,50.43,38.54,43.88,37.23,37.23,37.23,37.23,34.79,33.52,,,,,,
2019-05-18 12:00:00+02:00,,33.9,,33.9,32.5,33.02,,32.51,,33.9,36.26,36.26,36.26,48.22,36.26,33.9,57.07,,69.72,33.9,40.02,,58.58,,,,43.13,43.13,,43.13,43.13,43.13,43.13,43.13,36.26,36.26,,,,,33.9,36.26,36.26,36.26,36.26,36.26,63.9,48.22,35.29,45.09,36.26,36.26,36.26,36.26,33.9,32.51,,,,,,
2019-05-18 13:00:00+02:00,,33.05,,33.05,32.47,32.79,,30.63,,33.05,33.05,33.05,35.51,46.0,35.51,33.05,52.62,,69.66,33.05,39.12,,54.01,,,,39.9,39.9,,39.9,39.9,39.9,39.9,39.9,35.51,35.51,,,,,33.05,35.51,35.51,35.51,35.51,35.51,62.77,46.0,33.61,42.07,35.51,35.51,35.51,35.51,33.05,30.63,,,,,,
2019-05-18 14:00:00+02:00,,32.36,,32.36,32.48,32.24,,30.0,,32.36,32.36,32.36,34.58,40.65,34.58,32.36,50.34,,64.85,32.36,38.11,,49.26,,,,39.9,39.9,,39.9,39.9,39.9,39.9,39.9,34.58,34.58,,,,,32.36,34.58,34.58,34.58,34.58,34.58,62.63,40.65,30.88,40.09,34.58,34.58,34.58,34.58,32.36,30.0,,,,,,
2019-05-18 15:00:00+02:00,,33.25,,33.25,32.47,32.01,,29.83,,33.25,33.25,33.25,34.33,38.0,34.33,33.25,38.92,,67.36,33.25,33.59,,39.95,,,,39.9,39.9,,39.9,39.9,39.9,39.9,39.9,34.33,34.33,,,,,33.25,34.35,34.35,34.33,34.33,34.35,61.5,38.0,33.59,41.46,34.33,34.33,34.33,34.33,33.25,29.83,,,,,,
2019-05-18 16:00:00+02:00,,34.1,,34.1,32.7,33.26,,32.01,,34.1,34.1,34.1,36.67,35.01,36.67,34.1,38.92,,64.85,34.1,39.91,,38.82,,,,42.38,42.38,,42.38,42.38,42.38,42.38,42.38,36.67,36.67,,,,,34.1,35.49,35.49,35.19,35.19,35.49,61.17,35.01,38.7,43.2,35.19,35.19,35.19,35.19,34.1,32.01,,,,,,
2019-05-18 17:00:00+02:00,,35.36,,35.36,32.79,37.08,,35.4,,35.36,35.36,35.36,38.59,35.36,38.59,35.36,43.37,,71.63,35.36,40.06,,41.44,,,,43.69,44.9,,43.69,44.9,44.9,44.9,44.9,38.59,38.59,,,,,35.36,38.68,38.68,35.38,35.38,38.68,58.94,35.36,40.07,43.55,35.38,35.38,35.38,35.38,35.36,35.4,,,,,,
2019-05-18 18:00:00+02:00,,43.09,,40.4,34.52,43.0,,42.12,,43.09,43.09,43.09,38.32,39.08,38.32,39.08,52.54,,71.51,43.09,43.48,,50.2,,,,43.18,56.2,,43.18,56.2,56.2,56.2,56.2,38.32,38.32,,,,,42.9,41.36,41.36,38.32,38.32,41.36,58.84,39.08,43.48,44.39,38.32,38.32,38.32,38.32,43.09,42.12,,,,,,
2019-05-18 19:00:00+02:00,,45.08,,42.34,38.43,44.04,,45.0,,45.08,45.08,45.08,37.91,40.99,37.91,40.99,57.07,,72.89,45.08,48.02,,54.52,,,,45.08,57.6,,45.08,57.6,57.6,77.11,57.6,37.91,37.91,,,,,44.93,42.08,42.08,37.91,37.91,42.08,58.64,40.99,48.03,49.89,37.91,37.91,37.91,37.91,45.08,45.0,,,,,,
2019-05-18 20:00:00+02:00,,45.17,,45.17,41.91,43.76,,44.84,,45.17,45.17,45.17,37.09,45.74,37.09,45.17,57.76,,70.1,45.17,54.91,,55.18,,,,49.74,73.34,,46.0,73.34,73.34,78.69,73.34,37.09,37.09,,,,,45.17,42.27,42.27,37.09,37.09,42.27,61.21,45.74,54.91,54.64,37.09,37.09,37.09,37.09,45.17,44.84,,,,,,
2019-05-18 21:00:00+02:00,,44.75,,44.75,34.67,43.59,,43.48,,44.75,44.75,44.75,37.7,54.54,37.7,44.75,54.79,,70.15,44.75,50.05,,52.34,,,,46.0,71.85,,46.0,71.85,71.85,78.69,71.85,37.7,37.7,,,,,44.75,42.16,42.16,37.7,37.7,42.16,61.78,54.54,50.06,49.91,37.7,37.7,37.7,37.7,44.75,43.48,,,,,,
2019-05-18 22:00:00+02:00,,44.96,,44.96,32.39,43.15,,41.89,,44.96,44.96,44.96,36.21,56.2,36.21,44.96,52.33,,71.57,44.96,45.41,,50.0,,,,44.96,57.55,,44.96,57.55,57.55,57.55,57.55,36.21,36.21,,,,,44.96,42.16,42.16,36.21,36.21,42.16,55.95,56.2,45.42,44.55,36.21,36.21,36.21,36.21,44.96,41.89,,,,,,
2019-05-18 23:00:00+02:00,,42.0,,42.0,31.94,40.73,,38.11,,42.0,42.0,42.0,33.94,54.54,33.94,42.0,44.97,,68.45,42.0,40.04,,42.96,,,,42.0,49.0,,42.0,49.0,49.0,49.0,49.0,33.94,33.94,,,,,42.0,41.85,41.85,33.94,33.94,41.85,51.22,54.54,40.04,40.76,33.94,33.94,33.94,33.94,42.0,38.11,,,,,,
2019-05-19 00:00:00+02:00,,39.66,,39.66,35.04,37.09,,35.8,,39.66,39.66,39.66,38.63,55.0,38.63,39.66,57.07,,62.89,39.66,35.97,,45.55,,,,44.24,49.83,,44.24,49.83,49.83,49.83,49.83,27.92,38.63,,,,,39.66,39.11,39.11,38.63,38.63,39.11,45.18,55.0,35.98,36.94,38.63,38.63,38.63,38.63,39.66,35.8,,,,,,
2019-05-19 01:00:00+02:00,,36.02,,36.02,26.87,35.06,,32.4,,36.02,36.02,36.02,36.02,54.54,36.02,36.02,42.35,,65.13,36.02,32.65,,40.46,,,,42.0,56.2,,42.0,56.2,56.2,56.2,56.2,27.9,36.02,,,,,36.02,36.58,36.58,36.02,36.02,36.58,46.25,54.54,32.66,34.09,36.02,36.02,36.02,36.02,36.02,32.4,,,,,,
2019-05-19 02:00:00+02:00,,35.0,,35.0,26.5,33.6,,31.85,,35.0,35.0,35.0,35.0,52.0,35.0,35.0,41.09,,67.02,35.0,31.85,,39.0,,,,35.0,48.0,,35.0,48.0,48.0,48.0,48.0,20.0,35.0,,,,,35.0,35.0,35.0,35.0,35.0,35.0,47.13,52.0,31.86,32.07,35.0,35.0,35.0,35.0,35.0,31.85,,,,,,
2019-05-19 03:00:00+02:00,,34.03,,34.03,28.2,33.41,,30.97,,34.03,34.03,34.03,34.03,53.0,34.03,34.03,37.65,,61.88,34.03,30.97,,35.97,,,,34.03,48.0,,34.03,48.0,48.0,48.0,48.0,19.99,34.03,,,,,34.03,34.03,34.03,34.03,34.03,34.03,47.49,53.0,30.98,30.55,34.03,34.03,34.03,34.03,34.03,30.97,,,,,,
2019-05-19 04:00:00+02:00,,34.05,,33.12,26.03,33.41,,30.69,,34.3,34.3,34.3,34.3,51.12,34.3,32.63,37.59,,65.14,34.05,30.69,,35.91,,,,34.05,48.63,,34.05,48.63,48.63,48.63,48.63,19.99,34.3,,,,,34.18,34.3,34.3,34.3,34.3,34.3,47.89,51.12,30.7,30.04,34.3,34.3,34.3,34.3,34.05,30.69,,,,,,
2019-05-19 05:00:00+02:00,,34.03,,32.86,24.53,33.0,,29.97,,34.03,34.03,34.03,34.03,51.16,34.03,32.37,34.88,,64.22,34.03,29.97,,33.32,,,,35.0,45.0,,35.0,45.0,45.0,45.0,45.0,34.03,34.03,,,,,33.91,34.03,34.03,34.03,34.03,34.03,47.77,51.16,29.98,29.98,34.03,34.03,34.03,34.03,34.03,29.97,,,,,,
2019-05-19 06:00:00+02:00,,33.37,,33.37,24.53,32.72,,29.68,,33.37,33.37,33.37,33.37,48.0,33.37,33.37,34.32,,51.77,33.37,29.68,,32.8,,,,33.37,45.18,,33.37,45.18,45.18,45.18,45.18,33.37,33.37,,,,,33.37,33.37,33.37,33.37,33.37,33.37,46.26,48.0,29.69,28.89,33.37,33.37,33.37,33.37,33.37,29.68,,,,,,
2019-05-19 07:00:00+02:00,,34.04,,34.04,32.7,33.52,,32.01,,34.04,34.04,34.04,34.04,44.45,34.04,34.04,35.02,,63.48,34.04,32.01,,32.62,,,,34.04,43.0,,34.04,43.0,43.0,43.0,43.0,34.04,34.04,,,,,34.04,34.04,34.04,34.04,34.04,34.04,44.52,44.45,32.02,33.84,34.04,34.04,34.04,34.04,34.04,32.01,,,,,,
2019-05-19 08:00:00+02:00,,35.07,,35.07,32.72,34.78,,32.7,,35.07,36.23,36.23,36.23,47.02,36.23,35.07,36.08,,63.48,35.07,33.12,,35.31,,,,41.94,43.77,,41.94,43.77,43.77,43.77,43.77,36.23,36.23,,,,,35.07,36.23,36.23,36.23,36.23,36.23,49.16,47.02,33.14,33.25,36.23,36.23,36.23,36.23,35.07,32.7,,,,,,
2019-05-19 09:00:00+02:00,,35.02,,35.02,32.68,32.52,,32.7,,35.02,36.8,36.8,36.8,49.06,36.8,35.02,43.37,,55.91,35.02,33.7,,41.88,,,,45.9,45.9,,45.9,45.9,45.9,45.9,45.9,36.8,36.8,,,,,35.02,36.8,36.8,36.8,36.8,36.8,52.55,49.06,30.88,31.75,36.8,36.8,36.8,36.8,35.02,32.7,,,,,,
2019-05-19 10:00:00+02:00,,34.08,,34.08,32.6,30.29,,31.53,,34.08,37.18,37.18,37.18,50.0,37.18,34.08,45.99,,63.48,34.08,32.62,,45.0,,,,52.07,52.07,,52.07,43.72,52.07,43.72,43.72,37.18,37.18,,,,,34.08,37.18,37.18,37.18,37.18,37.18,52.77,50.0,29.29,29.96,37.18,37.18,37.18,37.18,34.08,31.53,,,,,,
2019-05-19 11:00:00+02:00,,34.1,,34.1,32.59,30.3,,30.93,,34.1,37.88,37.88,37.88,50.0,37.88,34.1,49.19,,54.25,34.1,32.24,,48.14,,,,52.07,52.07,,52.07,39.17,52.07,39.17,39.17,37.88,37.88,,,,,34.1,37.88,37.88,37.88,37.88,37.88,52.56,50.0,29.2,29.94,37.88,37.88,37.88,37.88,34.1,30.93,,,,,,
2019-05-19 12:00:00+02:00,,33.8,,33.8,32.67,29.86,,30.1,,33.8,37.4,37.4,37.4,47.38,37.4,33.8,52.34,,45.6,33.8,31.1,,51.23,,,,52.07,52.07,,52.07,11.01,52.07,11.01,11.01,37.4,37.4,,,,,33.8,37.4,37.4,37.4,37.4,37.4,52.53,47.38,29.83,29.36,37.4,37.4,37.4,37.4,33.8,30.1,,,,,,
2019-05-19 13:00:00+02:00,,29.64,,29.64,32.6,26.31,,27.5,,29.64,36.83,36.83,36.83,46.04,36.83,29.64,52.5,,20.52,29.64,29.19,,52.0,,,,42.38,42.38,,42.38,5.0,42.38,5.0,5.0,36.83,36.83,,,,,29.64,36.83,36.83,36.83,36.83,36.83,52.57,46.04,27.53,29.99,36.83,36.83,36.83,36.83,29.64,27.5,,,,,,
2019-05-19 14:00:00+02:00,,27.41,,27.41,32.62,23.79,,26.0,,27.41,36.25,36.25,36.25,43.0,36.25,27.41,42.18,,14.05,27.41,27.09,,43.3,,,,42.03,42.03,,42.03,3.0,42.03,3.0,3.0,36.25,36.25,,,,,27.41,36.25,36.25,36.25,36.25,36.25,47.65,43.0,27.1,28.0,36.25,36.25,36.25,36.25,27.41,26.0,,,,,,
2019-05-19 15:00:00+02:00,,27.49,,27.49,32.69,22.93,,26.01,,27.49,35.85,35.85,35.85,38.09,35.85,27.49,37.68,,19.36,27.49,28.04,,38.68,,,,42.29,42.29,,42.29,3.0,42.29,3.0,3.0,35.85,35.85,,,,,27.49,35.85,35.85,35.85,35.85,35.85,45.92,39.98,28.05,28.73,35.85,35.85,35.85,35.85,27.49,26.01,,,,,,
2019-05-19 16:00:00+02:00,,30.28,,30.28,32.79,27.54,,28.42,,30.28,36.22,36.22,36.22,36.75,36.22,30.28,36.52,,41.07,30.28,31.4,,38.41,,,,42.31,42.31,,42.31,4.01,42.31,4.01,4.01,36.22,36.22,,,,,30.28,36.22,36.22,36.22,36.22,36.22,45.92,36.75,31.42,29.93,36.22,36.22,36.22,36.22,30.28,28.42,,,,,,
2019-05-19 17:00:00+02:00,,34.47,,34.47,42.45,33.01,,31.97,,34.47,35.05,37.13,37.13,37.0,37.13,34.47,45.65,,55.91,34.47,35.17,,43.79,,,,41.63,41.63,,41.63,39.15,41.63,39.15,39.15,37.13,37.13,,,,,34.47,37.13,37.13,37.13,37.13,37.13,45.92,37.0,35.18,34.68,37.13,37.13,37.13,37.13,34.47,31.97,,,,,,
2019-05-19 18:00:00+02:00,,38.28,,38.28,46.84,37.68,,38.4,,38.28,38.28,38.91,38.91,38.28,38.91,38.28,48.92,,63.99,38.28,41.4,,47.88,,,,42.76,42.76,,42.76,42.76,42.76,42.76,42.76,38.91,38.91,,,,,38.28,38.91,38.91,38.91,38.91,38.91,45.93,38.28,41.42,38.93,38.91,38.91,38.91,38.91,38.28,38.4,,,,,,
2019-05-19 19:00:00+02:00,,42.28,,42.28,53.15,41.22,,42.26,,42.28,42.28,41.65,40.93,42.28,40.93,42.28,53.61,,64.0,42.28,47.03,,52.47,,,,52.07,52.07,,52.07,52.07,52.07,52.07,52.07,41.27,41.27,,,,,42.28,40.93,40.93,40.93,40.93,40.93,51.97,42.28,47.06,43.94,40.93,40.93,40.93,41.27,42.28,42.26,,,,,,
2019-05-19 20:00:00+02:00,,42.34,,42.34,54.78,41.35,,43.3,,42.34,42.34,42.34,40.98,50.01,40.98,42.34,56.61,,64.03,43.6,52.0,,55.4,,,,57.55,57.55,,57.55,57.55,57.55,78.69,57.55,40.98,40.98,,,,,42.34,40.98,40.98,40.98,40.98,40.98,52.61,50.01,52.02,48.96,40.98,40.98,40.98,40.98,43.6,43.3,,,,,,
2019-05-19 21:00:00+02:00,,41.71,,41.71,55.92,40.97,,43.55,,41.71,41.71,41.71,40.71,56.44,40.71,41.71,56.2,,63.99,41.71,47.02,,55.0,,,,57.6,57.6,,57.6,57.6,57.6,78.69,57.6,40.71,40.71,,,,,41.71,40.71,40.71,40.71,40.71,40.71,54.77,56.44,47.05,45.04,40.71,40.71,40.71,40.71,41.71,43.55,,,,,,
2019-05-19 22:00:00+02:00,,43.33,,43.33,48.23,41.02,,42.86,,43.33,43.33,43.33,40.81,57.45,40.81,43.33,53.53,,63.99,43.33,42.86,,52.39,,,,52.07,52.07,,52.07,52.07,52.07,52.07,52.07,40.81,40.81,,,,,43.33,40.81,40.81,40.81,40.81,40.81,50.27,57.45,42.88,41.84,40.81,40.81,40.81,40.81,43.33,42.86,,,,,,
2019-05-19 23:00:00+02:00,,38.94,,38.94,48.84,37.67,,38.76,,38.94,38.94,38.94,38.94,55.56,38.94,38.94,44.56,,69.87,38.94,38.76,,43.61,,,,45.0,45.0,,45.0,45.0,45.0,45.0,45.0,38.94,38.94,,,,,38.94,38.94,38.94,38.94,38.94,38.94,45.03,55.56,38.62,38.23,38.94,38.94,38.94,38.94,38.94,38.76,,,,,,
2019-05-20 00:00:00+02:00,,37.3,,37.3,43.68,36.52,,34.5,,37.3,37.3,37.3,37.3,47.57,37.3,37.3,50.27,,49.0,37.3,39.06,,48.04,,,,39.02,39.02,,39.02,39.02,39.02,39.02,39.02,37.3,37.3,,,,,37.3,37.3,37.3,37.3,37.3,37.3,49.54,47.57,39.08,37.08,37.3,37.3,37.3,37.3,37.3,34.5,,,,,,
2019-05-20 01:00:00+02:00,,35.0,,35.0,30.4,35.26,,33.9,,35.0,35.0,35.0,35.0,45.0,35.0,35.0,39.81,,46.86,35.0,34.97,,38.96,,,,35.0,35.0,,35.0,35.0,35.0,35.0,35.0,35.0,35.0,,,,,35.0,35.0,35.0,35.0,35.0,35.0,47.93,45.0,34.98,35.13,35.0,35.0,35.0,35.0,35.0,33.9,,,,,,
2019-05-20 02:00:00+02:00,,34.55,,34.55,29.18,34.47,,32.1,,34.55,34.55,34.55,34.55,42.72,34.55,34.55,37.65,,36.39,34.55,33.54,,36.85,,,,34.55,34.55,,34.55,34.55,34.55,34.55,34.55,34.55,34.55,,,,,34.55,34.55,34.55,34.55,34.55,34.55,47.03,42.72,33.56,34.23,34.55,34.55,34.55,34.55,34.55,32.1,,,,,,
2019-05-20 03:00:00+02:00,,34.1,,33.51,28.18,34.28,,31.51,,34.13,34.13,34.13,34.13,42.87,34.13,33.51,36.75,,41.25,34.1,32.69,,35.97,,,,34.1,34.1,,34.1,34.1,34.1,34.1,34.1,34.13,34.13,,,,,34.9,34.13,34.13,34.13,34.13,34.13,46.73,42.87,32.7,33.47,34.13,34.13,34.13,34.13,34.1,31.51,,,,,,
2019-05-20 04:00:00+02:00,,33.77,,33.77,41.94,34.61,,32.01,,33.77,33.77,33.77,33.77,43.5,33.77,33.77,35.38,,46.25,33.77,32.95,,34.63,,,,33.77,39.01,,33.77,39.01,39.01,39.01,39.01,33.77,33.77,,,,,33.77,33.77,33.77,33.77,33.77,33.77,46.76,43.5,32.97,33.73,33.77,33.77,33.77,33.77,33.77,32.01,,,,,,
2019-05-20 05:00:00+02:00,,36.04,,36.04,50.08,36.54,,36.3,,36.04,36.04,38.13,38.13,48.0,38.13,36.04,36.91,,69.73,36.04,36.91,,36.13,,,,36.04,41.76,,36.04,41.76,41.76,41.76,41.76,38.13,38.13,,,,,36.04,38.13,38.13,38.13,38.13,38.13,46.82,48.0,36.92,36.96,38.13,38.13,38.13,38.13,36.04,36.3,,,,,,
2019-05-20 06:00:00+02:00,,48.06,,45.5,53.04,45.06,,46.4,,48.06,48.06,46.91,46.91,53.5,46.91,44.31,46.26,,69.97,48.06,47.23,,43.33,,,,48.06,48.06,,48.06,48.06,48.06,48.06,48.06,46.91,46.91,,,,,47.8,42.67,42.67,41.05,41.05,42.67,59.76,53.5,47.24,42.75,42.67,42.67,42.67,46.91,48.06,46.4,,,,,,
2019-05-20 07:00:00+02:00,,60.87,,56.85,66.49,51.28,,56.21,,60.87,60.87,60.87,60.87,55.01,60.87,55.01,59.35,,65.13,60.87,57.68,,43.28,,,,55.01,55.01,,55.01,55.01,55.01,55.01,55.01,60.87,60.87,,,,,60.4,43.75,43.75,41.54,41.54,43.75,61.37,55.01,57.7,54.99,43.75,43.75,43.75,60.87,60.87,56.21,,,,,,
2019-05-20 08:00:00+02:00,,63.22,,59.21,68.91,54.14,,59.3,,63.22,63.22,63.22,67.97,57.38,67.97,57.38,60.65,,70.08,63.22,60.93,,67.1,,,,57.62,57.62,,57.62,57.62,57.62,129.02,57.62,67.97,67.97,,,,,62.67,44.51,44.51,42.7,42.7,44.51,68.53,57.38,60.95,59.03,44.54,44.54,44.54,63.22,63.22,59.3,,,,,,
2019-05-20 09:00:00+02:00,,57.73,,57.54,63.08,52.35,,55.83,,57.73,57.73,57.73,69.5,57.45,69.5,57.45,59.35,,70.06,57.73,55.83,,66.89,,,,57.45,57.45,,57.45,57.45,57.45,129.02,57.45,69.5,69.5,,,,,57.7,44.11,44.11,42.61,42.61,44.11,70.06,57.45,55.84,53.96,44.46,44.46,44.46,57.73,57.73,55.83,,,,,,
2019-05-20 10:00:00+02:00,,56.63,,56.63,62.08,50.09,,52.0,,56.63,56.63,56.63,68.13,56.63,68.13,56.63,58.0,,65.13,56.63,52.01,,61.0,,,,56.63,51.44,,56.63,51.44,51.44,111.0,51.44,68.13,68.13,,,,,56.63,44.08,44.08,42.33,42.33,44.08,68.67,56.63,52.02,50.38,44.98,44.98,44.98,56.63,56.63,52.0,,,,,,
2019-05-20 11:00:00+02:00,,55.5,,55.5,61.06,49.93,,50.02,,55.5,55.5,55.5,63.86,55.5,63.86,55.5,56.85,,70.09,55.5,50.02,,59.78,,,,55.5,47.67,,55.5,47.67,47.67,100.0,47.67,63.86,63.86,,,,,55.5,43.91,43.91,41.64,41.64,43.91,64.37,55.5,50.03,48.17,47.41,47.41,47.41,55.5,55.5,50.02,,,,,,
2019-05-20 12:00:00+02:00,,51.99,,51.99,63.94,47.59,,49.2,,51.99,51.99,51.99,67.44,55.37,67.44,51.99,53.26,,81.17,51.99,49.2,,56.0,,,,51.99,45.18,,51.99,45.18,45.18,100.0,45.18,67.44,67.44,,,,,51.99,44.0,44.0,41.45,41.45,44.0,67.97,55.37,49.21,48.0,46.75,46.75,46.75,51.99,51.99,49.2,,,,,,
2019-05-20 13:00:00+02:00,,50.29,,50.29,65.03,46.21,,47.25,,50.29,50.29,50.29,64.35,55.37,64.35,50.29,51.36,,70.05,50.29,47.25,,54.01,,,,50.29,42.1,,50.29,42.1,42.1,79.0,42.1,64.35,64.35,,,,,50.29,43.95,43.95,41.3,41.3,43.95,64.85,55.37,47.25,47.95,45.23,45.23,45.23,50.29,50.29,47.25,,,,,,
2019-05-20 14:00:00+02:00,,47.59,,47.59,63.93,44.54,,46.44,,47.59,47.59,47.59,44.75,54.53,44.75,47.59,48.61,,65.13,47.59,46.44,,49.9,,,,51.4,42.99,,51.4,42.99,42.99,78.67,42.99,47.59,47.59,,,,,47.59,43.91,43.91,41.21,41.21,43.91,62.08,54.53,46.44,47.0,44.75,44.75,44.75,47.59,47.59,46.44,,,,,,
2019-05-20 15:00:00+02:00,,46.11,,45.3,63.94,43.79,,44.65,,46.01,46.01,46.01,43.59,54.09,43.59,45.06,46.02,,65.13,46.11,45.33,,47.24,,,,51.8,43.08,,51.8,43.08,43.08,80.67,43.08,46.01,46.01,,,,,45.63,43.59,43.59,41.07,41.07,43.59,62.55,54.09,45.33,45.78,43.59,43.59,43.59,46.01,46.11,44.65,,,,,,
2019-05-20 16:00:00+02:00,,45.3,,43.71,62.98,44.05,,44.01,,45.1,45.1,45.1,43.27,53.49,43.27,43.25,44.17,,68.39,45.3,45.99,,45.34,,,,51.82,48.0,,51.82,48.0,48.0,48.0,48.0,45.1,45.1,,,,,44.37,43.27,43.27,40.98,40.98,43.27,61.37,53.49,45.99,46.61,43.27,43.27,43.27,45.1,45.3,44.01,,,,,,
2019-05-20 17:00:00+02:00,,46.09,,46.09,63.93,45.1,,46.0,,46.09,46.09,46.09,43.93,54.2,43.93,46.09,47.21,,70.14,46.09,46.49,,48.46,,,,51.37,51.37,,51.37,51.37,51.37,51.37,51.37,46.09,46.09,,,,,46.09,43.93,43.93,40.94,40.94,43.93,60.7,54.2,46.49,45.93,43.93,43.93,43.93,46.09,46.09,46.0,,,,,,
2019-05-20 18:00:00+02:00,,47.91,,47.91,63.95,47.31,,48.63,,47.91,47.91,47.91,48.59,53.9,48.59,47.91,50.22,,65.19,47.91,49.78,,52.81,,,,51.46,51.46,,51.46,51.46,51.46,65.01,51.46,48.59,48.59,,,,,47.91,43.81,43.81,41.11,41.11,43.81,58.54,53.9,49.78,48.38,43.81,43.81,43.81,47.91,47.91,48.63,,,,,,
2019-05-20 19:00:00+02:00,,49.39,,49.39,63.92,48.99,,51.86,,49.39,49.39,49.39,49.39,54.4,49.39,49.39,52.48,,68.21,49.39,52.78,,55.19,,,,56.27,56.27,,52.4,56.27,56.27,78.67,56.27,49.39,49.39,,,,,49.39,43.69,43.69,41.04,41.04,43.69,62.49,54.4,52.78,51.8,43.69,43.69,43.69,49.39,49.39,51.86,,,,,,
2019-05-20 20:00:00+02:00,,46.18,,46.18,63.92,47.65,,50.5,,46.18,46.18,46.18,43.12,55.7,43.12,46.18,51.34,,65.25,52.4,54.93,,52.7,,,,57.67,57.67,,52.4,57.67,57.67,90.67,57.67,46.02,46.02,,,,,46.18,43.12,43.12,41.06,41.06,43.12,64.15,55.7,54.92,53.8,43.12,43.12,43.12,46.02,52.4,50.5,,,,,,
2019-05-20 21:00:00+02:00,,45.8,,45.8,58.1,45.93,,46.77,,45.8,45.8,45.8,42.96,57.92,42.96,45.8,48.51,,70.08,48.31,51.09,,49.8,,,,57.62,57.62,,52.4,57.62,57.62,81.0,57.62,45.8,45.8,,,,,45.8,42.96,42.96,40.98,40.98,42.96,61.1,57.92,51.09,48.16,42.96,42.96,42.96,45.8,48.31,46.77,,,,,,
2019-05-20 22:00:00+02:00,,44.17,,44.17,44.26,44.98,,45.05,,44.17,44.17,43.25,42.67,56.56,42.67,44.17,47.94,,70.15,46.0,50.94,,49.21,,,,51.4,54.06,,48.94,54.06,54.06,78.67,54.06,43.11,43.11,,,,,44.17,42.67,42.67,40.77,40.77,42.67,60.69,56.56,50.93,47.01,42.67,42.67,42.67,43.11,46.0,45.05,,,,,,
2019-05-20 23:00:00+02:00,,37.66,,37.66,35.04,39.74,,39.39,,37.66,37.66,38.59,38.59,55.17,38.59,37.66,40.76,,65.13,42.51,45.98,,41.84,,,,42.51,47.88,,42.51,47.88,47.88,47.88,47.88,38.59,38.59,,,,,37.66,38.59,38.59,38.59,38.59,38.59,54.28,55.17,45.97,42.49,38.59,38.59,38.59,38.59,42.51,39.39,,,,,,
2019-05-21 00:00:00+02:00,,35.2,,35.2,41.51,35.6,,35.3,,35.2,35.2,35.2,35.2,58.77,35.2,35.2,44.6,,54.42,35.2,36.53,,45.71,,,,42.55,42.55,,42.55,42.55,42.55,42.55,42.55,35.2,35.2,,,,,35.2,35.2,35.2,35.2,35.2,35.2,56.76,58.77,36.53,36.37,35.2,35.2,35.2,35.2,35.2,35.3,,,,,,
2019-05-21 01:00:00+02:00,,34.44,,34.44,39.64,34.26,,34.12,,34.44,34.44,34.44,34.44,57.97,34.44,34.44,39.93,,47.0,34.44,34.65,,40.94,,,,36.0,36.0,,36.0,36.0,36.0,36.0,36.0,34.44,34.44,,,,,34.44,34.44,34.44,34.44,34.44,34.44,56.29,57.97,34.64,34.49,34.44,34.44,34.44,34.44,34.44,34.12,,,,,,
2019-05-21 02:00:00+02:00,,33.12,,33.12,38.21,33.93,,33.2,,33.12,33.12,33.12,33.12,57.13,33.12,33.12,38.78,,39.0,33.12,33.2,,39.0,,,,35.27,35.27,,35.27,35.27,35.27,35.27,35.27,33.12,33.12,,,,,33.12,33.12,33.12,33.12,33.12,33.12,55.39,57.13,33.19,33.08,33.12,33.12,33.12,33.12,33.12,33.2,,,,,,
2019-05-21 03:00:00+02:00,,31.49,,31.49,37.24,33.16,,32.23,,31.49,31.49,31.49,31.49,57.38,31.49,31.49,38.43,,36.99,31.49,32.23,,38.41,,,,35.27,35.27,,35.27,35.27,35.27,35.27,35.27,31.49,31.49,,,,,31.49,31.49,31.49,31.49,31.49,31.49,55.39,57.38,32.22,31.85,31.49,31.49,31.49,31.49,31.49,32.23,,,,,,
2019-05-21 04:00:00+02:00,,32.37,,32.37,38.32,33.36,,32.7,,32.37,32.37,32.37,32.37,57.45,32.37,32.37,36.48,,44.97,32.37,33.25,,37.0,,,,35.51,35.51,,35.51,35.51,35.51,35.51,35.51,32.37,32.37,,,,,32.37,32.37,32.37,32.37,32.37,32.37,55.39,57.45,33.25,32.91,32.37,32.37,32.37,32.37,32.37,32.7,,,,,,
2019-05-21 05:00:00+02:00,,35.24,,33.53,41.18,34.74,,35.19,,35.04,35.04,35.38,35.38,58.02,35.38,33.03,36.44,,62.88,35.24,36.08,,37.41,,,,38.87,38.87,,38.87,38.87,38.87,38.87,38.87,35.38,35.38,,,,,34.25,35.38,35.38,35.38,35.38,35.38,55.31,58.02,36.07,34.97,35.38,35.38,35.38,35.38,35.24,35.19,,,,,,
2019-05-21 06:00:00+02:00,,40.9,,40.25,50.02,43.54,,43.5,,40.81,40.81,40.81,44.54,58.08,44.54,40.07,40.91,,68.32,40.9,45.01,,40.37,,,,46.05,46.05,,46.05,46.05,46.05,46.05,46.05,44.54,44.54,,,,,40.52,40.81,40.81,40.81,40.81,40.81,66.58,58.08,45.0,43.37,40.81,40.81,40.81,40.81,40.9,43.5,,,,,,
2019-05-21 07:00:00+02:00,,50.08,,48.72,60.79,48.94,,49.33,,50.08,50.08,50.08,67.02,56.35,67.02,48.06,49.05,,70.08,53.0,55.68,,43.06,,,,53.0,55.01,,53.0,55.01,55.01,55.01,55.01,67.02,67.02,,,,,49.92,43.24,43.24,41.22,41.22,43.24,67.08,56.35,55.67,50.53,43.24,43.24,43.24,50.08,53.0,49.33,,,,,,
2019-05-21 08:00:00+02:00,,57.61,,57.61,62.63,52.6,,52.45,,57.61,57.61,57.61,79.42,57.61,79.42,57.61,58.95,,65.13,57.61,57.64,,65.67,,,,57.61,57.61,,57.61,49.6,57.61,129.02,49.96,79.42,79.42,,,,,57.61,43.55,43.55,41.38,41.38,43.55,79.5,57.61,57.63,55.0,43.55,43.55,43.55,57.61,57.61,52.45,,,,,,
2019-05-21 09:00:00+02:00,,55.0,,55.0,57.53,50.14,,49.89,,55.0,55.0,55.0,82.71,58.13,82.71,55.0,56.5,,65.13,55.0,52.5,,70.0,,,,55.0,50.62,,55.0,43.36,50.62,111.0,43.36,82.71,82.71,,,,,55.0,43.43,43.43,41.36,41.36,43.43,82.79,58.13,52.49,52.67,43.43,43.43,43.43,55.0,55.0,49.89,,,,,,
2019-05-21 10:00:00+02:00,,52.52,,52.52,56.76,49.21,,48.75,,52.52,52.52,52.52,81.41,57.5,81.41,52.52,53.72,,63.96,52.52,51.72,,66.79,,,,53.35,53.35,,53.35,10.0,53.35,105.0,10.0,81.41,81.41,,,,,52.52,43.43,43.43,41.33,41.33,43.43,81.49,57.5,51.71,50.63,43.43,43.43,43.43,52.52,52.52,48.75,,,,,,
2019-05-21 11:00:00+02:00,,51.15,,51.15,43.55,47.13,,46.98,,51.15,51.15,51.15,76.5,57.5,76.5,51.15,52.3,,65.06,51.6,49.92,,63.0,,,,52.57,38.99,,52.57,10.0,38.99,66.0,10.0,76.5,76.5,,,,,51.15,43.35,43.35,41.26,41.26,43.35,76.58,57.5,49.91,49.33,43.35,43.35,43.35,51.15,51.6,46.98,,,,,,
2019-05-21 12:00:00+02:00,,49.85,,49.85,51.64,44.93,,44.69,,49.85,49.85,49.85,81.4,57.69,81.4,49.85,50.79,,64.84,49.9,49.33,,53.53,,,,49.9,30.0,,49.9,9.0,30.0,70.0,9.0,81.4,81.4,,,,,49.85,43.2,43.2,41.21,41.21,43.2,81.49,57.69,49.32,48.0,43.2,43.2,43.2,49.85,49.9,44.69,,,,,,
2019-05-21 13:00:00+02:00,,46.27,,46.27,41.15,43.9,,43.32,,46.27,46.27,46.27,76.86,57.61,76.86,46.27,47.14,,46.42,48.9,47.67,,49.69,,,,48.9,10.03,,48.9,5.0,10.03,78.67,5.0,76.86,76.86,,,,,46.27,43.32,43.32,41.15,41.15,43.32,76.94,57.61,47.66,46.99,43.32,43.32,43.32,46.27,48.9,43.32,,,,,,
2019-05-21 14:00:00+02:00,,44.35,,43.68,43.5,42.37,,41.3,,44.25,44.25,44.25,43.23,56.93,43.23,43.52,44.32,,39.8,52.4,48.88,,46.74,,,,52.4,10.03,,52.4,5.33,10.03,78.67,5.33,74.3,74.3,,,,,43.95,43.23,43.23,41.08,41.08,43.23,74.39,56.93,48.87,47.19,43.23,43.23,43.23,44.25,52.4,41.3,,,,,,
2019-05-21 15:00:00+02:00,,43.12,,39.84,56.08,41.63,,41.05,,42.65,42.65,42.65,42.5,56.01,42.5,38.98,39.68,,40.92,52.57,51.45,,43.16,,,,52.57,30.0,,52.57,9.0,30.0,69.0,9.0,75.17,75.17,,,,,41.14,42.5,42.5,40.89,40.89,42.5,75.26,56.01,51.44,47.95,42.5,42.5,42.5,42.65,52.57,41.05,,,,,,
2019-05-21 16:00:00+02:00,,42.27,,39.39,48.49,40.54,,40.3,,41.86,41.86,41.86,41.86,55.01,41.86,38.6,39.75,,54.17,52.96,52.0,,42.7,,,,52.96,42.32,,52.96,42.32,42.32,46.01,42.32,46.73,46.73,,,,,40.52,41.86,41.86,40.82,40.82,41.86,63.98,55.01,51.99,49.55,41.86,41.86,41.86,41.86,52.96,40.3,,,,,,
2019-05-21 17:00:00+02:00,,45.04,,40.69,58.94,42.45,,41.79,,44.38,44.38,44.38,42.56,55.23,42.56,39.6,43.49,,65.13,51.6,51.22,,45.91,,,,52.0,49.59,,52.0,49.59,49.59,49.59,49.59,63.96,63.96,,,,,42.45,42.56,42.56,40.75,40.75,42.56,64.03,55.23,51.21,50.02,42.56,42.56,42.56,44.38,51.6,41.79,,,,,,
2019-05-21 18:00:00+02:00,,45.95,,45.95,60.04,44.62,,44.38,,45.95,45.95,45.95,45.61,54.49,45.61,45.95,49.24,,64.02,51.5,52.33,,52.0,,,,51.5,51.5,,51.5,51.5,51.5,51.5,51.5,56.05,56.05,,,,,45.95,43.01,43.01,40.67,40.67,43.01,62.15,54.49,52.33,50.1,43.01,43.01,43.01,45.95,51.5,44.38,,,,,,
2019-05-21 19:00:00+02:00,,46.96,,46.96,63.91,44.91,,45.58,,46.96,46.96,46.96,43.01,54.49,43.01,46.96,57.84,,65.2,54.05,55.67,,61.09,,,,56.27,56.27,,54.05,56.27,56.27,78.67,56.27,56.01,56.01,,,,,46.96,42.96,42.96,40.67,40.67,42.96,62.9,54.49,55.66,53.12,42.96,42.96,42.96,46.96,54.05,45.58,,,,,,
2019-05-21 20:00:00+02:00,,44.87,,44.87,66.52,43.89,,44.9,,44.87,44.87,44.87,41.97,56.0,41.97,44.87,57.39,,64.06,80.01,67.85,,59.2,,,,57.67,57.67,,55.0,57.67,57.67,95.0,57.67,63.38,63.38,,,,,44.87,41.97,41.97,40.68,40.68,41.97,63.45,56.0,67.84,59.98,41.97,41.97,41.97,44.87,55.0,44.9,,,,,,
2019-05-21 21:00:00+02:00,,44.11,,44.11,61.96,43.44,,42.75,,44.11,44.11,44.11,41.43,57.45,41.43,44.11,57.37,,67.93,54.05,55.76,,59.2,,,,57.62,57.62,,54.05,57.62,57.62,80.67,57.62,46.8,46.8,,,,,44.11,41.43,41.43,40.65,40.65,41.43,62.17,57.45,55.75,53.99,41.43,41.43,41.43,44.11,54.05,42.75,,,,,,
2019-05-21 22:00:00+02:00,,42.84,,44.29,58.95,41.47,,41.26,,42.57,42.57,42.57,40.16,56.01,40.16,43.45,51.1,,69.26,52.0,52.5,,52.73,,,,52.0,52.0,,52.0,52.0,52.0,78.67,52.0,46.7,46.7,,,,,41.49,40.16,40.16,40.16,40.16,40.16,61.0,56.01,52.49,49.17,40.16,40.16,40.16,42.57,52.0,41.26,,,,,,
2019-05-21 23:00:00+02:00,,36.66,,37.75,49.22,36.28,,36.5,,36.35,36.35,36.35,36.35,56.0,36.35,37.39,42.98,,65.13,44.47,44.15,,44.37,,,,44.47,44.47,,44.47,44.47,44.47,46.01,44.47,36.35,36.35,,,,,35.18,36.35,36.35,36.35,36.35,36.35,56.62,56.0,44.15,43.32,36.35,36.35,36.35,36.35,44.47,36.5,,,,,,
2019-05-22 00:00:00+02:00,,32.66,,32.66,30.88,34.17,,32.9,,32.66,32.66,32.66,32.66,59.27,32.66,32.66,52.11,,63.96,39.0,42.06,,54.94,,,,45.25,45.97,,45.25,45.97,45.97,45.97,45.97,32.66,32.66,,,,,32.66,32.66,32.66,32.66,32.66,32.66,54.44,59.27,42.04,37.91,32.66,32.66,32.66,32.66,39.0,32.9,,,,,,
2019-05-22 01:00:00+02:00,,32.5,,32.5,32.82,32.93,,32.3,,32.5,32.5,32.5,32.5,59.27,32.5,32.5,41.62,,62.29,32.5,35.25,,42.84,,,,42.88,48.5,,42.88,48.5,48.5,48.5,48.5,32.5,32.5,,,,,32.5,32.5,32.5,32.5,32.5,32.5,55.73,59.27,35.24,34.51,32.5,32.5,32.5,32.5,32.5,32.3,,,,,,
2019-05-22 02:00:00+02:00,,29.66,,29.66,26.9,31.19,,30.65,,29.66,29.66,29.66,29.66,58.73,29.66,29.66,38.06,,41.97,29.66,31.3,,39.17,,,,41.86,43.79,,41.86,43.79,43.79,43.79,43.79,29.66,29.66,,,,,29.66,29.66,29.66,29.66,29.97,29.66,55.68,58.73,31.29,32.05,29.66,29.66,29.66,29.66,29.66,30.65,,,,,,
2019-05-22 03:00:00+02:00,,29.0,,29.0,24.53,30.28,,29.3,,29.0,29.0,29.0,29.0,58.73,29.0,29.0,37.44,,40.97,29.0,29.3,,38.53,,,,40.63,43.11,,40.63,43.11,43.11,43.11,43.11,29.0,29.0,,,,,29.0,29.0,29.0,29.0,29.93,29.0,54.73,58.73,29.29,30.93,29.0,29.0,29.0,29.0,29.0,29.3,,,,,,
2019-05-22 04:00:00+02:00,,29.61,,29.61,24.53,30.93,,29.87,,29.61,29.61,29.61,29.61,58.9,29.61,29.61,37.41,,63.28,29.61,29.87,,38.49,,,,41.79,43.81,,41.79,43.81,43.81,43.81,43.81,29.61,29.61,,,,,29.61,29.61,29.61,29.61,29.97,29.61,53.21,58.9,29.86,31.08,29.61,29.61,29.61,29.61,29.61,29.87,,,,,,
2019-05-22 05:00:00+02:00,,33.09,,33.09,37.07,33.27,,32.29,,33.09,33.09,33.09,35.1,59.47,35.1,33.09,37.41,,63.96,33.09,32.29,,38.49,,,,42.89,46.38,,42.89,46.38,46.38,46.38,46.38,35.1,35.1,,,,,33.09,35.1,35.1,35.1,35.1,35.1,47.5,59.47,32.28,33.91,35.1,35.1,35.1,35.1,33.09,32.29,,,,,,
2019-05-22 06:00:00+02:00,,37.6,,37.6,43.06,38.46,,38.7,,37.6,37.6,39.78,53.51,59.39,53.51,37.6,38.43,,68.34,37.6,39.5,,40.0,,,,48.37,48.37,,48.37,48.37,48.37,48.37,48.37,199.97,199.97,,,,,37.6,39.78,39.78,39.78,39.78,39.78,56.25,59.39,39.48,42.91,39.78,39.78,39.78,39.78,37.6,38.7,,,,,,
2019-05-22 07:00:00+02:00,,46.6,,46.6,49.04,44.9,,46.21,,46.6,46.6,46.6,199.91,57.21,199.91,46.6,47.63,,68.31,46.6,46.21,,42.12,,,,51.73,57.62,,51.73,57.62,57.62,60.0,57.62,199.92,199.92,,,,,46.6,42.41,42.41,40.48,40.48,42.41,64.24,57.21,46.2,51.98,42.41,42.41,42.41,46.6,46.6,46.21,,,,,,
2019-05-22 08:00:00+02:00,,50.35,,50.35,53.03,49.35,,52.07,,50.35,50.35,50.35,121.03,58.7,121.03,50.35,56.68,,69.57,50.35,52.07,,67.78,,,,51.89,51.89,,51.89,49.6,51.89,129.02,51.89,121.03,121.03,,,,,50.35,42.89,42.89,40.64,40.64,42.89,70.63,58.7,52.05,56.15,42.89,42.89,42.89,50.35,50.35,52.07,,,,,,
2019-05-22 09:00:00+02:00,,48.37,,48.37,41.6,46.79,,50.42,,48.37,48.37,48.37,118.97,58.68,118.97,48.37,58.95,,71.96,48.37,50.42,,135.2,,,,50.88,50.88,,50.88,49.6,50.88,129.02,49.6,118.97,118.97,,,,,48.37,42.98,42.98,40.63,40.63,42.98,81.48,58.68,50.41,52.04,42.98,42.98,42.98,48.37,48.37,50.42,,,,,,
2019-05-22 10:00:00+02:00,,45.77,,45.77,40.21,45.8,,49.17,,45.77,45.77,45.77,95.86,58.35,95.86,45.77,52.15,,71.97,45.77,49.17,,118.17,,,,48.22,48.22,,48.22,48.22,48.22,129.02,48.22,95.86,95.86,,,,,45.77,42.81,42.81,40.63,40.63,42.81,70.0,58.35,46.2,50.07,42.81,42.81,42.81,45.77,45.77,49.17,,,,,,
2019-05-22 11:00:00+02:00,,42.41,,42.41,39.42,44.95,,46.53,,42.41,42.41,42.41,79.65,58.1,79.65,42.41,43.55,,71.96,42.41,46.53,,106.32,,,,47.95,47.95,,47.95,47.95,47.95,129.02,47.95,79.65,79.65,,,,,42.41,42.41,42.41,40.55,40.55,42.41,70.62,58.1,46.2,48.55,42.41,42.41,42.41,42.41,42.41,46.53,,,,,,
2019-05-22 12:00:00+02:00,,40.99,,40.99,46.06,42.55,,46.0,,40.99,40.99,41.12,78.86,58.73,78.86,40.99,42.09,,70.0,42.98,46.0,,91.32,,,,42.98,41.99,,42.98,36.61,41.99,129.02,41.99,78.86,78.86,,,,,40.99,41.12,41.12,40.5,40.5,41.12,69.5,58.73,45.99,47.51,41.12,41.12,41.12,41.12,42.98,46.0,,,,,,
2019-05-22 13:00:00+02:00,,38.65,,38.65,47.02,40.9,,41.55,,38.65,38.65,40.44,84.85,58.55,84.85,38.65,39.69,,69.86,38.65,42.01,,89.0,,,,43.04,36.99,,43.04,36.61,36.99,129.02,36.99,84.85,84.85,,,,,38.65,40.44,40.44,40.43,40.43,40.44,70.62,58.55,42.01,46.1,40.44,40.44,40.44,40.44,38.65,41.55,,,,,,
2019-05-22 14:00:00+02:00,,36.99,,36.99,48.02,38.12,,38.38,,36.99,38.81,39.86,39.93,57.02,39.93,36.99,37.99,,63.96,36.99,39.91,,75.0,,,,46.84,41.99,,46.84,36.61,41.99,111.24,41.99,63.64,63.64,,,,,36.99,39.86,39.86,39.86,39.86,39.86,63.8,57.02,39.91,45.07,39.86,39.86,39.86,39.86,36.99,38.38,,,,,,
2019-05-22 15:00:00+02:00,,36.02,,36.02,48.05,37.26,,37.05,,36.02,36.43,38.65,38.65,56.5,38.65,36.02,37.0,,65.13,36.02,37.39,,66.0,,,,48.0,48.0,,48.0,36.61,48.0,111.24,48.0,63.68,63.68,,,,,36.02,38.65,38.65,38.65,38.65,38.65,63.84,56.5,37.38,46.1,38.65,38.65,38.65,38.65,36.02,37.05,,,,,,
2019-05-22 16:00:00+02:00,,35.71,,35.71,32.81,37.31,,37.5,,35.71,35.71,38.69,38.69,56.02,38.69,35.71,37.44,,67.98,35.71,37.86,,70.0,,,,49.7,49.7,,49.7,49.7,49.7,56.65,49.7,58.72,58.72,,,,,35.71,38.69,38.69,38.69,38.69,38.69,58.86,56.02,37.85,48.34,38.69,38.69,38.69,38.69,35.71,37.5,,,,,,
2019-05-22 17:00:00+02:00,,39.0,,39.0,33.27,39.36,,40.62,,39.0,39.0,40.03,40.03,56.4,40.03,39.0,41.41,,70.09,39.0,40.62,,84.0,,,,51.73,51.73,,51.73,51.73,51.73,55.01,51.73,58.72,58.72,,,,,39.0,40.03,40.03,40.03,40.03,40.03,58.86,56.4,37.75,48.06,40.03,40.03,40.03,40.03,39.0,40.62,,,,,,
2019-05-22 18:00:00+02:00,,42.85,,42.85,38.8,43.99,,45.06,,42.85,42.85,41.82,43.35,55.68,43.35,42.85,46.63,,71.7,42.85,45.06,,91.06,,,,51.89,56.27,,51.89,56.27,56.27,78.65,56.27,46.79,46.79,,,,,42.85,41.78,41.78,40.03,40.03,41.78,57.87,55.68,45.05,49.22,41.78,41.78,41.78,41.82,42.85,45.06,,,,,,
2019-05-22 19:00:00+02:00,,47.47,,47.47,54.02,46.85,,47.63,,47.47,47.47,47.47,42.31,55.56,42.31,47.47,57.83,,70.12,47.47,50.71,,85.0,,,,66.27,66.27,,53.82,66.27,66.27,80.65,66.27,46.79,46.79,,,,,47.47,42.31,42.31,40.04,40.04,42.31,57.23,55.56,50.7,53.13,42.31,42.31,42.31,46.79,47.47,47.63,,,,,,
2019-05-22 20:00:00+02:00,,48.99,,48.99,56.01,47.06,,47.45,,48.99,47.81,47.81,41.75,57.03,41.75,48.99,57.85,,70.11,48.99,57.98,,60.88,,,,73.32,73.32,,53.0,73.32,73.32,111.53,73.32,61.51,61.51,,,,,48.99,41.75,41.75,40.01,40.01,41.75,61.65,57.03,57.98,60.9,41.75,41.75,41.75,47.81,48.99,47.45,,,,,,
2019-05-22 21:00:00+02:00,,48.14,,48.14,40.02,46.29,,45.59,,48.14,48.14,48.14,41.53,59.21,41.53,48.14,54.44,,70.14,48.14,46.58,,57.29,,,,73.13,73.13,,52.94,73.13,73.13,94.01,73.13,57.68,57.68,,,,,48.14,41.53,41.53,39.93,39.93,41.53,57.81,59.21,46.21,53.45,41.53,41.53,41.53,46.99,48.14,45.59,,,,,,
2019-05-22 22:00:00+02:00,,48.45,,48.45,39.33,45.24,,44.61,,48.45,48.45,48.45,40.78,58.01,40.78,48.45,49.8,,71.85,48.45,45.55,,52.4,,,,51.02,57.62,,51.02,57.62,57.62,78.65,57.62,55.66,55.66,,,,,48.45,40.78,40.78,39.45,39.45,40.78,55.79,58.01,45.55,48.37,40.78,40.78,40.78,47.29,48.45,44.61,,,,,,
2019-05-22 23:00:00+02:00,,41.16,,41.16,35.61,42.02,,40.48,,41.16,41.16,41.16,38.62,58.13,38.62,41.16,42.31,,71.94,41.16,42.82,,44.52,,,,46.84,49.61,,46.84,49.61,49.61,56.01,49.61,38.62,38.62,,,,,41.16,38.62,39.85,38.62,38.62,38.62,47.79,58.13,42.82,42.57,38.62,38.62,38.62,38.62,41.16,40.48,,,,,,
2019-05-23 00:00:00+02:00,,35.8,,35.8,45.95,36.54,,36.63,,35.8,34.94,34.94,34.94,58.9,34.94,35.8,51.95,,71.91,35.8,36.63,,53.26,,,,43.64,57.62,,43.64,57.62,57.62,57.62,57.62,34.94,34.94,,,,,35.8,34.94,34.94,34.94,34.94,34.94,49.12,58.9,36.65,38.78,34.94,34.94,34.94,34.94,35.8,36.63,,,,,,
2019-05-23 01:00:00+02:00,,33.32,,33.32,42.79,35.88,,35.84,,33.32,32.52,32.52,32.52,58.73,32.52,33.32,38.82,,68.16,33.32,35.84,,40.77,,,,42.59,57.67,,42.59,57.67,57.67,57.67,57.67,32.52,32.52,,,,,33.32,32.52,32.52,32.52,32.52,32.52,49.34,58.73,35.29,36.4,32.52,32.52,32.52,32.52,33.32,35.84,,,,,,
2019-05-23 02:00:00+02:00,,32.37,,32.37,40.37,34.12,,34.35,,32.37,31.59,31.59,31.59,57.02,31.59,32.37,37.99,,67.94,32.37,34.35,,39.18,,,,40.12,56.27,,40.12,56.27,56.27,56.27,56.27,31.59,31.59,,,,,32.37,31.59,31.59,31.59,31.59,31.59,49.69,57.02,34.28,35.2,31.59,31.59,31.59,31.59,32.37,34.35,,,,,,
2019-05-23 03:00:00+02:00,,31.85,,30.53,37.68,33.71,,33.6,,31.85,31.08,31.08,31.08,56.98,31.08,30.14,37.91,,67.94,31.85,33.6,,39.18,,,,39.92,56.27,,39.92,56.27,56.27,56.27,56.27,31.08,31.08,,,,,31.15,31.08,31.08,31.08,31.08,31.08,48.99,56.98,33.61,34.18,31.08,31.08,31.08,31.08,31.85,33.6,,,,,,
2019-05-23 04:00:00+02:00,,33.03,,28.7,37.84,34.18,,34.2,,33.03,31.74,31.74,31.74,57.35,31.74,27.41,37.92,,70.94,33.03,34.2,,38.89,,,,40.11,57.62,,40.11,57.62,57.62,57.62,57.62,31.74,31.74,,,,,30.72,31.74,31.74,31.74,31.74,31.74,48.9,57.35,34.21,34.81,31.74,31.74,31.74,31.74,33.03,34.2,,,,,,
2019-05-23 05:00:00+02:00,,35.72,,31.89,40.45,35.7,,36.1,,35.72,35.72,35.72,35.72,58.73,35.72,30.79,37.61,,71.64,35.72,36.1,,38.58,,,,40.4,57.62,,40.4,57.62,57.62,57.62,57.62,35.72,35.72,,,,,33.72,35.72,35.72,35.72,35.72,35.72,47.74,58.73,36.11,37.25,35.72,35.72,35.72,35.72,35.72,36.1,,,,,,
2019-05-23 06:00:00+02:00,,40.8,,37.65,37.9,43.09,,43.71,,40.8,40.8,40.8,40.8,59.2,40.8,36.74,38.59,,70.04,40.8,43.71,,39.59,,,,47.0,56.27,,47.0,56.27,56.27,56.27,56.27,48.08,48.08,,,,,39.18,40.56,40.56,38.65,38.65,40.56,58.21,59.2,43.73,43.79,40.56,40.56,40.56,40.56,40.8,43.71,,,,,,
2019-05-23 07:00:00+02:00,,46.77,,46.77,55.95,48.76,,50.69,,46.77,46.77,46.77,58.4,58.73,58.4,46.77,47.8,,69.38,46.77,50.69,,43.33,,,,48.8,57.62,,48.8,57.62,57.62,57.62,57.62,58.4,58.4,,,,,46.77,42.34,42.34,39.32,39.32,42.34,58.63,58.73,50.71,48.91,42.34,42.34,42.34,46.77,46.77,50.69,,,,,,
2019-05-23 08:00:00+02:00,,47.06,,47.06,60.41,50.33,,51.45,,47.06,47.06,47.06,63.66,59.66,63.66,47.06,58.98,,70.08,47.06,51.45,,65.0,,,,52.81,52.81,,52.81,52.81,52.81,129.02,52.81,63.66,63.66,,,,,47.06,42.49,42.49,40.06,40.06,42.49,63.91,59.66,51.47,51.86,42.49,42.49,42.49,47.06,47.06,51.45,,,,,,
2019-05-23 09:00:00+02:00,,40.86,,40.86,48.49,46.34,,46.1,,40.86,40.86,40.86,66.35,59.66,66.35,40.86,62.37,,68.9,40.86,46.1,,119.9,,,,51.65,51.65,,51.65,51.65,51.65,129.02,51.65,66.35,66.35,,,,,40.86,40.86,40.86,40.01,40.01,40.86,66.62,59.66,46.11,48.04,40.86,40.86,40.86,40.86,40.86,46.1,,,,,,
2019-05-23 10:00:00+02:00,,35.85,,35.85,52.04,42.92,,42.66,,35.85,35.85,39.06,65.01,59.66,65.01,35.85,51.03,,68.9,35.85,42.9,,100.0,,,,48.19,48.19,,48.19,48.19,48.19,129.02,48.19,65.01,65.01,,,,,35.85,39.06,39.06,39.06,39.06,39.06,65.28,59.66,42.92,44.02,39.06,39.06,39.06,39.06,35.85,42.66,,,,,,
2019-05-23 11:00:00+02:00,,35.6,,35.6,41.02,40.28,,40.7,,35.6,35.6,38.63,63.85,59.66,63.85,35.6,39.68,,69.66,35.6,40.7,,100.0,,,,45.12,45.12,,45.12,45.12,45.12,111.53,45.12,63.85,63.85,,,,,35.6,38.63,38.63,38.63,38.63,38.63,64.12,59.66,40.71,42.92,38.63,38.63,38.63,38.63,35.6,40.7,,,,,,
2019-05-23 12:00:00+02:00,,35.56,,35.56,51.25,38.95,,39.69,,35.56,38.22,38.22,66.1,59.66,66.1,35.56,38.66,,68.9,39.0,39.69,,91.32,,,,41.0,41.0,,41.0,41.0,41.0,100.0,41.0,66.1,66.1,,,,,35.56,38.22,38.22,38.22,38.22,38.22,66.38,59.66,39.7,42.6,38.22,38.22,38.22,38.22,39.0,39.69,,,,,,
2019-05-23 13:00:00+02:00,,35.74,,35.74,49.87,37.63,,37.78,,35.74,37.97,38.17,63.49,59.6,63.49,35.74,38.56,,64.01,35.74,38.19,,89.0,,,,40.4,40.4,,40.4,40.4,40.4,99.64,40.4,63.49,63.49,,,,,35.74,38.17,38.17,38.17,38.17,38.17,63.77,59.6,38.2,41.25,38.17,38.17,38.17,38.17,35.74,37.78,,,,,,
2019-05-23 14:00:00+02:00,,35.55,,35.55,52.46,37.43,,38.02,,35.55,35.55,38.76,48.53,58.73,48.53,35.55,38.24,,64.01,35.55,38.02,,75.0,,,,42.62,42.62,,42.62,42.62,42.62,99.64,42.62,54.05,54.05,,,,,35.55,38.76,38.76,38.76,38.76,38.76,57.76,58.73,38.03,40.27,38.76,38.76,38.76,38.76,35.55,38.02,,,,,,
2019-05-23 15:00:00+02:00,,36.76,,36.76,51.88,38.23,,37.99,,36.76,36.76,39.01,39.01,55.65,39.01,36.76,38.26,,64.01,36.76,37.99,,67.0,,,,46.02,46.02,,46.02,46.02,46.02,100.0,46.02,48.07,48.07,,,,,36.76,39.01,39.01,39.01,39.01,39.01,57.09,55.65,38.0,39.66,39.01,39.01,39.01,39.01,36.76,37.99,,,,,,
2019-05-23 16:00:00+02:00,,37.57,,37.57,54.79,40.36,,39.63,,37.57,37.57,39.23,39.23,54.68,39.23,37.57,38.6,,65.14,37.57,39.63,,70.0,,,,47.82,47.82,,47.82,47.82,47.82,49.51,47.82,48.01,48.01,,,,,37.57,39.23,39.23,39.23,39.23,39.23,57.08,54.68,39.64,41.36,39.23,39.23,39.23,39.23,37.57,39.63,,,,,,
2019-05-23 17:00:00+02:00,,43.04,,43.04,57.07,44.25,,44.07,,43.04,42.0,42.0,48.08,54.66,48.08,43.04,44.25,,87.03,43.04,44.07,,84.0,,,,47.82,47.82,,47.82,47.82,47.82,47.82,47.82,48.08,48.08,,,,,43.04,41.26,41.26,39.41,39.41,41.26,57.11,54.66,44.08,43.11,41.26,41.26,41.26,42.0,43.04,44.07,,,,,,
2019-05-23 18:00:00+02:00,,48.55,,48.55,52.97,48.41,,48.77,,48.55,48.55,48.55,58.54,53.16,58.54,48.55,49.91,,87.03,48.55,48.77,,91.06,,,,50.11,52.04,,50.11,52.04,52.04,67.01,52.04,58.54,58.54,,,,,48.55,41.98,41.98,39.38,39.38,41.98,58.83,53.16,48.78,48.08,41.98,41.98,41.98,48.55,48.55,48.77,,,,,,
2019-05-23 19:00:00+02:00,,52.38,,52.38,48.29,52.15,,53.45,,52.38,52.38,52.38,59.6,52.38,59.6,52.38,58.91,,87.05,52.38,53.45,,84.0,,,,57.67,57.67,,52.38,57.67,57.67,78.64,57.67,59.6,59.6,,,,,52.38,42.14,42.14,39.43,39.43,42.14,59.9,52.38,53.46,53.43,42.14,42.14,42.14,52.38,52.38,53.45,,,,,,
2019-05-23 20:00:00+02:00,,54.17,,51.91,50.27,52.63,,56.86,,55.18,54.04,54.04,41.57,54.68,41.57,50.15,61.08,,87.01,54.17,56.86,,64.27,,,,73.13,73.13,,54.17,73.13,73.13,98.27,73.13,59.4,59.4,,,,,54.95,41.57,41.57,39.54,39.54,41.57,59.7,54.68,56.87,57.04,41.57,41.57,41.57,54.04,54.17,56.86,,,,,,
2019-05-23 21:00:00+02:00,,51.54,,50.37,46.38,52.0,,53.32,,52.07,50.82,50.82,41.89,56.84,41.89,49.45,57.02,,87.02,51.54,53.32,,60.0,,,,72.0,72.0,,51.56,72.0,72.0,81.0,72.0,50.82,50.82,,,,,51.98,41.89,41.89,39.42,39.42,41.89,58.74,56.84,53.33,51.96,41.89,41.89,41.89,50.82,51.54,53.32,,,,,,
2019-05-23 22:00:00+02:00,,49.41,,49.41,42.65,49.33,,49.51,,49.41,48.23,48.23,41.31,53.51,41.31,49.41,51.94,,87.03,49.41,49.51,,54.67,,,,49.41,56.27,,49.41,56.27,56.27,78.64,56.27,48.23,48.23,,,,,49.41,41.31,41.31,39.29,39.29,41.31,59.59,53.51,48.79,48.46,41.31,41.31,41.31,48.23,49.41,49.51,,,,,,
2019-05-23 23:00:00+02:00,,45.27,,45.27,36.84,44.36,,44.76,,45.28,44.19,44.19,40.29,51.83,40.29,45.27,46.31,,68.37,45.27,44.76,,48.76,,,,45.27,49.59,,45.27,49.59,49.59,52.64,49.59,44.19,44.19,,,,,45.08,40.29,40.29,39.01,39.01,40.29,52.66,51.83,44.77,43.55,40.29,40.29,40.29,44.19,45.27,44.76,,,,,,
2019-05-24 00:00:00+02:00,,39.9,,39.9,37.43,39.45,,38.24,,39.9,37.54,37.54,37.54,50.0,37.54,39.9,47.56,,68.49,39.9,38.38,,49.9,,,,43.22,50.65,,43.22,50.65,50.65,50.65,50.65,37.54,37.54,,,,,39.9,37.54,37.54,37.54,37.54,37.54,50.98,50.0,38.38,40.52,37.54,37.54,37.54,37.54,39.9,38.24,,,,,,
2019-05-24 01:00:00+02:00,,35.24,,35.24,33.96,36.13,,35.71,,35.24,35.14,35.14,35.14,50.2,35.14,35.24,37.39,,68.08,35.24,36.1,,39.23,,,,41.92,57.67,,41.92,57.67,57.67,57.67,57.67,35.14,35.14,,,,,35.24,35.14,35.14,35.14,35.14,35.14,52.63,50.2,36.11,37.57,35.14,35.14,35.14,35.14,35.24,35.71,,,,,,
2019-05-24 02:00:00+02:00,,34.96,,34.38,30.57,34.65,,34.57,,34.96,34.28,34.28,34.28,46.26,34.28,34.08,36.01,,67.67,34.96,34.57,,37.67,,,,39.12,48.22,,39.12,48.22,48.22,48.22,48.22,34.28,34.28,,,,,34.93,34.28,34.28,34.28,34.28,34.28,51.78,46.26,34.57,34.62,34.28,34.28,34.28,34.28,34.96,34.57,,,,,,
2019-05-24 03:00:00+02:00,,35.25,,32.95,29.56,33.88,,33.67,,34.93,34.1,34.1,34.1,45.0,34.1,32.37,34.92,,65.13,35.25,33.67,,36.64,,,,37.8,48.22,,37.8,48.22,48.22,48.22,48.22,34.1,34.1,,,,,33.87,34.1,34.1,34.1,34.1,34.1,52.74,45.0,33.67,34.11,34.1,34.1,34.1,34.1,35.25,33.67,,,,,,
2019-05-24 04:00:00+02:00,,34.79,,28.82,29.21,33.65,,33.95,,34.79,33.95,33.95,33.95,45.0,33.95,25.69,33.91,,67.88,34.79,33.95,,35.0,,,,37.8,48.22,,37.8,48.22,48.22,48.22,48.22,33.95,33.95,,,,,34.46,33.95,33.95,33.95,33.95,33.95,53.17,45.0,33.96,33.44,33.95,33.95,33.95,33.95,34.79,33.95,,,,,,
2019-05-24 05:00:00+02:00,,36.25,,31.61,31.11,35.23,,34.01,,35.99,35.99,35.99,35.99,46.55,35.99,29.7,33.93,,69.79,36.25,36.4,,34.75,,,,39.32,48.22,,39.32,48.22,48.22,48.22,48.22,35.99,35.99,,,,,34.98,35.99,35.99,35.99,35.99,35.99,51.54,46.55,36.41,34.88,35.99,35.99,35.99,35.99,36.25,34.01,,,,,,
2019-05-24 06:00:00+02:00,,44.78,,40.0,36.06,42.12,,41.45,,44.78,39.71,43.71,52.09,48.12,52.09,38.03,38.95,,65.14,44.78,42.3,,39.9,,,,44.78,57.67,,44.78,57.67,57.67,57.67,57.67,52.09,52.09,,,,,40.16,39.71,39.71,39.71,39.71,39.71,60.36,48.12,42.31,39.91,39.71,39.71,39.71,43.71,44.78,41.45,,,,,,
2019-05-24 07:00:00+02:00,,49.9,,48.03,41.88,45.63,,47.62,,49.9,43.17,49.9,63.55,49.88,63.55,47.14,48.25,,65.15,49.9,49.92,,44.0,,,,50.0,57.67,,50.0,57.67,57.67,57.67,57.67,63.55,63.55,,,,,49.74,43.17,43.17,40.14,40.14,43.17,63.89,49.88,49.93,44.94,43.17,43.17,43.17,49.9,49.9,47.62,,,,,,
2019-05-24 08:00:00+02:00,,50.95,,50.95,44.47,47.36,,49.04,,50.95,43.67,50.95,73.45,55.0,73.45,50.95,52.52,,64.0,50.95,51.92,,58.57,,,,51.99,51.99,,51.99,51.99,51.99,129.02,51.99,73.45,73.45,,,,,50.95,43.67,43.67,40.43,40.43,43.67,73.84,55.0,51.93,47.45,43.67,43.67,43.67,50.95,50.95,49.04,,,,,,
2019-05-24 09:00:00+02:00,,45.94,,45.94,40.05,45.09,,45.4,,45.94,45.04,45.94,77.36,55.78,77.36,45.94,54.34,,70.04,50.0,49.9,,120.0,,,,50.0,50.0,,50.0,50.0,50.0,129.02,50.0,77.36,77.36,,,,,45.94,43.33,43.33,40.46,40.46,43.33,77.78,55.78,49.91,45.2,43.33,43.33,43.33,45.94,50.0,45.4,,,,,,
2019-05-24 10:00:00+02:00,,43.78,,43.78,38.18,42.54,,41.0,,43.78,43.78,43.78,76.53,54.31,76.53,43.78,45.39,,70.02,47.98,45.98,,100.0,,,,47.98,47.98,,47.98,47.98,47.98,129.02,47.98,76.53,76.53,,,,,43.78,42.38,42.38,40.45,40.45,42.38,76.94,54.31,45.99,41.91,42.38,42.38,42.38,43.78,47.98,41.0,,,,,,
2019-05-24 11:00:00+02:00,,39.54,,39.54,37.37,38.96,,38.35,,39.54,39.54,39.54,77.76,50.51,77.76,39.54,40.77,,70.01,44.98,44.83,,103.13,,,,44.98,44.98,,44.98,44.98,44.98,129.02,44.98,77.76,77.76,,,,,39.54,39.54,39.54,39.54,39.54,39.54,78.17,50.51,44.84,40.26,39.54,39.54,39.54,39.54,44.98,38.35,,,,,,
2019-05-24 12:00:00+02:00,,37.48,,37.48,34.71,37.18,,36.39,,37.48,37.48,38.24,77.72,50.62,77.72,37.48,38.84,,64.0,40.99,42.96,,95.0,,,,40.99,40.99,,40.99,40.99,40.99,115.64,40.99,77.72,77.72,,,,,37.48,38.24,38.24,38.24,38.24,38.24,78.14,50.62,42.97,40.04,38.24,38.24,38.24,38.24,40.99,36.39,,,,,,
2019-05-24 13:00:00+02:00,,35.85,,35.85,32.88,35.62,,35.01,,35.85,35.85,37.04,75.82,50.48,101.91,35.85,38.84,,64.0,39.7,41.99,,90.0,,,,39.7,39.7,,39.7,39.7,39.7,100.0,39.7,75.82,75.82,,,,,35.85,37.04,37.04,37.04,37.04,37.04,76.23,50.48,42.0,37.74,37.04,37.04,37.04,37.04,39.7,35.01,,,,,,
2019-05-24 14:00:00+02:00,,35.35,,35.35,33.18,35.06,,34.01,,35.35,35.35,36.52,67.22,49.52,41.13,35.35,37.38,,64.0,41.4,41.19,,58.57,,,,41.4,41.4,,41.4,41.4,41.4,100.0,41.4,67.22,67.22,,,,,35.35,36.52,36.52,36.52,36.52,36.52,67.59,49.52,41.2,35.92,36.52,36.52,36.52,36.52,41.4,34.01,,,,,,
2019-05-24 15:00:00+02:00,,35.0,,35.0,35.49,35.05,,34.37,,35.0,35.0,36.29,36.29,48.13,36.29,35.0,37.12,,64.0,42.31,41.05,,52.69,,,,42.31,42.31,,42.31,42.31,42.31,129.02,42.31,66.7,66.7,,,,,35.0,36.29,36.29,36.29,36.29,36.29,67.06,48.13,41.06,37.02,36.29,36.29,36.29,36.29,42.31,34.37,,,,,,
2019-05-24 16:00:00+02:00,,35.08,,35.08,35.99,35.07,,34.94,,35.08,35.08,36.72,36.72,47.5,36.72,35.08,37.12,,70.01,44.6,43.93,,50.0,,,,44.6,44.6,,44.6,44.6,44.6,56.01,44.6,61.77,61.77,,,,,35.08,36.72,36.72,36.72,36.72,36.72,62.11,47.5,43.94,36.85,36.72,36.72,36.72,36.72,44.6,34.94,,,,,,
2019-05-24 17:00:00+02:00,,36.64,,36.64,36.48,38.56,,37.65,,36.64,36.64,37.82,46.89,45.0,46.89,36.64,40.77,,71.83,43.52,42.99,,44.23,,,,43.52,43.52,,43.52,43.52,43.52,46.01,43.52,48.5,48.5,,,,,36.64,37.82,37.82,37.82,37.82,37.82,60.43,45.0,43.0,40.91,37.82,37.82,37.82,37.82,43.52,37.65,,,,,,
2019-05-24 18:00:00+02:00,,41.64,,41.64,43.05,41.89,,41.74,,41.64,41.64,40.47,52.07,42.6,52.07,41.64,47.57,,76.54,41.64,42.91,,58.57,,,,47.99,47.99,,45.29,47.99,47.99,78.64,47.99,52.07,52.07,,,,,41.64,39.88,39.88,39.88,39.88,39.88,59.85,42.6,42.92,41.69,39.88,39.88,39.88,40.47,41.64,41.74,,,,,,
2019-05-24 19:00:00+02:00,,44.88,,44.88,50.15,44.01,,44.9,,44.88,42.86,42.86,52.04,44.88,52.04,44.88,54.36,,74.3,44.88,48.49,,57.02,,,,50.01,51.41,,48.86,51.41,51.41,78.64,51.41,52.04,52.04,,,,,44.88,40.52,40.52,40.0,40.0,40.52,59.83,44.88,48.5,45.46,40.52,40.52,40.52,42.86,44.88,44.9,,,,,,
2019-05-24 20:00:00+02:00,,45.74,,42.8,51.04,44.1,,45.01,,45.74,39.82,39.82,39.82,49.28,39.82,41.05,55.92,,70.12,50.13,55.96,,58.57,,,,57.67,57.67,,50.13,57.67,57.67,129.02,57.67,48.45,48.45,,,,,45.55,39.82,39.82,39.82,39.82,39.82,59.88,49.28,55.97,48.0,39.82,39.82,39.82,39.82,50.13,45.01,,,,,,
2019-05-24 21:00:00+02:00,,45.77,,41.71,42.49,43.81,,44.17,,45.77,39.47,39.47,39.47,53.44,39.47,39.26,54.37,,72.81,48.0,50.59,,58.57,,,,56.01,57.67,,48.0,57.67,57.67,99.27,57.67,48.48,48.48,,,,,45.51,39.47,39.47,39.47,39.47,39.47,60.12,53.44,50.6,46.37,39.47,39.47,39.47,39.47,48.0,44.17,,,,,,
2019-05-24 22:00:00+02:00,,45.06,,45.06,40.75,43.76,,43.33,,45.06,38.86,38.86,38.86,50.48,38.86,45.06,54.37,,71.84,45.06,47.03,,57.02,,,,49.59,49.59,,45.06,49.59,49.59,78.64,49.59,46.66,46.66,,,,,45.06,38.86,38.86,38.86,38.86,38.86,59.02,50.48,47.04,44.97,38.86,38.86,38.86,38.86,45.06,43.33,,,,,,
2019-05-24 23:00:00+02:00,,41.89,,41.89,36.74,39.34,,38.2,,41.89,37.95,37.95,37.95,48.5,37.95,41.89,45.31,,69.98,41.89,43.01,,47.52,,,,41.89,47.0,,41.89,47.0,47.0,57.01,47.0,39.9,39.9,,,,,41.89,37.95,37.95,37.95,37.95,37.95,54.54,48.5,43.02,40.29,37.95,37.95,37.95,37.95,41.89,38.2,,,,,,
2019-05-25 00:00:00+02:00,,41.97,,41.97,33.01,37.27,,38.01,,41.97,38.1,38.1,38.1,42.3,38.1,41.97,49.92,,69.76,41.97,42.07,,61.01,,,,43.2,49.32,,43.2,49.32,49.32,49.32,49.32,38.1,38.1,,,,,41.97,38.1,38.1,38.1,38.1,38.1,47.18,42.3,42.06,40.95,38.1,38.1,38.1,38.1,41.97,38.01,,,,,,
2019-05-25 01:00:00+02:00,,37.15,,37.15,30.06,34.83,,35.0,,37.15,36.26,36.26,36.26,40.0,36.26,37.15,42.89,,69.71,37.15,37.47,,45.0,,,,41.78,55.9,,41.78,55.9,55.9,55.9,55.9,36.26,36.26,,,,,37.15,36.26,36.26,36.26,36.26,36.26,45.02,40.0,37.46,37.77,36.26,36.26,36.26,36.26,37.15,35.0,,,,,,
2019-05-25 02:00:00+02:00,,35.07,,35.07,29.83,34.74,,34.5,,35.07,35.07,35.07,35.07,39.5,35.07,35.07,43.72,,65.13,35.07,36.1,,45.87,,,,40.91,49.32,,40.91,49.32,49.32,49.32,49.32,35.07,35.07,,,,,35.07,35.07,35.07,35.07,35.07,35.07,44.74,39.5,36.09,35.77,35.07,35.07,35.07,35.07,35.07,34.5,,,,,,
2019-05-25 03:00:00+02:00,,34.03,,34.03,27.56,33.78,,33.86,,34.03,34.03,34.03,34.03,38.8,34.03,34.03,39.19,,64.89,34.03,34.93,,41.12,,,,40.15,49.32,,40.15,42.19,49.32,42.19,49.32,34.03,34.03,,,,,34.03,34.03,34.03,34.03,34.03,34.03,47.23,38.8,34.92,35.1,34.03,34.03,34.03,34.03,34.03,33.86,,,,,,
2019-05-25 04:00:00+02:00,,33.84,,33.84,26.67,33.33,,33.51,,33.84,33.84,33.84,33.84,38.8,33.84,33.84,37.95,,65.13,33.84,33.51,,39.81,,,,36.7,49.32,,36.7,42.19,49.32,42.19,49.32,33.84,33.84,,,,,33.84,33.84,33.84,33.84,33.84,33.84,47.83,38.8,33.5,34.61,33.84,33.84,33.84,33.84,33.84,33.51,,,,,,
2019-05-25 05:00:00+02:00,,33.09,,33.09,26.78,33.62,,33.01,,33.09,33.09,33.09,33.09,38.87,33.09,33.09,37.29,,65.13,33.09,33.6,,39.12,,,,40.0,49.32,,40.0,42.19,49.32,42.19,49.32,33.09,33.09,,,,,33.09,33.09,33.09,33.09,33.09,33.09,46.67,38.87,33.6,34.71,33.09,33.09,33.09,33.09,33.09,33.01,,,,,,
2019-05-25 06:00:00+02:00,,34.05,,34.05,27.55,33.84,,33.98,,34.05,34.05,34.05,34.05,38.96,34.05,34.05,35.12,,65.13,34.05,34.67,,36.84,,,,36.7,49.32,,36.7,47.01,49.32,47.01,49.32,34.05,34.05,,,,,34.05,34.05,34.05,34.05,34.05,34.05,51.47,38.96,33.6,35.96,34.05,34.05,34.05,34.05,34.05,33.98,,,,,,
2019-05-25 07:00:00+02:00,,35.11,,35.11,32.46,35.47,,35.2,,35.11,35.11,35.11,35.11,39.5,35.11,35.11,37.95,,65.13,35.11,36.28,,38.87,,,,44.0,52.36,,44.0,52.36,52.36,52.36,52.36,35.11,35.11,,,,,35.11,35.11,35.11,35.11,35.11,35.11,56.15,39.5,36.27,37.03,35.11,35.11,35.11,35.11,35.11,35.2,,,,,,
2019-05-25 08:00:00+02:00,,37.7,,37.7,32.49,37.18,,37.14,,37.7,37.7,37.7,37.28,40.0,37.28,37.7,44.18,,65.14,37.7,38.08,,46.35,,,,48.51,49.32,,48.51,42.19,49.32,78.56,49.32,37.28,37.28,,,,,37.7,37.28,37.28,37.28,37.28,37.28,57.03,40.0,38.07,38.06,37.28,37.28,37.28,37.28,37.7,37.14,,,,,,
2019-05-25 09:00:00+02:00,,37.56,,37.56,32.57,37.19,,37.2,,37.56,37.56,37.5,37.5,40.91,37.5,37.56,49.84,,69.0,37.56,37.2,,66.23,,,,47.99,49.09,,47.99,42.19,49.09,75.19,49.09,37.5,37.5,,,,,37.56,37.5,37.5,37.5,37.5,37.5,60.65,40.91,37.19,38.99,37.5,37.5,37.5,37.5,37.56,37.2,,,,,,
2019-05-25 10:00:00+02:00,,36.32,,36.32,32.5,36.39,,36.25,,36.32,36.32,36.37,36.37,42.8,36.37,36.32,50.4,,62.78,36.32,36.62,,90.0,,,,45.43,45.69,,45.43,42.19,45.69,78.56,45.69,36.37,36.37,,,,,36.32,36.37,36.37,36.37,36.37,36.37,60.93,42.8,36.62,38.03,36.37,36.37,36.37,36.37,36.32,36.25,,,,,,
2019-05-25 11:00:00+02:00,,35.2,,35.2,32.52,35.61,,36.46,,35.2,35.2,35.9,35.9,45.01,35.9,35.2,47.35,,63.48,35.2,36.46,,90.0,,,,40.61,41.02,,40.61,39.19,41.02,78.56,41.02,57.53,57.53,,,,,35.2,35.9,35.9,35.9,35.9,35.9,57.7,45.01,35.29,37.48,35.9,35.9,35.9,35.9,35.2,36.46,,,,,,
2019-05-25 12:00:00+02:00,,34.24,,34.24,32.51,34.88,,34.98,,34.24,34.24,35.37,35.37,45.76,35.37,34.24,44.18,,53.97,34.24,35.52,,65.0,,,,40.0,40.0,,40.0,39.19,40.0,65.01,40.0,56.7,56.7,,,,,34.24,35.37,35.37,35.37,35.37,35.37,56.86,45.76,33.55,38.0,35.37,35.37,35.37,35.37,34.24,34.98,,,,,,
2019-05-25 13:00:00+02:00,,33.01,,33.01,32.59,33.56,,33.37,,33.01,33.01,34.18,34.18,47.58,34.18,33.01,40.78,,37.21,33.01,33.37,,48.0,,,,33.87,39.0,,33.87,39.0,39.0,60.0,39.0,34.18,34.18,,,,,33.01,34.18,34.18,34.18,34.18,34.18,54.23,47.58,30.88,35.55,34.18,34.18,34.18,34.18,33.01,33.37,,,,,,
2019-05-25 14:00:00+02:00,,31.42,,31.42,32.59,32.28,,32.18,,31.42,31.42,33.09,33.09,44.0,33.09,31.42,36.82,,33.97,31.42,32.18,,38.62,,,,35.0,39.0,,35.0,39.0,39.0,60.0,39.0,33.09,33.09,,,,,31.42,33.09,33.09,33.09,33.09,33.09,50.57,44.0,29.19,33.77,33.09,33.09,33.09,33.09,31.42,32.18,,,,,,
2019-05-25 15:00:00+02:00,,31.35,,31.35,32.57,31.86,,31.5,,31.35,31.35,32.39,32.39,40.06,32.39,31.35,36.77,,37.5,31.35,31.53,,38.57,,,,36.4,39.17,,36.4,39.17,39.17,60.01,39.17,32.39,32.39,,,,,31.35,32.39,32.39,32.39,32.39,32.39,48.18,40.06,29.48,32.53,32.39,32.39,32.39,32.39,31.35,31.5,,,,,,
2019-05-25 16:00:00+02:00,,32.08,,32.08,32.6,32.82,,32.35,,32.08,32.08,33.14,33.14,39.5,33.14,32.08,36.82,,65.14,32.08,32.75,,38.62,,,,40.08,41.37,,40.08,39.19,41.37,60.01,41.37,33.14,33.14,,,,,32.08,33.14,33.14,33.14,33.14,33.14,46.32,39.5,30.88,34.6,33.14,33.14,33.14,33.14,32.08,32.35,,,,,,
2019-05-25 17:00:00+02:00,,34.19,,34.19,32.73,34.44,,33.42,,34.19,34.19,35.11,35.11,39.0,35.11,34.19,40.55,,65.14,34.19,33.91,,42.53,,,,40.15,49.09,,40.15,42.2,49.09,42.2,49.09,35.11,35.11,,,,,34.19,35.11,35.11,35.11,35.11,35.11,45.22,39.0,33.07,36.73,35.11,35.11,35.11,35.11,34.19,33.42,,,,,,
2019-05-25 18:00:00+02:00,,37.48,,37.48,36.03,39.68,,38.64,,37.48,37.48,36.56,36.56,39.5,36.56,37.48,51.1,,71.79,37.48,38.64,,53.6,,,,47.4,47.4,,42.44,42.2,47.4,42.2,47.4,36.56,36.56,,,,,37.48,36.56,36.56,36.56,36.56,36.56,45.45,39.5,38.63,39.74,36.56,36.56,36.56,36.56,37.48,38.64,,,,,,
2019-05-25 19:00:00+02:00,,41.12,,41.12,38.4,42.65,,43.1,,41.12,37.8,37.8,37.8,41.12,37.8,41.12,56.65,,70.11,41.12,43.1,,59.42,,,,54.81,54.81,,47.36,54.81,54.81,54.81,54.81,37.8,37.8,,,,,41.12,37.8,37.8,37.8,37.8,37.8,49.36,41.12,43.09,44.28,37.8,37.8,37.8,37.8,41.12,43.1,,,,,,
2019-05-25 20:00:00+02:00,,44.47,,44.47,43.87,43.1,,43.91,,44.47,36.99,36.99,36.99,44.47,36.99,44.47,60.47,,64.78,44.47,45.6,,61.92,,,,66.75,66.75,,48.5,66.75,66.75,78.0,66.75,36.99,36.99,,,,,44.47,36.99,36.99,36.99,36.99,36.99,50.28,44.47,45.6,47.77,36.99,36.99,36.99,36.99,44.47,43.91,,,,,,
2019-05-25 21:00:00+02:00,,44.71,,44.71,40.57,42.28,,44.09,,44.71,36.82,36.82,36.82,50.51,36.82,44.71,52.12,,65.19,44.71,44.59,,53.37,,,,57.67,57.67,,48.5,57.67,57.67,57.67,57.67,36.82,36.82,,,,,44.71,36.82,36.82,36.82,36.82,36.82,51.35,50.51,44.59,45.82,36.82,36.82,36.82,36.82,44.71,44.09,,,,,,
2019-05-25 22:00:00+02:00,,44.47,,44.47,38.89,42.95,,43.93,,44.47,36.53,36.53,36.53,50.33,36.53,44.47,48.78,,71.76,44.47,43.93,,49.95,,,,49.09,49.09,,44.47,42.18,49.09,42.18,49.09,36.53,36.53,,,,,44.47,36.53,36.53,36.53,36.53,36.53,49.16,50.33,43.92,44.78,36.53,36.53,36.53,36.53,44.47,43.93,,,,,,
2019-05-25 23:00:00+02:00,,40.58,,40.58,34.58,38.9,,39.78,,40.58,35.61,35.61,35.61,48.62,35.61,40.58,41.84,,65.13,40.58,39.78,,42.84,,,,45.01,45.01,,40.97,39.17,45.01,39.17,45.01,35.61,35.61,,,,,40.58,35.61,35.61,35.61,35.61,35.61,44.34,48.62,29.2,41.07,35.61,35.61,35.61,35.61,40.58,39.78,,,,,,
2019-05-26 00:00:00+02:00,,36.4,,36.4,24.81,34.85,,36.91,,36.4,35.53,35.53,35.53,44.17,35.53,36.4,62.28,,63.74,36.4,36.91,,63.61,,,,43.97,43.97,,43.97,37.42,43.97,37.42,43.97,35.53,35.53,,,,,36.4,35.53,35.53,35.53,35.53,35.53,43.36,44.17,32.0,35.93,35.53,35.53,35.53,35.53,36.4,36.91,,,,,,
2019-05-26 01:00:00+02:00,,33.04,,33.04,24.53,32.46,,32.48,,33.04,32.75,32.75,32.75,40.0,32.75,33.04,53.25,,62.5,33.04,32.48,,50.62,,,,45.0,45.0,,40.21,11.53,45.0,11.53,45.0,32.75,32.75,,,,,33.04,32.75,32.75,32.75,32.75,32.75,42.54,40.0,28.99,32.09,32.75,32.75,32.75,32.75,33.04,32.48,,,,,,
2019-05-26 02:00:00+02:00,,29.44,,28.54,24.34,31.16,,30.24,,29.44,29.44,29.44,29.44,38.1,29.44,28.02,51.23,,64.71,29.44,30.24,,48.69,,,,39.54,39.54,,34.8,5.0,39.54,5.0,39.54,29.44,29.44,,,,,29.37,29.44,29.44,29.44,29.44,29.44,44.31,38.1,23.74,30.51,29.44,29.44,29.44,29.44,29.44,30.24,,,,,,
2019-05-26 03:00:00+02:00,,28.59,,19.05,24.28,29.17,,29.78,,28.59,28.59,28.59,28.59,36.91,28.59,13.53,43.74,,64.71,28.59,29.78,,33.3,,,,34.8,34.8,,34.8,3.0,34.8,3.0,34.8,28.59,28.59,,,,,27.81,28.59,28.59,28.59,28.59,28.59,44.41,36.91,21.0,29.92,28.59,28.59,28.59,28.59,28.59,29.78,,,,,,
2019-05-26 04:00:00+02:00,,22.92,,22.53,24.28,27.93,,29.15,,23.06,23.06,23.06,23.06,36.0,23.06,22.23,37.89,,64.71,22.92,29.15,,31.5,,,,34.8,34.8,,34.8,1.0,34.8,1.0,34.8,23.06,23.06,,,,,23.01,23.77,23.77,23.77,23.77,23.77,45.36,36.0,21.0,28.92,23.06,23.06,23.06,23.06,22.92,29.15,,,,,,
2019-05-26 05:00:00+02:00,,17.6,,15.21,24.34,25.83,,25.38,,18.4,18.4,18.4,18.4,37.07,18.4,13.38,30.26,,44.0,17.6,25.38,,27.28,,,,40.33,40.33,,40.33,0.0,40.33,0.0,40.33,18.4,18.4,,,,,18.15,18.75,18.75,18.75,18.75,18.75,45.23,37.07,21.13,27.06,18.4,18.4,18.4,18.4,17.6,25.38,,,,,,
2019-05-26 06:00:00+02:00,,14.63,,14.63,24.07,25.7,,23.99,,14.63,14.63,14.63,14.63,37.6,14.63,14.63,23.35,,40.0,14.63,23.99,,23.67,,,,35.5,35.5,,35.5,0.0,35.5,0.0,35.5,14.63,14.63,,,,,14.63,15.12,15.12,15.12,15.12,15.12,44.36,37.6,21.07,27.03,14.63,14.63,14.63,14.63,14.63,23.99,,,,,,
2019-05-26 07:00:00+02:00,,18.65,,18.65,32.46,27.07,,23.65,,18.65,18.65,18.65,18.91,37.9,18.91,18.65,20.6,,47.0,18.65,24.21,,21.04,,,,40.55,40.55,,40.55,11.71,40.55,11.71,40.55,35.02,35.02,,,,,18.65,19.27,19.27,19.27,19.27,19.27,45.2,37.9,24.21,27.04,18.65,18.65,18.65,18.65,18.65,23.65,,,,,,
2019-05-26 08:00:00+02:00,,24.58,,24.58,32.46,27.16,,24.21,,24.58,24.58,24.58,24.58,38.2,24.58,24.58,31.73,,62.5,24.58,24.21,,28.93,,,,41.78,41.78,,41.78,19.0,41.78,19.0,41.78,48.07,48.07,,,,,24.58,25.39,25.39,25.39,25.39,25.39,48.43,38.2,24.21,27.05,24.58,24.58,24.58,24.58,24.58,24.21,,,,,,
2019-05-26 09:00:00+02:00,,22.61,,19.58,32.46,22.64,,24.03,,22.61,22.61,22.61,37.89,38.3,37.89,20.87,35.63,,42.18,22.61,24.86,,32.0,,,,44.75,44.75,,44.75,19.0,44.75,19.0,44.75,48.87,48.87,,,,,28.3,29.48,29.48,29.48,29.48,29.48,49.24,40.0,22.99,26.98,23.73,23.73,23.73,23.73,22.61,24.03,,,,,,
2019-05-26 10:00:00+02:00,,18.69,,18.69,31.03,18.43,,15.96,,18.69,18.69,18.69,38.67,40.0,38.67,18.69,50.54,,64.71,18.69,23.02,,38.73,,,,49.75,49.75,,49.75,12.33,49.75,12.33,49.75,48.23,48.23,,,,,18.69,30.5,30.5,31.58,31.58,30.5,48.6,41.0,18.99,24.01,30.5,30.5,30.5,30.5,18.69,15.96,,,,,,
2019-05-26 11:00:00+02:00,,20.69,,22.8,29.06,13.82,,12.3,,19.93,19.93,19.93,40.28,40.0,40.28,21.79,55.76,,64.71,20.69,20.08,,38.73,,,,47.91,47.91,,47.91,9.0,47.91,9.0,47.91,47.35,47.35,,,,,28.3,32.2,32.2,32.32,32.32,32.2,47.7,44.1,17.43,19.93,32.2,32.2,32.2,32.2,20.69,12.3,,,,,,
2019-05-26 12:00:00+02:00,,16.56,,20.03,32.42,9.17,,12.09,,15.31,19.96,19.96,40.1,38.3,40.1,18.38,56.48,,64.9,16.56,18.29,,38.73,,,,46.64,46.64,,46.64,9.0,46.64,9.0,46.64,44.78,44.78,,,,,29.1,30.06,30.06,32.45,32.45,30.06,45.12,49.7,16.59,18.08,30.06,30.06,30.06,30.06,16.56,12.09,,,,,,
2019-05-26 13:00:00+02:00,,-0.36,,7.35,22.55,1.06,,5.83,,-3.13,25.02,25.02,35.04,40.0,35.04,3.68,55.7,,40.79,0.3,12.39,,38.73,,,,44.97,44.97,,44.97,0.1,44.97,0.1,44.97,35.04,35.04,,,,,27.4,28.46,28.46,32.53,32.53,28.46,44.34,53.06,12.4,15.12,25.02,25.02,25.02,25.02,0.3,5.83,,,,,,
2019-05-26 14:00:00+02:00,,-11.26,,-3.73,32.43,-0.06,,1.81,,-13.95,24.95,24.95,28.92,38.5,28.92,-7.3,41.93,,38.0,0.02,13.78,,38.73,,,,44.99,44.99,,44.99,0.0,44.99,0.0,44.99,28.92,28.92,,,,,15.4,26.98,26.98,32.61,32.61,26.98,44.28,41.0,13.78,15.32,24.95,24.95,24.95,24.95,0.02,1.81,,,,,,
2019-05-26 15:00:00+02:00,,-5.48,,-2.53,32.46,0.0,,2.53,,-6.54,26.92,26.92,26.92,35.0,26.92,-3.93,30.81,,44.38,-5.48,15.52,,30.0,,,,45.2,45.2,,45.2,0.0,45.2,0.0,45.2,26.92,26.92,,,,,5.0,26.96,26.96,32.62,32.62,26.96,42.55,40.0,15.52,15.08,26.92,26.92,26.92,26.92,-5.48,2.53,,,,,,
2019-05-26 16:00:00+02:00,,4.67,,4.67,32.5,8.25,,7.2,,4.67,33.0,33.0,33.0,34.0,33.0,4.67,32.87,,60.0,4.67,19.06,,31.23,,,,48.07,48.07,,48.07,4.01,48.07,4.01,48.07,33.0,33.0,,,,,4.67,33.0,33.0,33.0,33.0,33.0,42.4,40.0,19.06,17.08,33.0,33.0,33.0,33.0,4.67,7.2,,,,,,
2019-05-26 17:00:00+02:00,,21.78,,16.33,32.62,20.91,,18.8,,21.78,35.03,35.03,35.03,34.0,35.03,18.65,41.8,,63.74,21.78,23.96,,31.47,,,,45.2,45.2,,45.2,9.0,45.2,9.0,45.2,35.03,35.03,,,,,31.74,35.03,35.03,35.03,35.03,35.03,43.41,36.0,23.96,24.63,35.03,35.03,35.03,35.03,21.78,18.8,,,,,,
2019-05-26 18:00:00+02:00,,33.01,,33.01,32.77,30.19,,32.26,,33.01,35.42,35.42,35.42,35.58,35.42,33.01,46.56,,65.12,33.01,32.26,,38.73,,,,48.14,48.14,,48.14,37.42,48.14,37.42,48.14,35.42,35.42,,,,,33.01,35.42,35.42,35.42,35.42,35.42,44.41,35.58,32.27,32.25,35.42,35.42,35.42,35.42,33.01,32.26,,,,,,
2019-05-26 19:00:00+02:00,,36.63,,36.63,39.56,34.5,,37.76,,36.63,36.63,36.63,36.63,38.1,36.63,36.63,51.22,,65.16,36.63,38.93,,40.9,,,,53.05,53.05,,53.05,48.47,53.05,48.47,53.05,36.63,36.63,,,,,36.63,36.63,36.63,36.63,36.63,36.63,44.99,38.1,38.94,37.1,36.63,36.63,36.63,36.63,36.63,37.76,,,,,,
2019-05-26 20:00:00+02:00,,37.16,,37.16,45.04,37.01,,39.22,,37.16,37.16,37.16,37.16,44.9,37.16,37.16,49.18,,63.81,37.16,45.09,,40.9,,,,57.62,57.62,,57.62,48.49,57.62,48.49,57.62,37.16,37.16,,,,,37.16,37.16,37.16,37.16,37.16,37.16,47.24,44.9,45.1,41.03,37.16,37.16,37.16,37.16,37.16,39.22,,,,,,
2019-05-26 21:00:00+02:00,,36.59,,36.59,40.67,35.6,,41.87,,36.59,36.59,36.59,36.59,55.22,36.59,36.59,51.91,,70.15,36.59,41.91,,40.9,,,,57.62,57.62,,57.62,48.49,57.62,48.49,57.62,36.59,36.59,,,,,36.59,36.59,36.59,36.59,36.59,36.59,48.18,55.22,41.92,40.09,36.59,36.59,36.59,36.59,36.59,41.87,,,,,,
2019-05-26 22:00:00+02:00,,36.37,,36.37,41.25,36.25,,40.13,,36.37,36.37,36.37,36.37,58.02,36.37,36.37,55.54,,70.06,36.37,40.13,,42.71,,,,49.91,49.91,,49.91,48.48,49.91,48.48,49.91,36.37,36.37,,,,,36.37,36.37,36.37,36.37,36.37,36.37,45.27,58.02,40.14,39.3,36.37,36.37,36.37,36.37,36.37,40.13,,,,,,
2019-05-26 23:00:00+02:00,,32.45,,32.45,38.05,32.95,,35.99,,32.45,33.53,33.53,33.53,55.22,33.53,32.45,48.74,,65.13,32.45,35.99,,44.12,,,,45.0,45.0,,45.0,45.0,45.0,45.0,45.0,33.53,33.53,,,,,32.45,33.53,33.53,33.53,33.53,33.53,44.32,55.22,36.0,35.53,33.53,33.53,33.53,33.53,32.45,35.99,,,,,,
2019-05-27 00:00:00+02:00,,20.2,,23.47,22.6,24.26,,22.51,,18.67,18.67,18.67,18.67,54.61,18.67,21.94,34.37,,69.73,20.2,24.09,,32.65,,,,35.1,35.1,,35.1,29.48,35.1,29.48,35.1,18.67,18.67,,,,,33.23,34.33,34.33,34.33,34.33,34.33,44.54,54.61,24.1,30.89,18.67,18.67,18.67,18.67,20.2,22.51,,,,,,
2019-05-27 01:00:00+02:00,,13.72,,17.67,22.55,23.08,,21.99,,12.86,12.86,12.86,12.86,49.64,12.86,16.09,26.66,,65.13,13.72,21.99,,25.33,,,,29.46,29.46,,29.46,29.46,29.46,29.46,29.46,12.86,12.86,,,,,27.4,31.14,31.14,31.14,31.14,31.14,43.85,49.64,21.99,27.39,12.86,12.86,12.86,12.86,13.72,21.99,,,,,,
2019-05-27 02:00:00+02:00,,12.97,,16.75,22.53,20.8,,19.26,,12.2,12.2,12.2,12.2,46.78,12.2,15.25,24.93,,65.13,12.97,19.26,,24.05,,,,23.88,23.88,,23.88,23.88,23.88,23.88,23.88,12.2,12.2,,,,,25.63,28.41,28.41,28.41,28.41,28.41,43.3,46.78,19.26,24.87,12.2,12.2,12.2,12.2,12.97,19.26,,,,,,
2019-05-27 03:00:00+02:00,,15.18,,14.82,22.52,19.29,,18.03,,14.09,14.09,14.09,14.09,45.81,14.09,14.09,22.62,,68.94,15.18,18.03,,23.1,,,,20.0,20.0,,20.0,20.0,20.0,20.0,20.0,14.09,14.09,,,,,23.25,28.67,28.67,28.67,28.67,28.67,43.3,45.81,18.03,23.62,14.09,14.09,14.09,14.09,15.18,18.03,,,,,,
2019-05-27 04:00:00+02:00,,20.05,,19.87,22.53,21.51,,19.92,,19.65,19.65,19.18,19.18,45.37,19.18,19.65,22.88,,69.67,20.05,19.92,,23.36,,,,23.93,23.93,,23.93,23.93,23.93,23.93,23.93,19.18,19.18,,,,,23.51,25.46,25.46,25.46,25.46,25.46,43.18,45.37,19.92,24.61,19.18,19.18,19.18,19.18,20.05,19.92,,,,,,
2019-05-27 05:00:00+02:00,,28.76,,28.76,24.1,27.44,,22.51,,28.76,28.76,29.23,29.46,49.0,29.46,28.76,29.52,,70.53,28.76,24.74,,26.44,,,,29.47,29.47,,29.47,29.47,29.47,29.47,29.47,29.46,29.46,,,,,28.76,34.28,34.28,34.28,34.28,34.28,43.89,49.0,24.74,29.34,29.46,29.46,29.46,29.46,28.76,22.51,,,,,,
2019-05-27 06:00:00+02:00,,37.32,,31.4,30.58,33.31,,33.53,,37.32,37.32,37.32,47.87,54.5,47.87,28.12,30.67,,75.88,37.32,35.54,,29.15,,,,39.47,39.47,,39.47,39.47,39.47,39.47,39.47,47.87,47.87,,,,,36.65,37.97,37.97,37.97,37.97,37.97,49.47,54.5,35.54,35.78,37.97,37.97,37.97,37.97,37.32,33.53,,,,,,
2019-05-27 07:00:00+02:00,,46.45,,44.6,53.57,41.38,,39.92,,46.45,46.45,46.45,54.24,56.26,54.24,43.75,44.91,,75.88,47.3,48.99,,35.42,,,,47.3,47.3,,47.3,47.3,47.3,47.3,47.3,54.24,54.24,,,,,46.17,40.28,40.28,40.28,39.84,40.28,54.65,56.26,48.99,44.91,40.28,40.28,40.28,45.34,47.3,39.92,,,,,,
2019-05-27 08:00:00+02:00,,43.35,,43.35,54.42,43.39,,43.2,,43.35,43.35,43.35,75.16,58.39,75.16,43.35,42.46,,76.47,56.0,52.51,,38.75,,,,56.0,56.0,,56.0,47.02,56.0,78.58,56.0,59.64,75.16,,,,,43.35,41.52,41.52,41.52,40.53,41.52,60.09,58.39,52.51,46.1,41.52,41.52,41.52,42.31,56.0,43.2,,,,,,
2019-05-27 09:00:00+02:00,,42.37,,42.37,46.68,41.96,,37.86,,42.37,42.37,42.37,79.31,57.74,79.31,42.37,43.49,,71.89,57.39,51.6,,42.71,,,,57.39,57.39,,57.39,47.02,57.39,50.01,57.39,59.84,79.31,,,,,42.37,41.14,41.14,41.14,40.32,41.14,60.29,57.74,51.6,44.87,41.14,41.14,41.14,41.35,57.39,37.86,,,,,,
2019-05-27 10:00:00+02:00,,39.74,,39.74,38.07,39.05,,37.8,,39.74,39.74,39.74,70.05,56.48,70.05,39.74,41.07,,76.46,53.42,44.98,,40.0,,,,53.42,53.42,,53.42,47.01,53.42,47.01,53.42,59.7,70.05,,,,,39.74,39.74,39.74,39.74,39.74,39.74,60.15,56.48,44.98,41.44,39.74,39.74,39.74,39.74,53.42,37.8,,,,,,
2019-05-27 11:00:00+02:00,,39.27,,39.27,35.11,39.02,,35.0,,39.27,39.27,39.27,75.01,54.96,75.01,39.27,40.58,,75.88,53.96,44.07,,40.92,,,,53.96,53.96,,53.96,41.06,53.96,41.06,49.96,59.88,75.01,,,,,39.27,39.27,39.27,39.27,39.27,39.27,60.33,54.96,44.07,40.38,39.27,39.27,39.27,39.27,53.96,35.0,,,,,,
2019-05-27 12:00:00+02:00,,38.03,,38.03,44.02,38.42,,35.59,,38.03,38.03,38.03,59.91,55.23,59.91,38.03,43.72,,71.9,48.69,43.98,,41.57,,,,48.69,48.69,,48.69,41.05,48.69,41.05,45.84,59.91,59.91,,,,,38.03,38.55,38.55,38.55,38.55,38.55,60.36,55.23,43.97,40.01,38.55,38.55,38.55,38.55,48.69,35.59,,,,,,
2019-05-27 13:00:00+02:00,,38.0,,38.0,41.02,37.8,,34.38,,38.0,38.0,38.0,59.81,54.5,59.81,38.0,46.55,,65.13,48.1,39.28,,44.28,,,,48.1,48.1,,48.1,31.33,48.1,31.33,45.29,59.81,59.81,,,,,38.0,38.03,38.03,38.03,38.03,38.03,60.26,54.5,39.27,39.55,38.03,38.03,38.03,38.03,48.1,34.38,,,,,,
2019-05-27 14:00:00+02:00,,36.43,,36.43,42.54,36.99,,33.93,,36.43,37.4,37.4,47.65,52.51,47.65,36.43,44.91,,69.82,50.4,36.48,,42.71,,,,50.4,50.4,,50.4,41.06,50.4,41.06,45.29,47.65,47.65,,,,,36.43,37.4,37.4,37.4,37.4,37.4,56.08,52.51,36.48,39.52,37.4,37.4,37.4,37.4,50.4,33.93,,,,,,
2019-05-27 15:00:00+02:00,,35.89,,35.89,36.95,36.46,,34.04,,35.89,35.89,37.08,44.68,49.39,44.68,35.89,43.38,,69.71,50.54,36.89,,41.26,,,,50.54,50.54,,50.54,41.06,50.54,41.06,49.67,44.68,44.68,,,,,35.89,37.08,37.08,37.08,37.08,37.08,58.47,49.39,36.89,38.38,37.08,37.08,37.08,37.08,50.54,34.04,,,,,,
2019-05-27 16:00:00+02:00,,35.46,,35.46,32.74,35.36,,34.8,,35.46,35.46,36.63,41.75,48.37,41.75,35.46,36.94,,71.93,41.1,37.08,,36.0,,,,52.5,52.5,,52.5,47.01,52.5,47.01,50.42,41.75,41.75,,,,,35.46,36.63,36.63,36.63,36.63,36.63,58.17,48.37,37.08,38.53,36.63,36.63,36.63,36.63,41.1,34.8,,,,,,
2019-05-27 17:00:00+02:00,,38.52,,31.11,34.09,39.0,,38.65,,38.52,38.52,38.51,55.02,45.88,55.02,27.13,45.85,,71.88,39.1,39.04,,40.92,,,,50.54,50.54,,50.54,47.02,50.54,47.02,50.54,55.02,55.02,,,,,37.27,38.51,38.51,38.51,38.51,38.51,59.36,45.88,33.6,40.05,38.51,38.51,38.51,38.51,39.1,38.65,,,,,,
2019-05-27 18:00:00+02:00,,43.78,,36.33,43.0,42.7,,42.95,,43.78,41.57,41.57,56.14,42.53,56.14,32.78,41.81,,88.64,43.78,42.95,,40.0,,,,50.38,50.38,,50.38,47.08,50.38,47.08,50.38,56.14,56.14,,,,,40.48,39.23,39.23,39.23,39.23,39.23,60.08,42.53,42.94,43.95,39.23,39.23,39.23,41.57,43.78,42.95,,,,,,
2019-05-27 19:00:00+02:00,,46.96,,38.36,54.0,44.0,,49.0,,46.96,39.85,39.85,52.53,41.77,57.09,33.98,50.26,,88.66,46.96,49.14,,45.0,,,,55.22,55.22,,52.74,47.1,55.22,47.1,55.22,52.53,52.53,,,,,45.39,39.85,39.85,39.85,39.7,39.85,60.27,41.77,49.14,48.96,39.85,39.85,39.85,39.85,46.96,49.0,,,,,,
2019-05-27 20:00:00+02:00,,49.92,,36.39,56.35,43.09,,50.0,,50.59,39.98,39.98,47.65,49.23,43.09,29.13,58.9,,88.73,52.0,52.53,,46.0,,,,57.76,57.76,,52.0,57.76,57.76,66.58,57.76,47.65,47.65,,,,,48.0,39.98,39.98,39.98,39.71,39.98,60.41,49.23,52.52,50.78,39.98,39.98,39.98,39.98,52.0,50.0,,,,,,
2019-05-27 21:00:00+02:00,,46.98,,35.09,48.52,42.7,,49.48,,48.01,41.47,41.47,41.47,52.8,41.47,28.37,57.27,,88.64,46.98,49.48,,54.5,,,,54.0,54.0,,50.52,54.0,54.0,54.0,54.0,41.47,41.47,,,,,45.7,39.98,39.98,39.98,39.68,39.98,60.29,52.8,49.47,49.53,39.98,39.98,39.98,41.47,46.98,49.48,,,,,,
2019-05-27 22:00:00+02:00,,43.39,,39.69,39.0,43.89,,46.05,,43.39,39.76,39.76,39.76,50.12,39.76,37.72,58.17,,88.63,43.39,46.05,,55.36,,,,47.11,47.11,,47.11,47.09,47.11,47.09,47.11,39.76,39.76,,,,,42.79,39.76,39.76,39.76,39.64,39.76,61.17,50.12,46.04,45.72,39.76,39.76,39.76,39.76,43.39,46.05,,,,,,
2019-05-27 23:00:00+02:00,,38.64,,38.64,31.32,39.79,,41.34,,38.64,37.44,37.44,37.44,44.3,37.44,38.64,46.36,,71.94,38.64,41.34,,44.12,,,,42.0,42.0,,42.0,41.13,42.0,41.13,42.0,37.44,37.44,,,,,38.64,37.44,37.44,37.44,37.44,37.44,57.71,44.3,41.33,40.77,37.44,37.44,37.44,37.44,38.64,41.34,,,,,,
2019-05-28 00:00:00+02:00,,34.07,,34.07,38.47,35.04,,34.87,,34.07,33.26,33.26,33.26,42.0,33.26,34.07,46.96,,65.13,34.07,34.87,,44.91,,,,45.0,45.0,,45.0,29.14,45.0,29.14,45.0,33.26,33.26,,,,,34.07,35.2,35.2,35.2,35.2,35.2,50.49,42.0,34.86,34.83,33.26,33.26,33.26,33.26,34.07,34.87,,,,,,
2019-05-28 01:00:00+02:00,,32.9,,31.6,39.02,33.36,,33.4,,33.42,33.42,33.42,28.65,42.0,28.65,30.62,44.77,,63.88,32.9,33.4,,43.85,,,,42.53,42.53,,42.53,29.13,42.53,29.13,42.53,28.65,28.65,,,,,33.1,34.2,34.2,34.2,34.2,34.2,53.24,42.0,33.39,33.32,28.65,28.65,28.65,28.65,32.9,33.4,,,,,,
2019-05-28 02:00:00+02:00,,32.46,,30.78,30.15,32.27,,31.54,,33.14,33.14,33.14,25.03,40.99,25.03,29.5,37.44,,63.88,32.46,31.54,,38.46,,,,36.84,36.84,,36.84,29.13,36.84,29.13,36.84,25.03,25.03,,,,,32.71,33.14,33.14,34.0,34.0,33.14,52.33,40.99,31.53,32.13,25.03,25.03,25.03,25.03,32.46,31.54,,,,,,
2019-05-28 03:00:00+02:00,,33.02,,31.26,30.29,32.25,,31.5,,33.72,33.72,33.72,20.88,41.11,20.88,29.94,36.99,,63.88,33.02,31.5,,38.0,,,,36.4,36.4,,36.4,29.13,36.4,29.13,36.4,20.88,20.88,,,,,33.29,33.72,33.72,33.72,33.72,33.72,52.5,41.11,31.49,31.66,20.88,20.88,20.88,20.88,33.02,31.5,,,,,,
2019-05-28 04:00:00+02:00,,32.35,,27.68,36.86,32.53,,31.6,,34.22,28.05,28.05,16.91,41.11,16.91,24.17,35.58,,63.88,32.35,31.6,,36.55,,,,35.73,35.73,,35.73,29.13,35.73,29.13,35.73,16.91,16.91,,,,,33.12,34.22,34.22,34.22,34.22,34.22,53.65,41.11,31.59,31.98,16.91,16.91,16.91,16.91,32.35,31.6,,,,,,
2019-05-28 05:00:00+02:00,,34.03,,30.38,42.35,34.84,,34.39,,35.32,35.32,35.32,35.32,42.0,35.32,27.73,35.41,,63.88,34.03,34.39,,36.67,,,,39.81,39.81,,39.81,29.14,39.81,29.14,39.81,35.32,35.32,,,,,34.45,35.35,35.35,35.35,35.35,35.35,52.35,42.0,34.38,33.67,35.32,35.32,35.32,35.32,34.03,34.39,,,,,,
2019-05-28 06:00:00+02:00,,44.76,,34.7,48.92,43.09,,43.58,,48.9,45.71,45.71,58.18,46.3,58.18,27.21,44.72,,65.12,44.76,43.58,,43.49,,,,46.48,46.48,,46.48,39.14,46.48,39.14,46.48,58.18,58.18,,,,,46.23,39.52,39.52,39.52,39.24,39.52,58.31,46.3,43.57,39.93,39.52,39.52,39.52,45.71,44.76,43.58,,,,,,
2019-05-28 07:00:00+02:00,,52.37,,40.73,55.29,45.03,,52.0,,57.15,53.54,55.78,66.67,50.14,66.67,34.36,48.79,,70.1,52.37,52.0,,45.5,,,,52.37,52.37,,52.37,41.13,52.37,41.13,52.37,66.67,66.67,,,,,50.48,40.07,40.07,40.07,39.41,40.07,66.82,50.14,51.99,48.65,40.07,40.07,40.07,55.78,52.37,52.0,,,,,,
2019-05-28 08:00:00+02:00,,58.76,,44.73,59.1,45.82,,53.61,,64.59,63.04,63.04,68.88,54.42,68.88,36.86,45.8,,71.85,58.76,53.61,,44.16,,,,58.76,58.76,,58.76,52.17,58.76,52.17,58.76,68.88,68.88,,,,,56.83,40.59,40.59,40.59,39.45,40.59,69.03,54.42,53.6,50.95,40.59,40.59,40.59,63.04,58.76,53.61,,,,,,
2019-05-28 09:00:00+02:00,,56.72,,47.75,46.08,45.94,,51.7,,59.95,40.57,58.51,69.96,54.51,69.96,41.33,56.27,,71.87,56.72,51.7,,59.19,,,,56.72,56.72,,56.72,52.15,56.72,52.15,56.72,69.96,69.96,,,,,57.71,40.57,40.57,40.57,39.45,40.57,70.11,54.51,39.9,51.27,40.57,40.57,40.57,58.51,56.72,51.7,,,,,,
2019-05-28 10:00:00+02:00,,51.57,,45.96,52.95,45.87,,49.03,,51.72,40.3,50.48,67.69,52.53,67.69,42.9,52.09,,70.06,51.57,49.03,,54.79,,,,51.57,51.57,,51.57,40.45,51.57,40.45,45.53,67.69,67.69,,,,,50.66,40.3,40.3,40.3,39.44,40.3,67.83,52.53,20.37,48.51,40.3,40.3,40.3,50.48,51.57,49.03,,,,,,
2019-05-28 11:00:00+02:00,,48.4,,46.62,42.99,46.08,,48.46,,48.4,39.97,47.24,67.66,52.01,67.66,45.68,49.44,,71.92,48.4,48.46,,52.0,,,,50.0,50.0,,50.0,9.0,50.0,9.0,36.21,67.66,67.66,,,,,48.08,39.97,39.97,39.97,39.44,39.97,67.8,52.01,18.27,47.07,39.97,39.97,39.97,47.24,48.4,48.46,,,,,,
2019-05-28 12:00:00+02:00,,44.95,,44.95,48.42,43.89,,46.53,,44.95,39.95,43.87,68.99,53.67,68.99,44.95,46.22,,70.02,44.95,46.53,,48.61,,,,45.03,45.0,,45.03,0.0,45.0,0.0,10.0,68.99,68.99,,,,,44.95,39.95,39.95,39.95,39.43,39.95,69.13,53.67,16.38,45.03,39.95,39.95,39.95,43.87,44.95,46.53,,,,,,
2019-05-28 13:00:00+02:00,,45.69,,41.39,47.03,42.83,,44.2,,45.69,39.69,44.59,66.79,51.51,66.79,39.08,43.45,,47.64,45.69,44.2,,45.69,,,,45.91,35.99,,45.91,0.0,35.99,0.0,3.0,66.79,66.79,,,,,44.9,39.69,39.69,39.69,39.43,39.69,66.92,51.51,16.38,43.91,39.69,39.69,39.69,44.59,45.69,44.2,,,,,,
2019-05-28 14:00:00+02:00,,42.95,,37.5,45.47,41.23,,41.46,,42.95,38.92,41.92,43.02,49.98,43.02,34.79,38.91,,37.36,42.95,41.46,,42.0,,,,50.27,35.99,,50.27,0.0,35.99,0.0,0.01,64.4,64.4,,,,,40.21,38.92,38.92,38.92,38.92,38.92,64.53,49.98,15.75,40.65,38.92,38.92,38.92,41.92,42.95,41.46,,,,,,
2019-05-28 15:00:00+02:00,,41.15,,35.9,37.37,39.69,,40.51,,41.15,38.39,38.39,63.05,48.0,38.39,33.05,38.38,,36.0,41.15,41.09,,42.0,,,,50.0,41.0,,50.0,0.0,41.0,0.0,0.01,63.05,63.05,,,,,39.65,38.39,38.39,38.39,38.39,38.39,63.17,48.0,15.75,41.0,38.39,38.39,38.39,38.39,41.15,40.51,,,,,,
2019-05-28 16:00:00+02:00,,40.88,,34.0,33.91,38.15,,38.7,,40.88,38.4,38.4,53.47,45.3,38.4,30.25,40.69,,42.4,40.88,39.94,,43.0,,,,50.27,50.27,,50.27,3.0,50.27,3.0,3.0,60.6,60.6,,,,,39.67,38.4,38.4,38.4,38.4,38.4,60.71,45.3,16.38,40.05,38.4,38.4,38.4,38.4,40.88,38.7,,,,,,
2019-05-28 17:00:00+02:00,,42.94,,35.93,35.35,38.86,,40.1,,42.94,38.99,38.99,53.41,43.89,43.05,31.58,43.38,,63.88,42.94,40.34,,45.6,,,,46.63,46.63,,46.63,9.9,46.63,9.9,9.9,59.49,59.49,,,,,42.17,38.99,38.99,38.99,38.99,38.99,59.6,43.89,15.75,41.22,38.99,38.99,38.99,38.99,42.94,40.1,,,,,,
2019-05-28 18:00:00+02:00,,44.01,,37.44,42.51,41.61,,42.56,,44.01,38.94,38.94,54.04,42.53,54.04,33.58,55.34,,65.19,44.01,42.56,,58.17,,,,47.75,47.75,,47.75,42.29,47.75,42.29,42.29,54.04,54.04,,,,,42.29,38.94,38.94,38.94,38.94,38.94,59.21,42.53,20.37,42.96,38.94,38.94,38.94,38.94,44.01,42.56,,,,,,
2019-05-28 19:00:00+02:00,,43.1,,42.31,45.0,43.21,,44.82,,43.1,38.93,38.93,54.02,42.48,54.02,41.91,58.44,,65.19,43.1,44.82,,61.43,,,,50.54,50.54,,50.54,48.89,50.54,48.89,48.89,54.02,54.02,,,,,42.64,38.93,38.93,38.93,38.93,38.93,59.03,42.48,44.83,44.93,38.93,38.93,38.93,38.93,43.1,44.82,,,,,,
2019-05-28 20:00:00+02:00,,44.12,,36.06,50.95,43.13,,45.37,,44.12,38.36,38.36,38.36,48.62,38.36,31.29,61.19,,65.21,44.12,46.09,,64.32,,,,51.0,51.0,,51.0,50.4,51.0,78.58,50.4,59.44,59.44,,,,,43.1,38.36,38.36,38.36,38.36,38.36,59.54,48.62,46.1,47.16,38.36,38.36,38.36,38.36,44.12,45.37,,,,,,
2019-05-28 21:00:00+02:00,,42.75,,35.27,41.7,41.35,,42.5,,42.75,38.4,38.4,38.4,51.66,38.4,30.79,56.7,,65.18,42.75,42.5,,59.59,,,,50.0,50.0,,50.0,50.0,50.0,72.97,50.0,47.2,47.2,,,,,41.79,38.4,38.4,38.4,38.4,38.4,59.07,51.66,41.38,43.29,38.4,38.4,38.4,38.4,42.75,42.5,,,,,,
2019-05-28 22:00:00+02:00,,38.77,,38.77,39.94,40.18,,40.17,,38.77,38.65,38.65,37.53,50.14,37.53,38.77,52.63,,69.26,38.77,40.17,,55.32,,,,42.37,42.37,,42.37,41.17,42.37,41.17,42.37,37.53,37.53,,,,,38.77,37.53,37.53,37.53,37.53,37.53,56.47,50.14,37.81,42.21,37.53,37.53,37.53,37.53,38.77,40.17,,,,,,
2019-05-28 23:00:00+02:00,,34.07,,34.07,37.24,36.21,,36.53,,34.07,34.07,34.07,33.25,45.0,33.25,34.07,42.14,,70.01,34.07,36.53,,44.28,,,,36.4,36.4,,36.4,36.4,36.4,36.4,36.4,33.25,33.25,,,,,34.07,35.2,35.2,35.2,35.2,35.2,51.67,45.0,33.61,39.6,33.25,33.25,33.25,33.25,34.07,36.53,,,,,,
2019-05-29 00:00:00+02:00,,34.4,,34.4,35.92,34.35,,33.5,,34.4,34.4,34.4,16.95,45.0,16.95,34.4,48.4,,63.89,34.4,33.5,,46.07,,,,34.4,34.4,,34.4,34.4,34.4,34.4,34.4,16.95,16.95,,,,,34.4,34.89,34.89,34.89,34.89,34.89,50.13,45.0,31.51,35.94,16.95,16.95,16.95,16.95,34.4,33.5,,,,,,
2019-05-29 01:00:00+02:00,,33.07,,33.07,33.93,32.4,,31.53,,33.07,33.07,33.07,11.73,43.5,11.73,33.07,39.13,,62.78,33.07,31.53,,38.43,,,,33.07,33.07,,33.07,33.07,33.07,33.07,33.07,11.73,11.73,,,,,33.07,34.16,34.16,34.17,34.17,34.16,52.75,43.5,30.88,33.0,11.73,11.73,11.73,11.73,33.07,31.53,,,,,,
2019-05-29 02:00:00+02:00,,30.57,,30.57,33.03,31.63,,29.75,,30.57,30.57,30.57,15.63,41.67,15.63,30.57,37.86,,51.46,30.57,29.75,,36.04,,,,30.57,30.57,,30.57,30.57,30.57,30.57,30.57,15.63,15.63,,,,,30.57,31.58,31.58,33.99,33.99,31.58,51.1,41.67,29.75,31.72,15.63,15.63,15.63,15.63,30.57,29.75,,,,,,
2019-05-29 03:00:00+02:00,,30.48,,29.37,33.01,31.75,,30.1,,30.97,30.97,30.97,14.91,41.01,14.91,28.4,36.61,,62.78,30.48,30.1,,34.85,,,,30.48,30.48,,30.48,30.48,30.48,30.48,30.48,14.91,14.91,,,,,30.8,32.75,32.75,33.75,33.75,32.75,50.22,41.01,30.1,31.37,14.91,14.91,14.91,14.91,30.48,30.1,,,,,,
2019-05-29 04:00:00+02:00,,30.32,,31.0,28.49,32.08,,30.01,,32.05,32.05,32.05,13.36,40.81,13.36,23.53,33.94,,63.28,30.32,30.01,,32.31,,,,30.32,30.32,,30.32,30.32,30.32,30.32,30.32,13.36,13.36,,,,,32.88,34.04,34.04,34.04,34.04,34.04,49.43,40.81,30.01,31.74,13.36,13.36,13.36,13.36,30.32,30.01,,,,,,
2019-05-29 05:00:00+02:00,,32.77,,31.62,36.29,34.02,,32.93,,33.27,33.27,33.27,32.47,41.48,32.47,30.63,34.17,,65.13,32.77,32.93,,32.52,,,,32.77,32.77,,32.77,32.77,32.77,32.77,32.77,32.47,32.47,,,,,33.1,35.44,35.44,35.44,35.18,35.44,50.6,41.48,32.93,34.47,32.47,32.47,32.47,32.47,32.77,32.93,,,,,,
2019-05-29 06:00:00+02:00,,41.32,,37.36,46.37,43.91,,42.93,,42.87,42.87,42.87,38.52,42.0,38.52,34.73,38.57,,70.01,41.32,42.93,,36.7,,,,41.32,41.32,,41.32,39.76,41.32,39.76,41.32,38.52,38.52,,,,,41.05,38.52,38.52,38.52,38.52,38.52,57.23,42.0,42.94,43.28,38.52,38.52,38.52,38.52,41.32,42.93,,,,,,
2019-05-29 07:00:00+02:00,,47.8,,43.81,52.48,45.71,,50.0,,49.0,49.0,49.0,57.7,46.79,57.7,42.4,45.8,,71.9,47.8,50.13,,38.82,,,,47.8,47.8,,47.8,41.18,47.8,41.18,47.8,57.7,57.7,,,,,47.67,40.71,40.71,40.71,38.92,40.71,57.8,46.79,50.15,49.17,40.71,40.71,40.71,47.82,47.8,50.0,,,,,,
2019-05-29 08:00:00+02:00,,50.32,,47.97,56.09,46.24,,52.52,,50.87,50.87,50.87,61.69,48.47,61.69,46.45,52.26,,71.91,50.32,54.62,,50.95,,,,50.32,50.32,,50.32,42.22,50.32,78.57,48.15,61.69,61.69,,,,,50.62,41.0,41.0,41.0,39.12,41.0,61.8,48.47,54.64,53.64,41.0,41.0,41.0,49.65,50.32,52.52,,,,,,
2019-05-29 09:00:00+02:00,,47.92,,46.54,54.0,45.83,,49.5,,47.92,47.92,47.92,63.14,48.47,59.16,45.81,57.72,,71.95,50.47,52.55,,59.02,,,,50.47,50.47,,50.47,42.2,50.47,51.01,42.2,63.14,63.14,,,,,47.8,40.72,40.72,40.72,39.11,40.72,63.26,48.47,52.57,50.5,40.72,40.72,40.72,46.77,50.47,49.5,,,,,,
2019-05-29 10:00:00+02:00,,46.41,,41.5,53.11,43.58,,46.48,,46.41,46.41,46.41,63.02,48.42,55.93,38.92,54.65,,73.82,46.41,49.67,,55.88,,,,46.41,46.41,,46.41,38.72,46.41,38.72,38.72,63.02,63.02,,,,,45.97,40.38,40.38,40.38,39.14,40.38,63.15,48.42,49.69,47.56,40.38,40.38,40.38,45.3,46.41,46.48,,,,,,
2019-05-29 11:00:00+02:00,,45.0,,40.68,50.66,43.19,,45.0,,45.0,45.0,45.0,52.01,48.41,52.01,38.39,53.51,,71.95,45.86,48.77,,52.17,,,,45.86,44.0,,45.86,10.0,44.0,10.0,10.0,52.01,52.01,,,,,44.65,39.96,39.96,39.96,38.78,39.96,64.09,48.41,48.79,45.97,39.96,39.96,39.96,43.92,45.86,45.0,,,,,,
2019-05-29 12:00:00+02:00,,40.89,,40.89,48.48,41.29,,43.12,,40.89,40.89,40.89,51.31,49.95,51.31,40.89,51.02,,73.86,42.29,46.47,,49.74,,,,42.29,21.44,,42.29,10.0,21.44,10.0,10.0,51.31,51.31,,,,,40.89,39.58,39.58,39.58,38.7,39.58,64.1,49.95,46.5,43.65,39.58,39.58,39.58,39.91,42.29,43.12,,,,,,
2019-05-29 13:00:00+02:00,,39.9,,39.9,50.02,40.44,,41.5,,39.9,39.9,39.9,47.01,50.1,47.01,39.9,45.68,,71.57,43.77,46.62,,44.53,,,,43.77,10.0,,43.77,5.5,10.0,5.5,5.5,54.09,54.09,,,,,39.9,38.62,38.62,38.58,38.58,38.62,63.52,50.1,46.64,42.72,38.58,38.58,38.58,38.94,43.77,41.5,,,,,,
2019-05-29 14:00:00+02:00,,39.92,,39.92,50.06,39.1,,39.58,,39.92,39.92,39.92,37.45,48.47,37.45,39.92,41.84,,69.73,45.69,48.11,,41.13,,,,45.69,10.0,,45.69,8.01,10.0,8.01,8.01,61.47,61.47,,,,,39.92,38.64,38.64,37.45,37.45,38.64,61.63,48.47,48.14,42.25,37.45,37.45,37.45,38.96,45.69,39.58,,,,,,
2019-05-29 15:00:00+02:00,,38.29,,38.29,48.51,38.82,,39.36,,38.29,38.29,38.29,35.44,48.41,35.44,38.29,39.54,,69.75,45.69,49.41,,38.54,,,,45.69,34.67,,45.69,10.0,34.67,10.0,10.0,54.01,54.01,,,,,38.29,38.15,38.15,36.58,35.44,38.15,61.69,48.41,49.44,40.87,35.44,35.44,35.44,37.37,45.69,39.36,,,,,,
2019-05-29 16:00:00+02:00,,40.53,,35.89,42.19,40.22,,40.3,,40.53,40.53,40.53,35.32,48.42,35.32,33.35,41.45,,71.92,45.86,51.9,,40.41,,,,45.86,44.47,,45.86,28.15,44.47,28.15,28.15,52.08,52.08,,,,,40.15,38.86,38.86,36.55,35.32,38.86,59.07,48.42,51.94,41.69,35.32,35.32,35.32,39.56,45.86,40.3,,,,,,
2019-05-29 17:00:00+02:00,,45.17,,42.77,49.61,43.34,,44.6,,45.52,45.52,45.52,38.1,48.42,38.1,41.01,46.72,,71.87,45.17,48.7,,42.61,,,,45.17,45.17,,45.17,44.51,45.17,44.51,44.51,58.1,58.1,,,,,45.24,38.42,38.42,38.1,38.01,38.42,58.81,48.42,48.73,45.53,38.1,38.1,38.1,44.43,45.17,44.6,,,,,,
2019-05-29 18:00:00+02:00,,48.54,,44.5,53.06,44.97,,46.64,,50.27,50.27,50.27,38.57,48.47,38.57,40.89,51.25,,71.68,48.54,50.71,,48.77,,,,46.41,46.41,,46.41,44.5,46.41,44.5,44.5,58.02,58.02,,,,,49.63,38.57,38.57,38.57,37.94,38.57,58.52,48.47,50.75,47.5,38.57,38.57,38.57,49.06,48.54,46.64,,,,,,
2019-05-29 19:00:00+02:00,,51.92,,47.5,54.45,44.72,,48.0,,53.43,53.43,53.43,38.54,48.47,38.54,45.33,51.87,,83.35,51.92,52.52,,49.36,,,,50.36,50.36,,50.36,50.36,50.36,61.0,50.36,58.07,58.07,,,,,51.89,38.54,38.54,38.54,37.94,38.54,59.3,48.47,52.56,49.93,38.54,38.54,38.54,52.14,51.92,48.0,,,,,,
2019-05-29 20:00:00+02:00,,51.66,,43.88,56.09,44.61,,48.1,,53.92,53.92,53.92,37.09,53.07,37.09,38.95,50.53,,83.05,51.66,54.88,,41.0,,,,51.66,51.66,,51.66,51.66,51.66,78.57,51.66,58.08,58.08,,,,,52.0,38.61,38.61,37.09,37.09,38.61,60.34,53.07,60.04,50.27,37.09,37.09,37.09,52.62,51.66,48.1,,,,,,
2019-05-29 21:00:00+02:00,,45.98,,42.11,53.77,44.48,,45.59,,47.76,47.76,47.76,46.62,57.02,36.19,38.65,45.79,,83.04,48.15,48.91,,37.96,,,,48.15,48.15,,48.15,48.15,48.15,78.57,48.15,46.62,46.62,,,,,47.13,38.65,38.65,36.9,36.19,38.65,58.78,57.02,48.96,47.1,36.19,36.19,36.19,46.62,48.15,45.59,,,,,,
2019-05-29 22:00:00+02:00,,40.77,,40.77,43.71,40.12,,41.25,,40.77,40.77,40.77,31.82,54.03,31.82,40.77,41.94,,83.09,40.77,41.6,,35.0,,,,44.0,44.0,,44.0,44.0,44.0,61.0,44.0,31.82,31.82,,,,,40.77,38.35,38.35,36.58,34.86,38.35,58.42,54.03,41.63,43.09,31.82,31.82,31.82,31.82,40.77,41.25,,,,,,
2019-05-29 23:00:00+02:00,,34.55,,34.55,34.03,35.78,,35.01,,34.55,34.55,34.55,5.87,51.01,5.87,34.55,36.29,,70.03,34.55,37.22,,33.53,,,,40.23,40.23,,40.23,40.23,40.23,40.23,40.23,31.41,31.41,,,,,34.55,36.16,36.16,36.16,34.71,36.16,53.27,51.01,37.26,38.48,5.87,5.87,5.87,31.41,34.55,35.01,,,,,,
2019-05-30 00:00:00+02:00,,32.1,,32.1,30.35,31.78,,29.9,,32.1,16.98,16.98,16.98,51.89,16.98,32.1,46.71,,69.46,32.1,33.13,,32.07,,,,41.65,41.65,,41.65,39.76,41.65,39.76,41.65,16.98,16.98,,,,,32.1,34.99,34.99,34.99,34.46,34.99,50.27,51.89,33.18,32.74,16.98,16.98,16.98,16.98,32.1,29.9,,,,,,
2019-05-30 01:00:00+02:00,,28.48,,28.69,27.55,28.6,,26.0,,28.41,28.41,28.41,24.15,45.87,24.15,28.6,37.34,,65.13,28.48,27.96,,24.71,,,,40.9,40.9,,40.9,39.75,40.9,39.75,40.9,24.15,24.15,,,,,29.3,33.58,33.58,33.58,33.58,33.58,51.24,45.87,28.0,24.97,24.15,24.15,24.15,24.15,28.48,26.0,,,,,,
2019-05-30 02:00:00+02:00,,23.5,,25.41,24.49,24.89,,22.29,,22.89,22.89,22.89,22.04,42.0,22.04,24.54,31.67,,64.8,23.5,22.29,,24.48,,,,36.98,36.98,,36.98,36.98,36.98,36.98,36.98,22.04,22.04,,,,,30.71,31.73,31.73,33.22,33.22,31.73,52.6,42.0,22.33,20.5,22.04,22.04,22.04,22.04,23.5,22.29,,,,,,
2019-05-30 03:00:00+02:00,,12.64,,16.43,24.35,22.19,,21.37,,11.44,11.44,11.44,11.44,41.9,11.44,14.7,27.58,,63.28,12.64,21.37,,22.65,,,,33.8,33.8,,33.8,33.8,33.8,33.8,33.8,11.44,11.44,,,,,26.76,27.65,27.65,32.87,32.87,27.65,52.66,41.9,21.41,18.94,11.44,11.44,11.44,11.44,12.64,21.37,,,,,,
2019-05-30 04:00:00+02:00,,5.58,,10.76,24.38,20.85,,19.23,,4.63,4.52,4.52,4.52,42.0,4.52,8.6,22.65,,65.13,5.58,19.23,,21.6,,,,33.0,33.0,,33.0,33.0,33.0,33.0,33.0,4.52,4.52,,,,,23.36,24.13,24.13,32.72,32.72,24.13,53.75,42.0,19.26,18.91,4.52,4.52,4.52,4.52,5.58,19.23,,,,,,
2019-05-30 05:00:00+02:00,,5.59,,10.0,24.5,18.27,,17.52,,5.06,5.06,5.06,5.06,42.0,5.06,8.25,19.55,,69.78,5.59,17.52,,18.64,,,,38.83,38.83,,38.83,38.61,38.83,38.61,38.83,5.06,5.06,,,,,20.17,20.83,20.83,32.83,32.83,20.83,52.21,42.0,17.55,18.5,5.06,5.06,5.06,5.06,5.59,17.52,,,,,,
2019-05-30 06:00:00+02:00,,5.51,,10.79,39.15,16.21,,21.0,,3.83,3.83,3.83,46.8,47.44,3.83,8.4,25.64,,71.94,32.1,25.0,,24.46,,,,44.0,44.0,,44.0,39.75,44.0,39.75,44.0,46.8,46.8,,,,,24.89,25.71,25.71,33.51,33.51,25.71,57.49,47.44,25.05,27.3,3.83,3.83,3.83,3.83,32.1,21.0,,,,,,
2019-05-30 07:00:00+02:00,,10.2,,12.26,45.71,21.0,,24.01,,8.89,8.89,8.89,62.75,54.47,8.89,12.04,41.55,,74.07,50.04,44.96,,34.7,,,,50.04,56.41,,50.04,40.06,56.41,40.06,56.41,62.75,62.75,,,,,31.38,32.42,32.42,33.99,33.99,32.42,63.09,54.47,45.06,40.91,8.89,8.89,8.89,8.89,50.04,24.01,,,,,,
2019-05-30 08:00:00+02:00,,11.66,,14.61,51.16,23.39,,30.93,,10.44,10.44,10.44,72.0,55.47,10.44,13.58,38.14,,74.07,55.5,52.5,,36.4,,,,55.5,55.5,,55.5,42.22,55.5,78.57,55.5,72.0,72.0,,,,,31.38,32.42,32.42,33.95,33.95,32.42,72.4,55.47,52.62,48.94,10.44,10.44,10.44,10.44,55.5,30.93,,,,,,
2019-05-30 09:00:00+02:00,,5.62,,12.87,39.57,21.41,,21.72,,4.5,4.5,4.5,73.46,55.45,4.5,10.78,42.55,,76.46,51.56,51.43,,40.8,,,,51.56,51.56,,51.56,42.21,51.56,42.21,51.56,73.46,73.46,,,,,33.11,34.21,34.21,34.21,34.21,34.21,73.87,55.45,51.55,47.53,4.5,4.5,4.5,4.5,51.56,21.72,,,,,,
2019-05-30 10:00:00+02:00,,0.24,,13.51,41.02,20.05,,19.62,,0.24,0.24,0.24,73.21,54.8,2.46,9.16,45.25,,76.45,48.86,45.91,,43.03,,,,48.86,48.86,,48.86,42.2,48.86,42.2,48.86,73.21,73.21,,,,,36.07,34.91,34.91,34.91,34.75,34.91,73.62,54.8,46.02,44.3,2.46,2.46,2.46,2.46,48.86,19.62,,,,,,
2019-05-30 11:00:00+02:00,,2.15,,14.74,42.71,17.42,,22.89,,2.15,2.15,2.15,72.08,55.0,2.15,10.95,44.11,,76.46,45.6,45.2,,42.13,,,,45.6,45.6,,45.6,38.61,45.6,38.61,45.6,72.08,72.08,,,,,36.04,34.89,34.89,34.89,34.81,34.89,72.48,55.0,45.32,42.92,2.15,2.15,2.15,2.15,45.6,22.89,,,,,,
2019-05-30 12:00:00+02:00,,5.82,,18.0,44.62,15.3,,36.0,,2.23,2.23,2.23,73.46,55.67,2.23,13.92,47.49,,73.84,41.86,42.58,,40.8,,,,41.86,41.86,,41.86,35.91,41.86,35.91,41.86,73.46,73.46,,,,,36.51,35.35,35.35,35.35,34.8,35.35,73.88,55.67,42.69,38.54,2.23,2.23,2.23,2.23,41.86,36.0,,,,,,
2019-05-30 13:00:00+02:00,,0.07,,14.39,44.92,9.38,,33.46,,0.03,0.03,0.03,73.47,56.02,0.79,10.06,48.23,,71.73,41.27,41.11,,44.27,,,,41.27,41.27,,41.27,35.9,41.27,35.9,41.27,73.47,73.47,,,,,35.51,34.38,34.38,34.38,34.38,34.38,73.89,56.02,41.22,36.25,0.79,0.79,0.79,0.79,41.27,33.46,,,,,,
2019-05-30 14:00:00+02:00,,2.66,,7.43,49.62,5.81,,22.34,,0.1,0.1,0.1,73.22,56.0,0.58,7.43,45.21,,69.74,44.0,42.23,,41.21,,,,44.0,44.0,,44.0,32.76,44.0,32.76,44.0,73.22,73.22,,,,,34.84,33.73,33.73,34.15,34.15,33.73,73.65,56.0,42.35,39.7,0.58,0.58,0.58,0.58,44.0,22.34,,,,,,
2019-05-30 15:00:00+02:00,,4.07,,8.71,44.02,8.09,,25.42,,2.24,2.24,2.24,72.8,55.45,2.24,7.03,40.73,,69.76,44.88,41.77,,38.94,,,,44.88,44.88,,44.88,32.77,44.88,32.77,44.88,72.8,72.8,,,,,31.38,32.42,32.42,34.03,34.03,32.42,73.23,55.45,41.89,40.56,2.24,2.24,2.24,2.24,44.88,25.42,,,,,,
2019-05-30 16:00:00+02:00,,8.85,,12.77,44.06,14.08,,15.0,,7.18,7.18,7.18,69.74,55.45,7.18,10.79,42.93,,73.81,45.33,44.02,,41.05,,,,45.33,45.33,,45.33,44.5,45.33,44.5,45.33,69.74,69.74,,,,,29.9,30.89,30.89,33.89,33.89,30.89,70.15,55.45,44.16,43.97,7.18,7.18,7.18,7.18,45.33,15.0,,,,,,
2019-05-30 17:00:00+02:00,,25.1,,20.92,44.76,24.6,,25.02,,25.1,25.1,25.1,68.42,55.45,24.5,22.46,43.75,,71.84,44.99,41.25,,40.8,,,,44.99,44.99,,44.99,44.52,44.99,44.52,44.99,68.42,68.42,,,,,29.1,30.06,30.06,33.75,33.75,30.06,68.83,55.45,41.39,45.27,24.5,24.5,24.5,24.5,44.99,25.02,,,,,,
2019-05-30 18:00:00+02:00,,30.14,,25.5,48.38,31.21,,31.0,,30.14,30.14,30.14,64.62,55.11,29.42,27.23,48.89,,72.61,48.87,41.57,,45.56,,,,48.87,48.87,,48.87,48.87,48.87,48.87,48.87,64.62,64.62,,,,,34.49,33.39,33.39,33.82,33.82,33.39,65.01,55.11,41.71,43.87,29.42,29.42,29.42,29.42,48.87,31.0,,,,,,
2019-05-30 19:00:00+02:00,,35.01,,33.78,50.49,34.2,,34.31,,35.01,35.01,35.01,65.09,55.45,19.97,34.24,51.23,,85.59,50.85,47.36,,45.99,,,,50.85,56.41,,50.85,56.41,56.41,78.57,56.41,65.09,65.09,,,,,36.17,35.01,35.01,35.01,34.66,35.01,65.48,55.45,47.52,45.01,19.97,19.97,19.97,19.97,50.85,34.31,,,,,,
2019-05-30 20:00:00+02:00,,35.84,,34.57,51.09,34.39,,35.08,,35.84,35.84,35.84,55.62,56.03,4.76,35.04,51.23,,85.53,55.22,52.5,,42.69,,,,56.36,57.81,,55.22,57.81,57.81,108.05,57.81,61.53,61.53,,,,,37.02,35.84,35.84,35.25,34.73,35.84,61.91,56.03,52.69,46.5,4.76,4.76,4.76,4.76,55.22,35.08,,,,,,
2019-05-30 21:00:00+02:00,,36.79,,35.5,48.42,34.86,,34.74,,36.79,36.79,36.79,59.07,59.47,6.75,35.98,47.39,,85.53,50.36,44.0,,41.21,,,,50.36,57.76,,50.36,57.76,57.76,80.57,57.76,59.07,59.07,,,,,38.01,36.79,36.79,35.29,34.74,36.79,59.43,59.47,44.16,40.9,6.75,6.75,6.75,6.75,50.36,34.74,,,,,,
2019-05-30 22:00:00+02:00,,40.34,,40.34,44.0,34.94,,34.67,,40.34,37.87,37.87,7.41,56.0,7.41,40.34,46.25,,85.59,46.3,37.75,,41.0,,,,46.3,46.3,,46.3,46.3,46.3,78.57,46.3,46.83,46.83,,,,,40.34,37.87,37.87,35.0,34.78,37.87,57.07,56.0,37.89,34.05,7.41,7.41,7.41,7.41,46.3,34.67,,,,,,
2019-05-30 23:00:00+02:00,,36.69,,36.69,31.69,32.11,,31.53,,36.69,36.69,36.69,4.12,53.53,4.12,36.69,41.72,,71.94,36.69,32.83,,38.87,,,,42.0,42.0,,42.0,42.0,42.0,42.0,42.0,22.04,22.04,,,,,36.69,36.69,36.69,34.91,34.9,36.69,51.54,53.53,32.96,28.17,4.12,4.12,4.12,4.12,36.69,31.53,,,,,,
2019-05-31 00:00:00+02:00,,32.02,,32.02,38.68,30.57,,32.88,,32.02,32.02,32.02,2.39,56.28,2.39,32.02,45.12,,71.49,32.02,32.88,,41.65,,,,44.27,44.27,,44.27,39.77,44.27,39.77,44.27,2.39,2.39,,,,,32.02,36.52,36.52,30.71,30.71,36.52,52.04,56.28,33.0,33.18,2.39,2.39,2.39,2.39,32.02,32.88,,,,,,
2019-05-31 01:00:00+02:00,,29.49,,29.49,34.07,29.17,,29.02,,29.49,29.49,29.49,2.26,53.57,2.26,29.49,34.26,,73.52,29.49,29.02,,32.18,,,,44.87,44.87,,42.25,39.77,44.87,39.77,44.87,2.26,2.26,,,,,29.49,33.66,33.66,29.56,29.56,33.66,52.86,53.57,29.13,28.33,2.26,2.26,2.26,2.26,29.49,29.02,,,,,,
2019-05-31 02:00:00+02:00,,27.18,,27.44,45.07,27.65,,27.17,,27.08,27.08,27.08,2.38,48.76,2.38,27.33,29.09,,69.73,27.18,27.17,,28.57,,,,40.76,40.76,,40.76,39.76,40.76,39.76,40.76,2.38,2.38,,,,,28.38,32.01,32.01,29.16,29.16,32.01,52.66,48.76,27.27,28.02,2.38,2.38,2.38,2.38,27.18,27.17,,,,,,
2019-05-31 03:00:00+02:00,,27.19,,25.8,31.45,27.35,,26.42,,27.19,27.19,27.19,2.02,49.06,2.02,26.28,29.32,,69.13,27.19,26.42,,28.11,,,,39.99,39.99,,39.99,39.76,39.99,39.76,39.99,2.02,2.02,,,,,28.6,32.01,32.01,28.59,28.59,32.01,52.67,49.06,26.52,25.98,2.02,2.02,2.02,2.02,27.19,26.42,,,,,,
2019-05-31 04:00:00+02:00,,27.95,,26.83,24.52,28.59,,26.99,,27.95,27.95,27.95,1.61,51.69,1.61,27.22,29.8,,67.93,27.95,26.99,,28.57,,,,39.99,39.99,,39.99,39.76,39.99,39.76,39.99,1.61,1.61,,,,,29.07,30.26,30.26,28.62,28.62,30.26,51.26,51.69,27.09,25.44,1.61,1.61,1.61,1.61,27.95,26.99,,,,,,
2019-05-31 05:00:00+02:00,,29.07,,29.07,28.57,29.72,,29.2,,29.07,29.07,29.07,10.1,54.61,10.1,29.07,29.8,,69.23,29.07,29.2,,28.57,,,,37.59,37.59,,37.59,37.59,37.59,37.59,37.59,10.1,10.1,,,,,29.07,32.68,32.68,28.91,28.91,32.68,49.44,54.61,29.31,30.03,10.1,10.1,10.1,10.1,29.07,29.2,,,,,,
2019-05-31 06:00:00+02:00,,35.0,,35.0,39.92,33.86,,35.5,,35.0,35.0,35.0,34.16,56.02,34.16,35.0,35.87,,70.01,35.0,37.08,,27.71,,,,45.49,45.49,,45.49,39.77,45.49,39.77,45.49,34.16,34.16,,,,,35.0,36.29,36.29,34.16,34.16,36.29,58.22,56.02,37.22,35.98,34.16,34.16,34.16,34.16,35.0,35.5,,,,,,
2019-05-31 07:00:00+02:00,,41.05,,41.05,51.05,39.08,,41.08,,41.05,41.05,41.05,46.36,55.37,36.87,41.05,42.86,,73.61,53.23,50.98,,32.0,,,,53.23,53.23,,53.23,53.23,53.23,78.58,53.23,46.36,46.36,,,,,41.05,38.6,38.6,36.87,36.87,38.6,58.67,55.37,51.18,46.13,36.87,36.87,36.87,40.06,53.23,41.08,,,,,,
2019-05-31 08:00:00+02:00,,41.49,,41.49,57.99,39.67,,41.88,,41.49,41.49,41.49,46.39,55.98,38.77,41.49,42.52,,73.57,56.41,54.07,,40.68,,,,56.41,56.41,,56.41,42.21,56.41,98.94,56.41,46.39,46.39,,,,,41.49,39.04,39.04,38.77,38.77,39.04,64.43,55.98,54.28,49.77,38.77,38.77,38.77,40.49,56.41,41.88,,,,,,
2019-05-31 09:00:00+02:00,,39.78,,39.78,51.04,37.54,,38.6,,39.78,39.78,39.78,46.34,55.98,38.83,39.78,55.55,,70.06,54.56,53.01,,53.25,,,,54.56,54.56,,54.56,42.21,54.56,78.58,49.25,46.34,46.34,,,,,39.78,38.83,38.83,38.83,38.83,38.83,65.49,55.98,53.22,50.64,38.83,38.83,38.83,38.83,54.56,38.6,,,,,,
2019-05-31 10:00:00+02:00,,37.0,,37.0,48.25,35.21,,35.67,,37.0,37.0,37.0,46.31,55.98,37.0,37.0,54.14,,70.03,50.16,48.93,,45.79,,,,50.16,50.16,,50.16,42.21,50.16,78.58,45.4,46.31,46.31,,,,,37.0,37.6,37.6,37.0,37.0,37.6,65.2,55.98,49.12,45.37,37.0,37.0,37.0,37.0,50.16,35.67,,,,,,
2019-05-31 11:00:00+02:00,,35.63,,35.63,39.79,34.1,,35.0,,35.63,35.63,35.63,46.31,56.02,35.63,35.63,47.36,,70.03,49.74,47.0,,44.95,,,,49.74,49.74,,49.74,41.2,49.74,78.58,41.2,46.31,46.31,,,,,35.63,35.99,35.99,35.63,35.63,35.99,65.49,56.02,47.18,45.4,35.63,35.63,35.63,35.63,49.74,35.0,,,,,,
2019-05-31 12:00:00+02:00,,34.17,,34.17,47.92,33.15,,34.12,,34.17,34.82,34.82,46.39,57.86,34.82,34.17,48.04,,69.29,44.15,46.53,,40.21,,,,44.15,44.15,,44.15,35.9,44.15,61.0,35.9,46.39,46.39,,,,,34.17,34.82,34.82,34.82,34.82,34.82,65.49,57.86,46.71,43.02,34.82,34.82,34.82,34.82,44.15,34.12,,,,,,
2019-05-31 13:00:00+02:00,,30.51,,30.51,48.92,31.94,,32.7,,30.51,32.77,32.77,46.4,57.88,32.77,30.51,42.86,,65.13,43.24,44.0,,40.21,,,,43.24,43.24,,43.24,33.0,43.24,33.0,33.0,46.4,46.4,,,,,30.51,32.77,32.77,32.77,32.77,32.77,65.49,57.88,44.17,40.93,32.77,32.77,32.77,32.77,43.24,32.7,,,,,,
2019-05-31 14:00:00+02:00,,30.0,,30.0,48.01,30.79,,31.3,,30.0,30.0,30.0,46.37,57.5,30.0,30.0,38.34,,62.78,45.0,42.07,,37.46,,,,45.0,45.0,,45.0,33.0,45.0,33.0,33.0,46.37,46.37,,,,,30.0,30.99,30.99,32.44,32.44,30.99,59.43,57.5,42.23,40.12,30.0,30.0,30.0,30.0,45.0,31.3,,,,,,
2019-05-31 15:00:00+02:00,,29.14,,29.14,47.05,30.76,,31.07,,29.14,29.14,29.14,40.29,55.98,29.14,29.14,36.05,,63.69,46.0,42.0,,35.41,,,,46.0,46.0,,46.0,33.0,46.0,33.0,33.0,46.32,46.32,,,,,29.14,30.46,30.46,32.15,32.15,30.46,60.82,55.98,42.17,38.68,29.14,29.14,29.14,29.14,46.0,31.07,,,,,,
2019-05-31 16:00:00+02:00,,29.79,,26.19,41.67,31.39,,31.9,,29.79,29.79,29.79,40.24,55.96,29.79,27.29,36.08,,65.14,47.99,42.02,,35.78,,,,47.99,47.99,,47.99,42.5,47.99,78.58,42.5,40.24,40.24,,,,,33.51,34.62,34.62,32.07,32.07,34.62,59.38,55.96,42.19,38.12,29.79,29.79,29.79,29.79,47.99,31.9,,,,,,
2019-05-31 17:00:00+02:00,,37.67,,31.94,46.95,35.67,,36.6,,37.67,37.67,37.67,40.21,55.97,34.39,28.45,38.83,,64.78,40.0,42.78,,40.0,,,,47.66,47.66,,47.66,44.52,47.66,44.52,44.52,46.37,46.37,,,,,37.04,37.34,37.34,34.39,34.39,37.34,59.35,55.97,42.95,37.74,34.39,34.39,34.39,36.77,40.0,36.6,,,,,,
2019-05-31 18:00:00+02:00,,41.03,,37.11,43.6,39.62,,41.9,,41.03,41.03,41.03,40.21,55.96,35.35,34.76,43.64,,64.78,41.03,44.53,,44.95,,,,47.68,47.68,,47.68,47.68,47.68,61.0,47.68,59.14,59.14,,,,,40.6,38.72,38.72,35.35,35.35,38.72,59.37,55.96,44.71,39.73,35.35,35.35,35.35,40.05,41.03,41.9,,,,,,
2019-05-31 19:00:00+02:00,,44.92,,41.23,47.5,41.18,,44.91,,46.38,46.38,46.38,35.94,55.83,35.94,38.14,47.36,,65.2,44.92,48.09,,48.79,,,,50.64,50.64,,50.64,50.64,50.64,69.94,50.64,46.38,46.38,,,,,45.8,39.02,39.02,35.94,35.94,39.02,59.86,55.83,48.28,46.35,35.94,35.94,35.94,45.27,44.92,44.91,,,,,,
2019-05-31 20:00:00+02:00,,46.0,,39.97,54.55,41.35,,46.0,,48.23,48.23,48.23,33.18,55.98,33.18,35.06,48.45,,65.22,48.1,53.42,,49.9,,,,57.18,57.18,,50.36,57.18,57.18,110.94,57.18,46.39,46.39,,,,,47.26,39.02,39.02,33.18,33.18,39.02,65.5,55.98,53.64,50.35,33.18,33.18,33.18,46.39,48.1,46.0,,,,,,
2019-05-31 21:00:00+02:00,,44.39,,41.36,43.16,41.46,,45.0,,45.67,45.67,45.67,44.57,57.52,32.79,38.79,46.32,,68.01,44.39,47.51,,47.71,,,,50.69,52.0,,50.36,52.0,52.0,110.94,52.0,44.57,44.57,,,,,45.19,38.99,38.99,32.79,32.79,38.99,64.35,57.52,47.7,48.3,32.79,32.79,32.79,44.57,44.39,45.0,,,,,,
2019-05-31 22:00:00+02:00,,43.98,,43.98,42.18,41.95,,42.3,,43.98,43.98,43.98,32.08,55.98,32.08,43.98,45.09,,76.45,43.98,42.3,,46.44,,,,47.66,47.66,,47.66,47.66,47.66,78.58,47.66,42.93,42.93,,,,,43.98,38.93,38.93,32.08,32.08,38.93,64.33,55.98,42.47,42.45,32.08,32.08,32.08,42.93,43.98,42.3,,,,,,
2019-05-31 23:00:00+02:00,,40.0,,40.0,42.72,37.07,,37.7,,40.0,40.0,40.0,33.21,55.98,33.21,40.0,41.13,,68.36,40.0,37.7,,43.39,,,,45.18,45.18,,45.18,45.18,45.18,77.93,45.18,33.21,33.21,,,,,40.0,38.72,38.72,33.21,33.21,38.72,57.96,55.98,37.85,37.57,33.21,33.21,33.21,33.21,40.0,37.7,,,,,,
2019-06-01 00:00:00+02:00,,33.63,,33.63,43.96,36.28,,36.92,,33.63,33.63,33.63,15.63,59.21,15.63,33.63,40.6,,68.39,33.63,36.92,,41.73,,,,59.41,59.41,,59.41,59.41,59.41,59.41,59.41,15.63,15.63,,,,,33.63,38.08,38.08,31.86,31.86,38.08,46.87,59.21,37.05,39.18,15.63,15.63,15.63,15.63,33.63,36.92,,,,,,
2019-06-01 01:00:00+02:00,,31.03,,31.03,37.05,32.03,,32.5,,31.03,31.03,31.03,13.1,59.0,13.1,31.03,39.46,,69.72,31.03,32.5,,39.96,,,,47.98,47.98,,47.98,47.98,47.98,47.98,47.98,13.1,13.1,,,,,31.03,36.62,36.62,31.75,31.75,36.62,46.09,59.0,32.62,35.19,13.1,13.1,13.1,13.1,31.03,32.5,,,,,,
2019-06-01 02:00:00+02:00,,28.23,,28.23,33.37,30.69,,29.3,,28.23,28.23,28.23,6.86,58.22,6.86,28.23,33.95,,69.65,28.23,29.3,,34.89,,,,47.7,47.7,,47.7,39.77,47.7,39.77,47.7,6.86,6.86,,,,,28.23,32.97,32.97,31.66,31.66,32.97,46.09,58.22,29.41,32.08,6.86,6.86,6.86,6.86,28.23,29.3,,,,,,
2019-06-01 03:00:00+02:00,,26.61,,24.04,28.39,29.92,,28.3,,27.62,27.62,27.62,4.93,57.87,4.93,21.63,37.76,,69.9,26.61,28.3,,37.0,,,,47.1,47.1,,47.1,39.77,47.1,39.77,47.1,4.93,4.93,,,,,27.62,28.53,28.53,31.7,31.7,28.53,46.09,57.87,28.4,29.88,4.93,4.93,4.93,4.93,26.61,28.3,,,,,,
2019-06-01 04:00:00+02:00,,24.58,,21.98,24.49,29.52,,26.27,,25.53,25.53,25.53,3.92,57.88,3.92,19.13,39.2,,68.37,24.58,26.27,,37.5,,,,45.77,45.77,,45.77,39.77,45.77,39.77,45.77,3.92,3.92,,,,,27.29,28.19,28.19,31.73,31.73,28.19,46.85,57.88,26.37,28.52,3.92,3.92,3.92,3.92,24.58,26.27,,,,,,
2019-06-01 05:00:00+02:00,,22.9,,22.6,24.41,29.43,,24.66,,23.14,23.14,23.14,4.98,58.22,4.98,21.09,41.28,,65.4,22.9,24.66,,39.48,,,,39.76,39.76,,39.76,39.76,39.76,39.76,39.76,4.98,4.98,,,,,27.0,27.89,27.89,31.7,31.7,27.89,46.45,58.22,24.75,29.48,4.98,4.98,4.98,4.98,22.9,24.66,,,,,,
2019-06-01 06:00:00+02:00,,25.09,,23.59,24.41,29.6,,26.01,,25.8,25.8,25.8,17.02,55.5,17.02,21.34,42.78,,64.04,25.09,26.01,,40.92,,,,39.75,39.75,,39.75,39.75,39.75,39.75,39.75,46.64,46.64,,,,,28.8,29.75,29.75,31.85,31.85,29.75,46.83,55.5,26.11,30.69,17.02,17.02,17.02,17.02,25.09,26.01,,,,,,
2019-06-01 07:00:00+02:00,,27.56,,27.3,32.68,31.08,,28.7,,27.55,27.55,27.55,22.39,50.55,22.39,26.79,42.95,,63.73,27.56,29.62,,39.87,,,,39.49,39.49,,39.49,39.49,39.49,39.49,39.49,22.39,22.39,,,,,31.51,32.55,32.55,32.02,32.02,32.55,52.96,50.55,29.73,31.46,22.39,22.39,22.39,22.39,27.56,28.7,,,,,,
2019-06-01 08:00:00+02:00,,29.61,,30.45,34.37,31.73,,30.01,,29.61,29.61,29.61,29.61,53.07,29.61,30.14,40.55,,63.76,29.61,31.78,,39.73,,,,40.15,40.15,,40.15,40.15,40.15,99.86,40.15,57.24,57.24,,,,,32.16,33.22,33.22,32.56,32.56,33.22,57.47,53.07,31.9,32.02,29.61,29.61,29.61,29.61,29.61,30.01,,,,,,
2019-06-01 09:00:00+02:00,,28.69,,30.69,32.77,29.92,,28.89,,28.68,28.68,28.68,28.68,54.45,28.68,29.95,45.03,,64.04,28.69,30.96,,44.29,,,,39.17,39.17,,39.17,39.17,39.17,99.86,39.17,59.69,59.69,,,,,34.69,35.84,35.84,33.1,33.1,35.84,59.93,54.45,31.08,31.09,28.68,28.68,28.68,28.68,28.69,28.89,,,,,,
2019-06-01 10:00:00+02:00,,26.42,,28.84,32.77,27.97,,27.01,,26.42,26.42,26.42,26.42,55.8,26.42,27.99,47.52,,64.04,26.42,29.2,,48.84,,,,32.36,32.36,,32.36,32.36,32.36,93.5,32.36,47.02,47.02,,,,,33.83,34.94,34.94,33.24,33.24,34.94,59.61,55.8,29.31,28.39,26.42,26.42,26.42,26.42,26.42,27.01,,,,,,
2019-06-01 11:00:00+02:00,,25.7,,27.82,32.52,26.92,,24.98,,25.28,25.28,25.28,25.28,55.8,25.28,26.93,47.37,,65.41,25.7,26.95,,48.68,,,,26.93,26.93,,26.93,26.93,26.93,78.5,26.93,47.03,47.03,,,,,32.74,33.83,33.83,33.27,33.27,33.83,59.02,55.8,27.05,27.1,25.28,25.28,25.28,25.28,25.7,24.98,,,,,,
2019-06-01 12:00:00+02:00,,27.02,,28.53,32.51,25.21,,24.56,,26.69,26.69,26.69,26.69,56.02,26.69,27.89,46.36,,68.38,27.02,25.46,,47.64,,,,27.89,27.89,,27.89,27.89,27.89,73.5,27.89,59.51,59.51,,,,,32.05,33.11,33.11,32.94,32.94,33.11,59.75,56.02,25.55,26.1,26.69,26.69,26.69,26.69,27.02,24.56,,,,,,
2019-06-01 13:00:00+02:00,,22.54,,24.99,32.7,23.51,,22.85,,22.4,22.4,22.4,22.4,56.0,22.4,24.06,40.61,,69.65,22.54,23.69,,41.73,,,,24.06,24.06,,24.06,24.06,24.06,61.0,24.06,45.03,45.03,,,,,30.0,32.03,32.03,32.63,32.63,32.03,58.64,56.0,23.78,24.05,22.4,22.4,22.4,22.4,22.54,22.85,,,,,,
2019-06-01 14:00:00+02:00,,18.39,,22.27,32.7,21.62,,21.61,,18.33,18.33,18.33,18.33,54.13,18.33,20.85,36.99,,65.41,18.39,22.14,,38.0,,,,20.85,20.85,,20.85,20.85,20.85,29.99,20.85,48.03,48.03,,,,,29.9,31.55,31.55,32.37,32.37,31.55,56.52,54.13,22.23,22.57,18.33,18.33,18.33,18.33,18.39,21.61,,,,,,
2019-06-01 15:00:00+02:00,,24.91,,26.34,32.71,24.32,,22.96,,24.71,24.71,24.71,24.71,47.75,24.71,25.77,32.69,,69.32,24.91,23.93,,34.4,,,,25.77,25.77,,25.77,25.77,25.77,61.0,25.77,48.03,48.03,,,,,29.5,31.62,31.62,32.17,32.17,31.62,54.63,47.75,24.02,22.1,24.71,24.71,24.71,24.71,24.91,22.96,,,,,,
2019-06-01 16:00:00+02:00,,27.57,,27.57,32.75,26.71,,24.88,,27.57,27.57,27.57,26.91,45.56,26.91,27.57,33.84,,65.41,27.57,26.93,,35.0,,,,27.57,27.57,,27.57,27.57,27.57,73.5,27.57,48.01,48.01,,,,,27.57,32.0,32.0,31.96,31.96,32.0,55.44,45.56,27.04,25.02,26.91,26.91,26.91,26.91,27.57,24.88,,,,,,
2019-06-01 17:00:00+02:00,,29.09,,29.09,36.75,30.74,,28.95,,29.09,29.09,29.09,29.09,44.57,29.09,29.09,40.61,,65.4,29.09,31.15,,41.0,,,,32.7,32.7,,32.7,32.7,32.7,36.0,32.7,47.05,47.05,,,,,29.09,33.87,33.87,32.01,32.01,33.87,55.47,44.57,31.27,30.69,29.09,29.09,29.09,29.09,29.09,28.95,,,,,,
2019-06-01 18:00:00+02:00,,36.41,,34.72,45.2,38.27,,34.68,,36.95,36.95,36.95,33.04,45.84,33.04,33.37,49.41,,65.47,36.41,37.04,,48.4,,,,42.0,42.0,,36.8,42.0,42.0,60.03,42.0,33.04,33.04,,,,,36.87,36.91,36.91,33.04,33.04,36.91,56.4,45.84,37.18,37.15,33.04,33.04,33.04,33.04,36.41,34.68,,,,,,
2019-06-01 19:00:00+02:00,,40.15,,40.15,45.96,40.81,,38.7,,40.15,40.15,40.15,32.7,46.62,32.7,40.15,59.67,,65.47,40.15,40.9,,58.45,,,,48.48,48.48,,40.15,48.48,48.48,78.5,48.48,32.7,32.7,,,,,40.15,38.06,38.06,32.7,32.7,38.06,56.45,46.62,41.06,42.9,32.7,32.7,32.7,32.7,40.15,38.7,,,,,,
2019-06-01 20:00:00+02:00,,40.9,,37.01,38.07,41.87,,40.01,,41.8,41.01,41.01,30.08,50.0,30.08,34.08,56.4,,65.48,40.9,44.98,,55.25,,,,56.41,56.41,,40.9,56.41,56.41,93.5,56.41,30.08,30.08,,,,,41.8,38.36,38.36,32.11,32.11,38.36,55.8,50.0,45.16,46.02,30.08,30.08,30.08,30.08,40.9,40.01,,,,,,
2019-06-01 21:00:00+02:00,,40.11,,36.88,36.63,42.06,,40.49,,40.94,38.41,38.41,32.29,54.47,32.29,34.38,49.41,,64.1,40.11,43.56,,45.93,,,,52.98,52.98,,41.65,52.98,52.98,78.5,52.98,56.28,56.28,,,,,40.94,38.41,38.41,32.29,32.29,38.41,56.51,54.47,43.73,45.27,32.29,32.29,32.29,32.29,40.11,40.49,,,,,,
2019-06-01 22:00:00+02:00,,40.36,,40.36,32.62,40.95,,39.55,,40.36,40.36,40.36,32.02,54.14,32.02,40.36,44.22,,64.05,40.36,39.55,,41.84,,,,47.83,47.83,,40.36,47.83,47.83,78.5,47.83,52.31,52.31,,,,,40.36,38.37,38.37,32.02,32.02,38.37,52.52,54.14,39.7,43.03,32.02,32.02,32.02,32.02,40.36,39.55,,,,,,
2019-06-01 23:00:00+02:00,,37.6,,37.6,32.86,37.16,,34.83,,37.6,37.6,37.6,20.77,48.16,20.77,37.6,41.18,,63.86,37.6,34.83,,39.37,,,,40.71,40.71,,40.71,40.71,40.71,60.03,40.71,20.77,20.77,,,,,37.6,37.6,37.6,31.91,31.91,37.6,46.09,48.16,34.97,38.42,20.77,20.77,20.77,20.77,37.6,34.83,,,,,,
2019-06-02 00:00:00+02:00,,28.3,,27.63,24.51,29.31,,27.97,,28.54,28.54,28.54,4.99,55.0,4.99,27.03,60.92,,65.4,28.3,27.97,,58.84,,,,40.72,40.72,,40.72,40.72,40.72,40.72,40.72,4.99,4.99,,,,,28.49,36.21,36.21,30.54,30.54,36.21,44.84,55.0,24.66,34.53,4.99,4.99,4.99,4.99,28.3,27.97,,,,,,
2019-06-02 01:00:00+02:00,,28.93,,28.73,24.42,28.51,,24.53,,29.0,29.0,29.0,4.76,52.0,4.76,28.55,49.64,,65.39,28.93,24.53,,40.32,,,,39.78,39.78,,39.78,39.78,39.78,39.78,39.78,4.76,4.76,,,,,28.99,34.22,34.22,30.34,30.34,34.22,44.95,52.0,20.47,28.59,4.76,4.76,4.76,4.76,28.93,24.53,,,,,,
2019-06-02 02:00:00+02:00,,28.68,,26.69,24.09,27.17,,21.7,,29.11,29.11,29.11,3.55,48.78,3.55,27.5,45.07,,65.39,28.68,21.7,,25.1,,,,38.76,39.07,,38.76,39.07,39.07,39.07,39.07,3.55,3.55,,,,,31.52,32.56,32.56,30.04,30.04,32.56,45.73,48.78,18.44,25.56,3.55,3.55,3.55,3.55,28.68,21.7,,,,,,
2019-06-02 03:00:00+02:00,,26.08,,18.91,22.54,24.05,,19.55,,28.03,28.03,28.03,2.85,47.0,2.85,18.08,33.8,,65.39,26.08,19.55,,7.0,,,,35.0,35.0,,35.0,35.0,35.0,35.0,35.0,2.85,2.85,,,,,32.88,33.2,33.2,29.77,29.77,33.2,47.37,47.0,18.36,19.85,2.85,2.85,2.85,2.85,26.08,19.55,,,,,,
2019-06-02 04:00:00+02:00,,25.44,,18.69,22.53,21.93,,15.0,,27.79,27.79,27.79,2.3,47.43,2.3,12.95,28.26,,65.39,25.44,15.0,,7.0,,,,34.0,34.0,,34.0,34.0,34.0,34.0,34.0,2.3,2.3,,,,,27.5,30.77,30.77,29.34,29.34,30.77,49.06,47.43,15.03,19.1,2.3,2.3,2.3,2.3,25.44,15.0,,,,,,
2019-06-02 05:00:00+02:00,,22.89,,16.37,22.51,20.02,,10.2,,25.2,25.2,25.2,2.96,49.0,2.96,10.39,23.71,,65.0,22.89,10.2,,5.0,,,,29.99,29.99,,29.99,29.99,29.99,29.99,29.99,2.96,2.96,,,,,24.52,30.66,30.66,28.82,28.82,30.66,48.34,49.0,10.22,15.29,2.96,2.96,2.96,2.96,22.89,10.2,,,,,,
2019-06-02 06:00:00+02:00,,21.95,,13.85,22.51,18.85,,11.97,,24.79,24.79,24.79,4.77,45.71,4.77,6.42,16.84,,63.88,21.95,11.97,,5.0,,,,29.51,32.72,,29.51,32.72,32.72,32.72,32.72,4.77,4.77,,,,,23.98,29.76,29.76,29.21,29.21,29.76,47.17,45.71,12.0,17.95,4.77,4.77,4.77,4.77,21.95,11.97,,,,,,
2019-06-02 07:00:00+02:00,,23.31,,16.3,22.53,18.73,,15.0,,23.31,23.31,23.31,22.64,43.95,22.64,11.73,16.82,,63.86,23.31,15.0,,11.32,,,,30.0,31.43,,30.0,31.43,31.43,31.43,31.43,22.64,22.64,,,,,22.74,29.64,29.64,29.7,29.7,29.64,47.05,43.95,15.03,18.81,22.64,22.64,22.64,22.64,23.31,15.0,,,,,,
2019-06-02 08:00:00+02:00,,25.22,,12.96,22.53,21.91,,18.1,,25.22,25.22,25.22,25.22,45.08,25.22,13.74,28.26,,63.89,25.22,18.32,,27.02,,,,28.97,28.97,,28.97,28.97,28.97,78.5,28.97,52.02,52.02,,,,,27.5,29.52,29.52,30.04,30.04,29.52,52.4,45.08,18.36,21.99,25.22,25.22,25.22,25.22,25.22,18.1,,,,,,
2019-06-02 09:00:00+02:00,,19.38,,11.28,22.53,20.85,,17.2,,19.38,29.91,29.91,29.91,44.59,29.91,13.86,29.33,,65.39,19.38,19.73,,28.05,,,,26.6,26.6,,26.6,26.6,26.6,78.5,26.6,55.06,55.06,,,,,28.54,29.91,29.91,30.41,30.41,29.91,55.46,44.59,19.78,21.66,29.91,29.91,29.91,29.91,19.38,17.2,,,,,,
2019-06-02 10:00:00+02:00,,11.76,,11.76,22.53,16.46,,15.0,,11.76,30.94,30.94,30.94,46.03,30.94,11.76,38.36,,65.39,11.76,18.32,,36.68,,,,30.0,30.0,,30.0,30.0,30.0,51.01,30.0,55.09,55.09,,,,,11.76,30.94,30.94,30.94,30.94,30.94,55.49,46.03,18.36,21.02,30.94,30.94,30.94,30.94,11.76,15.0,,,,,,
2019-06-02 11:00:00+02:00,,11.9,,11.9,22.52,17.07,,13.4,,11.9,30.07,30.07,30.07,47.3,30.07,11.9,49.09,,69.52,11.9,18.12,,38.93,,,,28.89,28.89,,28.89,28.89,28.89,28.89,28.89,56.06,56.06,,,,,11.9,30.07,30.07,30.67,30.67,30.07,56.48,47.3,18.16,25.03,30.07,30.07,30.07,30.07,11.9,13.4,,,,,,
2019-06-02 12:00:00+02:00,,8.91,,8.91,22.53,13.28,,9.2,,8.91,24.97,24.97,24.97,47.99,24.97,8.91,47.04,,65.39,8.91,14.15,,38.0,,,,22.07,22.07,,22.07,22.07,22.07,22.07,22.07,52.03,52.03,,,,,8.91,28.81,28.81,30.71,30.71,28.81,57.37,47.99,14.18,21.08,24.97,24.97,24.97,24.97,8.91,9.2,,,,,,
2019-06-02 13:00:00+02:00,,3.5,,3.5,22.53,2.01,,-2.77,,3.5,20.0,20.0,20.0,48.07,20.0,3.5,45.13,,65.39,3.5,10.11,,35.43,,,,15.0,15.0,,15.0,15.0,15.0,15.0,15.0,54.03,54.03,,,,,3.5,27.08,27.08,30.74,30.74,27.08,57.43,48.07,10.13,18.88,20.0,20.0,20.0,20.0,3.5,-2.77,,,,,,
2019-06-02 14:00:00+02:00,,-9.02,,-9.02,22.53,-1.47,,-5.23,,-9.02,16.34,16.34,16.34,46.39,16.34,-9.02,35.99,,50.0,0.07,10.11,,26.6,,,,10.0,10.0,,10.0,10.0,10.0,10.0,10.0,53.51,53.51,,,,,-9.02,25.99,25.99,30.82,30.82,25.99,53.9,46.39,10.13,17.86,16.34,16.34,16.34,16.34,0.07,-5.23,,,,,,
2019-06-02 15:00:00+02:00,,-0.48,,-0.48,26.97,1.05,,-2.5,,-0.48,20.03,20.03,20.03,43.33,20.03,-0.48,24.65,,65.39,-0.48,10.53,,23.57,,,,15.06,15.06,,15.06,15.06,15.06,15.06,15.06,54.01,54.01,,,,,-0.48,23.47,23.47,30.83,30.83,23.47,54.41,43.33,10.55,21.01,20.03,20.03,20.03,20.03,-0.48,-2.5,,,,,,
2019-06-02 16:00:00+02:00,,3.5,,3.5,32.5,8.05,,6.16,,3.5,24.17,24.17,24.17,40.51,24.17,3.5,22.54,,69.48,3.5,16.43,,21.56,,,,25.0,25.0,,25.0,25.0,25.0,25.0,25.0,54.0,54.0,,,,,3.5,24.17,24.17,30.74,30.74,24.17,54.4,40.51,16.46,21.49,24.17,24.17,24.17,24.17,3.5,6.16,,,,,,
2019-06-02 17:00:00+02:00,,23.49,,16.3,32.74,23.54,,21.39,,23.49,30.53,31.28,31.28,41.01,31.28,18.79,31.12,,61.89,23.49,26.22,,23.12,,,,26.33,26.33,,26.33,26.33,26.33,26.33,26.33,54.03,54.03,,,,,30.27,31.28,31.28,31.28,31.28,31.28,54.43,41.01,26.28,30.2,31.28,31.28,31.28,31.28,23.49,21.39,,,,,,
2019-06-02 18:00:00+02:00,,31.24,,27.89,32.76,30.89,,29.62,,31.24,31.24,32.49,37.92,42.0,37.92,25.82,38.59,,65.4,31.24,31.92,,25.1,,,,35.8,35.8,,35.8,35.8,35.8,35.8,35.8,53.76,53.76,,,,,31.74,32.49,32.49,32.49,32.49,32.49,54.16,42.0,31.99,31.0,32.49,32.49,32.49,32.49,31.24,29.62,,,,,,
2019-06-02 19:00:00+02:00,,37.41,,37.41,32.92,34.92,,36.0,,37.41,37.41,36.21,37.42,45.13,37.42,37.41,45.13,,65.42,37.41,37.93,,26.31,,,,46.18,46.18,,46.18,46.18,46.18,55.0,46.18,54.07,54.07,,,,,37.41,36.21,36.21,36.21,36.21,36.21,56.33,45.13,38.02,36.06,36.21,36.21,36.21,36.21,37.41,36.0,,,,,,
2019-06-02 20:00:00+02:00,,38.13,,38.13,32.77,36.45,,37.89,,38.13,37.71,37.71,36.91,48.57,36.91,38.13,43.88,,65.46,38.13,41.53,,23.57,,,,56.41,56.41,,50.1,56.41,56.41,78.5,56.41,54.03,54.03,,,,,38.13,36.91,36.91,36.91,36.91,36.91,57.56,48.57,41.63,37.39,36.91,36.91,36.91,37.22,38.13,37.89,,,,,,
2019-06-02 21:00:00+02:00,,37.14,,37.14,27.39,34.75,,35.3,,37.14,36.09,36.09,38.91,57.79,38.91,37.14,42.88,,63.69,37.14,38.18,,23.57,,,,58.0,58.0,,58.0,58.0,58.0,90.5,58.0,54.06,54.06,,,,,37.14,36.09,36.09,36.09,36.09,36.09,58.61,57.79,38.27,35.06,36.09,36.09,36.09,36.09,37.14,35.3,,,,,,
2019-06-02 22:00:00+02:00,,37.12,,37.12,24.52,33.04,,32.75,,37.12,36.94,36.94,41.36,58.73,41.36,37.12,38.16,,65.39,37.12,32.75,,25.1,,,,47.95,47.95,,47.95,47.95,47.95,78.5,47.95,53.88,53.88,,,,,37.12,35.36,35.36,35.36,35.36,35.36,54.28,58.73,32.83,34.03,35.36,35.36,35.36,35.36,37.12,32.75,,,,,,
2019-06-02 23:00:00+02:00,,29.85,,29.85,24.53,30.73,,27.9,,29.85,29.85,29.85,29.85,56.23,29.85,29.85,30.68,,73.52,29.85,27.9,,25.77,,,,44.24,44.24,,44.24,44.24,44.24,55.0,44.24,29.85,29.85,,,,,29.85,31.43,31.43,29.85,29.85,31.43,33.41,56.23,27.96,31.02,29.85,29.85,29.85,29.85,29.85,27.9,,,,,,
2019-06-03 00:00:00+02:00,,26.58,,26.64,24.46,23.31,,21.11,,26.57,26.57,26.57,25.93,56.63,25.93,26.61,25.92,,73.35,26.58,21.11,,24.78,,,,42.66,42.66,,42.66,42.66,42.66,42.66,42.66,25.93,25.93,,,,,26.8,27.69,27.69,25.93,25.93,27.69,45.48,56.63,21.16,20.43,25.93,25.93,25.93,25.93,26.58,21.11,,,,,,
2019-06-03 01:00:00+02:00,,23.36,,23.34,24.45,19.45,,16.4,,23.34,23.34,23.34,22.78,51.98,22.78,23.34,22.74,,70.95,23.36,16.4,,9.5,,,,39.97,39.97,,39.97,39.97,39.97,39.97,39.97,22.78,22.78,,,,,23.51,24.29,24.29,22.78,23.26,24.29,45.48,51.98,16.44,14.03,22.78,22.78,22.78,22.78,23.36,16.4,,,,,,
2019-06-03 02:00:00+02:00,,20.78,,20.78,24.45,18.14,,15.49,,20.78,20.78,20.78,20.78,48.26,20.78,20.78,20.1,,72.99,20.78,15.49,,-0.35,,,,39.45,39.45,,39.45,39.45,39.45,39.45,39.45,20.78,20.78,,,,,20.78,21.46,21.46,20.78,23.14,21.46,42.78,48.26,15.53,13.8,20.78,20.78,20.78,20.78,20.78,15.49,,,,,,
2019-06-03 03:00:00+02:00,,19.97,,18.5,24.44,15.97,,15.63,,19.97,19.97,19.97,19.97,48.1,19.97,17.71,17.25,,72.97,19.97,15.63,,-0.35,,,,39.92,39.92,,39.92,39.92,39.92,39.92,39.92,19.97,19.97,,,,,19.84,20.49,20.49,19.97,22.93,20.49,40.38,48.1,15.67,13.75,19.97,19.97,19.97,19.97,19.97,15.63,,,,,,
2019-06-03 04:00:00+02:00,,19.64,,16.3,24.1,20.04,,19.59,,19.64,19.64,19.64,19.17,48.5,19.17,14.51,14.12,,80.79,19.64,19.59,,-0.05,,,,39.86,39.86,,39.86,39.86,39.86,39.86,39.86,19.17,19.17,,,,,19.33,21.86,21.86,19.17,22.92,21.86,37.01,48.5,19.64,18.05,19.17,19.17,19.17,19.17,19.64,19.59,,,,,,
2019-06-03 05:00:00+02:00,,24.04,,22.17,24.54,28.07,,25.03,,24.04,24.04,24.04,24.04,48.89,24.04,21.16,20.61,,73.35,24.04,25.03,,11.32,,,,36.48,36.48,,36.48,36.48,36.48,36.48,36.48,24.04,24.04,,,,,23.87,32.75,32.75,24.04,24.04,32.75,45.49,48.89,25.09,25.08,24.04,24.04,24.04,24.04,24.04,25.03,,,,,,
2019-06-03 06:00:00+02:00,,40.62,,28.6,37.98,36.7,,36.17,,40.62,40.62,40.62,48.09,49.14,48.09,22.24,21.66,,70.95,40.62,36.17,,20.71,,,,45.0,45.0,,45.0,45.0,45.0,45.0,45.0,48.09,48.09,,,,,39.22,36.61,36.61,35.06,35.06,36.61,57.28,49.14,36.26,35.54,35.06,35.06,35.06,40.62,40.62,36.17,,,,,,
2019-06-03 07:00:00+02:00,,44.92,,42.68,50.68,42.74,,43.37,,44.92,44.92,44.92,121.1,54.13,121.1,41.46,42.3,,65.39,44.92,44.2,,29.27,,,,47.57,47.57,,47.57,47.57,47.57,50.01,47.57,121.1,121.1,,,,,44.64,38.0,38.0,36.65,36.65,38.0,62.68,54.13,50.25,43.15,38.0,38.0,38.0,44.92,44.92,43.37,,,,,,
2019-06-03 08:00:00+02:00,,45.02,,45.02,50.52,43.3,,42.9,,45.02,45.02,45.02,159.96,58.23,159.96,45.02,45.93,,63.85,45.02,43.86,,28.87,,,,57.62,57.62,,57.62,47.56,57.62,87.7,47.56,159.96,159.96,,,,,45.02,38.42,38.42,36.71,36.71,38.42,70.98,58.23,55.94,43.03,38.42,38.42,38.42,45.02,45.02,42.9,,,,,,
2019-06-03 09:00:00+02:00,,41.81,,41.81,44.07,41.78,,40.26,,41.81,41.81,41.81,82.5,58.02,82.5,41.81,42.66,,63.85,41.81,41.59,,32.43,,,,52.89,52.89,,52.89,44.15,52.89,75.09,44.15,82.5,82.5,,,,,41.81,38.46,38.46,36.9,36.9,38.46,72.74,58.02,51.9,41.81,38.46,38.46,38.46,41.81,41.81,40.26,,,,,,
2019-06-03 10:00:00+02:00,,39.36,,39.36,41.64,39.69,,38.24,,39.36,39.36,39.36,69.62,57.88,69.62,39.36,40.16,,64.35,39.36,39.85,,26.0,,,,47.71,47.71,,47.71,40.0,47.71,50.01,40.0,69.62,69.62,,,,,39.36,38.11,38.11,37.04,37.04,38.11,70.16,57.88,46.08,40.03,38.11,38.11,38.11,39.36,39.36,38.24,,,,,,
2019-06-03 11:00:00+02:00,,37.71,,37.71,39.09,39.08,,37.81,,37.71,37.71,37.71,69.54,58.73,69.54,37.71,38.47,,65.39,37.71,40.01,,29.24,,,,47.43,47.43,,47.43,33.94,47.43,34.01,33.94,69.54,69.54,,,,,37.71,37.71,37.71,37.15,37.15,37.71,70.08,58.73,40.11,40.01,37.71,37.71,37.71,37.71,37.71,37.81,,,,,,
2019-06-03 12:00:00+02:00,,36.25,,36.25,37.88,37.61,,37.63,,36.25,36.25,36.25,69.74,59.01,69.74,36.25,37.08,,65.39,36.25,40.94,,29.24,,,,40.98,40.98,,40.98,33.0,40.98,33.0,33.0,69.74,69.74,,,,,36.25,36.25,36.25,36.25,36.25,36.25,70.28,59.01,41.05,38.58,36.25,36.25,36.25,36.25,36.25,37.63,,,,,,
2019-06-03 13:00:00+02:00,,35.46,,35.46,36.53,36.05,,35.28,,35.46,35.46,35.46,69.32,58.5,69.32,35.46,36.31,,64.3,41.63,40.34,,29.24,,,,41.63,41.63,,41.63,33.0,41.63,33.0,33.0,69.32,69.32,,,,,35.46,35.46,35.46,35.46,35.46,35.46,69.86,58.5,40.44,37.47,35.46,35.46,35.46,35.46,41.63,35.28,,,,,,
2019-06-03 14:00:00+02:00,,35.23,,35.23,36.37,34.89,,34.9,,35.23,35.23,35.23,62.57,55.38,62.57,35.23,36.04,,63.85,36.9,40.01,,29.24,,,,47.62,47.62,,47.62,33.0,47.62,33.0,33.0,62.57,62.57,,,,,35.23,35.23,35.23,35.23,35.23,35.23,63.06,55.38,40.12,35.96,35.23,35.23,35.23,35.23,36.9,34.9,,,,,,
2019-06-03 15:00:00+02:00,,35.68,,35.68,36.94,35.8,,35.1,,35.68,35.68,35.68,44.83,53.12,44.83,35.68,36.38,,64.27,44.1,39.86,,29.24,,,,47.87,47.87,,47.87,33.0,47.87,33.0,33.0,46.47,46.47,,,,,35.68,35.68,35.68,35.68,35.68,35.68,61.53,53.12,39.97,36.7,35.68,35.68,35.68,35.68,44.1,35.1,,,,,,
2019-06-03 16:00:00+02:00,,35.69,,35.69,38.81,37.23,,37.2,,35.69,35.69,35.69,35.6,50.07,35.6,35.69,36.39,,65.39,36.1,40.44,,29.24,,,,53.35,53.35,,53.35,35.09,53.35,35.09,35.09,46.4,46.4,,,,,35.69,36.67,36.67,35.6,35.6,36.67,60.62,50.07,40.55,37.83,35.6,35.6,35.6,35.69,36.1,37.2,,,,,,
2019-06-03 17:00:00+02:00,,42.97,,39.77,47.7,40.85,,42.7,,42.97,42.97,42.97,36.74,49.57,36.74,38.13,40.68,,67.37,42.97,42.97,,35.3,,,,52.97,52.97,,52.97,44.15,52.97,44.15,44.15,46.42,46.42,,,,,42.1,37.74,37.74,36.74,36.74,37.74,59.89,49.57,43.09,41.22,36.74,36.74,36.74,42.97,42.97,42.7,,,,,,
2019-06-03 18:00:00+02:00,,45.42,,45.42,47.7,43.7,,46.73,,45.42,45.42,45.42,46.7,48.91,46.7,45.42,46.31,,69.91,45.42,47.56,,44.32,,,,54.62,54.62,,54.62,54.62,54.62,75.09,54.62,46.7,46.7,,,,,45.42,37.76,37.76,37.21,37.21,37.76,59.27,48.91,47.69,46.04,37.76,37.76,37.76,45.42,45.42,46.73,,,,,,
2019-06-03 19:00:00+02:00,,50.5,,50.5,51.73,46.05,,49.0,,50.5,50.5,50.5,48.0,50.5,48.0,50.5,51.64,,65.55,50.5,51.48,,49.42,,,,56.42,56.42,,56.27,56.42,56.42,77.7,56.42,48.0,48.0,,,,,50.5,37.74,37.74,36.98,36.98,37.74,58.78,50.5,51.62,47.58,37.74,37.74,37.74,49.29,50.5,49.0,,,,,,
2019-06-03 20:00:00+02:00,,48.97,,48.94,51.84,45.96,,50.43,,48.98,48.98,48.98,44.1,52.07,35.79,48.91,50.29,,65.62,57.06,56.54,,48.13,,,,57.77,57.77,,57.06,57.77,57.77,99.7,57.77,44.1,44.1,,,,,48.98,37.69,37.69,35.79,35.79,37.69,58.41,52.07,58.07,50.38,35.79,35.79,35.79,47.81,57.06,50.43,,,,,,
2019-06-03 21:00:00+02:00,,47.9,,46.16,47.85,45.19,,48.45,,48.35,48.35,48.35,33.23,56.05,33.23,44.94,52.97,,65.45,47.9,51.07,,50.7,,,,57.77,57.77,,55.15,57.77,57.77,99.7,57.77,46.43,46.43,,,,,48.12,37.84,37.84,33.23,33.23,37.84,58.65,56.05,51.21,47.03,33.23,33.23,33.23,47.19,47.9,48.45,,,,,,
2019-06-03 22:00:00+02:00,,45.96,,45.96,43.93,41.93,,43.69,,45.96,45.96,45.96,31.08,55.03,31.08,45.96,54.09,,64.45,45.96,44.43,,55.62,,,,51.98,51.98,,51.98,51.98,51.98,90.0,51.98,44.09,44.09,,,,,45.96,37.88,37.88,31.08,31.08,37.88,52.03,55.03,44.55,43.86,31.08,31.08,31.08,44.86,45.96,43.69,,,,,,
2019-06-03 23:00:00+02:00,,41.4,,41.4,37.87,38.99,,38.48,,41.4,41.4,41.4,15.98,55.26,15.98,41.4,45.08,,73.29,41.4,38.48,,46.36,,,,45.38,45.38,,45.38,45.38,45.38,55.0,45.38,25.31,25.31,,,,,41.4,37.69,37.69,27.67,27.67,37.69,47.27,55.26,38.59,38.39,15.98,15.98,15.98,40.41,41.4,38.48,,,,,,
2019-06-04 00:00:00+02:00,,34.74,,34.74,28.87,37.78,,35.8,,34.74,34.74,34.74,2.91,57.72,2.91,34.74,35.44,,69.24,34.74,35.8,,36.43,,,,39.66,39.66,,38.88,39.66,39.66,39.66,39.66,2.91,2.91,,,,,34.74,34.74,34.74,15.87,21.33,34.74,51.52,57.72,35.9,37.07,2.91,2.91,2.91,2.91,34.74,35.8,,,,,,
2019-06-04 01:00:00+02:00,,32.99,,32.99,27.37,34.77,,34.34,,32.99,32.99,32.99,3.0,55.09,3.0,32.99,33.75,,66.85,32.99,34.34,,34.69,,,,40.05,40.05,,34.2,40.05,40.05,40.05,40.05,3.0,3.0,,,,,32.99,32.99,32.99,15.43,20.07,32.99,51.52,55.09,34.44,35.17,3.0,3.0,3.0,3.0,32.99,34.34,,,,,,
2019-06-04 02:00:00+02:00,,31.86,,31.86,25.59,33.69,,32.98,,31.86,31.86,31.86,3.21,51.7,3.21,31.86,32.73,,68.78,31.86,32.98,,33.64,,,,37.02,37.02,,31.86,37.02,37.02,37.02,37.02,3.21,3.21,,,,,31.86,31.86,31.86,14.68,19.82,31.86,51.26,51.7,33.08,33.27,3.21,3.21,3.21,3.21,31.86,32.98,,,,,,
2019-06-04 03:00:00+02:00,,30.69,,29.29,25.4,32.96,,31.4,,31.21,31.21,31.21,3.22,49.1,3.22,28.28,31.84,,68.79,30.69,31.4,,31.19,,,,36.09,36.09,,30.69,36.09,36.09,36.09,36.09,3.22,3.22,,,,,30.99,31.21,31.21,14.47,19.65,31.21,51.51,49.1,31.5,32.15,3.22,3.22,3.22,3.22,30.69,31.4,,,,,,
2019-06-04 04:00:00+02:00,,31.32,,27.31,24.51,33.25,,31.19,,32.83,32.83,32.83,2.92,46.9,2.92,24.49,33.12,,72.77,31.32,31.19,,32.44,,,,36.11,36.11,,31.32,36.11,36.11,36.11,36.11,2.92,2.92,,,,,32.23,32.83,32.83,14.52,19.76,32.83,51.51,46.9,31.29,31.81,2.92,2.92,2.92,2.92,31.32,31.19,,,,,,
2019-06-04 05:00:00+02:00,,33.91,,28.13,26.66,34.3,,33.59,,33.91,33.91,33.91,19.99,45.62,19.99,25.14,33.7,,65.39,33.91,33.59,,33.02,,,,35.44,35.44,,33.91,35.44,35.44,35.44,35.44,19.99,19.99,,,,,33.29,33.91,33.91,19.99,20.02,33.91,52.22,45.62,33.7,33.26,19.99,19.99,19.99,19.99,33.91,33.59,,,,,,
2019-06-04 06:00:00+02:00,,40.96,,34.93,47.09,42.58,,44.4,,42.95,42.95,42.95,42.95,47.09,42.95,30.74,35.73,,64.33,40.96,44.4,,35.01,,,,40.96,40.96,,40.96,40.96,40.96,40.96,40.96,42.95,42.95,,,,,42.0,36.09,36.09,34.49,34.49,36.09,64.09,47.09,44.55,43.42,34.49,34.49,34.49,42.95,40.96,44.4,,,,,,
2019-06-04 07:00:00+02:00,,47.18,,39.59,58.3,46.04,,52.47,,50.29,50.29,50.29,50.29,50.31,50.29,37.98,40.52,,69.89,47.18,53.3,,38.52,,,,47.18,47.18,,47.18,47.18,47.18,47.18,47.18,50.29,50.29,,,,,41.9,36.5,36.5,36.5,36.5,36.5,61.96,50.31,53.49,50.57,36.5,36.5,36.5,50.29,47.18,52.47,,,,,,
2019-06-04 08:00:00+02:00,,54.3,,50.27,61.45,49.72,,50.0,,55.43,55.43,55.43,55.43,55.38,55.43,47.69,52.9,,69.9,54.3,52.83,,55.54,,,,54.3,54.3,,54.3,54.3,54.3,111.53,54.3,55.43,55.43,,,,,54.7,37.18,37.18,36.94,36.94,37.18,68.76,55.38,53.02,51.0,37.18,37.18,37.18,55.43,54.3,50.0,,,,,,
2019-06-04 09:00:00+02:00,,46.93,,46.93,51.06,46.0,,45.36,,46.93,46.93,46.93,54.91,53.0,54.91,46.93,50.2,,66.85,47.0,48.76,,79.17,,,,47.0,47.0,,47.0,42.15,47.0,85.12,42.15,54.91,54.91,,,,,46.93,37.13,37.13,36.94,36.94,37.13,69.16,53.0,48.94,47.61,37.13,37.13,37.13,46.93,47.0,45.36,,,,,,
2019-06-04 10:00:00+02:00,,42.24,,42.24,45.51,42.71,,42.1,,42.24,42.24,42.24,50.0,52.0,50.0,42.24,49.38,,66.85,42.24,44.16,,74.0,,,,43.25,43.25,,43.25,39.0,43.25,59.01,39.0,50.0,50.0,,,,,42.24,36.96,36.96,36.92,36.92,36.96,68.81,52.0,44.32,43.76,36.96,36.96,36.96,42.24,42.24,42.1,,,,,,
2019-06-04 11:00:00+02:00,,41.0,,41.0,40.47,40.38,,39.73,,41.0,41.0,41.0,48.47,50.45,48.47,41.0,45.1,,68.36,41.0,42.35,,66.0,,,,41.0,41.0,,41.0,33.25,41.0,33.25,33.25,48.47,48.47,,,,,41.0,36.84,36.84,36.84,36.84,36.84,70.13,50.45,42.51,42.26,36.84,36.84,36.84,41.0,41.0,39.73,,,,,,
2019-06-04 12:00:00+02:00,,37.56,,37.56,40.02,38.38,,38.63,,37.56,37.56,37.56,47.73,51.07,47.73,37.56,45.11,,68.36,37.56,41.59,,47.47,,,,37.56,37.56,,37.56,32.0,37.56,32.0,32.0,47.73,47.73,,,,,37.56,36.35,36.35,36.35,36.35,36.35,74.47,51.07,41.75,41.1,36.35,36.35,36.35,37.56,37.56,38.63,,,,,,
2019-06-04 13:00:00+02:00,,36.5,,36.5,41.02,37.81,,37.35,,36.5,36.5,36.5,46.0,49.06,46.0,36.5,38.79,,69.45,36.5,40.61,,40.82,,,,36.5,36.5,,36.5,25.0,36.5,25.0,25.0,46.0,46.0,,,,,36.5,35.98,35.98,35.98,35.98,35.98,74.51,49.06,40.77,40.62,35.98,35.98,35.98,36.5,36.5,37.35,,,,,,
2019-06-04 14:00:00+02:00,,35.19,,35.19,37.54,37.28,,37.0,,35.19,35.19,35.19,45.75,47.09,45.75,35.19,36.54,,63.89,37.1,39.52,,38.44,,,,38.87,38.87,,38.87,27.0,38.87,27.0,27.0,45.75,45.75,,,,,35.19,35.19,35.19,35.19,35.19,35.19,73.54,47.09,39.69,39.49,35.19,35.19,35.19,35.19,37.1,37.0,,,,,,
2019-06-04 15:00:00+02:00,,34.47,,34.47,36.59,37.06,,37.0,,34.47,34.47,34.47,34.47,45.86,34.47,34.47,35.43,,63.89,37.11,39.38,,37.28,,,,42.13,42.13,,42.13,32.0,42.13,32.0,32.0,34.47,34.47,,,,,34.47,34.47,34.47,34.47,34.47,34.47,70.28,45.86,39.55,39.1,34.47,34.47,34.47,34.47,37.11,37.0,,,,,,
2019-06-04 16:00:00+02:00,,36.65,,36.65,32.76,37.89,,38.2,,36.65,36.65,36.65,34.61,43.46,34.61,36.65,37.67,,65.47,36.89,39.38,,38.69,,,,43.4,43.4,,43.4,39.25,43.4,39.25,39.25,36.65,36.65,,,,,36.65,35.12,35.12,34.61,34.61,35.12,67.99,43.46,39.55,40.04,34.61,34.61,34.61,36.65,36.89,38.2,,,,,,
2019-06-04 17:00:00+02:00,,42.92,,34.43,41.81,42.79,,43.8,,42.92,42.92,42.92,36.0,43.2,36.0,30.03,51.43,,64.44,42.92,43.8,,52.82,,,,43.4,43.4,,43.4,41.07,43.4,41.07,41.07,45.2,45.2,,,,,41.86,36.0,36.0,36.0,36.0,36.0,61.57,43.2,44.0,44.55,36.0,36.0,36.0,42.92,42.92,43.8,,,,,,
2019-06-04 18:00:00+02:00,,44.94,,41.79,45.5,44.61,,45.52,,45.13,45.13,45.13,45.75,43.31,45.75,39.39,53.35,,64.44,44.94,47.35,,54.79,,,,44.94,44.94,,44.94,44.94,44.94,55.7,44.94,45.75,45.75,,,,,45.13,36.18,36.18,36.11,36.11,36.18,57.4,43.31,47.56,48.32,36.11,36.11,36.11,45.13,44.94,45.52,,,,,,
2019-06-04 19:00:00+02:00,,45.68,,44.18,51.03,45.87,,48.0,,46.17,46.17,46.17,48.62,45.76,48.62,43.05,50.86,,65.45,45.68,50.21,,49.79,,,,62.23,62.23,,47.44,62.23,62.23,94.91,62.23,48.62,48.62,,,,,46.17,36.08,36.08,35.63,35.63,36.08,56.94,45.76,50.45,50.72,35.63,35.63,35.63,46.17,45.68,48.0,,,,,,
2019-06-04 20:00:00+02:00,,44.72,,40.06,51.82,44.95,,45.0,,44.72,44.72,44.72,34.74,47.21,34.74,37.28,47.49,,65.52,45.45,54.77,,46.49,,,,64.77,64.77,,45.45,64.77,64.77,111.53,64.77,45.22,45.22,,,,,44.72,36.05,36.05,34.74,34.74,36.05,55.73,47.21,55.03,54.15,34.74,34.74,34.74,44.72,45.45,45.0,,,,,,
2019-06-04 21:00:00+02:00,,38.28,,38.28,46.87,40.91,,40.91,,38.28,38.28,38.28,33.28,54.0,33.28,38.28,42.82,,65.45,40.0,48.78,,40.92,,,,63.7,63.7,,44.08,63.7,63.7,99.91,63.7,38.28,38.28,,,,,38.28,35.78,35.78,33.28,33.28,35.78,56.23,54.0,49.02,48.7,33.28,33.28,33.28,38.28,40.0,40.91,,,,,,
2019-06-04 22:00:00+02:00,,33.83,,33.83,39.84,37.36,,37.27,,33.83,33.83,33.83,31.54,54.13,31.54,33.83,36.1,,66.85,36.89,37.27,,35.34,,,,47.9,47.9,,38.82,47.9,47.9,91.12,47.9,33.83,33.83,,,,,33.83,34.02,34.02,31.54,31.54,34.02,64.11,54.13,37.46,42.01,31.54,31.54,31.54,33.83,36.89,37.27,,,,,,
2019-06-04 23:00:00+02:00,,28.01,,28.01,28.27,31.01,,30.8,,28.01,28.01,28.01,21.34,47.36,21.34,28.01,34.75,,68.45,28.01,30.93,,34.48,,,,39.45,39.45,,38.77,39.45,39.45,69.12,39.45,27.34,27.34,,,,,28.01,28.93,28.93,28.34,28.34,28.93,58.68,47.36,31.09,36.23,21.34,21.34,21.34,27.34,28.01,30.8,,,,,,
2019-06-05 00:00:00+02:00,,27.48,,27.48,24.48,28.09,,27.02,,27.48,26.82,26.82,26.82,45.82,26.82,27.48,40.39,,68.14,27.48,27.02,,34.5,,,,47.55,47.55,,35.25,47.55,47.55,47.55,47.55,26.82,26.82,,,,,27.48,27.79,27.79,26.82,26.82,27.79,46.07,45.82,27.14,28.71,26.82,26.82,26.82,26.82,27.48,27.02,,,,,,
2019-06-05 01:00:00+02:00,,26.06,,26.06,24.46,25.92,,25.7,,26.06,25.23,25.23,25.23,46.0,25.23,26.06,37.8,,68.14,26.06,25.7,,30.0,,,,56.42,56.42,,33.4,56.42,56.42,56.42,56.42,25.23,25.23,,,,,26.06,25.23,25.23,25.23,25.23,25.23,49.2,46.0,25.81,25.53,25.23,25.23,25.23,25.23,26.06,25.7,,,,,,
2019-06-05 02:00:00+02:00,,24.55,,24.55,24.4,25.04,,23.81,,24.55,19.96,19.96,19.96,42.29,19.96,24.55,35.66,,68.14,24.55,23.81,,29.82,,,,43.09,43.09,,30.34,43.09,43.09,43.09,43.09,19.96,19.96,,,,,24.55,23.77,23.77,19.96,19.96,23.77,51.42,42.29,23.91,23.79,19.96,19.96,19.96,19.96,24.55,23.81,,,,,,
2019-06-05 03:00:00+02:00,,24.54,,24.54,24.09,24.53,,23.01,,24.54,16.13,16.13,16.13,41.0,16.13,24.54,33.86,,68.14,24.54,23.01,,26.79,,,,43.09,43.09,,30.0,43.09,43.09,43.09,43.09,16.13,16.13,,,,,24.54,23.76,23.76,16.13,16.13,23.76,51.42,41.0,23.11,23.33,16.13,16.13,16.13,16.13,24.54,23.01,,,,,,
2019-06-05 04:00:00+02:00,,25.31,,25.31,24.42,24.68,,24.05,,25.31,6.08,6.08,6.08,40.51,6.08,25.31,33.8,,69.55,25.31,24.05,,26.79,,,,41.61,41.61,,30.0,41.61,41.61,41.61,41.61,6.08,6.08,,,,,25.31,22.98,22.98,10.6,10.6,22.98,49.64,40.51,24.15,23.97,6.08,6.08,6.08,6.08,25.31,24.05,,,,,,
2019-06-05 05:00:00+02:00,,27.75,,25.68,24.51,27.61,,27.05,,27.75,20.41,20.41,20.41,40.88,20.41,24.6,31.48,,72.05,27.75,27.05,,26.79,,,,43.09,43.09,,30.5,43.09,43.09,43.09,43.09,20.41,20.41,,,,,27.53,26.65,26.65,20.41,20.41,26.65,49.19,40.88,27.17,27.59,20.41,20.41,20.41,20.41,27.75,27.05,,,,,,
2019-06-05 06:00:00+02:00,,37.52,,30.86,30.15,37.2,,38.08,,37.52,32.52,32.52,54.7,45.8,54.7,27.46,35.66,,68.55,38.7,38.08,,29.14,,,,42.28,42.28,,42.0,42.28,42.28,42.28,42.28,54.7,54.7,,,,,36.66,32.52,32.52,32.52,32.52,32.52,54.84,45.8,38.26,39.98,32.52,32.52,32.52,32.52,38.7,38.08,,,,,,
2019-06-05 07:00:00+02:00,,44.51,,39.8,44.45,43.38,,44.89,,44.51,43.44,43.44,64.95,45.07,64.95,37.14,41.64,,69.92,45.4,47.93,,35.52,,,,56.42,56.42,,47.64,56.42,56.42,56.42,56.42,64.95,64.95,,,,,44.27,35.05,35.05,35.05,35.05,35.05,65.12,45.07,48.14,46.59,35.05,35.05,35.05,43.44,45.4,44.89,,,,,,
2019-06-05 08:00:00+02:00,,44.99,,44.99,48.5,45.7,,48.5,,44.99,35.98,44.99,95.0,48.36,95.0,44.99,46.33,,69.93,70.0,52.08,,45.0,,,,70.0,70.0,,70.0,70.0,70.0,84.01,70.0,95.0,95.0,,,,,44.99,35.98,35.98,35.98,35.98,35.98,74.56,48.36,56.1,49.52,35.98,35.98,35.98,44.99,70.0,48.5,,,,,,
2019-06-05 09:00:00+02:00,,43.97,,43.97,45.66,42.73,,44.51,,43.97,43.97,43.97,76.04,45.8,76.04,43.97,45.28,,65.49,57.77,53.65,,47.02,,,,57.77,57.77,,57.77,57.77,57.77,57.77,57.77,76.04,76.04,,,,,43.97,35.86,35.86,35.86,35.86,35.86,74.5,45.8,56.1,47.01,35.86,35.86,35.86,43.97,57.77,44.51,,,,,,
2019-06-05 10:00:00+02:00,,41.38,,41.38,45.66,39.3,,39.93,,41.38,41.38,41.38,127.25,44.99,127.25,41.38,42.79,,65.49,52.22,48.02,,43.69,,,,52.22,52.22,,52.22,45.3,52.22,45.3,45.3,127.25,127.25,,,,,41.38,35.48,35.48,35.48,35.48,35.48,73.78,44.99,48.24,42.55,35.48,35.48,35.48,41.38,52.22,39.93,,,,,,
2019-06-05 11:00:00+02:00,,40.46,,40.46,38.09,38.13,,38.16,,40.46,40.46,40.46,98.1,43.86,98.1,40.46,41.66,,69.85,51.15,46.01,,43.58,,,,51.15,51.15,,51.15,42.15,51.15,42.15,42.15,98.1,98.1,,,,,40.46,35.26,35.26,35.26,35.26,35.26,70.94,43.86,46.22,41.01,35.26,35.26,35.26,40.46,51.15,38.16,,,,,,
2019-06-05 12:00:00+02:00,,38.85,,38.85,38.33,36.37,,36.62,,38.85,38.85,38.85,96.29,44.64,96.29,38.85,40.01,,69.31,42.95,41.59,,41.84,,,,42.95,42.95,,42.95,40.9,42.95,40.9,40.9,96.29,96.29,,,,,38.85,35.27,35.27,35.27,35.27,35.27,73.64,44.64,41.79,38.84,35.27,35.27,35.27,38.85,42.95,36.62,,,,,,
2019-06-05 13:00:00+02:00,,36.32,,36.32,36.17,34.91,,34.95,,36.32,36.32,36.32,96.09,42.09,96.09,36.32,37.55,,68.35,39.9,37.0,,39.28,,,,39.9,39.9,,39.9,35.15,39.9,35.15,35.15,96.09,96.09,,,,,36.32,35.16,35.16,34.91,34.91,35.16,73.58,42.09,37.18,37.08,34.91,34.91,34.91,36.32,39.9,34.95,,,,,,
2019-06-05 14:00:00+02:00,,36.19,,36.19,38.43,34.07,,34.2,,36.19,36.19,36.19,72.81,40.01,72.81,36.19,37.27,,63.96,36.19,34.44,,38.89,,,,46.68,46.68,,46.68,35.15,46.68,35.15,35.15,72.81,72.81,,,,,36.19,35.03,35.03,34.16,34.16,35.03,68.15,40.06,34.6,37.04,34.16,34.16,34.16,36.19,36.19,34.2,,,,,,
2019-06-05 15:00:00+02:00,,38.01,,38.01,36.37,34.22,,34.12,,38.01,38.01,38.01,42.01,38.89,42.01,38.01,39.31,,63.96,38.01,34.51,,40.13,,,,46.68,46.68,,46.68,35.15,46.68,35.15,35.15,42.01,42.01,,,,,38.01,34.98,34.98,33.28,33.28,34.98,58.57,40.06,34.67,37.03,33.28,33.28,33.28,38.01,38.01,34.12,,,,,,
2019-06-05 16:00:00+02:00,,39.0,,39.0,32.76,35.46,,35.7,,39.0,39.0,39.0,38.93,39.0,38.93,39.0,40.34,,63.96,39.0,35.7,,41.18,,,,48.55,48.55,,48.55,35.28,48.55,35.28,35.28,38.93,38.93,,,,,39.0,35.04,35.04,32.45,32.45,35.04,57.47,39.81,35.86,38.0,32.45,32.45,32.45,38.93,39.0,35.7,,,,,,
2019-06-05 17:00:00+02:00,,43.45,,42.12,35.17,40.27,,41.37,,43.45,43.45,43.45,54.81,41.37,54.81,41.37,45.04,,63.96,43.45,41.37,,47.1,,,,47.08,47.08,,47.08,47.08,47.08,47.08,47.08,54.81,54.81,,,,,43.37,35.0,35.0,32.23,32.23,35.0,57.99,41.37,41.56,40.88,32.23,32.23,32.23,43.45,43.45,41.37,,,,,,
2019-06-05 18:00:00+02:00,,47.65,,45.56,46.57,42.8,,44.97,,48.28,48.28,48.28,63.57,43.92,63.57,43.92,50.69,,65.55,47.65,44.97,,53.01,,,,52.55,52.55,,52.5,52.55,52.55,52.55,52.55,63.57,63.57,,,,,48.28,34.95,34.95,31.98,31.98,34.95,58.86,43.92,45.18,44.34,31.98,31.98,31.98,48.28,47.65,44.97,,,,,,
2019-06-05 19:00:00+02:00,,54.68,,48.72,48.5,44.88,,47.81,,56.52,56.52,56.52,57.91,45.5,58.49,44.07,58.46,,67.99,54.68,47.81,,61.13,,,,66.77,66.77,,54.9,66.77,66.77,66.77,66.77,57.91,57.91,,,,,56.52,34.81,34.81,31.75,31.75,34.81,58.05,45.5,48.04,46.86,31.75,31.75,31.75,56.52,54.68,47.81,,,,,,
2019-06-05 20:00:00+02:00,,47.1,,39.7,48.52,44.33,,45.97,,49.41,49.41,49.41,38.83,50.07,38.25,33.88,58.34,,68.94,47.1,48.97,,59.54,,,,72.82,72.82,,47.1,72.82,72.82,77.69,72.82,48.22,48.22,,,,,49.41,35.03,35.03,31.36,31.36,35.03,56.32,50.07,50.82,48.96,31.36,31.36,31.36,48.22,47.1,45.97,,,,,,
2019-06-05 21:00:00+02:00,,43.68,,35.66,42.53,40.55,,41.92,,43.68,43.68,43.68,31.45,58.22,31.45,31.08,53.07,,65.55,43.68,43.69,,54.16,,,,72.77,72.77,,46.68,72.77,72.77,77.69,72.77,44.89,44.89,,,,,43.22,34.89,34.89,31.45,31.45,34.89,54.04,58.22,43.9,42.38,31.45,31.45,31.45,31.45,43.68,41.92,,,,,,
2019-06-05 22:00:00+02:00,,39.99,,39.99,29.16,36.87,,37.06,,39.99,34.57,34.57,26.92,58.76,26.92,39.99,48.55,,63.97,39.99,37.06,,49.55,,,,69.55,69.55,,42.23,69.55,69.55,69.55,69.55,26.92,26.92,,,,,39.99,34.57,34.57,26.92,26.92,34.57,57.38,58.76,37.24,37.82,26.92,26.92,26.92,26.92,39.99,37.06,,,,,,
2019-06-05 23:00:00+02:00,,32.09,,32.09,24.53,31.77,,31.26,,32.09,32.09,32.09,6.53,55.0,6.53,32.09,39.44,,68.14,32.09,31.26,,40.25,,,,40.99,40.99,,39.96,40.99,40.99,40.99,40.99,6.53,6.53,,,,,32.09,32.09,32.09,17.07,17.07,32.09,46.51,55.0,31.41,32.68,6.53,6.53,6.53,6.53,32.09,31.26,,,,,,
2019-06-06 00:00:00+02:00,,28.5,,28.5,27.12,29.28,,31.26,,28.5,28.5,28.5,19.92,52.84,2.19,28.5,43.14,,68.35,28.5,28.92,,38.1,,,,47.76,47.76,,39.03,47.76,47.76,47.76,47.76,19.92,19.92,,,,,28.5,29.74,29.74,27.7,27.7,29.74,52.46,52.84,29.0,29.49,2.19,2.19,2.19,2.19,28.5,28.92,,,,,,
2019-06-06 01:00:00+02:00,,26.5,,26.5,24.54,27.49,,31.26,,26.5,26.5,26.5,2.7,49.01,2.7,26.5,38.3,,69.24,26.5,25.44,,37.33,,,,47.76,47.76,,31.79,47.76,47.76,47.76,47.76,2.7,2.7,,,,,26.5,27.38,27.38,27.12,27.12,27.38,50.36,49.01,25.51,25.86,2.7,2.7,2.7,2.7,26.5,25.44,,,,,,
2019-06-06 02:00:00+02:00,,24.64,,24.64,24.51,26.19,,24.0,,24.64,24.64,24.64,2.42,45.5,2.42,24.64,36.12,,68.35,24.64,24.0,,35.21,,,,42.41,42.41,,30.0,42.41,42.41,42.41,42.41,2.42,2.42,,,,,24.64,24.95,24.95,24.95,24.95,24.95,46.62,45.5,24.07,23.09,2.42,2.42,2.42,2.42,24.64,24.0,,,,,,
2019-06-06 03:00:00+02:00,,24.03,,24.03,24.51,26.1,,22.97,,24.03,24.03,24.03,2.38,46.49,2.38,24.03,36.02,,68.35,24.03,22.97,,35.11,,,,40.25,40.25,,30.0,40.25,40.25,40.25,40.25,2.38,2.38,,,,,24.03,24.03,24.03,24.03,24.03,24.03,45.7,46.49,23.03,21.92,2.38,2.38,2.38,2.38,24.03,22.97,,,,,,
2019-06-06 04:00:00+02:00,,24.06,,24.06,24.52,25.84,,22.51,,24.06,24.06,24.06,1.83,46.39,1.83,24.06,35.45,,69.58,24.06,22.51,,33.74,,,,41.15,41.15,,30.0,41.15,41.15,41.15,41.15,1.83,1.83,,,,,24.06,24.06,24.06,21.54,21.54,24.06,44.26,46.39,22.57,22.27,1.83,1.83,1.83,1.83,24.06,22.51,,,,,,
2019-06-06 05:00:00+02:00,,27.54,,27.54,26.49,26.77,,25.29,,27.54,26.22,26.22,2.39,46.0,2.39,27.54,33.78,,71.8,27.54,25.29,,32.93,,,,41.94,41.94,,30.0,41.94,41.94,41.94,41.94,2.39,2.39,,,,,27.54,27.25,27.25,25.49,25.49,27.25,48.51,46.0,25.36,24.57,2.39,2.39,2.39,2.39,27.54,25.29,,,,,,
2019-06-06 06:00:00+02:00,,32.16,,32.16,39.69,33.77,,34.17,,32.16,32.16,32.16,45.14,49.01,45.14,32.16,33.21,,68.35,32.16,34.65,,32.38,,,,43.27,43.27,,43.27,43.27,43.27,43.27,43.27,45.14,45.14,,,,,32.16,31.13,31.13,28.38,28.38,31.13,59.76,49.01,34.75,33.7,8.62,8.62,8.62,8.62,32.16,34.17,,,,,,
2019-06-06 07:00:00+02:00,,40.73,,40.73,53.01,39.24,,38.83,,40.73,33.43,33.43,58.43,52.36,58.43,40.73,42.05,,63.98,40.73,43.9,,40.01,,,,56.42,56.42,,56.42,56.42,56.42,56.42,56.42,58.43,58.43,,,,,40.73,33.43,33.43,27.67,27.67,33.43,58.58,52.36,44.02,45.35,6.84,6.84,6.84,6.84,40.73,38.83,,,,,,
2019-06-06 08:00:00+02:00,,42.91,,42.91,63.96,40.63,,40.78,,42.91,33.72,33.72,70.29,56.85,70.29,42.91,51.81,,63.98,42.91,49.96,,54.0,,,,69.96,69.96,,69.96,69.96,69.96,69.96,69.96,69.27,69.27,,,,,42.91,33.72,33.72,27.7,27.7,33.72,69.46,56.85,50.1,49.96,12.36,12.36,12.36,12.36,42.91,40.78,,,,,,
2019-06-06 09:00:00+02:00,,39.93,,39.93,59.53,39.59,,39.0,,39.93,33.5,33.5,68.19,54.04,68.19,39.93,54.06,,69.88,39.93,49.29,,70.0,,,,64.77,64.77,,64.77,60.0,64.77,60.0,60.0,68.19,68.19,,,,,39.93,33.5,33.5,26.99,26.99,33.5,68.38,54.04,49.42,47.33,19.98,19.98,19.98,19.98,39.93,39.0,,,,,,
2019-06-06 10:00:00+02:00,,34.11,,34.11,55.05,37.43,,36.14,,34.11,33.02,33.02,66.07,48.01,66.07,34.11,47.4,,63.98,34.11,44.32,,65.91,,,,55.54,55.54,,55.54,46.0,55.54,46.0,46.0,66.07,66.07,,,,,34.11,33.02,33.02,26.25,26.25,33.02,66.26,48.01,44.44,42.95,23.12,23.12,23.12,23.12,34.11,36.14,,,,,,
2019-06-06 11:00:00+02:00,,33.62,,33.62,55.13,36.78,,35.0,,33.62,32.54,32.54,63.8,43.93,63.8,33.62,40.74,,69.86,35.0,49.4,,54.0,,,,51.15,51.15,,51.15,35.02,51.15,35.02,35.02,63.8,63.8,,,,,33.62,32.54,32.54,25.76,25.76,32.54,63.99,43.93,49.54,42.67,20.31,20.31,20.31,20.31,35.0,35.0,,,,,,
2019-06-06 12:00:00+02:00,,32.31,,32.31,53.83,34.58,,33.04,,32.31,31.27,31.27,68.7,43.75,68.7,32.31,38.74,,67.99,37.1,47.79,,47.0,,,,45.73,45.73,,45.73,35.01,45.73,35.01,35.01,68.7,68.7,,,,,32.31,31.27,31.27,25.6,25.6,31.27,68.9,43.75,47.92,42.18,11.1,11.1,11.1,11.1,37.1,33.04,,,,,,
2019-06-06 13:00:00+02:00,,32.0,,32.0,52.99,33.31,,32.1,,32.0,30.98,30.98,63.78,41.81,63.78,32.0,37.35,,63.98,36.1,46.91,,46.0,,,,47.76,47.76,,47.76,25.77,47.76,25.77,25.77,63.78,63.78,,,,,32.0,30.98,30.98,25.0,25.0,30.98,63.98,41.81,47.04,41.28,7.43,7.43,7.43,7.43,36.1,32.1,,,,,,
2019-06-06 14:00:00+02:00,,32.0,,32.0,53.93,33.33,,31.5,,32.0,30.98,30.98,57.19,37.47,57.19,32.0,36.05,,63.98,35.0,47.17,,40.25,,,,50.04,50.04,,50.04,20.0,50.04,20.0,20.0,57.19,57.19,,,,,32.0,30.98,30.98,16.13,16.13,30.98,57.38,37.47,47.3,38.95,4.87,4.87,4.87,4.87,35.0,31.5,,,,,,
2019-06-06 15:00:00+02:00,,32.53,,32.53,51.24,32.44,,31.54,,32.53,30.92,30.92,58.43,34.99,43.67,32.53,36.1,,69.43,35.0,42.97,,37.84,,,,54.73,54.73,,54.73,35.0,54.73,35.0,35.0,58.43,58.43,,,,,32.53,30.92,30.92,15.77,15.77,30.92,58.62,34.99,43.09,38.32,4.21,4.21,4.21,4.21,35.0,31.54,,,,,,
2019-06-06 16:00:00+02:00,,33.58,,33.58,47.09,32.45,,32.0,,33.58,30.91,30.91,54.65,33.58,35.36,33.58,35.99,,65.49,35.0,42.02,,37.72,,,,56.72,56.72,,56.72,40.15,56.72,45.0,40.15,54.65,54.65,,,,,33.58,30.91,30.91,15.63,15.63,30.91,54.83,33.58,42.13,37.85,4.23,4.23,4.23,4.23,35.0,32.0,,,,,,
2019-06-06 17:00:00+02:00,,35.76,,35.76,47.19,37.22,,37.83,,35.76,31.87,31.87,45.19,35.76,45.19,35.76,42.42,,64.0,35.76,41.09,,44.46,,,,58.42,58.42,,58.42,49.02,58.42,49.02,49.02,45.19,45.19,,,,,35.76,31.87,31.87,16.13,16.13,31.87,54.19,35.76,41.2,40.04,8.89,8.89,8.89,8.89,35.76,37.83,,,,,,
2019-06-06 18:00:00+02:00,,42.98,,38.65,50.86,40.15,,41.26,,42.98,32.1,32.1,55.11,35.98,55.11,35.98,45.12,,65.45,42.98,44.82,,47.3,,,,58.04,58.04,,58.04,58.04,58.04,58.04,58.04,55.11,55.11,,,,,42.75,32.1,32.1,15.67,15.67,32.1,55.3,35.98,44.94,43.81,13.04,13.04,13.04,13.04,42.98,41.26,,,,,,
2019-06-06 19:00:00+02:00,,49.93,,43.96,55.0,41.33,,45.72,,52.04,37.2,37.2,57.26,37.67,57.26,39.07,56.85,,68.43,49.93,50.61,,59.59,,,,69.77,69.77,,55.9,69.77,69.77,77.69,69.77,57.26,57.26,,,,,51.62,32.5,32.5,15.17,15.17,32.5,57.46,37.67,50.75,47.64,14.52,14.52,14.52,14.52,49.93,45.72,,,,,,
2019-06-06 20:00:00+02:00,,57.4,,46.73,58.55,41.83,,49.06,,59.09,37.2,37.2,60.06,39.17,35.72,39.17,60.28,,68.49,57.4,53.53,,61.69,,,,76.42,76.42,,57.4,73.94,76.42,84.69,73.94,60.06,60.06,,,,,58.43,32.8,32.8,15.16,15.16,32.8,60.27,39.17,53.68,49.8,12.11,12.11,12.11,12.11,57.4,49.06,,,,,,
2019-06-06 21:00:00+02:00,,51.46,,42.35,47.56,42.05,,48.17,,55.3,43.69,43.69,55.17,41.82,24.99,34.34,56.33,,68.42,51.46,48.47,,57.65,,,,60.0,60.0,,54.45,60.0,60.0,77.69,60.0,55.17,55.17,,,,,54.6,32.5,32.5,16.71,16.71,32.5,55.37,41.82,48.6,46.7,13.49,13.49,13.49,13.49,51.46,48.17,,,,,,
2019-06-06 22:00:00+02:00,,46.48,,44.13,45.59,43.18,,44.0,,47.73,41.55,41.55,45.17,41.81,34.98,41.81,49.16,,65.87,46.48,44.0,,50.33,,,,56.42,56.42,,47.33,56.42,56.42,65.15,56.42,45.17,45.17,,,,,47.66,31.99,31.99,16.17,16.17,31.99,62.89,41.81,44.12,41.69,10.46,10.46,10.46,10.46,46.48,44.0,,,,,,
2019-06-06 23:00:00+02:00,,41.0,,39.07,40.48,37.56,,38.25,,41.47,31.42,31.42,30.16,37.54,30.16,37.54,42.7,,65.39,41.0,38.25,,43.71,,,,43.27,43.27,,41.0,43.27,43.27,45.0,43.27,30.16,30.16,,,,,41.4,31.42,31.42,16.15,16.15,31.42,55.47,37.54,38.36,37.19,7.52,7.52,7.52,7.52,41.0,38.25,,,,,,
2019-06-07 00:00:00+02:00,,40.05,,37.6,40.97,36.07,,38.25,,40.41,29.82,29.82,45.62,35.77,7.87,35.77,47.59,,65.39,40.05,36.87,,45.37,,,,59.42,59.42,,40.59,59.42,59.42,59.42,59.42,45.62,45.62,,,,,40.38,29.82,29.82,7.87,7.87,29.82,50.79,35.77,36.93,35.94,7.87,7.87,7.87,7.87,40.05,36.87,,,,,,
2019-06-07 01:00:00+02:00,,34.15,,27.4,39.18,32.98,,38.25,,34.15,29.34,29.34,28.01,31.08,10.92,23.06,43.98,,65.39,34.15,33.06,,41.93,,,,70.0,70.0,,38.99,70.0,70.0,70.0,70.0,28.01,28.01,,,,,34.05,29.34,29.34,10.92,10.92,29.34,51.77,31.08,31.24,32.02,10.92,10.92,10.92,10.92,34.15,33.06,,,,,,
2019-06-07 02:00:00+02:00,,32.46,,25.93,30.05,31.19,,31.01,,32.46,29.15,29.15,10.75,27.51,10.75,21.72,37.77,,63.63,32.46,31.01,,36.01,,,,56.42,56.42,,36.5,56.42,56.42,56.42,56.42,10.75,10.75,,,,,32.46,29.15,29.15,10.75,10.75,29.15,52.4,27.51,31.06,30.54,10.75,10.75,10.75,10.75,32.46,31.01,,,,,,
2019-06-07 03:00:00+02:00,,33.14,,19.33,35.43,31.14,,31.4,,33.14,29.43,29.43,10.36,26.73,10.36,10.41,34.15,,63.62,33.14,31.4,,33.36,,,,56.42,56.42,,36.99,56.42,56.42,56.42,56.42,10.36,10.36,,,,,33.14,29.43,29.43,10.36,10.36,29.43,52.46,26.73,31.45,29.07,10.36,10.36,10.36,10.36,33.14,31.4,,,,,,
2019-06-07 04:00:00+02:00,,32.09,,16.73,35.58,31.29,,31.48,,32.09,32.09,32.09,4.83,29.0,4.83,6.85,33.05,,63.65,32.09,31.48,,32.3,,,,56.42,56.42,,32.09,56.42,56.42,56.42,56.42,4.83,4.83,,,,,32.09,29.69,29.69,4.83,4.83,29.69,52.8,29.0,31.53,30.57,4.83,4.83,4.83,4.83,32.09,31.48,,,,,,
2019-06-07 05:00:00+02:00,,32.49,,18.44,40.06,32.62,,34.02,,32.49,32.49,32.49,51.52,31.02,34.5,9.41,33.39,,65.39,36.1,34.02,,32.63,,,,57.77,57.77,,36.1,57.77,57.77,57.77,57.77,51.52,51.52,,,,,32.41,29.88,29.88,13.72,13.72,29.88,51.74,31.02,34.08,32.56,13.72,13.72,13.72,13.72,36.1,34.02,,,,,,
2019-06-07 06:00:00+02:00,,48.07,,26.0,47.88,41.07,,42.7,,57.33,57.33,57.33,61.02,35.67,61.02,14.79,35.01,,64.13,48.07,43.8,,34.21,,,,56.42,56.42,,48.07,56.42,56.42,56.42,56.42,61.02,61.02,,,,,36.12,29.66,29.66,28.97,28.97,29.66,61.27,35.67,43.87,41.69,28.97,28.97,28.97,55.95,48.07,42.7,,,,,,
2019-06-07 07:00:00+02:00,,67.71,,40.66,59.17,42.78,,50.37,,73.75,73.75,73.75,90.05,40.0,90.05,31.12,41.71,,68.25,67.71,55.11,,39.79,,,,60.82,60.82,,60.82,60.82,60.82,60.82,60.82,90.05,90.05,,,,,43.04,31.94,31.94,31.94,31.94,31.94,72.28,40.0,55.2,48.04,31.94,31.94,31.94,71.98,67.71,50.37,,,,,,
2019-06-07 08:00:00+02:00,,66.98,,43.65,67.92,45.61,,49.01,,66.98,66.98,66.98,149.99,43.76,149.99,43.55,49.58,,65.39,73.94,63.87,,52.01,,,,73.94,73.94,,73.94,73.94,73.94,77.78,73.94,149.99,149.99,,,,,51.17,33.04,33.04,33.04,33.04,33.04,75.79,43.76,63.98,49.97,33.04,33.04,33.04,65.38,73.94,49.01,,,,,,
2019-06-07 09:00:00+02:00,,45.93,,43.49,59.15,42.14,,42.75,,45.93,45.93,45.93,120.99,43.48,120.99,41.99,52.37,,65.39,59.82,55.08,,83.0,,,,59.82,59.82,,59.82,59.82,59.82,59.82,59.82,120.99,120.99,,,,,45.82,33.02,33.02,33.02,33.02,33.02,105.67,43.52,55.17,48.0,33.02,33.02,33.02,44.83,59.82,42.75,,,,,,
2019-06-07 10:00:00+02:00,,37.21,,37.21,55.1,34.76,,37.45,,37.21,37.21,37.21,149.95,42.29,149.95,37.21,51.74,,69.25,52.3,49.08,,90.24,,,,52.3,52.3,,52.3,52.3,52.3,52.3,52.3,149.95,149.95,,,,,37.21,32.63,32.63,32.63,32.63,32.63,75.83,47.46,49.16,45.44,32.63,32.63,32.63,37.21,52.3,37.45,,,,,,
2019-06-07 11:00:00+02:00,,33.39,,33.39,40.12,32.0,,34.91,,33.39,33.39,33.39,99.49,42.48,99.49,33.39,50.61,,68.35,50.34,47.06,,84.0,,,,50.34,50.34,,50.34,50.34,50.34,50.34,50.34,99.49,99.49,,,,,33.39,32.12,32.12,32.12,32.12,32.12,92.7,42.48,47.14,46.87,32.12,32.12,32.12,32.59,50.34,34.91,,,,,,
2019-06-07 12:00:00+02:00,,30.09,,30.09,49.03,28.18,,32.1,,30.09,30.09,30.09,149.99,43.75,149.99,30.09,49.0,,68.35,46.5,44.97,,88.0,,,,46.5,46.5,,46.5,46.5,46.5,46.5,46.5,149.99,149.99,,,,,30.09,30.09,30.09,30.09,30.09,30.09,92.72,43.75,45.05,44.51,30.09,30.09,30.09,30.09,46.5,32.1,,,,,,
2019-06-07 13:00:00+02:00,,27.7,,27.7,49.0,26.59,,31.69,,27.7,28.39,28.39,88.81,43.99,88.81,27.7,44.65,,65.39,46.5,44.39,,75.0,,,,46.5,46.5,,46.5,46.5,46.5,46.5,46.5,88.81,88.81,,,,,27.7,28.39,28.39,28.39,28.39,28.39,89.2,43.99,44.47,43.08,28.39,28.39,28.39,28.39,46.5,31.69,,,,,,
2019-06-07 14:00:00+02:00,,27.07,,27.07,50.16,25.92,,29.63,,27.07,27.73,27.73,75.27,43.6,75.27,27.07,42.39,,65.43,47.64,44.08,,44.54,,,,47.64,47.64,,47.64,47.64,47.64,47.64,47.64,75.27,75.27,,,,,27.07,27.73,27.73,27.73,27.73,27.73,75.6,43.6,44.16,43.21,27.73,27.73,27.73,27.73,47.64,29.63,,,,,,
2019-06-07 15:00:00+02:00,,27.21,,27.21,50.21,26.53,,31.59,,27.21,27.45,27.45,73.81,43.51,44.19,27.21,38.54,,72.28,48.07,44.24,,40.49,,,,48.07,48.07,,48.07,48.07,48.07,48.07,48.07,73.81,73.81,,,,,27.21,27.45,27.45,27.45,27.45,27.45,74.13,43.51,44.31,42.09,27.45,27.45,27.45,27.45,48.07,31.59,,,,,,
2019-06-07 16:00:00+02:00,,28.66,,25.29,51.01,27.41,,30.1,,28.66,28.66,28.66,68.44,43.66,28.66,23.26,38.84,,72.21,50.61,46.98,,40.82,,,,50.61,50.61,,50.61,50.61,50.61,50.61,50.61,68.44,68.44,,,,,28.57,28.66,28.66,28.66,28.66,28.66,68.74,43.66,47.07,42.07,28.66,28.66,28.66,28.66,50.61,30.1,,,,,,
2019-06-07 17:00:00+02:00,,31.27,,31.27,41.03,31.78,,33.32,,31.27,31.27,31.27,69.66,43.8,50.28,31.27,39.41,,65.42,50.64,44.75,,41.32,,,,51.42,51.42,,50.64,51.42,51.42,51.42,51.42,69.66,69.66,,,,,31.27,30.54,30.54,30.54,30.54,30.54,69.97,43.8,44.83,42.04,30.54,30.54,30.54,30.54,50.64,33.32,,,,,,
2019-06-07 18:00:00+02:00,,39.92,,31.67,51.04,38.46,,38.3,,39.92,39.92,39.92,60.07,44.11,60.07,27.54,42.54,,71.68,49.9,50.05,,43.64,,,,57.77,57.77,,50.0,57.77,57.77,57.77,57.77,60.07,60.07,,,,,38.99,31.59,31.59,31.59,31.59,31.59,62.42,44.11,50.14,44.04,31.59,31.59,31.59,38.96,49.9,38.3,,,,,,
2019-06-07 19:00:00+02:00,,42.04,,35.45,51.06,40.16,,40.31,,42.04,42.04,42.04,56.76,45.33,56.76,32.17,42.48,,71.68,48.31,51.98,,44.51,,,,72.82,72.82,,48.31,72.82,72.82,77.78,72.82,56.76,56.76,,,,,41.28,31.15,31.15,31.15,31.15,31.15,63.59,45.33,52.07,47.64,31.15,31.15,31.15,41.03,48.31,40.31,,,,,,
2019-06-07 20:00:00+02:00,,40.07,,28.94,57.89,39.02,,39.33,,40.07,40.07,40.07,45.67,52.07,28.81,22.63,46.42,,71.68,49.0,55.39,,44.52,,,,73.45,73.45,,49.0,73.45,73.45,116.66,73.45,45.67,45.67,,,,,40.07,30.91,30.91,28.81,28.81,30.91,63.59,52.07,55.49,50.8,28.81,28.81,28.81,39.11,49.0,39.33,,,,,,
2019-06-07 21:00:00+02:00,,33.0,,24.48,55.77,35.95,,35.63,,33.0,33.0,33.0,59.5,57.53,24.56,20.22,43.84,,68.86,47.7,51.72,,42.0,,,,72.82,72.82,,47.7,72.82,72.82,94.66,72.82,59.5,59.5,,,,,32.02,30.83,30.83,24.56,24.56,30.83,60.08,57.53,51.81,47.9,24.56,24.56,24.56,32.21,47.7,35.63,,,,,,
2019-06-07 22:00:00+02:00,,30.04,,30.04,40.92,30.81,,31.12,,30.04,30.04,30.04,45.65,56.73,19.12,30.04,41.33,,68.38,37.1,36.93,,39.48,,,,64.77,64.77,,42.63,64.77,64.77,77.78,64.77,45.65,45.65,,,,,30.04,29.08,29.08,19.12,19.12,29.08,64.63,56.73,37.0,35.92,19.12,19.12,19.12,29.32,37.1,31.12,,,,,,
2019-06-07 23:00:00+02:00,,26.41,,26.41,24.54,27.04,,26.82,,26.25,26.25,26.25,26.85,52.36,17.35,26.25,36.91,,68.35,36.2,30.22,,36.13,,,,48.06,48.06,,36.99,48.06,48.06,77.78,48.06,26.85,26.85,,,,,28.8,27.88,27.88,17.35,17.35,27.88,61.04,52.36,30.27,34.09,17.35,17.35,17.35,25.62,36.2,26.82,,,,,,
2019-06-08 00:00:00+02:00,,29.02,,-200.0,24.51,20.55,,9.37,,-0.05,10.42,10.42,25.1,56.03,25.1,3.25,,,65.39,48.73,44.96,,0.0,,,,69.82,69.82,,48.73,69.82,69.82,77.71,69.82,25.1,25.1,,,,,42.6,27.11,27.11,10.42,10.42,27.11,41.65,56.03,44.93,25.93,10.42,10.42,10.42,10.42,48.73,9.37,,,,,,
2019-06-08 01:00:00+02:00,,28.76,,-200.0,24.53,14.44,,6.0,,-19.95,12.68,12.68,20.1,50.36,17.01,0.9,,,65.39,42.74,36.03,,0.0,,,,70.77,70.77,,42.74,70.77,70.77,70.77,70.77,20.1,20.1,,,,,35.0,16.45,16.45,12.68,12.68,16.45,41.3,50.36,36.01,18.07,12.68,12.68,12.68,12.68,42.74,6.0,,,,,,
2019-06-08 02:00:00+02:00,,29.29,,-500.0,24.52,8.8,,0.3,,-39.96,11.74,11.74,20.04,45.3,11.74,2.71,,,68.14,40.23,20.56,,0.0,,,,60.77,60.77,,40.23,60.77,60.77,60.77,60.77,20.04,20.04,,,,,27.1,11.77,11.77,11.74,11.74,11.77,42.15,45.3,20.55,12.06,11.74,11.74,11.74,11.74,40.23,0.3,,,,,,
2019-06-08 03:00:00+02:00,,30.01,,-200.0,24.52,8.83,,-1.0,,-40.0,5.99,5.99,5.99,43.75,5.99,-17.67,,,68.14,36.1,11.06,,0.0,,,,57.42,57.42,,36.1,57.42,57.42,57.42,57.42,5.99,5.99,,,,,28.1,12.15,12.15,5.99,5.99,12.15,46.98,43.75,11.05,12.1,5.99,5.99,5.99,5.99,36.1,-1.0,,,,,,
2019-06-08 04:00:00+02:00,,29.07,,-200.0,24.46,8.85,,-2.28,,-44.93,3.85,3.85,3.85,43.58,3.85,-24.92,,,65.39,35.23,10.17,,0.0,,,,57.0,57.25,,35.23,57.25,57.25,57.25,57.25,3.85,3.85,,,,,27.1,7.48,7.48,3.85,3.85,7.48,45.73,43.58,10.17,12.08,3.85,3.85,3.85,3.85,35.23,-2.28,,,,,,
2019-06-08 05:00:00+02:00,,29.01,,-500.0,24.45,7.75,,-6.57,,-54.78,3.66,3.66,15.74,43.53,15.74,-20.54,,,71.3,30.0,10.6,,0.0,,,,55.88,56.25,,30.0,56.25,56.25,56.25,56.25,15.74,15.74,,,,,25.5,7.89,7.89,3.66,3.66,7.89,43.8,43.53,10.59,12.04,3.66,3.66,3.66,3.66,30.0,-6.57,,,,,,
2019-06-08 06:00:00+02:00,,29.02,,-350.0,24.42,7.93,,-10.0,,-59.95,3.99,3.99,28.03,43.57,28.03,-6.65,,,76.92,35.22,19.88,,0.0,,,,49.19,49.19,,35.22,49.19,49.19,49.19,49.19,28.03,28.03,,,,,23.5,5.86,5.86,3.99,3.99,5.86,42.65,43.57,19.87,20.08,3.99,3.99,3.99,3.99,35.22,-10.0,,,,,,
2019-06-08 07:00:00+02:00,,27.06,,-200.0,32.47,8.82,,-7.56,,-60.0,10.4,10.4,43.68,43.99,40.37,2.64,,,72.27,38.08,29.46,,0.0,,,,57.42,57.42,,38.08,57.42,57.42,57.42,57.42,51.68,51.68,,,,,27.1,10.92,10.92,10.4,10.4,10.92,51.91,43.99,29.44,34.3,10.4,10.4,10.4,10.4,38.08,-7.56,,,,,,
2019-06-08 08:00:00+02:00,,26.09,,-70.0,32.49,8.86,,-10.0,,-60.07,11.85,11.85,57.28,48.92,37.28,5.3,,,72.28,44.15,36.84,,0.0,,,,56.25,56.25,,44.15,56.25,56.25,110.71,56.25,57.28,57.28,,,,,28.1,22.17,22.17,11.85,11.85,22.17,57.53,48.92,36.82,38.44,11.85,11.85,11.85,11.85,44.15,-10.0,,,,,,
2019-06-08 09:00:00+02:00,,27.1,,-20.5,32.48,15.42,,-10.0,,-65.06,16.62,16.62,58.36,47.49,39.33,5.27,,,72.31,46.0,36.73,,0.0,,,,49.3,49.3,,46.0,49.3,49.3,110.71,49.3,58.36,58.36,,,,,29.9,24.95,24.95,16.62,16.62,24.95,58.62,47.49,36.72,38.26,16.62,16.62,16.62,16.62,46.0,-10.0,,,,,,
2019-06-08 10:00:00+02:00,,27.04,,-45.16,32.55,21.99,,-15.09,,-68.26,13.76,13.76,60.04,49.01,39.49,5.34,,,65.4,43.42,35.4,,0.0,,,,44.88,44.88,,43.42,44.88,44.88,110.71,44.88,60.04,60.04,,,,,27.4,26.19,26.19,13.76,13.76,26.19,60.3,49.01,35.38,37.66,13.76,13.76,13.76,13.76,43.42,-15.09,,,,,,
2019-06-08 11:00:00+02:00,,28.04,,-20.1,32.47,20.91,,-23.74,,-73.04,15.85,15.85,57.75,49.01,15.85,6.62,,,69.3,40.23,31.16,,0.0,,,,41.0,41.0,,40.23,41.0,41.0,105.0,41.0,57.75,57.75,,,,,26.2,22.13,22.13,15.85,15.85,22.13,58.0,49.01,31.14,37.8,15.85,15.85,15.85,15.85,40.23,0.0,,,,,,
2019-06-08 12:00:00+02:00,,28.08,,-49.9,32.48,22.59,,-31.31,,-75.9,13.98,13.98,56.26,49.01,13.98,11.34,,,68.39,38.14,31.16,,0.0,,,,38.16,38.16,,38.14,38.16,38.16,105.0,38.16,56.26,56.26,,,,,22.6,20.34,20.34,13.98,13.98,20.34,56.51,49.01,31.14,35.48,13.98,13.98,13.98,13.98,38.14,16.12,,,,,,
2019-06-08 13:00:00+02:00,,28.77,,-70.0,32.56,21.87,,-37.93,,-85.03,1.31,11.54,56.16,49.01,11.54,6.08,,,65.39,32.52,27.69,,0.0,,,,32.52,32.52,,32.52,32.52,32.52,78.71,32.52,56.16,56.16,,,,,23.2,17.19,17.19,11.54,11.54,17.19,56.41,49.01,27.33,34.55,11.54,11.54,11.54,11.54,32.52,16.12,,,,,,
2019-06-08 14:00:00+02:00,,29.01,,-101.1,32.73,21.92,,-48.14,,-90.01,0.09,6.55,51.42,47.49,10.5,0.03,,,64.32,30.0,20.56,,0.0,,,,30.0,30.0,,30.0,30.0,30.0,87.71,30.0,51.42,51.42,,,,,20.1,17.08,17.08,10.5,10.5,17.08,51.65,47.49,20.55,32.39,10.5,10.5,10.5,10.5,30.0,10.7,,,,,,
2019-06-08 15:00:00+02:00,,29.22,,-70.0,32.73,21.24,,-45.3,,-85.04,0.09,9.57,51.72,43.44,12.95,0.0,,,64.32,35.22,27.57,,0.0,,,,35.22,35.22,,35.22,35.22,35.22,87.71,35.22,51.72,51.72,,,,,16.5,14.41,14.41,9.57,9.57,14.41,51.95,43.44,27.33,33.97,9.57,9.57,9.57,9.57,35.22,3.0,,,,,,
2019-06-08 16:00:00+02:00,,30.01,,-70.0,32.75,21.8,,-30.0,,-74.44,0.09,9.65,42.84,42.41,14.43,3.43,,,63.43,36.1,29.02,,0.0,,,,41.0,41.0,,36.1,41.0,41.0,110.71,41.0,51.36,51.36,,,,,16.0,14.78,14.78,9.65,9.65,14.78,51.59,42.41,29.01,35.71,9.65,9.65,9.65,9.65,36.1,0.0,,,,,,
2019-06-08 17:00:00+02:00,,30.04,,-181.1,41.02,12.79,,-11.08,,-65.04,10.71,10.71,49.63,42.29,22.9,6.86,,,65.4,40.23,31.16,,0.0,,,,44.88,44.88,,40.23,44.88,44.88,80.71,44.88,49.63,49.63,,,,,26.3,15.25,15.25,10.71,10.71,15.25,49.86,42.29,31.14,38.09,10.71,10.71,10.71,10.71,40.23,0.0,,,,,,
2019-06-08 18:00:00+02:00,,30.01,,-181.1,53.6,17.57,,5.64,,-59.94,10.45,10.45,50.73,42.41,22.97,10.57,,,68.43,43.68,35.44,,0.0,,,,56.42,56.42,,43.68,56.42,56.42,70.24,56.42,50.73,50.73,,,,,26.7,15.21,15.21,10.45,10.45,15.21,50.96,42.41,35.42,37.99,10.45,10.45,10.45,10.45,43.68,5.64,,,,,,
2019-06-08 19:00:00+02:00,,30.08,,-50.1,48.8,25.49,,22.0,,10.54,10.23,10.23,49.06,42.48,11.43,12.92,,,69.06,43.69,40.27,,0.0,,,,73.45,73.45,,43.69,73.45,73.45,110.71,73.45,49.06,49.06,,,,,25.8,10.23,10.23,10.23,10.23,10.23,49.29,42.48,40.25,41.97,10.23,10.23,10.23,10.23,43.69,22.0,,,,,,
2019-06-08 20:00:00+02:00,,30.05,,-4.6,53.61,28.89,,31.38,,23.54,5.53,5.53,49.26,44.11,5.53,11.8,,,75.56,48.73,51.91,,0.0,,,,73.64,73.64,,48.73,73.64,73.64,111.43,73.64,49.26,49.26,,,,,34.9,7.75,7.75,5.53,5.53,7.75,49.49,44.11,51.89,45.03,5.53,5.53,5.53,5.53,48.73,31.38,,,,,,
2019-06-08 21:00:00+02:00,,30.04,,15.0,48.26,29.2,,31.81,,25.47,0.13,3.53,54.09,49.01,4.92,12.39,,,74.59,49.09,53.53,,0.0,,,,73.64,73.64,,49.09,73.64,73.64,110.71,73.64,54.09,54.09,,,,,39.0,8.1,8.1,3.53,3.53,8.1,54.35,49.01,53.51,44.07,3.53,3.53,3.53,3.53,49.09,31.81,,,,,,
2019-06-08 22:00:00+02:00,,28.09,,30.7,27.81,30.55,,32.63,,27.31,0.1,2.29,49.79,49.02,3.88,21.94,,,76.95,40.23,41.29,,0.0,,,,69.82,69.82,,40.23,69.82,69.82,77.71,69.82,49.79,49.79,,,,,48.0,11.68,11.68,2.29,2.29,11.68,50.02,49.02,31.14,37.93,2.29,2.29,2.29,2.29,40.23,32.63,,,,,,
2019-06-08 23:00:00+02:00,,26.95,,32.5,24.53,28.71,,29.83,,20.84,0.08,1.63,25.72,44.83,4.9,28.72,,,65.39,36.1,32.57,,0.0,,,,57.77,57.77,,36.1,57.77,57.77,70.24,57.77,25.72,25.72,,,,,41.0,10.08,10.08,1.81,1.81,10.08,41.65,44.83,18.43,34.94,1.63,1.63,1.63,1.63,36.1,29.83,,,,,,
2019-06-09 00:00:00+02:00,,25.62,,26.32,24.48,24.91,,23.51,,25.62,4.54,4.54,24.01,46.07,4.54,26.15,55.02,,65.39,25.62,23.51,,53.78,,,,57.82,57.82,,26.15,57.82,57.82,65.27,57.82,24.01,24.01,,,,,27.7,26.81,26.81,4.54,4.54,26.81,41.19,46.07,18.43,26.65,4.54,4.54,4.54,4.54,25.62,23.51,,,,,,
2019-06-09 01:00:00+02:00,,14.24,,20.5,24.45,22.08,,20.64,,14.24,2.42,2.42,2.42,43.0,2.42,18.7,47.16,,69.78,14.24,20.64,,46.09,,,,70.0,70.0,,18.7,70.0,70.0,70.0,70.0,2.42,2.42,,,,,33.24,26.88,26.88,2.42,2.42,26.88,37.81,43.0,14.41,23.19,2.42,2.42,2.42,2.42,14.24,20.64,,,,,,
2019-06-09 02:00:00+02:00,,12.45,,19.86,24.41,20.81,,18.0,,12.0,1.85,1.85,1.85,41.25,1.85,17.13,41.91,,71.89,12.45,18.0,,40.0,,,,57.77,57.77,,17.13,57.77,57.77,57.77,57.77,1.85,1.85,,,,,36.43,26.29,26.29,1.85,1.85,26.29,40.41,41.25,10.59,20.95,1.85,1.85,1.85,1.85,12.45,18.0,,,,,,
2019-06-09 03:00:00+02:00,,9.16,,18.0,24.05,15.08,,12.24,,9.16,0.83,0.83,0.83,42.4,0.83,15.11,39.22,,65.39,9.16,12.24,,38.34,,,,57.77,57.77,,15.11,57.77,57.77,57.77,57.77,0.83,0.83,,,,,38.09,26.22,26.22,1.77,1.77,26.22,41.12,42.4,10.17,12.58,0.83,0.83,0.83,0.83,9.16,12.24,,,,,,
2019-06-09 04:00:00+02:00,,11.12,,16.67,23.44,13.61,,11.01,,10.98,0.51,0.51,0.51,40.95,0.51,14.68,38.86,,65.39,11.12,11.01,,38.0,,,,56.42,56.42,,14.68,56.42,56.42,56.42,56.42,0.51,0.51,,,,,30.0,24.92,24.92,1.75,1.75,24.92,35.95,40.95,10.17,11.26,0.51,0.51,0.51,0.51,11.12,11.01,,,,,,
2019-06-09 05:00:00+02:00,,10.72,,15.57,23.43,13.97,,12.47,,10.72,0.86,0.86,0.86,40.23,0.86,13.87,36.99,,65.62,10.72,12.47,,36.18,,,,46.97,47.4,,13.87,47.4,47.4,47.4,47.4,0.86,0.86,,,,,27.7,24.79,24.79,1.74,1.74,24.79,30.64,40.23,10.17,14.03,0.86,0.86,0.86,0.86,10.72,12.47,,,,,,
2019-06-09 06:00:00+02:00,,15.14,,16.18,23.43,13.93,,13.9,,14.81,1.92,1.92,1.92,40.0,1.92,15.73,36.97,,65.11,15.14,13.9,,36.15,,,,46.97,46.97,,15.73,46.97,46.97,46.97,46.97,1.92,1.92,,,,,19.35,18.73,18.73,1.92,1.92,18.73,37.23,40.0,10.17,14.7,1.92,1.92,1.92,1.92,15.14,13.9,,,,,,
2019-06-09 07:00:00+02:00,,13.57,,17.3,29.18,18.95,,19.11,,13.38,2.9,2.9,2.9,40.0,2.9,15.93,38.93,,64.89,13.57,19.61,,35.72,,,,46.97,46.97,,15.93,46.97,46.97,46.97,46.97,2.9,2.9,,,,,25.0,24.2,24.2,2.9,2.9,24.2,42.36,40.0,13.35,21.74,2.9,2.9,2.9,2.9,13.57,19.11,,,,,,
2019-06-09 08:00:00+02:00,,15.8,,19.3,31.9,22.18,,21.41,,15.53,11.0,11.0,41.49,42.85,11.0,18.0,28.05,,64.89,15.8,23.84,,31.0,,,,47.95,47.95,,18.0,47.95,47.95,89.27,47.95,41.49,41.49,,,,,26.57,25.72,25.72,11.0,11.0,25.72,41.78,42.85,14.41,26.85,11.0,11.0,11.0,11.0,15.8,21.41,,,,,,
2019-06-09 09:00:00+02:00,,11.6,,17.14,32.43,14.69,,18.7,,10.47,10.47,10.47,44.72,44.55,24.96,14.88,38.15,,65.03,11.6,20.99,,37.31,,,,38.04,38.04,,30.0,38.04,38.04,89.27,38.04,44.72,44.72,,,,,30.29,27.21,27.21,10.47,10.47,27.21,45.04,44.55,11.65,24.03,10.47,10.47,10.47,10.47,11.6,18.7,,,,,,
2019-06-09 10:00:00+02:00,,7.25,,13.55,29.19,12.64,,17.25,,5.28,5.28,5.28,53.06,46.07,29.41,10.8,41.51,,64.89,7.25,20.42,,40.54,,,,34.99,34.99,,34.99,34.99,34.99,65.23,34.99,53.06,53.06,,,,,30.1,27.52,27.52,5.28,5.28,27.52,53.44,46.07,10.59,22.94,5.28,5.28,5.28,5.28,7.25,17.25,,,,,,
2019-06-09 11:00:00+02:00,,13.5,,17.44,30.26,11.5,,18.0,,12.26,12.26,12.26,51.03,48.5,24.24,15.73,49.36,,64.89,13.5,22.01,,48.14,,,,33.0,33.0,,33.0,33.0,33.0,65.01,33.0,51.03,51.03,,,,,27.66,26.77,26.77,12.26,12.26,26.77,51.4,48.5,10.59,25.25,12.26,12.26,12.26,12.26,13.5,18.0,,,,,,
2019-06-09 12:00:00+02:00,,16.16,,19.99,29.18,13.21,,15.34,,14.96,14.96,14.96,49.66,50.12,14.6,18.33,45.99,,65.11,16.16,19.72,,45.0,,,,31.65,31.65,,31.65,31.65,31.65,61.27,31.65,49.66,49.66,,,,,29.9,26.37,26.37,14.6,14.6,26.37,50.02,50.12,10.17,24.03,14.6,14.6,14.6,14.6,16.16,15.34,,,,,,
2019-06-09 13:00:00+02:00,,14.37,,16.9,29.18,10.17,,13.29,,13.58,13.58,13.58,47.63,50.48,13.26,15.81,49.35,,12.98,14.37,14.7,,48.29,,,,27.8,27.8,,27.8,27.8,27.8,27.8,27.8,47.63,47.63,,,,,23.4,22.65,22.65,13.26,13.26,22.65,47.97,50.48,10.17,21.37,13.26,13.26,13.26,13.26,14.37,13.29,,,,,,
2019-06-09 14:00:00+02:00,,15.22,,16.12,29.18,11.05,,12.5,,14.93,14.93,14.93,46.18,47.75,14.57,15.73,45.87,,11.19,15.22,13.94,,43.82,,,,28.27,28.27,,28.27,28.27,28.27,28.27,28.27,46.18,46.18,,,,,18.47,17.88,17.88,14.57,14.57,17.88,46.51,47.75,10.17,20.26,14.57,14.57,14.57,14.57,15.22,12.5,,,,,,
2019-06-09 15:00:00+02:00,,17.94,,17.94,32.43,15.12,,19.69,,17.94,17.94,17.94,53.06,42.42,12.5,17.94,42.05,,22.69,17.94,22.09,,40.42,,,,30.97,30.97,,30.97,30.97,30.97,30.97,30.97,53.06,53.06,,,,,17.94,18.54,18.54,12.5,12.5,18.54,53.45,42.42,10.17,26.05,12.5,12.5,12.5,12.5,17.94,19.69,,,,,,
2019-06-09 16:00:00+02:00,,24.68,,33.7,32.5,21.45,,24.0,,24.68,24.68,24.68,50.46,37.85,11.73,18.39,37.45,,72.25,24.68,26.05,,36.66,,,,34.97,34.97,,34.97,34.97,34.97,65.01,34.97,50.46,50.46,,,,,28.49,27.57,27.57,11.73,11.73,27.57,50.84,37.85,14.41,29.82,11.73,11.73,11.73,11.73,24.68,24.0,,,,,,
2019-06-09 17:00:00+02:00,,29.61,,45.67,32.53,29.12,,30.19,,31.9,31.9,31.9,47.99,37.0,13.34,20.68,46.78,,65.39,29.61,30.19,,44.7,,,,43.91,43.91,,32.07,43.91,43.91,70.27,43.91,47.99,47.99,,,,,38.14,29.98,32.17,13.34,13.34,29.98,48.34,37.0,18.43,32.48,13.34,13.34,13.34,13.34,29.61,30.19,,,,,,
2019-06-09 18:00:00+02:00,,41.99,,34.65,32.56,35.67,,37.99,,44.38,44.38,44.38,46.93,37.35,17.66,29.74,49.75,,63.29,41.99,37.99,,48.71,,,,52.74,52.74,,37.8,52.74,52.74,65.27,52.74,46.93,46.93,,,,,43.81,29.8,35.03,17.66,17.66,29.8,47.28,37.35,25.21,37.72,17.66,17.66,17.66,43.32,41.99,37.99,,,,,,
2019-06-09 19:00:00+02:00,,45.91,,37.94,36.88,39.93,,43.8,,48.77,48.77,48.77,50.98,37.0,20.37,32.12,55.98,,63.28,45.91,43.8,,54.81,,,,70.42,70.42,,44.12,70.42,70.42,97.71,70.42,50.98,50.98,,,,,48.77,30.07,35.08,20.37,20.37,30.07,51.36,37.0,31.15,41.04,20.37,20.37,20.37,47.6,45.91,43.8,,,,,,
2019-06-09 20:00:00+02:00,,45.82,,60.21,40.31,40.24,,45.06,,50.53,50.53,50.53,55.75,40.03,18.09,25.53,61.65,,63.33,45.82,45.06,,58.93,,,,71.82,71.82,,45.82,71.82,71.82,99.0,71.82,55.75,55.75,,,,,58.1,29.72,35.06,18.09,18.09,29.72,56.16,40.03,45.06,43.21,18.09,18.09,18.09,49.32,45.82,45.06,,,,,,
2019-06-09 21:00:00+02:00,,41.83,,60.21,36.09,39.12,,42.95,,47.15,47.15,47.15,46.02,48.91,19.53,19.86,61.64,,64.32,41.83,42.95,,58.92,,,,72.82,72.82,,46.0,72.82,72.82,99.0,72.82,46.02,46.02,,,,,57.11,29.82,35.05,19.53,19.53,29.82,53.67,48.91,41.74,42.91,19.53,19.53,19.53,46.02,41.83,42.95,,,,,,
2019-06-09 22:00:00+02:00,,39.96,,38.9,35.18,38.56,,41.58,,41.12,41.12,41.12,24.05,51.37,14.79,34.38,54.5,,65.45,39.96,41.58,,53.37,,,,73.45,73.45,,41.01,73.45,73.45,96.71,73.45,24.05,24.05,,,,,41.49,30.26,35.04,14.79,14.79,30.26,42.81,51.37,18.43,40.26,14.79,14.79,14.79,24.05,39.96,41.58,,,,,,
2019-06-09 23:00:00+02:00,,35.6,,35.6,29.2,32.11,,36.15,,35.6,35.6,35.6,10.04,43.01,9.53,35.6,45.61,,63.22,35.6,36.15,,44.67,,,,60.42,60.42,,35.6,60.42,60.42,77.71,60.42,10.04,10.04,,,,,35.6,29.82,34.46,9.53,9.53,29.82,31.78,43.01,10.17,34.94,9.53,9.53,9.53,10.04,35.6,36.15,,,,,,
2019-06-10 00:00:00+02:00,,33.32,,33.32,24.11,26.41,,26.59,,33.32,33.32,33.32,1.76,44.17,1.76,33.32,60.51,,65.4,33.32,26.59,,59.26,,,,52.27,52.27,,33.32,52.27,52.27,52.27,52.27,1.76,1.76,,,,,33.32,31.36,32.44,1.76,1.76,31.36,42.79,44.17,0.21,29.15,1.76,1.76,1.76,1.76,33.32,26.59,,,,,,
2019-06-10 01:00:00+02:00,,28.84,,28.84,24.09,25.42,,25.28,,28.84,28.84,28.84,1.16,39.51,1.16,28.84,47.06,,63.22,28.84,25.28,,48.35,,,,56.27,56.27,,28.84,56.27,56.27,56.27,56.27,1.16,1.16,,,,,28.84,29.72,29.72,1.38,1.38,29.72,38.85,39.51,0.06,27.69,1.16,1.16,1.16,1.16,28.84,25.28,,,,,,
2019-06-10 02:00:00+02:00,,27.78,,27.78,23.46,24.08,,23.3,,27.78,27.78,27.78,1.49,37.06,1.49,27.78,40.26,,62.78,27.78,23.3,,39.89,,,,54.94,54.94,,27.78,54.94,54.94,54.94,54.94,1.49,1.49,,,,,27.78,27.78,27.78,1.49,1.49,27.78,38.0,37.7,0.06,25.07,1.49,1.49,1.49,1.49,27.78,23.3,,,,,,
2019-06-10 03:00:00+02:00,,27.0,,27.0,23.44,22.73,,21.81,,27.0,27.0,27.0,1.65,37.0,1.65,27.0,38.09,,65.15,27.0,21.81,,38.55,,,,54.94,54.94,,27.0,54.94,54.94,54.94,54.94,1.65,1.65,,,,,27.0,27.0,27.0,1.65,1.65,27.0,37.94,37.0,0.02,23.1,1.65,1.65,1.65,1.65,27.0,21.81,,,,,,
2019-06-10 04:00:00+02:00,,27.01,,27.01,23.44,22.4,,21.0,,27.01,27.01,27.01,1.61,37.5,1.61,27.01,36.99,,62.78,27.01,21.0,,37.99,,,,54.94,54.94,,27.01,54.94,54.94,54.94,54.94,1.61,1.61,,,,,27.01,27.01,27.01,1.61,1.61,27.01,36.48,37.5,0.02,22.0,1.61,1.61,1.61,1.61,27.01,21.0,,,,,,
2019-06-10 05:00:00+02:00,,25.83,,25.83,23.45,22.61,,21.84,,25.83,25.83,25.83,3.08,39.51,3.08,25.83,36.52,,62.78,25.83,21.84,,37.51,,,,50.0,50.0,,25.83,50.0,50.0,50.0,50.0,3.08,3.08,,,,,25.83,25.83,25.83,3.08,3.08,25.83,41.91,39.51,10.59,23.19,3.08,3.08,3.08,3.08,25.83,21.84,,,,,,
2019-06-10 06:00:00+02:00,,26.84,,26.84,24.08,26.35,,25.55,,26.84,26.84,26.84,45.63,42.41,25.13,26.84,36.54,,65.4,26.84,25.55,,37.53,,,,50.3,50.3,,32.82,50.3,50.3,50.3,50.3,45.63,45.63,,,,,26.84,26.84,26.84,25.13,25.13,26.84,52.98,42.41,25.54,24.42,25.13,25.13,25.13,26.84,26.84,25.55,,,,,,
2019-06-10 07:00:00+02:00,,30.03,,30.03,32.5,28.74,,30.02,,30.03,30.03,30.03,49.86,45.61,32.53,30.03,47.2,,73.05,30.03,30.02,,40.28,,,,54.94,54.94,,45.86,54.94,54.94,54.94,54.94,49.86,49.86,,,,,30.03,30.03,30.03,29.45,29.45,30.03,50.22,45.61,30.0,27.02,30.03,30.03,30.03,30.03,30.03,30.02,,,,,,
2019-06-10 08:00:00+02:00,,33.54,,33.54,32.54,28.74,,30.7,,33.54,33.54,33.54,54.93,49.87,34.95,33.54,47.82,,72.15,36.1,30.7,,55.36,,,,68.94,68.94,,55.41,68.94,68.94,68.94,68.94,54.93,54.93,,,,,33.54,30.96,32.46,29.6,29.6,30.96,55.33,49.87,30.68,30.82,30.96,30.96,30.96,33.54,36.1,30.7,,,,,,
2019-06-10 09:00:00+02:00,,30.92,,30.92,32.5,27.8,,30.5,,30.92,30.92,30.92,57.48,48.15,34.07,30.92,60.55,,65.45,36.1,30.5,,63.68,,,,61.76,61.76,,61.76,61.76,61.76,61.76,61.76,57.48,57.48,,,,,30.92,30.92,30.92,30.15,30.15,30.92,57.89,48.15,30.48,31.19,30.92,30.92,30.92,30.92,36.1,30.5,,,,,,
2019-06-10 10:00:00+02:00,,30.06,,30.06,32.5,26.11,,27.72,,30.06,30.06,30.06,55.28,47.58,34.41,30.06,61.56,,72.74,36.1,28.24,,64.74,,,,51.94,51.94,,51.94,51.94,51.94,51.94,51.94,55.28,55.28,,,,,30.06,30.06,30.06,30.06,30.06,30.06,55.67,47.58,28.22,29.97,30.06,30.06,30.06,30.06,36.1,27.72,,,,,,
2019-06-10 11:00:00+02:00,,29.55,,29.55,32.47,26.94,,28.53,,29.55,29.55,29.55,56.44,48.13,34.26,29.55,56.06,,73.64,37.1,29.49,,58.94,,,,50.09,50.09,,50.09,50.09,50.09,50.09,50.09,56.44,56.44,,,,,29.55,29.55,29.55,29.55,29.55,29.55,56.84,48.13,29.47,30.94,29.55,29.55,29.55,29.55,37.1,28.53,,,,,,
2019-06-10 12:00:00+02:00,,28.69,,28.69,32.5,27.06,,28.65,,28.69,28.69,28.69,60.97,50.0,33.12,28.69,52.78,,72.96,40.2,30.19,,55.49,,,,47.98,47.98,,47.98,47.98,47.98,47.98,47.98,60.97,60.97,,,,,28.69,28.69,28.69,28.69,28.69,28.69,61.4,50.0,30.17,31.95,28.69,28.69,28.69,28.69,40.2,28.65,,,,,,
2019-06-10 13:00:00+02:00,,27.16,,27.43,32.51,25.03,,24.87,,27.13,27.13,27.13,59.61,50.64,30.9,27.32,51.26,,70.55,40.2,28.64,,53.89,,,,47.98,47.98,,47.98,47.98,47.98,47.98,47.98,59.61,59.61,,,,,28.03,27.13,27.13,27.13,27.13,27.13,60.03,50.64,28.61,32.35,27.13,27.13,27.13,27.13,40.2,24.87,,,,,,
2019-06-10 14:00:00+02:00,,27.3,,27.3,32.48,22.55,,23.55,,27.3,27.3,27.3,55.57,46.89,27.3,27.3,42.62,,65.42,37.1,26.13,,44.81,,,,51.94,51.94,,51.94,51.94,51.94,51.94,51.94,55.57,55.57,,,,,27.3,27.3,27.3,27.3,27.3,27.3,55.96,46.89,26.1,31.07,27.3,27.3,27.3,27.3,37.1,23.55,,,,,,
2019-06-10 15:00:00+02:00,,27.45,,27.45,32.47,23.05,,24.18,,27.45,27.45,27.45,56.11,45.0,27.45,27.45,37.48,,65.18,37.1,27.0,,39.4,,,,52.67,52.67,,52.67,52.67,52.67,52.67,52.67,56.11,56.11,,,,,27.45,27.45,27.45,27.45,27.45,27.45,56.5,45.0,26.98,32.0,27.45,27.45,27.45,27.45,37.1,24.18,,,,,,
2019-06-10 16:00:00+02:00,,28.08,,28.08,32.49,26.04,,25.5,,28.08,28.08,28.08,54.37,44.72,28.08,28.08,37.02,,65.45,36.1,27.65,,38.91,,,,59.5,59.5,,59.5,59.5,59.5,59.5,59.5,54.37,54.37,,,,,28.08,28.24,28.24,28.08,28.08,28.24,54.74,44.72,27.62,32.09,28.08,28.08,28.08,28.08,36.1,25.5,,,,,,
2019-06-10 17:00:00+02:00,,31.19,,31.19,32.53,29.86,,31.41,,31.19,30.92,30.92,55.77,44.16,30.76,31.19,47.12,,65.45,37.1,31.41,,48.35,,,,56.27,56.27,,54.32,56.27,56.27,64.3,56.27,55.77,55.77,,,,,31.19,30.76,30.76,30.76,30.76,30.76,56.16,44.16,31.38,32.85,30.76,30.76,30.76,30.92,37.1,31.41,,,,,,
2019-06-10 18:00:00+02:00,,36.24,,35.63,32.55,32.13,,34.92,,36.48,36.48,36.48,55.71,43.0,32.11,34.98,50.49,,68.48,36.24,34.92,,51.8,,,,70.0,70.0,,52.51,70.0,70.0,76.49,70.0,55.71,55.71,,,,,36.52,32.11,34.78,32.11,32.11,32.11,56.09,43.0,34.89,34.89,32.11,32.11,32.11,36.48,36.24,34.92,,,,,,
2019-06-10 19:00:00+02:00,,40.0,,40.0,35.31,36.41,,38.13,,40.0,39.04,39.04,55.52,43.44,32.1,40.0,47.02,,72.94,40.0,38.13,,48.23,,,,72.01,72.01,,49.82,72.01,72.01,111.5,72.01,55.52,55.52,,,,,40.0,32.15,34.9,32.1,32.1,32.15,55.89,43.44,38.09,36.19,32.1,32.1,32.1,39.04,40.0,38.13,,,,,,
2019-06-10 20:00:00+02:00,,40.68,,40.29,33.41,37.26,,39.94,,40.83,39.85,39.85,45.63,45.61,29.03,39.74,43.73,,72.94,40.68,40.31,,42.77,,,,72.19,72.19,,48.42,72.19,72.19,117.84,72.19,45.63,45.63,,,,,41.04,33.51,34.86,29.03,29.03,33.51,52.53,45.61,40.26,41.36,29.03,29.03,29.03,39.85,40.68,39.94,,,,,,
2019-06-10 21:00:00+02:00,,39.87,,39.79,29.1,37.0,,38.57,,39.9,34.5,34.5,49.7,50.0,24.29,39.7,41.07,,68.51,40.2,38.93,,39.21,,,,72.01,72.01,,48.14,72.01,72.01,110.84,72.01,49.7,49.7,,,,,39.9,34.04,34.5,24.29,24.29,34.04,50.04,50.0,38.89,39.96,24.29,24.29,24.29,34.5,40.2,38.57,,,,,,
2019-06-10 22:00:00+02:00,,40.0,,40.0,24.91,34.6,,36.89,,40.0,33.57,33.57,33.57,49.01,18.94,40.0,41.01,,73.16,40.0,36.89,,39.15,,,,69.27,69.27,,45.3,69.27,69.27,78.49,69.27,33.57,33.57,,,,,40.0,33.57,33.57,18.94,18.94,33.57,50.62,49.01,35.98,37.78,18.94,18.94,18.94,33.57,40.0,36.89,,,,,,
2019-06-10 23:00:00+02:00,,35.06,,35.06,24.1,30.98,,32.31,,35.06,31.68,31.68,23.03,44.72,13.2,35.06,35.94,,81.31,35.06,32.31,,35.15,,,,49.77,49.77,,39.35,49.77,49.77,76.49,49.77,23.03,23.03,,,,,35.06,31.68,31.68,13.2,13.2,31.68,42.73,44.72,14.39,34.22,13.2,13.2,13.2,23.03,35.06,32.31,,,,,,
2019-06-11 00:00:00+02:00,,30.09,,34.48,24.46,30.72,,33.51,,30.09,28.73,28.73,14.86,44.04,14.86,33.0,52.01,,81.22,30.09,33.51,,41.0,,,,57.12,57.12,,33.0,57.12,57.12,65.23,57.12,14.86,14.86,,,,,43.65,30.37,30.37,14.86,14.86,30.37,49.41,44.04,0.19,35.24,14.86,14.86,14.86,14.86,30.09,33.51,,,,,,
2019-06-11 01:00:00+02:00,,29.21,,29.21,24.43,29.45,,32.05,,29.21,28.27,28.27,9.69,43.36,9.69,29.21,38.19,,86.88,29.21,32.05,,36.44,,,,56.27,56.27,,30.4,56.27,56.27,56.27,56.27,9.69,9.69,,,,,29.21,28.27,28.27,9.69,9.69,28.27,48.26,43.36,0.06,29.72,9.69,9.69,9.69,9.69,29.21,32.05,,,,,,
2019-06-11 02:00:00+02:00,,28.28,,28.28,24.4,29.13,,29.23,,28.28,27.37,27.37,10.04,42.29,10.04,28.28,34.77,,86.75,28.28,29.23,,31.3,,,,54.94,54.94,,30.01,54.94,54.94,54.94,54.94,10.04,10.04,,,,,28.28,27.37,27.37,10.04,10.04,27.37,46.97,42.29,0.02,28.81,10.04,10.04,10.04,10.04,28.28,29.23,,,,,,
2019-06-11 03:00:00+02:00,,27.01,,27.3,23.42,28.33,,28.79,,27.05,26.27,26.27,4.4,41.5,4.4,26.87,31.67,,76.92,27.01,28.79,,30.2,,,,50.33,50.33,,30.13,50.33,50.33,50.33,50.33,4.4,4.4,,,,,27.14,26.27,26.27,4.4,4.4,26.27,46.76,41.5,0.02,27.29,4.4,4.4,4.4,4.4,27.01,28.79,,,,,,
2019-06-11 04:00:00+02:00,,25.62,,27.7,22.53,29.04,,29.07,,25.92,25.68,25.68,3.21,42.0,3.21,24.6,28.43,,76.92,25.62,29.07,,27.11,,,,50.15,50.15,,30.14,50.15,50.15,50.15,50.15,3.21,3.21,,,,,26.53,25.68,25.68,3.21,3.21,25.68,44.63,42.0,0.02,28.7,3.21,3.21,3.21,3.21,25.62,29.07,,,,,,
2019-06-11 05:00:00+02:00,,29.13,,29.13,23.44,30.47,,31.81,,29.13,11.61,11.61,11.61,41.1,11.61,29.13,30.01,,76.92,29.13,31.81,,29.0,,,,47.01,47.01,,30.5,47.01,47.01,47.01,47.01,11.61,11.61,,,,,29.13,29.63,29.63,11.61,11.61,29.63,49.09,41.1,10.16,31.84,11.61,11.61,11.61,11.61,29.13,31.81,,,,,,
2019-06-11 06:00:00+02:00,,41.24,,34.52,29.86,39.24,,41.6,,43.29,42.06,42.06,45.56,44.07,36.09,30.07,36.99,,73.0,41.24,41.6,,31.25,,,,47.04,47.04,,45.77,47.04,47.04,47.04,47.04,45.56,45.56,,,,,42.32,31.84,31.84,31.84,31.84,31.84,56.19,44.07,37.67,39.04,31.84,31.84,31.84,42.06,41.24,41.6,,,,,,
2019-06-11 07:00:00+02:00,,47.0,,45.21,45.92,42.6,,51.34,,47.38,46.25,46.25,59.94,46.09,59.94,44.0,45.04,,72.33,47.0,51.34,,37.7,,,,50.7,50.7,,48.01,50.7,50.7,55.0,50.7,59.94,59.94,,,,,47.07,34.03,34.03,32.99,32.99,34.03,60.02,46.09,48.71,45.02,34.03,34.03,34.03,46.25,47.0,51.34,,,,,,
2019-06-11 08:00:00+02:00,,52.33,,50.0,52.02,45.06,,55.27,,52.85,51.58,51.58,67.05,48.41,67.05,48.41,49.56,,76.99,52.33,55.27,,44.49,,,,58.79,58.79,,58.79,58.79,58.79,58.79,58.79,67.05,67.05,,,,,52.41,35.16,35.16,33.5,33.5,35.16,67.15,48.41,52.7,52.44,35.16,35.16,35.16,51.58,52.33,55.27,,,,,,
2019-06-11 09:00:00+02:00,,49.85,,49.4,38.69,45.17,,53.32,,50.03,48.83,48.83,73.2,48.99,66.23,48.99,50.34,,73.63,49.85,53.32,,49.13,,,,55.94,55.94,,55.94,55.94,55.94,58.0,55.94,73.2,73.2,,,,,50.03,34.64,34.64,33.89,33.89,34.64,73.31,48.99,53.25,52.51,34.64,34.64,34.64,48.83,49.85,53.32,,,,,,
2019-06-11 10:00:00+02:00,,51.96,,49.34,40.69,45.28,,49.0,,52.73,34.33,51.46,67.69,47.42,65.85,47.42,50.67,,73.54,51.96,49.0,,48.29,,,,51.96,51.96,,51.96,51.96,51.96,51.96,51.96,67.69,67.69,,,,,52.22,34.33,34.33,33.48,33.48,34.33,67.8,47.42,48.94,49.06,34.33,34.33,34.33,51.46,51.96,49.0,,,,,,
2019-06-11 11:00:00+02:00,,53.02,,49.54,42.01,45.08,,49.0,,54.02,33.78,52.73,69.23,46.99,69.23,46.99,50.89,,77.48,53.02,49.96,,48.49,,,,53.02,53.02,,53.02,53.02,53.02,53.02,53.02,69.23,69.23,,,,,53.37,33.78,33.78,33.0,33.0,33.78,69.34,46.99,49.9,49.08,33.78,33.78,33.78,52.73,53.02,49.0,,,,,,
2019-06-11 12:00:00+02:00,,47.38,,47.38,51.51,43.08,,47.51,,47.38,33.5,46.24,73.21,47.38,66.82,47.38,48.68,,76.99,47.38,47.51,,46.37,,,,47.38,47.38,,47.38,47.38,47.38,47.38,47.38,73.21,73.21,,,,,47.38,33.5,33.5,32.97,32.97,33.5,73.33,47.38,47.45,47.11,33.5,33.5,33.5,46.24,47.38,47.51,,,,,,
2019-06-11 13:00:00+02:00,,45.72,,45.72,49.97,42.99,,46.82,,45.72,33.33,44.62,70.39,45.72,61.16,45.72,46.83,,76.99,45.72,47.64,,44.61,,,,45.72,45.72,,45.72,45.72,45.72,45.72,45.72,70.39,70.39,,,,,45.72,33.33,33.33,32.68,32.68,33.33,70.51,45.72,42.75,46.4,33.33,33.33,33.33,44.62,45.72,46.82,,,,,,
2019-06-11 14:00:00+02:00,,44.9,,44.45,47.97,42.52,,45.65,,45.09,33.37,44.0,67.07,44.09,52.89,44.09,45.17,,72.06,44.9,49.7,,43.03,,,,46.36,46.36,,46.36,46.36,46.36,46.36,46.36,67.07,67.07,,,,,45.0,33.37,33.37,32.37,32.37,33.37,67.19,44.09,40.21,48.62,33.37,33.37,33.37,44.0,44.9,45.65,,,,,,
2019-06-11 15:00:00+02:00,,45.86,,44.37,45.93,41.73,,45.74,,46.48,32.76,45.36,66.98,43.19,31.62,43.19,44.26,,73.05,45.86,51.94,,42.14,,,,51.81,51.81,,51.81,45.0,51.81,45.0,45.0,66.98,66.98,,,,,46.19,32.76,32.76,31.62,31.62,32.76,67.11,43.19,40.21,50.01,31.62,31.62,31.62,45.36,45.86,45.74,,,,,,
2019-06-11 16:00:00+02:00,,48.38,,45.0,41.35,41.49,,46.34,,49.8,32.77,48.6,65.86,42.29,30.48,42.29,45.05,,76.99,48.38,52.5,,42.9,,,,51.1,51.1,,51.1,51.1,51.1,51.1,51.1,65.86,65.86,,,,,49.12,32.77,32.77,30.48,30.48,32.77,65.99,42.29,40.21,50.57,30.48,30.48,30.48,48.6,48.38,46.34,,,,,,
2019-06-11 17:00:00+02:00,,53.78,,47.83,40.67,42.16,,50.55,,55.99,33.06,54.64,65.7,42.81,35.86,42.81,49.16,,77.01,53.78,50.55,,46.81,,,,53.78,53.78,,53.78,53.78,53.78,58.0,53.78,65.7,65.7,,,,,55.71,33.06,33.06,31.76,31.76,33.06,65.83,42.81,40.21,50.15,31.76,31.76,31.76,54.64,53.78,50.55,,,,,,
2019-06-11 18:00:00+02:00,,57.3,,50.39,45.02,43.87,,53.02,,59.38,59.38,59.38,58.66,44.5,58.66,44.5,53.99,,77.09,57.3,53.02,,51.39,,,,57.3,57.3,,57.3,57.3,57.3,69.49,57.3,58.66,58.66,,,,,59.38,33.15,33.15,32.09,32.09,33.15,58.79,44.5,52.42,49.2,32.09,32.09,32.09,57.95,57.3,53.02,,,,,,
2019-06-11 19:00:00+02:00,,57.59,,51.54,47.51,43.91,,56.79,,59.93,56.1,56.1,55.66,44.98,45.07,44.98,55.14,,80.15,57.59,56.79,,52.48,,,,56.27,56.27,,54.4,56.27,56.27,98.49,56.27,55.66,55.66,,,,,59.93,32.81,32.81,31.81,31.81,32.81,60.73,44.98,56.72,50.6,31.81,31.81,31.81,31.81,57.59,56.79,,,,,,
2019-06-11 20:00:00+02:00,,52.94,,48.92,45.92,42.64,,55.6,,54.0,50.08,50.08,50.0,45.72,28.11,45.72,50.31,,80.17,52.94,55.6,,47.87,,,,61.62,61.62,,50.21,61.62,61.62,111.5,61.62,50.0,50.0,,,,,54.0,33.03,33.03,28.11,28.11,33.03,57.61,45.72,55.53,52.08,28.11,28.11,28.11,28.11,52.94,55.6,,,,,,
2019-06-11 21:00:00+02:00,,50.1,,46.43,43.02,42.22,,51.91,,51.25,46.16,46.16,52.8,52.98,20.73,43.32,47.76,,80.16,50.1,51.91,,43.0,,,,60.0,60.0,,48.17,60.0,60.0,98.49,60.0,52.8,52.8,,,,,51.25,32.87,32.87,20.73,20.73,32.87,52.93,52.98,51.85,51.17,20.73,20.73,20.73,20.73,50.1,51.91,,,,,,
2019-06-11 22:00:00+02:00,,46.1,,46.1,36.9,42.05,,47.54,,46.1,33.19,33.19,7.77,53.07,7.77,46.1,47.28,,80.15,46.1,47.54,,41.19,,,,54.94,54.94,,46.1,54.94,54.94,78.49,54.94,7.77,7.77,,,,,46.1,33.19,33.19,7.77,7.77,33.19,59.98,53.07,46.03,47.17,7.77,7.77,7.77,7.77,46.1,47.54,,,,,,
2019-06-11 23:00:00+02:00,,40.93,,40.93,31.1,39.74,,41.9,,40.93,32.09,32.09,23.45,45.72,3.36,40.93,41.99,,76.65,40.93,41.9,,39.94,,,,47.07,47.07,,40.93,47.07,47.07,50.33,47.07,23.45,23.45,,,,,40.93,32.09,32.09,3.36,3.36,32.09,55.29,45.72,35.56,43.05,3.36,3.36,3.36,3.36,40.93,41.9,,,,,,
2019-06-12 00:00:00+02:00,,37.69,,37.69,39.43,38.34,,38.93,,37.69,32.91,32.91,2.05,49.89,2.05,37.69,47.32,,72.2,37.69,38.93,,42.88,,,,70.27,70.27,,37.9,70.27,70.27,70.27,70.27,2.05,2.05,,,,,37.69,32.91,32.91,11.38,11.38,32.91,56.95,49.89,31.11,39.66,2.05,2.05,2.05,2.05,37.69,38.93,,,,,,
2019-06-12 01:00:00+02:00,,35.65,,35.65,34.56,35.0,,35.82,,35.65,31.93,31.93,2.46,47.46,2.46,35.65,37.68,,76.92,35.65,35.82,,35.84,,,,53.27,53.27,,35.65,50.33,53.27,50.33,53.27,2.46,2.46,,,,,35.65,31.93,31.93,10.92,10.92,31.93,53.86,47.46,16.51,35.98,2.46,2.46,2.46,2.46,35.65,35.82,,,,,,
2019-06-12 02:00:00+02:00,,33.43,,33.43,33.1,33.52,,33.98,,33.43,31.31,31.31,2.23,46.73,2.23,33.43,34.53,,76.92,33.43,33.98,,32.03,,,,54.94,54.94,,33.43,46.0,54.94,46.0,54.94,2.23,2.23,,,,,33.43,31.31,31.31,10.7,10.7,31.31,51.73,46.73,10.58,34.55,2.23,2.23,2.23,2.23,33.43,33.98,,,,,,
2019-06-12 03:00:00+02:00,,32.33,,29.56,31.65,32.6,,32.57,,33.44,30.95,30.95,2.41,44.06,2.41,27.58,34.12,,76.92,32.33,32.57,,32.03,,,,51.36,51.36,,32.33,45.0,51.36,45.0,51.36,2.41,2.41,,,,,33.04,30.95,30.95,10.59,10.59,30.95,51.4,44.06,10.16,33.03,2.41,2.41,2.41,2.41,32.33,32.57,,,,,,
2019-06-12 04:00:00+02:00,,32.25,,30.69,27.06,32.4,,32.05,,32.87,30.28,30.28,2.08,44.0,2.08,29.58,33.72,,76.92,32.25,32.05,,32.03,,,,54.94,54.94,,32.25,45.0,54.94,45.0,54.94,2.08,2.08,,,,,32.64,30.28,30.28,10.67,10.67,30.28,50.65,44.0,10.16,32.56,2.08,2.08,2.08,2.08,32.25,32.05,,,,,,
2019-06-12 05:00:00+02:00,,34.21,,32.15,24.46,34.61,,34.96,,35.04,27.99,27.99,12.8,43.75,12.8,30.67,34.81,,76.92,34.21,34.96,,32.03,,,,48.08,48.08,,34.21,45.0,48.08,45.0,48.08,12.8,12.8,,,,,34.74,30.73,30.73,12.8,12.8,30.73,50.77,43.75,31.12,33.74,12.8,12.8,12.8,12.8,34.21,34.96,,,,,,
2019-06-12 06:00:00+02:00,,45.7,,37.85,39.01,43.42,,49.3,,47.82,47.82,47.82,28.7,44.81,28.7,32.83,39.4,,76.93,45.7,49.3,,32.0,,,,45.7,45.7,,45.7,45.7,45.7,45.7,45.7,28.7,28.7,,,,,46.66,31.92,31.92,28.7,28.7,31.92,61.17,44.81,41.7,46.71,28.7,28.7,28.7,28.7,45.7,49.3,,,,,,
2019-06-12 07:00:00+02:00,,54.94,,48.44,43.96,45.03,,58.94,,56.51,56.51,56.51,65.82,49.95,32.98,44.46,45.6,,76.99,54.94,58.94,,42.19,,,,54.94,54.94,,54.94,54.94,54.94,54.94,54.94,65.82,65.82,,,,,55.72,32.98,32.98,32.48,32.48,32.98,66.08,49.95,58.44,53.02,32.98,32.98,32.98,55.15,54.94,58.94,,,,,,
2019-06-12 08:00:00+02:00,,60.9,,55.24,50.6,48.0,,61.33,,62.61,62.61,62.61,74.17,51.22,33.94,51.22,53.9,,76.99,60.9,61.33,,46.49,,,,60.0,60.0,,60.0,60.0,60.0,60.0,60.0,74.17,74.17,,,,,62.61,33.94,33.94,32.98,32.98,33.94,74.46,51.22,61.25,55.96,33.94,33.94,33.94,61.11,60.9,61.33,,,,,,
2019-06-12 09:00:00+02:00,,56.44,,54.67,48.03,47.83,,56.39,,57.49,57.49,57.49,75.0,51.0,33.92,51.0,56.21,,76.99,56.44,56.39,,58.3,,,,57.92,57.92,,57.92,57.92,57.92,57.92,57.92,75.0,75.0,,,,,57.86,33.92,33.92,33.92,33.92,33.92,75.3,51.0,56.32,53.92,33.92,33.92,33.92,56.11,56.44,56.39,,,,,,
2019-06-12 10:00:00+02:00,,51.6,,52.53,51.04,47.26,,49.95,,51.91,51.91,51.91,73.67,50.54,34.14,50.54,54.01,,76.99,51.6,52.32,,51.41,,,,59.36,59.36,,59.36,50.33,59.36,50.33,52.96,73.67,73.67,,,,,52.31,34.14,34.14,34.14,34.14,34.14,73.97,50.54,52.26,52.27,34.14,34.14,34.14,50.66,51.6,49.95,,,,,,
2019-06-12 11:00:00+02:00,,50.54,,50.54,50.66,45.99,,47.24,,50.54,50.54,50.54,72.72,50.54,34.03,50.54,51.96,,76.99,55.04,52.08,,49.46,,,,55.04,55.04,,55.04,45.0,55.04,45.0,45.0,72.72,72.72,,,,,50.54,34.03,34.03,34.03,34.03,34.03,73.01,50.54,52.03,52.26,34.03,34.03,34.03,49.33,55.04,47.24,,,,,,
2019-06-12 12:00:00+02:00,,45.98,,45.98,51.06,43.77,,43.8,,45.98,45.98,45.98,74.99,51.2,33.86,45.98,47.47,,76.99,45.98,51.4,,45.18,,,,45.98,45.98,,45.98,45.0,45.98,45.0,45.0,74.99,74.99,,,,,45.98,33.86,33.86,33.86,33.86,33.86,75.29,51.2,51.34,51.24,33.86,33.86,33.86,33.86,45.98,43.8,,,,,,
2019-06-12 13:00:00+02:00,,42.91,,42.91,50.97,42.07,,42.11,,42.91,42.91,42.91,73.11,51.22,33.74,42.91,44.29,,72.94,44.7,49.94,,42.16,,,,44.7,44.7,,44.7,44.7,44.7,44.7,44.7,73.11,73.11,,,,,42.91,33.74,33.74,32.92,32.92,33.74,73.41,51.22,49.88,51.06,33.74,33.74,33.74,33.74,44.7,42.11,,,,,,
2019-06-12 14:00:00+02:00,,39.05,,39.05,52.46,41.08,,40.63,,39.05,39.05,39.05,73.6,50.33,33.7,39.05,40.31,,72.03,51.31,51.13,,38.37,,,,51.31,51.31,,51.31,45.0,51.31,45.0,45.0,73.6,73.6,,,,,39.05,33.7,33.7,32.93,32.93,33.7,73.9,50.33,51.08,51.06,33.7,33.7,33.7,33.7,51.31,40.63,,,,,,
2019-06-12 15:00:00+02:00,,34.09,,34.09,51.9,40.03,,39.7,,34.09,33.0,33.0,73.58,49.89,33.0,34.09,38.56,,68.41,54.94,56.88,,36.72,,,,54.94,54.94,,54.94,45.0,54.94,45.0,45.0,73.58,73.58,,,,,34.09,33.0,33.0,32.99,32.99,33.0,73.89,49.89,56.82,52.19,33.0,33.0,33.0,33.0,54.94,39.7,,,,,,
2019-06-12 16:00:00+02:00,,35.34,,30.32,47.64,40.82,,40.4,,35.34,35.34,35.34,69.14,47.88,32.39,27.72,38.62,,74.46,54.94,58.64,,36.77,,,,54.94,54.94,,54.94,54.94,54.94,54.94,54.94,69.14,69.14,,,,,34.9,33.72,33.72,32.39,32.39,33.72,69.43,47.88,58.58,51.7,32.39,32.39,32.39,32.39,54.94,40.4,,,,,,
2019-06-12 17:00:00+02:00,,42.14,,35.68,50.91,41.97,,45.0,,42.14,42.14,42.14,69.3,47.01,32.11,32.05,48.37,,74.92,56.27,56.96,,42.19,,,,56.27,56.27,,56.27,56.27,56.27,57.36,56.27,69.3,69.3,,,,,42.14,33.61,33.61,32.11,32.11,33.61,69.59,47.01,56.9,50.04,32.11,32.11,32.11,32.11,56.27,45.0,,,,,,
2019-06-12 18:00:00+02:00,,47.19,,42.4,54.44,43.1,,50.0,,48.5,48.5,48.5,46.35,46.0,31.61,39.0,54.89,,75.97,47.19,53.54,,52.27,,,,56.27,56.27,,56.27,56.27,56.27,78.49,56.27,46.35,46.35,,,,,48.5,33.38,33.38,31.61,31.61,33.38,61.47,46.0,53.49,50.3,31.61,31.61,31.61,31.61,47.19,50.0,,,,,,
2019-06-12 19:00:00+02:00,,50.69,,47.93,54.01,43.37,,52.2,,51.44,51.44,51.44,46.33,46.0,31.51,46.0,53.08,,77.14,50.69,55.6,,50.55,,,,57.92,57.92,,57.92,57.92,57.92,109.49,57.92,46.33,46.33,,,,,51.44,33.01,33.01,31.51,31.51,33.01,62.34,46.0,55.55,53.08,31.51,31.51,31.51,31.51,50.69,52.2,,,,,,
2019-06-12 20:00:00+02:00,,48.96,,43.2,51.1,42.12,,52.1,,50.56,50.56,50.56,35.1,47.3,30.11,39.19,49.27,,83.41,54.57,55.54,,46.92,,,,64.0,64.0,,54.57,64.0,64.0,110.76,64.0,35.1,35.1,,,,,50.56,33.2,33.2,30.11,30.11,33.2,61.19,47.3,55.49,52.21,30.11,30.11,30.11,30.11,54.57,52.1,,,,,,
2019-06-12 21:00:00+02:00,,47.01,,44.62,42.1,42.93,,48.94,,47.7,47.7,47.7,46.38,50.51,29.6,42.92,46.31,,83.2,50.09,52.06,,39.0,,,,60.27,60.27,,50.09,60.27,60.27,110.76,60.27,46.38,46.38,,,,,47.7,33.57,33.57,29.6,29.6,33.57,55.23,50.51,52.01,50.68,29.6,29.6,29.6,29.6,50.09,48.94,,,,,,
2019-06-12 22:00:00+02:00,,44.64,,44.64,38.2,43.21,,43.5,,44.64,44.64,44.64,27.06,50.1,27.06,44.64,46.06,,83.2,44.64,47.12,,43.87,,,,54.94,54.94,,44.64,54.94,54.94,111.5,54.94,27.06,27.06,,,,,44.64,33.68,33.68,27.06,27.06,33.68,57.99,50.1,47.08,46.82,27.06,27.06,27.06,27.06,44.64,43.5,,,,,,
2019-06-12 23:00:00+02:00,,38.7,,38.7,36.95,38.08,,38.05,,38.7,38.7,38.7,23.82,45.51,18.89,38.7,41.53,,72.01,38.7,38.05,,39.56,,,,48.11,48.11,,39.94,48.11,48.11,79.49,48.11,23.82,23.82,,,,,38.7,32.45,32.45,18.89,18.89,32.45,55.52,45.51,31.13,42.0,18.89,18.89,18.89,18.89,38.7,38.05,,,,,,
2019-06-13 00:00:00+02:00,,29.78,,29.78,23.96,33.07,,33.32,,29.78,1.75,3.06,3.06,45.86,3.06,29.78,48.34,,72.17,29.78,34.22,,38.53,,,,69.27,69.27,,36.01,69.27,69.27,69.27,69.27,3.06,3.06,,,,,29.78,28.82,28.82,18.45,18.45,28.82,57.5,45.86,14.4,35.03,3.06,3.06,3.06,3.06,29.78,33.32,,,,,,
2019-06-13 01:00:00+02:00,,28.34,,28.34,23.96,31.13,,31.3,,28.34,10.01,10.01,10.01,42.37,10.01,28.34,42.72,,72.24,28.34,31.3,,31.84,,,,54.94,54.94,,30.01,54.94,54.94,54.94,54.94,10.01,10.01,,,,,28.34,27.43,27.43,11.26,11.26,27.43,52.41,42.37,4.24,32.11,10.01,10.01,10.01,10.01,28.34,31.3,,,,,,
2019-06-13 02:00:00+02:00,,27.38,,26.9,23.95,30.04,,29.52,,27.38,15.65,15.65,15.65,40.53,15.65,26.66,39.57,,69.39,27.38,29.52,,28.4,,,,47.27,47.27,,30.0,47.27,47.27,47.27,47.27,15.65,15.65,,,,,27.32,23.78,23.78,15.65,15.65,23.78,52.4,40.53,1.69,30.28,15.65,15.65,15.65,15.65,27.38,29.52,,,,,,
2019-06-13 03:00:00+02:00,,28.34,,20.85,23.94,29.36,,28.6,,28.34,24.02,24.02,14.46,40.01,14.46,17.2,35.5,,68.77,28.34,28.6,,26.33,,,,47.27,47.27,,28.34,47.27,47.27,47.27,47.27,14.46,14.46,,,,,27.35,24.02,24.02,14.46,14.46,24.02,52.72,40.01,1.69,29.1,14.46,14.46,14.46,14.46,28.34,28.6,,,,,,
2019-06-13 04:00:00+02:00,,28.32,,21.14,23.51,29.12,,28.16,,28.32,22.7,22.7,10.48,40.07,10.48,17.72,30.91,,68.71,28.32,28.16,,26.03,,,,47.27,47.27,,28.32,47.27,47.27,47.27,47.27,10.48,10.48,,,,,27.45,24.66,24.66,10.48,10.48,24.66,52.32,40.07,5.29,29.31,10.48,10.48,10.48,10.48,28.32,28.16,,,,,,
2019-06-13 05:00:00+02:00,,29.89,,23.49,23.94,31.13,,30.34,,29.89,24.09,24.09,24.09,41.6,24.09,20.39,29.98,,72.22,29.89,30.34,,26.03,,,,45.39,45.39,,30.0,45.39,45.39,45.39,45.39,24.09,24.09,,,,,29.1,28.17,28.17,24.09,24.09,28.17,49.91,41.6,28.48,31.63,24.09,24.09,24.09,24.09,29.89,30.34,,,,,,
2019-06-13 06:00:00+02:00,,37.45,,30.96,35.87,39.58,,39.86,,37.45,37.45,37.45,46.28,45.0,31.41,27.83,35.44,,68.34,37.45,39.93,,25.94,,,,50.7,50.7,,42.56,50.7,50.7,50.7,50.7,46.28,46.28,,,,,36.56,31.41,31.41,31.41,31.41,31.41,64.59,45.0,39.94,41.5,31.41,31.41,31.41,36.55,37.45,39.86,,,,,,
2019-06-13 07:00:00+02:00,,48.01,,42.82,48.02,43.44,,46.8,,48.01,48.01,48.01,200.03,49.11,34.9,42.74,43.94,,73.04,48.01,49.06,,32.07,,,,50.79,50.79,,50.79,50.79,50.79,50.79,50.79,200.03,200.03,,,,,45.32,33.6,33.6,32.3,32.3,33.6,64.04,49.11,49.07,51.4,33.6,33.6,33.6,48.01,48.01,46.8,,,,,,
2019-06-13 08:00:00+02:00,,44.49,,44.49,51.07,43.88,,47.39,,44.49,44.49,44.49,70.45,50.0,36.36,44.49,45.52,,74.6,44.49,52.3,,38.01,,,,58.28,58.28,,58.28,58.28,58.28,58.28,58.28,70.45,70.45,,,,,44.49,35.59,35.59,32.65,32.65,35.59,70.75,50.0,52.3,54.94,35.59,35.59,35.59,44.49,44.49,47.39,,,,,,
2019-06-13 09:00:00+02:00,,36.42,,36.42,48.51,40.99,,42.01,,36.42,36.42,36.42,71.84,49.95,37.85,36.42,42.03,,74.59,36.42,53.05,,45.5,,,,55.94,55.94,,55.94,55.94,55.94,55.94,55.94,71.84,71.84,,,,,36.42,35.0,35.0,32.92,32.92,35.0,72.14,49.95,53.06,53.08,35.0,35.0,35.0,36.42,36.42,42.01,,,,,,
2019-06-13 10:00:00+02:00,,32.9,,32.9,51.14,35.69,,36.1,,32.9,32.9,32.9,74.09,48.85,37.95,32.9,43.89,,74.61,39.1,52.92,,41.87,,,,52.08,52.08,,52.08,52.08,52.08,52.08,52.08,74.09,74.09,,,,,32.9,32.9,32.9,32.9,32.9,32.9,74.41,48.85,52.93,53.05,32.9,32.9,32.9,32.9,39.1,36.1,,,,,,
2019-06-13 11:00:00+02:00,,33.03,,30.09,49.92,34.08,,34.17,,30.18,30.18,30.58,77.55,48.02,37.83,30.09,44.84,,74.64,50.7,52.02,,42.77,,,,50.7,50.7,,50.7,49.4,50.7,49.4,49.4,77.55,77.55,,,,,30.18,30.58,30.58,30.58,30.58,30.58,77.89,48.02,52.03,52.95,30.58,30.58,30.58,30.58,50.7,52.02,,,,,,
2019-06-13 12:00:00+02:00,,33.0,,28.23,50.06,32.69,,30.51,,28.42,28.42,29.36,89.1,49.11,36.57,28.23,43.89,,74.65,44.73,49.37,,41.87,,,,44.73,44.73,,44.73,44.73,44.73,44.73,44.73,89.1,89.1,,,,,28.42,29.36,29.36,29.36,29.36,29.36,89.49,49.11,49.38,51.28,29.36,29.36,29.36,29.36,44.73,49.37,,,,,,
2019-06-13 13:00:00+02:00,,33.02,,28.53,50.09,31.49,,29.81,,28.66,28.66,28.73,77.38,49.11,35.37,28.53,44.75,,74.61,44.86,48.0,,42.7,,,,44.86,44.86,,44.86,44.86,44.86,44.86,44.86,77.38,77.38,,,,,28.66,28.73,28.73,28.73,28.73,28.73,77.72,49.11,48.01,50.16,28.73,28.73,28.73,28.73,44.86,31.06,,,,,,
2019-06-13 14:00:00+02:00,,32.1,,28.79,53.6,30.07,,29.5,,28.85,28.85,29.56,75.05,47.35,34.64,28.79,38.13,,73.95,51.7,49.72,,38.21,,,,51.7,51.7,,51.7,48.87,51.7,48.87,48.87,75.05,75.05,,,,,28.85,29.56,29.56,29.56,29.56,29.56,75.38,47.35,49.72,52.08,29.56,29.56,29.56,29.56,51.7,49.72,,,,,,
2019-06-13 15:00:00+02:00,,32.09,,29.92,55.37,31.08,,29.5,,30.03,30.03,30.03,73.74,45.86,30.03,29.9,39.31,,76.99,52.59,53.09,,41.0,,,,52.59,52.59,,52.59,52.59,52.59,52.59,52.59,73.74,73.74,,,,,29.95,30.03,30.03,30.03,30.03,30.03,74.07,45.86,53.09,53.58,30.03,30.03,30.03,30.03,52.59,53.09,,,,,,
2019-06-13 16:00:00+02:00,,32.0,,31.1,49.28,31.49,,30.6,,31.11,31.11,31.11,68.16,45.02,31.11,31.09,37.79,,77.0,56.1,52.94,,37.08,,,,58.28,58.28,,58.28,58.28,58.28,58.28,58.28,68.16,68.16,,,,,31.11,31.11,31.11,31.11,31.11,31.11,68.47,45.02,52.95,53.08,31.11,31.11,31.11,31.11,56.1,52.94,,,,,,
2019-06-13 17:00:00+02:00,,33.68,,33.68,53.02,34.48,,39.0,,33.68,33.68,33.68,74.64,45.92,32.97,33.68,43.87,,76.0,39.2,52.3,,41.87,,,,55.77,55.77,,55.77,55.77,55.77,75.39,55.77,74.64,74.64,,,,,33.68,32.97,32.97,32.41,32.41,32.97,74.98,45.92,52.3,54.08,32.97,32.97,32.97,33.68,39.2,52.3,,,,,,
2019-06-13 18:00:00+02:00,,50.09,,41.51,55.84,43.2,,47.3,,50.09,50.09,50.09,72.93,45.87,33.84,37.14,50.15,,76.02,53.39,53.38,,52.68,,,,55.85,55.85,,55.85,55.85,55.85,78.5,55.85,72.93,72.93,,,,,48.71,33.84,33.84,32.17,32.17,33.84,73.27,45.87,53.38,53.89,33.84,33.84,33.84,50.09,53.39,47.3,,,,,,
2019-06-13 19:00:00+02:00,,64.24,,50.63,61.23,43.41,,56.4,,64.24,64.24,64.24,71.26,47.12,33.5,43.79,60.1,,75.87,64.24,56.4,,57.38,,,,59.92,59.92,,59.92,59.92,59.92,87.66,59.92,71.26,71.26,,,,,62.06,33.5,33.5,32.22,32.22,33.5,71.6,47.12,56.4,57.49,33.5,33.5,33.5,62.7,64.24,56.4,,,,,,
2019-06-13 20:00:00+02:00,,76.5,,50.06,61.94,43.3,,56.4,,76.5,76.5,76.5,72.94,47.62,32.42,36.38,57.87,,75.9,76.5,57.87,,55.24,,,,59.96,59.96,,59.96,59.96,59.96,118.66,59.96,72.94,72.94,,,,,72.87,32.42,32.42,32.28,32.28,32.42,73.28,47.62,57.87,57.42,32.42,32.42,32.42,72.94,76.5,56.4,,,,,,
2019-06-13 21:00:00+02:00,,62.61,,46.23,54.45,43.08,,52.5,,62.61,62.61,62.61,61.1,50.94,32.97,37.96,55.01,,76.06,62.61,55.31,,54.39,,,,56.27,56.27,,56.27,56.27,56.27,105.66,56.27,61.1,61.1,,,,,60.28,32.97,32.97,32.31,32.31,32.97,63.62,50.94,55.31,54.33,32.97,32.97,32.97,61.1,62.61,52.5,,,,,,
2019-06-13 22:00:00+02:00,,47.56,,47.56,46.18,43.87,,46.78,,47.56,47.56,47.56,46.27,50.94,32.3,47.56,48.75,,72.79,47.56,48.52,,51.23,,,,54.94,54.94,,47.56,54.94,54.94,78.5,54.94,46.27,46.27,,,,,47.56,32.3,32.3,32.1,32.1,32.3,65.14,50.94,48.52,47.0,32.3,32.3,32.3,46.27,47.56,46.78,,,,,,
2019-06-13 23:00:00+02:00,,41.03,,41.03,35.98,38.97,,39.41,,41.03,41.03,41.03,30.61,47.49,30.61,41.03,41.94,,74.45,41.03,40.59,,44.07,,,,47.0,47.0,,41.86,47.0,47.0,78.5,47.0,30.61,30.61,,,,,41.03,30.61,30.61,30.61,30.61,30.61,61.6,47.49,40.59,40.99,30.61,30.61,30.61,30.61,41.03,39.41,,,,,,
2019-06-14 00:00:00+02:00,,33.44,,33.44,23.98,33.54,,33.55,,33.44,29.42,29.42,28.33,49.95,28.33,33.44,44.91,,72.09,33.44,34.33,,47.08,,,,56.27,56.27,,33.44,56.27,56.27,56.27,56.27,28.33,28.33,,,,,33.44,29.42,29.42,28.33,28.33,29.42,55.47,49.95,34.33,37.88,28.33,28.33,28.33,28.33,33.44,33.55,,,,,,
2019-06-14 01:00:00+02:00,,29.78,,29.78,23.97,31.62,,31.55,,29.78,28.82,28.82,25.99,49.9,25.99,29.78,40.31,,73.23,29.78,31.55,,42.25,,,,67.5,67.5,,29.78,67.5,67.5,67.5,67.5,25.99,25.99,,,,,29.78,28.82,28.82,25.99,25.99,28.82,56.71,49.9,27.31,33.71,25.99,25.99,25.99,25.99,29.78,31.55,,,,,,
2019-06-14 02:00:00+02:00,,28.2,,28.12,23.96,29.93,,29.35,,28.24,27.32,27.32,25.01,47.88,25.01,28.05,38.64,,76.92,28.2,29.35,,40.51,,,,56.27,56.27,,28.2,56.27,56.27,56.27,56.27,25.01,25.01,,,,,28.22,27.32,27.32,25.01,25.01,27.32,56.93,47.88,11.86,30.45,25.01,25.01,25.01,25.01,28.2,29.35,,,,,,
2019-06-14 03:00:00+02:00,,27.7,,25.3,23.96,29.57,,28.56,,28.37,27.08,27.08,22.66,47.0,22.66,23.65,38.63,,73.38,27.7,28.56,,38.39,,,,50.0,50.0,,27.7,50.0,50.0,50.0,50.0,22.66,22.66,,,,,27.98,27.08,27.08,22.66,22.66,27.08,56.7,47.0,8.68,29.28,22.66,22.66,22.66,22.66,27.7,28.56,,,,,,
2019-06-14 04:00:00+02:00,,27.01,,21.54,23.96,29.1,,28.51,,28.89,27.09,27.09,23.11,46.94,23.11,17.6,37.68,,72.23,27.01,28.51,,38.39,,,,54.94,54.94,,27.01,54.94,54.94,54.94,54.94,23.11,23.11,,,,,27.99,27.09,27.09,23.11,23.11,27.09,57.21,46.94,4.23,29.09,23.11,23.11,23.11,23.11,27.01,28.51,,,,,,
2019-06-14 05:00:00+02:00,,29.1,,27.14,23.95,30.54,,30.84,,29.88,28.61,28.61,28.61,47.0,28.61,25.66,37.51,,76.81,29.1,30.84,,38.39,,,,49.15,49.15,,29.1,49.15,49.15,49.15,49.15,28.61,28.61,,,,,29.55,28.61,28.61,28.61,28.61,28.61,57.06,47.0,21.17,32.11,28.61,28.61,28.61,28.61,29.1,30.84,,,,,,
2019-06-14 06:00:00+02:00,,40.25,,32.72,24.75,39.94,,40.53,,40.25,40.25,40.25,65.72,48.51,31.94,28.5,38.62,,76.99,40.25,40.53,,38.39,,,,54.94,54.94,,40.25,54.94,54.94,54.94,54.94,65.72,65.72,,,,,39.26,31.94,31.94,31.31,31.31,31.94,65.97,48.51,40.22,40.42,31.94,31.94,31.94,39.28,40.25,40.53,,,,,,
2019-06-14 07:00:00+02:00,,52.94,,42.06,35.07,42.98,,50.17,,52.94,52.94,52.94,71.59,50.66,35.05,35.44,50.33,,76.99,52.94,50.17,,38.39,,,,52.94,52.94,,52.94,52.94,52.94,52.94,52.94,71.59,71.59,,,,,51.87,33.07,33.07,31.88,31.88,33.07,71.86,50.66,50.16,48.58,33.07,33.07,33.07,52.94,52.94,50.17,,,,,,
2019-06-14 08:00:00+02:00,,59.61,,49.34,48.84,46.26,,53.6,,59.61,59.61,59.61,78.25,51.2,38.58,43.06,56.94,,77.03,59.61,53.6,,69.75,,,,59.61,59.61,,59.61,44.06,59.61,72.0,59.61,78.25,78.25,,,,,58.68,34.58,34.58,33.63,33.63,34.58,78.54,51.2,53.59,52.33,34.58,34.58,34.58,59.61,59.61,53.6,,,,,,
2019-06-14 09:00:00+02:00,,49.04,,49.04,36.09,45.55,,48.52,,49.04,49.04,49.04,85.95,50.87,39.81,49.04,53.87,,77.05,49.04,48.52,,152.78,,,,54.95,54.95,,54.95,44.06,54.95,44.06,54.95,85.95,85.95,,,,,49.04,34.18,34.18,33.62,33.62,34.18,86.27,50.87,48.51,50.05,34.18,34.18,34.18,49.04,49.04,48.52,,,,,,
2019-06-14 10:00:00+02:00,,42.91,,42.91,36.08,43.06,,43.9,,42.91,42.91,42.91,81.82,50.02,38.07,42.91,51.62,,75.91,42.91,46.45,,147.27,,,,49.15,49.15,,49.15,44.05,49.15,44.05,49.15,81.82,81.82,,,,,42.91,34.19,34.19,33.56,33.56,34.19,82.12,50.02,46.44,48.02,34.19,34.19,34.19,42.91,42.91,43.9,,,,,,
2019-06-14 11:00:00+02:00,,41.01,,41.01,33.05,41.91,,43.32,,41.01,41.01,41.01,99.04,50.0,38.68,41.01,45.94,,75.99,49.1,48.0,,125.0,,,,50.06,50.06,,50.06,44.04,50.06,44.04,50.06,99.04,99.04,,,,,41.01,34.54,34.54,33.28,33.28,34.54,99.4,50.0,47.99,48.64,34.54,34.54,34.54,40.02,49.1,43.32,,,,,,
2019-06-14 12:00:00+02:00,,34.9,,34.9,33.03,40.38,,40.8,,34.9,34.9,34.9,105.43,49.95,36.27,34.9,45.22,,76.02,43.31,46.99,,79.0,,,,43.31,43.31,,43.31,43.31,43.31,43.31,43.31,105.43,105.43,,,,,34.9,33.78,33.78,33.05,33.05,33.78,105.82,49.95,46.98,46.72,33.9,33.9,33.9,34.06,43.31,40.8,,,,,,
2019-06-14 13:00:00+02:00,,33.02,,33.02,35.06,38.04,,39.0,,33.02,33.02,33.02,105.28,49.85,35.45,33.02,40.4,,77.08,43.31,46.24,,69.0,,,,43.31,43.31,,43.31,43.31,43.31,43.31,43.31,105.28,105.28,,,,,33.02,32.41,32.41,32.41,32.41,32.41,105.66,49.85,46.23,45.1,32.41,32.41,32.41,32.41,43.31,39.0,,,,,,
2019-06-14 14:00:00+02:00,,33.28,,33.28,36.74,35.38,,37.98,,33.28,33.28,33.28,79.85,45.94,34.9,33.28,37.5,,75.6,48.0,46.27,,53.76,,,,48.0,48.0,,48.0,44.04,48.0,44.04,48.0,79.85,79.85,,,,,33.28,32.32,32.32,32.32,32.32,32.32,80.13,45.94,46.26,47.69,32.32,32.32,32.32,32.48,48.0,37.98,,,,,,
2019-06-14 15:00:00+02:00,,34.06,,34.06,32.09,35.75,,37.4,,34.06,34.06,34.06,44.88,42.54,32.9,34.06,36.47,,75.6,49.1,44.1,,42.25,,,,49.15,49.15,,49.15,44.05,49.15,44.05,49.15,44.88,44.88,,,,,34.06,32.9,32.9,32.17,32.17,32.9,73.02,42.54,44.09,48.89,32.9,32.9,32.9,33.24,49.1,37.4,,,,,,
2019-06-14 16:00:00+02:00,,36.34,,36.34,31.65,36.31,,40.32,,36.34,36.34,36.34,39.72,41.02,32.02,36.34,37.48,,75.98,49.1,48.93,,41.0,,,,54.23,54.23,,51.0,45.0,54.23,59.5,54.23,39.72,39.72,,,,,36.34,32.02,32.02,31.96,31.96,32.02,62.36,41.02,48.91,46.92,32.02,32.02,32.02,35.47,49.1,40.32,,,,,,
2019-06-14 17:00:00+02:00,,49.02,,38.0,32.06,41.09,,45.7,,49.02,49.02,49.02,44.86,40.13,32.84,31.63,46.36,,75.86,49.1,53.17,,48.63,,,,59.27,59.27,,50.92,45.0,59.27,76.46,59.27,44.86,44.86,,,,,47.79,32.84,32.84,32.19,32.19,32.84,60.29,40.13,53.16,49.33,32.84,32.84,32.84,44.86,49.1,45.7,,,,,,
2019-06-14 18:00:00+02:00,,58.28,,43.87,36.73,42.6,,53.7,,58.28,58.28,58.28,44.84,40.01,32.95,35.68,55.09,,77.1,58.28,54.93,,57.78,,,,58.28,58.28,,58.28,45.0,58.28,110.46,58.28,44.84,44.84,,,,,56.82,32.95,32.95,31.8,31.8,32.95,59.08,40.01,54.91,52.25,32.95,32.95,32.95,32.95,58.28,53.7,,,,,,
2019-06-14 19:00:00+02:00,,61.87,,48.94,47.94,42.61,,57.15,,64.69,64.69,64.69,54.87,40.13,32.82,40.13,58.86,,75.89,61.87,58.02,,61.73,,,,72.01,72.01,,58.39,44.06,72.01,108.18,72.01,54.87,54.87,,,,,62.76,32.82,32.82,31.73,31.73,32.82,60.07,40.13,58.0,53.52,32.82,32.82,32.82,32.82,61.87,57.15,,,,,,
2019-06-14 20:00:00+02:00,,56.79,,46.16,43.94,41.97,,55.61,,58.94,58.94,58.94,44.89,41.55,31.44,39.01,55.65,,75.93,56.79,58.28,,58.37,,,,72.19,72.19,,54.96,44.06,72.19,129.21,72.19,44.89,44.89,,,,,57.36,31.44,31.44,31.44,31.44,31.44,55.93,41.55,58.26,54.95,31.44,31.44,31.44,31.44,56.79,55.61,,,,,,
2019-06-14 21:00:00+02:00,,50.45,,38.56,36.79,41.73,,48.7,,50.45,50.45,50.45,44.89,44.39,30.94,31.72,49.93,,77.08,50.45,56.74,,49.0,,,,72.01,72.01,,50.45,44.06,72.01,129.21,72.01,44.89,44.89,,,,,49.07,30.94,30.94,30.94,30.94,30.94,55.12,44.39,56.72,51.09,30.94,30.94,30.94,30.94,50.45,48.7,,,,,,
2019-06-14 22:00:00+02:00,,43.54,,42.71,29.06,41.11,,42.63,,43.54,43.54,43.54,30.26,44.76,30.26,42.19,44.85,,76.03,43.54,47.77,,42.74,,,,63.84,63.84,,43.54,44.06,63.84,108.46,63.84,30.26,30.26,,,,,43.49,30.26,30.26,30.26,30.26,30.26,59.99,44.76,47.75,45.91,30.26,30.26,30.26,30.26,43.54,42.63,,,,,,
2019-06-14 23:00:00+02:00,,37.94,,37.94,27.07,34.08,,35.53,,37.94,37.94,37.94,27.82,41.54,27.82,37.94,39.12,,74.86,37.94,37.23,,38.39,,,,50.74,50.74,,39.26,44.06,50.74,76.46,50.74,27.82,27.82,,,,,37.94,30.2,30.66,27.82,27.82,30.2,52.61,41.54,35.98,38.5,27.82,27.82,27.82,27.82,37.94,35.53,,,,,,
2019-06-15 00:00:00+02:00,,33.29,,33.29,31.03,33.35,,34.3,,33.29,28.13,28.13,28.13,48.86,28.13,33.29,48.49,,73.43,33.29,34.43,,46.24,,,,72.01,72.01,,33.29,72.01,72.01,72.01,72.01,28.13,28.13,,,,,33.29,29.94,29.94,28.13,28.13,29.94,47.33,48.86,34.42,34.42,28.13,28.13,28.13,28.13,33.29,34.3,,,,,,
2019-06-15 01:00:00+02:00,,31.47,,31.47,24.07,30.36,,30.1,,31.47,29.14,29.14,27.37,46.33,27.37,31.47,42.86,,68.38,31.47,30.1,,40.87,,,,72.01,72.01,,31.47,72.01,72.01,72.01,72.01,27.37,27.37,,,,,31.47,29.14,29.14,27.37,27.37,29.14,43.74,46.33,27.3,30.66,27.37,27.37,27.37,27.37,31.47,30.1,,,,,,
2019-06-15 02:00:00+02:00,,29.92,,29.92,23.96,29.6,,27.1,,29.92,28.29,28.29,22.97,42.87,22.97,29.92,38.23,,68.35,29.92,27.1,,36.46,,,,62.23,62.23,,29.92,45.01,62.23,45.01,62.23,22.97,22.97,,,,,29.92,28.29,28.29,22.97,22.97,28.29,40.73,42.87,15.87,26.95,22.97,22.97,22.97,22.97,29.92,27.1,,,,,,
2019-06-15 03:00:00+02:00,,27.82,,28.74,23.96,27.47,,25.49,,27.94,27.36,27.36,20.01,41.53,20.01,27.35,37.63,,72.18,27.82,25.49,,35.89,,,,56.27,56.27,,27.82,44.07,56.27,44.07,56.27,20.01,20.01,,,,,28.26,27.36,27.36,20.01,20.01,27.36,43.56,41.53,12.91,25.71,20.01,20.01,20.01,20.01,27.82,25.49,,,,,,
2019-06-15 04:00:00+02:00,,26.6,,28.65,23.96,26.08,,24.67,,26.6,26.6,26.6,18.08,40.06,18.08,25.08,36.7,,68.42,26.6,24.67,,35.0,,,,56.27,56.27,,26.6,44.07,56.27,44.07,56.27,18.08,18.08,,,,,27.48,26.6,26.6,18.08,18.08,26.6,44.79,40.06,10.79,24.51,18.08,18.08,18.08,18.08,26.6,24.67,,,,,,
2019-06-15 05:00:00+02:00,,25.66,,26.4,23.96,24.93,,23.17,,25.66,25.14,25.14,19.91,40.01,19.91,25.11,34.66,,65.39,25.66,23.17,,33.06,,,,67.94,67.94,,25.66,44.07,67.94,44.07,67.94,19.91,19.91,,,,,25.98,25.14,25.14,19.91,19.91,25.14,44.02,40.01,23.16,24.09,19.91,19.91,19.91,19.91,25.66,23.17,,,,,,
2019-06-15 06:00:00+02:00,,26.68,,26.68,23.96,28.2,,24.62,,26.68,25.83,25.83,30.05,40.56,21.45,26.68,33.54,,65.39,26.68,24.62,,31.99,,,,55.66,55.66,,26.68,44.98,55.66,44.98,55.66,30.05,30.05,,,,,26.68,25.83,25.83,21.45,21.45,25.83,47.29,40.56,24.61,27.65,21.45,21.45,21.45,21.45,26.68,24.62,,,,,,
2019-06-15 07:00:00+02:00,,29.99,,29.99,31.64,31.12,,29.12,,29.99,27.91,27.91,45.48,40.6,24.59,29.99,35.16,,68.21,29.99,30.05,,33.53,,,,54.94,54.94,,29.99,54.94,54.94,54.94,54.94,45.48,45.48,,,,,29.99,27.91,27.91,24.59,24.59,27.91,51.01,40.6,30.03,30.38,24.59,24.59,24.59,24.59,29.99,29.12,,,,,,
2019-06-15 08:00:00+02:00,,33.0,,33.0,32.8,32.99,,32.37,,33.0,28.93,28.93,60.01,44.99,28.51,33.0,38.36,,63.9,33.0,35.08,,36.59,,,,56.27,56.27,,33.0,56.27,56.27,60.0,56.27,60.01,60.01,,,,,33.0,28.93,28.93,28.51,28.51,28.93,62.87,44.99,35.07,35.32,28.51,28.51,28.51,28.51,33.0,32.37,,,,,,
2019-06-15 09:00:00+02:00,,32.9,,34.8,35.2,32.0,,32.61,,32.27,29.56,29.56,60.04,45.75,29.56,33.94,44.2,,65.45,32.9,40.23,,42.97,,,,64.0,64.0,,38.0,64.0,64.0,64.0,64.0,60.04,60.04,,,,,40.0,29.56,29.56,29.56,29.56,29.56,66.01,45.75,40.21,41.03,29.56,29.56,29.56,29.56,32.9,32.61,,,,,,
2019-06-15 10:00:00+02:00,,30.9,,33.25,35.07,30.95,,30.06,,30.13,30.13,30.13,60.04,47.0,29.41,32.2,53.73,,68.19,30.9,43.58,,51.25,,,,54.94,54.94,,36.45,54.94,54.94,54.94,54.94,60.04,60.04,,,,,39.5,29.41,29.41,29.41,29.41,29.41,66.43,47.0,40.21,42.01,29.41,29.41,29.41,29.41,30.9,43.58,,,,,,
2019-06-15 11:00:00+02:00,,28.83,,34.86,35.95,29.53,,28.37,,27.47,27.47,27.47,60.08,47.96,27.47,31.23,53.84,,68.42,35.0,41.64,,51.35,,,,49.06,49.06,,35.0,49.06,49.06,49.06,49.06,60.08,60.08,,,,,47.8,28.06,28.06,27.47,27.47,28.06,66.5,47.96,35.55,40.61,27.47,27.47,27.47,27.47,35.0,41.64,,,,,,
2019-06-15 12:00:00+02:00,,25.38,,30.42,34.07,28.56,,26.45,,25.38,25.38,25.38,60.03,48.95,25.38,28.35,48.05,,74.58,29.63,39.62,,45.83,,,,44.85,44.85,,29.63,44.85,44.85,44.85,44.85,60.03,60.03,,,,,40.66,25.51,25.51,25.38,25.38,25.51,66.03,48.95,31.11,38.93,25.38,25.38,25.38,25.38,29.63,39.62,,,,,,
2019-06-15 13:00:00+02:00,,24.93,,25.13,32.63,24.27,,24.25,,24.93,24.93,24.93,60.1,49.45,24.93,24.93,43.75,,72.97,24.99,37.61,,43.09,,,,42.0,42.0,,24.99,42.0,42.0,42.0,42.0,60.1,60.1,,,,,26.0,24.93,24.93,24.93,24.93,24.93,63.58,49.45,31.11,38.08,24.93,24.93,24.93,24.93,24.99,37.61,,,,,,
2019-06-15 14:00:00+02:00,,23.54,,23.68,31.65,22.72,,21.79,,23.54,23.54,23.54,60.03,47.15,23.54,23.54,38.2,,72.54,24.79,36.34,,40.11,,,,42.0,42.0,,24.99,42.0,42.0,42.0,42.0,60.03,60.03,,,,,24.31,23.54,23.54,23.54,23.54,23.54,60.15,47.15,36.31,36.83,23.54,23.54,23.54,23.54,24.79,36.34,,,,,,
2019-06-15 15:00:00+02:00,,23.64,,23.78,33.58,22.74,,23.47,,23.64,23.64,23.64,59.06,44.3,23.64,23.64,35.69,,73.05,26.2,38.51,,37.47,,,,43.62,43.62,,26.6,43.62,43.62,43.62,43.62,59.06,59.06,,,,,24.42,23.64,23.64,23.64,23.64,23.64,59.18,44.3,38.49,40.04,23.64,23.64,23.64,23.64,26.2,38.51,,,,,,
2019-06-15 16:00:00+02:00,,24.92,,24.92,41.05,25.54,,24.92,,24.92,24.32,24.32,58.48,42.0,24.32,24.92,35.85,,74.59,26.2,42.17,,37.47,,,,42.34,42.34,,33.0,42.34,42.34,60.0,42.34,58.48,58.48,,,,,24.92,24.32,24.32,24.32,24.32,24.32,58.6,42.0,40.2,42.18,24.32,24.32,24.32,24.32,26.2,42.17,,,,,,
2019-06-15 17:00:00+02:00,,28.97,,37.39,46.18,29.45,,28.9,,28.97,28.27,28.27,57.99,42.0,28.27,22.74,38.36,,75.42,28.97,42.08,,40.27,,,,44.07,44.07,,35.0,44.07,44.07,78.44,44.07,57.99,57.99,,,,,32.37,28.27,28.27,28.27,28.27,28.27,58.1,42.0,42.05,44.51,28.27,28.27,28.27,28.27,28.97,42.08,,,,,,
2019-06-15 18:00:00+02:00,,35.73,,30.62,49.61,34.67,,36.19,,35.73,29.62,29.62,45.47,42.53,28.54,27.75,49.55,,68.52,35.73,43.55,,52.02,,,,48.49,48.49,,36.45,48.49,48.49,78.44,48.49,45.47,45.47,,,,,35.34,29.62,29.62,28.54,28.54,29.62,57.34,42.53,43.52,45.97,28.54,28.54,28.54,28.54,35.73,43.55,,,,,,
2019-06-15 19:00:00+02:00,,40.2,,30.79,47.8,38.32,,39.4,,40.2,29.72,29.72,45.49,45.01,27.31,25.38,56.09,,72.94,40.2,41.71,,58.89,,,,54.94,54.94,,41.38,54.94,54.94,120.38,54.94,45.49,45.49,,,,,40.1,29.72,29.72,27.31,27.31,29.72,57.35,45.01,41.68,45.11,27.31,27.31,27.31,27.31,40.2,41.71,,,,,,
2019-06-15 20:00:00+02:00,,39.64,,54.5,54.14,39.92,,43.0,,39.64,29.63,29.63,45.49,49.45,23.93,19.84,56.63,,75.86,39.64,50.08,,54.02,,,,56.27,56.27,,39.97,56.27,56.27,109.38,56.27,45.49,45.49,,,,,51.02,29.63,29.63,23.93,23.93,29.63,56.87,49.45,50.04,50.03,23.93,23.93,23.93,23.93,39.64,50.08,,,,,,
2019-06-15 21:00:00+02:00,,39.05,,52.37,50.88,40.18,,42.09,,39.05,29.4,29.4,45.43,51.45,22.61,19.31,53.72,,77.13,40.8,52.94,,51.25,,,,56.27,56.27,,40.8,56.27,56.27,126.38,56.27,45.43,45.43,,,,,50.19,29.4,29.4,22.61,22.61,29.4,56.84,51.45,52.9,48.94,22.61,22.61,22.61,22.61,40.8,52.94,,,,,,
2019-06-15 22:00:00+02:00,,39.09,,48.3,44.05,38.76,,38.9,,39.09,29.57,29.57,19.22,54.12,19.22,32.94,49.55,,75.76,39.09,42.78,,47.27,,,,48.03,48.03,,39.09,48.03,48.03,98.44,48.03,19.22,19.22,,,,,42.79,29.57,29.57,19.22,19.22,29.57,54.12,54.12,42.75,41.67,19.22,19.22,19.22,19.22,39.09,38.9,,,,,,
2019-06-15 23:00:00+02:00,,34.31,,34.31,38.08,33.0,,34.5,,34.31,29.23,29.23,15.44,50.66,15.44,34.31,43.66,,65.14,34.31,35.22,,41.65,,,,44.03,44.03,,36.45,44.03,44.03,71.44,44.03,15.44,15.44,,,,,34.31,29.23,29.23,15.44,15.44,29.23,44.85,50.66,35.19,36.67,15.44,15.44,15.44,15.44,34.31,34.5,,,,,,
2019-06-16 00:00:00+02:00,,30.17,,30.17,23.97,29.04,,30.43,,30.17,21.86,21.86,21.86,51.45,21.86,30.17,45.76,,68.7,30.17,30.43,,43.55,,,,56.27,56.27,,35.0,56.27,56.27,59.0,56.27,21.86,21.86,,,,,30.17,29.2,29.2,21.86,21.86,29.2,31.83,51.45,30.41,30.54,21.86,21.86,21.86,21.86,30.17,30.43,,,,,,
2019-06-16 01:00:00+02:00,,27.52,,29.5,23.96,25.66,,26.61,,27.52,27.52,27.52,20.75,50.74,20.75,25.85,44.86,,69.93,27.52,26.61,,42.71,,,,54.94,54.94,,27.52,54.94,54.94,54.94,54.94,20.75,20.75,,,,,28.43,27.52,27.52,20.75,20.75,27.52,28.3,50.74,26.59,26.4,20.75,20.75,20.75,20.75,27.52,26.61,,,,,,
2019-06-16 02:00:00+02:00,,26.05,,35.56,23.95,24.06,,23.91,,26.05,26.05,26.05,19.79,48.95,19.79,18.0,41.72,,69.88,26.05,23.91,,39.71,,,,44.03,44.03,,26.5,44.03,44.03,44.03,44.03,19.79,19.79,,,,,30.46,26.05,26.05,19.79,19.79,26.05,28.88,48.95,14.18,24.27,19.79,19.79,19.79,19.79,26.05,23.91,,,,,,
2019-06-16 03:00:00+02:00,,25.39,,30.69,23.94,22.76,,22.9,,25.39,25.39,25.39,17.5,46.4,17.5,20.85,40.65,,69.85,25.39,22.9,,38.7,,,,37.49,44.01,,26.5,44.01,44.01,44.01,44.01,17.5,17.5,,,,,27.85,25.39,25.39,17.5,17.5,25.39,28.19,46.4,10.58,22.39,17.5,17.5,17.5,17.5,25.39,22.9,,,,,,
2019-06-16 04:00:00+02:00,,25.07,,31.67,23.93,22.35,,22.99,,25.07,25.07,25.07,14.09,45.75,14.09,19.38,37.9,,69.83,25.07,22.99,,36.08,,,,37.49,44.01,,27.0,44.01,44.01,44.01,44.01,14.09,14.09,,,,,28.1,25.07,25.07,14.09,14.09,25.07,27.52,45.75,2.12,22.57,14.09,14.09,14.09,14.09,25.07,22.99,,,,,,
2019-06-16 05:00:00+02:00,,22.43,,32.39,23.93,22.72,,21.8,,23.88,23.88,23.88,17.97,44.3,17.97,16.55,33.64,,64.98,22.43,21.8,,32.02,,,,35.99,38.21,,28.0,38.21,38.21,38.21,38.21,17.97,17.97,,,,,27.79,23.88,23.88,17.97,17.97,23.88,27.35,44.3,2.12,21.92,17.97,17.97,17.97,17.97,22.43,21.8,,,,,,
2019-06-16 06:00:00+02:00,,21.91,,33.82,23.94,22.94,,21.7,,23.89,23.89,23.89,19.94,42.29,19.94,14.06,34.76,,64.98,21.91,21.7,,33.1,,,,32.99,37.2,,27.0,37.2,37.2,37.2,37.2,19.94,19.94,,,,,29.03,23.89,23.89,19.94,19.94,23.89,27.79,42.29,7.46,23.99,19.94,19.94,19.94,19.94,21.91,21.7,,,,,,
2019-06-16 07:00:00+02:00,,26.93,,39.27,29.04,25.56,,23.95,,26.93,26.93,26.93,25.31,41.63,25.31,14.72,40.37,,64.78,26.93,23.95,,37.31,,,,34.49,38.0,,27.0,38.0,38.0,38.0,38.0,25.31,25.31,,,,,33.41,26.93,26.93,25.31,25.31,26.93,28.7,41.63,21.16,26.52,25.31,25.31,25.31,25.31,26.93,23.95,,,,,,
2019-06-16 08:00:00+02:00,,28.35,,27.1,31.6,27.08,,28.1,,28.35,28.35,28.35,43.41,42.29,27.67,18.42,35.88,,64.78,28.35,28.1,,35.29,,,,34.49,37.2,,33.0,37.2,37.2,37.2,37.2,43.41,43.41,,,,,32.6,28.35,28.35,27.67,27.67,28.35,43.68,42.29,25.17,29.94,27.67,27.67,27.67,27.67,28.35,28.1,,,,,,
2019-06-16 09:00:00+02:00,,28.04,,35.61,31.6,26.09,,28.65,,28.04,28.04,28.04,45.43,44.34,28.04,22.15,40.9,,64.98,28.04,28.65,,38.95,,,,36.97,36.97,,36.97,36.97,36.97,36.97,36.97,45.43,45.43,,,,,31.55,28.04,28.04,28.04,28.04,28.04,45.71,44.34,11.85,29.89,28.04,28.04,28.04,28.04,28.04,28.65,,,,,,
2019-06-16 10:00:00+02:00,,27.44,,29.4,22.55,25.25,,27.74,,27.44,27.44,27.44,49.01,46.01,27.44,25.93,50.97,,69.33,27.44,27.74,,48.53,,,,39.09,39.09,,39.09,39.09,39.09,39.09,39.09,49.01,49.01,,,,,28.35,27.44,27.44,27.44,27.44,27.44,49.32,46.01,10.58,30.04,27.44,27.44,27.44,27.44,27.44,27.74,,,,,,
2019-06-16 11:00:00+02:00,,27.98,,27.98,22.52,24.48,,29.1,,27.98,27.98,27.98,52.25,46.18,27.98,27.98,51.55,,64.78,27.98,29.1,,49.09,,,,37.2,37.2,,37.2,37.2,37.2,37.2,37.2,52.25,52.25,,,,,27.98,27.98,27.98,27.98,27.98,27.98,52.58,46.18,10.58,31.83,27.98,27.98,27.98,27.98,27.98,29.1,,,,,,
2019-06-16 12:00:00+02:00,,27.17,,27.17,31.6,23.46,,25.87,,27.17,27.17,27.17,55.51,46.85,27.17,27.17,49.33,,64.78,27.17,27.56,,46.97,,,,36.97,36.97,,36.97,36.97,36.97,36.97,36.97,55.51,55.51,,,,,27.17,27.17,27.17,27.17,27.17,27.17,55.86,46.85,10.58,29.92,27.17,27.17,27.17,27.17,27.17,25.87,,,,,,
2019-06-16 13:00:00+02:00,,23.92,,23.92,30.42,19.66,,23.4,,23.92,23.92,23.92,55.52,48.6,23.92,23.92,46.64,,64.72,23.92,23.4,,43.64,,,,27.0,27.0,,27.0,27.0,27.0,27.0,27.0,55.52,55.52,,,,,23.92,23.92,23.92,23.92,23.92,23.92,55.86,48.6,10.58,26.62,23.92,23.92,23.92,23.92,23.92,23.4,,,,,,
2019-06-16 14:00:00+02:00,,23.1,,15.01,30.03,17.62,,19.79,,23.1,23.1,23.1,45.5,47.41,23.1,15.01,37.0,,63.7,23.1,22.93,,36.0,,,,25.6,25.6,,25.6,25.6,25.6,25.6,25.6,45.5,45.5,,,,,25.93,25.1,25.1,23.1,23.1,25.1,45.78,47.41,14.17,28.09,23.1,23.1,23.1,23.1,23.1,19.79,,,,,,
2019-06-16 15:00:00+02:00,,24.65,,16.0,31.6,17.55,,19.6,,24.65,24.65,24.65,55.51,44.34,24.65,16.0,30.17,,64.73,24.65,23.1,,31.62,,,,31.55,31.55,,31.55,31.55,31.55,31.55,31.55,55.51,55.51,,,,,27.51,26.9,26.9,24.65,24.65,26.9,55.86,44.34,23.07,26.18,24.65,24.65,24.65,24.65,24.65,19.6,,,,,,
2019-06-16 16:00:00+02:00,,25.78,,14.56,31.62,21.46,,22.77,,25.78,25.78,25.78,55.5,43.76,25.16,14.56,33.21,,62.58,25.78,29.01,,31.62,,,,41.69,41.69,,41.69,41.69,41.69,41.69,41.69,55.5,55.5,,,,,29.48,29.0,29.0,25.16,25.16,29.0,55.84,43.76,28.98,27.09,25.16,25.16,25.16,25.16,25.78,22.77,,,,,,
2019-06-16 17:00:00+02:00,,30.71,,20.89,31.63,29.63,,28.8,,30.71,30.71,30.71,55.52,42.9,25.91,20.89,39.18,,62.83,30.71,33.07,,37.31,,,,41.44,44.02,,40.76,44.02,44.02,44.02,44.02,55.52,55.52,,,,,34.2,30.12,30.12,25.91,25.91,30.12,55.86,42.9,33.03,32.99,25.91,25.91,25.91,25.91,30.71,28.8,,,,,,
2019-06-16 18:00:00+02:00,,36.06,,29.79,34.07,39.02,,39.96,,38.2,38.2,38.2,55.51,44.0,28.02,25.09,48.99,,67.8,36.06,40.25,,42.09,,,,44.18,54.94,,39.75,54.94,54.94,54.94,54.94,55.51,55.51,,,,,37.75,31.31,31.31,28.02,28.02,31.31,55.86,44.0,40.21,41.64,28.02,28.02,28.02,28.02,36.06,39.96,,,,,,
2019-06-16 19:00:00+02:00,,42.36,,35.05,40.28,41.04,,45.0,,44.84,44.84,44.84,53.91,45.6,28.7,29.58,51.52,,63.8,42.36,45.0,,46.0,,,,56.27,56.27,,42.36,56.27,56.27,78.41,56.27,53.91,53.91,,,,,44.44,31.22,31.78,28.7,28.7,31.22,54.23,45.6,44.95,45.23,28.7,28.7,28.7,28.7,42.36,45.0,,,,,,
2019-06-16 20:00:00+02:00,,45.17,,41.7,42.19,41.09,,46.0,,47.95,47.95,47.95,55.51,49.89,27.92,31.95,53.25,,64.89,45.17,48.23,,40.95,,,,72.01,72.01,,45.16,72.01,72.01,98.41,72.01,55.51,55.51,,,,,49.26,31.24,31.91,27.92,27.92,31.24,55.84,49.89,48.18,48.09,27.92,27.92,27.92,27.92,45.17,46.0,,,,,,
2019-06-16 21:00:00+02:00,,47.97,,41.22,40.5,40.95,,46.1,,51.6,51.6,51.6,45.47,51.94,27.38,30.32,53.81,,66.0,47.97,48.01,,40.61,,,,72.19,72.19,,48.0,72.19,72.19,89.41,72.19,45.47,45.47,,,,,52.15,31.29,31.91,27.38,27.38,31.29,55.41,51.94,47.96,48.06,27.38,27.38,27.38,27.38,47.97,46.1,,,,,,
2019-06-16 22:00:00+02:00,,46.91,,43.53,36.64,40.93,,44.92,,48.05,48.05,48.05,25.66,54.64,25.66,41.02,49.32,,64.83,46.91,44.92,,40.6,,,,69.18,72.01,,46.91,72.01,72.01,78.41,72.01,25.66,25.66,,,,,47.8,31.55,31.9,25.66,25.66,31.55,49.31,54.64,41.67,44.63,25.66,25.66,25.66,25.66,46.91,44.92,,,,,,
2019-06-16 23:00:00+02:00,,40.91,,40.91,31.16,37.69,,38.1,,40.91,40.91,40.91,19.97,49.89,19.97,40.91,42.22,,73.84,40.91,38.1,,38.7,,,,56.27,56.27,,41.4,56.27,56.27,78.41,56.27,19.97,19.97,,,,,40.91,31.4,31.71,19.97,19.97,31.4,43.3,49.89,35.53,39.88,19.97,19.97,19.97,19.97,40.91,38.1,,,,,,
2019-06-17 00:00:00+02:00,,33.06,,33.06,24.93,32.49,,32.9,,33.06,33.06,33.06,18.27,51.69,18.27,33.06,40.36,,84.44,33.06,32.9,,38.43,,,,46.64,60.0,,33.06,60.0,60.0,60.0,60.0,18.27,18.27,,,,,33.06,31.2,31.5,18.27,18.27,31.2,49.97,51.69,29.4,33.06,18.27,18.27,18.27,18.27,33.06,32.9,,,,,,
2019-06-17 01:00:00+02:00,,30.28,,30.28,23.98,30.49,,30.46,,30.28,30.28,30.28,17.03,49.96,17.03,30.28,34.75,,73.22,30.28,30.46,,31.66,,,,45.64,55.86,,30.28,55.86,55.86,55.86,55.86,17.03,17.03,,,,,30.28,30.21,30.21,17.03,17.03,30.21,45.87,49.96,27.29,28.7,17.03,17.03,17.03,17.03,30.28,30.46,,,,,,
2019-06-17 02:00:00+02:00,,28.13,,27.1,23.97,29.93,,28.3,,29.96,29.96,29.96,17.24,47.67,17.24,19.93,31.46,,70.95,28.13,28.3,,29.0,,,,45.64,54.53,,28.13,54.53,54.53,54.53,54.53,17.24,17.24,,,,,30.5,29.96,29.96,17.24,17.24,29.96,44.78,47.67,25.17,26.08,17.24,17.24,17.24,17.24,28.13,28.3,,,,,,
2019-06-17 03:00:00+02:00,,27.36,,27.45,23.97,29.27,,27.25,,29.48,29.48,29.48,15.73,46.07,15.73,18.01,31.42,,71.51,27.36,27.25,,28.1,,,,45.64,51.86,,27.36,51.86,51.86,51.86,51.86,15.73,15.73,,,,,30.46,29.48,29.48,15.73,15.73,29.48,45.12,46.07,20.52,23.76,15.73,15.73,15.73,15.73,27.36,27.25,,,,,,
2019-06-17 04:00:00+02:00,,27.48,,24.3,23.97,29.46,,26.92,,29.49,29.28,29.28,11.74,46.07,11.74,18.23,30.45,,81.17,27.48,26.92,,26.26,,,,45.64,50.86,,27.48,50.86,50.86,50.86,50.86,11.74,11.74,,,,,29.52,29.28,29.28,11.74,11.74,29.28,45.49,46.07,18.4,24.01,11.74,11.74,11.74,11.74,27.48,26.92,,,,,,
2019-06-17 05:00:00+02:00,,30.02,,27.52,24.88,30.64,,28.88,,30.95,30.95,30.95,25.68,48.95,25.68,25.62,31.64,,73.54,30.02,28.88,,25.25,,,,45.64,45.64,,30.02,45.64,45.64,45.64,45.64,25.68,25.68,,,,,30.69,29.7,29.7,25.68,25.68,29.7,44.9,48.95,25.17,26.64,25.68,25.68,25.68,25.68,30.02,28.88,,,,,,
2019-06-17 06:00:00+02:00,,43.64,,32.1,42.67,40.93,,40.54,,45.79,45.79,45.79,55.51,48.5,31.27,24.56,42.91,,64.72,43.64,40.54,,25.11,,,,44.11,44.11,,43.64,44.11,44.11,44.11,44.11,55.51,55.51,,,,,44.22,31.27,31.27,31.27,31.27,31.27,58.93,48.5,25.18,41.05,31.27,31.27,31.27,31.27,43.64,40.54,,,,,,
2019-06-17 07:00:00+02:00,,48.74,,41.97,53.61,38.96,,54.0,,50.8,50.8,50.8,55.55,51.45,37.05,36.29,49.29,,64.73,48.74,54.0,,28.1,,,,48.74,48.74,,48.74,48.74,48.74,60.0,48.74,55.55,55.55,,,,,50.8,33.32,33.32,31.67,31.67,33.32,58.95,51.45,29.41,52.79,33.32,33.32,33.32,33.32,48.74,54.0,,,,,,
2019-06-17 08:00:00+02:00,,47.1,,42.0,53.62,40.92,,54.8,,49.02,49.02,49.02,75.5,53.07,46.12,35.82,48.25,,68.93,47.1,54.8,,34.0,,,,54.53,54.53,,54.53,54.53,54.53,78.46,54.53,75.5,75.5,,,,,49.02,34.86,34.86,34.86,34.86,34.86,75.96,53.07,31.1,54.33,34.86,34.86,34.86,34.86,47.1,54.8,,,,,,
2019-06-17 09:00:00+02:00,,39.19,,39.19,45.3,40.94,,47.2,,39.19,39.19,39.19,55.51,51.85,45.47,39.19,46.75,,72.2,39.19,47.2,,44.56,,,,52.0,52.0,,52.0,52.0,52.0,60.0,52.0,55.51,55.51,,,,,39.19,34.68,34.68,34.68,34.68,34.68,79.32,51.85,29.41,47.2,34.68,34.68,34.68,34.68,39.19,47.2,,,,,,
2019-06-17 10:00:00+02:00,,34.64,,34.64,43.01,37.82,,42.0,,34.64,34.64,34.64,55.5,50.99,45.97,34.64,49.28,,72.96,34.64,42.0,,44.0,,,,47.71,47.71,,47.71,47.71,47.71,60.0,47.71,55.5,55.5,,,,,34.64,33.53,33.53,32.7,32.7,33.53,76.5,50.99,27.3,42.92,33.53,33.53,33.53,33.53,34.64,42.0,,,,,,
2019-06-17 11:00:00+02:00,,33.7,,33.7,41.04,37.78,,41.7,,33.7,32.62,33.7,55.5,50.66,43.09,33.7,42.25,,73.88,33.7,41.7,,40.28,,,,47.39,47.39,,47.39,47.39,47.39,47.39,47.39,55.5,55.5,,,,,33.7,32.62,32.62,32.62,32.62,32.62,78.03,50.66,27.3,45.21,32.62,32.62,32.62,32.62,33.7,41.7,,,,,,
2019-06-17 12:00:00+02:00,,33.99,,33.99,44.02,34.77,,39.67,,33.99,32.9,33.99,55.53,51.2,38.38,33.99,40.31,,74.45,35.89,39.67,,38.43,,,,42.5,42.5,,42.5,42.5,42.5,42.5,42.5,55.53,55.53,,,,,33.99,32.9,32.9,32.67,32.67,32.9,78.89,51.2,27.3,48.05,32.9,32.9,32.9,32.9,35.89,39.67,,,,,,
2019-06-17 13:00:00+02:00,,35.16,,35.16,51.21,33.19,,39.0,,35.16,32.42,35.16,55.51,50.95,35.06,35.16,38.47,,73.22,35.16,39.0,,36.68,,,,42.5,42.5,,42.5,42.5,42.5,42.5,42.5,55.51,55.51,,,,,35.16,32.42,32.42,32.42,32.42,32.42,88.23,50.95,25.18,46.88,32.42,32.42,32.42,32.42,35.16,39.0,,,,,,
2019-06-17 14:00:00+02:00,,34.76,,34.76,52.13,33.51,,38.05,,34.76,32.64,34.76,55.21,48.56,32.7,34.76,35.83,,67.79,34.76,38.05,,34.16,,,,45.64,45.64,,45.64,45.64,45.64,45.64,45.64,55.21,55.21,,,,,34.76,32.64,32.64,32.64,32.64,32.64,77.26,48.56,25.18,46.49,32.64,32.64,32.64,32.64,34.76,38.05,,,,,,
2019-06-17 15:00:00+02:00,,35.5,,35.5,49.81,35.48,,37.93,,35.5,31.66,35.5,45.45,46.85,31.66,35.5,36.58,,64.8,35.5,38.0,,34.88,,,,47.71,47.71,,47.71,47.71,47.71,47.71,47.71,45.45,45.45,,,,,35.5,31.66,31.66,31.66,31.66,31.66,81.49,46.85,27.3,43.81,31.66,31.66,31.66,31.66,35.5,37.93,,,,,,
2019-06-17 16:00:00+02:00,,39.52,,37.39,45.62,36.85,,41.6,,39.52,31.09,36.64,30.74,45.94,30.74,36.2,38.84,,66.0,39.52,41.6,,37.05,,,,50.69,50.69,,50.69,50.69,50.69,60.0,50.69,30.74,30.74,,,,,39.17,31.09,31.09,30.74,30.74,31.09,78.03,45.94,27.3,46.06,30.74,30.74,30.74,30.74,39.52,41.6,,,,,,
2019-06-17 17:00:00+02:00,,44.97,,41.69,56.18,37.85,,51.0,,44.97,44.97,44.97,45.43,47.0,31.27,38.86,43.58,,68.85,44.97,51.0,,41.58,,,,52.92,52.92,,52.92,52.92,52.92,78.46,52.92,45.43,45.43,,,,,44.97,31.27,31.27,31.27,31.27,31.27,76.33,47.0,31.11,51.13,31.27,31.27,31.27,31.27,44.97,51.0,,,,,,
2019-06-17 18:00:00+02:00,,55.6,,46.97,60.27,39.12,,59.25,,57.06,57.06,57.06,45.47,46.72,31.46,41.06,49.13,,75.13,55.6,59.25,,51.58,,,,56.44,56.44,,56.44,56.44,56.44,85.0,56.44,45.47,45.47,,,,,55.55,31.46,31.46,31.46,31.46,31.46,73.7,46.72,37.68,56.81,31.46,31.46,31.46,31.46,55.6,59.25,,,,,,
2019-06-17 19:00:00+02:00,,66.55,,53.67,68.9,39.56,,64.6,,70.1,70.1,70.1,45.47,47.52,31.42,42.44,55.06,,73.85,66.55,64.6,,57.81,,,,66.55,66.55,,66.55,66.55,66.55,93.1,66.55,45.47,45.47,,,,,70.1,31.42,31.42,31.42,31.42,31.42,75.43,47.52,40.22,61.76,31.42,31.42,31.42,31.42,66.55,64.6,,,,,,
2019-06-17 20:00:00+02:00,,65.43,,53.69,65.33,37.85,,63.61,,69.52,69.52,69.52,38.83,49.62,29.76,39.97,58.63,,73.96,65.43,63.61,,61.57,,,,60.0,68.53,,60.0,68.53,68.53,129.21,68.53,38.83,38.83,,,,,69.52,31.32,31.32,29.76,29.76,31.32,75.26,49.62,63.4,62.32,29.76,29.76,29.76,29.76,65.43,63.61,,,,,,
2019-06-17 21:00:00+02:00,,54.92,,45.4,59.04,37.9,,58.0,,58.24,58.24,58.24,39.93,50.87,28.18,34.24,56.43,,73.89,54.92,58.0,,59.26,,,,60.64,60.64,,60.64,60.64,60.64,129.21,60.64,39.93,39.93,,,,,58.24,31.41,31.41,28.18,28.18,31.41,67.69,50.87,57.99,57.01,28.18,28.18,28.18,28.18,54.92,58.0,,,,,,
2019-06-17 22:00:00+02:00,,44.57,,46.86,51.67,40.66,,50.1,,45.53,45.53,45.53,23.24,49.89,23.24,41.09,48.06,,73.95,44.57,50.1,,50.48,,,,54.53,54.53,,45.44,54.53,54.53,93.1,54.53,23.24,23.24,,,,,46.67,31.38,31.38,23.24,23.24,31.38,66.63,49.89,41.71,49.64,23.24,23.24,23.24,23.24,44.57,50.1,,,,,,
2019-06-17 23:00:00+02:00,,39.1,,39.1,37.86,37.53,,42.2,,39.1,31.14,31.14,19.74,48.51,19.74,39.1,43.15,,67.14,39.1,42.2,,45.32,,,,48.64,48.64,,41.67,48.64,48.64,78.46,48.64,19.74,19.74,,,,,39.1,31.14,31.14,19.74,19.74,31.14,60.41,48.51,35.99,41.46,19.74,19.74,19.74,19.74,39.1,42.2,,,,,,
2019-06-18 00:00:00+02:00,,32.97,,32.97,27.24,33.08,,34.2,,32.97,17.77,17.77,17.77,51.45,17.77,32.97,43.85,,64.73,32.97,34.2,,41.95,,,,50.99,54.53,,50.39,54.53,54.53,67.0,54.53,17.77,17.77,,,,,32.97,30.88,30.88,17.77,17.77,30.88,57.01,51.45,34.2,35.76,17.77,17.77,17.77,17.77,32.97,34.2,,,,,,
2019-06-18 01:00:00+02:00,,32.85,,32.85,23.98,30.36,,30.9,,32.85,30.23,30.23,17.75,49.51,17.75,32.85,37.0,,67.31,32.85,30.9,,36.4,,,,49.72,55.86,,43.64,55.86,55.86,55.86,55.86,17.75,17.75,,,,,32.85,30.23,30.23,17.75,17.75,30.23,57.64,49.51,30.9,32.52,17.75,17.75,17.75,17.75,32.85,30.9,,,,,,
2019-06-18 02:00:00+02:00,,30.6,,32.86,23.97,29.42,,29.43,,30.6,29.88,29.88,16.21,48.62,16.21,28.54,33.62,,67.7,30.6,29.43,,32.15,,,,48.72,54.53,,41.96,54.53,54.53,54.53,54.53,16.21,16.21,,,,,31.71,29.88,29.88,16.21,16.21,29.88,55.79,48.62,29.43,31.02,16.21,16.21,16.21,16.21,30.6,29.43,,,,,,
2019-06-18 03:00:00+02:00,,30.05,,30.0,23.97,29.1,,28.44,,30.05,29.77,29.77,14.09,47.0,14.09,15.83,33.79,,64.31,30.05,28.44,,32.3,,,,48.72,54.53,,43.51,54.53,54.53,54.53,54.53,14.09,14.09,,,,,32.87,29.77,29.77,14.98,14.98,29.77,54.91,47.0,28.44,29.9,14.09,14.09,14.09,14.09,30.05,28.44,,,,,,
2019-06-18 04:00:00+02:00,,30.96,,26.4,23.96,29.06,,28.07,,30.96,29.62,29.62,10.1,46.0,10.1,15.64,33.51,,64.31,30.96,28.07,,32.04,,,,48.72,54.53,,43.51,54.53,54.53,54.53,54.53,10.1,10.1,,,,,32.6,29.62,29.62,15.0,15.0,29.62,52.86,46.0,28.06,30.03,10.1,10.1,10.1,10.1,30.96,28.07,,,,,,
2019-06-18 05:00:00+02:00,,31.09,,27.06,23.97,29.9,,31.1,,31.09,22.06,22.06,22.06,45.95,22.06,20.07,32.94,,64.31,31.09,31.1,,31.48,,,,46.72,54.53,,43.51,54.53,54.53,54.53,54.53,22.06,22.06,,,,,32.03,30.34,30.34,22.06,22.06,30.34,54.12,45.95,31.09,32.63,22.06,22.06,22.06,22.06,31.09,31.1,,,,,,
2019-06-18 06:00:00+02:00,,41.26,,34.53,41.98,34.4,,43.1,,41.26,39.68,39.68,63.27,46.01,33.03,30.9,38.85,,67.66,41.26,43.1,,37.13,,,,54.15,54.15,,54.15,54.15,54.15,54.15,54.15,63.27,63.27,,,,,40.16,31.4,31.4,31.4,31.4,31.4,63.38,46.01,43.09,45.32,31.4,31.4,31.4,31.4,41.26,43.1,,,,,,
2019-06-18 07:00:00+02:00,,51.74,,39.84,53.63,38.72,,52.12,,51.74,51.74,51.74,65.81,51.45,36.45,31.83,44.89,,64.78,51.74,52.12,,33.37,,,,55.39,55.39,,55.39,55.39,55.39,78.46,55.39,65.81,65.81,,,,,51.74,33.13,33.13,33.13,33.13,33.13,65.92,51.45,52.1,52.29,33.13,33.13,33.13,50.5,51.74,52.12,,,,,,
2019-06-18 08:00:00+02:00,,49.75,,44.56,61.1,39.09,,52.73,,49.75,49.75,49.75,80.61,53.89,34.75,41.05,48.15,,63.74,65.46,59.0,,40.53,,,,65.46,65.46,,65.46,65.46,65.46,78.46,65.46,80.61,80.61,,,,,49.75,34.75,34.75,34.75,34.75,34.75,80.73,53.89,58.97,56.45,34.75,34.75,34.75,48.56,65.46,52.73,,,,,,
2019-06-18 09:00:00+02:00,,43.74,,45.11,58.51,40.32,,45.66,,43.74,43.74,43.74,92.24,53.0,36.9,41.61,46.42,,63.74,56.26,57.53,,68.87,,,,56.26,56.26,,56.26,56.26,56.26,78.46,56.26,92.24,92.24,,,,,45.11,35.8,35.8,35.11,35.11,35.8,92.38,53.0,57.5,54.0,35.8,35.8,35.8,42.69,56.26,45.66,,,,,,
2019-06-18 10:00:00+02:00,,39.92,,39.92,59.21,38.34,,40.04,,39.92,39.92,39.92,87.59,51.0,36.22,39.92,44.82,,64.81,54.04,55.24,,83.07,,,,54.04,54.04,,54.04,54.04,54.04,78.46,54.04,87.59,87.59,,,,,39.92,35.6,35.6,35.25,35.25,35.6,87.71,51.0,55.21,52.23,35.6,35.6,35.6,38.96,54.04,40.04,,,,,,
2019-06-18 11:00:00+02:00,,38.9,,38.9,55.88,37.51,,37.6,,38.9,38.9,38.9,57.17,48.5,36.24,38.9,40.04,,67.84,51.86,52.75,,83.07,,,,51.86,51.86,,51.86,51.86,51.86,67.0,51.86,57.17,57.17,,,,,38.9,34.92,34.92,34.92,34.92,34.92,87.57,48.5,52.72,51.08,34.92,34.92,34.92,37.97,51.86,37.6,,,,,,
2019-06-18 12:00:00+02:00,,37.12,,37.12,55.99,34.74,,35.42,,37.12,37.12,37.12,100.43,45.9,34.46,37.12,41.67,,67.7,47.39,51.9,,79.2,,,,47.39,47.39,,47.39,47.39,47.39,47.39,47.39,100.43,100.43,,,,,37.12,34.46,34.46,34.46,34.46,34.46,100.55,45.9,51.87,49.85,34.46,34.46,34.46,36.23,47.39,35.42,,,,,,
2019-06-18 13:00:00+02:00,,36.1,,36.1,55.98,34.46,,35.25,,36.1,36.1,36.1,100.29,45.58,33.52,36.1,45.97,,67.8,45.02,50.92,,82.5,,,,45.02,45.02,,45.02,45.02,45.02,45.02,45.02,100.29,100.29,,,,,36.1,33.52,33.52,33.52,33.52,33.52,100.41,45.58,50.89,48.94,33.52,33.52,33.52,33.52,45.02,35.25,,,,,,
2019-06-18 14:00:00+02:00,,36.06,,36.06,62.0,34.91,,35.01,,36.06,36.06,36.06,64.96,41.67,32.85,36.06,44.79,,65.49,54.0,52.37,,49.68,,,,54.0,54.0,,54.0,54.0,54.0,54.0,54.0,84.1,84.1,,,,,36.06,32.85,32.85,32.85,32.85,32.85,84.19,41.67,52.34,52.35,32.85,32.85,32.85,32.85,54.0,35.01,,,,,,
2019-06-18 15:00:00+02:00,,38.37,,35.3,60.08,35.01,,35.97,,38.37,38.37,38.37,87.83,39.51,31.16,33.2,39.52,,64.8,55.86,55.01,,49.68,,,,55.86,55.86,,55.86,55.86,55.86,55.86,55.86,87.83,87.83,,,,,38.37,31.98,31.98,31.16,31.16,31.98,87.93,39.51,54.97,54.34,31.16,31.16,31.16,31.16,55.86,35.97,,,,,,
2019-06-18 16:00:00+02:00,,42.92,,38.04,61.09,37.07,,40.0,,42.92,42.92,42.92,53.05,38.13,29.44,34.65,44.22,,64.84,57.1,57.04,,51.5,,,,58.53,58.53,,58.53,58.53,58.53,67.0,58.53,53.05,53.05,,,,,42.92,31.9,31.9,29.44,29.44,31.9,77.69,38.13,57.0,57.23,29.44,29.44,29.44,29.44,57.1,40.0,,,,,,
2019-06-18 17:00:00+02:00,,45.5,,53.74,63.68,39.49,,47.0,,47.74,47.74,47.74,57.19,39.51,30.4,39.51,55.37,,64.9,55.53,58.62,,65.23,,,,55.53,55.53,,55.53,55.53,55.53,68.74,55.53,57.19,57.19,,,,,53.74,31.69,31.69,30.4,30.4,31.69,73.13,39.51,58.58,57.09,30.4,30.4,30.4,30.4,55.53,47.0,,,,,,
2019-06-18 18:00:00+02:00,,49.28,,58.18,64.69,40.06,,57.8,,51.96,51.96,51.96,55.25,41.06,31.5,41.06,60.6,,67.7,49.28,61.13,,75.22,,,,56.06,56.06,,56.06,56.06,56.06,78.46,56.06,55.25,55.25,,,,,58.8,31.5,31.5,31.5,31.5,31.5,73.21,41.06,61.08,57.91,31.5,31.5,31.5,31.5,49.28,57.8,,,,,,
2019-06-18 19:00:00+02:00,,62.91,,53.31,67.89,40.75,,66.93,,66.16,66.16,66.16,55.3,42.05,31.42,42.05,66.29,,67.42,62.91,67.93,,69.55,,,,62.0,62.0,,62.0,62.0,62.0,111.1,62.0,55.3,55.3,,,,,66.16,31.42,31.42,31.42,31.42,31.42,74.01,42.05,67.88,66.34,31.42,31.42,31.42,31.42,62.91,66.93,,,,,,
2019-06-18 20:00:00+02:00,,63.1,,51.38,74.91,40.95,,64.27,,67.12,67.12,67.12,53.05,45.2,29.38,37.46,65.11,,67.9,63.1,70.91,,68.31,,,,63.1,66.86,,63.1,66.86,66.86,129.21,66.86,53.05,53.05,,,,,67.12,31.2,31.2,29.38,29.38,31.2,68.69,45.2,70.85,67.2,29.38,29.38,29.38,29.38,63.1,64.27,,,,,,
2019-06-18 21:00:00+02:00,,49.72,,41.43,70.27,39.01,,55.0,,53.2,53.2,53.2,61.02,50.66,27.88,31.0,54.85,,67.9,58.13,65.79,,57.54,,,,58.13,58.13,,58.13,58.13,58.13,129.21,58.13,61.02,61.02,,,,,53.2,31.62,31.66,27.88,27.88,31.62,61.05,50.66,65.73,60.97,27.88,27.88,27.88,27.88,58.13,55.0,,,,,,
2019-06-18 22:00:00+02:00,,44.92,,40.59,55.46,40.26,,46.3,,47.06,47.06,47.06,24.82,51.2,24.82,35.08,48.48,,67.86,51.8,51.41,,50.84,,,,55.0,55.0,,51.8,55.0,55.0,89.46,55.0,24.82,24.82,,,,,47.0,31.54,31.95,24.82,24.82,31.54,63.99,51.2,51.37,50.07,24.82,24.82,24.82,24.82,51.8,46.3,,,,,,
2019-06-18 23:00:00+02:00,,37.08,,37.08,46.9,38.12,,39.5,,37.08,37.08,37.08,20.52,45.61,20.52,37.08,41.56,,67.63,40.1,44.21,,43.58,,,,47.78,47.78,,43.64,47.78,47.78,71.46,47.78,20.52,20.52,,,,,37.08,31.31,31.69,20.52,20.52,31.31,57.54,45.61,44.17,44.74,20.52,20.52,20.52,20.52,40.1,39.5,,,,,,
2019-06-19 00:00:00+02:00,,34.12,,34.12,37.63,35.6,,34.3,,34.12,34.12,34.12,4.1,44.93,4.1,34.12,45.54,,67.74,34.12,37.69,,47.65,,,,48.0,54.53,,48.0,54.53,54.53,73.63,54.53,4.1,4.1,,,,,34.12,31.59,31.59,23.53,23.53,31.59,56.53,44.93,37.65,40.1,4.1,4.1,4.1,4.1,34.12,34.3,,,,,,
2019-06-19 01:00:00+02:00,,33.26,,35.1,33.46,34.28,,33.4,,33.26,31.15,31.15,14.08,40.9,14.08,24.91,39.4,,67.81,33.26,33.4,,41.22,,,,47.31,55.86,,42.5,55.86,55.86,65.0,55.86,14.08,14.08,,,,,35.32,31.15,31.15,20.42,20.42,31.15,56.39,40.9,33.37,36.53,14.08,14.08,14.08,14.08,33.26,33.4,,,,,,
2019-06-19 02:00:00+02:00,,33.02,,33.1,30.63,32.77,,31.55,,33.02,30.85,30.85,17.59,40.11,17.59,22.97,37.51,,67.92,33.02,31.55,,39.26,,,,47.31,54.53,,39.68,54.53,54.53,54.53,54.53,17.59,17.59,,,,,35.06,30.85,30.85,19.99,19.99,30.85,55.58,40.11,31.52,33.25,17.59,17.59,17.59,17.59,33.02,31.55,,,,,,
2019-06-19 03:00:00+02:00,,33.23,,32.7,25.01,32.19,,31.42,,33.23,30.86,30.86,16.76,40.01,16.76,21.99,37.4,,69.68,33.23,31.42,,39.14,,,,47.31,54.53,,38.03,54.53,54.53,54.53,54.53,16.76,16.76,,,,,35.39,30.86,30.86,19.55,19.55,30.86,53.5,40.01,31.39,31.46,16.76,16.76,16.76,16.76,33.23,31.42,,,,,,
2019-06-19 04:00:00+02:00,,33.62,,28.3,25.05,32.14,,31.2,,33.62,30.93,30.93,14.01,40.01,14.01,17.31,37.04,,69.7,33.62,31.2,,38.76,,,,47.31,54.53,,37.59,54.53,54.53,54.53,54.53,14.01,14.01,,,,,35.01,30.93,30.93,19.62,19.62,30.93,53.1,40.01,31.17,31.64,14.01,14.01,14.01,14.01,33.62,31.2,,,,,,
2019-06-19 05:00:00+02:00,,33.28,,24.42,34.03,33.31,,32.36,,33.28,33.28,33.28,24.92,41.77,24.92,19.27,37.0,,67.85,33.28,32.36,,38.73,,,,47.31,54.53,,39.15,54.53,54.53,54.53,54.53,24.92,24.92,,,,,32.04,31.02,31.02,24.92,24.92,31.02,52.86,41.77,32.33,34.18,24.92,24.92,24.92,24.92,33.28,32.36,,,,,,
2019-06-19 06:00:00+02:00,,43.07,,29.47,36.8,38.24,,43.6,,43.07,43.07,43.07,63.32,47.0,32.06,21.59,39.83,,64.79,43.07,43.68,,39.73,,,,53.83,53.83,,53.5,53.83,53.83,60.02,53.83,63.32,63.32,,,,,40.96,32.06,32.06,32.06,32.06,32.06,63.45,47.0,43.64,46.27,32.06,32.06,32.06,43.07,43.07,43.6,,,,,,
2019-06-19 07:00:00+02:00,,52.75,,43.64,57.07,38.52,,55.5,,54.43,54.43,54.43,65.67,47.98,35.04,37.89,46.15,,67.79,54.49,58.52,,39.13,,,,54.53,54.53,,54.49,54.53,54.53,75.63,54.53,65.67,65.67,,,,,52.3,33.84,33.84,33.84,33.84,33.84,65.81,47.98,58.47,56.2,33.84,33.84,33.84,54.43,54.49,55.5,,,,,,
2019-06-19 08:00:00+02:00,,55.3,,48.46,52.14,41.37,,54.5,,58.64,58.64,58.64,136.4,48.5,34.5,39.41,58.16,,67.8,60.1,59.13,,65.87,,,,60.1,60.1,,60.1,60.1,60.1,110.63,60.1,136.4,136.4,,,,,58.42,34.5,34.5,34.5,34.5,34.5,74.15,48.5,59.07,60.05,34.5,34.5,34.5,58.64,60.1,54.5,,,,,,
2019-06-19 09:00:00+02:00,,49.28,,43.8,54.57,40.44,,48.3,,49.28,49.28,49.28,76.46,50.37,36.76,39.72,67.47,,67.79,60.1,59.57,,134.0,,,,60.1,60.1,,60.1,60.1,60.1,80.0,60.1,76.46,76.46,,,,,48.83,34.49,34.49,34.49,34.49,34.49,76.65,50.37,59.51,57.92,34.49,34.49,34.49,49.28,60.1,48.3,,,,,,
2019-06-19 10:00:00+02:00,,42.98,,42.98,59.05,39.62,,42.14,,42.98,42.98,42.98,79.77,49.56,39.96,42.98,70.5,,69.07,56.68,59.29,,100.4,,,,56.68,56.68,,56.68,56.68,56.68,56.68,56.68,79.77,79.77,,,,,42.98,34.87,34.87,34.87,34.87,34.87,79.98,49.56,59.24,55.65,34.87,34.87,34.87,42.98,56.68,42.14,,,,,,
2019-06-19 11:00:00+02:00,,40.81,,40.81,55.99,38.54,,41.41,,40.81,40.81,40.81,82.09,49.0,39.94,40.81,65.0,,67.82,57.12,61.99,,75.22,,,,57.12,57.12,,57.12,57.12,57.12,60.02,57.12,82.09,82.09,,,,,40.81,34.75,34.75,34.75,34.75,34.75,82.3,49.0,61.94,57.02,34.75,34.75,34.75,40.81,57.12,41.41,,,,,,
2019-06-19 12:00:00+02:00,,37.01,,37.01,71.95,36.81,,38.62,,37.01,37.01,37.01,81.13,51.2,39.53,37.01,64.09,,67.84,54.89,62.06,,67.1,,,,54.89,54.89,,54.89,54.89,54.89,54.89,54.89,81.13,81.13,,,,,37.01,35.24,35.24,35.24,35.24,35.24,81.36,51.2,62.0,56.45,35.24,35.24,35.24,37.01,54.89,38.62,,,,,,
2019-06-19 13:00:00+02:00,,36.93,,36.93,71.21,36.77,,54.0,,36.93,36.93,36.93,80.43,51.0,38.43,36.93,57.36,,67.82,56.22,61.19,,60.06,,,,54.78,54.78,,54.78,54.78,54.78,54.78,54.78,80.43,80.43,,,,,36.93,34.97,34.97,34.97,34.97,34.97,80.66,51.0,61.14,57.96,34.97,34.97,34.97,36.93,56.22,54.0,,,,,,
2019-06-19 14:00:00+02:00,,36.29,,36.29,73.05,36.11,,50.0,,36.29,36.29,36.29,76.01,48.07,35.88,36.29,47.7,,67.8,56.16,65.03,,49.95,,,,56.16,56.16,,56.16,56.16,56.16,56.16,56.16,76.01,76.01,,,,,36.29,35.0,35.0,35.0,35.0,35.0,76.24,48.07,64.98,59.92,35.0,35.0,35.0,36.29,56.16,50.0,,,,,,
2019-06-19 15:00:00+02:00,,36.09,,36.09,58.09,36.02,,37.74,,36.09,36.09,36.09,76.32,46.0,33.4,36.09,39.31,,69.02,57.3,62.0,,41.17,,,,57.3,57.3,,57.3,57.3,57.3,57.3,57.3,76.32,76.32,,,,,36.09,33.4,33.4,33.4,33.4,33.4,76.55,46.0,61.95,59.3,33.4,33.4,33.4,36.09,57.3,37.74,,,,,,
2019-06-19 16:00:00+02:00,,34.91,,34.91,54.64,36.91,,38.17,,34.91,34.91,34.91,74.82,47.0,32.38,34.91,38.72,,63.28,53.35,58.35,,40.55,,,,65.71,65.71,,65.71,65.71,65.71,65.71,65.71,74.82,74.82,,,,,34.91,32.38,32.38,32.38,32.38,32.38,75.06,47.0,58.3,58.42,32.38,32.38,32.38,34.91,53.35,38.17,,,,,,
2019-06-19 17:00:00+02:00,,42.91,,34.8,50.49,37.44,,43.01,,42.91,42.91,42.91,73.28,47.04,32.48,30.32,43.76,,62.48,42.91,52.93,,42.0,,,,69.89,69.89,,69.89,69.89,69.89,78.63,69.89,73.28,73.28,,,,,41.78,32.48,32.48,32.48,32.48,32.48,73.52,47.04,52.89,56.64,32.48,32.48,32.48,42.91,42.91,43.01,,,,,,
2019-06-19 18:00:00+02:00,,48.3,,43.68,62.84,38.12,,46.7,,49.94,49.94,49.94,74.17,47.03,32.83,38.63,51.57,,62.98,48.3,58.98,,49.08,,,,60.0,60.0,,60.0,60.0,60.0,89.63,60.0,74.17,74.17,,,,,49.94,32.83,32.83,32.83,32.83,32.83,74.42,47.03,58.94,57.98,32.83,32.83,32.83,49.94,48.3,46.7,,,,,,
2019-06-19 19:00:00+02:00,,51.17,,45.63,65.04,38.2,,53.3,,53.17,53.17,53.17,73.19,48.0,33.01,39.47,54.9,,64.85,51.17,62.68,,52.25,,,,69.0,69.0,,69.0,69.0,69.0,129.21,69.0,73.19,73.19,,,,,53.17,33.01,33.01,33.01,33.01,33.01,73.45,48.0,62.63,58.51,33.01,33.01,33.01,53.17,51.17,53.3,,,,,,
2019-06-19 20:00:00+02:00,,48.57,,41.65,63.69,37.55,,52.24,,51.07,51.07,51.07,53.08,49.0,32.29,33.93,52.73,,73.1,60.0,70.58,,50.19,,,,62.39,62.39,,60.0,62.39,62.39,129.21,62.39,53.08,53.08,,,,,51.07,32.29,32.29,32.29,32.29,32.29,74.35,49.0,70.52,65.09,32.29,32.29,32.29,49.85,60.0,52.24,,,,,,
2019-06-19 21:00:00+02:00,,44.92,,40.67,59.56,38.09,,47.1,,45.64,45.64,45.64,54.1,52.33,31.57,36.63,47.12,,83.58,58.36,65.02,,44.85,,,,58.36,58.36,,58.36,58.36,58.36,129.21,58.36,54.1,54.1,,,,,45.64,31.57,31.57,31.57,31.57,31.57,72.98,52.33,64.97,62.01,31.57,31.57,31.57,44.55,58.36,47.1,,,,,,
2019-06-19 22:00:00+02:00,,40.08,,40.08,48.46,38.57,,43.01,,40.08,40.08,40.08,57.32,50.99,30.2,40.08,45.21,,83.62,49.83,51.99,,43.04,,,,54.53,54.53,,49.83,54.53,54.53,129.21,54.53,57.32,57.32,,,,,40.08,31.1,31.1,30.2,30.2,31.1,66.01,50.99,51.95,52.02,30.2,30.2,30.2,39.12,49.83,43.01,,,,,,
2019-06-19 23:00:00+02:00,,34.99,,34.99,35.95,35.79,,36.53,,34.99,34.99,34.99,28.86,50.0,28.86,34.99,41.62,,69.72,38.1,40.09,,39.62,,,,49.3,49.3,,44.52,49.3,49.3,104.63,49.3,28.86,28.86,,,,,34.99,31.54,31.54,28.86,28.86,31.54,56.94,50.0,40.06,44.65,28.86,28.86,28.86,28.86,38.1,36.53,,,,,,
2019-06-20 00:00:00+02:00,,30.8,,30.8,38.24,34.15,,33.13,,30.8,30.75,30.75,28.95,50.1,28.95,30.8,46.13,,68.56,30.8,35.08,,44.0,,,,55.86,55.86,,48.25,55.86,55.86,80.0,55.86,28.95,28.95,,,,,30.8,30.75,30.75,28.95,28.95,30.75,48.28,50.1,35.07,38.0,28.95,28.95,28.95,28.95,30.8,33.13,,,,,,
2019-06-20 01:00:00+02:00,,30.23,,29.5,24.83,31.98,,31.54,,30.23,30.23,30.23,28.43,46.43,28.43,29.5,40.49,,67.78,30.23,31.54,,38.62,,,,69.0,69.0,,43.0,69.0,69.0,70.0,69.0,28.43,28.43,,,,,31.23,30.23,30.23,28.43,28.43,30.23,44.1,46.43,31.53,33.91,28.43,28.43,28.43,28.43,30.23,31.54,,,,,,
2019-06-20 02:00:00+02:00,,29.87,,30.3,23.97,30.63,,30.21,,29.87,29.87,29.87,27.34,43.25,27.34,29.55,37.0,,67.9,29.87,30.21,,35.3,,,,69.53,69.53,,41.11,69.53,69.53,69.53,69.53,27.34,27.34,,,,,30.08,29.54,29.54,27.34,27.34,29.54,37.84,43.25,30.2,31.22,27.34,27.34,27.34,27.34,29.87,30.21,,,,,,
2019-06-20 03:00:00+02:00,,28.71,,30.3,23.97,30.26,,29.01,,28.71,28.71,28.71,25.07,41.86,25.07,27.07,36.96,,67.94,28.71,29.01,,35.26,,,,65.26,65.26,,40.62,65.26,65.26,65.26,65.26,25.07,25.07,,,,,30.0,29.04,29.04,25.07,25.07,29.04,40.48,41.86,29.0,27.87,25.07,25.07,25.07,25.07,28.71,29.01,,,,,,
2019-06-20 04:00:00+02:00,,28.54,,31.8,23.97,29.98,,28.03,,28.54,28.54,28.54,18.7,41.77,18.7,21.04,36.45,,67.9,28.54,28.03,,34.77,,,,63.93,63.93,,40.65,63.93,63.93,63.93,63.93,18.7,18.7,,,,,31.7,28.8,28.8,18.7,18.7,28.8,43.97,41.77,28.02,27.68,18.7,18.7,18.7,18.7,28.54,28.03,,,,,,
2019-06-20 05:00:00+02:00,,29.11,,31.0,23.98,30.2,,28.0,,29.11,29.11,29.11,23.05,43.55,23.05,27.73,36.21,,69.73,29.11,30.06,,34.55,,,,60.0,60.0,,40.97,60.0,60.0,60.0,60.0,23.05,23.05,,,,,30.03,29.07,29.07,23.05,23.05,29.07,45.86,43.55,30.05,30.66,23.05,23.05,23.05,23.05,29.11,28.0,,,,,,
2019-06-20 06:00:00+02:00,,30.93,,33.0,35.04,32.76,,31.01,,30.93,30.93,30.93,31.03,45.13,31.03,29.42,35.32,,65.1,30.93,36.7,,33.71,,,,54.42,54.42,,49.39,54.42,54.42,54.42,54.42,31.03,31.03,,,,,31.98,30.71,30.71,30.71,30.71,30.71,43.48,45.13,36.7,43.41,30.71,30.71,30.71,30.71,30.93,31.01,,,,,,
2019-06-20 07:00:00+02:00,,36.09,,36.09,49.07,37.68,,37.22,,36.09,36.09,36.09,46.66,48.07,38.9,36.09,43.17,,65.28,36.09,46.35,,35.0,,,,55.86,55.86,,55.86,55.86,55.86,76.62,55.86,46.66,46.66,,,,,36.09,32.33,32.33,32.33,32.33,32.33,46.88,48.07,46.34,52.07,32.33,32.33,32.33,35.23,36.09,37.22,,,,,,
2019-06-20 08:00:00+02:00,,39.62,,42.03,55.16,40.02,,39.1,,39.68,39.68,39.68,51.61,49.0,39.98,40.39,54.86,,64.8,39.62,50.58,,46.35,,,,60.86,60.86,,60.86,60.86,60.86,80.0,60.86,51.61,51.61,,,,,41.76,32.48,32.48,32.48,32.48,32.48,51.86,49.0,50.58,55.99,32.48,32.48,32.48,39.68,39.62,39.1,,,,,,
2019-06-20 09:00:00+02:00,,36.91,,50.07,50.16,38.08,,38.7,,36.91,36.91,36.91,56.97,50.0,47.65,39.35,59.38,,64.8,38.1,53.44,,75.22,,,,57.86,57.86,,57.86,57.86,57.86,78.62,57.86,56.97,56.97,,,,,50.07,31.9,31.9,31.9,31.9,31.9,57.24,50.0,53.44,56.91,31.9,31.9,31.9,36.91,38.1,38.7,,,,,,
2019-06-20 10:00:00+02:00,,35.69,,46.48,55.01,37.92,,37.8,,35.69,35.69,35.69,82.75,50.0,48.82,38.95,56.55,,67.76,58.86,55.62,,59.43,,,,58.86,58.86,,58.86,58.86,58.86,70.0,58.86,82.75,82.75,,,,,44.9,31.74,31.74,31.74,31.74,31.74,58.54,50.0,55.61,56.45,31.74,31.74,31.74,35.69,58.86,37.8,,,,,,
2019-06-20 11:00:00+02:00,,36.98,,39.71,63.07,37.5,,37.8,,36.98,36.98,36.98,58.36,50.1,50.09,37.81,47.04,,67.85,57.86,57.43,,49.45,,,,57.86,57.86,,57.86,57.86,57.86,57.86,57.86,58.36,58.36,,,,,39.29,31.35,31.35,31.35,31.35,31.35,58.63,50.1,57.43,61.03,31.35,31.35,31.35,36.98,57.86,37.8,,,,,,
2019-06-20 12:00:00+02:00,,36.08,,36.08,69.98,35.39,,34.8,,36.08,36.08,36.08,200.01,51.0,44.71,36.08,42.71,,67.86,54.53,62.52,,44.91,,,,54.53,54.53,,54.53,54.53,54.53,54.53,54.53,200.01,200.01,,,,,36.08,31.31,31.31,31.31,31.31,31.31,59.12,51.0,62.52,64.07,31.31,31.31,31.31,35.21,54.53,34.8,,,,,,
2019-06-20 13:00:00+02:00,,34.09,,34.09,74.02,34.66,,34.1,,34.09,34.09,34.09,82.74,50.33,39.24,34.09,38.75,,67.83,54.02,61.1,,40.73,,,,54.02,54.02,,54.02,54.02,54.02,54.02,54.02,82.74,82.74,,,,,34.09,30.96,30.96,30.96,30.96,30.96,59.24,50.33,61.1,63.57,30.96,30.96,30.96,33.27,54.02,34.1,,,,,,
2019-06-20 14:00:00+02:00,,33.17,,33.17,68.09,34.22,,33.7,,33.17,33.17,33.17,58.9,47.11,38.0,33.17,36.39,,67.7,55.75,58.36,,38.26,,,,55.75,55.75,,55.75,55.75,55.75,55.75,55.75,58.9,58.9,,,,,33.17,30.95,30.95,30.95,30.95,30.95,59.17,47.11,58.36,63.55,30.95,30.95,30.95,32.37,55.75,33.7,,,,,,
2019-06-20 15:00:00+02:00,,33.93,,33.93,63.12,33.77,,33.82,,33.93,33.93,33.93,51.58,47.0,30.61,33.93,36.23,,67.77,57.71,59.58,,38.1,,,,57.71,57.71,,57.71,57.71,57.71,57.71,57.71,51.58,51.58,,,,,33.93,30.61,30.61,30.61,30.61,30.61,51.81,47.0,59.59,61.56,30.61,30.61,30.61,33.11,57.71,33.82,,,,,,
2019-06-20 16:00:00+02:00,,33.54,,33.54,55.55,33.64,,31.75,,33.54,33.54,33.54,44.79,45.55,30.17,33.54,36.1,,67.86,58.91,60.58,,37.97,,,,58.91,58.91,,58.91,58.91,58.91,70.0,58.91,44.79,44.79,,,,,33.54,30.17,30.17,30.17,30.17,30.17,45.0,45.55,60.59,61.22,30.17,30.17,30.17,32.73,58.91,31.75,,,,,,
2019-06-20 17:00:00+02:00,,36.71,,36.71,59.03,36.96,,36.35,,36.71,36.71,36.71,45.68,44.51,30.21,36.71,44.69,,69.99,59.59,61.98,,42.71,,,,59.59,59.59,,59.59,59.59,59.59,78.62,59.59,45.68,45.68,,,,,36.71,30.21,30.21,30.21,30.21,30.21,45.88,44.51,61.99,60.06,30.21,30.21,30.21,35.83,59.59,36.35,,,,,,
2019-06-20 18:00:00+02:00,,39.62,,39.62,57.28,39.76,,42.4,,39.62,39.62,39.62,44.78,44.0,35.41,39.62,49.18,,70.02,56.1,58.84,,47.02,,,,56.67,56.67,,56.67,56.67,56.67,104.62,56.67,44.78,44.78,,,,,39.62,30.55,30.55,30.55,30.55,30.55,44.98,44.0,58.84,58.18,30.55,30.55,30.55,30.55,56.1,42.4,,,,,,
2019-06-20 19:00:00+02:00,,44.15,,42.38,64.13,39.74,,47.0,,44.82,44.82,44.82,48.04,43.85,30.58,40.48,50.91,,64.94,54.01,60.09,,48.67,,,,64.0,64.0,,64.0,64.0,64.0,129.21,64.0,48.04,48.04,,,,,44.82,30.58,30.58,30.58,30.58,30.58,48.26,43.85,60.1,63.54,30.58,30.58,30.58,43.75,54.01,47.0,,,,,,
2019-06-20 20:00:00+02:00,,50.15,,44.45,60.05,38.39,,49.64,,51.96,51.96,51.96,44.72,45.4,29.82,38.57,57.52,,64.93,61.0,60.51,,54.99,,,,70.86,70.86,,61.0,70.86,70.86,129.21,70.86,44.72,44.72,,,,,51.96,29.82,29.82,29.82,29.82,29.82,49.51,45.4,60.52,65.52,29.82,29.82,29.82,44.72,61.0,49.64,,,,,,
2019-06-20 21:00:00+02:00,,47.53,,41.01,52.47,38.87,,47.29,,50.0,50.0,50.0,53.01,48.07,28.46,34.05,55.93,,68.57,58.0,59.45,,53.48,,,,58.0,58.0,,58.0,58.0,58.0,129.21,58.0,53.01,53.01,,,,,50.0,29.25,29.25,28.46,28.46,29.25,54.22,48.07,59.46,60.32,28.46,28.46,28.46,28.46,58.0,47.29,,,,,,
2019-06-20 22:00:00+02:00,,46.33,,45.44,46.29,41.07,,44.25,,46.63,46.63,46.63,25.38,47.04,25.38,44.71,52.28,,69.74,49.71,51.01,,50.0,,,,54.53,54.53,,49.71,54.53,54.53,118.62,54.53,25.38,25.38,,,,,46.52,29.29,30.28,25.38,25.38,29.29,52.91,47.04,51.02,52.06,25.38,25.38,25.38,25.38,49.71,44.25,,,,,,
2019-06-20 23:00:00+02:00,,39.28,,39.28,40.41,38.44,,38.51,,39.28,39.28,39.28,16.95,44.51,16.95,39.28,42.47,,69.16,39.28,43.12,,40.62,,,,53.47,53.47,,43.61,53.47,53.47,79.63,53.47,16.95,16.95,,,,,39.28,31.06,31.06,16.95,16.95,31.06,50.59,44.51,43.13,45.62,16.95,16.95,16.95,16.95,39.28,38.51,,,,,,
2019-06-21 00:00:00+02:00,,34.3,,34.3,39.55,34.42,,33.7,,34.3,34.3,34.3,24.89,45.93,24.89,34.3,43.28,,67.79,35.88,41.04,,44.62,,,,50.19,50.19,,35.88,50.19,50.19,78.0,50.19,24.89,24.89,,,,,34.3,31.32,31.32,24.89,24.89,31.32,52.16,45.93,41.06,37.95,24.89,24.89,24.89,24.89,35.88,33.7,,,,,,
2019-06-21 01:00:00+02:00,,32.17,,31.1,34.15,32.41,,32.44,,32.17,32.17,32.17,23.22,44.4,23.22,30.47,36.39,,67.67,32.17,33.71,,37.52,,,,58.0,58.0,,32.17,58.0,58.0,58.0,58.0,23.22,23.22,,,,,32.03,31.01,31.01,23.22,23.22,31.01,53.22,44.4,33.73,31.69,23.22,23.22,23.22,23.22,32.17,32.44,,,,,,
2019-06-21 02:00:00+02:00,,31.67,,28.92,32.01,31.52,,31.97,,31.92,31.92,31.92,20.41,42.53,20.41,27.21,35.78,,67.75,31.67,31.97,,36.9,,,,55.86,55.86,,31.67,55.86,55.86,55.86,55.86,20.41,20.41,,,,,31.52,30.51,30.51,20.72,20.72,30.51,53.19,42.53,31.99,29.93,20.41,20.41,20.41,20.41,31.67,31.97,,,,,,
2019-06-21 03:00:00+02:00,,30.8,,24.55,25.19,31.32,,31.46,,33.0,33.0,33.0,18.76,41.87,18.76,19.76,35.8,,69.1,30.8,31.46,,36.9,,,,54.53,54.53,,30.8,54.53,54.53,54.53,54.53,18.76,18.76,,,,,31.81,30.79,30.79,20.6,20.6,30.79,52.79,41.87,31.48,28.81,18.76,18.76,18.76,18.76,30.8,31.46,,,,,,
2019-06-21 04:00:00+02:00,,33.42,,23.55,30.93,31.35,,30.9,,33.42,33.42,33.42,14.06,41.91,14.06,17.91,35.79,,67.8,33.42,30.9,,36.9,,,,55.86,55.86,,33.42,55.86,55.86,55.86,55.86,14.06,14.06,,,,,32.04,31.02,31.02,20.61,20.61,31.02,52.83,41.91,30.92,28.42,14.06,14.06,14.06,14.06,33.42,30.9,,,,,,
2019-06-21 05:00:00+02:00,,34.02,,27.91,35.35,32.58,,32.46,,34.02,34.02,34.02,24.13,43.14,24.13,24.39,35.79,,67.73,34.02,32.46,,36.91,,,,55.59,55.59,,34.02,55.59,55.59,55.59,55.59,24.13,24.13,,,,,33.19,31.35,31.35,24.13,24.13,31.35,51.94,43.14,32.48,29.89,24.13,24.13,24.13,24.13,34.02,32.46,,,,,,
2019-06-21 06:00:00+02:00,,40.72,,31.77,44.83,38.97,,38.34,,40.72,40.72,40.72,44.63,45.73,27.45,26.61,38.07,,67.8,41.5,40.06,,37.41,,,,54.53,54.53,,41.5,54.53,54.53,58.0,54.53,44.63,44.63,,,,,39.51,31.65,31.65,27.45,27.45,31.65,62.96,45.73,40.08,41.96,27.45,27.45,27.45,27.45,41.5,38.34,,,,,,
2019-06-21 07:00:00+02:00,,44.1,,37.31,53.75,42.81,,49.0,,46.42,46.42,46.42,57.15,48.66,28.24,31.98,42.55,,69.11,49.35,53.69,,38.56,,,,52.15,52.15,,49.35,52.15,52.15,78.59,52.15,57.15,57.15,,,,,45.38,32.28,32.28,28.24,28.24,32.28,57.67,48.66,53.72,51.4,28.24,28.24,28.24,28.24,49.35,49.0,,,,,,
2019-06-21 08:00:00+02:00,,47.09,,47.09,64.72,46.01,,51.9,,47.09,47.09,47.09,83.53,47.41,29.92,47.09,48.03,,67.84,55.86,59.68,,49.77,,,,55.86,55.86,,55.86,55.86,55.86,85.0,55.86,83.53,83.53,,,,,47.09,32.36,32.36,29.92,29.92,32.36,77.61,47.41,59.72,56.78,29.92,29.92,29.92,45.96,55.86,51.9,,,,,,
2019-06-21 09:00:00+02:00,,44.41,,44.41,59.65,44.14,,45.02,,44.41,44.41,44.41,76.47,48.07,30.33,44.41,49.88,,64.85,55.2,59.58,,56.02,,,,55.2,55.2,,55.2,55.2,55.2,79.59,55.2,76.47,76.47,,,,,44.41,32.03,32.03,30.33,30.33,32.03,77.17,48.07,59.62,58.04,30.33,30.33,30.33,43.34,55.2,45.02,,,,,,
2019-06-21 10:00:00+02:00,,43.93,,43.93,58.12,41.09,,40.44,,43.93,43.93,43.93,79.56,48.34,31.05,43.93,46.17,,64.85,55.15,58.06,,48.75,,,,55.15,55.15,,55.15,55.15,55.15,78.0,55.15,79.56,79.56,,,,,43.93,31.95,31.95,31.05,31.05,31.95,80.29,48.34,58.09,58.01,31.05,31.05,31.05,42.88,55.15,40.44,,,,,,
2019-06-21 11:00:00+02:00,,41.04,,41.04,63.09,39.44,,38.21,,41.04,41.04,41.04,82.01,48.9,31.39,41.04,42.03,,67.85,55.02,59.5,,44.39,,,,54.53,54.53,,54.53,54.53,54.53,78.0,54.53,82.01,82.01,,,,,41.04,31.72,31.72,31.39,31.39,31.72,82.77,48.9,59.53,58.04,31.39,31.39,31.39,40.06,54.53,38.21,,,,,,
2019-06-21 12:00:00+02:00,,36.21,,36.21,70.05,37.8,,36.1,,36.21,36.21,36.21,83.57,50.03,31.39,36.21,42.61,,67.84,71.04,61.05,,45.0,,,,49.48,49.48,,49.48,49.48,49.48,60.0,49.48,83.57,83.57,,,,,36.21,31.39,31.39,31.39,31.39,31.39,84.34,50.03,61.09,58.09,31.39,31.39,31.39,35.34,49.48,36.1,,,,,,
2019-06-21 13:00:00+02:00,,33.53,,33.53,72.01,36.17,,33.97,,33.53,33.53,33.53,83.52,49.81,29.5,33.53,39.14,,67.79,68.1,58.97,,41.34,,,,49.06,49.06,,49.06,49.06,49.06,57.0,49.06,83.52,83.52,,,,,33.53,31.53,31.53,29.5,29.5,31.53,84.29,49.81,59.01,58.01,29.5,29.5,29.5,32.73,49.06,33.97,,,,,,
2019-06-21 14:00:00+02:00,,32.41,,32.41,70.07,34.95,,33.01,,32.41,32.41,32.41,74.59,49.0,28.53,32.41,36.45,,67.32,58.09,58.99,,38.49,,,,52.86,52.86,,52.86,52.86,52.86,53.63,52.86,74.59,74.59,,,,,32.41,31.37,31.37,28.53,28.53,31.37,75.28,49.0,59.03,57.72,28.53,28.53,28.53,28.53,52.86,33.01,,,,,,
2019-06-21 15:00:00+02:00,,32.26,,32.26,67.5,34.57,,33.13,,32.26,31.02,31.02,67.99,46.96,27.77,32.26,36.43,,64.79,68.07,60.37,,38.47,,,,54.53,54.53,,54.53,54.53,54.53,60.0,54.53,67.99,67.99,,,,,32.26,31.02,31.02,27.77,27.77,31.02,68.62,46.96,60.41,59.42,27.77,27.77,27.77,27.77,54.53,33.13,,,,,,
2019-06-21 16:00:00+02:00,,32.22,,32.22,66.15,34.54,,33.73,,32.22,30.61,30.61,44.62,46.42,28.39,32.22,37.58,,64.84,63.02,61.09,,39.68,,,,54.86,54.86,,54.86,54.86,54.86,61.59,54.86,44.62,44.62,,,,,32.22,30.61,30.61,28.39,28.39,30.61,64.88,46.42,61.14,58.95,28.39,28.39,28.39,28.39,54.86,33.73,,,,,,
2019-06-21 17:00:00+02:00,,34.98,,34.98,62.43,38.43,,38.0,,34.98,30.42,30.42,44.68,45.93,28.41,34.98,45.3,,67.56,68.04,62.14,,46.7,,,,54.53,54.53,,54.53,54.53,54.53,79.59,54.53,44.68,44.68,,,,,34.98,30.42,30.42,28.41,28.41,30.42,62.3,45.93,62.19,61.52,28.41,28.41,28.41,28.41,54.53,38.0,,,,,,
2019-06-21 18:00:00+02:00,,40.79,,40.79,57.58,42.31,,42.0,,40.79,40.79,40.79,44.7,45.75,28.54,40.79,52.57,,67.88,49.92,58.5,,54.19,,,,54.19,54.19,,49.92,54.19,54.19,111.5,54.19,44.7,44.7,,,,,40.79,30.71,30.71,28.54,28.54,30.71,56.6,45.75,58.54,55.91,28.54,28.54,28.54,28.54,49.92,42.0,,,,,,
2019-06-21 19:00:00+02:00,,44.18,,43.27,58.16,42.36,,47.0,,44.54,44.54,44.54,44.66,46.01,28.08,42.36,57.04,,67.9,44.58,59.1,,58.8,,,,59.0,59.0,,44.58,59.0,59.0,129.21,59.0,44.66,44.66,,,,,44.5,30.88,30.88,28.08,28.08,30.88,56.66,46.01,59.15,60.06,28.08,28.08,28.08,28.08,44.58,47.0,,,,,,
2019-06-21 20:00:00+02:00,,45.96,,40.89,59.81,41.25,,50.02,,47.84,42.04,42.04,25.01,48.15,25.01,35.48,58.61,,69.5,45.96,60.79,,60.42,,,,65.94,65.94,,45.96,65.94,65.94,129.21,65.94,25.01,25.01,,,,,47.84,31.09,31.09,25.01,25.01,31.09,56.63,48.15,60.84,61.51,25.01,25.01,25.01,25.01,45.96,50.02,,,,,,
2019-06-21 21:00:00+02:00,,46.63,,38.46,56.1,41.67,,48.2,,49.91,42.23,42.23,25.65,49.0,25.65,29.57,52.57,,67.87,69.02,59.05,,51.66,,,,65.94,65.94,,45.68,65.94,65.94,129.21,65.94,25.65,25.65,,,,,49.91,31.29,31.29,25.65,25.65,31.29,56.63,49.0,59.1,61.95,25.65,25.65,25.65,25.65,46.63,48.2,,,,,,
2019-06-21 22:00:00+02:00,,43.26,,40.33,49.22,41.17,,44.12,,44.41,31.3,31.3,34.92,48.88,24.7,37.46,47.09,,69.78,43.26,52.11,,46.28,,,,55.53,55.53,,43.26,55.53,55.53,119.59,55.53,34.92,34.92,,,,,44.26,31.3,31.3,24.7,24.7,31.3,64.88,48.88,52.15,53.62,24.7,24.7,24.7,24.7,43.26,44.12,,,,,,
2019-06-21 23:00:00+02:00,,36.95,,36.95,40.17,38.18,,38.2,,36.95,30.97,30.97,21.02,48.51,21.02,36.95,42.25,,67.84,39.59,44.09,,41.14,,,,54.53,54.53,,39.59,54.53,54.53,78.59,54.53,21.02,21.02,,,,,36.95,30.97,30.97,21.02,21.02,30.97,57.32,48.51,44.12,45.53,21.02,21.02,21.02,21.02,39.59,38.2,,,,,,
2019-06-22 00:00:00+02:00,,35.58,,31.5,32.23,33.29,,34.7,,35.58,33.63,33.63,25.02,49.86,25.02,28.65,53.63,,68.9,45.08,38.34,,51.27,,,,51.97,51.97,,48.04,51.97,51.97,65.0,51.97,25.02,25.02,,,,,35.58,31.38,33.63,25.02,25.02,31.38,51.35,49.86,38.4,39.87,25.02,25.02,25.02,25.02,45.08,34.7,,,,,,
2019-06-22 01:00:00+02:00,,31.91,,24.93,29.26,31.94,,33.4,,31.91,30.82,30.82,21.14,48.32,21.14,20.37,40.6,,67.79,33.1,33.4,,38.81,,,,62.5,62.5,,43.59,62.5,62.5,65.0,62.5,21.14,21.14,,,,,31.84,30.82,30.82,21.14,21.14,30.82,51.78,48.32,33.45,36.87,21.14,21.14,21.14,21.14,33.1,33.4,,,,,,
2019-06-22 02:00:00+02:00,,29.99,,21.41,26.62,31.7,,32.46,,29.99,29.99,29.99,15.02,45.99,15.02,16.56,38.16,,67.68,36.1,32.46,,36.48,,,,61.97,61.97,,42.0,61.97,61.97,61.97,61.97,15.02,15.02,,,,,29.44,29.99,29.99,19.89,19.89,29.99,51.79,45.99,32.51,32.55,15.02,15.02,15.02,15.02,36.1,32.46,,,,,,
2019-06-22 03:00:00+02:00,,29.92,,21.2,25.24,31.2,,32.42,,29.92,29.92,29.92,2.91,45.4,2.91,16.35,35.75,,67.7,35.97,32.42,,34.17,,,,53.97,53.97,,37.0,53.97,53.97,53.97,53.97,2.91,2.91,,,,,29.28,29.92,29.92,17.96,17.96,29.92,51.7,45.4,32.47,32.05,2.91,2.91,2.91,2.91,35.97,32.42,,,,,,
2019-06-22 04:00:00+02:00,,29.3,,18.78,23.97,30.73,,31.51,,29.3,29.3,29.3,1.5,45.96,1.5,12.62,34.74,,67.74,34.93,31.51,,33.21,,,,53.97,53.97,,34.93,53.97,53.97,53.97,53.97,1.5,1.5,,,,,28.98,29.3,29.3,17.8,17.8,29.3,55.6,45.96,31.56,30.85,1.5,1.5,1.5,1.5,34.93,31.51,,,,,,
2019-06-22 05:00:00+02:00,,29.06,,21.75,23.97,30.32,,30.55,,29.06,29.06,29.06,2.4,45.42,2.4,17.63,34.56,,67.81,30.0,30.55,,33.04,,,,51.46,51.46,,30.4,51.46,51.46,51.46,51.46,2.4,2.4,,,,,28.59,29.06,29.06,17.77,17.77,29.06,54.0,45.42,30.6,31.05,2.4,2.4,2.4,2.4,30.0,30.55,,,,,,
2019-06-22 06:00:00+02:00,,29.91,,21.93,23.97,31.46,,31.54,,29.91,29.91,29.91,15.02,44.0,15.02,17.37,33.48,,63.45,29.91,31.54,,32.0,,,,44.55,44.55,,36.09,44.55,44.55,44.55,44.55,15.02,15.02,,,,,29.48,30.45,30.45,20.21,20.21,30.45,56.08,44.0,31.59,34.13,15.02,15.02,15.02,15.02,29.91,31.54,,,,,,
2019-06-22 07:00:00+02:00,,32.57,,28.99,31.63,34.96,,34.8,,32.57,32.57,32.57,51.61,43.0,23.92,26.94,33.52,,63.39,35.1,38.9,,32.04,,,,46.55,46.55,,35.1,46.55,46.55,53.66,46.55,51.61,51.61,,,,,32.36,31.08,31.65,23.92,23.92,31.08,51.79,43.0,38.96,40.01,23.92,23.92,23.92,23.92,35.1,34.8,,,,,,
2019-06-22 08:00:00+02:00,,34.85,,28.14,31.62,36.81,,36.04,,34.85,34.85,34.85,52.14,45.9,23.11,24.34,36.96,,63.39,38.1,40.39,,36.19,,,,44.5,44.5,,38.61,44.5,44.5,65.0,44.5,52.14,52.14,,,,,34.46,31.21,33.35,23.11,23.11,31.21,62.86,45.9,40.45,42.36,23.11,23.11,23.11,23.11,38.1,36.04,,,,,,
2019-06-22 09:00:00+02:00,,31.98,,29.87,31.62,32.86,,34.47,,31.98,31.98,31.98,52.1,48.48,23.96,28.67,47.0,,63.39,43.77,45.43,,46.02,,,,44.51,44.51,,43.77,44.51,44.51,65.0,44.51,52.1,52.1,,,,,31.86,31.61,31.62,23.96,23.96,31.61,65.01,48.48,45.5,45.39,23.96,23.96,23.96,23.96,43.77,34.47,,,,,,
2019-06-22 10:00:00+02:00,,31.06,,28.7,31.63,31.56,,32.3,,31.06,31.06,31.06,52.14,48.16,24.7,27.35,50.34,,63.39,43.77,45.69,,48.11,,,,48.01,48.01,,43.77,48.01,48.01,59.69,48.01,52.14,52.14,,,,,30.92,31.06,31.06,24.7,24.7,31.06,64.96,48.16,44.92,46.12,24.7,24.7,24.7,24.7,43.77,32.3,,,,,,
2019-06-22 11:00:00+02:00,,29.98,,26.67,31.62,30.99,,30.8,,29.98,29.98,29.98,52.14,48.0,25.37,24.76,44.74,,63.39,42.3,42.37,,43.81,,,,44.49,44.49,,42.3,44.49,44.49,55.0,44.49,52.14,52.14,,,,,29.79,29.98,29.98,25.37,25.37,29.98,66.63,48.0,42.44,43.9,25.37,25.37,25.37,25.37,42.3,30.8,,,,,,
2019-06-22 12:00:00+02:00,,29.97,,29.97,31.62,30.43,,28.6,,29.97,29.97,29.97,48.5,48.07,24.9,29.97,41.88,,64.47,45.55,39.55,,40.03,,,,42.16,42.16,,36.79,42.16,42.16,53.66,42.16,48.5,48.5,,,,,29.97,29.97,29.97,24.9,24.9,29.97,66.65,48.07,39.61,41.91,24.9,24.9,24.9,24.9,36.79,28.6,,,,,,
2019-06-22 13:00:00+02:00,,28.55,,28.55,31.62,30.08,,28.4,,28.55,28.55,28.55,42.68,46.83,24.31,28.55,38.03,,63.42,50.0,37.64,,37.23,,,,41.8,41.8,,35.13,41.8,41.8,49.69,41.8,42.68,42.68,,,,,28.55,28.55,28.55,24.31,24.31,28.55,65.6,46.83,37.7,40.42,24.31,24.31,24.31,24.31,35.13,28.4,,,,,,
2019-06-22 14:00:00+02:00,,28.45,,24.83,31.62,29.8,,28.03,,28.45,28.45,28.45,42.67,45.37,24.31,22.73,34.1,,63.4,30.99,36.88,,33.39,,,,41.0,41.0,,30.99,41.0,41.0,45.01,41.0,42.67,42.67,,,,,28.18,28.45,28.45,24.31,24.31,28.45,64.18,45.37,36.94,39.94,24.31,24.31,24.31,24.31,30.99,28.03,,,,,,
2019-06-22 15:00:00+02:00,,28.69,,21.74,31.63,29.68,,28.03,,28.69,28.69,28.69,42.66,43.72,23.47,17.74,32.44,,64.8,35.0,36.38,,31.0,,,,41.0,41.0,,35.0,41.0,41.0,50.0,41.0,42.66,42.66,,,,,28.21,29.14,29.14,23.47,23.47,29.14,63.34,43.72,36.44,40.39,23.47,23.47,23.47,23.47,35.0,28.03,,,,,,
2019-06-22 16:00:00+02:00,,29.96,,20.98,31.63,30.27,,29.0,,29.96,29.96,29.96,42.66,42.51,23.2,15.8,32.42,,67.7,34.82,37.64,,30.99,,,,41.0,41.0,,34.82,41.0,41.0,59.69,41.0,42.66,42.66,,,,,29.41,30.38,30.38,23.2,23.2,30.38,62.89,42.51,37.71,40.04,23.2,23.2,23.2,23.2,34.82,29.0,,,,,,
2019-06-22 17:00:00+02:00,,33.15,,23.46,31.64,33.01,,32.5,,33.15,33.15,33.15,42.68,42.51,23.23,17.91,35.13,,67.94,36.41,39.41,,33.57,,,,43.0,43.0,,36.41,43.0,43.0,77.45,43.0,42.68,42.68,,,,,32.37,31.34,31.34,23.23,23.23,31.34,61.39,42.51,39.47,40.68,23.23,23.23,23.23,32.35,36.41,32.5,,,,,,
2019-06-22 18:00:00+02:00,,34.73,,29.91,31.64,36.3,,38.03,,34.73,34.73,34.73,52.1,43.37,23.5,27.21,47.89,,67.74,42.29,42.77,,45.77,,,,45.0,45.0,,42.29,45.0,45.0,77.14,45.0,52.1,52.1,,,,,34.37,31.89,33.27,23.5,23.5,31.89,56.64,43.37,42.84,43.54,23.5,23.5,23.5,33.89,42.29,38.03,,,,,,
2019-06-22 19:00:00+02:00,,37.58,,35.96,34.96,36.68,,39.5,,37.91,37.91,37.91,42.69,44.51,23.97,34.8,53.81,,64.88,45.1,46.85,,51.42,,,,45.21,45.21,,45.1,45.21,45.21,111.5,45.21,42.69,42.69,,,,,37.91,31.85,33.65,23.97,23.97,31.85,55.95,44.51,46.93,46.56,23.97,23.97,23.97,37.0,45.1,39.5,,,,,,
2019-06-22 20:00:00+02:00,,35.38,,33.6,37.45,35.21,,39.0,,35.38,35.38,35.38,42.68,47.01,23.66,32.54,55.94,,63.6,45.1,50.58,,53.46,,,,51.97,51.97,,45.1,51.97,51.97,111.14,51.97,42.68,42.68,,,,,35.38,31.7,33.63,23.66,23.66,31.7,52.32,47.01,50.67,50.46,23.66,23.66,23.66,34.53,45.1,39.0,,,,,,
2019-06-22 21:00:00+02:00,,32.63,,31.56,35.53,34.58,,37.2,,32.63,32.63,32.63,42.62,49.0,24.89,30.85,53.09,,67.72,46.3,49.24,,38.23,,,,51.97,51.97,,46.3,51.97,51.97,111.5,51.97,42.62,42.62,,,,,32.63,31.48,31.58,24.89,24.89,31.48,53.07,49.0,49.33,49.25,24.89,24.89,24.89,31.84,46.3,37.2,,,,,,
2019-06-22 22:00:00+02:00,,34.03,,34.03,32.73,32.69,,34.91,,34.03,34.03,34.03,24.96,49.61,24.96,34.03,48.11,,69.78,42.3,43.95,,36.2,,,,44.51,44.51,,42.3,44.51,44.51,77.45,44.51,24.96,24.96,,,,,34.03,31.22,32.91,24.96,24.96,31.22,51.5,49.61,44.03,45.54,24.96,24.96,24.96,24.96,42.3,34.91,,,,,,
2019-06-22 23:00:00+02:00,,29.58,,29.58,28.94,29.59,,30.2,,29.58,29.58,29.58,22.87,47.53,22.87,29.58,42.51,,64.81,29.58,34.03,,35.0,,,,42.08,42.08,,41.61,42.08,42.08,60.45,42.08,22.87,22.87,,,,,29.58,30.26,30.26,22.87,22.87,30.26,42.67,47.53,34.09,40.09,22.87,22.87,22.87,22.87,29.58,30.2,,,,,,
2019-06-23 00:00:00+02:00,,28.1,,28.1,36.67,26.75,,25.5,,28.1,28.1,28.1,21.39,45.01,21.39,28.1,49.31,,62.48,36.1,35.78,,38.0,,,,44.97,44.97,,37.9,44.97,44.97,46.8,44.97,21.39,21.39,,,,,28.1,29.03,29.03,21.39,21.39,29.03,30.92,45.01,35.8,31.44,21.39,21.39,21.39,21.39,36.1,25.5,,,,,,
2019-06-23 01:00:00+02:00,,26.76,,25.32,23.96,24.3,,22.01,,26.76,26.76,26.76,16.92,42.86,16.92,23.48,50.29,,62.78,34.1,27.31,,30.88,,,,51.97,51.97,,35.0,51.97,51.97,51.97,51.97,16.92,16.92,,,,,26.94,28.41,28.41,19.71,19.71,28.41,31.04,42.86,27.33,24.84,16.92,16.92,16.92,16.92,34.1,22.01,,,,,,
2019-06-23 02:00:00+02:00,,26.02,,14.44,23.95,21.93,,19.72,,26.02,26.02,26.02,14.05,40.18,14.05,14.44,38.37,,62.22,26.02,23.5,,30.88,,,,44.5,44.5,,26.02,44.5,44.5,44.5,44.5,14.05,14.05,,,,,31.62,28.28,28.28,15.41,15.41,28.28,30.98,40.18,23.52,21.75,14.05,14.05,14.05,14.05,26.02,19.72,,,,,,
2019-06-23 03:00:00+02:00,,25.33,,6.54,23.95,20.24,,17.3,,25.33,25.33,25.33,8.22,38.85,8.22,6.54,37.42,,62.22,25.33,19.93,,26.8,,,,42.53,42.53,,25.33,42.53,42.53,42.53,42.53,8.22,8.22,,,,,36.39,26.94,26.94,14.61,14.61,26.94,30.9,38.85,19.94,18.03,8.22,8.22,8.22,8.22,25.33,17.3,,,,,,
2019-06-23 04:00:00+02:00,,21.81,,4.38,23.94,18.78,,15.0,,21.81,21.81,21.81,4.91,38.4,4.91,4.38,36.9,,62.78,21.81,17.01,,26.8,,,,42.53,42.53,,24.2,42.53,42.53,42.53,42.53,4.91,4.91,,,,,37.62,24.08,24.08,15.2,15.2,24.08,32.45,38.4,17.02,17.32,4.91,4.91,4.91,4.91,21.81,15.0,,,,,,
2019-06-23 05:00:00+02:00,,21.81,,-0.1,23.94,18.47,,14.5,,21.81,21.81,21.81,14.07,38.8,14.07,-0.1,33.6,,62.22,21.81,14.5,,26.8,,,,41.45,41.45,,24.9,41.45,41.45,41.45,41.45,14.07,14.07,,,,,32.12,25.52,25.52,15.23,15.23,25.52,32.52,38.8,14.51,14.58,14.07,14.07,14.07,14.07,21.81,14.5,,,,,,
2019-06-23 06:00:00+02:00,,21.19,,-0.91,23.94,20.01,,17.0,,21.19,21.19,21.19,20.68,38.35,20.68,-0.91,32.43,,64.71,21.19,17.0,,25.0,,,,39.97,39.97,,24.2,39.97,39.97,39.97,39.97,20.68,20.68,,,,,31.53,26.78,26.78,20.68,20.68,26.78,29.62,38.35,17.01,17.98,20.68,20.68,20.68,20.68,21.19,17.0,,,,,,
2019-06-23 07:00:00+02:00,,21.89,,7.2,31.62,22.53,,20.6,,21.89,21.89,21.89,31.03,38.35,21.89,5.07,33.68,,64.73,21.89,25.0,,26.8,,,,39.98,39.98,,24.2,39.98,39.98,39.98,39.98,31.03,31.03,,,,,34.8,24.04,24.04,21.89,21.89,24.04,31.25,38.35,25.02,23.21,21.89,21.89,21.89,21.89,21.89,20.6,,,,,,
2019-06-23 08:00:00+02:00,,25.2,,9.83,31.64,23.3,,23.0,,25.2,25.78,25.78,43.19,42.0,25.78,9.83,33.57,,62.88,25.2,28.78,,29.0,,,,39.97,39.97,,25.2,39.97,39.97,39.97,39.97,43.19,43.19,,,,,32.64,25.91,25.91,25.78,25.78,25.91,44.02,42.0,28.8,26.68,25.78,25.78,25.78,25.78,25.2,23.0,,,,,,
2019-06-23 09:00:00+02:00,,24.95,,9.21,31.63,20.17,,24.0,,24.95,25.72,25.72,50.08,42.7,25.72,9.21,37.95,,65.13,25.1,31.05,,33.0,,,,39.97,39.97,,37.77,39.97,39.97,39.97,39.97,50.08,50.08,,,,,32.59,28.13,28.13,25.72,25.72,28.13,50.44,42.7,31.07,35.05,25.72,25.72,25.72,25.72,25.1,24.0,,,,,,
2019-06-23 10:00:00+02:00,,19.03,,7.19,31.63,12.3,,20.0,,19.03,25.37,25.37,50.07,43.15,25.37,7.19,38.65,,64.75,19.03,36.91,,36.92,,,,39.99,39.99,,39.99,39.99,39.99,39.99,39.99,50.07,50.07,,,,,24.8,25.37,25.37,25.37,25.37,25.37,50.42,43.15,31.15,37.1,25.37,25.37,25.37,25.37,19.03,20.0,,,,,,
2019-06-23 11:00:00+02:00,,16.96,,8.23,31.63,11.2,,19.0,,16.96,24.17,24.17,51.11,43.15,24.17,8.23,45.99,,67.91,36.1,35.6,,41.0,,,,39.3,39.3,,39.3,39.3,39.3,39.3,39.3,51.11,51.11,,,,,24.8,24.17,24.17,24.17,24.17,24.17,51.47,43.15,35.6,35.84,24.17,24.17,24.17,24.17,36.1,19.0,,,,,,
2019-06-23 12:00:00+02:00,,10.61,,12.64,31.64,10.99,,14.5,,9.94,22.04,22.04,51.15,43.42,22.04,11.75,50.46,,67.91,36.1,34.48,,39.0,,,,39.66,39.66,,39.66,39.66,39.66,39.66,39.66,51.15,51.15,,,,,19.0,22.04,22.04,22.04,22.04,22.04,51.52,43.42,34.52,34.6,22.04,22.04,22.04,22.04,36.1,14.5,,,,,,
2019-06-23 13:00:00+02:00,,3.48,,6.22,31.64,5.7,,12.6,,2.58,21.8,21.8,50.07,43.14,21.8,5.03,50.35,,64.78,35.0,30.07,,45.0,,,,35.0,35.0,,35.0,35.0,35.0,35.0,35.0,50.07,50.07,,,,,14.9,21.8,21.8,21.8,21.8,21.8,50.43,43.14,29.46,37.07,21.8,21.8,21.8,21.8,35.0,12.6,,,,,,
2019-06-23 14:00:00+02:00,,-2.69,,2.06,31.64,0.74,,7.01,,-4.27,22.14,22.14,51.26,42.0,22.14,0.01,43.64,,67.8,34.1,28.02,,40.89,,,,37.0,37.0,,37.0,37.0,37.0,37.0,37.0,51.26,51.26,,,,,16.86,22.14,22.14,22.14,22.14,22.14,51.63,42.0,28.04,29.95,22.14,22.14,22.14,22.14,34.1,7.01,,,,,,
2019-06-23 15:00:00+02:00,,-3.16,,2.05,33.03,0.92,,10.6,,-5.34,23.3,23.3,51.84,38.0,23.3,-0.92,41.53,,67.91,25.1,31.12,,39.0,,,,38.95,38.95,,38.95,38.95,38.95,38.95,38.95,51.84,51.84,,,,,22.55,23.3,23.3,23.3,23.3,23.3,52.22,38.35,31.15,32.94,23.3,23.3,23.3,23.3,25.1,10.6,,,,,,
2019-06-23 16:00:00+02:00,,2.07,,3.2,40.9,5.15,,13.5,,0.04,26.48,26.48,26.48,35.0,26.48,0.04,36.89,,67.79,2.07,34.76,,35.25,,,,39.88,39.88,,39.88,39.88,39.88,39.88,39.88,51.24,51.24,,,,,24.59,26.48,26.48,26.48,26.48,26.48,51.6,38.35,31.15,40.11,26.48,26.48,26.48,26.48,2.07,13.5,,,,,,
2019-06-23 17:00:00+02:00,,25.1,,10.03,50.09,19.16,,22.1,,25.1,27.03,27.03,51.66,38.0,27.03,10.03,44.7,,67.87,25.1,34.66,,42.7,,,,41.55,41.55,,39.3,41.55,41.55,41.55,41.55,51.66,51.66,,,,,32.13,30.05,30.05,27.03,27.03,30.05,52.03,38.35,34.69,37.73,27.03,27.03,27.03,27.03,25.1,22.1,,,,,,
2019-06-23 18:00:00+02:00,,28.75,,19.69,50.05,30.0,,32.8,,28.75,28.75,28.75,52.0,39.17,28.75,16.99,53.09,,67.91,28.75,34.67,,50.72,,,,45.01,45.01,,38.49,45.01,45.01,77.45,45.01,52.0,52.0,,,,,32.44,31.4,31.4,28.75,28.75,31.4,52.38,39.17,34.7,37.07,28.75,28.75,28.75,28.75,28.75,32.8,,,,,,
2019-06-23 19:00:00+02:00,,34.91,,39.3,45.03,31.75,,36.1,,35.61,35.61,35.61,51.37,43.15,30.27,23.98,55.95,,67.87,34.91,39.59,,53.45,,,,52.98,52.98,,40.0,52.98,52.98,84.45,52.98,51.37,51.37,,,,,41.18,31.69,31.74,30.27,30.27,31.69,51.74,43.15,39.63,41.53,30.27,30.27,30.27,34.75,34.91,36.1,,,,,,
2019-06-23 20:00:00+02:00,,34.91,,39.3,60.19,32.88,,36.11,,36.35,36.35,36.35,51.36,48.8,29.42,19.1,49.23,,64.97,42.2,47.05,,47.04,,,,71.75,71.75,,42.2,71.75,71.75,125.45,71.75,51.36,51.36,,,,,47.87,31.96,34.54,29.42,29.42,31.96,51.73,48.8,47.1,47.08,29.42,29.42,29.42,35.47,42.2,36.11,,,,,,
2019-06-23 21:00:00+02:00,,31.9,,28.53,61.62,31.85,,35.5,,31.89,31.89,31.89,43.14,52.55,29.47,23.21,46.21,,67.93,45.55,50.6,,45.0,,,,72.22,72.22,,45.55,72.22,72.22,128.21,72.22,43.14,43.14,,,,,32.95,31.89,31.89,29.47,29.47,31.89,51.61,52.55,50.65,49.8,29.47,29.47,29.47,31.13,45.55,35.5,,,,,,
2019-06-23 22:00:00+02:00,,34.19,,34.19,44.54,31.59,,35.26,,34.19,34.19,34.19,31.02,55.0,29.77,34.19,44.46,,67.85,36.1,38.5,,43.51,,,,71.75,71.75,,42.2,71.75,71.75,124.45,71.75,31.02,31.02,,,,,34.19,31.56,31.56,29.77,29.77,31.56,51.31,55.0,38.54,40.33,29.77,29.77,29.77,29.77,36.1,35.26,,,,,,
2019-06-23 23:00:00+02:00,,28.57,,30.11,37.68,28.09,,28.22,,28.19,28.19,28.19,27.04,52.55,27.04,29.48,37.02,,72.66,34.1,33.59,,38.0,,,,60.0,60.0,,37.57,60.0,60.0,78.0,60.0,27.04,27.04,,,,,34.4,30.82,30.82,27.04,27.04,30.82,34.72,52.55,33.63,33.81,27.04,27.04,27.04,27.04,34.1,28.22,,,,,,
2019-06-24 00:00:00+02:00,,26.97,,26.97,23.97,25.09,,28.02,,26.97,26.97,26.97,26.32,51.0,26.32,26.97,40.16,,69.94,26.97,28.02,,39.3,,,,53.0,53.0,,36.57,53.0,53.0,71.22,53.0,26.32,26.32,,,,,26.97,26.97,26.97,26.32,26.32,26.97,52.15,51.0,28.05,30.11,26.32,26.32,26.32,26.32,26.97,28.02,,,,,,
2019-06-24 01:00:00+02:00,,25.68,,25.68,23.97,23.25,,25.34,,25.68,25.68,25.68,25.07,49.0,25.07,25.68,37.97,,67.78,25.68,25.34,,37.2,,,,52.2,52.2,,27.0,52.2,52.2,52.55,52.2,25.07,25.07,,,,,25.68,25.68,25.68,25.07,25.07,25.68,51.96,49.0,25.36,25.03,25.07,25.07,25.07,25.07,25.68,25.34,,,,,,
2019-06-24 02:00:00+02:00,,24.0,,24.0,23.96,22.09,,24.87,,24.0,24.0,24.0,23.43,47.0,23.43,24.0,32.22,,69.78,24.0,24.87,,33.08,,,,43.1,43.1,,24.7,43.1,43.1,46.8,43.1,23.43,23.43,,,,,24.0,24.0,24.0,23.77,23.77,24.0,51.52,47.0,24.9,22.77,23.43,23.43,23.43,23.43,24.0,24.87,,,,,,
2019-06-24 03:00:00+02:00,,24.6,,20.99,23.96,21.83,,24.6,,24.6,24.6,24.6,24.01,46.32,24.01,16.83,35.77,,69.78,24.6,24.6,,36.72,,,,43.0,43.0,,24.6,43.0,43.0,43.0,43.0,24.01,24.01,,,,,24.71,24.6,24.6,24.01,24.01,24.6,48.4,46.32,24.63,21.37,24.01,24.01,24.01,24.01,24.6,24.6,,,,,,
2019-06-24 04:00:00+02:00,,22.22,,16.5,23.96,22.73,,25.3,,22.22,22.22,22.22,21.68,46.78,21.68,16.5,35.78,,69.78,22.22,25.3,,36.73,,,,43.0,43.0,,24.7,43.0,43.0,43.0,43.0,21.68,21.68,,,,,27.85,26.96,26.96,23.76,23.76,26.96,45.12,46.78,25.33,22.39,21.68,21.68,21.68,21.68,22.22,25.3,,,,,,
2019-06-24 05:00:00+02:00,,25.97,,23.5,23.98,26.05,,27.8,,25.97,25.97,25.97,25.97,48.0,25.97,20.66,36.72,,69.78,25.97,27.8,,37.7,,,,43.0,43.0,,33.0,43.0,43.0,50.0,43.0,25.97,25.97,,,,,26.03,27.27,27.27,25.97,25.97,27.27,51.53,48.0,27.83,26.25,25.97,25.97,25.97,25.97,25.97,27.8,,,,,,
2019-06-24 06:00:00+02:00,,35.24,,31.2,45.4,34.08,,34.1,,35.24,35.24,35.24,32.29,48.8,32.29,26.51,49.22,,69.74,35.24,41.29,,48.18,,,,45.31,45.31,,45.31,45.31,45.31,50.0,45.31,32.29,32.29,,,,,35.27,32.29,32.29,32.29,32.29,32.29,66.09,48.8,41.34,39.9,32.29,32.29,32.29,32.29,35.24,34.1,,,,,,
2019-06-24 07:00:00+02:00,,47.95,,39.56,57.68,37.06,,44.0,,47.95,47.95,47.95,35.13,48.22,35.13,30.73,60.4,,73.0,54.5,50.05,,43.24,,,,54.5,54.5,,54.5,54.5,54.5,60.22,54.5,35.13,35.13,,,,,48.18,35.13,35.13,35.13,35.13,35.13,69.05,48.22,50.11,51.01,35.13,35.13,35.13,35.13,54.5,44.0,,,,,,
2019-06-24 08:00:00+02:00,,42.78,,37.84,70.97,38.75,,44.92,,42.78,42.78,42.78,42.78,49.0,38.33,32.96,41.38,,69.96,53.22,58.72,,46.4,,,,53.22,53.22,,53.22,53.22,53.22,78.22,53.22,42.78,42.78,,,,,42.78,35.57,35.57,35.57,35.57,35.57,74.19,49.0,58.78,56.02,35.57,35.57,35.57,42.78,53.22,44.92,,,,,,
2019-06-24 09:00:00+02:00,,36.24,,36.24,65.06,36.3,,39.76,,36.24,36.24,36.24,36.24,50.67,36.24,36.24,49.55,,69.78,56.5,58.98,,73.79,,,,53.22,53.22,,53.22,53.22,53.22,71.85,53.22,36.24,36.24,,,,,36.24,35.08,35.08,35.08,35.08,35.08,72.26,50.67,59.05,56.21,35.08,35.08,35.08,36.24,53.22,39.76,,,,,,
2019-06-24 10:00:00+02:00,,32.67,,32.67,64.05,34.37,,36.0,,32.67,32.67,33.75,50.08,50.5,40.61,32.67,62.63,,69.97,65.02,57.97,,75.0,,,,51.71,51.71,,51.71,51.71,51.71,51.71,51.71,50.08,50.08,,,,,32.67,33.75,33.75,33.75,33.75,33.75,67.22,50.5,58.04,53.23,33.75,33.75,33.75,33.75,51.71,36.0,,,,,,
2019-06-24 11:00:00+02:00,,32.74,,32.74,64.27,33.94,,34.0,,32.74,33.47,33.47,50.08,50.1,39.94,32.74,60.61,,68.27,76.04,58.18,,73.79,,,,52.2,52.2,,52.2,52.2,52.2,59.76,52.2,50.08,50.08,,,,,32.74,33.47,33.47,33.47,33.47,33.47,67.3,50.1,58.24,55.34,33.47,33.47,33.47,33.47,52.2,34.0,,,,,,
2019-06-24 12:00:00+02:00,,30.87,,32.09,79.01,32.25,,30.7,,30.87,33.46,33.46,50.08,50.0,37.91,31.6,62.4,,68.85,79.92,60.9,,77.5,,,,45.18,45.18,,45.18,45.18,45.18,52.55,45.18,50.08,50.08,,,,,34.56,33.46,33.46,33.46,33.46,33.46,67.35,50.0,60.97,57.39,33.46,33.46,33.46,33.46,45.18,30.7,,,,,,
2019-06-24 13:00:00+02:00,,30.05,,31.78,72.1,31.67,,30.33,,29.9,33.03,33.03,50.07,49.0,36.08,30.9,59.6,,69.89,71.08,59.91,,87.48,,,,45.08,45.08,,45.08,45.08,45.08,50.0,45.08,50.07,50.07,,,,,34.13,33.03,33.03,33.03,33.03,33.03,67.26,49.0,59.97,56.28,33.03,33.03,33.03,33.03,45.08,30.33,,,,,,
2019-06-24 14:00:00+02:00,,29.92,,31.24,79.03,31.51,,30.0,,29.92,32.82,32.82,50.04,49.0,34.36,30.7,55.91,,70.05,48.48,58.46,,62.22,,,,48.48,48.48,,48.48,48.48,48.48,50.0,48.48,50.04,50.04,,,,,33.91,32.82,32.82,32.82,32.82,32.82,64.95,49.0,58.52,55.91,32.82,32.82,32.82,32.82,48.48,30.0,,,,,,
2019-06-24 15:00:00+02:00,,31.47,,31.58,72.04,31.76,,30.49,,31.41,32.22,32.22,50.03,47.01,32.22,31.58,55.86,,69.87,50.48,59.3,,58.78,,,,50.48,50.48,,50.48,50.48,50.48,50.48,50.48,50.03,50.03,,,,,33.28,32.22,32.22,32.22,32.22,32.22,62.52,47.01,59.36,56.14,32.22,32.22,32.22,32.22,50.48,30.49,,,,,,
2019-06-24 16:00:00+02:00,,32.18,,32.74,65.04,33.28,,32.61,,32.18,32.18,32.78,52.76,47.01,32.78,32.53,54.54,,69.91,51.44,61.01,,57.39,,,,51.44,51.44,,51.44,51.44,51.44,62.22,51.44,52.76,52.76,,,,,33.87,32.78,32.78,32.78,32.78,32.78,62.19,47.01,61.07,58.02,32.78,32.78,32.78,32.78,51.44,32.61,,,,,,
2019-06-24 17:00:00+02:00,,35.95,,35.95,64.09,36.48,,37.99,,35.95,35.34,35.34,52.79,47.01,34.74,35.95,67.3,,68.69,50.0,59.98,,73.79,,,,50.0,50.0,,50.0,50.0,50.0,88.0,50.0,52.79,52.79,,,,,35.95,34.74,34.74,34.37,34.37,34.74,55.69,47.01,60.05,57.39,34.74,34.74,34.74,35.34,50.0,37.99,,,,,,
2019-06-24 18:00:00+02:00,,43.6,,50.0,65.91,38.47,,42.1,,45.06,34.26,45.06,52.38,47.16,38.9,38.45,85.09,,69.88,50.33,59.91,,89.56,,,,50.33,50.33,,50.33,50.33,50.33,128.21,50.33,52.38,52.38,,,,,48.09,34.26,34.26,33.45,33.45,34.26,52.75,47.16,59.97,56.26,34.26,34.26,34.26,45.06,50.33,42.1,,,,,,
2019-06-24 19:00:00+02:00,,54.36,,50.15,70.01,39.04,,46.83,,56.78,33.83,56.78,55.42,48.07,49.45,39.45,83.74,,83.78,54.36,63.95,,88.14,,,,54.36,54.36,,54.36,54.36,54.36,129.21,54.36,55.42,55.42,,,,,57.4,33.83,33.83,32.99,32.99,33.83,55.8,48.07,64.02,60.35,33.83,33.83,33.83,55.42,54.36,46.83,,,,,,
2019-06-24 20:00:00+02:00,,50.1,,57.99,67.83,37.99,,47.0,,54.01,33.2,54.01,52.71,48.0,33.2,30.97,79.7,,83.78,51.99,63.82,,83.12,,,,52.2,52.2,,51.99,52.2,52.2,125.85,52.2,52.71,52.71,,,,,58.43,33.2,33.2,33.2,33.2,33.2,53.08,48.0,63.88,61.89,33.2,33.2,33.2,52.71,51.99,47.0,,,,,,
2019-06-24 21:00:00+02:00,,40.92,,45.7,63.66,36.14,,42.47,,40.92,32.33,40.92,52.71,50.0,32.33,25.49,65.65,,83.77,52.12,60.99,,69.11,,,,52.2,52.2,,52.12,52.2,52.2,124.85,52.2,52.71,52.71,,,,,44.47,32.33,32.33,32.33,32.33,32.33,53.07,50.0,61.05,60.97,32.33,32.33,32.33,39.94,52.12,42.47,,,,,,
2019-06-24 22:00:00+02:00,,34.3,,34.3,44.09,36.11,,38.0,,34.3,32.06,34.3,32.06,50.0,32.06,34.3,56.33,,83.78,40.01,46.0,,57.89,,,,49.1,49.1,,44.95,49.1,49.1,99.85,49.1,32.06,32.06,,,,,34.3,32.06,32.06,32.06,32.06,32.06,57.87,50.0,46.05,48.34,32.06,32.06,32.06,32.06,40.01,38.0,,,,,,
2019-06-24 23:00:00+02:00,,29.0,,29.0,33.98,30.87,,32.72,,29.0,28.82,28.82,28.82,49.0,28.82,29.0,43.7,,67.72,29.0,34.72,,44.91,,,,43.7,43.7,,39.3,43.7,43.7,111.22,43.7,28.82,28.82,,,,,29.0,28.82,28.82,28.82,28.82,28.82,49.48,49.0,34.76,39.95,28.82,28.82,28.82,28.82,29.0,32.72,,,,,,
2019-06-25 00:00:00+02:00,,28.08,,35.19,36.87,29.93,,29.51,,28.08,23.09,25.24,25.24,52.0,25.24,23.01,44.88,,67.68,28.08,35.57,,46.01,,,,44.37,44.37,,44.37,44.37,44.37,77.22,44.37,25.24,25.24,,,,,30.71,29.6,29.6,26.14,26.14,29.6,55.33,52.0,35.61,35.09,25.24,25.24,25.24,25.24,28.08,29.51,,,,,,
2019-06-25 01:00:00+02:00,,25.6,,25.6,30.06,28.39,,27.9,,25.6,24.78,24.78,24.78,51.5,24.78,25.6,40.13,,67.82,25.6,27.9,,41.14,,,,47.1,47.1,,41.94,47.1,47.1,77.22,47.1,24.78,24.78,,,,,25.6,24.78,24.78,24.83,24.83,24.78,54.33,51.5,27.93,26.02,24.78,24.78,24.78,24.78,25.6,27.9,,,,,,
2019-06-25 02:00:00+02:00,,24.48,,24.48,23.98,26.44,,26.36,,24.48,23.7,23.7,23.7,51.03,23.7,24.48,36.92,,64.79,24.48,26.36,,37.85,,,,42.55,42.55,,41.84,42.55,42.55,42.55,42.55,23.7,23.7,,,,,24.48,23.7,23.7,24.68,24.68,23.7,52.74,51.03,26.39,25.05,23.7,23.7,23.7,23.7,24.48,26.36,,,,,,
2019-06-25 03:00:00+02:00,,23.65,,26.1,23.97,26.05,,25.7,,23.65,23.65,23.65,23.09,50.5,23.09,15.63,35.71,,62.48,23.65,25.7,,36.62,,,,41.19,41.19,,40.3,41.19,41.19,41.19,41.19,23.09,23.09,,,,,25.69,24.61,24.61,24.61,24.61,24.61,51.81,50.5,25.72,24.08,23.09,23.09,23.09,23.09,23.65,25.7,,,,,,
2019-06-25 04:00:00+02:00,,22.86,,33.62,23.96,25.85,,25.4,,22.86,22.86,22.86,20.04,50.5,20.04,15.09,34.68,,62.09,22.86,25.4,,35.56,,,,41.19,41.19,,39.85,41.19,41.19,41.19,41.19,20.04,20.04,,,,,27.0,24.02,24.02,24.52,24.52,24.02,51.31,50.5,25.42,24.35,20.04,20.04,20.04,20.04,22.86,25.4,,,,,,
2019-06-25 05:00:00+02:00,,27.29,,31.97,23.96,27.91,,28.47,,27.29,27.29,27.29,27.29,50.36,27.29,23.94,34.07,,59.4,27.29,28.47,,34.94,,,,41.39,41.39,,41.39,41.39,41.39,41.39,41.39,27.29,27.29,,,,,29.09,27.29,27.29,27.29,27.29,27.29,51.78,50.36,28.5,27.2,27.29,27.29,27.29,27.29,27.29,28.47,,,,,,
2019-06-25 06:00:00+02:00,,33.5,,26.74,32.94,35.09,,36.9,,33.5,32.05,33.5,60.4,48.85,38.51,23.52,34.1,,62.48,33.5,37.02,,35.61,,,,44.0,44.0,,44.0,44.0,44.0,55.0,44.0,60.4,60.4,,,,,33.11,32.05,32.05,32.05,32.05,32.05,64.74,48.85,37.05,38.11,32.05,32.05,32.05,32.69,33.5,36.9,,,,,,
2019-06-25 07:00:00+02:00,,43.91,,40.27,40.08,38.43,,49.37,,43.91,35.44,43.91,60.44,50.01,60.44,38.31,42.54,,62.13,43.91,53.23,,40.6,,,,46.02,46.02,,46.02,46.02,46.02,60.22,46.02,60.44,60.44,,,,,43.91,34.28,34.28,33.82,33.82,33.82,60.5,50.01,53.28,52.73,35.44,35.44,35.44,42.86,43.91,49.37,,,,,,
2019-06-25 08:00:00+02:00,,49.18,,45.4,39.08,40.31,,47.0,,49.18,35.16,49.18,71.7,51.52,71.7,43.36,47.63,,61.88,49.18,52.4,,49.22,,,,49.18,49.18,,49.18,49.18,49.18,81.0,49.18,71.7,71.7,,,,,49.18,35.16,35.16,34.06,34.06,34.06,71.78,51.52,52.44,55.05,35.16,35.16,35.16,49.18,49.18,47.0,,,,,,
2019-06-25 09:00:00+02:00,,40.96,,40.96,36.41,40.11,,42.44,,40.96,35.43,40.96,60.49,51.84,60.49,40.96,61.52,,62.16,46.14,55.48,,73.95,,,,46.14,46.14,,46.14,46.14,46.14,71.85,46.14,60.49,60.49,,,,,40.96,35.35,35.35,34.32,34.32,34.32,115.08,51.84,55.52,56.05,35.43,35.43,35.43,39.98,46.14,42.44,,,,,,
2019-06-25 10:00:00+02:00,,37.77,,37.77,38.89,37.54,,40.4,,37.77,35.72,37.77,62.18,51.45,62.18,37.77,68.02,,62.18,46.05,57.05,,72.93,,,,46.05,46.05,,46.05,46.05,46.05,77.22,46.05,62.18,62.18,,,,,37.77,35.41,35.41,34.17,34.17,34.17,72.96,51.45,57.09,56.09,35.72,35.72,35.72,37.77,46.05,40.4,,,,,,
2019-06-25 11:00:00+02:00,,36.45,,36.45,36.85,36.99,,39.9,,36.45,35.59,36.45,69.98,51.03,69.98,36.45,67.0,,62.27,44.0,58.22,,71.93,,,,44.0,44.0,,44.0,44.0,44.0,51.75,44.0,69.98,69.98,,,,,36.45,35.28,35.28,34.03,34.03,34.03,74.12,51.03,58.26,57.05,35.59,35.59,35.59,36.45,44.0,39.9,,,,,,
2019-06-25 12:00:00+02:00,,34.93,,34.96,46.09,35.38,,40.14,,34.92,34.29,34.92,60.47,51.02,60.47,34.95,67.01,,62.78,42.1,58.22,,75.92,,,,42.1,42.1,,42.1,42.1,42.1,42.1,42.1,60.47,60.47,,,,,35.07,33.95,33.95,33.95,33.95,33.95,76.93,51.02,58.26,57.82,34.29,34.29,34.29,34.92,42.1,40.14,,,,,,
2019-06-25 13:00:00+02:00,,33.93,,34.16,45.86,34.94,,58.0,,33.8,33.8,33.8,60.46,51.02,60.46,34.06,65.25,,62.27,44.0,58.0,,76.17,,,,44.0,44.0,,44.0,44.0,44.0,44.0,44.0,60.46,60.46,,,,,34.92,33.8,33.8,33.8,33.8,33.8,76.2,51.02,58.04,57.42,33.8,33.8,33.8,33.8,44.0,58.0,,,,,,
2019-06-25 14:00:00+02:00,,34.03,,34.26,59.18,34.7,,51.99,,33.9,33.9,33.9,60.47,49.51,50.01,34.16,57.84,,61.78,47.83,57.07,,60.79,,,,47.83,47.83,,47.83,47.83,47.83,47.83,47.83,60.47,60.47,,,,,35.02,33.9,33.9,33.65,33.65,33.65,74.11,49.51,57.11,57.13,33.9,33.9,33.9,33.9,47.83,51.99,,,,,,
2019-06-25 15:00:00+02:00,,34.91,,34.91,69.02,35.44,,37.87,,34.91,33.79,34.91,50.1,47.2,33.79,34.91,53.6,,60.9,48.98,59.0,,56.33,,,,48.98,48.98,,48.98,48.98,48.98,48.98,48.98,50.1,50.1,,,,,34.91,33.79,33.79,33.42,33.42,33.59,74.1,47.2,59.04,58.24,33.79,33.79,33.79,34.91,48.98,37.87,,,,,,
2019-06-25 16:00:00+02:00,,36.93,,36.93,38.9,36.59,,39.02,,36.93,33.46,36.93,50.04,47.16,33.46,36.93,50.71,,60.9,52.2,61.97,,53.3,,,,52.2,52.2,,52.2,52.2,52.2,52.2,52.2,50.04,50.04,,,,,36.93,33.46,33.46,33.24,33.24,33.46,72.92,47.16,62.0,60.64,33.46,33.46,33.46,36.05,52.2,39.02,,,,,,
2019-06-25 17:00:00+02:00,,49.22,,59.08,55.97,39.0,,43.96,,49.22,36.78,49.22,60.41,47.2,35.06,37.01,65.26,,61.88,52.2,63.97,,68.59,,,,52.2,52.2,,52.2,52.2,52.2,77.22,52.2,60.41,60.41,,,,,55.88,35.06,35.06,33.06,33.06,35.06,72.91,47.2,64.0,62.01,35.06,35.06,35.06,48.04,52.2,43.96,,,,,,
2019-06-25 18:00:00+02:00,,56.06,,71.79,65.93,38.96,,55.2,,61.53,48.28,61.53,60.05,47.08,60.05,40.92,73.56,,62.22,56.06,65.9,,77.33,,,,56.0,56.0,,56.0,56.0,56.0,79.22,56.0,60.05,60.05,,,,,71.5,34.91,34.91,32.87,32.87,34.91,71.74,47.08,65.94,62.09,34.91,34.91,34.91,60.05,56.06,55.2,,,,,,
2019-06-25 19:00:00+02:00,,68.65,,76.16,72.95,38.94,,69.5,,74.8,56.33,74.8,72.12,49.0,72.12,44.91,80.95,,61.85,68.65,71.78,,85.09,,,,57.72,57.72,,57.72,57.72,57.72,111.22,57.72,72.12,72.12,,,,,83.62,34.33,34.33,32.75,32.75,34.33,72.9,49.0,71.81,69.75,34.33,34.33,34.33,72.12,68.65,69.5,,,,,,
2019-06-25 20:00:00+02:00,,67.09,,71.52,70.36,37.41,,68.0,,73.09,68.87,68.87,60.44,50.51,33.2,38.2,77.44,,62.89,67.09,70.28,,79.48,,,,58.8,58.8,,58.8,58.8,58.8,129.21,58.8,60.44,60.44,,,,,80.0,33.2,33.2,32.97,32.97,33.2,71.84,50.51,70.31,72.04,33.2,33.2,33.2,60.44,67.09,68.0,,,,,,
2019-06-25 21:00:00+02:00,,57.89,,64.9,51.17,37.55,,55.6,,61.92,60.43,60.43,60.43,51.03,32.28,37.5,66.49,,62.7,57.89,64.06,,68.24,,,,57.89,57.89,,57.89,57.89,57.89,129.21,57.89,60.43,60.43,,,,,66.74,32.28,32.28,32.28,32.28,32.28,60.44,51.03,64.08,62.04,32.28,32.28,32.28,60.43,57.89,55.6,,,,,,
2019-06-25 22:00:00+02:00,,46.16,,46.88,34.72,38.92,,43.66,,46.27,31.64,31.64,31.64,51.0,31.64,45.83,48.93,,67.8,61.21,52.81,,50.22,,,,49.59,49.59,,49.59,49.59,49.59,111.22,49.59,31.64,31.64,,,,,46.5,31.64,31.64,31.64,31.64,31.64,63.49,51.0,52.83,52.23,31.64,31.64,31.64,31.64,49.59,43.66,,,,,,
2019-06-25 23:00:00+02:00,,37.4,,37.4,30.02,35.98,,36.82,,37.4,30.32,30.32,30.32,49.45,30.32,37.4,39.06,,62.16,37.4,40.34,,41.07,,,,44.0,44.0,,44.0,44.0,44.0,71.85,44.0,30.32,30.32,,,,,37.4,30.32,30.32,30.32,30.32,30.32,56.19,49.45,39.6,41.27,30.32,30.32,30.32,30.32,37.4,36.82,,,,,,
2019-06-26 00:00:00+02:00,,35.94,,43.51,37.84,32.61,,36.12,,37.34,31.49,31.49,25.06,49.45,25.06,31.18,44.47,,60.89,35.94,36.12,,42.58,,,,49.32,49.32,,49.32,49.32,49.32,58.91,49.32,25.06,25.06,,,,,39.95,31.49,31.49,25.06,25.06,31.49,58.54,49.45,29.44,40.27,25.06,25.06,25.06,25.06,35.94,36.12,,,,,,
2019-06-26 01:00:00+02:00,,33.1,,34.97,33.24,31.71,,34.0,,33.37,31.59,31.59,25.09,46.04,25.09,32.25,35.75,,61.48,33.1,34.0,,36.77,,,,52.35,52.35,,50.27,52.35,52.35,55.0,52.35,25.09,25.09,,,,,33.96,31.19,31.59,25.09,25.09,31.19,55.46,46.04,27.32,34.91,25.09,25.09,25.09,25.09,33.1,34.0,,,,,,
2019-06-26 02:00:00+02:00,,33.31,,32.82,26.04,30.25,,32.1,,33.31,31.43,31.43,24.98,43.49,24.98,24.43,35.73,,44.9,33.31,32.1,,35.03,,,,46.25,46.25,,45.13,46.25,46.25,46.25,46.25,24.98,24.98,,,,,34.8,31.04,31.43,24.98,24.98,31.04,53.14,43.49,25.2,31.7,24.98,24.98,24.98,24.98,33.31,32.1,,,,,,
2019-06-26 03:00:00+02:00,,31.3,,34.94,23.97,29.86,,30.5,,31.3,31.3,31.3,24.83,43.01,24.83,17.26,35.72,,39.0,31.3,30.5,,35.02,,,,45.0,45.0,,45.0,45.0,45.0,45.0,45.0,24.83,24.83,,,,,35.81,30.99,31.3,24.83,24.83,30.99,52.93,43.01,25.2,30.68,24.83,24.83,24.83,24.83,31.3,30.5,,,,,,
2019-06-26 04:00:00+02:00,,31.08,,34.5,23.98,29.7,,30.8,,31.08,30.52,30.52,23.86,44.07,23.86,14.29,35.28,,39.0,31.08,30.8,,34.59,,,,44.42,44.42,,44.42,44.42,44.42,44.42,44.42,23.86,23.86,,,,,34.36,30.52,30.52,24.24,24.24,30.52,52.07,44.07,21.18,30.94,23.86,23.86,23.86,23.86,31.08,30.8,,,,,,
2019-06-26 05:00:00+02:00,,30.87,,34.44,34.34,30.86,,32.31,,30.87,30.87,30.87,28.26,45.37,28.26,19.59,35.23,,40.03,30.87,32.31,,34.53,,,,45.12,45.12,,45.12,45.12,45.12,45.12,45.12,28.26,28.26,,,,,34.3,30.87,30.87,28.26,28.26,30.87,52.93,45.37,28.82,33.06,28.26,28.26,28.26,28.26,30.87,32.31,,,,,,
2019-06-26 06:00:00+02:00,,42.88,,33.8,40.0,33.58,,46.03,,44.45,44.45,44.45,43.38,45.37,43.38,28.65,37.87,,61.75,42.88,46.03,,36.69,,,,50.0,50.0,,50.0,50.0,50.0,50.0,50.0,43.38,43.38,,,,,43.88,32.89,32.89,32.26,32.26,32.89,59.78,45.37,39.17,49.19,32.89,32.89,32.89,43.38,42.88,46.03,,,,,,
2019-06-26 07:00:00+02:00,,56.1,,42.62,63.8,36.34,,61.8,,59.82,59.82,59.82,65.85,47.36,65.85,28.87,43.59,,62.15,56.1,61.8,,41.0,,,,56.1,56.1,,56.1,56.1,56.1,56.1,56.1,65.85,65.85,,,,,60.08,34.29,34.29,34.29,34.29,34.29,65.92,47.36,57.07,60.95,34.29,34.29,34.29,59.82,56.1,61.8,,,,,,
2019-06-26 08:00:00+02:00,,60.08,,44.1,60.87,39.12,,60.8,,60.08,60.08,60.08,68.87,50.5,68.87,35.98,55.79,,64.86,69.66,60.8,,51.0,,,,69.66,69.66,,69.66,69.66,69.66,69.66,69.66,68.87,68.87,,,,,59.44,34.99,34.99,34.99,34.99,34.99,76.49,50.5,60.8,61.75,34.99,34.99,34.99,60.08,69.66,60.8,,,,,,
2019-06-26 09:00:00+02:00,,48.44,,51.39,52.76,39.28,,48.76,,48.44,48.44,48.44,68.88,51.03,68.88,37.13,56.89,,77.36,48.44,54.53,,66.59,,,,62.66,62.66,,62.66,62.66,62.66,68.0,62.66,68.88,68.88,,,,,51.83,35.69,35.69,35.69,35.69,35.69,94.13,51.03,48.71,61.69,35.69,35.69,35.69,48.44,48.44,48.76,,,,,,
2019-06-26 10:00:00+02:00,,38.09,,39.51,53.33,38.49,,39.1,,38.09,35.17,38.09,68.85,51.01,68.85,37.14,61.42,,67.85,56.76,53.33,,64.67,,,,56.76,56.76,,56.76,56.76,56.76,56.76,56.76,68.85,68.85,,,,,38.65,35.17,35.17,35.17,35.17,35.17,97.95,51.01,40.87,63.06,35.17,35.17,35.17,38.09,56.76,39.1,,,,,,
2019-06-26 11:00:00+02:00,,36.7,,36.7,48.12,36.8,,36.0,,36.7,34.5,36.7,77.88,49.0,77.88,36.7,56.88,,65.91,57.19,55.84,,59.88,,,,57.19,57.19,,57.19,57.19,57.19,57.19,57.19,77.88,77.88,,,,,36.7,34.5,34.5,34.5,34.5,34.5,99.81,49.0,48.71,63.52,34.5,34.5,34.5,36.7,57.19,36.0,,,,,,
2019-06-26 12:00:00+02:00,,35.08,,35.08,56.09,33.46,,36.87,,35.08,33.95,35.08,83.05,48.2,83.05,35.08,55.86,,64.85,54.25,56.04,,57.41,,,,54.25,54.25,,54.25,54.25,54.25,54.25,54.25,83.05,83.05,,,,,35.08,33.95,33.95,33.95,33.95,33.95,99.57,48.2,50.53,63.73,33.95,33.95,33.95,35.08,54.25,36.87,,,,,,
2019-06-26 13:00:00+02:00,,33.09,,33.09,54.64,31.92,,40.8,,33.09,33.09,33.09,88.3,48.42,88.3,33.09,53.17,,64.82,54.9,52.64,,54.63,,,,54.9,54.9,,54.9,54.9,54.9,54.9,54.9,88.3,88.3,,,,,33.09,33.09,33.09,33.09,33.09,33.09,98.88,48.42,49.55,64.59,33.09,33.09,33.09,33.09,54.9,40.8,,,,,,
2019-06-26 14:00:00+02:00,,31.88,,31.88,59.38,30.87,,40.8,,31.88,31.88,31.88,68.87,45.74,68.87,31.88,42.46,,62.15,60.49,59.26,,43.62,,,,60.49,56.0,,60.49,56.0,56.0,56.0,56.0,68.87,68.87,,,,,31.88,31.88,31.88,31.88,31.88,31.88,75.48,45.74,48.71,66.58,31.88,31.88,31.88,31.88,60.49,40.8,,,,,,
2019-06-26 15:00:00+02:00,,30.89,,30.89,60.74,30.54,,43.63,,30.89,30.89,30.89,68.85,44.38,34.9,30.89,35.79,,62.15,59.0,60.7,,36.98,,,,59.0,59.0,,59.0,59.0,59.0,59.0,59.0,68.85,68.85,,,,,30.89,30.89,30.89,30.89,30.89,30.89,74.62,44.38,48.71,66.02,30.89,30.89,30.89,30.89,59.0,43.63,,,,,,
2019-06-26 16:00:00+02:00,,31.47,,31.47,52.36,31.34,,40.8,,31.47,30.71,30.71,43.34,44.37,30.71,31.47,36.35,,62.21,63.33,63.3,,37.35,,,,65.39,65.39,,65.39,65.39,65.39,65.39,65.39,43.34,43.34,,,,,31.47,30.71,30.71,30.71,30.71,30.71,72.28,44.37,52.31,65.51,30.71,30.71,30.71,30.71,63.33,40.8,,,,,,
2019-06-26 17:00:00+02:00,,34.27,,30.68,54.21,33.81,,40.8,,34.27,31.66,33.45,43.39,44.38,35.34,28.79,44.26,,64.89,65.21,64.05,,45.46,,,,68.0,68.0,,68.0,68.0,68.0,68.0,68.0,43.39,43.39,,,,,34.27,31.66,31.66,31.66,31.66,31.66,64.06,44.38,63.11,66.95,31.66,31.66,31.66,33.45,65.21,40.8,,,,,,
2019-06-26 18:00:00+02:00,,38.98,,34.5,51.79,37.5,,40.8,,38.98,31.12,35.16,50.01,45.0,50.01,32.16,51.39,,77.48,62.78,64.01,,50.32,,,,72.09,72.09,,72.09,72.09,72.09,77.91,72.09,50.01,50.01,,,,,38.98,31.12,31.12,31.12,31.12,31.12,59.0,45.0,64.01,69.92,31.12,31.12,31.12,35.16,62.78,40.8,,,,,,
2019-06-26 19:00:00+02:00,,49.92,,38.61,60.98,38.9,,45.39,,49.92,30.73,30.73,54.95,46.92,54.95,32.7,51.32,,71.0,72.09,70.27,,50.24,,,,72.09,72.09,,72.09,72.09,72.09,98.91,72.09,54.95,54.95,,,,,49.92,30.73,30.73,30.73,30.73,30.73,62.43,46.92,70.27,75.41,30.73,30.73,30.73,30.73,72.09,45.39,,,,,,
2019-06-26 20:00:00+02:00,,48.88,,38.61,71.14,36.82,,44.09,,48.88,30.04,30.04,43.36,51.02,30.04,28.66,51.51,,77.59,72.09,71.13,,49.23,,,,72.09,72.09,,72.09,72.09,72.09,115.0,72.09,43.36,43.36,,,,,50.1,30.04,30.04,30.04,30.04,30.04,54.98,51.02,71.13,76.96,30.04,30.04,30.04,30.04,72.09,44.09,,,,,,
2019-06-26 21:00:00+02:00,,38.97,,35.35,68.03,34.5,,40.0,,38.97,29.36,29.36,43.39,51.53,29.36,21.79,44.16,,70.01,71.91,68.01,,42.2,,,,71.91,71.91,,71.91,71.91,71.91,128.21,71.91,43.39,43.39,,,,,42.95,29.36,29.36,29.36,29.36,29.36,53.97,51.53,68.01,70.0,29.36,29.36,29.36,29.36,71.91,40.0,,,,,,
2019-06-26 22:00:00+02:00,,36.7,,32.43,80.04,36.05,,36.98,,36.7,27.82,27.82,35.0,51.45,27.82,30.15,41.37,,60.64,57.13,77.93,,39.54,,,,57.13,57.13,,57.13,57.13,57.13,111.5,57.13,35.0,35.0,,,,,36.7,28.89,28.89,27.82,27.82,28.89,56.66,51.45,77.93,62.15,27.82,27.82,27.82,27.82,57.13,36.98,,,,,,
2019-06-26 23:00:00+02:00,,30.57,,26.07,42.43,30.59,,30.54,,30.57,15.84,15.84,15.84,47.52,15.84,23.75,39.13,,66.64,51.04,50.05,,37.39,,,,51.04,51.04,,51.04,51.04,51.04,68.0,51.04,15.84,15.84,,,,,30.45,28.35,28.35,24.57,24.57,28.35,59.42,47.52,50.05,52.02,15.84,15.84,15.84,15.84,51.04,30.54,,,,,,
2019-06-27 00:00:00+02:00,,28.0,,28.0,53.16,29.01,,31.3,,28.0,23.24,23.24,23.24,51.6,23.24,28.0,41.49,,73.83,49.3,47.06,,39.45,,,,59.25,59.25,,59.25,59.25,59.25,60.0,59.25,23.24,23.24,,,,,28.0,23.24,23.24,23.24,23.24,23.24,54.4,51.6,47.04,48.0,23.24,23.24,23.24,23.24,49.3,31.3,,,,,,
2019-06-27 01:00:00+02:00,,26.53,,25.29,30.79,27.47,,29.07,,26.53,23.86,23.86,23.86,51.0,23.86,22.59,36.99,,69.96,57.69,37.71,,35.18,,,,57.69,57.69,,57.69,57.69,57.69,57.69,57.69,23.86,23.86,,,,,27.0,23.86,23.86,23.86,23.86,23.86,51.95,51.0,37.69,38.51,23.86,23.86,23.86,23.86,57.69,29.07,,,,,,
2019-06-27 02:00:00+02:00,,25.03,,27.31,30.18,26.07,,27.5,,25.03,22.46,22.46,22.46,48.04,22.46,19.82,34.1,,64.55,30.08,29.45,,32.43,,,,53.68,53.68,,53.68,53.68,53.68,53.68,53.68,22.46,22.46,,,,,27.31,22.46,22.46,22.46,22.46,22.46,50.63,48.04,29.43,32.06,22.46,22.46,22.46,22.46,30.08,27.5,,,,,,
2019-06-27 03:00:00+02:00,,26.03,,25.9,28.02,25.61,,26.24,,26.03,21.32,21.32,21.32,46.79,21.32,17.23,34.09,,64.41,30.04,27.33,,32.35,,,,50.69,50.69,,50.69,50.69,50.69,50.69,50.69,21.32,21.32,,,,,28.22,21.32,21.32,21.5,21.5,21.32,47.09,46.79,27.31,30.08,21.32,21.32,21.32,21.32,30.04,26.24,,,,,,
2019-06-27 04:00:00+02:00,,27.06,,25.0,23.97,25.11,,26.8,,27.06,16.47,16.47,16.47,46.1,16.47,14.64,33.64,,64.41,30.02,27.33,,32.0,,,,49.0,49.0,,49.0,49.0,49.0,49.0,49.0,16.47,16.47,,,,,29.42,16.47,16.47,21.61,21.61,16.47,46.06,46.1,27.31,29.31,16.47,16.47,16.47,16.47,30.02,26.8,,,,,,
2019-06-27 05:00:00+02:00,,30.03,,25.15,40.19,26.99,,29.0,,30.03,23.37,23.37,23.37,47.57,23.37,22.81,33.9,,64.43,30.55,33.28,,32.25,,,,49.43,49.43,,49.43,49.43,49.43,49.43,49.43,23.37,23.37,,,,,29.78,23.37,23.37,23.37,23.37,23.37,47.16,47.57,33.25,33.15,23.37,23.37,23.37,23.37,30.55,29.0,,,,,,
2019-06-27 06:00:00+02:00,,35.72,,27.19,58.6,32.24,,35.5,,35.72,28.62,28.62,28.93,47.08,28.93,23.23,36.21,,66.0,70.69,55.08,,34.45,,,,70.69,70.69,,70.69,70.69,70.69,70.69,70.69,28.93,28.93,,,,,35.06,28.62,28.62,28.62,28.62,28.62,56.6,47.08,55.02,50.99,28.62,28.62,28.62,28.62,70.69,35.5,,,,,,
2019-06-27 07:00:00+02:00,,43.29,,37.74,63.95,37.13,,44.6,,43.29,30.16,42.25,42.25,50.5,36.97,35.03,44.7,,74.74,58.0,66.97,,42.54,,,,58.0,58.0,,58.0,58.0,58.0,58.0,58.0,42.25,42.25,,,,,43.29,30.16,30.16,30.16,30.16,30.16,49.67,50.5,66.9,68.02,30.16,30.16,30.16,42.25,58.0,44.6,,,,,,
2019-06-27 08:00:00+02:00,,42.1,,42.1,71.62,39.01,,46.0,,42.1,30.54,42.1,49.61,51.0,39.5,42.1,47.71,,75.29,71.08,70.97,,45.41,,,,71.08,71.08,,71.08,71.08,71.08,71.08,71.08,49.61,49.61,,,,,42.1,30.54,30.54,30.54,30.54,30.54,49.86,51.0,70.88,70.27,30.54,30.54,30.54,41.09,71.08,46.0,,,,,,
2019-06-27 09:00:00+02:00,,36.5,,36.5,69.43,37.58,,61.0,,36.5,31.04,36.5,51.35,51.8,38.57,36.5,57.65,,83.41,71.91,71.08,,56.21,,,,71.91,71.91,,71.91,71.91,71.91,71.91,71.91,51.35,51.35,,,,,36.5,31.04,31.04,31.04,31.04,31.04,51.61,51.8,70.98,72.91,31.04,31.04,31.04,36.5,71.91,61.0,,,,,,
2019-06-27 10:00:00+02:00,,34.56,,34.56,87.02,35.04,,37.6,,34.56,31.64,34.56,42.89,51.6,42.7,34.56,55.81,,75.33,71.91,66.73,,55.78,,,,71.91,71.91,,71.91,71.91,71.91,71.91,71.91,42.89,42.89,,,,,34.56,31.64,31.64,31.64,31.64,31.64,49.92,51.6,66.63,71.98,31.64,31.64,31.64,34.56,71.91,37.6,,,,,,
2019-06-27 11:00:00+02:00,,34.47,,34.47,82.1,34.17,,37.1,,34.47,31.81,34.47,42.87,51.0,42.87,34.47,44.68,,76.44,65.08,69.08,,45.7,,,,65.08,65.08,,65.08,65.08,65.08,65.08,65.08,42.87,42.87,,,,,34.47,31.81,31.81,31.81,31.81,31.81,49.97,51.0,68.53,74.23,31.81,31.81,31.81,34.47,65.08,37.1,,,,,,
2019-06-27 12:00:00+02:00,,31.97,,31.97,75.99,31.56,,69.0,,31.97,31.03,31.97,42.89,51.11,39.61,31.97,40.2,,76.43,62.08,70.8,,41.13,,,,62.08,62.08,,62.08,62.08,62.08,62.08,62.08,42.89,42.89,,,,,31.97,31.03,31.03,31.03,31.03,31.03,51.91,51.11,70.69,73.55,31.03,31.03,31.03,31.97,62.08,69.0,,,,,,
2019-06-27 13:00:00+02:00,,31.25,,31.71,85.02,30.81,,71.44,,30.93,30.93,30.93,55.13,50.5,35.95,31.5,36.96,,76.45,62.08,71.44,,36.81,,,,62.08,62.08,,62.08,62.08,62.08,62.08,62.08,55.13,55.13,,,,,31.95,30.93,30.93,30.93,30.93,30.93,55.41,50.5,70.84,75.09,30.93,30.93,30.93,30.93,62.08,71.44,,,,,,
2019-06-27 14:00:00+02:00,,30.91,,30.91,87.06,30.3,,55.97,,30.91,30.91,30.91,42.88,47.53,31.56,30.91,34.8,,82.0,71.91,75.72,,35.61,,,,71.91,71.91,,71.91,71.91,71.91,71.91,71.91,42.88,42.88,,,,,30.91,30.91,30.91,30.91,30.91,30.91,51.88,47.53,68.5,76.05,30.91,30.91,30.91,30.91,71.91,55.97,,,,,,
2019-06-27 15:00:00+02:00,,31.31,,31.31,87.03,30.21,,40.99,,31.31,30.31,31.31,42.86,45.54,30.31,31.31,34.51,,77.56,67.08,75.1,,33.67,,,,67.08,67.08,,67.08,67.08,67.08,67.08,67.08,42.86,42.86,,,,,31.31,30.31,30.31,30.31,30.31,30.31,51.66,45.54,68.5,74.08,30.31,30.31,30.31,30.56,67.08,40.99,,,,,,
2019-06-27 16:00:00+02:00,,31.94,,31.94,74.79,31.68,,45.99,,31.94,30.47,31.94,42.8,45.54,30.47,31.94,34.57,,77.73,72.09,75.26,,33.74,,,,72.09,72.09,,72.09,72.09,72.09,72.09,72.09,42.8,42.8,,,,,31.94,30.47,30.47,30.47,30.47,30.47,51.87,45.54,70.82,75.23,30.47,30.47,30.47,31.17,72.09,45.99,,,,,,
2019-06-27 17:00:00+02:00,,35.98,,35.98,79.26,35.95,,39.51,,35.98,31.07,35.98,42.85,46.8,31.07,35.98,40.18,,76.46,72.39,73.23,,38.28,,,,72.39,72.39,,72.39,72.39,72.39,72.39,72.39,42.85,42.85,,,,,35.98,31.07,31.07,31.05,31.05,31.07,51.89,46.8,69.33,72.04,31.07,31.07,31.07,35.11,72.39,39.51,,,,,,
2019-06-27 18:00:00+02:00,,41.9,,41.9,81.34,38.94,,44.54,,41.9,31.21,41.9,42.81,47.08,31.74,41.9,50.56,,75.9,62.3,68.5,,49.34,,,,72.39,72.39,,72.39,72.39,72.39,77.78,72.39,42.81,42.81,,,,,41.9,31.21,31.21,30.92,30.92,31.21,51.91,47.08,68.34,69.33,31.21,31.21,31.21,40.9,62.3,44.54,,,,,,
2019-06-27 19:00:00+02:00,,53.01,,47.73,82.05,39.88,,55.96,,54.11,31.37,54.11,52.81,50.45,33.41,44.43,55.8,,76.47,57.01,73.16,,52.0,,,,75.0,75.0,,75.0,75.0,75.0,109.78,75.0,52.81,52.81,,,,,54.11,31.37,31.37,31.04,31.04,31.37,53.08,50.45,72.98,73.93,31.37,31.37,31.37,52.81,57.01,55.96,,,,,,
2019-06-27 20:00:00+02:00,,50.68,,43.22,72.84,37.41,,52.99,,52.23,30.95,52.23,50.98,51.85,30.7,38.53,53.86,,77.52,60.07,72.6,,47.2,,,,72.39,72.39,,72.39,72.39,72.39,116.78,72.39,50.98,50.98,,,,,52.23,30.7,30.95,30.7,30.7,30.7,52.94,51.85,72.42,79.0,30.7,30.7,30.7,50.98,60.07,52.99,,,,,,
2019-06-27 21:00:00+02:00,,42.23,,33.49,42.2,37.63,,45.0,,44.02,30.67,44.02,42.96,52.89,30.22,28.01,45.39,,79.3,55.55,68.09,,35.61,,,,72.39,72.39,,72.39,72.39,72.39,111.25,72.39,42.96,42.96,,,,,44.02,30.22,30.67,30.22,30.22,30.22,54.22,52.89,48.6,79.8,30.22,30.22,30.22,42.96,55.55,45.0,,,,,,
2019-06-27 22:00:00+02:00,,40.95,,40.0,67.7,39.03,,41.37,,41.17,32.2,32.2,30.03,52.89,30.03,39.39,42.45,,75.12,71.91,63.51,,40.46,,,,71.91,71.91,,71.91,71.91,71.91,90.93,71.91,30.03,30.03,,,,,41.17,30.03,32.2,30.03,30.03,30.03,65.04,52.89,35.73,70.05,30.03,30.03,30.03,30.03,71.91,41.37,,,,,,
2019-06-27 23:00:00+02:00,,35.58,,33.92,38.2,34.44,,36.99,,35.58,30.27,30.27,28.38,52.48,28.38,33.06,36.68,,76.45,45.07,46.12,,34.96,,,,62.0,62.0,,62.0,62.0,62.0,62.0,62.0,28.38,28.38,,,,,35.58,28.38,30.27,28.38,28.38,28.38,59.53,52.48,27.25,53.32,28.38,28.38,28.38,28.38,45.07,36.99,,,,,,
2019-06-28 00:00:00+02:00,,31.44,,28.75,34.03,31.98,,34.4,,31.44,26.04,26.04,26.04,53.19,26.04,27.43,40.27,,76.31,31.44,34.4,,31.16,,,,52.61,52.61,,52.61,52.61,52.61,64.0,52.61,26.04,26.04,,,,,31.33,30.32,30.32,26.04,26.04,30.32,50.83,53.19,34.29,44.58,26.04,26.04,26.04,26.04,31.44,34.4,,,,,,
2019-06-28 01:00:00+02:00,,31.1,,26.25,29.06,31.02,,32.56,,31.68,30.25,30.25,26.08,51.78,26.08,23.58,34.91,,77.36,31.1,32.56,,25.02,,,,53.42,53.42,,52.5,53.42,53.42,55.0,53.42,26.08,26.08,,,,,31.46,30.25,30.25,26.08,26.08,30.25,48.46,51.78,30.42,35.66,26.08,26.08,26.08,26.08,31.1,32.56,,,,,,
2019-06-28 02:00:00+02:00,,31.19,,26.4,26.03,29.71,,31.87,,32.97,30.05,30.05,25.96,51.2,25.96,23.18,35.6,,77.41,31.19,31.87,,22.18,,,,52.42,52.42,,47.9,52.42,52.42,52.42,52.42,25.96,25.96,,,,,32.71,30.05,30.05,25.96,25.96,30.05,48.52,51.2,29.36,32.59,25.96,25.96,25.96,25.96,31.19,31.87,,,,,,
2019-06-28 03:00:00+02:00,,31.03,,22.47,25.55,29.7,,31.85,,33.89,29.86,29.86,26.06,51.2,26.06,16.85,35.59,,76.3,31.03,31.85,,21.08,,,,49.12,49.12,,45.33,49.12,49.12,49.12,49.12,26.06,26.06,,,,,33.38,29.86,29.86,26.06,26.06,29.86,47.38,51.2,25.14,30.74,26.06,26.06,26.06,26.06,31.03,31.85,,,,,,
2019-06-28 04:00:00+02:00,,30.3,,23.13,23.97,29.72,,31.62,,32.8,28.66,28.66,25.37,51.2,25.37,18.56,34.53,,76.29,30.3,31.62,,21.08,,,,47.68,47.68,,45.0,47.68,47.68,47.68,47.68,25.37,25.37,,,,,32.38,28.66,28.66,25.37,25.37,28.66,49.53,51.2,25.14,30.84,25.37,25.37,25.37,25.37,30.3,31.62,,,,,,
2019-06-28 05:00:00+02:00,,31.23,,26.78,25.0,30.8,,33.92,,32.85,29.4,29.4,29.4,51.53,29.4,23.94,33.57,,76.3,31.23,33.92,,15.07,,,,45.0,45.0,,45.0,45.0,45.0,45.0,45.0,29.4,29.4,,,,,32.58,29.4,29.98,29.36,29.36,29.4,45.56,51.53,31.87,33.64,29.4,29.4,29.4,29.4,31.23,33.92,,,,,,
2019-06-28 06:00:00+02:00,,45.9,,31.1,37.17,36.13,,44.49,,49.41,47.08,48.22,63.98,51.2,36.37,28.21,37.92,,76.3,45.9,44.49,,15.0,,,,49.05,49.05,,49.05,49.05,49.05,49.05,49.05,63.98,63.98,,,,,44.4,31.5,31.59,29.41,29.41,31.5,64.23,51.2,44.36,45.81,31.5,31.5,31.5,48.22,45.9,44.49,,,,,,
2019-06-28 07:00:00+02:00,,58.59,,42.52,49.37,36.73,,58.0,,61.98,61.98,61.98,60.49,50.55,55.4,37.3,41.36,,76.39,58.59,58.0,,31.12,,,,56.82,56.82,,56.82,56.82,56.82,64.0,56.82,60.49,60.49,,,,,57.51,31.9,31.9,30.02,30.02,31.9,60.73,50.55,57.83,58.19,31.9,31.9,31.9,60.49,58.59,58.0,,,,,,
2019-06-28 08:00:00+02:00,,59.6,,48.0,53.14,39.65,,59.06,,61.66,61.66,61.66,60.18,52.48,60.18,41.92,52.42,,75.29,59.6,65.43,,37.64,,,,59.6,59.6,,59.6,59.6,59.6,65.0,59.6,60.18,60.18,,,,,60.2,32.64,32.64,30.29,30.29,32.64,74.53,52.48,65.23,61.09,32.64,32.64,32.64,60.18,59.6,59.06,,,,,,
2019-06-28 09:00:00+02:00,,49.28,,44.98,44.02,39.01,,52.6,,49.28,49.28,49.28,55.8,53.34,55.8,43.06,50.25,,75.24,62.0,69.0,,47.97,,,,62.0,62.0,,62.0,62.0,62.0,65.0,62.0,55.8,55.8,,,,,48.82,33.13,33.13,30.36,30.36,33.13,75.22,53.34,68.79,62.51,33.13,33.13,33.13,49.28,62.0,52.6,,,,,,
2019-06-28 10:00:00+02:00,,43.99,,43.99,72.15,38.78,,43.06,,43.99,43.99,43.99,55.34,53.52,55.34,43.99,45.29,,76.4,68.0,69.89,,43.23,,,,68.0,68.0,,68.0,68.0,68.0,68.0,68.0,55.34,55.34,,,,,43.99,33.4,33.4,30.37,30.37,33.4,76.91,53.52,69.68,61.25,33.4,33.4,33.4,43.99,68.0,43.06,,,,,,
2019-06-28 11:00:00+02:00,,39.53,,39.53,66.67,37.05,,41.0,,39.53,39.53,39.53,46.08,53.52,46.08,39.53,40.7,,76.38,57.49,66.33,,38.85,,,,57.49,57.49,,57.49,57.49,57.49,57.49,57.49,46.08,46.08,,,,,39.53,33.24,33.24,30.32,30.32,33.24,76.9,53.52,66.13,62.07,33.24,33.24,33.24,39.53,57.49,41.0,,,,,,
2019-06-28 12:00:00+02:00,,36.75,,36.75,69.91,34.76,,41.01,,36.75,36.75,36.75,74.97,53.69,62.88,36.75,37.84,,77.49,54.42,65.97,,37.0,,,,54.42,54.42,,54.42,54.42,54.42,54.42,54.42,74.97,74.97,,,,,36.75,32.66,32.66,30.21,30.21,32.66,75.28,53.69,65.78,61.89,32.66,32.66,32.66,36.75,54.42,41.01,,,,,,
2019-06-28 13:00:00+02:00,,34.33,,34.33,67.72,33.38,,41.0,,34.33,34.33,34.33,77.52,53.69,44.83,34.33,35.34,,77.47,53.42,62.05,,36.25,,,,53.42,53.42,,53.42,53.42,53.42,53.42,53.42,77.52,77.52,,,,,34.33,32.23,32.23,30.17,30.17,32.23,77.84,53.69,61.87,61.23,32.23,32.23,32.23,34.33,53.42,41.0,,,,,,
2019-06-28 14:00:00+02:00,,33.89,,33.89,72.44,32.63,,36.01,,33.89,33.89,33.89,74.23,53.19,42.93,33.89,34.9,,77.47,34.92,62.47,,35.79,,,,56.82,56.82,,56.82,56.82,56.82,56.82,56.82,74.23,74.23,,,,,33.89,31.92,31.92,30.09,30.09,31.92,74.54,53.19,62.29,63.92,31.92,31.92,31.92,33.08,34.92,36.01,,,,,,
2019-06-28 15:00:00+02:00,,33.91,,33.91,66.6,32.57,,41.0,,33.91,33.1,33.1,73.92,51.77,31.07,33.91,34.91,,77.49,33.91,58.63,,35.81,,,,56.82,56.82,,56.82,56.82,56.82,56.82,56.82,73.92,73.92,,,,,33.91,31.07,31.07,29.39,29.39,31.07,74.23,51.77,44.36,60.02,31.07,31.07,31.07,33.1,33.91,41.0,,,,,,
2019-06-28 16:00:00+02:00,,34.4,,34.4,62.77,34.17,,41.0,,34.4,34.4,34.4,63.43,51.36,30.49,34.4,35.26,,76.5,34.4,58.0,,36.17,,,,59.42,59.42,,59.42,59.42,59.42,59.42,59.42,63.43,63.43,,,,,34.4,30.49,30.49,29.39,29.39,30.49,63.69,51.36,44.36,60.05,30.49,30.49,30.49,33.57,34.4,41.0,,,,,,
2019-06-28 17:00:00+02:00,,39.04,,39.04,66.11,37.95,,43.41,,39.04,39.04,39.04,42.97,51.2,31.01,39.04,39.91,,75.1,39.04,56.74,,39.03,,,,58.5,58.5,,58.5,58.5,58.5,64.0,58.5,42.97,42.97,,,,,39.04,31.01,31.01,29.22,29.22,31.01,57.83,51.2,44.36,59.68,31.01,31.01,31.01,38.11,39.04,43.41,,,,,,
2019-06-28 18:00:00+02:00,,53.03,,47.42,61.33,39.16,,51.05,,54.13,54.13,54.13,52.83,51.01,36.94,44.22,48.61,,75.08,53.03,53.51,,49.86,,,,56.0,56.0,,56.0,56.0,56.0,77.95,56.0,52.83,52.83,,,,,53.64,31.41,31.41,29.29,29.29,31.41,56.14,51.01,48.37,60.37,31.41,31.41,31.41,52.83,53.03,51.05,,,,,,
2019-06-28 19:00:00+02:00,,64.04,,51.12,54.97,38.99,,60.0,,66.53,66.53,66.53,64.93,51.2,35.7,43.53,52.41,,75.08,64.04,60.7,,53.76,,,,59.01,59.01,,59.01,59.01,59.01,110.95,59.01,64.93,64.93,,,,,65.63,31.35,31.35,29.31,29.31,31.35,65.21,51.2,60.52,64.38,31.35,31.35,31.35,64.93,64.04,60.0,,,,,,
2019-06-28 20:00:00+02:00,,63.51,,50.11,55.81,37.75,,62.1,,66.06,66.06,66.06,63.44,51.45,30.39,42.28,53.66,,75.11,63.51,62.1,,55.04,,,,59.0,59.0,,59.0,59.0,59.0,121.95,59.0,63.44,63.44,,,,,65.0,30.39,30.39,29.13,29.13,30.39,63.72,51.45,61.92,66.14,30.39,30.39,30.39,63.44,63.51,62.1,,,,,,
2019-06-28 21:00:00+02:00,,53.42,,46.83,44.7,36.73,,53.6,,54.73,54.73,54.73,42.93,51.45,29.79,42.97,49.28,,75.08,53.42,55.1,,50.54,,,,53.42,53.42,,53.42,53.42,53.42,114.95,53.42,42.93,42.93,,,,,54.25,29.79,29.79,29.0,29.0,29.79,56.67,51.45,54.94,61.95,29.79,29.79,29.79,29.79,53.42,53.6,,,,,,
2019-06-28 22:00:00+02:00,,48.54,,48.54,40.57,39.85,,47.5,,48.54,48.54,48.54,28.69,51.2,28.69,48.54,49.61,,75.16,48.54,48.01,,49.0,,,,48.54,48.54,,48.54,48.54,48.54,110.95,48.54,28.69,28.69,,,,,48.54,28.69,28.69,28.69,28.69,28.69,68.66,51.2,47.87,53.12,28.69,28.69,28.69,28.69,48.54,47.5,,,,,,
2019-06-28 23:00:00+02:00,,39.05,,39.05,34.81,37.69,,39.75,,39.05,39.05,39.05,25.38,50.66,25.38,39.05,39.91,,72.94,39.05,39.75,,40.94,,,,44.46,44.46,,44.46,44.46,44.46,77.95,44.46,25.38,25.38,,,,,39.05,29.91,29.91,25.38,25.38,29.91,59.91,50.66,35.49,43.77,25.38,25.38,25.38,25.38,39.05,39.75,,,,,,
2019-06-29 00:00:00+02:00,,35.24,,35.24,30.07,34.12,,36.2,,35.24,34.11,34.11,24.14,51.45,24.14,35.24,39.74,,60.18,35.24,36.2,,38.74,,,,53.92,53.92,,53.92,53.92,53.92,60.0,53.92,24.14,24.14,,,,,35.24,30.04,34.11,24.14,24.14,30.04,53.34,51.45,31.05,37.07,24.14,24.14,24.14,24.14,35.24,36.2,,,,,,
2019-06-29 01:00:00+02:00,,31.63,,30.58,26.53,31.02,,32.03,,31.63,30.63,30.63,22.23,49.5,22.23,30.12,35.24,,68.73,31.63,32.03,,35.08,,,,51.0,52.96,,51.0,52.96,52.96,77.03,52.96,22.23,22.23,,,,,31.64,29.81,30.63,22.23,22.23,29.81,45.17,49.5,29.36,33.57,22.23,22.23,22.23,22.23,31.63,32.03,,,,,,
2019-06-29 02:00:00+02:00,,29.88,,24.61,23.98,30.02,,30.11,,29.88,29.29,29.29,21.94,49.42,21.94,22.7,31.25,,69.93,29.88,30.11,,31.95,,,,45.43,45.43,,45.43,45.43,45.43,52.97,45.43,21.94,21.94,,,,,30.26,29.29,29.29,21.94,21.94,29.29,47.35,49.42,29.36,31.54,21.94,21.94,21.94,21.94,29.88,30.11,,,,,,
2019-06-29 03:00:00+02:00,,29.13,,27.48,23.97,29.18,,29.9,,29.13,28.72,28.72,18.61,49.5,18.61,26.76,30.11,,67.17,29.13,29.9,,30.11,,,,43.99,43.99,,43.99,43.99,43.99,43.99,43.99,18.61,18.61,,,,,29.15,28.72,28.72,18.61,18.61,28.72,49.69,49.5,29.83,30.01,18.61,18.61,18.61,18.61,29.13,29.9,,,,,,
2019-06-29 04:00:00+02:00,,28.54,,25.1,23.95,28.6,,29.22,,29.52,28.63,28.63,13.54,50.0,13.54,23.19,30.54,,64.79,28.54,29.22,,30.11,,,,43.33,43.33,,43.33,43.33,43.33,43.33,43.33,13.54,13.54,,,,,29.58,28.63,28.63,13.54,13.54,28.63,52.39,50.0,29.15,29.4,13.54,13.54,13.54,13.54,28.54,29.22,,,,,,
2019-06-29 05:00:00+02:00,,28.76,,25.1,23.95,28.12,,28.76,,28.76,27.87,27.87,15.04,50.1,15.04,23.52,30.92,,59.88,28.76,28.76,,30.14,,,,42.62,42.62,,42.62,42.62,42.62,42.62,42.62,15.04,15.04,,,,,28.79,27.87,27.87,15.04,15.04,27.87,51.35,50.1,28.69,28.72,15.04,15.04,15.04,15.04,28.76,28.76,,,,,,
2019-06-29 06:00:00+02:00,,30.06,,24.8,23.97,29.12,,29.99,,30.06,29.19,29.19,22.98,45.91,22.98,22.51,31.14,,60.43,30.06,29.99,,30.36,,,,45.0,45.0,,45.0,45.0,45.0,45.0,45.0,22.98,22.98,,,,,30.16,24.51,29.19,22.98,22.98,24.51,53.41,45.91,29.92,31.12,22.98,22.98,22.98,22.98,30.06,29.99,,,,,,
2019-06-29 07:00:00+02:00,,31.48,,28.45,31.62,30.35,,33.5,,31.48,30.44,30.44,42.12,45.91,24.93,27.07,38.94,,62.45,31.48,33.5,,37.05,,,,48.47,48.47,,48.47,48.47,48.47,60.0,48.47,42.12,42.12,,,,,31.48,25.59,30.44,24.93,24.93,25.59,55.18,45.91,33.42,36.13,24.93,24.93,24.93,24.93,31.48,33.5,,,,,,
2019-06-29 08:00:00+02:00,,30.15,,27.74,31.62,31.67,,34.55,,30.15,29.15,29.15,42.11,48.5,25.43,26.63,39.03,,60.43,30.15,34.55,,37.14,,,,53.92,53.92,,53.92,53.92,53.92,60.0,53.92,42.11,42.11,,,,,30.11,26.37,29.15,25.43,25.43,26.37,64.66,48.5,34.47,36.67,25.43,25.43,25.43,25.43,30.15,34.55,,,,,,
2019-06-29 09:00:00+02:00,,30.15,,30.15,31.63,30.67,,33.21,,30.15,30.15,30.15,44.74,50.4,26.92,30.15,43.4,,64.86,30.15,33.55,,45.29,,,,53.92,53.92,,53.92,53.92,53.92,60.0,53.92,44.74,44.74,,,,,30.15,26.94,29.31,26.92,26.92,26.94,66.32,50.4,33.47,37.88,26.92,26.92,26.92,26.92,30.15,33.21,,,,,,
2019-06-29 10:00:00+02:00,,28.07,,28.07,31.64,29.83,,30.17,,28.07,28.07,28.07,42.15,50.1,27.4,28.07,51.98,,69.73,28.07,32.47,,53.17,,,,51.74,51.74,,51.74,51.74,51.74,51.74,51.74,42.15,42.15,,,,,28.07,27.4,28.07,27.4,27.4,27.4,66.13,50.1,32.39,39.06,27.4,27.4,27.4,27.4,28.07,30.17,,,,,,
2019-06-29 11:00:00+02:00,,28.01,,28.01,31.63,29.12,,29.29,,28.01,28.01,28.01,44.68,50.11,27.13,28.01,46.83,,69.93,35.2,33.52,,49.05,,,,44.0,44.0,,44.0,44.0,44.0,44.01,44.0,44.68,44.68,,,,,28.01,27.35,28.01,27.13,27.13,27.35,66.1,50.11,33.44,37.08,27.13,27.13,27.13,27.34,35.2,29.29,,,,,,
2019-06-29 12:00:00+02:00,,28.01,,28.01,31.6,28.49,,27.92,,28.01,28.01,28.01,42.17,51.0,26.84,28.01,44.6,,69.94,41.07,34.86,,46.71,,,,41.07,41.07,,41.07,41.07,41.07,41.07,41.07,42.17,42.17,,,,,28.01,27.35,28.01,26.84,26.84,27.35,65.85,51.0,29.37,35.02,26.84,26.84,26.84,27.34,41.07,27.92,,,,,,
2019-06-29 13:00:00+02:00,,25.82,,25.82,31.62,27.58,,26.45,,25.82,25.82,25.82,42.2,51.2,25.2,25.82,40.14,,64.89,37.91,32.34,,42.04,,,,37.91,37.91,,37.91,37.91,37.91,37.91,37.91,42.2,42.2,,,,,25.82,25.82,25.82,25.2,25.2,25.82,65.62,51.2,29.37,34.12,25.2,25.2,25.2,25.2,37.91,26.45,,,,,,
2019-06-29 14:00:00+02:00,,25.06,,25.06,31.61,27.17,,26.2,,25.06,25.06,25.06,42.17,49.63,24.46,25.06,35.55,,64.86,35.2,29.74,,36.35,,,,37.01,37.01,,37.01,37.01,37.01,37.01,37.01,42.17,42.17,,,,,25.06,25.06,25.06,24.46,24.46,25.06,59.95,49.63,27.25,32.57,24.46,24.46,24.46,24.46,35.2,26.2,,,,,,
2019-06-29 15:00:00+02:00,,25.19,,25.19,31.63,28.23,,26.5,,25.19,25.19,25.19,56.33,48.35,24.59,25.19,31.75,,64.88,25.19,29.43,,32.47,,,,40.0,40.0,,40.0,40.0,40.0,40.0,40.0,56.33,56.33,,,,,25.19,25.19,25.19,24.59,24.59,25.19,56.56,48.35,29.37,33.14,24.59,24.59,24.59,24.59,25.19,26.5,,,,,,
2019-06-29 16:00:00+02:00,,26.39,,26.39,31.64,30.14,,27.8,,26.39,26.39,26.39,42.2,47.0,25.76,26.39,31.72,,68.54,26.39,31.13,,32.44,,,,41.17,41.17,,41.17,41.17,41.17,41.17,41.17,42.2,42.2,,,,,26.39,26.39,26.39,25.76,25.76,26.39,58.83,47.0,31.06,35.5,25.76,25.76,25.76,25.76,26.39,27.8,,,,,,
2019-06-29 17:00:00+02:00,,30.18,,30.18,31.65,33.36,,33.2,,30.18,30.18,30.18,42.19,47.24,25.95,30.18,31.78,,64.86,35.2,36.0,,33.28,,,,46.15,46.15,,46.15,46.15,46.15,60.0,46.15,42.19,42.19,,,,,30.18,28.01,29.21,25.95,25.95,28.01,58.43,47.24,35.92,38.41,25.95,25.95,25.95,29.45,35.2,33.2,,,,,,
2019-06-29 18:00:00+02:00,,39.46,,36.71,33.92,37.58,,41.72,,40.0,40.0,40.0,42.15,48.22,25.8,35.17,42.51,,64.91,39.46,41.72,,40.46,,,,54.78,54.78,,54.78,54.78,54.78,65.87,54.78,42.15,42.15,,,,,40.0,30.17,32.47,25.8,25.8,30.17,58.09,48.22,41.62,42.69,25.8,25.8,25.8,35.02,39.46,41.72,,,,,,
2019-06-29 19:00:00+02:00,,50.82,,41.33,39.97,38.65,,50.32,,52.46,52.46,52.46,42.16,48.97,25.64,36.03,54.16,,64.92,50.82,50.32,,51.55,,,,50.82,57.95,,50.82,57.95,57.95,77.03,57.95,42.16,42.16,,,,,52.46,30.6,31.87,25.64,25.64,30.6,60.07,48.97,50.2,47.13,25.64,25.64,25.64,25.64,50.82,50.32,,,,,,
2019-06-29 20:00:00+02:00,,54.06,,41.14,40.59,38.26,,49.5,,56.23,56.23,56.23,42.12,50.1,25.16,33.96,54.63,,59.48,54.06,52.52,,51.99,,,,54.06,57.95,,54.06,57.95,57.95,128.21,57.95,42.12,42.12,,,,,56.23,29.98,30.98,25.16,25.16,29.98,60.06,50.1,52.4,51.46,25.16,25.16,25.16,25.16,54.06,49.5,,,,,,
2019-06-29 21:00:00+02:00,,48.32,,39.51,38.51,37.56,,46.61,,49.95,49.95,49.95,42.11,50.66,25.02,34.63,48.46,,59.48,54.0,50.55,,44.99,,,,54.0,57.95,,54.0,57.95,57.95,111.5,57.95,42.11,42.11,,,,,49.89,29.87,30.81,25.02,25.02,29.87,59.97,50.66,50.44,49.53,25.02,25.02,25.02,25.02,54.0,46.61,,,,,,
2019-06-29 22:00:00+02:00,,40.94,,40.57,34.2,39.01,,42.58,,41.03,41.03,41.03,23.63,50.11,23.63,40.35,42.37,,64.86,40.94,42.58,,37.0,,,,49.0,54.99,,49.0,54.99,54.99,77.03,54.99,23.63,23.63,,,,,41.03,29.97,30.67,23.63,23.63,29.97,53.86,50.11,42.48,45.4,23.63,23.63,23.63,23.63,40.94,42.58,,,,,,
2019-06-29 23:00:00+02:00,,35.61,,35.61,32.36,35.67,,35.02,,35.61,35.61,35.61,22.24,48.96,22.24,35.61,36.77,,59.41,35.61,35.02,,34.99,,,,43.99,53.92,,43.99,53.92,53.92,60.0,53.92,22.24,22.24,,,,,35.61,29.45,30.49,23.47,23.47,29.45,52.84,48.96,34.94,37.09,22.24,22.24,22.24,22.24,35.61,35.02,,,,,,
2019-06-30 00:00:00+02:00,,30.41,,30.41,30.04,27.16,,31.0,,30.41,30.41,30.41,24.05,47.4,24.05,30.41,69.12,,62.43,30.41,31.0,,45.0,,,,45.17,54.78,,45.17,54.78,54.78,55.0,54.78,24.05,24.05,,,,,30.41,28.11,29.43,24.05,24.05,28.11,32.92,47.4,31.01,29.38,24.05,24.05,24.05,24.05,30.41,31.0,,,,,,
2019-06-30 01:00:00+02:00,,26.9,,26.9,23.97,24.58,,25.5,,26.9,26.9,26.9,23.74,47.51,23.74,26.9,52.03,,58.99,26.9,25.5,,38.72,,,,53.92,53.92,,39.0,53.92,53.92,53.92,53.92,23.74,23.74,,,,,26.9,26.72,26.72,23.74,23.74,26.72,32.53,47.51,25.51,22.45,23.74,23.74,23.74,23.74,26.9,25.5,,,,,,
2019-06-30 02:00:00+02:00,,21.55,,17.3,23.94,18.94,,21.3,,21.55,21.55,21.55,21.04,46.0,21.04,17.3,33.36,,58.77,21.55,21.3,,31.82,,,,46.44,46.95,,36.5,46.95,46.95,46.95,46.95,21.04,21.04,,,,,27.39,26.51,26.51,21.62,21.62,26.51,32.56,46.0,21.31,18.92,21.04,21.04,21.04,21.04,21.55,21.3,,,,,,
2019-06-30 03:00:00+02:00,,17.13,,11.46,23.93,14.22,,18.98,,17.13,17.13,17.13,17.13,45.81,17.13,11.46,30.99,,49.45,17.13,18.98,,29.26,,,,43.44,43.44,,35.72,43.44,43.44,43.44,43.44,17.13,17.13,,,,,24.78,23.99,23.99,21.33,21.33,23.99,32.56,45.81,18.99,16.71,17.13,17.13,17.13,17.13,17.13,18.98,,,,,,
2019-06-30 04:00:00+02:00,,14.92,,11.05,18.09,11.07,,14.91,,14.92,14.92,14.92,14.92,45.97,14.92,11.64,26.2,,46.75,14.92,14.91,,25.3,,,,44.96,44.96,,31.76,44.96,44.96,44.96,44.96,14.92,14.92,,,,,19.6,18.98,18.98,18.98,18.98,18.98,39.04,45.97,14.91,14.45,14.92,14.92,14.92,14.92,14.92,14.91,,,,,,
2019-06-30 05:00:00+02:00,,10.16,,10.16,18.04,9.58,,10.09,,10.16,10.16,10.16,10.16,47.0,10.16,10.16,12.26,,47.85,10.16,10.09,,12.88,,,,41.3,41.3,,29.4,41.3,41.3,41.3,41.3,10.16,10.16,,,,,10.16,10.16,10.16,18.8,18.8,10.16,39.06,47.0,10.1,10.14,10.16,10.16,10.16,10.16,10.16,10.09,,,,,,
2019-06-30 06:00:00+02:00,,12.26,,10.85,10.08,8.14,,10.25,,12.26,12.68,12.68,12.68,44.57,12.68,10.12,12.64,,58.78,12.26,11.35,,12.96,,,,41.0,41.0,,30.0,41.0,41.0,41.0,41.0,12.68,12.68,,,,,12.27,12.68,12.68,18.99,18.99,12.68,32.96,44.57,11.35,11.67,12.68,12.68,12.68,12.68,12.26,10.25,,,,,,
2019-06-30 07:00:00+02:00,,13.38,,12.58,10.08,5.8,,7.14,,13.38,15.03,15.03,15.03,45.0,15.03,12.58,14.98,,49.5,28.6,19.95,,15.0,,,,28.6,51.86,,28.6,51.86,51.86,51.86,51.86,15.03,15.03,,,,,14.55,15.03,15.03,19.42,19.42,15.03,45.19,45.0,19.95,18.02,15.03,15.03,15.03,15.03,28.6,7.14,,,,,,
2019-06-30 08:00:00+02:00,,19.74,,19.76,18.0,6.62,,8.38,,19.65,21.35,21.35,43.76,45.73,21.35,19.65,23.41,,44.51,30.0,25.51,,22.88,,,,30.0,38.86,,30.0,38.86,38.86,122.52,38.86,43.76,43.76,,,,,20.67,21.35,21.35,21.35,21.35,21.35,44.1,45.73,25.52,23.28,21.35,21.35,21.35,21.35,30.0,8.38,,,,,,
2019-06-30 09:00:00+02:00,,17.24,,17.24,22.05,5.83,,6.0,,17.24,22.23,22.23,41.98,45.8,22.23,17.24,31.43,,47.0,37.18,30.43,,29.98,,,,37.18,38.65,,37.18,38.65,38.65,122.52,38.65,41.98,41.98,,,,,17.24,22.23,22.23,22.23,22.23,22.23,51.11,45.8,30.44,28.58,22.23,22.23,22.23,22.23,37.18,6.0,,,,,,
2019-06-30 10:00:00+02:00,,12.22,,13.38,31.61,0.47,,0.73,,11.78,23.13,23.13,41.98,46.0,23.13,12.86,44.59,,44.7,38.2,36.39,,36.45,,,,38.84,38.84,,38.84,38.84,38.84,93.03,38.84,41.98,41.98,,,,,17.4,23.13,23.13,23.13,23.13,23.13,51.11,46.0,31.06,31.15,23.13,23.13,23.13,23.13,38.2,0.73,,,,,,
2019-06-30 11:00:00+02:00,,9.92,,12.19,31.61,-2.19,,-2.0,,9.06,23.63,23.63,41.98,46.16,23.63,11.18,43.83,,42.15,38.59,34.49,,41.82,,,,38.59,38.59,,38.59,38.59,38.59,80.0,38.59,41.98,41.98,,,,,20.1,23.63,23.63,23.63,23.63,23.63,51.12,46.16,29.37,35.47,23.63,23.63,23.63,23.63,38.59,-2.0,,,,,,
2019-06-30 12:00:00+02:00,,2.61,,9.35,31.6,-15.85,,-2.0,,0.06,13.3,24.23,41.98,46.63,24.23,6.36,42.09,,43.83,38.32,36.51,,40.16,,,,38.32,38.32,,38.32,38.32,38.32,59.9,38.32,41.98,41.98,,,,,33.05,24.23,24.23,24.23,24.23,24.23,51.12,46.63,29.37,36.34,24.23,24.23,24.23,24.23,38.32,-2.0,,,,,,
2019-06-30 13:00:00+02:00,,-18.48,,13.06,31.61,-39.45,,-23.0,,-29.29,0.12,23.58,52.91,48.58,23.58,8.18,39.93,,44.2,36.94,30.17,,38.09,,,,36.94,36.94,,36.94,36.94,36.94,55.0,36.94,52.91,52.91,,,,,24.36,23.58,23.58,23.58,23.58,23.58,53.33,48.58,27.26,34.17,23.58,23.58,23.58,23.58,36.94,-23.0,,,,,,
2019-06-30 14:00:00+02:00,,-28.0,,6.65,31.62,-38.31,,-23.0,,-39.97,0.07,21.03,50.72,47.0,21.03,0.96,33.44,,48.85,37.77,27.76,,31.91,,,,37.77,37.77,,37.77,37.77,37.77,47.56,37.77,50.72,50.72,,,,,21.72,21.03,21.03,21.03,21.03,21.03,51.12,47.0,27.77,29.51,21.03,21.03,21.03,21.03,37.77,-23.0,,,,,,
2019-06-30 15:00:00+02:00,,-9.56,,-1.52,31.63,-28.81,,-15.0,,-12.51,-11.03,0.04,49.31,45.38,13.16,-5.12,27.6,,44.8,38.57,33.79,,26.98,,,,38.65,38.65,,38.65,38.65,38.65,38.65,38.65,49.31,49.31,,,,,25.84,25.01,25.01,21.7,21.7,25.01,49.7,45.38,33.81,28.04,4.84,4.84,4.84,4.84,38.57,-15.0,,,,,,
2019-06-30 16:00:00+02:00,,1.75,,6.46,31.64,-12.15,,-5.0,,0.02,0.02,0.02,44.91,44.0,14.99,4.36,27.6,,52.5,41.0,38.01,,26.98,,,,41.0,41.0,,41.0,41.0,41.0,41.0,41.0,44.91,44.91,,,,,22.5,23.12,23.12,21.8,21.8,23.12,45.27,44.0,38.03,31.0,2.25,2.25,2.25,2.25,41.0,-5.0,,,,,,
2019-06-30 17:00:00+02:00,,20.05,,20.05,31.65,1.68,,8.0,,20.05,20.05,20.05,44.88,43.37,20.05,20.05,35.67,,58.77,47.15,41.58,,33.39,,,,47.15,47.15,,47.15,47.15,47.15,47.15,47.15,44.88,44.88,,,,,20.05,22.07,22.07,21.94,21.94,22.07,45.24,43.37,41.6,32.4,20.05,20.05,20.05,20.05,47.15,8.0,,,,,,
2019-06-30 18:00:00+02:00,,28.83,,28.83,36.0,20.07,,29.7,,28.83,28.83,28.83,50.48,42.84,25.51,28.83,39.01,,59.41,48.17,45.25,,35.0,,,,54.78,54.78,,48.17,54.78,54.78,54.78,54.78,50.48,50.48,,,,,28.83,26.6,26.6,25.51,25.51,26.6,50.88,42.84,45.27,40.34,25.51,25.51,25.51,25.51,48.17,29.7,,,,,,
2019-06-30 19:00:00+02:00,,36.63,,36.63,41.09,27.22,,38.0,,36.63,27.26,27.26,53.35,44.36,24.21,36.63,44.25,,62.52,49.0,51.11,,35.13,,,,57.95,57.95,,49.0,57.95,57.95,57.95,57.95,53.35,53.35,,,,,36.63,27.26,27.26,24.21,24.21,27.26,53.77,44.36,51.14,42.53,24.21,24.21,24.21,24.21,49.0,38.0,,,,,,
2019-06-30 20:00:00+02:00,,37.94,,37.94,46.91,29.14,,41.0,,37.94,27.46,27.46,52.66,47.97,23.77,37.94,50.83,,62.54,75.07,56.22,,34.94,,,,71.44,71.44,,55.0,71.44,71.44,77.03,71.44,52.66,52.66,,,,,37.94,27.46,27.46,23.77,23.77,27.46,53.08,47.97,56.25,49.91,23.77,23.77,23.77,23.77,55.0,41.0,,,,,,
2019-06-30 21:00:00+02:00,,37.07,,37.07,46.91,29.1,,38.9,,37.07,27.94,27.94,22.49,52.69,22.49,37.07,50.65,,60.01,80.02,56.9,,34.94,,,,72.09,72.09,,60.0,72.09,72.09,85.0,72.09,22.49,22.49,,,,,37.07,27.94,27.94,22.49,22.49,27.94,51.13,52.69,56.93,51.06,22.49,22.49,22.49,22.49,60.0,38.9,,,,,,
2019-06-30 22:00:00+02:00,,43.19,,43.19,39.42,31.03,,39.98,,43.19,27.98,27.98,19.2,53.88,19.2,43.19,48.49,,69.0,55.0,50.47,,34.94,,,,70.0,70.0,,55.0,70.0,70.0,77.03,70.0,19.2,19.2,,,,,43.19,27.98,27.98,19.2,19.2,27.98,51.13,53.88,50.5,45.94,19.2,19.2,19.2,19.2,55.0,39.98,,,,,,
2019-06-30 23:00:00+02:00,,36.72,,36.72,37.5,27.99,,34.58,,36.72,27.75,27.75,4.33,51.24,4.33,36.72,38.57,,61.15,46.0,37.44,,35.19,,,,54.99,54.99,,46.0,54.99,54.99,64.9,54.99,4.33,4.33,,,,,36.72,27.75,27.75,18.49,18.49,27.75,44.34,51.24,37.46,38.06,4.33,4.33,4.33,4.33,46.0,34.58,,,,,,
2019-07-01 00:00:00+02:00,,28.98,,28.98,39.52,26.97,,28.91,,28.98,27.49,27.49,20.71,50.36,20.71,28.98,29.73,,55.83,55.0,39.49,,28.36,,,,55.38,55.38,,55.0,55.38,55.38,55.38,55.38,20.71,20.71,,,,,28.98,27.49,27.49,20.71,20.71,27.49,45.91,50.36,39.51,31.09,20.71,20.71,20.71,20.71,55.0,28.91,,,,,,
2019-07-01 01:00:00+02:00,,26.23,,26.23,35.04,25.71,,27.37,,26.23,25.39,25.39,19.82,44.59,19.82,26.23,26.82,,56.0,47.8,27.91,,25.59,,,,55.74,55.74,,47.8,55.74,55.74,55.74,55.74,19.82,19.82,,,,,26.23,25.39,25.39,19.82,19.82,25.39,44.96,44.59,27.93,26.43,19.82,19.82,19.82,19.82,47.8,27.37,,,,,,
2019-07-01 02:00:00+02:00,,25.04,,24.5,29.39,24.27,,26.03,,25.04,24.22,24.22,19.84,42.41,19.84,24.26,24.25,,56.0,42.07,26.03,,23.14,,,,43.22,55.38,,42.07,55.38,55.38,55.38,55.38,19.84,19.84,,,,,25.02,24.22,24.22,19.84,19.84,24.22,44.45,42.41,26.04,24.63,19.84,19.84,19.84,19.84,42.07,26.03,,,,,,
2019-07-01 03:00:00+02:00,,24.94,,22.52,29.03,23.91,,26.05,,24.94,24.07,24.07,20.56,40.9,20.56,21.42,21.91,,54.0,41.96,26.05,,20.9,,,,43.22,54.37,,41.96,54.37,54.37,54.37,54.37,20.56,20.56,,,,,24.87,24.07,24.07,20.56,20.56,24.07,44.44,40.9,26.06,24.28,20.56,20.56,20.56,20.56,41.96,26.05,,,,,,
2019-07-01 04:00:00+02:00,,26.04,,21.61,22.51,23.21,,26.0,,26.04,25.07,25.07,21.09,40.9,21.09,19.61,20.06,,52.88,41.96,26.0,,19.13,,,,43.22,54.37,,41.96,54.37,54.37,54.37,54.37,21.09,21.09,,,,,25.9,25.07,25.07,21.09,21.09,25.07,43.99,40.9,26.01,24.31,21.09,21.09,21.09,21.09,41.96,26.0,,,,,,
2019-07-01 05:00:00+02:00,,27.14,,19.64,29.32,24.49,,29.22,,27.14,26.03,26.03,24.07,42.41,24.07,16.27,16.64,,52.88,42.76,29.22,,15.87,,,,43.22,53.45,,42.76,53.45,53.45,53.45,53.45,24.07,24.07,,,,,26.89,26.03,26.03,24.07,24.07,26.03,49.05,42.41,31.06,26.9,24.07,24.07,24.07,24.07,42.76,29.22,,,,,,
2019-07-01 06:00:00+02:00,,40.92,,26.96,50.1,32.51,,40.0,,41.93,27.7,27.7,27.7,44.81,27.7,23.8,24.36,,52.94,55.38,49.4,,23.23,,,,55.38,55.38,,55.38,55.38,55.38,55.38,55.38,27.7,27.7,,,,,38.3,27.7,27.7,27.7,27.7,27.7,66.29,44.81,49.43,44.97,27.7,27.7,27.7,27.7,55.38,40.0,,,,,,
2019-07-01 07:00:00+02:00,,53.1,,42.24,55.06,36.91,,50.0,,53.1,29.67,29.67,51.2,50.16,37.25,37.3,44.1,,59.81,95.0,71.84,,26.55,,,,68.38,68.38,,68.38,68.38,68.38,68.38,68.38,51.2,51.2,,,,,51.55,29.67,29.67,29.67,29.67,29.67,55.43,50.16,71.87,58.04,29.67,29.67,29.67,29.67,95.0,50.0,,,,,,
2019-07-01 08:00:00+02:00,,52.85,,44.56,58.28,38.22,,49.3,,52.85,31.97,31.97,56.66,50.89,43.49,39.66,45.75,,60.83,91.02,75.97,,31.84,,,,71.62,71.62,,71.62,71.62,71.62,71.62,71.62,56.66,56.66,,,,,52.34,31.97,31.97,31.97,31.97,31.97,57.11,50.89,76.01,65.52,31.97,31.97,31.97,31.97,91.02,49.3,,,,,,
2019-07-01 09:00:00+02:00,,41.13,,41.13,60.4,37.75,,40.0,,41.13,32.0,32.0,59.92,51.2,45.34,41.13,42.4,,59.9,91.01,75.94,,40.42,,,,71.62,71.62,,71.62,71.62,71.62,71.62,71.62,59.92,59.92,,,,,41.13,32.0,32.0,32.0,32.0,32.0,60.4,51.2,75.98,65.93,32.0,32.0,32.0,32.0,91.01,40.0,,,,,,
2019-07-01 10:00:00+02:00,,37.57,,37.57,58.29,34.71,,34.12,,37.57,31.15,31.15,59.96,51.45,45.84,37.57,38.74,,59.9,64.53,73.27,,35.07,,,,64.53,64.53,,64.53,64.53,64.53,64.53,64.53,59.96,59.96,,,,,37.57,31.15,31.15,31.15,31.15,31.15,60.44,51.45,73.3,64.52,31.15,31.15,31.15,31.15,64.53,34.12,,,,,,
2019-07-01 11:00:00+02:00,,32.85,,32.85,41.38,32.91,,34.8,,32.85,29.91,29.91,68.09,51.85,48.39,32.85,33.88,,59.81,62.6,73.7,,34.68,,,,62.6,62.6,,62.6,62.6,62.6,62.6,62.6,68.09,68.09,,,,,32.85,29.91,29.91,29.91,29.91,29.91,68.64,51.85,73.74,65.62,29.91,29.91,29.91,29.91,62.6,34.8,,,,,,
2019-07-01 12:00:00+02:00,,29.46,,29.46,56.25,29.92,,67.4,,29.46,28.52,28.52,68.21,53.19,48.6,29.46,33.49,,60.63,82.07,73.07,,34.28,,,,56.27,56.27,,56.27,56.27,56.27,56.27,56.27,68.21,68.21,,,,,29.46,28.52,28.52,28.52,28.52,28.52,68.76,53.19,73.11,67.03,28.52,28.52,28.52,28.52,56.27,67.4,,,,,,
2019-07-01 13:00:00+02:00,,28.02,,27.41,58.28,28.56,,70.08,,27.39,27.39,27.39,68.16,53.19,44.55,27.42,35.56,,60.0,55.98,70.08,,36.4,,,,55.98,55.98,,55.98,55.98,55.98,55.98,55.98,68.16,68.16,,,,,27.41,27.39,27.39,27.39,27.39,27.39,68.71,53.19,70.12,67.03,27.39,27.39,27.39,27.39,55.98,70.08,,,,,,
2019-07-01 14:00:00+02:00,,28.01,,27.28,62.6,27.68,,68.7,,27.25,27.25,27.25,62.69,51.64,48.24,27.29,34.21,,60.0,60.61,68.7,,35.02,,,,60.61,60.61,,60.61,60.61,60.61,60.61,60.61,62.69,62.69,,,,,27.28,27.25,27.25,27.25,27.25,27.25,63.2,51.64,68.73,67.03,27.25,27.25,27.25,27.25,60.61,68.7,,,,,,
2019-07-01 15:00:00+02:00,,27.0,,27.0,60.3,26.48,,66.46,,27.0,27.0,27.0,51.29,50.03,39.42,27.0,34.22,,59.9,73.12,66.46,,35.02,,,,73.12,71.62,,73.12,71.62,73.12,71.62,71.62,51.29,51.29,,,,,27.0,27.0,27.0,27.0,27.0,27.0,58.22,50.03,66.49,66.19,27.0,27.0,27.0,27.0,73.12,66.46,,,,,,
2019-07-01 16:00:00+02:00,,26.82,,27.03,66.4,26.27,,79.96,,26.72,26.72,26.72,60.27,48.38,35.0,27.03,31.05,,60.87,84.63,79.96,,34.39,,,,84.63,71.79,,84.63,71.79,84.63,71.79,71.79,60.27,60.27,,,,,27.6,26.72,26.72,26.72,26.72,26.72,60.76,48.38,80.0,69.91,26.72,26.72,26.72,26.72,84.63,79.96,,,,,,
2019-07-01 17:00:00+02:00,,27.5,,27.75,71.76,28.59,,83.2,,27.5,27.5,27.5,57.58,48.1,34.96,27.68,39.88,,62.7,91.07,83.2,,40.8,,,,79.52,72.1,,79.52,72.1,79.52,77.61,72.1,57.58,57.58,,,,,28.41,27.5,27.5,27.5,27.5,27.5,58.04,48.1,83.24,69.93,27.5,27.5,27.5,27.5,79.52,83.2,,,,,,
2019-07-01 18:00:00+02:00,,31.03,,31.03,90.08,32.59,,80.84,,31.03,28.04,28.04,57.5,47.38,43.12,31.03,39.09,,64.57,91.08,80.84,,40.96,,,,72.1,72.1,,72.1,72.1,72.1,90.01,72.1,57.5,57.5,,,,,31.03,28.04,28.04,28.04,28.04,28.04,57.96,47.38,80.87,69.3,28.04,28.04,28.04,28.04,72.1,80.84,,,,,,
2019-07-01 19:00:00+02:00,,36.49,,36.49,90.09,36.42,,57.6,,36.49,27.89,27.89,56.45,46.46,46.88,36.49,45.81,,64.57,72.1,76.3,,47.99,,,,72.1,72.1,,72.1,72.1,72.1,117.61,72.1,56.45,56.45,,,,,36.49,27.89,27.89,27.89,27.89,27.89,56.9,46.46,76.34,72.18,27.89,27.89,27.89,27.89,72.1,57.6,,,,,,
2019-07-01 20:00:00+02:00,,36.32,,36.32,66.37,36.53,,55.2,,36.32,27.67,27.67,51.28,49.1,37.75,36.32,50.8,,69.1,72.1,67.23,,51.95,,,,72.1,72.1,,72.1,72.1,72.1,129.21,72.1,51.28,51.28,,,,,36.32,27.67,27.67,27.67,27.67,27.67,56.86,49.1,67.26,69.1,27.67,27.67,27.67,27.67,72.1,55.2,,,,,,
2019-07-01 21:00:00+02:00,,34.93,,34.93,56.27,32.09,,41.1,,34.93,27.29,27.29,55.55,51.45,40.75,34.93,52.75,,66.19,71.62,63.64,,53.94,,,,71.62,71.62,,71.62,71.62,71.62,129.21,71.62,55.55,55.55,,,,,34.93,27.29,27.29,27.29,27.29,27.29,56.0,51.45,63.67,68.01,27.29,27.29,27.29,27.29,71.62,41.1,,,,,,
2019-07-01 22:00:00+02:00,,37.24,,37.65,56.24,33.62,,37.17,,37.24,27.15,27.15,33.03,50.76,33.03,37.46,53.65,,62.14,59.98,60.48,,54.85,,,,59.98,59.98,,59.98,59.98,59.98,96.59,59.98,33.03,33.03,,,,,38.9,27.15,27.15,27.15,27.15,27.15,61.55,50.76,60.51,61.16,27.15,27.15,27.15,27.15,59.98,37.17,,,,,,
2019-07-01 23:00:00+02:00,,31.97,,31.97,53.65,28.91,,31.1,,31.97,26.08,26.08,26.08,48.12,26.08,31.97,47.74,,66.22,54.37,41.6,,48.81,,,,54.37,54.37,,54.37,54.37,54.37,77.61,54.37,26.08,26.08,,,,,31.97,26.08,26.08,26.08,26.08,26.08,50.66,48.12,40.14,50.54,26.08,26.08,26.08,26.08,54.37,31.1,,,,,,
2019-07-02 00:00:00+02:00,,28.9,,28.9,38.45,28.11,,30.2,,28.9,24.99,24.99,27.35,50.66,27.35,28.9,50.29,,69.44,35.89,48.42,,49.0,,,,59.41,59.41,,59.41,59.41,59.41,70.0,59.41,27.35,27.35,,,,,28.9,24.99,24.99,24.99,24.99,24.99,54.41,50.66,46.27,48.09,24.99,24.99,24.99,24.99,35.89,30.2,,,,,,
2019-07-02 01:00:00+02:00,,26.97,,26.97,32.93,26.73,,28.08,,26.97,24.09,24.09,24.09,44.0,24.09,26.97,43.12,,69.39,35.0,39.49,,41.01,,,,58.61,58.61,,58.61,58.61,58.61,58.61,58.61,24.09,24.09,,,,,26.97,24.09,24.09,24.09,24.09,24.09,55.69,44.0,39.51,39.96,24.09,24.09,24.09,24.09,35.0,28.08,,,,,,
2019-07-02 02:00:00+02:00,,25.48,,25.48,29.05,25.12,,26.31,,25.48,22.73,22.73,22.73,40.97,22.73,25.48,36.88,,66.14,26.39,31.04,,35.95,,,,55.0,55.38,,55.0,55.38,55.0,55.38,55.38,22.73,22.73,,,,,25.48,22.73,22.73,22.73,22.73,22.73,53.53,40.97,31.06,30.08,22.73,22.73,22.73,22.73,26.39,26.31,,,,,,
2019-07-02 03:00:00+02:00,,24.75,,24.75,27.51,23.93,,25.36,,24.75,21.53,21.53,21.53,40.66,21.53,24.75,35.58,,61.29,24.75,29.86,,34.68,,,,53.0,54.37,,53.0,54.37,53.0,54.37,54.37,21.53,21.53,,,,,24.75,21.53,21.53,21.53,21.53,21.53,54.32,40.66,29.87,29.77,21.53,21.53,21.53,21.53,24.75,25.36,,,,,,
2019-07-02 04:00:00+02:00,,24.91,,24.91,22.53,23.83,,25.36,,24.91,20.57,20.57,20.57,40.66,20.57,24.91,35.51,,61.29,24.91,28.59,,34.62,,,,50.81,54.37,,50.81,54.37,50.81,54.37,54.37,20.57,20.57,,,,,24.91,20.57,20.57,20.57,20.57,20.57,53.36,40.66,28.59,28.06,20.57,20.57,20.57,20.57,24.91,25.36,,,,,,
2019-07-02 05:00:00+02:00,,26.99,,26.99,30.64,25.59,,27.5,,26.99,21.36,21.36,23.09,41.07,23.09,26.99,35.16,,58.54,39.0,34.65,,34.28,,,,51.0,54.37,,51.0,54.37,51.0,54.37,54.37,23.09,23.09,,,,,26.99,21.36,21.36,21.36,21.36,21.36,53.41,41.07,34.66,30.6,21.36,21.36,21.36,21.36,39.0,27.5,,,,,,
2019-07-02 06:00:00+02:00,,31.0,,31.0,52.49,32.64,,32.78,,31.0,24.29,24.29,41.93,44.4,41.93,31.0,35.18,,63.33,60.88,62.37,,35.0,,,,60.88,60.88,,60.88,60.88,60.88,60.88,60.88,41.93,41.93,,,,,31.0,24.29,24.29,24.29,24.29,24.29,58.84,44.4,62.39,58.86,24.29,24.29,24.29,24.29,60.88,32.78,,,,,,
2019-07-02 07:00:00+02:00,,36.12,,36.12,66.38,37.12,,51.33,,36.12,26.86,26.86,51.15,45.85,51.15,36.12,41.33,,66.19,65.0,70.07,,38.93,,,,65.0,65.0,,65.0,65.0,65.0,70.0,65.0,51.15,51.15,,,,,36.12,26.86,26.86,26.86,26.86,26.86,51.27,45.85,70.09,70.07,26.86,26.86,26.86,26.86,65.0,51.33,,,,,,
2019-07-02 08:00:00+02:00,,36.1,,36.1,63.07,38.36,,56.65,,36.1,27.49,27.49,56.0,50.11,56.0,36.1,40.2,,69.42,71.79,72.98,,44.47,,,,71.79,71.79,,71.79,71.79,71.79,71.79,71.79,56.0,56.0,,,,,36.1,27.49,27.49,27.49,27.49,27.49,56.12,50.11,73.0,70.97,27.49,27.49,27.49,27.49,71.79,56.65,,,,,,
2019-07-02 09:00:00+02:00,,35.06,,39.94,61.72,35.77,,66.0,,33.33,28.48,28.48,54.44,51.2,54.44,37.11,46.81,,69.46,72.1,73.7,,65.93,,,,72.1,72.1,,72.1,72.1,72.1,72.1,72.1,54.44,54.44,,,,,39.94,28.48,28.48,27.62,27.62,28.48,54.56,51.2,73.73,73.04,28.48,28.48,28.48,28.48,72.1,66.0,,,,,,
2019-07-02 10:00:00+02:00,,34.94,,41.5,61.4,33.99,,57.0,,32.75,28.82,28.82,55.52,51.81,55.52,37.73,46.89,,66.25,70.95,72.42,,65.93,,,,70.95,70.95,,70.95,70.95,43.25,70.95,70.95,55.52,55.52,,,,,41.5,28.82,28.82,27.64,27.64,28.82,55.65,51.81,72.44,73.01,28.82,28.82,28.82,28.82,70.95,57.0,,,,,,
2019-07-02 11:00:00+02:00,,34.51,,41.48,60.53,32.64,,57.0,,31.8,29.79,29.79,55.36,52.69,55.36,37.85,42.79,,68.16,69.95,72.46,,70.43,,,,69.95,69.95,,69.95,69.95,35.0,69.95,69.95,55.36,55.36,,,,,41.48,29.79,29.79,27.58,27.58,29.79,55.49,52.69,72.48,73.27,29.79,29.79,29.79,29.79,69.95,57.0,,,,,,
2019-07-02 12:00:00+02:00,,33.39,,40.98,61.38,30.3,,66.0,,29.59,28.11,28.11,60.1,53.69,60.1,37.27,42.27,,66.19,58.0,74.85,,75.0,,,,58.0,58.0,,58.0,58.0,0.01,58.0,58.0,60.1,60.1,,,,,40.98,28.11,28.11,27.6,27.6,28.11,60.24,53.69,74.86,70.77,28.11,28.11,28.11,28.11,58.0,66.0,,,,,,
2019-07-02 13:00:00+02:00,,33.03,,40.1,61.79,29.49,,55.12,,29.55,28.84,28.84,58.01,53.77,58.01,36.64,43.52,,67.83,58.0,73.7,,80.42,,,,58.0,58.0,,58.0,58.0,0.0,58.0,58.0,58.01,58.01,,,,,40.1,28.84,28.84,27.54,27.54,28.84,58.14,53.77,73.72,70.07,28.84,28.84,28.84,28.84,58.0,55.12,,,,,,
2019-07-02 14:00:00+02:00,,32.33,,38.26,63.13,29.68,,49.5,,29.52,28.82,28.82,55.14,53.13,55.14,35.27,39.44,,68.2,61.61,73.09,,72.13,,,,61.61,61.61,,61.61,61.61,0.0,61.61,61.61,55.14,55.14,,,,,38.26,28.82,28.82,27.43,27.43,28.82,55.27,53.13,73.1,68.1,28.82,28.82,28.82,28.82,61.61,49.5,,,,,,
2019-07-02 15:00:00+02:00,,30.52,,32.79,64.06,29.6,,50.0,,29.6,28.89,28.89,53.49,51.95,53.49,31.57,35.68,,66.2,68.02,76.61,,61.0,,,,68.02,68.02,,68.02,68.02,0.0,68.02,68.02,53.49,53.49,,,,,33.0,28.89,28.89,27.53,27.53,28.89,53.62,51.95,76.62,71.03,28.89,28.89,28.89,28.89,68.02,50.0,,,,,,
2019-07-02 16:00:00+02:00,,29.96,,29.96,66.51,30.49,,57.7,,29.96,29.0,29.0,55.22,51.64,55.22,29.96,38.7,,69.53,73.18,83.66,,64.0,,,,73.18,71.62,,73.18,71.62,0.0,71.62,71.62,55.22,55.22,,,,,29.96,29.0,29.0,27.44,27.44,29.0,55.35,51.64,83.67,77.97,29.0,29.0,29.0,29.0,73.18,57.7,,,,,,
2019-07-02 17:00:00+02:00,,33.05,,33.05,66.43,33.21,,58.0,,33.05,30.22,30.22,53.05,51.45,53.05,33.05,46.95,,69.13,72.1,82.43,,79.0,,,,72.1,72.1,,72.1,72.1,43.25,77.61,72.1,53.05,53.05,,,,,33.05,30.22,30.22,27.32,27.32,30.22,53.17,51.45,82.44,78.46,30.22,30.22,30.22,30.22,72.1,58.0,,,,,,
2019-07-02 18:00:00+02:00,,38.02,,38.02,66.4,37.18,,46.2,,38.02,29.16,29.16,51.39,50.78,51.39,38.02,57.37,,68.57,72.1,80.59,,80.92,,,,72.1,72.1,,72.1,72.1,72.1,77.61,72.1,51.39,51.39,,,,,38.02,29.16,29.16,27.47,27.47,29.16,51.51,50.78,80.6,77.59,29.16,29.16,29.16,29.16,72.1,46.2,,,,,,
2019-07-02 19:00:00+02:00,,44.0,,44.0,66.6,38.84,,49.25,,44.0,30.96,30.96,49.75,50.11,49.75,44.0,57.34,,69.09,72.1,80.65,,61.44,,,,72.1,72.1,,72.1,72.1,72.1,89.61,72.1,49.75,49.75,,,,,44.0,30.96,30.96,27.55,27.55,30.96,50.95,50.11,80.66,72.07,30.96,30.96,30.96,30.96,72.1,49.25,,,,,,
2019-07-02 20:00:00+02:00,,50.96,,44.46,67.64,38.04,,49.5,,50.96,30.95,30.95,41.93,50.11,41.93,39.21,56.08,,83.53,71.79,81.56,,58.87,,,,71.79,71.79,,71.79,71.79,71.79,129.21,71.79,41.93,41.93,,,,,52.42,30.95,30.95,27.58,27.58,30.95,50.78,50.11,81.57,71.54,30.95,30.95,30.95,30.95,71.79,49.5,,,,,,
2019-07-02 21:00:00+02:00,,46.16,,41.6,65.16,35.98,,45.02,,47.9,30.43,30.43,36.33,50.76,36.33,37.66,50.16,,83.53,71.62,77.91,,52.67,,,,71.62,71.62,,71.62,71.62,71.62,129.21,71.62,36.33,36.33,,,,,47.65,30.43,30.43,27.53,27.53,30.43,48.81,50.76,77.92,71.14,30.43,30.43,30.43,30.43,71.62,45.02,,,,,,
2019-07-02 22:00:00+02:00,,41.97,,41.5,59.65,37.52,,41.97,,42.14,29.98,29.98,29.98,50.11,29.98,41.07,44.58,,83.53,60.0,69.17,,46.81,,,,60.0,60.0,,60.0,60.0,60.0,91.4,60.0,29.98,29.98,,,,,42.14,29.98,29.98,27.33,27.33,29.98,60.01,50.11,69.17,64.46,29.98,29.98,29.98,29.98,60.0,41.97,,,,,,
2019-07-02 23:00:00+02:00,,37.05,,37.05,44.07,33.35,,36.3,,37.05,27.61,27.61,27.61,49.8,27.61,37.05,38.98,,69.57,55.0,56.05,,40.94,,,,55.0,55.0,,55.0,55.0,55.0,70.0,55.0,27.61,27.61,,,,,37.05,27.61,27.61,27.15,27.15,27.61,53.17,49.8,48.54,62.01,27.61,27.61,27.61,27.61,55.0,36.3,,,,,,
2019-07-03 00:00:00+02:00,,30.94,,30.94,50.14,32.2,,33.4,,30.94,26.12,26.12,26.12,51.53,26.12,30.94,43.45,,70.12,51.1,47.9,,44.62,,,,55.0,55.0,,55.0,55.0,55.0,72.0,55.0,26.12,26.12,,,,,30.94,26.12,26.12,26.12,26.12,26.12,57.89,51.53,47.88,47.07,26.12,26.12,26.12,26.12,51.1,33.4,,,,,,
2019-07-03 01:00:00+02:00,,28.07,,28.07,50.14,30.38,,31.5,,28.07,25.7,25.7,25.7,47.42,25.7,28.07,37.1,,69.5,35.52,39.79,,38.14,,,,56.35,56.35,,56.35,56.35,56.35,72.0,56.35,25.7,25.7,,,,,28.07,25.7,25.7,25.7,25.7,25.7,56.91,47.42,39.78,38.26,25.7,25.7,25.7,25.7,35.52,31.5,,,,,,
2019-07-03 02:00:00+02:00,,27.6,,27.6,50.14,28.44,,30.42,,27.6,25.37,25.37,25.37,43.75,25.37,27.6,36.88,,69.55,27.6,32.04,,37.87,,,,47.27,55.96,,47.27,55.96,47.27,55.96,55.96,25.37,25.37,,,,,27.6,25.37,25.37,25.37,25.37,25.37,53.38,43.75,32.04,34.29,25.37,25.37,25.37,25.37,27.6,30.42,,,,,,
2019-07-03 03:00:00+02:00,,27.37,,25.0,50.13,28.06,,30.0,,27.37,25.15,25.15,25.15,42.49,25.15,23.51,37.14,,69.47,27.37,30.06,,38.14,,,,46.09,55.35,,46.09,55.35,46.09,55.35,55.35,25.15,25.15,,,,,27.33,25.15,25.15,25.15,25.15,25.15,52.98,42.49,30.06,30.87,25.15,25.15,25.15,25.15,27.37,30.0,,,,,,
2019-07-03 04:00:00+02:00,,28.01,,22.48,50.13,28.02,,30.0,,28.01,25.33,25.33,25.33,42.5,25.33,18.99,36.88,,69.47,28.01,30.0,,37.87,,,,53.61,53.61,,46.27,53.61,53.61,53.61,53.61,25.33,25.33,,,,,27.93,25.33,25.33,25.33,25.33,25.33,51.97,42.5,30.0,31.23,25.33,25.33,25.33,25.33,28.01,30.0,,,,,,
2019-07-03 05:00:00+02:00,,29.04,,26.1,50.14,28.4,,31.17,,29.04,26.73,26.73,26.73,45.0,26.73,24.25,36.88,,65.81,29.04,32.16,,37.87,,,,53.61,53.61,,44.72,53.61,53.61,53.61,53.61,26.73,26.73,,,,,29.0,26.73,26.73,25.39,25.39,26.73,57.26,45.0,32.17,34.67,26.73,26.73,26.73,26.73,29.04,31.17,,,,,,
2019-07-03 06:00:00+02:00,,36.93,,32.83,68.72,35.06,,43.9,,38.22,30.15,30.15,34.35,47.5,34.35,29.35,39.3,,63.38,50.0,52.38,,40.35,,,,50.0,50.0,,50.0,50.0,50.0,50.0,50.0,34.35,34.35,,,,,38.22,30.15,30.15,25.63,25.63,30.15,59.54,47.5,52.41,55.51,30.15,30.15,30.15,30.15,50.0,43.9,,,,,,
2019-07-03 07:00:00+02:00,,47.6,,39.97,91.03,36.96,,51.0,,47.6,31.35,31.35,42.17,50.1,42.17,35.06,46.05,,64.64,55.96,63.97,,45.92,,,,55.96,55.96,,55.96,55.96,55.96,72.38,55.96,42.17,42.17,,,,,47.6,31.35,31.35,26.39,26.39,31.35,51.79,50.1,64.01,60.49,31.35,31.35,31.35,31.35,55.96,51.0,,,,,,
2019-07-03 08:00:00+02:00,,46.95,,44.4,119.5,40.74,,50.0,,46.95,31.8,31.8,52.15,52.49,52.15,41.93,49.35,,64.62,60.83,68.06,,52.05,,,,60.83,60.83,,60.83,60.83,60.83,75.33,60.83,52.15,52.15,,,,,48.0,31.8,31.8,26.53,26.53,31.8,52.9,52.49,68.11,66.01,31.8,31.8,31.8,31.8,60.83,50.0,,,,,,
2019-07-03 09:00:00+02:00,,37.53,,37.53,118.19,40.13,,41.4,,37.53,31.8,31.8,51.02,53.5,51.02,37.53,56.34,,64.45,67.22,69.92,,79.0,,,,67.22,67.22,,67.22,67.22,67.22,75.32,67.22,51.02,51.02,,,,,37.53,31.8,31.8,27.18,27.18,31.8,53.7,53.5,69.98,66.25,31.8,31.8,31.8,31.8,67.22,41.4,,,,,,
2019-07-03 10:00:00+02:00,,33.68,,33.68,122.25,38.44,,38.1,,33.68,31.96,31.96,53.62,53.69,53.62,33.68,55.72,,67.0,66.5,70.53,,70.93,,,,66.5,66.5,,66.5,66.5,66.5,72.0,66.5,53.62,53.62,,,,,33.68,31.96,31.96,27.22,27.22,31.96,53.75,53.69,70.6,65.43,31.96,31.96,31.96,31.96,66.5,38.1,,,,,,
2019-07-03 11:00:00+02:00,,33.4,,33.4,122.2,36.72,,37.64,,33.4,31.71,31.71,50.39,53.7,50.39,33.4,42.34,,69.5,66.03,72.55,,70.93,,,,65.04,65.04,,65.04,65.04,65.04,65.04,65.04,50.39,50.39,,,,,33.4,31.71,31.71,27.09,27.09,31.71,53.9,53.7,72.63,65.09,31.71,31.71,31.71,31.71,66.03,37.64,,,,,,
2019-07-03 12:00:00+02:00,,31.19,,31.19,125.09,34.76,,56.0,,31.19,30.45,30.45,51.98,53.95,51.98,31.19,46.02,,70.0,84.01,79.02,,81.56,,,,56.35,56.35,,56.35,56.35,56.35,56.35,56.35,51.98,51.98,,,,,31.19,30.45,30.45,27.11,27.11,30.45,54.21,53.95,79.12,73.09,30.45,30.45,30.45,30.45,84.01,56.0,,,,,,
2019-07-03 13:00:00+02:00,,30.14,,30.14,134.23,33.29,,58.94,,30.14,29.93,29.93,49.91,53.99,49.91,30.14,43.7,,72.18,75.07,78.03,,91.41,,,,56.35,56.35,,56.35,56.35,56.35,56.35,56.35,49.91,49.91,,,,,30.14,29.93,29.93,27.05,27.05,29.93,53.83,53.99,78.14,73.07,29.93,29.93,29.93,29.93,75.07,58.94,,,,,,
2019-07-03 14:00:00+02:00,,30.1,,30.1,138.07,32.62,,56.0,,30.1,29.4,29.4,45.08,53.69,45.08,30.1,37.22,,77.17,63.43,75.92,,85.0,,,,63.43,63.43,,63.43,63.43,63.43,63.43,63.43,45.08,45.08,,,,,30.1,29.4,29.4,27.16,27.16,29.4,52.53,53.69,76.04,73.07,29.4,29.4,29.4,29.4,63.43,56.0,,,,,,
2019-07-03 15:00:00+02:00,,29.98,,29.98,133.46,32.18,,54.6,,29.98,29.26,29.26,52.61,53.19,52.61,29.98,36.77,,77.17,70.62,73.5,,83.42,,,,70.62,70.62,,70.62,70.62,70.62,70.62,70.62,52.61,52.61,,,,,29.98,29.26,29.26,27.18,27.18,29.26,52.73,53.19,73.62,74.08,29.26,29.26,29.26,29.26,70.62,54.6,,,,,,
2019-07-03 16:00:00+02:00,,30.08,,30.08,122.22,32.57,,52.0,,30.08,29.12,29.12,42.19,53.19,42.19,30.08,37.2,,72.6,71.79,74.37,,83.42,,,,71.79,71.79,,71.79,71.79,71.79,72.0,71.79,42.19,42.19,,,,,30.08,29.12,29.12,27.13,27.13,29.12,51.3,53.19,74.51,69.95,29.12,29.12,29.12,29.12,71.79,52.0,,,,,,
2019-07-03 17:00:00+02:00,,33.0,,33.0,125.04,35.08,,38.94,,33.0,29.99,29.99,41.83,53.3,41.83,33.0,49.03,,72.88,71.79,71.48,,83.92,,,,71.79,71.79,,71.79,71.79,71.79,78.38,71.79,41.83,41.83,,,,,33.0,29.99,29.99,27.16,27.16,29.99,51.08,53.3,71.62,69.02,29.99,29.99,29.99,29.99,71.79,38.94,,,,,,
2019-07-03 18:00:00+02:00,,36.49,,36.49,128.46,36.75,,42.7,,36.49,30.3,30.3,45.73,53.01,45.73,36.49,55.72,,72.0,71.79,69.68,,89.0,,,,71.79,71.79,,71.79,71.79,71.79,91.01,71.79,45.73,45.73,,,,,36.49,30.3,30.3,27.12,27.12,30.3,51.44,53.01,69.83,67.92,30.3,30.3,30.3,30.3,71.79,42.7,,,,,,
2019-07-03 19:00:00+02:00,,43.07,,41.0,125.06,37.72,,50.0,,43.07,30.25,30.25,48.64,53.19,48.64,39.71,56.07,,83.8,71.79,71.0,,65.93,,,,71.79,71.79,,71.79,71.79,84.39,129.21,71.79,48.64,48.64,,,,,43.07,30.25,30.25,27.13,27.13,30.25,52.47,53.19,71.16,74.25,30.25,30.25,30.25,30.25,71.79,50.0,,,,,,
2019-07-03 20:00:00+02:00,,48.39,,41.63,122.24,34.16,,52.8,,48.39,29.95,29.95,49.91,53.19,49.91,35.8,57.89,,84.2,71.62,72.7,,60.88,,,,71.62,71.62,,71.62,71.62,84.39,129.21,71.62,49.91,49.91,,,,,50.69,29.95,29.95,27.11,27.11,29.95,53.15,53.19,72.87,74.58,29.95,29.95,29.95,29.95,71.62,52.8,,,,,,
2019-07-03 21:00:00+02:00,,40.07,,35.62,118.18,30.99,,47.12,,40.07,29.55,29.55,36.59,53.69,36.59,31.89,50.15,,84.3,70.0,71.94,,52.74,,,,70.0,70.0,,70.0,70.0,84.39,129.21,70.0,36.59,36.59,,,,,41.4,29.55,29.55,27.11,27.11,29.55,51.62,53.69,72.12,72.9,29.55,29.55,29.55,29.55,70.0,47.12,,,,,,
2019-07-03 22:00:00+02:00,,37.57,,37.57,115.07,36.94,,41.7,,37.57,29.46,29.46,29.46,53.3,29.46,37.57,43.36,,84.2,59.44,64.79,,45.6,,,,59.44,59.44,,59.44,59.44,84.39,129.21,59.44,29.46,29.46,,,,,37.57,29.46,29.46,27.1,27.1,29.46,61.2,53.3,64.96,66.03,29.46,29.46,29.46,29.46,59.44,41.7,,,,,,
2019-07-03 23:00:00+02:00,,33.41,,33.41,67.91,34.01,,35.25,,33.41,27.59,27.59,27.59,51.49,27.59,33.41,40.02,,66.24,51.87,54.27,,42.09,,,,51.87,51.87,,51.87,51.87,51.87,96.38,51.87,27.59,27.59,,,,,33.41,27.59,27.59,26.79,26.79,27.59,57.88,51.49,54.42,54.05,27.59,27.59,27.59,27.59,51.87,35.25,,,,,,
2019-07-04 00:00:00+02:00,,29.93,,29.93,45.05,29.37,,30.2,,29.93,27.78,27.78,27.78,53.88,27.78,29.93,48.18,,66.25,53.0,53.06,,49.34,,,,55.59,55.59,,53.0,55.59,55.59,95.74,55.59,27.78,27.78,,,,,29.93,27.78,27.78,27.71,27.71,27.78,54.31,53.88,53.24,43.0,27.78,27.78,27.78,27.78,53.0,30.2,,,,,,
2019-07-04 01:00:00+02:00,,28.83,,28.83,43.08,27.05,,27.9,,28.83,27.29,27.29,27.29,51.01,27.29,28.83,43.64,,66.15,46.27,41.05,,44.69,,,,54.55,57.71,,46.27,57.71,54.55,70.74,57.71,27.29,27.29,,,,,28.83,27.29,27.29,27.29,27.29,27.29,54.31,51.01,41.19,35.47,27.29,27.29,27.29,27.29,46.27,27.9,,,,,,
2019-07-04 02:00:00+02:00,,28.06,,26.05,38.94,26.37,,27.9,,28.06,26.82,26.82,26.82,48.24,26.82,24.89,38.57,,68.98,45.22,37.88,,39.5,,,,55.55,55.55,,45.22,55.55,55.55,70.74,55.55,26.82,26.82,,,,,27.98,26.82,26.82,26.82,26.82,26.82,53.33,48.24,38.0,28.77,26.82,26.82,26.82,26.82,45.22,27.9,,,,,,
2019-07-04 03:00:00+02:00,,29.06,,23.78,38.01,26.04,,27.7,,29.06,26.98,26.98,26.98,47.0,26.98,20.71,37.25,,68.22,44.99,37.05,,38.14,,,,50.59,50.59,,44.99,50.59,50.59,52.74,50.59,26.98,26.98,,,,,28.89,26.98,26.98,26.98,26.98,26.98,53.35,47.0,37.18,28.05,26.98,26.98,26.98,26.98,44.99,27.7,,,,,,
2019-07-04 04:00:00+02:00,,29.73,,20.9,33.08,26.09,,28.3,,29.73,27.11,27.11,27.11,47.11,27.11,15.76,36.93,,63.42,44.58,35.43,,37.82,,,,47.55,48.49,,44.58,48.49,47.55,48.49,48.49,27.11,27.11,,,,,29.42,27.11,27.11,27.11,27.11,27.11,53.36,47.11,35.55,28.11,27.11,27.11,27.11,27.11,44.58,28.3,,,,,,
2019-07-04 05:00:00+02:00,,30.74,,24.02,40.2,27.85,,29.5,,30.74,28.07,28.07,28.07,50.0,28.07,19.99,35.56,,63.44,45.38,42.3,,36.41,,,,46.55,46.55,,45.38,46.55,46.55,48.12,46.55,28.07,28.07,,,,,30.71,28.07,28.07,27.76,27.76,28.07,53.14,50.0,42.44,32.3,28.07,28.07,28.07,28.07,45.38,29.5,,,,,,
2019-07-04 06:00:00+02:00,,36.99,,30.91,50.12,29.9,,38.78,,36.99,28.47,28.47,51.96,50.08,51.96,27.47,37.0,,63.98,56.0,54.57,,37.89,,,,48.5,48.5,,48.5,48.5,48.5,48.5,48.5,51.96,51.96,,,,,36.7,28.47,28.47,28.47,28.47,28.47,59.04,50.08,54.74,49.0,28.47,28.47,28.47,28.47,56.0,38.78,,,,,,
2019-07-04 07:00:00+02:00,,44.31,,38.94,66.49,34.46,,46.7,,44.31,29.62,29.62,56.78,53.95,56.78,35.51,43.91,,64.48,85.04,67.27,,44.96,,,,53.01,53.01,,53.01,53.01,53.01,70.74,53.01,56.78,56.78,,,,,44.31,29.62,29.62,29.08,29.08,29.62,56.93,53.95,67.48,57.27,29.62,29.62,29.62,29.62,85.04,46.7,,,,,,
2019-07-04 08:00:00+02:00,,39.72,,39.72,69.55,40.17,,45.68,,39.72,30.83,30.83,60.29,54.51,60.29,39.72,55.1,,64.54,66.07,67.37,,56.42,,,,57.71,57.71,,57.71,57.71,57.71,72.0,57.71,60.29,60.29,,,,,39.72,30.83,30.83,29.18,29.18,30.83,60.44,54.51,67.57,64.03,30.83,30.83,30.83,30.83,66.07,45.68,,,,,,
2019-07-04 09:00:00+02:00,,34.77,,34.77,99.05,36.44,,37.6,,34.77,30.91,30.91,60.38,55.0,60.38,34.77,59.55,,64.24,80.04,71.63,,75.2,,,,57.93,57.93,,57.93,57.93,57.93,70.08,57.93,60.38,60.38,,,,,34.77,30.91,30.91,29.43,29.43,30.91,60.54,55.0,71.85,65.73,30.91,30.91,30.91,30.91,80.04,37.6,,,,,,
2019-07-04 10:00:00+02:00,,31.88,,31.88,99.08,34.31,,39.32,,31.88,30.69,30.69,60.86,55.05,60.86,31.88,54.62,,61.53,80.05,71.8,,70.43,,,,57.71,57.71,,57.71,57.71,57.71,70.74,57.71,60.86,60.86,,,,,31.88,30.69,30.69,29.22,29.22,30.69,61.01,55.05,72.02,64.98,30.69,30.69,30.69,30.69,80.05,39.32,,,,,,
2019-07-04 11:00:00+02:00,,30.89,,30.89,69.57,32.75,,50.0,,30.89,29.9,29.9,59.42,54.7,59.42,30.89,39.01,,64.57,85.01,73.7,,69.0,,,,57.93,57.93,,57.93,57.93,57.93,57.93,57.93,59.42,59.42,,,,,30.89,29.9,29.9,28.94,28.94,29.9,59.57,54.7,73.92,68.04,29.9,29.9,29.9,29.9,85.01,50.0,,,,,,
2019-07-04 12:00:00+02:00,,29.74,,29.79,90.13,30.5,,47.29,,29.73,29.01,29.01,58.41,55.05,58.41,29.77,37.9,,64.54,85.09,76.9,,65.93,,,,53.01,53.01,,53.01,53.01,53.01,55.0,53.01,58.41,58.41,,,,,29.97,29.01,29.01,28.82,28.82,29.01,58.55,55.05,77.12,69.06,29.01,29.01,29.01,29.01,85.09,47.29,,,,,,
2019-07-04 13:00:00+02:00,,29.65,,29.65,97.09,30.02,,35.0,,29.65,28.94,28.94,56.66,55.05,56.66,29.65,36.78,,66.27,68.07,75.02,,80.82,,,,53.9,53.9,,53.9,53.9,53.9,53.9,53.9,56.66,56.66,,,,,29.65,28.94,28.94,28.78,28.78,28.94,56.8,55.05,75.23,68.97,28.94,28.94,28.94,28.94,68.07,35.0,,,,,,
2019-07-04 14:00:00+02:00,,29.53,,29.53,90.14,29.98,,42.0,,29.53,28.82,28.82,55.25,54.44,55.25,29.53,35.86,,66.28,64.87,70.04,,60.0,,,,60.11,60.11,,60.11,60.11,60.11,60.11,60.11,55.25,55.25,,,,,29.53,28.82,28.82,28.71,28.71,28.82,55.38,54.44,70.23,69.0,28.82,28.82,28.82,28.82,64.87,42.0,,,,,,
2019-07-04 15:00:00+02:00,,29.65,,29.66,99.06,30.12,,32.2,,29.64,28.9,28.9,56.2,53.95,56.2,29.66,35.84,,68.99,65.03,73.31,,48.32,,,,65.03,65.03,,65.03,65.03,65.03,65.03,65.03,56.2,56.2,,,,,29.85,28.9,28.9,28.57,28.57,28.9,56.34,53.95,73.5,66.96,28.9,28.9,28.9,28.9,65.03,32.2,,,,,,
2019-07-04 16:00:00+02:00,,29.8,,29.8,71.39,30.39,,44.64,,29.8,28.85,28.85,49.99,53.88,49.99,29.8,35.88,,63.0,100.01,77.98,,45.0,,,,61.0,61.0,,61.0,61.0,61.0,72.0,61.0,49.99,49.99,,,,,29.8,28.85,28.85,28.64,28.64,28.85,51.0,53.88,78.19,68.01,28.85,28.85,28.85,28.85,85.1,44.64,,,,,,
2019-07-04 17:00:00+02:00,,32.98,,32.98,69.57,34.0,,35.17,,32.98,29.33,29.33,50.87,53.95,50.87,32.98,38.79,,66.0,85.1,73.07,,48.32,,,,61.13,61.13,,61.13,61.13,61.13,77.74,61.13,50.87,50.87,,,,,32.98,29.33,29.33,28.57,28.57,29.33,51.0,53.95,73.26,68.52,29.33,29.33,29.33,29.33,85.1,35.17,,,,,,
2019-07-04 18:00:00+02:00,,36.92,,36.92,69.57,36.54,,39.2,,36.92,29.15,29.15,50.88,53.95,50.88,36.92,50.16,,66.39,100.02,77.54,,52.61,,,,65.73,65.73,,65.73,65.73,84.39,112.31,65.73,50.88,50.88,,,,,36.92,29.15,29.15,28.45,28.45,29.15,51.01,53.95,77.74,68.23,29.15,29.15,29.15,29.15,85.1,39.2,,,,,,
2019-07-04 19:00:00+02:00,,43.58,,43.58,69.58,40.84,,46.5,,43.58,29.02,29.02,54.9,54.08,54.9,43.58,55.83,,66.42,100.01,77.91,,58.54,,,,69.0,69.0,,69.0,69.0,84.39,113.31,69.0,54.9,54.9,,,,,43.58,29.02,29.02,28.37,28.37,29.02,55.04,54.08,78.11,69.76,29.02,29.02,29.02,29.02,85.1,46.5,,,,,,
2019-07-04 20:00:00+02:00,,44.98,,40.9,69.58,38.27,,49.6,,44.98,28.91,28.91,53.7,54.63,53.7,38.23,58.67,,66.42,95.59,75.42,,61.52,,,,61.0,61.0,,61.0,61.0,84.39,113.31,61.0,53.7,53.7,,,,,44.98,28.91,28.91,28.32,28.32,28.91,53.83,54.63,84.05,68.05,28.91,28.91,28.91,28.91,61.0,49.6,,,,,,
2019-07-04 21:00:00+02:00,,39.9,,37.72,66.37,36.08,,41.4,,39.9,28.43,28.43,42.01,55.08,42.01,36.27,57.24,,66.39,80.09,75.03,,58.6,,,,63.0,63.0,,63.0,63.0,84.39,113.31,63.0,42.01,42.01,,,,,39.9,28.43,28.43,28.21,28.21,28.43,50.94,55.08,75.21,68.48,28.43,28.43,28.43,28.43,63.0,41.4,,,,,,
2019-07-04 22:00:00+02:00,,39.06,,39.06,65.01,36.86,,39.9,,39.06,28.37,28.37,32.6,55.08,32.6,39.06,51.91,,69.1,80.04,70.05,,53.15,,,,61.0,61.0,,61.0,61.0,84.39,113.31,61.0,28.37,32.6,,,,,39.06,28.37,28.37,28.14,28.14,28.37,57.66,55.08,70.22,62.42,28.37,28.37,28.37,28.37,61.0,39.9,,,,,,
2019-07-04 23:00:00+02:00,,34.9,,34.9,69.55,33.92,,34.3,,34.9,27.26,27.26,27.26,53.88,27.26,34.9,44.11,,69.55,56.0,55.01,,45.16,,,,55.0,55.0,,55.0,55.0,84.39,95.74,55.0,27.26,27.26,,,,,34.9,27.26,27.26,27.26,27.26,27.26,51.0,53.88,55.14,51.38,27.26,27.26,27.26,27.26,56.0,34.3,,,,,,
2019-07-05 00:00:00+02:00,,29.8,,29.8,50.11,29.5,,31.0,,29.8,26.19,26.19,26.19,58.0,26.19,29.8,42.92,,64.53,55.0,52.16,,41.92,,,,55.84,55.84,,55.0,55.84,55.84,80.01,55.84,26.19,26.19,,,,,29.8,26.19,26.19,26.19,26.19,26.19,53.3,58.0,52.28,49.47,26.19,26.19,26.19,26.19,55.0,31.0,,,,,,
2019-07-05 01:00:00+02:00,,29.0,,29.0,50.11,27.52,,29.69,,29.0,25.84,25.84,25.84,56.83,25.84,29.0,36.54,,69.39,48.81,49.02,,37.27,,,,48.81,58.23,,48.81,58.23,48.81,66.01,58.23,25.84,25.84,,,,,29.0,25.84,25.84,25.84,25.84,25.84,48.55,56.83,49.13,47.04,25.84,25.84,25.84,25.84,48.81,29.69,,,,,,
2019-07-05 02:00:00+02:00,,27.8,,27.8,48.79,26.47,,28.44,,27.8,25.46,25.46,25.46,55.04,25.46,27.8,36.47,,65.85,43.61,43.78,,35.61,,,,45.94,58.06,,43.61,58.06,45.94,72.01,58.06,25.46,25.46,,,,,27.8,25.46,25.46,25.46,25.46,25.46,47.19,55.04,43.88,41.98,25.46,25.46,25.46,25.46,43.61,28.44,,,,,,
2019-07-05 03:00:00+02:00,,27.64,,27.64,43.64,25.74,,28.1,,27.64,25.52,25.52,25.52,54.0,25.52,27.64,35.63,,69.42,41.84,43.01,,34.8,,,,41.84,57.83,,41.84,57.83,41.84,57.83,57.83,25.52,25.52,,,,,27.64,25.52,25.52,25.52,25.52,25.52,45.01,54.0,43.11,37.38,25.52,25.52,25.52,25.52,41.84,28.1,,,,,,
2019-07-05 04:00:00+02:00,,27.9,,27.9,45.51,25.78,,28.09,,27.9,25.9,25.9,25.9,54.03,25.9,27.9,35.6,,63.56,40.84,40.12,,34.76,,,,40.84,57.83,,40.84,57.83,40.84,57.83,57.83,25.9,25.9,,,,,27.9,25.9,25.9,25.9,25.9,25.9,42.64,54.03,40.22,34.64,25.9,25.9,25.9,25.9,40.84,28.09,,,,,,
2019-07-05 05:00:00+02:00,,29.08,,29.08,45.33,27.58,,29.69,,29.08,26.76,26.76,26.76,55.6,26.76,29.08,35.6,,63.78,44.55,44.34,,34.77,,,,47.94,57.83,,44.55,57.83,47.94,57.83,57.83,26.76,26.76,,,,,29.08,26.76,27.51,26.76,26.76,26.76,43.83,55.6,44.45,38.07,26.76,26.76,26.76,26.76,44.55,29.69,,,,,,
2019-07-05 06:00:00+02:00,,34.62,,34.62,49.38,33.09,,34.7,,34.62,34.62,34.62,32.97,54.55,32.97,34.62,35.68,,64.67,46.99,56.07,,34.84,,,,46.99,46.99,,46.99,46.99,46.99,50.0,46.99,32.97,32.97,,,,,34.62,28.28,29.01,28.12,28.12,28.28,56.52,54.55,56.2,51.96,28.28,28.28,28.28,28.28,46.99,34.7,,,,,,
2019-07-05 07:00:00+02:00,,42.89,,40.65,50.15,36.97,,42.35,,42.89,42.89,42.89,45.72,56.05,45.72,39.27,44.21,,64.53,55.32,67.37,,40.49,,,,49.72,49.72,,49.72,49.72,49.72,72.01,49.72,45.72,45.72,,,,,42.89,29.88,29.88,28.62,28.62,29.88,48.57,56.05,67.53,62.11,29.88,29.88,29.88,29.88,49.72,42.35,,,,,,
2019-07-05 08:00:00+02:00,,45.92,,44.28,69.54,40.65,,44.9,,45.92,45.92,45.92,47.68,56.5,47.68,43.27,51.36,,69.52,58.06,68.61,,55.63,,,,58.06,58.06,,58.06,58.06,58.06,75.0,58.06,47.68,47.68,,,,,45.92,30.79,30.79,29.0,29.0,30.79,48.57,56.5,68.78,65.07,30.79,30.79,30.79,30.79,58.06,44.9,,,,,,
2019-07-05 09:00:00+02:00,,43.4,,43.4,65.63,39.92,,41.75,,43.4,43.4,43.4,49.42,57.5,49.42,43.4,63.49,,64.59,58.06,67.74,,66.63,,,,58.06,58.06,,58.06,58.06,58.06,73.01,58.06,49.42,49.42,,,,,43.4,31.26,31.26,29.41,29.41,31.26,49.49,57.5,67.91,66.21,31.26,31.26,31.26,31.26,58.06,41.75,,,,,,
2019-07-05 10:00:00+02:00,,38.0,,38.0,64.71,38.01,,38.94,,38.0,38.0,38.0,49.43,57.5,49.43,38.0,59.09,,69.55,57.83,67.36,,62.01,,,,57.83,57.83,,57.83,57.83,57.83,72.01,57.83,49.43,49.43,,,,,38.0,31.39,31.39,29.54,29.54,31.39,49.64,57.5,67.53,65.99,31.39,31.39,31.39,31.39,57.83,38.94,,,,,,
2019-07-05 11:00:00+02:00,,36.6,,36.6,63.15,35.46,,36.62,,36.6,36.6,36.6,42.26,57.55,42.26,36.6,50.83,,69.64,56.23,67.34,,59.99,,,,56.23,56.23,,56.23,56.23,56.23,57.01,56.23,42.26,42.26,,,,,36.6,31.44,31.44,29.17,29.17,31.44,50.74,57.55,67.51,65.97,31.44,31.44,31.44,31.44,56.23,36.62,,,,,,
2019-07-05 12:00:00+02:00,,33.02,,33.02,61.39,33.29,,33.9,,33.02,33.02,33.02,50.19,57.9,50.19,33.02,45.71,,69.69,53.19,65.92,,47.97,,,,53.19,53.19,,53.19,53.19,53.19,72.01,53.19,50.19,50.19,,,,,33.02,31.25,31.25,28.98,28.98,31.25,50.26,57.9,66.09,65.0,31.25,31.25,31.25,31.25,53.19,33.9,,,,,,
2019-07-05 13:00:00+02:00,,31.05,,31.05,61.05,31.46,,31.03,,31.05,31.05,31.05,45.78,57.9,45.78,31.05,43.48,,73.65,53.19,64.83,,45.63,,,,53.19,53.19,,53.19,53.19,53.19,53.19,53.19,45.78,45.78,,,,,31.05,30.05,30.05,28.89,28.89,30.05,49.56,57.9,64.99,64.93,30.05,30.05,30.05,30.05,53.19,31.03,,,,,,
2019-07-05 14:00:00+02:00,,29.68,,29.68,62.03,30.86,,30.9,,29.68,29.68,29.68,45.77,56.9,45.77,29.68,36.11,,69.71,55.23,64.4,,41.0,,,,55.23,55.23,,55.23,55.23,55.23,55.23,55.23,45.77,45.77,,,,,29.68,29.42,29.42,28.95,28.95,29.42,48.61,56.9,64.56,64.91,29.42,29.42,29.42,29.42,55.23,30.9,,,,,,
2019-07-05 15:00:00+02:00,,29.23,,29.23,62.09,30.81,,30.5,,29.23,29.2,29.2,43.95,55.51,43.95,29.23,35.68,,69.55,57.23,65.33,,39.05,,,,57.23,57.23,,57.23,57.23,57.23,57.23,57.23,43.95,43.95,,,,,29.23,29.2,29.2,28.94,28.94,29.2,48.61,55.51,65.5,65.94,29.2,29.2,29.2,29.2,57.23,30.5,,,,,,
2019-07-05 16:00:00+02:00,,30.4,,30.4,66.01,30.66,,31.0,,30.4,29.48,29.48,31.56,54.55,31.56,30.4,37.91,,69.6,58.06,65.95,,39.78,,,,58.06,58.06,,58.06,58.06,58.06,72.01,58.06,31.56,31.56,,,,,30.4,29.48,29.48,29.48,29.48,29.48,48.55,54.55,66.12,68.0,29.48,29.48,29.48,29.48,58.06,31.0,,,,,,
2019-07-05 17:00:00+02:00,,32.97,,32.97,63.75,33.66,,34.5,,32.97,30.41,30.41,34.51,54.5,34.51,32.97,39.03,,67.62,59.23,65.94,,40.95,,,,59.23,59.23,,59.23,59.23,59.23,79.01,59.23,34.51,34.51,,,,,32.97,30.41,30.41,30.41,30.41,30.41,48.58,54.5,66.11,67.58,30.41,30.41,30.41,30.41,59.23,34.5,,,,,,
2019-07-05 18:00:00+02:00,,35.35,,35.35,62.99,37.74,,40.23,,35.35,30.41,30.41,45.7,54.03,45.7,35.35,46.05,,68.89,60.99,65.96,,48.32,,,,60.99,60.99,,60.99,60.99,60.99,89.9,60.99,45.7,45.7,,,,,35.35,30.41,30.41,30.41,30.41,30.41,49.18,54.03,66.13,67.88,30.41,30.41,30.41,30.41,60.99,40.23,,,,,,
2019-07-05 19:00:00+02:00,,40.15,,39.02,62.52,38.1,,45.26,,40.15,30.47,30.47,41.99,54.85,40.26,38.35,47.95,,69.0,63.2,67.21,,50.31,,,,70.06,70.83,,70.06,70.83,70.83,113.31,70.83,41.99,41.99,,,,,40.15,30.47,30.47,30.47,30.47,30.47,49.22,54.85,67.38,70.05,30.47,30.47,30.47,30.47,63.2,45.26,,,,,,
2019-07-05 20:00:00+02:00,,44.69,,39.59,64.24,37.38,,48.5,,45.86,29.97,29.97,32.62,55.75,32.62,35.91,47.27,,64.66,67.56,67.01,,48.42,,,,67.56,70.06,,67.56,70.06,70.06,113.31,70.06,32.62,32.62,,,,,45.86,29.97,29.97,29.97,29.97,29.97,49.57,55.75,67.19,70.89,29.97,29.97,29.97,29.97,67.56,48.5,,,,,,
2019-07-05 21:00:00+02:00,,44.48,,37.71,63.09,36.98,,45.57,,45.75,29.59,29.59,33.07,57.14,33.07,32.96,47.16,,69.31,65.0,66.47,,48.3,,,,65.0,70.06,,65.0,70.06,70.06,113.31,70.06,33.07,33.07,,,,,45.75,29.59,29.59,29.59,29.59,29.59,49.21,57.14,66.65,70.43,29.59,29.59,29.59,29.59,65.0,45.57,,,,,,
2019-07-05 22:00:00+02:00,,41.76,,40.37,61.4,38.3,,44.4,,42.07,29.47,29.47,29.47,57.0,29.47,39.37,43.37,,69.72,57.83,66.02,,44.42,,,,57.83,57.83,,57.83,57.83,57.83,113.31,57.83,29.47,29.47,,,,,42.07,29.47,29.47,29.47,29.47,29.47,58.16,57.0,66.2,63.8,29.47,29.47,29.47,29.47,57.83,44.4,,,,,,
2019-07-05 23:00:00+02:00,,37.98,,37.61,62.09,37.05,,40.75,,38.09,28.56,28.56,28.56,55.39,28.56,37.34,39.26,,66.29,50.58,57.35,,40.21,,,,50.58,50.58,,50.58,50.58,50.58,80.01,50.58,28.56,28.56,,,,,38.09,28.56,28.56,28.56,28.56,28.56,50.8,55.39,50.6,55.03,28.56,28.56,28.56,28.56,50.58,40.75,,,,,,
2019-07-06 00:00:00+02:00,,37.97,,37.97,50.15,35.78,,37.5,,37.97,29.5,29.5,29.5,58.08,29.5,37.97,47.5,,66.24,54.06,53.07,,45.28,,,,54.06,71.26,,54.06,71.26,71.26,71.5,71.26,29.5,29.5,,,,,37.97,29.5,29.5,29.5,29.5,29.5,39.35,58.08,53.08,49.63,29.5,29.5,29.5,29.5,54.06,37.5,,,,,,
2019-07-06 01:00:00+02:00,,34.1,,34.1,48.86,33.16,,33.99,,34.1,28.54,28.54,28.54,57.47,28.54,34.1,41.93,,65.85,48.13,50.59,,40.93,,,,70.0,70.0,,48.13,70.0,70.0,70.0,70.0,28.54,28.54,,,,,34.1,28.54,28.54,28.54,28.54,28.54,37.93,57.47,50.6,46.08,28.54,28.54,28.54,28.54,48.13,33.99,,,,,,
2019-07-06 02:00:00+02:00,,30.99,,30.99,45.02,31.28,,31.5,,30.99,28.64,28.64,27.14,55.8,27.14,30.99,37.93,,66.17,43.12,46.02,,37.03,,,,43.12,71.0,,43.12,71.0,71.0,71.0,71.0,27.14,27.14,,,,,30.99,28.64,28.64,27.14,27.14,28.64,42.79,55.8,46.03,40.03,27.14,27.14,27.14,27.14,43.12,31.5,,,,,,
2019-07-06 03:00:00+02:00,,30.52,,27.47,41.49,29.49,,29.6,,30.52,28.66,28.66,27.03,55.0,27.03,25.64,33.98,,66.14,43.12,40.22,,34.8,,,,54.96,58.09,,43.12,58.09,58.09,58.09,58.09,27.03,27.03,,,,,30.52,28.66,28.66,27.03,27.03,28.66,42.8,55.0,40.23,37.06,27.03,27.03,27.03,27.03,43.12,29.6,,,,,,
2019-07-06 04:00:00+02:00,,30.01,,26.67,34.38,28.45,,28.95,,30.01,27.91,27.91,27.48,55.0,27.48,24.63,33.47,,69.45,40.99,32.41,,33.0,,,,49.96,57.65,,40.99,57.65,57.65,57.65,57.65,27.48,27.48,,,,,30.0,27.48,27.91,27.48,27.48,27.48,45.15,55.0,32.42,35.6,27.48,27.48,27.48,27.48,40.99,28.95,,,,,,
2019-07-06 05:00:00+02:00,,29.24,,26.25,27.08,27.75,,28.88,,29.24,28.06,28.06,28.06,54.0,28.06,24.45,30.89,,66.15,41.6,32.36,,30.91,,,,54.96,57.48,,41.6,57.48,57.48,57.48,57.48,28.06,28.06,,,,,29.23,28.06,28.06,28.06,28.06,28.06,33.21,54.0,32.37,36.56,28.06,28.06,28.06,28.06,41.6,28.88,,,,,,
2019-07-06 06:00:00+02:00,,29.21,,27.16,37.41,27.93,,29.17,,29.21,28.51,28.51,28.51,47.49,28.51,25.94,30.11,,59.53,43.1,44.45,,30.84,,,,43.1,57.26,,43.1,57.26,57.26,57.26,57.26,28.51,28.51,,,,,29.21,28.51,28.51,28.51,28.51,28.51,41.45,47.49,44.47,39.06,28.51,28.51,28.51,28.51,43.1,29.17,,,,,,
2019-07-06 07:00:00+02:00,,29.74,,29.74,46.14,30.93,,33.17,,29.74,29.03,29.03,29.03,49.16,29.03,29.74,33.46,,59.55,49.0,51.07,,33.88,,,,49.0,53.42,,49.0,53.42,53.42,56.0,53.42,29.03,29.03,,,,,29.74,29.03,29.03,29.03,29.03,29.03,53.31,49.16,51.08,46.75,29.03,29.03,29.03,29.03,49.0,33.17,,,,,,
2019-07-06 08:00:00+02:00,,31.05,,31.05,50.34,32.45,,33.34,,31.05,31.05,31.05,30.06,52.92,30.06,31.05,35.85,,58.66,47.78,52.37,,37.1,,,,47.78,55.0,,47.78,55.0,55.0,71.0,55.0,30.06,30.06,,,,,31.05,30.06,30.06,30.06,30.06,30.06,59.53,52.92,52.39,51.8,30.06,30.06,30.06,30.06,47.78,33.34,,,,,,
2019-07-06 09:00:00+02:00,,31.0,,31.0,51.08,30.44,,31.78,,30.99,30.99,30.99,30.25,53.95,30.25,31.0,37.92,,57.9,49.0,55.96,,39.77,,,,49.0,57.26,,49.0,57.26,57.26,71.0,57.26,30.25,30.25,,,,,31.25,30.25,30.25,30.25,30.25,30.25,60.62,53.95,55.98,52.17,30.25,30.25,30.25,30.25,49.0,31.78,,,,,,
2019-07-06 10:00:00+02:00,,29.71,,29.71,48.67,28.56,,29.8,,29.7,29.7,29.7,29.7,53.95,29.7,29.71,42.6,,60.5,48.1,57.66,,44.68,,,,48.1,48.1,,48.1,48.1,48.1,71.0,48.1,29.7,29.7,,,,,30.68,29.7,29.7,29.7,29.7,29.7,60.77,53.95,57.68,55.66,29.7,29.7,29.7,29.7,48.1,29.8,,,,,,
2019-07-06 11:00:00+02:00,,28.54,,28.6,44.73,26.45,,28.5,,28.53,28.53,28.53,28.53,53.7,28.53,28.6,44.7,,60.5,44.0,58.85,,48.2,,,,44.0,44.0,,44.0,44.0,44.0,48.15,44.0,28.53,28.53,,,,,29.47,28.53,28.53,28.53,28.53,28.53,60.66,53.7,58.87,54.6,28.53,28.53,28.53,28.53,44.0,28.5,,,,,,
2019-07-06 12:00:00+02:00,,26.93,,27.12,42.59,24.98,,26.0,,26.86,26.86,27.52,27.52,53.7,27.52,27.12,51.3,,60.5,44.1,58.85,,53.81,,,,44.1,44.1,,44.1,44.1,44.1,48.15,44.1,27.52,27.52,,,,,28.43,27.52,27.52,27.52,27.52,27.52,60.16,53.7,58.87,55.04,27.52,27.52,27.52,27.52,44.1,26.0,,,,,,
2019-07-06 13:00:00+02:00,,26.17,,26.4,45.02,22.58,,25.7,,26.09,26.09,27.17,27.17,53.01,27.17,26.4,49.07,,60.5,43.19,58.04,,51.47,,,,43.19,43.19,,43.19,43.19,43.19,47.79,43.19,27.17,27.17,,,,,28.07,27.17,27.17,27.17,27.17,27.17,59.58,53.01,58.06,57.1,27.17,27.17,27.17,27.17,43.19,25.7,,,,,,
2019-07-06 14:00:00+02:00,,26.1,,25.52,45.03,20.37,,26.01,,24.94,24.94,26.81,26.81,50.46,26.81,25.52,41.27,,64.39,43.19,58.51,,43.28,,,,43.19,43.19,,43.19,43.19,43.19,47.79,43.19,26.81,26.81,,,,,27.7,26.81,26.81,26.81,26.81,26.81,59.03,50.46,58.53,56.54,26.81,26.81,26.81,26.81,43.19,26.01,,,,,,
2019-07-06 15:00:00+02:00,,26.1,,26.01,45.07,21.58,,26.01,,26.1,26.1,26.29,32.01,46.44,31.76,26.11,37.12,,66.23,43.11,57.07,,38.92,,,,43.11,43.11,,43.11,43.11,43.11,44.79,43.11,32.01,32.01,,,,,27.16,26.29,26.29,26.29,26.29,26.29,53.01,46.44,57.09,53.92,26.29,26.29,26.29,26.29,43.11,26.01,,,,,,
2019-07-06 16:00:00+02:00,,27.64,,27.63,61.36,23.63,,26.01,,27.64,27.64,27.64,32.1,45.07,32.1,27.64,35.69,,66.29,43.43,59.05,,37.65,,,,43.43,43.43,,43.43,43.43,43.43,65.0,43.43,32.1,32.1,,,,,27.7,27.64,27.64,27.64,27.64,27.64,53.06,45.07,59.08,53.01,27.64,27.64,27.64,27.64,43.43,26.01,,,,,,
2019-07-06 17:00:00+02:00,,29.01,,29.06,62.8,26.08,,27.1,,28.99,28.99,28.99,32.98,44.87,32.98,29.06,38.95,,66.31,47.92,60.75,,40.85,,,,47.92,47.92,,47.92,47.92,47.92,71.5,47.92,32.98,32.98,,,,,29.95,28.99,28.99,28.99,28.99,28.99,52.9,44.87,60.78,56.86,28.99,28.99,28.99,28.99,47.92,27.1,,,,,,
2019-07-06 18:00:00+02:00,,30.53,,30.54,63.19,29.33,,30.8,,30.53,29.75,29.75,33.8,45.42,33.8,30.54,49.11,,66.22,53.25,61.11,,51.5,,,,53.25,53.25,,53.25,53.25,53.25,78.19,53.25,33.8,33.8,,,,,30.73,29.75,29.75,29.75,29.75,29.75,52.97,45.42,61.14,58.53,29.75,29.75,29.75,29.75,53.25,30.8,,,,,,
2019-07-06 19:00:00+02:00,,30.77,,31.84,65.51,32.33,,34.73,,30.77,30.03,30.03,34.53,46.44,34.53,31.43,53.16,,66.22,57.32,63.51,,55.75,,,,59.0,59.0,,57.32,59.0,59.0,108.19,59.0,34.53,34.53,,,,,34.9,30.03,30.03,30.03,30.03,30.03,52.88,46.44,63.53,60.04,30.03,30.03,30.03,30.03,57.32,34.73,,,,,,
2019-07-06 20:00:00+02:00,,29.99,,30.58,465.79,31.21,,34.14,,29.73,29.02,29.02,32.72,50.36,32.72,30.57,54.6,,65.11,58.1,68.89,,57.26,,,,57.65,57.65,,57.65,57.65,57.65,113.31,57.65,32.72,32.72,,,,,39.9,29.02,29.02,29.02,29.02,29.02,50.13,50.36,68.92,59.76,29.02,29.02,29.02,29.02,57.65,34.14,,,,,,
2019-07-06 21:00:00+02:00,,29.56,,30.13,66.51,30.86,,34.0,,29.34,28.79,28.79,33.33,53.49,33.33,30.06,51.31,,61.4,60.0,69.05,,52.53,,,,60.0,60.0,,60.0,60.0,60.0,113.31,60.0,33.33,33.33,,,,,37.4,28.79,28.79,28.79,28.79,28.79,50.7,53.49,69.08,60.23,28.79,28.79,28.79,28.79,60.0,34.0,,,,,,
2019-07-06 22:00:00+02:00,,32.12,,36.69,49.19,31.67,,34.2,,32.12,29.19,29.19,32.67,53.7,32.67,35.12,51.06,,60.5,52.71,55.56,,52.28,,,,52.71,52.71,,52.71,52.71,52.71,96.59,52.71,32.67,32.67,,,,,49.51,29.19,29.19,29.19,29.19,29.19,37.94,53.7,55.58,54.43,29.19,29.19,29.19,29.19,52.71,34.2,,,,,,
2019-07-06 23:00:00+02:00,,29.09,,31.8,47.08,28.99,,30.6,,29.09,28.39,28.39,28.39,53.3,28.39,30.79,44.62,,66.25,44.0,45.05,,45.68,,,,44.1,44.1,,44.0,44.1,44.1,71.5,44.1,28.39,28.39,,,,,40.0,28.39,28.39,28.39,28.39,28.39,33.08,53.3,45.07,45.25,28.39,28.39,28.39,28.39,44.0,30.6,,,,,,
2019-07-07 00:00:00+02:00,,29.04,,33.09,44.59,26.95,,28.8,,28.21,28.21,28.21,28.21,56.78,28.21,31.24,48.82,,58.75,49.14,50.03,,48.84,,,,57.0,57.0,,49.14,57.0,57.0,75.05,57.0,28.21,28.21,,,,,47.34,28.21,28.21,28.21,28.21,28.21,29.56,56.78,50.06,48.21,28.21,28.21,28.21,28.21,49.14,28.8,,,,,,
2019-07-07 01:00:00+02:00,,26.0,,28.87,41.07,24.78,,25.97,,25.98,25.98,25.98,25.98,56.32,25.98,27.72,44.34,,58.7,42.0,44.28,,45.39,,,,57.44,57.44,,42.0,57.44,57.44,77.69,57.44,25.98,25.98,,,,,37.42,27.1,27.1,25.98,25.98,27.1,28.36,56.32,44.31,39.29,25.98,25.98,25.98,25.98,42.0,25.97,,,,,,
2019-07-07 02:00:00+02:00,,25.22,,26.06,30.95,21.51,,21.62,,25.03,25.03,25.03,25.03,55.17,25.03,25.67,37.93,,66.14,38.0,38.16,,38.83,,,,47.44,47.44,,38.0,47.44,47.44,67.05,47.44,25.03,25.03,,,,,29.0,27.13,27.13,25.03,25.03,27.13,25.23,55.17,38.18,34.08,25.03,25.03,25.03,25.03,38.0,21.62,,,,,,
2019-07-07 03:00:00+02:00,,24.27,,24.27,25.09,17.05,,19.1,,24.27,24.27,24.27,24.27,50.01,24.27,24.27,39.42,,58.7,38.0,33.87,,39.1,,,,43.05,43.05,,38.0,43.05,43.05,77.69,43.05,24.27,24.27,,,,,24.27,24.27,24.27,24.27,24.27,24.27,24.46,50.01,33.89,32.23,24.27,24.27,24.27,24.27,38.0,19.1,,,,,,
2019-07-07 04:00:00+02:00,,23.4,,23.56,22.5,15.6,,18.6,,23.36,23.36,23.36,23.36,48.41,23.36,23.48,37.93,,58.47,37.69,24.0,,38.83,,,,41.44,41.51,,37.69,41.51,41.51,70.0,41.51,23.36,23.36,,,,,24.1,23.36,23.36,23.36,23.36,23.36,23.54,48.41,24.02,26.21,23.36,23.36,23.36,23.36,37.69,18.6,,,,,,
2019-07-07 05:00:00+02:00,,23.69,,23.79,14.76,12.81,,15.2,,23.6,23.6,23.6,24.11,48.24,24.11,23.6,35.17,,58.55,34.3,17.88,,36.0,,,,36.01,36.01,,34.3,36.01,36.01,70.0,36.01,24.11,24.11,,,,,25.21,24.4,24.4,24.11,24.11,24.4,24.3,48.24,17.89,22.06,24.11,24.11,24.11,24.11,34.3,15.2,,,,,,
2019-07-07 06:00:00+02:00,,22.03,,22.18,22.54,14.8,,15.46,,21.82,21.82,21.82,25.09,45.17,25.09,21.82,32.95,,58.51,35.9,32.09,,33.74,,,,35.95,35.95,,35.9,35.95,35.95,56.0,35.95,25.09,25.09,,,,,26.46,25.62,25.62,25.09,25.09,25.62,25.29,45.17,32.12,29.28,25.09,25.09,25.09,25.09,35.9,15.46,,,,,,
2019-07-07 07:00:00+02:00,,20.99,,21.02,22.5,15.65,,17.5,,20.78,20.78,25.7,25.7,44.31,25.7,20.78,34.5,,58.49,35.6,40.07,,35.32,,,,35.6,35.6,,35.6,35.6,35.6,56.0,35.6,25.7,25.7,,,,,26.7,25.85,25.85,25.7,25.7,25.85,25.9,44.31,40.1,42.23,25.7,25.7,25.7,25.7,35.6,17.5,,,,,,
2019-07-07 08:00:00+02:00,,24.19,,24.11,19.66,17.71,,20.05,,24.11,24.11,26.9,26.9,45.96,26.9,24.11,35.7,,58.49,35.94,41.7,,36.54,,,,35.94,35.94,,35.94,35.94,35.94,48.79,35.94,26.9,26.9,,,,,27.78,26.9,26.9,26.9,26.9,26.9,29.82,45.96,41.73,45.3,26.9,26.9,26.9,26.9,35.94,20.05,,,,,,
2019-07-07 09:00:00+02:00,,25.82,,25.76,30.01,18.37,,20.5,,25.76,25.76,28.01,28.01,47.08,28.01,25.76,37.95,,58.61,36.03,45.39,,39.8,,,,36.03,36.03,,36.03,36.03,36.03,48.79,36.03,28.01,28.01,,,,,28.93,28.01,28.01,28.01,28.01,28.01,30.08,47.08,45.43,48.51,28.01,28.01,28.01,28.01,36.03,20.5,,,,,,
2019-07-07 10:00:00+02:00,,26.09,,26.0,33.06,16.55,,19.0,,25.99,25.99,28.59,28.59,48.17,28.59,25.99,46.85,,58.73,38.62,48.02,,49.13,,,,38.62,38.62,,38.62,38.62,38.62,46.79,38.62,28.59,28.59,,,,,29.53,28.59,28.59,28.59,28.59,28.59,30.06,48.17,48.06,50.02,28.59,28.59,28.59,28.59,38.62,19.0,,,,,,
2019-07-07 11:00:00+02:00,,26.43,,27.1,32.1,15.77,,19.27,,26.4,26.4,28.42,28.42,50.0,28.42,26.83,45.85,,66.14,39.0,49.77,,48.08,,,,39.0,39.0,,39.0,36.13,39.0,36.13,36.13,28.42,28.42,,,,,29.0,28.42,28.42,28.42,28.42,28.42,30.13,50.0,49.81,52.71,28.42,28.42,28.42,28.42,39.0,19.27,,,,,,
2019-07-07 12:00:00+02:00,,26.34,,26.51,33.06,14.9,,17.7,,26.3,26.3,27.96,27.96,52.97,27.96,26.43,49.09,,58.7,38.04,48.65,,51.47,,,,38.04,38.04,,38.04,36.02,38.04,36.02,36.02,27.96,27.96,,,,,27.06,27.96,27.96,27.96,27.96,27.96,30.2,52.97,48.51,52.4,27.96,27.96,27.96,27.96,38.04,17.7,,,,,,
2019-07-07 13:00:00+02:00,,20.95,,22.38,35.01,8.83,,17.22,,20.66,20.66,27.74,27.74,54.52,27.74,21.73,51.99,,58.7,38.03,45.15,,54.51,,,,38.03,38.03,,38.03,35.94,38.03,35.94,35.94,27.74,27.74,,,,,26.85,27.74,27.74,27.74,27.74,27.74,30.22,54.52,45.19,48.5,27.74,27.74,27.74,27.74,38.03,17.22,,,,,,
2019-07-07 14:00:00+02:00,,10.79,,16.1,36.02,0.72,,5.9,,9.39,9.39,27.0,27.0,53.5,27.0,13.47,37.93,,58.5,38.03,41.7,,45.39,,,,38.03,38.03,,38.03,25.0,38.03,25.0,25.0,27.0,27.0,,,,,25.0,27.0,27.0,27.0,27.0,27.0,30.73,53.5,41.73,46.25,27.0,27.0,27.0,27.0,38.03,5.9,,,,,,
2019-07-07 15:00:00+02:00,,8.39,,14.68,31.99,1.07,,4.76,,6.77,6.77,26.99,26.99,49.07,26.99,11.6,35.7,,58.55,39.0,39.95,,39.76,,,,39.0,39.0,,39.0,23.16,39.0,23.16,23.16,26.99,26.99,,,,,26.12,26.99,26.99,26.99,26.99,26.99,30.05,49.07,39.99,43.69,26.99,26.99,26.99,26.99,39.0,4.76,,,,,,
2019-07-07 16:00:00+02:00,,12.8,,15.96,33.06,6.51,,8.0,,12.12,12.12,27.48,27.48,46.53,27.48,14.54,39.0,,58.8,41.44,40.76,,40.9,,,,41.44,41.44,,41.44,35.36,41.44,35.36,35.36,27.48,27.48,,,,,26.6,27.48,27.48,27.48,27.48,27.48,29.6,46.53,40.79,40.43,27.48,27.48,27.48,27.48,41.44,8.0,,,,,,
2019-07-07 17:00:00+02:00,,25.77,,26.02,38.03,19.57,,20.9,,25.62,25.62,28.17,28.17,45.18,28.17,25.62,43.29,,58.77,41.5,42.0,,45.39,,,,41.5,41.5,,41.5,41.5,41.5,70.0,41.5,28.17,28.17,,,,,29.1,28.17,28.17,28.17,28.17,28.17,28.81,45.18,42.04,40.58,28.17,28.17,28.17,28.17,41.5,20.9,,,,,,
2019-07-07 18:00:00+02:00,,29.2,,29.2,39.91,24.99,,30.94,,29.2,29.2,29.2,29.36,45.16,29.2,29.2,53.15,,58.73,42.0,44.01,,55.72,,,,42.0,42.0,,42.0,42.0,42.0,62.05,42.0,29.36,29.36,,,,,29.2,29.2,29.2,29.2,29.2,29.2,29.58,45.16,44.05,42.92,29.2,29.2,29.2,29.2,42.0,30.94,,,,,,
2019-07-07 19:00:00+02:00,,31.47,,31.47,40.07,28.95,,36.01,,31.47,31.47,31.47,31.17,45.18,30.98,31.47,57.24,,58.39,48.0,43.17,,60.01,,,,48.0,48.0,,48.0,48.0,48.0,77.69,48.0,31.17,31.17,,,,,31.47,30.98,30.98,30.98,30.98,30.98,31.4,45.18,43.2,41.97,30.98,30.98,30.98,30.98,48.0,36.01,,,,,,
2019-07-07 20:00:00+02:00,,31.99,,32.05,45.07,31.31,,37.99,,31.98,31.98,31.98,31.86,46.5,31.21,32.02,59.13,,59.64,53.21,48.0,,62.0,,,,53.21,53.21,,53.21,53.21,53.21,89.05,53.21,31.86,31.86,,,,,32.25,31.21,31.21,31.21,31.21,31.21,32.1,46.5,48.04,47.74,31.21,31.21,31.21,31.21,53.21,37.99,,,,,,
2019-07-07 21:00:00+02:00,,33.06,,33.06,45.01,31.01,,39.0,,33.06,33.01,33.01,35.01,52.96,31.72,33.06,59.13,,58.78,55.56,50.42,,62.0,,,,55.56,55.56,,55.56,55.56,55.56,90.05,55.56,35.01,35.01,,,,,33.06,31.72,31.72,31.72,31.72,31.72,41.19,52.96,50.47,49.87,31.72,31.72,31.72,31.72,55.56,39.0,,,,,,
2019-07-07 22:00:00+02:00,,37.02,,37.02,39.99,33.01,,41.24,,37.02,31.25,31.25,31.25,55.17,31.25,37.02,56.34,,58.77,39.1,42.5,,57.67,,,,53.01,53.01,,53.01,53.01,53.01,89.05,53.01,31.25,31.25,,,,,37.02,31.25,31.25,31.25,31.25,31.25,38.54,55.17,42.54,45.02,31.25,31.25,31.25,31.25,39.1,41.24,,,,,,
2019-07-07 23:00:00+02:00,,33.02,,33.02,40.0,30.09,,36.95,,33.02,31.01,31.01,29.81,48.59,29.81,33.02,45.19,,61.76,42.35,40.0,,47.37,,,,42.35,42.35,,42.35,42.35,42.35,77.69,42.35,29.81,29.81,,,,,33.02,30.27,31.01,29.81,29.81,30.27,31.8,48.59,40.04,42.99,29.81,29.81,29.81,29.81,42.35,36.95,,,,,,
2019-07-08 00:00:00+02:00,,34.93,,34.93,27.54,28.97,,31.5,,34.93,30.21,30.21,28.93,47.75,28.93,34.93,45.75,,58.54,43.77,31.5,,46.46,,,,43.77,43.77,,43.77,43.77,43.77,71.88,43.77,28.93,28.93,,,,,34.93,30.21,30.21,28.93,28.93,30.21,49.08,47.75,31.53,45.34,28.93,28.93,28.93,28.93,43.77,31.5,,,,,,
2019-07-08 01:00:00+02:00,,30.11,,30.11,26.05,27.98,,30.0,,30.11,29.44,29.44,28.52,42.41,28.52,30.11,38.71,,61.7,40.65,30.11,,39.63,,,,40.65,40.65,,40.65,40.65,40.65,56.0,40.65,28.52,28.52,,,,,30.11,29.44,29.44,28.52,28.52,29.44,48.94,42.41,30.14,37.67,28.52,28.52,28.52,28.52,40.65,30.0,,,,,,
2019-07-08 02:00:00+02:00,,29.55,,28.86,23.53,26.82,,28.13,,29.55,29.16,29.16,28.18,40.5,28.18,28.39,35.69,,59.4,40.0,28.13,,36.54,,,,40.5,40.5,,40.0,40.5,40.5,47.49,40.5,28.18,28.18,,,,,29.55,29.16,29.16,28.18,28.18,29.16,47.26,41.79,28.15,34.28,28.18,28.18,28.18,28.18,40.0,28.13,,,,,,
2019-07-08 03:00:00+02:00,,30.47,,26.33,22.53,26.18,,28.2,,30.47,29.31,29.31,27.95,40.17,27.95,23.57,33.79,,58.6,35.99,28.2,,34.6,,,,40.5,40.5,,36.08,40.5,40.5,40.5,40.5,27.95,27.95,,,,,30.28,29.31,29.31,27.95,27.95,29.31,47.23,41.79,28.22,31.21,27.95,27.95,27.95,27.95,35.99,28.2,,,,,,
2019-07-08 04:00:00+02:00,,30.04,,24.94,23.92,26.49,,27.9,,30.04,29.08,29.08,28.26,41.75,28.26,21.38,33.45,,58.6,35.01,27.9,,34.25,,,,38.76,38.76,,35.01,38.76,38.76,38.76,38.76,28.26,28.26,,,,,30.04,29.08,29.08,28.26,28.26,29.08,43.67,41.76,27.92,28.79,28.26,28.26,28.26,28.26,35.01,27.9,,,,,,
2019-07-08 05:00:00+02:00,,30.1,,28.64,40.55,27.18,,28.8,,30.1,29.16,29.16,29.16,42.41,29.16,27.69,33.43,,58.45,40.0,34.86,,34.25,,,,40.0,40.0,,40.0,40.0,40.0,40.0,40.0,29.16,29.16,,,,,30.02,29.16,29.16,29.16,29.16,29.16,49.56,42.41,38.03,35.8,29.16,29.16,29.16,29.16,40.0,28.8,,,,,,
2019-07-08 06:00:00+02:00,,34.9,,32.73,50.12,32.23,,38.5,,34.9,31.4,31.4,33.78,47.41,33.78,31.3,34.55,,61.74,44.45,51.1,,35.4,,,,44.45,44.45,,44.45,44.45,44.45,44.45,44.45,33.78,33.78,,,,,34.76,31.4,31.4,30.86,30.86,31.4,55.65,47.41,51.13,48.36,30.86,30.86,31.4,31.4,44.45,38.5,,,,,,
2019-07-08 07:00:00+02:00,,39.06,,39.06,61.36,37.71,,47.75,,39.06,39.06,39.06,50.62,48.57,36.68,39.06,43.19,,61.78,48.0,65.29,,42.6,,,,48.0,48.0,,48.0,48.0,48.0,66.88,48.0,50.62,50.62,,,,,39.06,31.84,31.84,29.67,29.67,31.84,50.95,48.57,65.33,59.94,29.67,29.67,31.84,38.12,48.0,47.75,,,,,,
2019-07-08 08:00:00+02:00,,39.99,,39.99,66.47,37.24,,47.26,,39.99,39.99,39.99,54.0,53.69,36.72,39.99,41.21,,64.11,54.19,66.05,,45.97,,,,54.19,54.19,,54.19,54.19,54.19,71.88,54.19,54.0,54.0,,,,,39.99,33.91,33.91,29.15,29.15,33.91,54.35,53.69,66.08,64.98,29.15,29.15,33.91,39.03,54.19,47.26,,,,,,
2019-07-08 09:00:00+02:00,,38.59,,38.59,61.39,37.45,,44.2,,38.59,38.59,38.59,54.13,55.69,37.75,38.59,53.48,,62.12,55.0,62.86,,81.39,,,,55.0,55.0,,55.0,55.0,55.0,71.88,55.0,54.13,54.13,,,,,38.59,33.99,33.99,28.36,28.36,33.99,54.48,55.69,62.89,64.92,28.36,28.36,33.99,37.66,55.0,44.2,,,,,,
2019-07-08 10:00:00+02:00,,37.29,,37.29,55.09,36.05,,41.05,,37.29,37.29,37.29,54.11,55.62,36.7,37.29,56.81,,66.3,52.94,61.12,,81.39,,,,52.94,52.94,,52.94,52.94,52.94,68.0,52.94,54.11,54.11,,,,,37.29,33.97,33.97,28.49,28.49,33.97,54.45,55.62,61.14,62.17,28.49,28.49,33.97,36.39,52.94,41.05,,,,,,
2019-07-08 11:00:00+02:00,,39.94,,39.94,61.4,35.44,,41.0,,39.94,39.94,39.94,54.7,56.77,37.58,39.94,54.57,,64.59,50.72,59.07,,89.7,,,,50.72,50.72,,50.72,50.72,50.72,50.72,50.72,54.7,54.7,,,,,39.94,32.13,32.13,28.58,28.58,32.13,55.04,56.77,59.09,60.71,28.58,28.58,32.13,38.98,50.72,41.0,,,,,,
2019-07-08 12:00:00+02:00,,38.68,,38.68,61.39,33.71,,39.0,,38.68,38.68,38.68,53.37,57.5,39.31,38.68,53.98,,64.53,49.57,57.06,,84.99,,,,49.57,49.57,,49.57,49.57,49.57,49.57,49.57,53.37,53.37,,,,,38.68,31.9,31.9,28.74,28.74,31.9,53.69,57.5,57.07,63.03,28.74,28.74,31.9,37.75,49.57,39.0,,,,,,
2019-07-08 13:00:00+02:00,,35.09,,35.09,66.48,32.2,,46.0,,35.09,35.09,35.09,52.54,57.69,37.93,35.09,54.33,,64.53,49.57,56.93,,96.4,,,,49.57,49.57,,49.57,49.57,49.57,49.57,49.57,52.54,52.54,,,,,35.09,31.75,31.75,28.58,28.58,31.75,52.86,57.69,56.94,60.59,28.58,28.58,31.75,34.25,49.57,46.0,,,,,,
2019-07-08 14:00:00+02:00,,33.48,,33.48,66.88,31.59,,44.0,,33.48,33.48,33.48,51.1,56.77,34.98,33.48,47.31,,63.99,55.0,58.84,,90.0,,,,55.0,55.0,,55.0,55.0,55.0,55.0,55.0,51.1,51.1,,,,,33.48,31.65,31.65,28.74,28.74,31.65,51.4,56.77,58.85,60.51,28.74,28.74,31.65,32.67,55.0,44.0,,,,,,
2019-07-08 15:00:00+02:00,,33.76,,33.76,66.52,31.16,,43.0,,33.76,33.76,33.76,51.73,55.0,36.4,33.76,37.91,,61.76,58.02,62.03,,83.42,,,,58.02,58.02,,58.02,58.02,58.02,58.02,58.02,51.73,51.73,,,,,33.76,31.69,31.69,29.43,29.43,31.69,52.03,55.0,62.03,61.98,29.43,29.43,31.69,32.95,58.02,43.0,,,,,,
2019-07-08 16:00:00+02:00,,34.47,,34.47,61.4,31.02,,35.0,,34.47,34.47,34.47,49.22,54.0,33.23,34.47,38.95,,61.9,58.25,63.46,,83.42,,,,58.25,58.25,,58.25,58.25,58.25,71.88,58.25,49.22,49.22,,,,,34.47,31.6,31.6,29.49,29.49,31.6,49.51,54.0,63.47,63.01,29.49,29.49,31.6,33.64,58.25,35.0,,,,,,
2019-07-08 17:00:00+02:00,,34.92,,34.92,66.5,32.06,,36.6,,34.92,34.92,34.92,44.75,53.32,36.6,34.92,52.7,,65.45,58.25,65.0,,84.7,,,,58.25,58.25,,58.25,58.25,58.25,83.66,58.25,44.75,44.75,,,,,34.92,31.57,31.57,29.48,29.48,31.57,50.4,53.32,65.0,64.27,29.48,29.48,31.57,34.08,58.25,36.6,,,,,,
2019-07-08 18:00:00+02:00,,38.0,,38.0,69.54,34.98,,39.98,,38.0,37.08,37.08,47.06,51.6,34.85,38.0,63.64,,66.41,58.25,65.5,,98.0,,,,58.25,58.25,,58.25,58.25,58.25,87.66,58.25,47.06,47.06,,,,,38.0,31.87,31.87,30.07,30.07,31.87,49.85,51.6,65.5,62.19,30.07,30.07,31.87,37.08,58.25,39.98,,,,,,
2019-07-08 19:00:00+02:00,,42.9,,42.9,69.58,37.04,,43.75,,42.9,39.93,41.87,47.02,52.17,35.15,42.9,66.74,,66.41,58.42,71.75,,80.1,,,,58.42,58.42,,58.42,58.42,58.42,113.31,58.42,47.02,47.02,,,,,42.9,31.74,31.74,30.23,30.23,31.74,50.4,52.17,71.74,69.36,30.23,30.23,31.74,41.87,58.42,43.75,,,,,,
2019-07-08 20:00:00+02:00,,38.35,,38.35,69.55,36.23,,45.9,,38.35,31.56,31.56,51.66,53.32,31.56,38.35,64.39,,83.23,58.42,75.91,,67.73,,,,58.42,58.42,,58.42,58.42,58.42,113.31,58.42,51.66,51.66,,,,,38.35,31.56,31.56,31.13,31.13,31.56,51.93,53.32,75.89,68.05,31.13,31.13,31.56,31.56,58.42,45.9,,,,,,
2019-07-08 21:00:00+02:00,,37.93,,37.93,66.48,36.02,,42.1,,37.93,31.15,31.15,44.76,55.0,31.15,37.93,56.27,,83.23,58.42,70.0,,59.19,,,,58.42,58.42,,58.42,58.42,58.42,113.31,58.42,44.76,44.76,,,,,37.93,31.15,31.15,31.07,31.07,31.15,50.39,55.0,69.98,61.78,31.07,31.07,31.15,31.15,58.42,42.1,,,,,,
2019-07-08 22:00:00+02:00,,39.43,,39.43,64.84,37.08,,41.5,,39.43,30.75,30.75,30.75,55.07,30.75,39.43,51.51,,83.23,54.68,63.5,,52.9,,,,54.68,54.68,,54.68,54.68,54.68,113.31,54.68,30.75,30.75,,,,,39.43,30.75,30.75,30.75,30.75,30.75,56.8,55.07,63.48,56.24,30.75,30.75,30.75,30.75,54.68,41.5,,,,,,
2019-07-08 23:00:00+02:00,,34.63,,34.63,60.02,34.07,,35.7,,34.63,29.72,29.72,29.72,53.47,29.72,34.63,40.02,,69.67,46.48,56.05,,43.4,,,,46.48,46.48,,46.48,46.48,46.48,91.66,46.48,29.72,29.72,,,,,34.63,29.72,29.72,29.72,29.72,29.72,52.47,53.47,56.03,51.29,29.72,29.72,29.72,29.72,46.48,35.7,,,,,,
2019-07-09 00:00:00+02:00,,31.56,,31.56,50.14,34.12,,34.0,,31.56,30.55,30.55,30.55,54.47,30.55,31.56,40.86,,69.55,48.0,49.37,,42.0,,,,48.0,48.0,,48.0,48.0,48.0,90.66,48.0,30.55,30.55,,,,,31.56,30.55,30.55,30.55,30.55,30.55,50.18,54.47,49.35,51.32,30.55,30.55,30.55,30.55,48.0,34.0,,,,,,
2019-07-09 01:00:00+02:00,,30.19,,30.19,50.13,31.69,,31.0,,30.19,29.51,29.51,29.51,51.6,29.51,30.19,37.69,,69.52,45.76,47.67,,38.75,,,,57.03,57.03,,45.76,57.03,57.03,71.88,57.03,29.51,29.51,,,,,30.19,29.51,29.51,29.51,29.51,29.51,50.92,51.6,47.64,48.02,29.51,29.51,29.51,29.51,45.76,31.0,,,,,,
2019-07-09 02:00:00+02:00,,29.81,,29.81,49.42,29.84,,30.0,,29.81,29.25,29.25,29.17,48.57,29.17,29.81,36.76,,69.48,44.15,38.6,,37.79,,,,44.54,57.03,,44.15,57.03,44.54,71.88,57.03,29.17,29.17,,,,,29.81,29.25,29.25,29.17,29.17,29.25,51.72,48.57,38.58,40.45,29.17,29.17,29.17,29.17,44.15,30.0,,,,,,
2019-07-09 03:00:00+02:00,,29.43,,27.78,47.8,29.04,,29.3,,29.43,29.22,29.22,28.98,48.24,28.98,26.39,36.72,,69.49,43.42,36.44,,37.75,,,,45.54,49.03,,43.42,49.03,45.54,70.0,49.03,28.98,28.98,,,,,29.48,29.22,29.22,28.98,28.98,29.22,52.18,48.24,36.42,39.95,28.98,28.98,28.98,28.98,43.42,29.3,,,,,,
2019-07-09 04:00:00+02:00,,29.95,,25.07,47.99,29.19,,29.92,,29.95,29.23,29.23,29.23,47.7,29.23,20.95,36.65,,69.5,44.16,36.09,,37.67,,,,44.16,49.08,,44.16,49.08,44.42,70.0,49.08,29.23,29.23,,,,,30.19,29.23,29.23,29.23,29.23,29.23,48.19,47.7,36.07,39.05,29.23,29.23,29.23,29.23,44.16,29.92,,,,,,
2019-07-09 05:00:00+02:00,,30.47,,28.6,48.73,30.08,,30.54,,30.47,30.07,30.07,30.07,48.8,30.07,27.02,36.64,,69.46,42.01,37.21,,37.66,,,,42.01,49.03,,42.01,49.03,44.42,70.0,49.03,30.07,30.07,,,,,30.55,30.07,30.07,30.07,30.07,30.07,48.17,48.8,37.18,40.04,30.07,30.07,30.07,30.07,42.01,30.54,,,,,,
2019-07-09 06:00:00+02:00,,36.16,,33.81,50.14,34.52,,37.0,,36.16,36.16,36.16,45.66,49.3,45.66,31.84,37.15,,69.49,46.93,50.09,,38.18,,,,46.93,46.93,,46.93,46.93,46.93,71.88,46.93,45.66,45.66,,,,,36.16,33.21,33.21,31.04,31.04,33.21,52.88,49.3,50.05,50.58,31.04,31.04,33.21,33.21,46.93,37.0,,,,,,
2019-07-09 07:00:00+02:00,,43.95,,41.39,66.49,40.05,,45.0,,43.95,43.95,43.95,55.22,51.6,55.22,38.97,42.48,,69.56,83.06,64.98,,41.28,,,,48.0,48.0,,48.0,48.0,48.0,71.88,48.0,55.22,55.22,,,,,43.95,34.09,34.09,30.93,30.79,34.09,55.17,51.6,64.92,62.21,30.93,30.93,34.09,42.9,48.0,45.0,,,,,,
2019-07-09 08:00:00+02:00,,44.06,,44.06,66.52,40.1,,44.0,,44.06,44.06,44.06,57.54,54.47,57.54,44.06,45.08,,69.67,54.73,66.24,,48.71,,,,54.73,54.73,,54.73,54.73,54.73,77.66,54.73,57.54,57.54,,,,,44.06,34.73,34.73,30.94,30.94,34.73,57.49,54.47,66.18,65.94,30.94,30.94,34.73,43.0,54.73,44.0,,,,,,
2019-07-09 09:00:00+02:00,,41.09,,41.09,66.41,39.42,,40.9,,41.09,41.09,41.09,58.64,54.97,58.64,41.09,51.37,,64.58,58.58,66.25,,81.42,,,,58.02,58.02,,58.02,58.02,58.02,66.66,58.02,58.64,58.64,,,,,41.09,35.34,35.34,30.96,30.96,35.34,58.58,54.97,66.19,64.34,30.96,30.96,35.34,40.11,58.02,40.9,,,,,,
2019-07-09 10:00:00+02:00,,38.17,,38.17,65.71,38.49,,38.5,,38.17,38.17,38.17,57.78,54.47,57.78,38.17,52.47,,69.6,58.02,64.27,,95.0,,,,58.02,58.02,,58.02,58.02,58.02,83.66,58.02,57.78,57.78,,,,,38.17,36.02,36.02,30.74,30.74,36.02,57.72,54.47,64.21,62.09,30.74,30.74,36.02,37.25,58.02,38.5,,,,,,
2019-07-09 11:00:00+02:00,,38.04,,38.04,60.27,37.82,,38.0,,38.04,38.04,38.04,58.27,54.97,58.27,38.04,48.91,,64.11,58.02,63.99,,101.0,,,,58.02,58.02,,58.02,58.02,58.02,83.66,58.02,58.27,58.27,,,,,38.04,36.06,36.06,31.16,31.16,36.06,58.21,54.97,63.92,62.02,31.16,31.16,36.06,37.13,58.02,38.0,,,,,,
2019-07-09 12:00:00+02:00,,37.06,,37.06,61.37,36.82,,36.45,,37.06,37.06,37.06,58.09,55.62,58.09,37.06,51.58,,64.52,73.13,63.08,,90.0,,,,50.0,50.0,,50.0,50.0,50.0,71.88,50.0,58.09,58.09,,,,,37.06,35.88,35.88,31.16,31.08,35.88,58.01,55.62,63.0,62.48,31.16,31.16,35.88,36.17,52.7,36.45,,,,,,
2019-07-09 13:00:00+02:00,,35.15,,35.15,65.75,34.78,,34.45,,35.15,35.15,35.15,56.19,55.62,56.19,35.15,48.95,,69.66,52.7,61.92,,119.88,,,,50.67,50.67,,50.67,50.67,50.67,71.88,50.67,56.19,56.19,,,,,35.15,34.03,34.03,31.22,31.07,34.03,56.12,55.62,61.84,60.1,31.22,31.22,34.03,34.31,52.7,34.45,,,,,,
2019-07-09 14:00:00+02:00,,34.75,,34.75,65.79,34.03,,32.38,,34.75,34.75,34.75,53.86,54.97,49.36,34.75,41.14,,69.66,57.03,59.29,,95.0,,,,57.03,57.03,,57.03,57.03,57.03,83.66,57.03,53.86,53.86,,,,,34.75,33.92,33.92,31.22,31.08,33.92,53.78,54.97,59.21,59.92,31.22,31.22,33.92,33.92,57.03,32.38,,,,,,
2019-07-09 15:00:00+02:00,,34.24,,34.24,66.38,33.99,,34.64,,34.24,34.24,34.24,53.72,53.56,44.34,34.24,40.47,,69.68,58.02,60.06,,75.0,,,,58.02,58.02,,58.02,58.02,58.02,83.66,58.02,53.72,53.72,,,,,34.24,33.42,33.42,31.14,31.09,33.42,53.63,53.56,59.98,61.5,31.14,31.14,33.42,33.42,58.02,34.64,,,,,,
2019-07-09 16:00:00+02:00,,34.74,,34.74,61.4,34.38,,35.81,,34.74,34.74,34.74,50.88,53.32,50.88,34.74,38.02,,69.69,58.42,60.69,,64.0,,,,58.42,58.42,,58.42,58.42,58.42,83.66,58.42,50.88,50.88,,,,,34.74,33.9,33.9,31.21,30.89,33.9,50.79,53.32,60.6,62.59,31.21,31.21,33.9,33.9,58.42,35.81,,,,,,
2019-07-09 17:00:00+02:00,,36.71,,36.71,64.91,37.11,,37.11,,36.71,36.71,36.71,44.77,52.95,44.77,36.71,51.14,,69.15,59.25,62.4,,80.92,,,,59.25,59.25,,59.25,59.25,59.25,85.66,59.25,44.77,44.77,,,,,36.71,34.62,34.62,30.68,30.65,34.62,51.19,52.95,62.31,63.62,30.68,30.68,34.62,35.83,59.25,37.11,,,,,,
2019-07-09 18:00:00+02:00,,40.34,,40.34,66.48,39.5,,41.12,,40.34,40.34,40.34,51.83,52.16,51.83,40.34,57.24,,65.4,58.25,63.01,,81.42,,,,58.25,58.25,,58.25,58.25,58.25,89.66,58.25,51.83,51.83,,,,,40.34,34.35,34.35,31.53,31.53,34.35,51.73,52.16,62.91,65.01,31.53,31.53,34.35,39.37,58.25,41.12,,,,,,
2019-07-09 19:00:00+02:00,,47.0,,47.0,68.33,39.65,,45.71,,47.0,47.0,47.0,52.9,51.64,52.9,47.0,56.92,,65.4,61.0,63.52,,75.0,,,,61.0,64.98,,61.0,64.98,64.98,113.31,64.98,52.9,52.9,,,,,47.0,33.28,33.28,32.77,32.77,33.28,52.79,51.64,63.42,67.05,33.28,33.28,33.28,45.87,61.0,45.71,,,,,,
2019-07-09 20:00:00+02:00,,46.75,,43.35,65.6,38.57,,48.5,,47.9,47.9,47.9,47.66,52.48,47.66,40.19,61.14,,65.4,55.08,67.52,,64.36,,,,55.08,58.25,,55.08,58.25,58.25,113.31,58.25,47.66,47.66,,,,,47.9,32.97,32.97,32.56,32.56,32.97,52.24,52.48,67.41,69.94,32.97,32.97,32.97,46.75,55.08,48.5,,,,,,
2019-07-09 21:00:00+02:00,,44.49,,40.34,61.4,37.9,,45.19,,45.99,45.99,45.99,44.79,53.87,44.79,36.41,53.02,,64.24,54.19,65.3,,55.8,,,,54.19,58.42,,54.19,58.42,58.42,113.31,58.42,44.79,44.79,,,,,45.99,32.61,32.61,32.47,32.47,32.61,54.06,53.87,65.19,64.96,32.61,32.61,32.61,44.79,54.19,45.19,,,,,,
2019-07-09 22:00:00+02:00,,43.88,,43.88,61.39,39.66,,43.87,,43.88,43.88,43.88,32.95,53.14,32.95,43.88,48.09,,69.71,51.88,59.21,,50.61,,,,51.88,54.68,,51.88,54.68,54.68,113.31,54.68,32.95,32.95,,,,,43.88,32.33,32.33,32.12,32.12,32.33,54.13,53.14,59.1,58.03,32.33,32.33,32.33,32.95,51.88,43.87,,,,,,
2019-07-09 23:00:00+02:00,,36.66,,36.66,46.95,36.7,,36.76,,36.66,36.66,36.66,31.47,51.0,31.47,36.66,40.36,,66.22,46.01,50.08,,42.48,,,,46.01,46.01,,46.01,46.01,46.01,83.66,46.01,31.47,31.47,,,,,36.66,31.47,31.47,31.47,31.47,31.47,50.06,51.0,49.98,50.09,31.47,31.47,31.47,31.47,46.01,36.76,,,,,,
2019-07-10 00:00:00+02:00,,35.91,,35.91,46.48,32.83,,34.26,,35.91,32.88,32.88,32.88,51.12,32.88,35.91,44.48,,64.59,48.0,48.19,,45.63,,,,53.36,53.36,,48.0,53.36,53.36,74.24,53.36,32.88,32.88,,,,,35.91,32.88,32.88,32.88,32.88,32.88,49.49,51.12,48.07,47.59,32.88,32.88,32.88,32.88,48.0,34.26,,,,,,
2019-07-10 01:00:00+02:00,,33.54,,33.54,40.95,31.7,,34.29,,33.54,32.46,32.46,32.06,46.5,32.06,33.54,40.11,,64.57,48.0,45.22,,41.19,,,,48.0,56.25,,48.0,56.25,56.25,75.27,56.25,32.06,32.06,,,,,33.54,32.46,32.46,32.06,32.06,32.46,49.5,46.5,45.11,46.27,32.06,32.06,32.06,32.06,48.0,34.29,,,,,,
2019-07-10 02:00:00+02:00,,32.98,,32.98,34.05,31.12,,33.02,,32.98,32.07,32.07,31.44,42.77,31.44,32.98,39.15,,64.25,45.02,39.5,,40.15,,,,45.36,45.36,,45.02,45.36,45.36,55.3,45.36,31.44,31.44,,,,,32.98,32.07,32.07,31.44,31.44,32.07,49.6,42.77,39.4,39.92,31.44,31.44,31.44,31.44,45.02,33.02,,,,,,
2019-07-10 03:00:00+02:00,,32.92,,31.48,32.03,31.05,,32.77,,32.92,32.16,32.16,31.15,42.01,31.15,30.5,37.82,,63.0,43.62,35.77,,38.78,,,,43.62,44.74,,43.62,44.74,44.74,49.37,44.74,31.15,31.15,,,,,32.92,32.16,32.16,31.15,31.15,32.16,49.48,42.01,35.68,37.74,31.15,31.15,31.15,31.15,43.62,32.77,,,,,,
2019-07-10 04:00:00+02:00,,33.3,,29.24,32.06,31.31,,32.89,,33.3,32.23,32.23,31.12,42.01,31.12,26.49,37.82,,64.48,43.59,35.33,,38.78,,,,43.59,43.88,,43.59,43.88,43.88,55.0,43.88,31.12,31.12,,,,,33.3,32.23,32.23,31.12,31.12,32.23,48.1,42.01,35.24,36.69,31.12,31.12,31.12,31.12,43.59,32.89,,,,,,
2019-07-10 05:00:00+02:00,,33.5,,30.16,41.96,33.12,,34.28,,33.5,33.5,33.5,32.31,44.17,32.31,27.98,37.81,,60.85,48.0,41.84,,38.77,,,,48.0,48.0,,48.0,48.0,48.0,48.0,48.0,32.31,32.31,,,,,33.38,32.31,32.31,32.31,32.31,32.31,48.82,44.17,41.73,39.42,32.31,32.31,32.31,32.31,48.0,34.28,,,,,,
2019-07-10 06:00:00+02:00,,41.92,,39.01,50.16,35.97,,44.41,,41.92,41.92,41.92,45.77,46.75,36.89,37.04,40.49,,59.4,52.6,48.86,,41.19,,,,52.6,52.6,,52.6,52.6,52.6,70.0,52.6,45.77,45.77,,,,,41.8,33.07,33.07,33.07,33.07,33.07,54.67,46.75,48.73,51.58,33.07,33.07,33.07,40.92,52.6,44.41,,,,,,
2019-07-10 07:00:00+02:00,,48.99,,46.72,68.47,41.29,,52.54,,49.45,49.45,49.45,60.36,47.67,42.62,45.74,47.9,,61.0,51.0,67.56,,46.08,,,,51.0,51.0,,51.0,51.0,51.0,78.37,51.0,60.36,60.36,,,,,49.45,33.38,33.38,33.38,33.38,33.38,60.38,47.67,67.39,62.23,33.38,33.38,33.38,33.38,51.0,52.54,,,,,,
2019-07-10 08:00:00+02:00,,48.8,,48.8,69.56,43.46,,51.16,,48.8,48.8,48.8,62.94,50.99,42.31,48.8,50.25,,64.53,57.1,61.99,,54.58,,,,57.1,57.1,,57.1,57.1,57.1,84.24,57.1,62.94,62.94,,,,,48.8,33.82,33.82,33.82,33.82,33.82,62.96,50.99,61.83,63.22,33.82,33.82,33.82,33.82,57.1,51.16,,,,,,
2019-07-10 09:00:00+02:00,,43.99,,43.99,69.54,43.37,,45.93,,43.99,43.99,43.99,65.66,53.64,42.0,43.99,59.97,,66.23,58.02,65.65,,67.93,,,,58.02,58.02,,58.02,58.02,58.02,84.24,58.02,65.66,65.66,,,,,43.99,33.98,33.98,33.98,32.48,33.98,65.69,53.64,65.48,63.11,33.98,33.98,33.98,33.98,58.02,45.93,,,,,,
2019-07-10 10:00:00+02:00,,41.34,,41.34,66.49,41.49,,42.43,,41.34,41.34,41.34,65.66,53.95,38.87,41.34,57.97,,66.25,55.43,60.79,,65.0,,,,55.43,55.43,,55.43,55.43,55.43,84.24,55.43,65.66,65.66,,,,,41.34,34.09,34.09,34.09,32.82,34.09,65.69,53.95,60.63,61.14,34.09,34.09,34.09,34.09,55.43,42.43,,,,,,
2019-07-10 11:00:00+02:00,,42.13,,42.13,66.52,41.34,,42.36,,42.13,42.13,42.13,64.06,54.9,37.8,42.13,50.09,,69.0,52.43,60.79,,62.0,,,,52.43,52.43,,52.43,52.43,52.43,78.37,52.43,64.06,64.06,,,,,42.13,33.98,33.98,33.98,32.75,33.98,64.1,54.9,60.63,60.04,33.98,33.98,33.98,33.98,52.43,42.36,,,,,,
2019-07-10 12:00:00+02:00,,39.16,,39.16,69.55,39.27,,39.61,,39.16,39.16,39.16,65.66,55.57,38.14,39.16,48.97,,66.41,48.0,61.1,,56.71,,,,48.0,48.0,,48.0,48.0,48.0,70.0,48.0,65.66,65.66,,,,,39.16,33.87,33.87,33.87,32.71,33.87,65.7,55.57,60.94,60.84,33.87,33.87,33.87,33.87,48.0,39.61,,,,,,
2019-07-10 13:00:00+02:00,,37.32,,37.32,69.56,37.44,,37.25,,37.32,37.32,37.32,65.65,56.57,36.85,37.32,50.12,,64.61,47.76,59.25,,56.71,,,,47.76,47.76,,47.76,47.76,47.76,47.76,47.76,65.65,65.65,,,,,37.32,33.73,33.73,33.73,32.68,33.73,65.69,56.57,59.09,60.15,33.73,33.73,33.73,33.73,47.76,37.25,,,,,,
2019-07-10 14:00:00+02:00,,36.99,,36.99,69.58,37.07,,37.06,,36.99,36.99,36.99,61.22,56.5,36.9,36.99,45.94,,66.41,49.89,58.69,,48.24,,,,49.89,49.89,,49.89,49.89,49.89,49.89,49.89,61.22,61.22,,,,,36.99,33.69,33.69,33.69,32.65,33.69,61.26,56.5,58.54,60.14,33.69,33.69,33.69,33.69,49.89,37.06,,,,,,
2019-07-10 15:00:00+02:00,,37.05,,37.05,69.55,37.23,,37.73,,37.05,37.05,37.05,60.4,55.31,36.43,37.05,41.18,,66.41,50.25,58.05,,43.23,,,,50.25,50.25,,50.25,50.25,50.25,50.3,50.25,60.4,60.4,,,,,37.05,33.55,33.55,33.55,33.55,33.55,60.45,55.31,57.9,58.13,33.55,33.55,33.55,33.55,50.25,37.73,,,,,,
2019-07-10 16:00:00+02:00,,38.84,,38.84,62.92,38.57,,38.71,,38.84,38.84,38.84,55.13,55.57,37.87,38.84,42.3,,66.41,51.4,56.1,,44.4,,,,51.4,51.4,,51.4,51.4,51.4,75.0,51.4,55.13,55.13,,,,,38.84,33.34,33.34,33.34,33.34,33.34,55.18,55.57,55.95,58.4,33.34,33.34,33.34,33.34,51.4,38.71,,,,,,
2019-07-10 17:00:00+02:00,,44.08,,44.08,61.39,41.82,,43.78,,44.08,44.08,44.08,55.16,55.13,40.24,44.08,48.98,,64.7,51.4,54.6,,51.41,,,,51.4,51.4,,51.4,51.4,51.4,78.37,51.4,55.16,55.16,,,,,44.08,33.32,33.32,33.32,33.32,33.32,55.21,55.13,54.46,58.06,33.32,33.32,33.32,33.32,51.4,43.78,,,,,,
2019-07-10 18:00:00+02:00,,48.95,,48.95,61.37,42.71,,48.8,,48.95,48.95,48.95,52.78,54.28,39.7,48.95,56.33,,69.95,51.0,54.62,,59.13,,,,51.0,51.0,,51.0,51.0,51.0,60.24,51.0,52.78,52.78,,,,,48.95,33.24,33.24,33.24,33.24,33.24,52.83,54.28,54.47,57.93,33.24,33.24,33.24,33.24,51.0,48.8,,,,,,
2019-07-10 19:00:00+02:00,,53.19,,53.19,61.39,42.37,,55.61,,53.19,53.19,53.19,60.4,53.92,44.65,53.19,57.56,,64.72,53.19,56.63,,60.41,,,,53.19,53.19,,53.19,53.19,53.19,68.24,53.19,60.4,60.4,,,,,53.19,33.71,33.71,33.71,33.71,33.71,60.46,53.92,56.48,62.02,33.71,33.71,33.71,33.71,53.19,55.61,,,,,,
2019-07-10 20:00:00+02:00,,51.43,,51.25,56.09,42.09,,57.32,,51.47,51.47,51.47,60.77,53.92,37.28,51.09,55.67,,64.74,51.43,57.79,,57.04,,,,51.43,51.43,,51.43,51.43,51.43,95.24,51.43,60.77,60.77,,,,,51.47,33.59,33.59,33.48,33.48,33.59,60.83,53.92,57.64,59.23,33.59,33.59,33.59,33.59,51.43,57.32,,,,,,
2019-07-10 21:00:00+02:00,,48.02,,47.84,52.02,42.16,,53.5,,48.06,48.06,48.06,46.35,55.5,38.2,47.68,49.54,,62.18,50.26,53.5,,50.75,,,,50.26,50.26,,50.26,50.26,50.26,113.31,50.26,46.35,46.35,,,,,48.06,33.65,33.65,33.65,33.65,33.65,56.34,55.5,53.36,56.98,33.65,33.65,33.65,46.35,50.26,53.5,,,,,,
2019-07-10 22:00:00+02:00,,47.73,,47.73,47.06,42.75,,48.1,,47.73,47.73,47.73,33.45,54.39,33.45,47.73,49.0,,69.74,48.0,48.1,,50.19,,,,48.0,48.0,,48.0,48.0,48.0,89.24,48.0,33.45,33.45,,,,,47.73,33.45,33.45,33.45,33.45,33.45,54.96,54.39,47.97,52.45,33.45,33.45,33.45,33.45,48.0,48.1,,,,,,
2019-07-10 23:00:00+02:00,,42.65,,42.65,39.04,40.62,,41.1,,42.65,42.65,42.65,32.89,51.0,32.89,42.65,43.65,,64.56,44.76,41.1,,44.71,,,,44.76,44.76,,44.76,44.76,44.76,74.24,44.76,32.89,32.89,,,,,42.65,32.89,32.89,32.89,32.89,32.89,50.42,51.0,40.99,44.64,32.89,32.89,32.89,32.89,44.76,41.1,,,,,,
2019-07-11 00:00:00+02:00,,36.52,,36.52,39.54,37.86,,37.78,,36.52,36.52,36.52,34.4,55.97,34.4,36.52,44.44,,64.56,44.0,43.76,,42.26,,,,44.0,44.0,,44.0,44.0,44.0,44.0,44.0,34.4,34.4,,,,,36.52,34.4,34.4,33.93,33.93,34.4,49.78,55.97,43.69,45.09,34.4,34.4,34.4,34.4,44.0,37.78,,,,,,
2019-07-11 01:00:00+02:00,,35.99,,35.99,32.3,36.06,,35.56,,35.99,35.99,35.99,34.21,52.51,34.21,35.99,38.89,,64.66,38.1,35.99,,37.89,,,,43.7,43.7,,43.7,43.7,43.7,43.7,43.7,34.21,34.21,,,,,35.99,34.21,34.21,33.81,33.81,34.21,51.66,52.51,35.94,41.06,34.21,34.21,34.21,34.21,38.1,35.56,,,,,,
2019-07-11 02:00:00+02:00,,35.12,,35.12,31.06,34.82,,34.89,,35.12,35.12,35.12,33.99,49.01,33.99,35.12,36.69,,61.46,36.1,34.89,,35.74,,,,42.21,42.21,,42.21,42.21,42.21,42.21,42.21,33.99,33.99,,,,,35.12,33.99,33.99,33.74,33.74,33.99,50.96,49.01,34.84,38.1,33.99,33.99,33.99,33.99,36.1,34.89,,,,,,
2019-07-11 03:00:00+02:00,,35.0,,31.78,30.0,33.55,,33.9,,35.0,35.0,35.0,33.77,49.3,33.77,29.53,36.17,,58.64,36.1,33.9,,35.24,,,,42.92,42.92,,42.92,42.92,42.92,42.92,42.92,33.77,33.77,,,,,34.88,33.77,33.77,33.71,33.71,33.77,50.95,49.3,33.85,36.07,33.77,33.77,33.77,33.77,36.1,33.9,,,,,,
2019-07-11 04:00:00+02:00,,35.0,,30.79,30.96,33.22,,33.95,,35.0,35.0,35.0,33.54,49.3,33.54,27.86,36.13,,58.6,36.1,33.95,,35.2,,,,42.0,42.0,,42.0,42.0,42.0,42.0,42.0,33.54,33.54,,,,,34.86,33.54,33.65,33.54,33.54,33.54,51.67,49.3,33.9,36.07,33.54,33.54,33.54,33.54,36.1,33.95,,,,,,
2019-07-11 05:00:00+02:00,,35.96,,34.44,37.68,34.05,,35.02,,35.96,35.96,35.96,34.15,50.3,34.15,33.38,37.1,,56.22,37.96,35.29,,36.14,,,,42.0,42.0,,42.0,42.0,42.0,42.0,42.0,34.15,34.15,,,,,35.9,34.15,34.15,33.75,33.75,34.15,50.96,50.3,35.24,39.98,34.15,34.15,34.15,34.15,37.96,35.02,,,,,,
2019-07-11 06:00:00+02:00,,42.41,,40.99,43.67,40.71,,44.32,,42.41,42.41,42.41,54.31,49.0,42.15,39.97,41.16,,57.16,44.9,45.33,,40.1,,,,44.9,44.9,,44.9,44.9,44.9,44.9,44.9,54.31,54.31,,,,,42.34,34.62,34.62,33.93,33.93,34.62,54.52,49.0,45.26,47.13,34.62,34.62,34.62,41.39,44.9,44.32,,,,,,
2019-07-11 07:00:00+02:00,,50.92,,49.62,49.38,45.62,,54.1,,50.92,50.92,50.92,63.03,52.17,55.31,48.85,50.12,,58.54,50.92,54.13,,49.32,,,,50.92,50.92,,50.92,50.92,50.92,56.0,50.92,63.03,63.03,,,,,50.77,35.28,35.28,34.46,34.46,35.28,63.27,52.17,54.05,55.74,35.28,35.28,35.28,35.28,50.92,54.1,,,,,,
2019-07-11 08:00:00+02:00,,51.94,,50.12,51.08,49.91,,58.81,,51.94,51.94,51.94,69.84,56.42,51.91,49.02,50.3,,57.78,54.14,58.81,,53.29,,,,54.14,54.14,,54.14,54.14,54.14,74.33,54.14,69.84,69.84,,,,,51.73,35.8,35.8,35.8,32.99,35.8,70.11,56.42,58.73,58.38,35.8,35.8,35.8,35.8,54.14,58.81,,,,,,
2019-07-11 09:00:00+02:00,,52.84,,52.84,47.62,46.2,,53.5,,52.84,52.84,52.84,71.15,57.01,55.28,52.84,54.2,,57.19,55.01,53.5,,65.93,,,,55.01,55.01,,55.01,55.01,55.01,79.0,55.01,71.15,71.15,,,,,52.84,36.11,36.11,36.11,33.02,36.11,71.43,57.01,53.43,56.74,36.11,36.11,36.11,51.57,55.01,53.5,,,,,,
2019-07-11 10:00:00+02:00,,51.78,,51.78,46.84,46.81,,51.09,,51.78,51.78,51.78,70.32,55.86,52.7,51.78,53.12,,55.14,53.0,51.09,,64.0,,,,53.0,53.0,,53.0,53.0,53.0,74.33,53.0,70.32,70.32,,,,,51.78,36.71,36.71,36.71,33.02,36.71,70.6,55.86,51.02,53.95,36.71,36.71,36.71,50.54,53.0,51.09,,,,,,
2019-07-11 11:00:00+02:00,,53.99,,53.99,45.45,49.4,,51.47,,53.99,53.99,53.99,70.3,55.07,58.13,53.99,55.4,,55.11,53.99,51.47,,57.98,,,,53.99,53.99,,53.99,53.99,53.99,53.99,53.99,70.3,70.3,,,,,53.99,36.27,36.27,36.27,32.95,36.27,70.58,55.07,51.4,54.25,36.27,36.27,36.27,52.69,53.99,51.47,,,,,,
2019-07-11 12:00:00+02:00,,51.42,,51.42,46.14,45.17,,50.46,,51.42,51.42,51.42,71.11,56.59,55.31,51.42,52.76,,56.45,51.42,50.46,,55.22,,,,51.42,51.42,,51.42,51.42,51.42,51.42,51.42,71.11,71.11,,,,,51.42,36.0,36.0,36.0,32.84,36.0,71.38,56.59,50.39,53.06,36.0,36.0,36.0,50.19,51.42,50.46,,,,,,
2019-07-11 13:00:00+02:00,,50.0,,50.0,48.65,44.76,,49.1,,50.0,50.0,50.0,72.08,57.08,47.93,50.0,51.3,,57.17,50.0,49.74,,53.7,,,,50.0,50.0,,50.0,50.0,50.0,50.0,50.0,72.08,72.08,,,,,50.0,35.84,35.84,35.76,32.61,35.84,72.36,57.08,49.67,52.74,35.84,35.84,35.84,48.8,50.0,49.1,,,,,,
2019-07-11 14:00:00+02:00,,46.65,,46.65,48.68,45.02,,47.5,,46.65,46.65,46.65,64.79,56.07,46.07,46.65,47.87,,55.13,56.1,52.4,,50.1,,,,56.1,56.1,,56.1,56.1,56.1,56.1,56.1,64.79,64.79,,,,,46.65,35.83,35.83,33.97,33.97,35.83,65.04,56.07,52.33,53.1,35.83,35.83,35.83,45.53,56.1,47.5,,,,,,
2019-07-11 15:00:00+02:00,,45.51,,45.51,53.87,44.54,,46.52,,45.51,45.51,45.51,67.56,55.02,45.38,45.51,46.69,,55.13,56.0,52.86,,48.87,,,,56.0,56.0,,56.0,56.0,56.0,56.0,56.0,67.56,67.56,,,,,45.51,35.81,35.81,33.75,33.75,35.81,67.82,55.02,52.8,53.09,35.81,35.81,35.81,44.41,56.0,46.52,,,,,,
2019-07-11 16:00:00+02:00,,46.0,,46.0,48.67,44.78,,47.25,,46.0,46.0,46.0,62.1,55.02,50.07,46.0,47.2,,56.51,57.0,53.25,,48.23,,,,57.0,57.0,,57.0,57.0,57.0,70.0,57.0,62.1,62.1,,,,,46.0,35.56,35.56,33.62,33.62,35.56,62.34,55.02,53.19,54.08,35.56,35.56,35.56,35.56,57.0,47.25,,,,,,
2019-07-11 17:00:00+02:00,,49.9,,46.97,50.59,44.52,,51.42,,49.9,49.9,49.9,62.01,55.57,47.99,45.38,48.34,,58.67,60.04,54.17,,49.39,,,,60.04,60.04,,60.04,60.04,60.04,82.96,60.04,62.01,62.01,,,,,49.72,35.38,35.38,33.5,33.5,35.38,62.26,55.57,54.11,55.54,35.38,35.38,35.38,35.38,60.04,51.42,,,,,,
2019-07-11 18:00:00+02:00,,52.7,,49.39,59.7,45.17,,54.59,,52.7,52.7,52.7,60.11,54.99,57.07,47.44,50.82,,58.71,60.04,56.7,,51.93,,,,60.04,60.04,,60.04,60.04,60.04,96.33,60.04,60.11,60.11,,,,,52.28,35.13,35.13,33.44,33.44,35.13,60.34,54.99,56.63,56.58,35.13,35.13,35.13,35.13,60.04,54.59,,,,,,
2019-07-11 19:00:00+02:00,,53.39,,52.62,61.39,45.05,,56.82,,53.39,53.39,53.39,60.54,54.99,57.69,52.09,54.15,,55.08,60.28,59.15,,55.33,,,,60.28,60.28,,60.28,60.28,60.28,113.31,60.28,60.54,60.54,,,,,53.34,34.99,34.99,33.44,33.44,34.99,60.78,54.99,59.08,59.08,34.99,34.99,34.99,34.99,60.28,56.82,,,,,,
2019-07-11 20:00:00+02:00,,51.32,,48.85,59.55,44.9,,51.0,,51.9,51.9,51.9,60.54,55.57,44.41,46.71,50.27,,56.52,60.46,59.99,,51.37,,,,60.46,60.46,,60.46,60.46,60.46,113.31,60.46,60.54,60.54,,,,,51.71,34.96,34.96,33.85,33.85,34.96,60.78,55.57,60.64,58.57,34.96,34.96,34.96,34.96,60.46,51.0,,,,,,
2019-07-11 21:00:00+02:00,,49.04,,46.49,56.63,44.56,,48.4,,49.04,49.04,49.04,56.09,56.5,40.8,44.69,47.55,,55.06,60.28,59.19,,48.58,,,,60.28,60.28,,60.28,60.28,60.28,113.31,60.28,56.09,56.09,,,,,48.9,34.9,34.9,33.83,33.83,34.9,56.32,56.5,59.12,56.83,34.9,34.9,34.9,47.86,60.28,48.4,,,,,,
2019-07-11 22:00:00+02:00,,47.76,,47.76,50.62,44.56,,46.13,,47.76,47.76,47.76,46.31,55.57,40.63,47.76,49.0,,59.4,57.09,55.59,,48.87,,,,57.09,57.09,,57.09,57.09,57.09,113.31,57.09,46.31,46.31,,,,,47.76,34.74,34.74,33.74,33.74,34.74,56.96,55.57,55.53,51.9,34.74,34.74,34.74,46.31,57.09,46.13,,,,,,
2019-07-11 23:00:00+02:00,,40.17,,40.17,47.11,41.49,,41.0,,40.17,40.17,40.17,34.53,51.0,34.53,40.17,41.21,,55.98,49.28,47.02,,42.11,,,,49.28,49.28,,49.28,49.28,49.28,96.33,49.28,34.53,34.53,,,,,40.17,34.53,34.53,33.88,33.88,34.53,54.45,51.0,46.97,48.3,34.53,34.53,34.53,34.53,49.28,41.0,,,,,,
2019-07-12 00:00:00+02:00,,38.94,,38.94,50.11,37.34,,38.51,,38.94,38.94,38.94,47.43,58.29,36.95,38.94,54.77,,58.45,48.0,45.37,,52.14,,,,70.0,70.0,,48.0,70.0,70.0,82.44,70.0,47.43,47.43,,,,,38.94,36.95,36.95,35.18,35.18,36.95,50.68,58.29,45.39,46.02,36.95,36.95,36.95,36.95,48.0,38.51,,,,,,
2019-07-12 01:00:00+02:00,,37.89,,37.89,44.61,35.7,,36.99,,37.89,37.89,37.89,36.68,56.89,36.68,37.89,43.84,,56.99,46.0,43.23,,41.73,,,,46.0,70.2,,46.0,70.2,70.2,72.09,70.2,36.68,36.68,,,,,37.89,36.68,36.68,34.97,34.97,36.68,50.71,56.89,43.24,41.69,36.68,36.68,36.68,36.68,46.0,36.99,,,,,,
2019-07-12 02:00:00+02:00,,37.43,,35.99,35.79,35.0,,36.64,,37.43,37.43,37.43,36.19,53.05,36.19,35.0,42.78,,56.3,38.1,38.62,,40.72,,,,47.99,70.0,,43.69,70.0,70.0,70.0,70.0,36.19,36.19,,,,,37.38,36.19,36.19,34.91,34.91,36.19,50.94,53.05,38.64,38.66,36.19,36.19,36.19,36.19,38.1,36.64,,,,,,
2019-07-12 03:00:00+02:00,,37.33,,32.99,35.08,34.65,,36.0,,37.33,37.33,37.33,36.01,53.62,36.01,30.03,41.13,,56.3,38.1,37.53,,39.16,,,,47.99,60.0,,42.73,60.0,60.0,64.44,60.0,36.01,36.01,,,,,37.2,36.01,36.01,34.76,34.76,36.01,51.68,53.62,37.54,36.84,36.01,36.01,36.01,36.01,38.1,36.0,,,,,,
2019-07-12 04:00:00+02:00,,37.68,,31.18,36.64,34.31,,35.67,,37.68,37.68,37.68,35.54,53.11,35.54,26.81,38.89,,56.3,38.1,36.29,,37.02,,,,47.99,57.9,,43.61,57.9,57.9,57.9,57.9,35.54,35.54,,,,,37.45,35.54,35.54,34.72,34.72,35.54,51.76,53.11,36.3,37.72,35.54,35.54,35.54,35.54,38.1,35.67,,,,,,
2019-07-12 05:00:00+02:00,,37.83,,34.45,43.04,34.9,,37.2,,37.83,37.83,37.83,47.42,54.79,36.05,32.18,38.92,,56.24,43.63,40.86,,37.05,,,,47.99,57.9,,43.63,57.9,57.9,57.9,57.9,47.42,47.42,,,,,37.71,36.05,36.05,34.85,34.85,36.05,51.67,54.79,40.87,40.84,36.05,36.05,36.05,36.05,43.63,37.2,,,,,,
2019-07-12 06:00:00+02:00,,48.39,,40.59,50.12,40.46,,43.86,,48.39,48.39,48.39,57.36,54.79,44.6,35.95,41.73,,57.82,53.0,48.2,,39.73,,,,53.0,53.0,,53.0,53.0,53.0,70.0,53.0,57.36,57.36,,,,,42.97,36.2,36.2,35.16,35.16,36.2,57.52,54.79,48.21,47.79,36.2,36.2,36.2,47.23,53.0,43.86,,,,,,
2019-07-12 07:00:00+02:00,,53.91,,49.04,56.14,44.36,,50.02,,53.91,53.91,53.91,62.53,53.09,54.47,45.63,50.56,,58.45,59.1,55.11,,44.99,,,,59.1,59.1,,59.1,59.1,59.1,74.36,59.1,62.53,62.53,,,,,53.73,36.85,36.85,36.01,36.01,36.85,62.71,53.09,55.13,54.07,36.85,36.85,36.85,36.85,59.1,50.02,,,,,,
2019-07-12 08:00:00+02:00,,58.4,,55.08,53.23,45.64,,52.7,,58.4,58.4,58.4,73.77,56.89,54.78,52.77,56.63,,60.9,59.1,56.45,,55.22,,,,59.1,59.1,,59.1,59.1,59.1,82.44,59.1,73.77,73.77,,,,,58.3,37.26,37.26,36.25,36.25,37.26,73.98,56.89,56.46,59.0,37.26,37.26,37.26,37.26,59.1,52.7,,,,,,
2019-07-12 09:00:00+02:00,,56.77,,55.0,52.99,45.98,,51.7,,56.77,56.77,56.77,75.58,58.29,52.88,53.74,58.6,,58.6,59.15,57.16,,59.94,,,,59.15,59.15,,59.15,59.15,59.15,82.44,59.15,75.58,75.58,,,,,56.77,37.57,37.57,36.56,36.56,37.57,75.8,58.29,57.17,58.05,37.57,37.57,37.57,37.57,59.15,51.7,,,,,,
2019-07-12 10:00:00+02:00,,52.4,,52.4,52.97,45.54,,50.2,,52.4,52.4,52.4,75.58,58.39,49.89,52.4,57.91,,56.36,57.9,55.44,,59.23,,,,57.9,57.9,,57.9,57.9,57.9,74.36,57.9,75.58,75.58,,,,,52.4,37.98,37.98,36.56,36.56,37.98,75.8,58.39,55.46,57.29,37.98,37.98,37.98,37.98,57.9,50.2,,,,,,
2019-07-12 11:00:00+02:00,,50.97,,50.97,50.02,45.8,,50.22,,50.97,50.97,50.97,75.65,58.95,51.22,50.97,54.36,,55.48,57.9,58.05,,55.61,,,,57.9,57.9,,57.9,57.9,57.9,70.0,57.9,75.65,75.65,,,,,50.97,37.78,37.78,36.43,36.43,37.78,75.86,58.39,58.07,58.45,37.78,37.78,37.78,37.78,57.9,50.22,,,,,,
2019-07-12 12:00:00+02:00,,44.54,,44.54,51.95,44.14,,47.71,,44.54,44.54,44.54,75.65,59.96,50.35,44.54,52.25,,56.37,60.05,59.9,,53.45,,,,51.0,51.0,,51.0,51.0,51.0,51.44,51.0,75.65,75.65,,,,,44.54,37.73,37.73,36.26,36.26,37.73,75.87,58.81,59.92,57.98,37.73,37.73,37.73,37.73,52.7,47.71,,,,,,
2019-07-12 13:00:00+02:00,,41.73,,41.73,61.36,43.04,,44.1,,41.73,41.73,41.73,75.54,60.1,49.0,41.73,49.71,,57.93,60.06,59.15,,52.08,,,,50.04,50.04,,50.04,50.04,50.04,50.04,50.04,75.54,75.54,,,,,41.73,37.4,37.4,36.06,36.06,37.4,75.76,58.39,59.17,57.05,37.4,37.4,37.4,37.4,52.7,44.1,,,,,,
2019-07-12 14:00:00+02:00,,40.73,,40.73,61.39,41.01,,43.2,,40.73,40.73,40.73,73.77,58.81,47.17,40.73,42.05,,56.36,52.7,58.73,,44.06,,,,52.7,52.7,,52.7,52.7,52.7,52.7,52.7,73.77,73.77,,,,,40.73,37.07,37.07,35.94,35.94,37.07,73.99,58.81,58.74,57.55,37.07,37.07,37.07,37.07,52.7,43.2,,,,,,
2019-07-12 15:00:00+02:00,,38.0,,38.0,58.07,39.88,,43.67,,38.0,38.0,38.0,71.47,58.31,45.91,38.0,39.59,,56.36,56.18,56.02,,41.48,,,,56.18,56.18,,56.18,56.18,56.18,56.18,56.18,71.47,71.47,,,,,38.0,36.58,36.58,35.88,35.88,36.58,71.68,58.31,56.04,56.98,36.58,36.58,36.58,36.58,56.18,43.67,,,,,,
2019-07-12 16:00:00+02:00,,38.64,,38.64,52.65,40.2,,44.0,,38.64,38.64,38.64,62.3,58.29,50.06,38.64,39.89,,58.05,62.09,56.47,,41.79,,,,62.09,62.09,,62.09,62.09,62.09,66.18,62.09,62.3,62.3,,,,,38.64,36.47,36.47,35.65,35.65,36.47,62.49,58.29,56.49,57.05,36.47,36.47,36.47,36.47,62.09,44.0,,,,,,
2019-07-12 17:00:00+02:00,,41.91,,40.64,52.65,41.92,,45.0,,41.91,41.91,41.91,61.87,58.31,49.44,39.73,43.24,,58.54,57.0,59.39,,45.31,,,,57.0,57.0,,57.0,57.0,57.0,74.36,57.0,61.87,61.87,,,,,41.89,36.57,36.57,35.52,35.52,36.57,62.05,58.31,59.41,58.01,36.57,36.57,36.57,36.57,57.0,45.0,,,,,,
2019-07-12 18:00:00+02:00,,50.9,,45.06,51.29,43.2,,48.3,,50.9,50.9,50.9,61.62,58.29,50.04,40.93,52.44,,58.54,58.0,59.61,,54.96,,,,58.0,58.0,,58.0,58.0,58.0,82.44,58.0,61.62,61.62,,,,,50.81,36.37,36.37,35.55,35.55,36.37,61.81,58.29,59.63,58.06,36.37,36.37,36.37,36.37,58.0,48.3,,,,,,
2019-07-12 19:00:00+02:00,,53.94,,47.53,54.93,43.92,,50.29,,53.94,53.94,53.94,63.24,58.29,48.28,43.02,57.1,,56.48,59.1,59.96,,58.42,,,,59.1,59.1,,59.1,59.1,59.1,82.44,59.1,63.24,63.24,,,,,53.84,36.21,36.21,35.47,35.47,36.21,63.43,58.29,59.97,58.95,36.21,36.21,36.21,36.21,59.1,50.29,,,,,,
2019-07-12 20:00:00+02:00,,53.92,,45.47,60.95,42.81,,49.6,,53.92,53.92,53.92,61.18,58.28,37.68,39.49,60.24,,56.9,58.5,59.91,,61.62,,,,58.5,58.5,,58.5,58.5,58.5,82.44,58.5,61.18,61.18,,,,,53.81,36.55,36.55,35.23,35.23,36.55,61.36,58.28,59.92,58.97,36.55,36.55,36.55,36.55,58.5,49.6,,,,,,
2019-07-12 21:00:00+02:00,,48.31,,42.08,58.75,41.72,,47.0,,48.31,48.31,48.31,36.7,57.89,36.7,37.65,53.42,,55.48,57.9,58.73,,54.65,,,,57.9,57.9,,57.9,57.9,57.9,82.44,57.9,36.7,36.7,,,,,48.21,36.7,36.7,35.19,35.19,36.7,56.38,57.89,58.74,57.03,36.7,36.7,36.7,36.7,57.9,47.0,,,,,,
2019-07-12 22:00:00+02:00,,43.88,,43.88,54.13,43.75,,45.8,,43.88,43.88,43.88,36.26,57.08,36.26,43.88,52.42,,57.92,53.1,55.01,,53.63,,,,54.51,54.51,,53.1,54.51,54.51,82.44,54.51,36.26,36.26,,,,,43.88,36.26,36.26,35.17,35.17,36.26,58.11,57.08,55.03,54.01,36.26,36.26,36.26,36.26,53.1,45.8,,,,,,
2019-07-12 23:00:00+02:00,,41.42,,41.42,46.14,39.89,,40.79,,41.42,41.42,41.42,35.64,56.51,35.64,41.42,43.76,,56.35,46.0,47.57,,44.77,,,,47.23,47.23,,46.0,47.23,47.23,70.0,47.23,35.64,35.64,,,,,41.42,35.64,35.64,35.32,35.32,35.64,54.07,56.51,47.58,47.6,35.64,35.64,35.64,35.64,46.0,40.79,,,,,,
2019-07-13 00:00:00+02:00,,41.05,,41.05,46.14,38.46,,41.3,,41.05,41.05,41.05,37.65,58.21,37.65,41.05,53.46,,61.31,51.15,52.39,,51.09,,,,51.15,51.15,,51.15,51.15,51.15,77.23,51.15,37.65,37.65,,,,,41.05,37.65,37.65,37.65,37.65,37.65,49.0,58.21,52.4,46.53,37.65,37.65,37.65,37.65,51.15,41.3,,,,,,
2019-07-13 01:00:00+02:00,,38.38,,38.38,46.14,36.85,,36.19,,38.38,38.38,38.38,37.15,57.01,37.15,38.38,47.32,,61.4,49.67,47.59,,46.23,,,,57.29,61.55,,49.67,61.55,57.29,61.55,61.55,37.15,37.15,,,,,38.38,37.15,37.15,37.15,37.15,37.15,46.75,57.01,47.6,42.66,37.15,37.15,37.15,37.15,49.67,36.19,,,,,,
2019-07-13 02:00:00+02:00,,36.87,,36.87,46.14,35.57,,34.1,,36.87,36.87,36.87,36.48,53.0,36.48,36.87,42.74,,61.43,44.0,41.38,,41.76,,,,44.0,56.21,,44.0,56.21,56.21,59.23,56.21,36.48,36.48,,,,,36.87,36.48,36.48,36.48,36.48,36.48,47.1,53.0,41.39,37.98,36.48,36.48,36.48,36.48,44.0,34.1,,,,,,
2019-07-13 03:00:00+02:00,,36.12,,35.15,46.14,34.41,,33.46,,36.12,36.12,36.12,36.12,50.33,36.12,34.34,42.31,,60.0,46.0,40.37,,41.33,,,,51.0,56.21,,46.0,56.21,56.21,56.21,56.21,36.12,36.12,,,,,36.14,36.12,36.12,36.12,36.12,36.12,47.8,50.33,40.38,36.74,36.12,36.12,36.12,36.12,46.0,33.46,,,,,,
2019-07-13 04:00:00+02:00,,37.02,,32.55,46.14,34.22,,33.36,,37.02,37.02,37.02,36.13,48.0,36.13,28.75,41.73,,58.54,43.0,38.11,,40.77,,,,44.0,50.0,,44.0,50.0,50.0,50.0,50.0,36.13,36.13,,,,,37.08,36.17,36.17,36.13,36.13,36.17,46.94,48.0,38.12,35.0,36.13,36.13,36.13,36.13,43.0,33.36,,,,,,
2019-07-13 05:00:00+02:00,,35.36,,33.45,46.14,33.76,,33.03,,35.36,35.36,35.36,35.36,48.8,35.36,31.84,41.67,,56.3,39.93,35.91,,41.13,,,,41.0,44.52,,41.0,44.52,44.52,56.0,44.52,35.36,35.36,,,,,35.38,35.36,35.36,35.36,35.36,35.36,48.18,48.8,35.92,35.24,35.36,35.36,35.36,35.36,39.93,33.03,,,,,,
2019-07-13 06:00:00+02:00,,36.1,,35.41,46.14,34.6,,33.85,,36.1,36.1,36.1,36.07,46.62,36.07,34.83,41.49,,56.05,43.32,44.36,,40.95,,,,43.32,43.32,,43.32,43.32,43.32,45.23,43.32,36.07,36.07,,,,,36.1,36.07,36.07,36.07,36.07,36.07,52.0,46.62,44.37,42.44,36.07,36.07,36.07,36.07,43.32,33.85,,,,,,
2019-07-13 07:00:00+02:00,,37.78,,36.06,46.14,36.02,,35.9,,37.78,37.78,37.78,36.58,46.6,36.58,34.61,42.3,,55.68,47.31,53.23,,41.33,,,,47.31,47.31,,47.31,47.31,47.31,59.23,47.31,36.58,36.58,,,,,37.79,36.58,36.58,36.28,36.28,36.58,50.53,46.6,53.25,46.6,36.58,36.58,36.58,36.58,47.31,35.9,,,,,,
2019-07-13 08:00:00+02:00,,38.46,,37.76,46.14,37.73,,38.12,,38.46,38.46,38.46,49.23,48.03,39.82,37.17,42.3,,55.84,55.66,54.59,,42.42,,,,48.0,48.0,,48.0,48.0,48.0,59.23,48.0,49.23,49.23,,,,,38.46,37.23,37.23,35.41,35.41,37.23,54.43,48.03,54.61,47.76,37.23,37.23,37.23,37.23,48.0,38.12,,,,,,
2019-07-13 09:00:00+02:00,,39.83,,39.83,46.14,37.52,,39.53,,39.83,39.83,39.83,49.29,51.44,39.08,39.83,48.98,,56.07,61.06,56.95,,51.13,,,,48.0,48.0,,48.0,48.0,48.0,50.0,48.0,49.29,49.29,,,,,39.83,38.37,38.37,36.2,36.2,38.37,58.96,51.44,56.96,48.55,38.37,38.37,38.37,38.87,48.0,39.53,,,,,,
2019-07-13 10:00:00+02:00,,39.82,,39.82,46.14,37.55,,39.57,,39.82,39.82,39.82,49.26,54.84,38.91,39.82,59.98,,56.31,62.08,57.61,,62.97,,,,45.25,45.25,,45.25,45.25,45.25,45.25,45.25,49.26,49.26,,,,,39.82,38.54,38.54,37.06,37.06,38.54,61.11,54.84,57.62,47.61,38.54,38.54,38.54,38.86,45.25,39.57,,,,,,
2019-07-13 11:00:00+02:00,,39.0,,39.0,46.14,37.25,,39.2,,39.0,39.0,39.0,49.23,55.41,37.94,39.0,60.11,,56.34,62.57,52.6,,63.11,,,,42.18,42.18,,42.18,42.18,42.18,42.18,42.18,49.23,49.23,,,,,39.0,37.92,37.92,37.04,37.04,37.92,60.67,55.41,52.61,45.31,37.92,37.92,37.92,38.06,42.18,39.2,,,,,,
2019-07-13 12:00:00+02:00,,37.87,,37.87,46.14,36.38,,36.99,,37.87,37.87,36.87,49.24,55.5,37.95,37.87,59.78,,56.36,62.03,50.09,,62.76,,,,41.29,41.29,,41.29,41.29,41.29,41.29,41.29,49.24,49.24,,,,,37.87,36.83,36.83,36.82,36.82,36.83,61.11,55.5,50.1,44.02,36.83,36.83,36.83,36.83,41.29,36.99,,,,,,
2019-07-13 13:00:00+02:00,,34.7,,34.7,46.14,35.48,,34.92,,34.7,34.7,35.7,49.25,55.01,35.7,34.7,56.0,,55.38,65.09,50.03,,58.79,,,,40.0,40.0,,40.0,40.0,40.0,40.0,40.0,49.25,49.25,,,,,34.7,35.7,35.7,35.7,35.7,35.7,58.8,55.01,50.04,41.05,35.7,35.7,35.7,35.7,40.0,34.92,,,,,,
2019-07-13 14:00:00+02:00,,33.94,,33.94,46.14,34.09,,32.88,,33.94,33.94,35.06,49.24,53.09,37.13,33.94,45.75,,45.0,47.06,45.99,,48.03,,,,39.79,39.79,,39.79,39.79,39.79,39.79,39.79,49.24,49.24,,,,,33.94,35.06,35.06,35.06,35.06,35.06,54.56,53.09,46.0,40.75,35.06,35.06,35.06,35.06,39.79,32.88,,,,,,
2019-07-13 15:00:00+02:00,,33.51,,33.51,46.14,33.72,,32.5,,33.51,34.62,34.62,49.24,50.61,39.06,33.51,42.3,,49.0,39.91,45.95,,44.41,,,,39.91,39.91,,39.91,39.91,39.91,39.91,39.91,49.24,49.24,,,,,33.51,34.62,34.62,34.62,34.62,34.62,55.65,50.61,45.96,40.54,34.62,34.62,34.62,34.62,39.91,32.5,,,,,,
2019-07-13 16:00:00+02:00,,33.56,,33.56,46.14,34.37,,33.14,,33.56,34.23,34.67,37.9,48.53,37.9,33.56,41.43,,56.11,40.16,46.22,,43.49,,,,40.16,40.16,,40.16,40.16,40.16,40.16,40.16,37.9,37.9,,,,,33.56,34.67,34.67,34.67,34.67,34.67,54.6,48.53,46.23,41.05,34.67,34.67,34.67,34.67,40.16,33.14,,,,,,
2019-07-13 17:00:00+02:00,,34.71,,34.71,46.14,34.81,,34.58,,34.71,34.71,35.56,40.06,47.41,40.06,34.71,42.3,,55.38,42.14,45.09,,44.41,,,,42.14,42.14,,42.14,42.14,42.14,42.14,42.14,40.06,40.06,,,,,34.71,35.56,35.56,35.56,35.56,35.56,53.34,47.41,45.1,43.1,35.56,35.56,35.56,35.56,42.14,34.58,,,,,,
2019-07-13 18:00:00+02:00,,36.91,,36.91,46.14,36.66,,37.0,,36.91,36.91,36.52,42.87,47.11,42.87,36.91,53.29,,55.38,44.52,43.5,,55.94,,,,44.52,44.52,,44.52,44.52,44.52,80.73,44.52,42.87,42.87,,,,,36.91,36.52,36.52,36.52,36.52,36.52,53.3,47.11,43.51,45.21,36.52,36.52,36.52,36.52,44.52,37.0,,,,,,
2019-07-13 19:00:00+02:00,,37.98,,37.98,46.14,38.06,,40.13,,37.98,37.98,37.98,46.07,48.59,43.21,37.98,56.09,,52.9,48.75,46.75,,58.89,,,,48.75,48.75,,48.75,48.75,48.75,65.0,48.75,46.07,46.07,,,,,37.98,37.07,37.07,37.07,37.07,37.07,53.25,48.59,46.76,48.8,37.07,37.07,37.07,37.07,48.75,40.13,,,,,,
2019-07-13 20:00:00+02:00,,37.79,,37.79,46.14,37.77,,40.1,,37.79,37.79,37.79,36.92,51.35,36.92,37.79,57.76,,55.68,48.0,52.6,,60.0,,,,48.0,56.21,,48.0,56.21,56.21,80.73,56.21,36.92,36.92,,,,,37.79,36.92,36.92,36.92,36.92,36.92,53.28,51.35,52.61,50.08,36.92,36.92,36.92,36.92,48.0,40.1,,,,,,
2019-07-13 21:00:00+02:00,,37.72,,37.72,46.14,37.04,,38.71,,37.72,37.72,37.72,36.82,52.49,36.82,37.72,54.57,,52.98,51.0,52.66,,55.94,,,,51.0,56.21,,51.0,56.21,56.21,80.73,56.21,36.82,36.82,,,,,37.72,36.82,36.82,36.82,36.82,36.82,53.21,52.49,52.67,50.06,36.82,36.82,36.82,36.82,51.0,38.71,,,,,,
2019-07-13 22:00:00+02:00,,41.2,,41.2,46.14,38.47,,39.65,,41.2,41.2,41.2,37.28,52.96,37.28,41.2,53.79,,51.44,46.83,45.14,,55.15,,,,46.83,46.83,,46.83,46.83,46.83,65.0,46.83,37.28,37.28,,,,,41.2,37.28,37.28,37.28,37.28,37.28,51.71,52.96,45.15,45.53,37.28,37.28,37.28,37.28,46.83,39.65,,,,,,
2019-07-13 23:00:00+02:00,,38.17,,38.17,46.14,36.28,,37.03,,38.17,38.17,38.17,36.95,50.53,36.95,38.17,48.97,,56.35,42.72,40.11,,50.2,,,,42.72,42.72,,42.72,42.72,42.72,59.23,42.72,36.95,36.95,,,,,38.17,36.95,36.95,36.95,36.95,36.95,39.57,50.53,40.12,40.26,36.95,36.95,36.95,36.95,42.72,37.03,,,,,,
2019-07-14 00:00:00+02:00,,35.85,,35.85,46.61,35.43,,38.0,,35.85,35.85,35.85,35.85,54.41,35.85,35.85,53.4,,49.0,40.49,42.02,,50.95,,,,40.49,44.53,,40.49,44.53,44.53,59.23,44.53,35.85,35.85,,,,,35.85,37.99,37.99,35.85,35.85,37.99,36.15,54.41,42.01,43.5,35.85,35.85,35.85,35.85,40.49,38.0,,,,,,
2019-07-14 01:00:00+02:00,,35.04,,35.04,45.61,34.42,,35.89,,35.04,35.04,35.04,35.04,49.99,35.04,35.04,52.0,,49.0,38.49,39.16,,50.82,,,,41.29,42.06,,38.49,42.06,42.06,50.0,42.06,35.04,35.04,,,,,35.04,36.42,36.42,35.04,35.04,36.42,35.33,49.99,39.15,38.34,35.04,35.04,35.04,35.04,38.49,35.89,,,,,,
2019-07-14 02:00:00+02:00,,33.77,,33.77,35.03,32.98,,34.88,,33.77,33.77,34.05,34.05,47.8,34.05,33.77,46.68,,44.0,38.11,34.88,,45.62,,,,40.29,41.0,,38.11,41.0,41.0,41.0,41.0,34.05,34.05,,,,,33.77,34.89,34.89,34.05,34.05,34.89,34.33,47.8,34.87,30.83,34.05,34.05,34.05,34.05,38.11,34.88,,,,,,
2019-07-14 03:00:00+02:00,,32.69,,32.69,35.05,31.57,,32.51,,32.69,32.69,33.77,33.77,45.63,33.77,32.69,44.56,,55.09,37.81,32.51,,43.55,,,,39.29,39.29,,37.81,39.29,39.29,39.29,39.29,33.77,33.77,,,,,32.69,33.77,33.77,33.77,33.77,33.77,34.05,45.63,32.5,27.24,33.77,33.77,33.77,33.77,37.81,32.51,,,,,,
2019-07-14 04:00:00+02:00,,32.15,,32.15,37.61,31.73,,33.0,,32.15,33.21,33.21,33.21,43.0,33.21,32.15,42.8,,55.09,37.17,33.0,,43.11,,,,37.17,37.17,,37.17,37.17,37.17,37.17,37.17,33.21,33.21,,,,,32.15,33.21,33.21,33.21,33.21,33.21,34.07,43.0,32.99,26.04,33.21,33.21,33.21,33.21,37.17,33.0,,,,,,
2019-07-14 05:00:00+02:00,,32.14,,32.14,29.68,30.81,,32.55,,32.14,33.2,33.2,33.2,44.57,33.2,32.14,41.19,,43.9,36.98,32.55,,42.23,,,,36.98,36.98,,36.98,36.98,36.98,36.98,36.98,33.2,33.2,,,,,32.14,33.2,33.2,33.2,33.2,33.2,33.95,44.57,32.54,24.35,33.2,33.2,33.2,33.2,36.98,32.55,,,,,,
2019-07-14 06:00:00+02:00,,32.29,,29.14,29.0,30.1,,32.0,,32.29,33.87,33.87,33.87,45.77,33.87,26.62,38.95,,42.9,35.21,32.0,,39.93,,,,35.21,35.21,,35.21,35.21,35.21,35.21,35.21,33.87,33.87,,,,,32.31,33.87,33.87,33.87,33.87,33.87,34.16,45.77,31.99,29.03,33.87,33.87,33.87,33.87,35.21,32.0,,,,,,
2019-07-14 07:00:00+02:00,,33.92,,20.64,31.63,30.14,,32.0,,33.92,34.76,34.76,34.76,45.63,34.76,26.94,39.18,,56.08,33.92,32.0,,40.0,,,,36.87,36.87,,36.87,36.87,36.87,36.87,36.87,34.76,34.76,,,,,36.41,34.76,34.76,34.76,34.76,34.76,35.05,45.63,31.99,31.95,34.76,34.76,34.76,34.76,33.92,32.0,,,,,,
2019-07-14 08:00:00+02:00,,35.46,,30.0,32.2,30.82,,33.4,,35.46,36.33,36.33,36.33,47.91,36.33,30.67,39.11,,56.22,35.49,33.4,,40.25,,,,35.49,35.49,,35.49,35.49,35.49,35.49,35.49,36.33,36.33,,,,,37.24,36.33,36.33,36.33,36.33,36.33,36.64,47.91,33.39,33.18,36.33,36.33,36.33,36.33,35.49,33.4,,,,,,
2019-07-14 09:00:00+02:00,,36.92,,34.06,33.91,32.04,,34.8,,36.92,36.92,36.92,42.08,48.34,36.92,34.06,42.29,,56.12,36.92,34.8,,44.41,,,,36.92,36.92,,36.92,36.92,36.92,36.92,36.92,42.08,42.08,,,,,38.0,36.92,36.92,36.92,36.92,36.92,42.44,48.34,34.79,35.99,36.92,36.92,36.92,36.92,36.92,34.8,,,,,,
2019-07-14 10:00:00+02:00,,37.0,,32.72,41.07,33.31,,36.0,,37.0,37.44,37.44,49.11,48.12,37.44,32.72,50.97,,56.3,37.0,36.0,,53.53,,,,37.0,37.0,,37.0,37.0,37.0,37.0,37.0,49.11,49.11,,,,,38.68,37.44,37.44,37.44,37.44,37.44,49.52,48.12,35.99,35.98,37.44,37.44,37.44,37.44,37.0,36.0,,,,,,
2019-07-14 11:00:00+02:00,,37.16,,30.2,40.03,33.5,,36.5,,37.16,37.94,37.94,49.14,48.48,37.94,30.2,56.76,,56.3,37.16,36.5,,59.6,,,,37.16,37.16,,37.16,37.16,37.16,37.16,37.16,49.14,49.14,,,,,40.0,37.94,37.94,37.94,37.94,37.94,49.56,48.48,36.49,36.96,37.94,37.94,37.94,37.94,37.16,36.5,,,,,,
2019-07-14 12:00:00+02:00,,36.43,,36.43,39.84,32.08,,33.81,,36.43,37.23,37.23,49.12,49.62,37.23,36.43,58.76,,55.68,36.43,33.81,,61.7,,,,36.43,36.43,,36.43,36.43,36.43,36.43,36.43,49.12,49.12,,,,,36.43,37.23,37.23,37.23,37.23,37.23,49.54,49.62,33.8,37.14,37.23,37.23,37.23,37.23,36.43,33.81,,,,,,
2019-07-14 13:00:00+02:00,,34.04,,34.04,34.08,29.67,,32.38,,34.04,36.13,36.13,46.63,50.3,36.13,34.04,61.21,,55.48,34.04,32.38,,64.28,,,,34.04,34.04,,34.04,34.04,34.04,34.04,34.04,46.63,46.63,,,,,34.04,36.13,36.13,36.13,36.13,36.13,47.03,50.3,32.37,36.08,36.13,36.13,36.13,36.13,34.04,32.38,,,,,,
2019-07-14 14:00:00+02:00,,32.14,,21.7,34.56,27.74,,30.75,,32.14,35.36,35.36,42.08,50.0,35.36,27.7,48.56,,49.0,34.09,34.14,,51.0,,,,34.09,34.09,,34.09,34.09,34.09,34.09,34.09,42.08,42.08,,,,,33.71,35.36,35.36,35.36,35.36,35.36,42.44,50.0,34.13,35.62,35.36,35.36,35.36,35.36,34.09,30.75,,,,,,
2019-07-14 15:00:00+02:00,,32.04,,32.04,34.59,26.89,,31.29,,32.04,35.09,35.09,35.27,48.36,35.27,32.04,42.29,,55.68,36.91,38.05,,45.51,,,,36.91,36.91,,36.91,36.91,36.91,36.91,36.91,35.27,35.27,,,,,32.04,35.09,35.09,35.09,35.09,35.09,35.57,48.36,38.04,37.14,35.09,35.09,35.09,35.09,36.91,31.29,,,,,,
2019-07-14 16:00:00+02:00,,32.17,,20.0,45.08,29.33,,32.3,,32.17,35.31,35.31,35.31,47.4,35.31,26.96,42.29,,54.9,38.2,41.04,,44.41,,,,38.2,38.2,,38.2,38.2,38.2,38.2,38.2,35.31,35.31,,,,,34.01,35.31,35.31,35.31,35.31,35.31,35.62,47.4,41.02,38.58,35.31,35.31,35.31,35.31,38.2,32.3,,,,,,
2019-07-14 17:00:00+02:00,,34.94,,12.47,51.08,33.26,,34.12,,34.94,34.94,36.58,36.58,45.63,36.58,25.58,46.6,,54.88,40.55,45.0,,48.94,,,,40.55,40.55,,40.55,40.55,40.55,40.55,40.55,36.58,36.58,,,,,37.97,36.58,36.58,36.58,36.58,36.58,36.9,45.63,44.99,41.05,36.58,36.58,36.58,36.58,40.55,34.12,,,,,,
2019-07-14 18:00:00+02:00,,37.84,,33.01,57.06,36.43,,39.15,,37.84,37.84,37.84,37.84,45.78,37.84,33.01,52.61,,54.88,40.99,48.26,,55.25,,,,40.99,50.15,,40.99,50.15,50.15,59.23,50.15,37.84,37.84,,,,,39.37,37.84,37.84,37.84,37.84,37.84,38.17,45.78,48.25,45.08,37.84,37.84,37.84,37.84,40.99,39.15,,,,,,
2019-07-14 19:00:00+02:00,,38.97,,41.39,55.68,37.58,,41.06,,38.97,38.97,38.97,49.11,47.4,38.29,35.17,58.74,,56.2,44.25,55.14,,61.7,,,,44.25,61.07,,44.25,61.07,61.07,63.0,61.07,49.11,49.11,,,,,40.96,38.29,38.29,38.29,38.29,38.29,49.54,47.4,55.13,50.1,38.29,38.29,38.29,38.29,44.25,41.06,,,,,,
2019-07-14 20:00:00+02:00,,39.91,,41.94,61.28,37.66,,42.3,,39.91,39.91,39.91,43.29,49.62,38.95,38.29,60.3,,56.44,45.0,67.42,,63.34,,,,45.0,61.78,,45.0,61.78,61.78,112.31,61.78,43.29,43.29,,,,,40.85,38.95,38.95,38.6,38.6,38.95,43.67,49.62,67.4,57.33,38.95,38.95,38.95,38.95,45.0,42.3,,,,,,
2019-07-14 21:00:00+02:00,,39.05,,40.5,56.65,38.56,,43.26,,39.05,38.45,38.45,38.45,55.82,38.45,37.97,58.74,,55.78,62.04,69.05,,61.7,,,,45.0,62.24,,45.0,62.24,62.24,112.31,62.24,38.45,38.45,,,,,39.72,38.45,38.45,38.45,38.45,38.45,38.78,55.82,69.02,58.49,38.45,38.45,38.45,38.45,45.0,43.26,,,,,,
2019-07-14 22:00:00+02:00,,43.72,,43.72,47.49,39.93,,45.29,,43.72,38.61,38.61,38.61,58.31,38.61,43.72,57.3,,56.17,45.0,56.01,,58.76,,,,45.0,62.24,,45.0,62.24,62.24,74.23,62.24,38.61,38.61,,,,,43.72,38.61,38.61,38.61,38.61,38.61,38.95,58.31,55.99,50.93,38.61,38.61,38.61,38.61,45.0,45.29,,,,,,
2019-07-14 23:00:00+02:00,,39.11,,39.11,53.0,36.36,,39.31,,39.11,37.86,37.86,37.42,55.5,37.42,39.11,51.18,,58.58,40.49,46.82,,52.48,,,,40.49,61.78,,40.49,61.78,61.78,63.0,61.78,37.42,37.42,,,,,39.11,37.86,37.86,37.42,37.42,37.86,37.75,55.5,46.8,46.72,37.42,37.42,37.42,37.42,40.49,39.31,,,,,,
2019-07-15 00:00:00+02:00,,37.8,,37.8,49.11,35.61,,37.4,,37.8,37.68,37.68,36.97,56.89,36.97,37.8,48.96,,58.63,44.94,44.12,,50.2,,,,44.94,56.32,,44.94,56.32,56.32,68.0,56.32,36.97,36.97,,,,,37.8,37.6,37.6,36.97,36.97,37.6,55.19,56.89,44.1,42.97,36.97,36.97,36.97,36.97,44.94,37.4,,,,,,
2019-07-15 01:00:00+02:00,,36.58,,33.5,43.13,34.54,,35.45,,36.58,36.58,36.58,36.58,49.96,36.58,31.15,42.77,,58.53,38.89,38.08,,43.87,,,,44.01,56.32,,38.89,56.32,56.32,56.32,56.32,36.58,36.58,,,,,36.47,36.67,36.67,36.58,36.58,36.67,51.85,49.96,38.06,36.75,36.58,36.58,36.58,36.58,38.89,35.45,,,,,,
2019-07-15 02:00:00+02:00,,36.45,,33.7,39.92,33.6,,34.4,,36.45,36.45,36.45,36.45,44.0,36.45,31.61,42.7,,55.94,36.97,36.71,,43.8,,,,42.01,56.07,,36.97,56.07,56.07,56.07,56.07,36.45,36.45,,,,,36.36,36.45,36.45,36.45,36.45,36.45,50.66,44.0,36.7,34.0,36.45,36.45,36.45,36.45,36.97,34.4,,,,,,
2019-07-15 03:00:00+02:00,,35.16,,29.93,39.21,33.48,,34.7,,35.16,35.16,35.16,35.16,43.0,35.16,25.98,42.24,,56.3,36.0,35.96,,43.33,,,,42.01,56.07,,36.0,56.07,56.07,56.07,56.07,35.16,35.16,,,,,34.91,35.16,35.16,35.16,35.16,35.16,50.67,43.0,35.95,33.01,35.16,35.16,35.16,35.16,36.0,34.7,,,,,,
2019-07-15 04:00:00+02:00,,34.93,,30.2,39.29,33.19,,35.0,,34.93,34.93,34.93,34.93,42.89,34.93,26.65,41.14,,56.3,36.01,36.06,,42.21,,,,42.01,52.69,,36.01,52.69,52.69,52.69,52.69,34.93,34.93,,,,,34.73,34.93,34.93,34.93,34.93,34.93,50.67,42.89,36.05,33.05,34.93,34.93,34.93,34.93,36.01,35.0,,,,,,
2019-07-15 05:00:00+02:00,,36.84,,34.7,34.79,35.02,,35.43,,36.84,36.84,36.84,36.84,46.0,36.84,33.08,40.02,,58.53,37.78,39.07,,41.07,,,,42.01,52.69,,37.78,52.69,52.69,52.69,52.69,36.84,36.84,,,,,36.75,36.84,36.84,36.84,36.84,36.84,50.67,46.0,39.06,35.05,36.84,36.84,36.84,36.84,37.78,35.43,,,,,,
2019-07-15 06:00:00+02:00,,44.91,,38.23,50.11,38.97,,42.2,,44.91,39.36,39.36,50.85,50.5,50.85,33.15,43.35,,58.48,47.25,55.78,,44.23,,,,47.25,47.25,,47.25,47.25,47.25,47.25,47.25,50.85,50.85,,,,,44.4,39.36,39.36,39.36,35.73,39.36,56.33,50.5,55.77,45.92,39.36,39.36,39.36,39.36,47.25,42.2,,,,,,
2019-07-15 07:00:00+02:00,,49.38,,47.31,61.36,43.56,,51.0,,50.02,48.82,48.82,60.73,52.44,60.73,45.23,50.01,,66.17,49.38,59.96,,45.45,,,,48.34,48.34,,48.34,48.34,48.34,48.34,48.34,60.73,60.73,,,,,49.78,39.33,39.33,39.33,36.18,39.33,61.29,52.44,62.75,59.79,39.33,39.33,39.33,48.82,49.38,51.0,,,,,,
2019-07-15 08:00:00+02:00,,50.06,,50.06,66.49,46.01,,52.2,,50.06,48.86,48.86,64.23,55.02,64.23,50.06,51.25,,69.51,56.32,59.5,,58.53,,,,56.32,56.32,,56.32,56.32,56.32,56.32,56.32,64.23,64.23,,,,,50.06,39.1,39.1,39.1,36.4,39.1,64.83,55.02,65.39,59.93,39.1,39.1,39.1,48.86,56.32,52.2,,,,,,
2019-07-15 09:00:00+02:00,,47.94,,47.94,61.38,45.33,,48.0,,47.94,46.79,46.79,70.07,55.17,70.07,47.94,57.32,,66.14,61.09,59.98,,105.39,,,,61.09,61.09,,61.09,61.09,61.09,61.09,61.09,70.07,70.07,,,,,47.94,38.87,38.87,38.87,36.59,38.87,70.73,55.17,62.87,59.91,38.87,38.87,38.87,46.79,61.09,48.0,,,,,,
2019-07-15 10:00:00+02:00,,46.2,,46.2,61.39,43.94,,45.49,,46.2,46.2,46.2,71.15,55.0,71.15,46.2,61.52,,66.18,58.0,59.95,,104.24,,,,58.0,58.0,,58.0,58.0,58.0,58.0,58.0,71.15,71.15,,,,,46.2,39.08,39.08,39.08,36.71,39.08,71.82,55.0,62.89,59.92,39.08,39.08,39.08,45.09,58.0,45.49,,,,,,
2019-07-15 11:00:00+02:00,,45.3,,45.3,53.19,43.37,,47.5,,45.3,44.21,44.21,71.11,55.9,71.11,45.3,57.28,,69.53,57.1,60.08,,98.0,,,,57.1,57.1,,57.1,57.1,57.1,57.1,57.1,71.11,71.11,,,,,45.3,39.16,39.16,39.16,36.78,39.16,71.78,55.9,62.76,61.89,39.16,39.16,39.16,44.21,57.1,47.5,,,,,,
2019-07-15 12:00:00+02:00,,44.0,,44.0,66.47,43.13,,45.22,,44.0,39.02,39.02,71.42,57.21,71.42,44.0,55.51,,69.51,52.79,62.77,,97.0,,,,52.79,52.79,,52.79,52.79,52.79,52.79,52.79,71.42,71.42,,,,,44.0,39.02,39.02,39.02,36.68,39.02,72.1,57.21,62.76,63.97,39.02,39.02,39.02,39.02,52.79,45.22,,,,,,
2019-07-15 13:00:00+02:00,,41.0,,41.0,66.5,40.87,,42.26,,41.0,39.0,39.0,70.05,57.31,60.09,41.0,53.28,,66.18,54.03,61.6,,110.0,,,,54.03,54.03,,54.03,54.03,54.03,54.03,54.03,70.05,70.05,,,,,41.0,39.0,39.0,39.0,36.61,39.0,70.73,57.31,62.76,60.61,39.0,39.0,39.0,39.0,54.03,42.26,,,,,,
2019-07-15 14:00:00+02:00,,38.61,,38.75,66.51,38.99,,40.0,,38.56,37.93,37.93,65.62,55.82,60.1,38.69,44.4,,66.17,57.26,58.54,,80.78,,,,57.26,57.26,,57.26,57.26,57.26,57.26,57.26,65.62,65.62,,,,,39.19,37.93,37.93,37.93,36.61,37.93,66.25,55.82,58.53,60.58,37.93,37.93,37.93,37.93,57.26,40.0,,,,,,
2019-07-15 15:00:00+02:00,,37.86,,38.15,66.48,38.58,,40.31,,37.78,37.78,37.78,65.0,54.49,65.0,38.03,42.52,,63.47,56.8,60.17,,65.5,,,,56.8,56.8,,56.8,56.8,56.8,56.8,56.8,65.0,65.0,,,,,39.03,37.78,37.78,37.78,36.56,37.78,65.63,54.49,60.16,58.22,37.78,37.78,37.78,37.78,56.8,40.31,,,,,,
2019-07-15 16:00:00+02:00,,37.35,,37.64,66.5,38.32,,62.0,,37.26,37.26,37.26,69.29,53.99,69.29,37.52,46.71,,64.09,59.57,62.0,,65.12,,,,59.57,59.57,,59.57,59.57,58.86,60.45,59.57,69.29,69.29,,,,,38.49,37.26,37.26,37.26,36.46,37.26,69.97,53.99,61.99,58.71,37.26,37.26,37.26,37.26,59.57,62.0,,,,,,
2019-07-15 17:00:00+02:00,,37.88,,38.14,61.37,39.97,,60.82,,37.77,37.77,37.77,64.5,54.3,62.59,38.02,57.68,,64.7,58.64,60.82,,80.78,,,,58.64,58.64,,58.64,58.64,58.64,76.97,58.64,64.5,64.5,,,,,39.02,37.77,37.77,37.77,36.39,37.77,65.14,54.3,60.81,59.91,37.77,37.77,37.77,37.77,58.64,60.82,,,,,,
2019-07-15 18:00:00+02:00,,42.56,,42.56,61.38,43.35,,56.03,,42.56,38.78,38.78,61.89,51.58,60.52,42.56,72.98,,66.27,55.1,56.03,,98.9,,,,55.1,55.1,,55.1,55.1,55.1,76.97,55.1,61.89,61.89,,,,,42.56,38.78,38.78,38.78,36.32,38.78,62.51,51.58,56.02,60.28,38.78,38.78,38.78,38.78,55.1,56.03,,,,,,
2019-07-15 19:00:00+02:00,,45.94,,45.94,61.86,45.72,,55.27,,45.94,38.72,38.72,61.94,51.95,60.02,45.94,78.73,,64.57,56.07,57.58,,92.55,,,,56.07,56.07,,56.07,56.07,56.07,76.97,56.07,61.94,61.94,,,,,45.94,38.72,38.72,38.72,36.37,38.72,62.56,51.95,57.57,62.43,38.72,38.72,38.72,38.72,56.07,55.27,,,,,,
2019-07-15 20:00:00+02:00,,44.08,,44.08,61.36,44.58,,56.85,,44.08,38.41,38.41,61.97,53.4,46.28,44.08,73.62,,64.62,55.0,59.22,,77.6,,,,55.0,55.0,,55.0,55.0,55.0,97.11,55.0,61.97,61.97,,,,,44.08,38.41,38.41,38.41,38.41,38.41,62.6,53.4,63.89,62.38,38.41,38.41,38.41,38.41,55.0,56.85,,,,,,
2019-07-15 21:00:00+02:00,,43.44,,43.44,47.65,43.14,,45.66,,43.44,38.16,38.16,58.09,56.24,51.33,43.44,63.96,,66.23,56.07,56.64,,67.43,,,,56.07,56.07,,56.07,56.07,56.07,111.31,56.07,58.09,58.09,,,,,43.44,38.16,38.16,38.16,38.16,38.16,59.64,56.24,56.64,60.01,38.16,38.16,38.16,38.16,56.07,45.66,,,,,,
2019-07-15 22:00:00+02:00,,44.6,,44.6,49.91,43.05,,43.35,,44.6,38.19,38.19,46.07,52.66,46.07,44.6,61.75,,66.22,47.56,56.9,,65.12,,,,47.56,47.56,,47.56,47.56,47.56,76.97,47.56,46.07,46.07,,,,,44.6,38.19,38.19,38.19,38.19,38.19,57.88,52.66,56.9,56.09,38.19,38.19,38.19,38.19,47.56,43.35,,,,,,
2019-07-15 23:00:00+02:00,,38.26,,38.5,43.95,38.56,,39.0,,38.16,37.24,37.24,37.24,51.0,37.24,38.37,49.98,,59.81,46.24,46.33,,52.71,,,,46.24,46.24,,46.24,46.24,46.24,66.97,46.24,37.24,37.24,,,,,38.47,37.24,37.24,37.24,37.24,37.24,55.87,51.0,46.33,48.98,37.24,37.24,37.24,37.24,46.24,39.0,,,,,,
2019-07-16 00:00:00+02:00,,36.93,,37.18,43.22,38.53,,38.02,,36.82,36.82,36.82,36.82,52.76,36.82,37.06,54.4,,59.76,45.0,43.33,,55.99,,,,45.5,45.5,,45.0,45.5,45.5,70.0,45.5,36.82,36.82,,,,,38.04,36.82,36.82,36.82,36.82,36.82,54.25,52.76,43.33,48.02,36.82,36.82,36.82,36.82,45.0,38.02,,,,,,
2019-07-16 01:00:00+02:00,,36.27,,36.27,37.09,37.15,,37.3,,36.27,36.27,36.27,36.27,48.29,36.27,36.27,47.64,,60.57,36.27,41.5,,49.04,,,,42.77,49.1,,42.77,49.1,49.1,49.1,49.1,36.27,36.27,,,,,36.27,36.27,36.27,36.27,36.27,36.27,54.66,48.29,41.5,43.98,36.27,36.27,36.27,36.27,36.27,37.3,,,,,,
2019-07-16 02:00:00+02:00,,34.93,,34.93,36.01,36.76,,36.05,,34.93,34.93,34.93,34.93,44.87,34.93,34.93,44.41,,60.43,34.93,37.3,,45.72,,,,42.67,45.26,,42.67,45.26,45.26,45.26,45.26,34.93,34.93,,,,,34.93,34.93,34.93,34.93,34.93,34.93,54.65,44.87,37.3,40.75,34.93,34.93,34.93,34.93,34.93,36.05,,,,,,
2019-07-16 03:00:00+02:00,,33.89,,33.89,36.02,35.87,,35.2,,33.89,33.89,33.89,33.89,43.59,33.89,33.89,42.14,,59.91,33.89,35.86,,43.99,,,,42.01,44.0,,42.0,44.0,44.0,44.0,44.0,33.89,33.89,,,,,33.89,33.89,33.89,33.89,33.89,33.89,54.36,43.59,35.86,39.03,33.89,33.89,33.89,33.89,33.89,35.2,,,,,,
2019-07-16 04:00:00+02:00,,33.13,,33.13,35.04,35.68,,35.0,,33.13,33.13,33.13,33.13,43.77,33.13,33.13,42.98,,59.75,33.13,35.05,,44.25,,,,42.01,44.0,,41.89,44.0,44.0,44.0,44.0,33.13,33.13,,,,,33.13,33.13,33.13,33.13,33.13,33.13,54.69,43.77,35.04,38.78,33.13,33.13,33.13,33.13,33.13,35.0,,,,,,
2019-07-16 05:00:00+02:00,,35.11,,35.11,38.08,37.73,,37.4,,35.11,35.11,35.74,38.1,45.17,38.1,35.11,42.98,,59.75,35.11,39.7,,44.25,,,,42.53,42.53,,41.89,42.53,42.53,42.53,42.53,38.1,38.1,,,,,35.11,35.74,35.74,35.74,35.74,35.74,53.03,45.17,39.69,43.21,35.74,35.74,35.74,35.74,35.11,37.4,,,,,,
2019-07-16 06:00:00+02:00,,39.21,,39.21,50.12,41.26,,42.5,,39.21,38.58,38.58,50.07,45.97,45.9,39.21,42.09,,67.65,44.0,45.53,,44.39,,,,44.0,44.0,,44.0,44.0,44.0,44.0,44.0,50.07,50.07,,,,,39.21,37.96,37.96,37.96,37.96,37.96,55.75,45.97,45.52,51.92,37.96,37.96,37.96,37.96,44.0,42.5,,,,,,
2019-07-16 07:00:00+02:00,,46.95,,46.95,52.28,47.83,,49.85,,46.95,46.95,46.95,52.49,50.03,48.25,46.95,48.15,,67.66,46.95,59.32,,49.57,,,,46.95,46.95,,46.95,46.95,46.95,50.0,46.95,52.49,52.49,,,,,46.95,37.97,37.97,37.97,37.97,37.97,52.73,50.03,65.62,60.0,37.97,37.97,37.97,45.82,46.95,49.85,,,,,,
2019-07-16 08:00:00+02:00,,49.14,,49.14,61.36,48.95,,51.2,,49.14,49.14,49.14,59.9,53.0,49.16,49.14,50.4,,67.7,49.14,56.36,,54.36,,,,49.14,49.14,,49.14,49.14,49.14,60.0,49.14,59.9,59.9,,,,,49.14,38.05,38.05,37.52,36.58,38.05,60.17,53.0,65.77,59.79,38.05,38.05,38.05,47.97,49.14,51.2,,,,,,
2019-07-16 09:00:00+02:00,,47.95,,47.95,53.86,47.83,,47.99,,47.95,47.95,47.95,61.13,55.51,49.94,47.95,61.36,,66.11,48.35,56.9,,98.99,,,,48.35,48.35,,48.35,48.35,48.35,50.01,48.35,61.13,61.13,,,,,47.95,38.16,38.16,37.53,36.92,38.16,61.4,55.51,62.76,59.92,38.16,38.16,38.16,46.8,48.35,47.99,,,,,,
2019-07-16 10:00:00+02:00,,47.13,,47.13,59.26,46.26,,46.5,,47.13,47.13,47.13,61.13,54.84,50.34,47.13,60.92,,66.21,47.13,53.47,,95.5,,,,47.13,47.13,,47.13,47.13,47.13,47.13,47.13,61.13,61.13,,,,,47.13,38.22,38.22,37.68,37.68,38.22,61.39,54.84,67.41,58.76,38.22,38.22,38.22,46.0,47.13,46.5,,,,,,
2019-07-16 11:00:00+02:00,,46.92,,46.92,50.35,45.59,,46.3,,46.92,46.92,46.92,60.52,55.32,50.56,46.92,53.75,,66.25,46.92,56.67,,110.0,,,,46.92,46.92,,46.92,46.92,46.92,46.92,46.92,60.52,60.52,,,,,46.92,38.2,38.2,37.83,37.83,38.2,60.77,55.32,69.52,59.95,38.2,38.2,38.2,45.8,46.92,46.3,,,,,,
2019-07-16 12:00:00+02:00,,42.07,,42.07,55.81,44.24,,53.0,,42.07,42.07,42.07,61.3,56.24,50.59,42.07,53.79,,66.21,45.0,56.53,,97.0,,,,45.0,45.0,,45.0,45.0,45.0,45.0,45.0,61.3,61.3,,,,,42.07,38.2,38.2,37.76,37.76,38.2,61.55,56.24,76.35,61.39,38.2,38.2,38.2,41.06,45.0,53.0,,,,,,
2019-07-16 13:00:00+02:00,,39.9,,39.9,69.56,42.64,,55.12,,39.9,39.9,39.9,61.15,57.25,49.96,39.9,51.94,,65.75,45.0,58.09,,106.3,,,,45.0,45.0,,45.0,45.0,45.0,45.0,45.0,61.15,61.15,,,,,39.9,38.17,38.17,37.53,36.62,38.17,61.39,57.25,73.74,62.12,38.17,38.17,38.17,38.17,45.0,55.12,,,,,,
2019-07-16 14:00:00+02:00,,39.46,,39.46,69.55,41.15,,53.0,,39.46,39.46,39.46,60.15,56.1,49.92,39.46,44.94,,59.81,45.28,58.02,,82.29,,,,45.28,45.28,,45.28,45.28,45.28,45.28,45.28,60.15,60.15,,,,,39.46,38.2,38.2,37.41,36.28,38.2,60.38,56.1,69.94,61.05,38.2,38.2,38.2,38.2,45.28,53.0,,,,,,
2019-07-16 15:00:00+02:00,,39.04,,39.04,69.54,40.99,,54.0,,39.04,39.04,39.04,59.22,54.49,49.98,39.04,44.04,,58.48,45.44,59.93,,61.54,,,,45.44,45.44,,45.44,45.44,45.44,45.44,45.44,59.22,59.22,,,,,39.04,38.02,38.02,37.22,36.09,38.02,59.45,54.49,67.4,61.03,38.02,38.02,38.02,38.02,45.44,54.0,,,,,,
2019-07-16 16:00:00+02:00,,39.3,,39.3,52.84,41.99,,55.12,,39.3,39.3,39.3,56.67,53.67,49.98,39.3,46.5,,58.49,46.7,58.06,,59.17,,,,46.7,46.7,,46.7,46.7,46.7,46.7,46.7,56.67,56.67,,,,,39.3,38.04,38.04,36.89,36.06,38.04,56.88,53.67,69.51,61.0,38.04,38.04,38.04,38.04,46.7,55.12,,,,,,
2019-07-16 17:00:00+02:00,,45.38,,45.38,54.39,44.31,,45.8,,45.38,45.38,45.38,54.45,53.66,49.97,45.38,60.9,,60.04,47.23,59.13,,75.9,,,,47.23,47.23,,47.23,47.23,47.23,47.23,47.23,54.45,54.45,,,,,45.38,38.3,38.3,36.65,36.01,38.3,54.65,53.66,69.51,60.64,38.3,38.3,38.3,38.3,47.23,45.8,,,,,,
2019-07-16 18:00:00+02:00,,48.81,,48.81,61.36,48.38,,50.5,,48.81,48.81,48.81,54.49,51.73,54.49,48.81,66.32,,58.58,48.81,59.99,,84.63,,,,48.81,48.81,,48.81,48.81,48.81,48.81,48.81,54.49,54.49,,,,,48.81,38.45,38.45,36.42,36.41,38.45,54.68,51.73,67.56,59.54,38.45,38.45,38.45,38.45,48.81,50.5,,,,,,
2019-07-16 19:00:00+02:00,,52.64,,52.64,66.48,48.95,,56.2,,52.64,52.64,52.64,56.84,52.64,54.98,52.64,67.48,,57.9,52.64,63.05,,71.2,,,,52.64,52.64,,52.64,52.64,58.0,52.64,52.64,56.84,56.84,,,,,52.64,38.43,38.43,36.3,36.3,38.43,57.04,52.64,71.1,62.53,38.43,38.43,38.43,38.43,52.64,56.2,,,,,,
2019-07-16 20:00:00+02:00,,51.96,,51.96,63.44,48.76,,56.9,,51.96,51.96,51.96,55.6,52.0,48.25,51.96,67.27,,57.9,51.96,61.82,,70.97,,,,51.96,51.96,,51.96,51.96,58.86,60.0,51.96,55.6,55.6,,,,,51.96,38.61,38.61,36.1,36.1,38.61,55.79,52.0,84.51,62.99,38.61,38.61,38.61,38.61,51.96,56.9,,,,,,
2019-07-16 21:00:00+02:00,,49.19,,49.19,61.36,48.51,,53.5,,49.19,49.19,49.19,56.69,53.03,49.97,49.19,60.89,,58.0,50.02,62.03,,64.25,,,,50.83,50.83,,50.02,50.83,58.86,76.97,50.83,56.69,56.69,,,,,49.19,38.88,38.88,36.58,36.24,38.88,56.87,53.03,69.3,59.98,38.88,38.88,38.88,38.88,50.02,53.5,,,,,,
2019-07-16 22:00:00+02:00,,49.0,,49.0,61.3,48.11,,49.2,,49.0,49.0,49.0,48.76,52.07,48.76,49.0,59.47,,57.68,60.6,61.34,,61.54,,,,49.0,49.0,,49.0,49.0,58.86,60.0,49.0,48.76,48.76,,,,,49.0,38.82,38.82,36.86,36.05,38.82,56.47,52.07,61.31,56.85,38.82,38.82,38.82,38.82,60.6,49.2,,,,,,
2019-07-16 23:00:00+02:00,,45.19,,45.19,50.12,44.02,,43.63,,45.19,45.19,45.19,38.58,50.04,38.58,45.19,49.73,,57.62,45.19,47.8,,52.47,,,,45.19,45.19,,45.19,45.19,45.19,48.7,45.19,38.58,38.58,,,,,45.19,38.58,38.58,36.35,35.67,38.58,54.57,50.04,47.78,49.14,38.58,38.58,38.58,38.58,45.19,43.63,,,,,,
2019-07-17 00:00:00+02:00,,40.02,,40.02,47.6,39.54,,39.2,,40.02,40.02,40.02,38.74,54.99,38.74,40.02,55.29,,53.62,42.77,39.6,,56.74,,,,42.77,42.77,,42.77,42.77,42.77,42.77,42.77,38.74,38.74,,,,,40.02,38.74,38.74,37.57,34.91,38.74,55.23,54.99,39.59,44.97,38.74,38.74,38.74,38.74,42.77,39.2,,,,,,
2019-07-17 01:00:00+02:00,,38.87,,38.87,45.2,38.32,,37.53,,38.87,38.87,38.87,37.94,49.84,37.94,38.87,41.63,,47.0,38.87,37.53,,43.75,,,,42.06,42.06,,42.06,42.06,42.06,42.06,42.06,37.94,37.94,,,,,38.87,37.94,37.94,37.18,34.78,37.94,54.22,49.84,37.52,41.94,37.94,37.94,37.94,37.94,38.87,37.53,,,,,,
2019-07-17 02:00:00+02:00,,38.12,,38.12,42.84,37.28,,36.92,,38.12,38.12,38.12,37.68,45.96,37.68,38.12,40.92,,43.0,42.01,36.92,,41.44,,,,42.01,42.01,,42.01,42.01,42.01,42.01,42.01,37.68,37.68,,,,,38.12,37.68,37.68,37.05,34.71,37.68,49.61,45.96,36.91,41.98,37.68,37.68,37.68,37.68,42.01,36.92,,,,,,
2019-07-17 03:00:00+02:00,,37.28,,37.28,41.49,36.95,,36.35,,37.28,37.28,37.28,37.28,45.63,37.28,37.28,40.16,,42.4,42.01,36.35,,39.27,,,,42.01,42.01,,42.01,42.01,42.01,42.01,42.01,37.28,37.28,,,,,37.28,37.28,37.28,36.4,34.68,37.28,50.56,45.63,36.33,42.94,37.28,37.28,37.28,37.28,42.01,36.35,,,,,,
2019-07-17 04:00:00+02:00,,37.9,,37.9,36.41,36.85,,36.4,,37.9,37.9,37.9,37.6,45.96,37.6,37.9,39.02,,42.4,42.0,36.4,,38.15,,,,42.01,42.01,,42.0,42.01,42.01,42.01,42.01,37.6,37.6,,,,,37.9,37.6,37.6,36.19,34.67,37.6,50.56,45.96,36.39,39.63,37.6,37.6,37.6,37.6,42.0,36.4,,,,,,
2019-07-17 05:00:00+02:00,,39.1,,39.1,37.79,38.19,,38.04,,39.1,39.1,39.1,40.31,48.58,40.31,39.1,40.27,,42.96,39.1,38.04,,39.29,,,,42.0,42.0,,42.0,42.0,42.0,42.0,42.0,40.31,40.31,,,,,39.1,38.16,38.16,36.62,34.68,38.16,51.74,48.58,38.03,40.72,38.16,38.16,38.16,38.16,39.1,38.04,,,,,,
2019-07-17 06:00:00+02:00,,44.03,,44.03,50.15,44.74,,46.75,,44.03,44.03,44.03,49.38,49.86,49.38,44.03,45.05,,55.18,44.03,46.75,,42.09,,,,44.03,44.03,,44.03,44.03,44.03,44.03,44.03,49.38,49.38,,,,,44.03,38.56,38.56,37.7,34.8,38.56,59.16,49.86,46.74,47.58,38.56,38.56,38.56,38.56,44.03,46.75,,,,,,
2019-07-17 07:00:00+02:00,,53.92,,51.71,57.29,49.04,,53.0,,53.92,53.92,53.92,59.86,49.98,58.48,49.98,52.15,,64.36,53.92,53.24,,44.97,,,,49.98,49.98,,49.98,49.98,49.98,57.97,49.98,59.86,59.86,,,,,53.78,38.48,38.48,35.06,35.06,38.48,59.95,49.98,53.22,58.03,38.48,38.48,38.48,52.63,53.92,53.0,,,,,,
2019-07-17 08:00:00+02:00,,54.8,,52.65,59.58,51.26,,54.98,,54.8,54.8,54.8,61.36,53.18,57.36,50.98,57.42,,66.0,54.8,54.98,,54.74,,,,50.98,50.98,,50.98,50.98,50.98,65.0,50.98,61.36,61.36,,,,,54.68,38.94,38.94,35.26,35.26,38.94,61.45,53.18,54.97,56.49,38.94,38.94,38.94,53.48,54.8,54.98,,,,,,
2019-07-17 09:00:00+02:00,,50.23,,50.23,58.51,50.92,,55.36,,50.23,50.23,50.23,59.86,54.49,56.85,50.23,63.78,,67.66,60.02,55.36,,62.27,,,,50.23,50.23,,50.23,50.23,50.23,65.0,50.23,59.86,59.86,,,,,50.23,39.21,39.21,35.56,35.56,39.21,59.95,54.49,55.34,57.06,39.21,39.21,39.21,49.02,60.02,55.36,,,,,,
2019-07-17 10:00:00+02:00,,48.78,,48.78,58.02,49.21,,54.05,,48.78,48.78,48.78,59.34,55.0,59.34,48.78,62.05,,65.03,71.19,54.05,,60.56,,,,48.78,48.78,,48.78,48.78,48.78,49.99,48.78,59.34,59.34,,,,,48.78,39.45,39.45,35.56,35.56,39.45,59.44,55.0,54.04,56.02,39.45,39.45,39.45,47.61,71.19,54.05,,,,,,
2019-07-17 11:00:00+02:00,,47.7,,47.7,50.67,49.05,,57.37,,47.7,47.7,47.7,60.37,55.68,59.81,47.7,49.88,,65.0,75.03,57.37,,47.52,,,,47.7,47.7,,47.7,47.7,47.7,47.7,47.7,60.37,60.37,,,,,47.7,39.39,39.39,35.32,35.32,39.39,60.47,55.68,57.35,56.69,39.39,39.39,39.39,46.55,75.03,57.37,,,,,,
2019-07-17 12:00:00+02:00,,45.0,,45.0,59.24,46.45,,57.3,,45.0,45.0,45.0,59.71,56.94,59.03,45.0,46.43,,64.0,75.03,57.3,,44.22,,,,45.0,45.0,,45.0,45.0,45.0,45.0,45.0,59.71,59.71,,,,,45.0,39.4,39.4,35.26,35.26,39.4,59.81,56.94,57.29,57.0,39.4,39.4,39.4,43.92,75.03,57.3,,,,,,
2019-07-17 13:00:00+02:00,,43.14,,43.14,45.47,45.44,,56.36,,43.14,43.14,43.14,60.35,57.31,55.32,43.14,44.52,,59.75,73.1,56.36,,42.39,,,,43.56,43.56,,43.56,43.56,43.56,43.56,43.56,60.35,60.35,,,,,43.14,39.21,39.21,35.27,35.27,39.21,60.45,57.31,56.35,57.27,39.21,39.21,39.21,42.11,73.1,56.36,,,,,,
2019-07-17 14:00:00+02:00,,40.52,,40.52,47.39,44.19,,54.95,,40.52,40.52,40.52,59.16,55.98,58.24,40.52,41.65,,57.64,65.54,54.95,,40.62,,,,45.0,45.0,,45.0,45.0,45.0,45.0,45.0,59.16,59.16,,,,,40.52,39.04,39.04,35.14,35.14,39.04,59.26,55.98,54.93,57.03,39.04,39.04,39.04,39.55,65.54,54.95,,,,,,
2019-07-17 15:00:00+02:00,,40.55,,40.55,50.01,43.1,,54.95,,40.55,40.55,40.55,59.75,54.49,59.75,40.55,41.68,,57.3,60.09,54.95,,40.65,,,,46.35,46.35,,46.35,46.35,46.35,46.35,46.35,59.75,59.75,,,,,40.55,39.03,39.03,35.16,35.16,39.03,59.86,54.49,54.93,58.01,39.03,39.03,39.03,39.57,60.09,54.95,,,,,,
2019-07-17 16:00:00+02:00,,41.6,,41.6,59.83,44.17,,56.71,,41.6,41.6,41.6,61.04,54.47,61.04,41.6,42.78,,57.5,60.1,56.71,,41.7,,,,49.36,49.36,,49.36,49.36,49.36,49.36,49.36,61.04,61.04,,,,,41.6,38.91,38.91,35.0,34.99,38.91,61.16,54.47,56.7,57.97,38.91,38.91,38.91,40.6,60.1,56.71,,,,,,
2019-07-17 17:00:00+02:00,,48.0,,48.0,61.23,48.15,,54.23,,48.0,48.0,48.0,56.76,54.49,56.76,48.0,49.38,,57.6,50.7,54.23,,50.3,,,,50.7,50.7,,50.7,50.7,50.7,65.0,50.7,56.76,56.76,,,,,48.0,38.91,38.91,35.29,34.93,38.91,56.87,54.49,54.22,59.0,38.91,38.91,38.91,46.85,50.7,54.23,,,,,,
2019-07-17 18:00:00+02:00,,52.0,,52.0,59.93,50.86,,55.0,,52.0,52.0,52.0,60.77,53.32,60.77,52.0,53.72,,57.72,52.0,55.93,,55.08,,,,52.0,52.0,,52.0,52.0,52.0,75.34,52.0,60.77,60.77,,,,,52.0,38.86,38.86,35.2,34.91,38.86,60.89,53.32,55.92,58.98,38.86,38.86,38.86,50.75,52.0,55.0,,,,,,
2019-07-17 19:00:00+02:00,,54.01,,54.01,61.29,50.85,,58.85,,54.01,54.01,54.01,59.78,54.01,59.78,54.01,55.81,,57.59,54.04,59.5,,57.03,,,,54.04,54.04,,54.04,54.04,58.86,81.97,54.04,59.78,59.78,,,,,54.01,38.88,38.88,35.17,34.91,38.88,59.89,54.01,59.49,61.06,38.88,38.88,38.88,52.72,54.04,58.85,,,,,,
2019-07-17 20:00:00+02:00,,54.49,,52.62,60.49,50.85,,59.27,,55.03,55.03,55.03,60.17,53.21,51.39,50.8,56.66,,57.78,57.41,60.05,,57.88,,,,54.49,54.49,,54.49,54.49,58.86,111.31,54.49,60.17,60.17,,,,,54.82,38.81,38.81,35.11,34.8,38.81,60.3,53.21,60.04,63.42,38.81,38.81,38.81,53.71,57.41,59.27,,,,,,
2019-07-17 21:00:00+02:00,,53.7,,51.85,55.53,50.81,,54.8,,54.07,54.07,54.07,60.73,54.53,55.31,50.17,53.38,,57.73,54.58,57.7,,54.52,,,,53.44,53.44,,51.0,53.44,58.86,95.6,53.44,60.73,60.73,,,,,53.88,38.98,38.98,35.17,34.75,38.98,60.86,54.53,57.7,62.1,38.98,38.98,38.98,52.78,54.58,54.8,,,,,,
2019-07-17 22:00:00+02:00,,50.64,,50.64,52.15,50.64,,52.75,,50.64,50.64,50.64,56.7,54.0,54.93,50.64,52.15,,57.8,50.64,53.99,,53.25,,,,50.64,50.64,,50.64,50.64,58.86,94.51,50.64,56.7,56.7,,,,,50.64,38.98,38.98,35.54,34.72,38.98,61.58,54.0,53.98,58.98,38.98,38.98,38.98,49.42,50.64,52.75,,,,,,
2019-07-17 23:00:00+02:00,,45.9,,45.9,45.67,46.05,,46.6,,45.9,45.9,45.9,39.62,52.29,39.62,45.9,47.13,,59.74,49.6,49.58,,48.12,,,,46.0,46.0,,46.0,46.0,46.0,75.33,46.0,39.62,39.62,,,,,45.9,39.17,39.17,35.35,34.63,39.17,56.93,52.29,49.57,50.51,39.17,39.17,39.17,39.17,49.6,46.6,,,,,,
2019-07-18 00:00:00+02:00,,40.47,,40.47,43.67,41.2,,43.0,,40.47,40.47,40.47,44.86,56.0,44.86,40.47,46.63,,62.93,41.82,45.24,,44.18,,,,44.47,44.47,,41.82,44.47,44.47,68.0,44.47,44.86,44.86,,,,,40.47,39.18,39.18,35.67,34.5,39.18,55.13,56.0,45.26,43.56,39.18,39.18,39.18,39.18,41.82,43.0,,,,,,
2019-07-18 01:00:00+02:00,,39.0,,39.0,38.58,39.58,,41.5,,39.0,39.0,39.0,38.43,51.72,38.43,39.0,40.97,,62.44,40.0,41.5,,39.77,,,,58.86,58.86,,40.0,58.86,58.86,58.86,58.86,38.43,38.43,,,,,39.0,38.43,38.43,35.59,34.47,38.43,55.49,51.72,41.51,40.32,38.43,38.43,38.43,38.43,40.0,41.5,,,,,,
2019-07-18 02:00:00+02:00,,38.68,,34.65,38.13,37.92,,39.14,,37.82,37.82,37.82,37.82,47.36,37.82,34.47,39.41,,61.33,38.68,39.14,,38.14,,,,56.07,56.07,,38.68,56.07,56.07,56.07,56.07,37.82,37.82,,,,,36.01,37.82,37.82,35.55,34.46,37.82,56.48,47.36,39.15,38.07,37.82,37.82,37.82,37.82,38.68,39.14,,,,,,
2019-07-18 03:00:00+02:00,,39.4,,31.87,37.84,37.54,,38.2,,37.8,37.8,37.8,37.71,45.96,37.71,31.49,39.0,,59.74,39.4,38.2,,36.94,,,,42.81,56.07,,39.4,56.07,56.07,56.07,56.07,37.71,37.71,,,,,34.33,37.71,37.71,35.59,34.46,37.71,56.47,45.96,38.21,37.65,37.71,37.71,37.71,37.71,39.4,38.2,,,,,,
2019-07-18 04:00:00+02:00,,39.96,,28.64,36.76,37.19,,38.1,,37.68,37.68,37.68,37.49,46.0,37.49,27.89,38.98,,59.38,39.96,38.1,,36.92,,,,56.32,56.32,,39.96,56.32,56.32,56.32,56.32,37.49,37.49,,,,,32.57,37.49,37.49,35.6,34.47,37.49,56.69,46.0,38.12,37.79,37.49,37.49,37.49,37.49,39.96,38.1,,,,,,
2019-07-18 05:00:00+02:00,,40.16,,30.4,46.52,37.6,,38.86,,37.87,37.87,37.87,48.32,47.4,48.32,29.96,38.42,,59.35,40.16,38.86,,36.38,,,,55.71,55.71,,40.16,55.71,55.71,55.71,55.71,48.32,48.32,,,,,33.52,37.6,37.6,35.68,34.48,37.6,56.23,47.4,38.87,39.01,37.6,37.6,37.6,37.6,40.16,38.86,,,,,,
2019-07-18 06:00:00+02:00,,43.8,,37.82,50.12,41.7,,44.61,,43.8,43.8,43.8,60.92,46.9,60.92,36.89,40.22,,57.61,43.8,48.01,,38.09,,,,43.8,43.8,,43.8,43.8,43.8,43.8,43.8,60.92,60.92,,,,,41.19,38.3,38.3,36.21,34.66,38.3,62.36,46.9,48.03,46.04,38.3,38.3,38.3,42.75,43.8,44.61,,,,,,
2019-07-18 07:00:00+02:00,,49.73,,46.11,61.28,47.54,,52.2,,49.73,49.73,49.73,62.65,50.36,62.65,43.25,51.34,,57.66,70.06,59.93,,42.14,,,,47.27,47.27,,47.27,47.27,47.27,74.54,47.27,62.65,62.65,,,,,49.47,38.49,38.49,36.25,34.86,38.49,62.85,50.36,59.95,57.02,38.49,38.49,38.49,48.54,70.06,52.2,,,,,,
2019-07-18 08:00:00+02:00,,48.96,,48.96,61.27,48.31,,51.86,,48.96,48.96,48.96,66.86,54.0,64.99,48.96,50.82,,58.39,67.43,59.28,,54.59,,,,52.0,52.0,,52.0,52.0,52.0,74.54,52.0,66.86,66.86,,,,,48.96,38.96,38.96,36.06,35.28,38.96,67.08,54.0,59.31,57.86,38.96,38.96,38.96,47.79,67.43,51.86,,,,,,
2019-07-18 09:00:00+02:00,,47.5,,47.5,54.24,47.6,,50.98,,47.5,47.5,47.5,72.49,55.57,67.77,47.5,58.93,,57.68,70.04,59.01,,59.94,,,,51.0,51.0,,51.0,51.0,51.0,74.54,51.0,72.49,72.49,,,,,47.5,39.4,39.4,36.04,35.82,39.4,72.73,55.57,59.04,57.96,39.4,39.4,39.4,46.36,70.04,50.98,,,,,,
2019-07-18 10:00:00+02:00,,44.91,,44.91,52.04,47.12,,54.92,,44.91,44.91,44.91,72.27,56.19,71.67,44.91,54.59,,58.39,60.05,54.92,,55.52,,,,49.0,49.0,,49.0,49.0,49.0,68.0,49.0,72.27,72.27,,,,,44.91,39.56,39.56,35.99,35.9,39.56,72.5,56.19,54.95,59.11,39.56,39.56,39.56,43.83,60.05,54.92,,,,,,
2019-07-18 11:00:00+02:00,,43.49,,43.49,61.27,45.84,,64.09,,43.49,43.49,43.49,71.55,57.01,71.55,43.49,45.16,,59.81,75.04,64.09,,45.92,,,,45.9,45.9,,45.9,45.9,45.9,45.9,45.9,71.55,71.55,,,,,43.49,39.45,39.45,36.05,35.91,39.45,71.78,57.01,64.12,59.98,39.45,39.45,39.45,43.49,75.04,64.09,,,,,,
2019-07-18 12:00:00+02:00,,40.41,,40.41,65.48,42.86,,66.23,,40.41,40.41,40.41,72.77,57.89,67.51,40.41,41.96,,59.81,75.09,66.23,,42.67,,,,43.58,43.58,,43.58,43.58,43.58,45.54,43.58,72.77,72.77,,,,,40.41,39.12,39.12,35.94,35.77,39.12,73.02,57.89,66.27,60.27,39.12,39.12,39.12,40.41,75.09,66.23,,,,,,
2019-07-18 13:00:00+02:00,,39.25,,39.25,69.56,41.1,,67.0,,39.25,39.25,39.25,71.64,58.39,65.85,39.25,40.76,,57.68,75.06,67.0,,41.45,,,,43.58,43.58,,43.58,43.58,43.58,43.58,43.58,71.64,71.64,,,,,39.25,38.86,38.86,35.87,35.67,38.86,71.88,58.39,67.03,61.29,38.86,38.86,38.86,38.86,75.06,67.0,,,,,,
2019-07-18 14:00:00+02:00,,39.05,,38.99,69.55,39.64,,65.0,,38.99,38.99,38.99,66.85,57.69,63.82,38.99,40.33,,57.66,70.09,65.0,,41.0,,,,45.54,45.54,,45.54,45.54,45.54,45.54,45.54,66.85,66.85,,,,,38.99,38.78,38.78,35.86,35.54,38.78,67.08,57.69,65.03,61.92,38.78,38.78,38.78,38.78,70.09,65.0,,,,,,
2019-07-18 15:00:00+02:00,,39.72,,39.72,69.54,39.82,,65.03,,39.72,39.72,39.72,68.05,57.24,63.94,39.72,41.08,,57.66,75.03,65.03,,41.77,,,,50.0,50.0,,50.0,50.0,50.0,50.0,50.0,68.05,68.05,,,,,39.72,38.77,38.77,35.82,35.24,38.77,68.28,57.24,65.06,60.26,38.77,38.77,38.77,38.77,75.03,65.03,,,,,,
2019-07-18 16:00:00+02:00,,39.21,,39.21,61.27,40.7,,65.07,,39.21,39.21,39.21,65.78,57.17,64.92,39.21,40.44,,59.79,75.03,65.07,,41.11,,,,53.0,53.0,,53.0,53.0,53.0,53.0,53.0,65.78,65.78,,,,,39.21,38.41,38.41,38.41,38.41,38.41,66.01,57.17,65.1,60.65,38.41,38.41,38.41,38.41,75.03,65.07,,,,,,
2019-07-18 17:00:00+02:00,,47.91,,45.08,61.39,45.07,,46.5,,47.91,47.91,47.91,62.78,57.17,62.78,42.86,46.65,,59.81,59.1,58.61,,47.4,,,,52.16,52.16,,52.16,52.16,52.16,75.71,52.16,62.78,62.78,,,,,47.72,38.65,38.65,38.65,38.65,38.65,63.0,57.17,58.64,59.59,38.65,38.65,38.65,46.76,59.1,46.5,,,,,,
2019-07-18 18:00:00+02:00,,49.94,,48.37,61.4,47.42,,51.1,,49.94,49.94,49.94,61.91,56.19,61.91,47.13,51.78,,59.86,59.19,59.39,,52.62,,,,52.96,52.96,,52.96,52.96,52.96,77.71,52.96,61.91,61.91,,,,,49.84,38.51,38.51,38.19,38.19,38.51,62.12,56.19,59.43,59.93,38.51,38.51,38.51,48.74,59.19,51.1,,,,,,
2019-07-18 19:00:00+02:00,,54.79,,50.84,65.1,47.44,,53.3,,54.79,54.79,54.79,62.44,56.19,62.44,47.76,56.63,,57.77,55.0,60.01,,58.03,,,,56.07,56.07,,55.0,56.07,56.07,94.54,56.07,62.44,62.44,,,,,54.5,38.57,38.57,38.08,38.08,38.57,62.66,56.19,60.05,61.07,38.57,38.57,38.57,53.47,55.0,53.3,,,,,,
2019-07-18 20:00:00+02:00,,54.02,,48.74,69.54,45.69,,54.2,,54.02,54.02,54.02,61.82,56.5,54.28,44.6,56.13,,57.6,70.03,67.38,,58.42,,,,56.32,56.32,,53.0,56.32,56.32,111.31,56.32,61.82,61.82,,,,,53.62,38.44,38.44,37.55,37.55,38.44,62.03,56.5,67.43,62.94,38.44,38.44,38.44,52.72,70.03,54.2,,,,,,
2019-07-18 21:00:00+02:00,,49.4,,45.99,62.23,45.99,,51.2,,49.4,49.4,49.4,60.26,57.05,49.95,43.3,54.65,,57.74,70.03,66.21,,56.87,,,,56.57,56.57,,49.4,56.57,58.86,111.31,56.57,60.26,60.26,,,,,49.16,38.4,38.4,37.6,37.6,38.4,60.48,57.05,66.25,62.19,38.4,38.4,38.4,48.21,70.03,51.2,,,,,,
2019-07-18 22:00:00+02:00,,48.01,,48.01,64.99,47.02,,49.05,,48.01,48.01,48.01,62.21,56.19,54.05,48.01,54.98,,61.54,70.01,63.79,,57.21,,,,56.07,56.07,,48.01,56.07,56.07,80.0,56.07,62.21,62.21,,,,,48.01,38.46,38.46,37.57,37.57,38.46,62.43,56.19,63.83,61.66,38.46,38.46,38.46,46.85,70.01,49.05,,,,,,
2019-07-18 23:00:00+02:00,,43.73,,43.73,51.97,43.01,,44.2,,43.73,43.73,43.73,41.9,52.0,41.9,43.73,46.85,,62.04,45.01,50.56,,48.75,,,,45.01,45.01,,45.01,45.01,45.01,77.71,45.01,41.9,41.9,,,,,43.73,38.59,38.59,37.36,37.36,38.59,58.89,52.0,50.59,50.97,38.59,38.59,38.59,38.59,45.01,44.2,,,,,,
2019-07-19 00:00:00+02:00,,37.86,,37.86,50.12,39.06,,39.1,,37.86,37.86,37.86,43.9,53.67,43.9,37.86,48.08,,62.89,50.34,48.62,,49.01,,,,56.07,56.07,,50.34,56.07,56.07,56.07,56.07,43.9,43.9,,,,,37.86,37.86,37.86,37.86,37.86,37.86,54.77,53.67,48.66,45.7,37.86,37.86,37.86,37.86,50.34,39.1,,,,,,
2019-07-19 01:00:00+02:00,,37.65,,35.08,50.12,37.27,,37.8,,37.06,37.06,37.06,37.06,49.75,37.06,34.97,41.09,,62.94,45.0,44.17,,41.88,,,,56.57,56.57,,45.0,56.57,56.57,56.57,56.57,37.06,37.06,,,,,35.87,37.06,37.06,37.06,37.06,37.06,54.99,49.75,44.21,42.51,37.06,37.06,37.06,37.06,45.0,37.8,,,,,,
2019-07-19 02:00:00+02:00,,37.76,,34.13,50.11,36.71,,37.5,,37.0,37.0,37.0,37.0,47.25,37.0,33.82,38.21,,62.95,44.92,44.11,,38.95,,,,50.0,56.57,,44.92,56.57,56.57,56.57,56.57,37.0,37.0,,,,,35.35,37.0,37.0,37.0,37.0,37.0,55.21,47.25,44.14,42.27,37.0,37.0,37.0,37.0,44.92,37.5,,,,,,
2019-07-19 03:00:00+02:00,,38.31,,30.4,48.99,36.32,,37.5,,36.66,36.66,36.66,36.66,47.07,36.66,29.75,37.78,,62.95,44.46,42.94,,36.72,,,,56.57,56.57,,44.46,56.57,56.57,56.57,56.57,36.66,36.66,,,,,33.07,36.66,36.66,36.66,36.66,36.66,54.9,47.07,42.97,40.07,36.66,36.66,36.66,36.66,44.46,37.5,,,,,,
2019-07-19 04:00:00+02:00,,38.2,,31.0,45.07,36.4,,37.67,,36.68,36.68,36.68,36.68,47.36,36.68,30.43,34.6,,59.75,43.36,40.31,,33.63,,,,55.0,56.32,,43.36,56.32,56.32,56.32,56.32,36.68,36.68,,,,,33.41,36.68,36.68,36.68,36.68,36.68,55.24,47.36,40.35,40.07,36.68,36.68,36.68,36.68,43.36,37.67,,,,,,
2019-07-19 05:00:00+02:00,,39.11,,32.99,48.67,36.83,,37.63,,37.87,37.87,37.87,45.49,49.88,45.49,32.64,36.92,,59.74,45.0,43.77,,35.88,,,,56.07,56.07,,45.0,56.07,56.07,56.07,56.07,45.49,45.49,,,,,35.0,37.53,37.53,36.94,36.94,37.53,54.61,49.88,43.81,41.8,37.53,37.53,37.53,37.53,45.0,37.63,,,,,,
2019-07-19 06:00:00+02:00,,42.84,,41.93,50.15,41.22,,45.24,,42.84,42.84,42.84,53.3,50.91,53.3,41.19,43.24,,57.62,55.0,55.44,,41.04,,,,55.0,55.0,,55.0,55.0,55.0,55.0,55.0,53.3,53.3,,,,,42.77,38.1,38.1,36.89,36.89,38.1,59.78,50.91,55.49,52.58,38.1,38.1,38.1,41.81,55.0,45.24,,,,,,
2019-07-19 07:00:00+02:00,,52.07,,49.43,66.5,45.33,,51.6,,52.07,52.07,52.07,61.09,52.35,61.09,47.27,52.47,,59.97,59.46,69.49,,44.6,,,,59.46,59.46,,59.46,59.46,59.46,68.0,59.46,61.09,61.09,,,,,51.84,38.09,38.09,38.03,38.03,38.09,61.33,52.35,69.55,61.1,38.09,38.09,38.09,50.82,59.46,51.6,,,,,,
2019-07-19 08:00:00+02:00,,52.48,,50.53,66.04,48.27,,57.0,,52.48,52.48,52.48,68.95,56.61,63.45,48.95,54.19,,59.97,61.2,60.04,,61.82,,,,61.2,61.2,,61.2,61.2,61.2,68.0,61.2,68.95,68.95,,,,,52.33,38.38,38.38,38.38,38.38,38.38,69.22,56.61,68.07,59.94,38.38,38.38,38.38,51.22,61.2,57.0,,,,,,
2019-07-19 09:00:00+02:00,,49.43,,49.43,66.48,48.03,,60.0,,49.43,49.43,49.43,68.65,57.08,64.95,49.43,62.45,,59.97,61.0,61.0,,65.23,,,,61.0,61.0,,61.0,61.0,61.0,68.0,61.0,68.65,68.65,,,,,49.43,38.86,38.86,38.69,38.69,38.86,68.93,57.08,62.79,58.95,38.86,38.86,38.86,48.24,61.0,60.0,,,,,,
2019-07-19 10:00:00+02:00,,47.86,,47.86,69.54,46.81,,58.72,,47.86,47.86,47.86,70.04,57.17,66.52,47.86,66.9,,59.81,56.32,58.72,,69.89,,,,56.32,56.32,,56.32,56.32,56.32,56.32,56.32,70.04,70.04,,,,,47.86,39.03,39.03,39.03,39.03,39.03,70.32,57.17,58.78,58.06,39.03,39.03,39.03,46.71,56.32,58.72,,,,,,
2019-07-19 11:00:00+02:00,,47.03,,47.03,64.05,46.22,,58.72,,47.03,47.03,47.03,67.07,57.01,64.98,47.03,58.87,,59.97,56.57,58.72,,61.5,,,,56.57,56.57,,56.57,56.57,56.57,56.57,56.57,67.07,67.07,,,,,47.03,38.77,38.77,38.77,38.77,38.77,67.34,57.01,58.78,58.98,38.77,38.77,38.77,45.9,56.57,58.72,,,,,,
2019-07-19 12:00:00+02:00,,44.01,,44.01,64.07,43.19,,59.93,,44.01,44.01,44.01,68.34,57.17,67.44,44.01,56.19,,59.96,50.58,59.93,,57.31,,,,50.58,50.58,,50.58,50.58,50.58,50.58,50.58,68.34,68.34,,,,,44.01,38.76,38.76,38.76,38.76,38.76,68.62,57.17,60.0,59.92,38.76,38.76,38.76,42.96,50.58,59.93,,,,,,
2019-07-19 13:00:00+02:00,,39.59,,39.59,63.91,40.47,,57.94,,39.59,39.59,39.59,70.05,57.05,62.04,39.59,50.1,,59.79,48.0,57.94,,51.11,,,,48.0,48.0,,48.0,48.0,48.0,48.0,48.0,70.05,70.05,,,,,39.59,38.32,38.32,38.32,38.32,38.32,70.33,57.05,58.0,59.28,38.32,38.32,38.32,38.64,48.0,57.94,,,,,,
2019-07-19 14:00:00+02:00,,39.4,,39.4,61.07,39.95,,55.02,,39.4,39.4,39.4,67.93,54.41,61.99,39.4,41.17,,58.32,52.96,55.02,,42.0,,,,52.96,52.96,,52.96,52.96,52.96,52.96,52.96,67.93,67.93,,,,,39.4,38.21,38.21,38.21,38.21,38.21,68.21,54.41,55.08,59.29,38.21,38.21,38.21,38.45,52.96,55.02,,,,,,
2019-07-19 15:00:00+02:00,,39.2,,39.2,60.97,40.0,,54.92,,39.2,39.2,39.2,68.18,52.14,64.8,39.2,40.58,,57.68,56.32,54.92,,41.39,,,,56.32,56.32,,56.32,56.32,56.32,56.32,56.32,68.18,68.18,,,,,39.2,38.25,38.25,38.25,38.25,38.25,68.47,52.14,54.98,58.28,38.25,38.25,38.25,38.26,56.32,54.92,,,,,,
2019-07-19 16:00:00+02:00,,39.36,,39.36,61.36,40.15,,61.27,,39.36,39.36,39.36,61.19,52.34,61.19,39.36,40.58,,58.32,56.07,61.27,,41.39,,,,56.07,56.07,,56.07,56.07,56.07,56.07,56.07,61.19,61.19,,,,,39.36,38.23,38.23,38.23,38.23,38.23,61.45,52.34,61.34,58.63,38.23,38.23,38.23,38.42,56.07,61.27,,,,,,
2019-07-19 17:00:00+02:00,,46.21,,46.21,60.72,45.28,,54.0,,46.21,46.21,46.21,62.04,51.81,62.04,46.21,47.5,,57.76,58.83,54.69,,48.45,,,,58.83,58.83,,58.83,58.83,58.83,74.57,58.83,62.04,62.04,,,,,46.21,38.41,38.41,38.41,38.41,38.41,62.31,51.81,54.76,57.06,38.41,38.41,38.41,45.1,58.83,54.0,,,,,,
2019-07-19 18:00:00+02:00,,51.27,,49.7,60.01,47.04,,50.74,,51.27,51.27,51.27,63.62,50.98,63.62,48.47,49.81,,57.78,56.07,54.02,,50.82,,,,63.35,63.35,,56.07,63.35,63.35,74.68,63.35,63.62,63.62,,,,,51.15,38.42,38.42,38.42,38.42,38.42,63.89,50.98,54.09,56.97,38.42,38.42,38.42,50.04,56.07,50.74,,,,,,
2019-07-19 19:00:00+02:00,,55.0,,48.71,61.3,46.77,,55.1,,55.0,55.0,55.0,62.55,52.0,62.55,48.85,50.2,,57.75,58.5,55.28,,51.22,,,,58.5,63.35,,58.5,63.35,63.35,94.57,63.35,62.55,62.55,,,,,51.56,38.49,38.49,38.49,38.49,38.49,62.82,52.0,55.35,57.45,38.49,38.49,38.49,53.68,58.5,55.1,,,,,,
2019-07-19 20:00:00+02:00,,53.99,,50.73,54.29,46.25,,53.52,,53.99,53.99,53.99,60.39,52.34,49.74,48.9,50.25,,60.03,53.99,57.02,,51.27,,,,63.35,63.35,,53.99,63.35,63.35,111.31,63.35,60.39,60.39,,,,,51.61,38.45,38.45,38.45,38.45,38.45,60.65,52.34,57.09,59.28,38.45,38.45,38.45,38.45,53.99,53.52,,,,,,
2019-07-19 21:00:00+02:00,,57.0,,46.45,50.34,46.05,,50.24,,57.0,57.0,57.0,59.33,52.07,50.38,46.59,47.86,,59.89,57.0,58.97,,48.73,,,,63.35,63.35,,57.0,63.35,63.35,111.31,63.35,59.33,59.33,,,,,49.16,38.45,38.45,38.45,38.45,38.45,59.59,52.07,59.05,62.01,38.45,38.45,38.45,38.45,57.0,50.24,,,,,,
2019-07-19 22:00:00+02:00,,50.6,,50.6,61.37,46.16,,48.5,,50.6,50.6,50.6,45.45,51.1,45.37,50.6,49.61,,59.82,50.6,58.0,,48.27,,,,56.57,56.57,,50.6,56.57,56.57,74.68,56.57,45.45,45.45,,,,,50.6,38.45,38.45,38.45,38.45,38.45,61.08,51.1,58.07,57.99,38.45,38.45,38.45,38.45,50.6,48.5,,,,,,
2019-07-19 23:00:00+02:00,,44.92,,44.92,53.46,43.3,,44.01,,44.92,44.92,44.92,38.43,49.61,38.43,44.92,44.04,,55.88,44.92,50.07,,42.85,,,,56.07,56.07,,44.92,56.07,56.07,74.68,56.07,38.43,38.43,,,,,44.92,38.43,38.43,38.43,38.43,38.43,58.13,49.61,50.14,51.4,38.43,38.43,38.43,38.43,44.92,44.01,,,,,,
2019-07-20 00:00:00+02:00,,41.21,,41.21,45.01,42.55,,43.63,,41.21,41.21,41.21,39.35,53.0,39.35,41.21,50.89,,57.64,46.0,49.75,,40.75,,,,46.0,56.07,,46.0,56.07,56.07,58.6,56.07,39.35,39.35,,,,,41.21,39.35,39.35,39.35,38.72,39.35,54.4,53.0,49.79,49.57,39.35,39.35,39.35,39.35,46.0,43.63,,,,,,
2019-07-20 01:00:00+02:00,,38.08,,38.08,42.09,40.33,,40.36,,38.08,38.08,38.08,38.08,51.51,38.08,38.08,40.22,,56.85,41.42,43.19,,38.27,,,,43.23,58.6,,41.42,58.6,58.6,58.6,58.6,38.08,38.08,,,,,38.08,38.08,38.08,38.08,38.08,38.08,54.8,51.51,43.24,44.58,38.08,38.08,38.08,38.08,41.42,40.36,,,,,,
2019-07-20 02:00:00+02:00,,36.81,,36.81,38.14,37.43,,37.5,,36.81,36.81,36.81,36.81,49.15,36.81,36.81,38.01,,56.89,40.69,43.11,,36.17,,,,43.23,56.07,,40.69,56.07,56.07,56.07,56.07,36.81,36.81,,,,,36.81,36.81,36.81,36.81,36.81,36.81,54.79,49.15,43.15,43.45,36.81,36.81,36.81,36.81,40.69,37.5,,,,,,
2019-07-20 03:00:00+02:00,,35.61,,32.27,38.33,36.24,,36.52,,35.61,35.61,35.61,35.61,47.07,35.61,29.48,36.71,,56.89,39.96,42.55,,34.93,,,,56.07,56.07,,39.96,56.07,56.07,56.07,56.07,35.61,35.61,,,,,35.54,35.61,35.61,35.61,35.61,35.61,54.37,47.07,42.59,42.89,35.61,35.61,35.61,35.61,39.96,36.52,,,,,,
2019-07-20 04:00:00+02:00,,34.36,,31.29,33.03,35.8,,35.57,,34.36,34.36,34.36,34.36,46.71,34.36,28.73,35.44,,56.18,38.12,39.46,,33.73,,,,55.23,55.23,,38.12,55.23,55.23,55.23,55.23,34.36,34.36,,,,,34.32,34.36,34.36,34.36,34.36,34.36,54.7,46.71,39.51,41.84,34.36,34.36,34.36,34.36,38.12,35.57,,,,,,
2019-07-20 05:00:00+02:00,,34.03,,30.84,32.43,35.74,,35.0,,34.03,34.03,34.03,34.03,48.89,34.03,28.14,35.09,,50.5,35.5,38.31,,33.4,,,,48.23,52.11,,37.83,52.11,52.11,52.11,52.11,34.03,34.03,,,,,33.98,34.03,34.03,34.03,34.03,34.03,54.29,48.89,38.35,39.33,34.03,34.03,34.03,34.03,35.5,35.0,,,,,,
2019-07-20 06:00:00+02:00,,35.0,,31.48,38.01,35.93,,35.16,,35.0,35.0,35.0,35.0,45.5,35.0,28.55,35.6,,50.5,36.56,43.39,,34.42,,,,36.56,42.71,,36.56,42.71,42.71,42.71,42.71,35.0,35.0,,,,,34.91,35.0,35.0,35.0,35.0,35.0,56.57,45.5,43.44,45.03,35.0,35.0,35.0,35.0,36.56,35.16,,,,,,
2019-07-20 07:00:00+02:00,,35.9,,32.13,40.31,37.41,,35.7,,35.9,35.9,35.9,35.9,45.0,35.9,28.99,43.33,,49.9,41.42,53.04,,39.67,,,,43.23,43.23,,41.42,43.23,43.23,50.0,43.23,35.9,35.9,,,,,35.79,35.9,35.9,35.9,35.9,35.9,55.97,45.0,53.1,51.55,35.9,35.9,35.9,35.9,41.42,35.7,,,,,,
2019-07-20 08:00:00+02:00,,36.79,,32.95,40.97,37.57,,37.0,,36.79,36.79,36.79,47.17,47.51,47.17,29.76,44.52,,56.18,41.42,55.03,,43.41,,,,41.42,52.11,,41.42,52.11,52.11,62.0,52.11,47.17,47.17,,,,,36.66,36.79,36.79,36.79,36.79,36.79,55.98,47.51,55.09,51.08,36.79,36.79,36.79,36.79,41.42,37.0,,,,,,
2019-07-20 09:00:00+02:00,,36.8,,36.8,41.02,37.98,,36.99,,36.8,36.8,36.8,58.69,53.07,46.34,36.8,53.57,,56.48,41.42,54.97,,54.79,,,,41.42,41.42,,41.42,41.42,41.42,62.0,41.42,58.69,58.69,,,,,36.8,36.8,36.8,36.8,36.8,36.8,58.92,53.07,55.03,52.26,36.8,36.8,36.8,36.8,41.42,36.99,,,,,,
2019-07-20 10:00:00+02:00,,35.04,,35.04,38.9,37.51,,36.14,,35.04,36.22,36.22,57.09,56.19,50.07,35.04,58.46,,56.88,41.0,51.21,,59.79,,,,41.0,41.0,,41.0,41.0,41.0,50.0,41.0,57.09,57.09,,,,,35.04,36.22,36.22,36.22,36.22,36.22,58.93,56.19,51.27,52.11,36.22,36.22,36.22,36.22,41.0,36.14,,,,,,
2019-07-20 11:00:00+02:00,,35.46,,32.81,34.28,35.37,,33.4,,32.91,36.01,36.01,57.1,56.19,51.97,32.81,55.69,,56.48,40.07,52.01,,56.96,,,,40.07,40.07,,40.07,40.07,40.07,40.07,40.07,57.1,57.1,,,,,32.91,36.01,36.01,36.01,36.01,36.01,59.82,56.19,52.07,52.04,36.01,36.01,36.01,36.01,40.07,33.4,,,,,,
2019-07-20 12:00:00+02:00,,33.03,,31.63,33.88,34.07,,31.0,,31.63,35.31,35.31,57.06,56.17,49.96,31.63,45.54,,56.18,39.45,50.37,,47.72,,,,39.45,39.45,,39.45,39.45,39.45,39.45,39.45,57.06,57.06,,,,,31.63,35.31,35.31,35.31,35.31,35.31,59.74,56.17,50.43,52.08,35.31,35.31,35.31,35.31,39.45,31.0,,,,,,
2019-07-20 13:00:00+02:00,,33.5,,27.63,37.11,32.07,,29.1,,27.79,34.93,34.93,57.06,56.94,49.93,27.63,38.97,,56.48,38.07,50.37,,40.84,,,,38.07,38.07,,38.07,38.07,38.07,38.07,38.07,57.06,57.06,,,,,27.79,34.93,34.93,34.93,34.93,34.93,60.1,56.94,50.43,53.02,34.93,34.93,34.93,34.93,38.07,29.1,,,,,,
2019-07-20 14:00:00+02:00,,33.54,,27.84,38.97,31.71,,28.95,,27.98,34.68,34.68,57.02,55.53,49.93,27.84,36.19,,56.18,38.07,46.38,,37.92,,,,38.85,38.85,,38.07,38.85,38.85,38.85,38.85,57.02,57.02,,,,,27.98,34.68,34.68,34.68,34.68,34.68,58.06,55.53,46.44,51.08,34.68,34.68,34.68,34.68,38.07,28.95,,,,,,
2019-07-20 15:00:00+02:00,,33.03,,28.7,38.78,32.59,,30.0,,28.81,34.24,34.24,57.05,52.77,49.96,28.7,36.06,,56.88,38.87,53.05,,37.79,,,,38.87,38.87,,38.87,38.87,38.87,38.87,38.87,57.05,57.05,,,,,28.81,34.24,34.24,34.24,34.24,34.24,57.28,52.77,53.12,52.8,34.24,34.24,34.24,34.24,38.87,30.0,,,,,,
2019-07-20 16:00:00+02:00,,32.02,,28.6,39.93,34.48,,31.77,,31.51,34.22,34.22,57.04,49.1,49.97,30.28,32.84,,56.88,39.83,55.09,,34.42,,,,39.83,39.83,,39.83,39.83,39.83,44.01,39.83,57.04,57.04,,,,,31.83,34.22,34.22,34.22,34.22,34.22,57.27,49.1,55.17,54.03,34.22,34.22,34.22,34.22,39.83,31.77,,,,,,
2019-07-20 17:00:00+02:00,,34.74,,23.72,42.09,37.3,,34.8,,34.74,34.74,35.6,55.67,47.51,51.0,30.19,36.67,,57.68,39.97,59.38,,37.59,,,,43.23,43.23,,39.97,43.23,43.23,62.0,43.23,55.67,55.67,,,,,35.54,35.6,35.6,35.6,35.6,35.6,55.9,47.51,59.46,56.05,35.6,35.6,35.6,35.6,39.97,34.8,,,,,,
2019-07-20 18:00:00+02:00,,36.92,,35.69,44.03,38.56,,37.85,,36.92,36.92,36.92,51.46,46.8,51.46,34.66,40.08,,60.05,42.06,65.01,,42.01,,,,43.23,56.32,,42.06,56.32,56.32,74.02,56.32,51.46,51.46,,,,,36.89,36.92,36.92,36.92,36.92,36.92,55.25,46.8,65.1,54.76,36.92,36.92,36.92,36.92,42.06,37.85,,,,,,
2019-07-20 19:00:00+02:00,,38.38,,38.38,45.08,38.37,,40.01,,38.38,38.38,38.38,55.09,47.01,53.13,38.38,50.91,,61.97,43.0,63.28,,52.09,,,,43.23,58.82,,43.0,58.82,58.82,74.02,58.82,55.09,55.09,,,,,38.38,37.52,37.52,37.52,37.52,37.52,55.32,47.01,63.37,56.55,37.52,37.52,37.52,37.52,43.0,40.01,,,,,,
2019-07-20 20:00:00+02:00,,37.53,,37.53,45.08,39.78,,41.4,,37.53,37.53,37.53,50.57,50.24,50.57,37.53,50.31,,59.91,42.74,69.56,,51.49,,,,43.23,63.2,,42.74,63.2,63.2,95.6,63.2,50.57,50.57,,,,,37.53,37.53,37.53,37.53,37.53,37.53,55.11,50.24,69.66,59.14,37.53,37.53,37.53,37.53,42.74,41.4,,,,,,
2019-07-20 21:00:00+02:00,,37.72,,37.72,46.03,40.21,,40.6,,37.72,37.46,37.46,46.14,51.78,46.14,37.72,53.43,,59.88,56.08,72.81,,54.68,,,,43.23,63.2,,43.23,63.2,63.2,75.34,63.2,46.14,46.14,,,,,37.72,37.46,37.46,37.46,37.46,37.46,55.3,51.78,72.91,59.57,37.46,37.46,37.46,37.46,43.23,40.6,,,,,,
2019-07-20 22:00:00+02:00,,39.2,,39.2,44.04,42.2,,42.01,,39.2,37.95,37.95,43.03,51.81,43.03,39.2,57.12,,57.68,42.07,61.91,,58.45,,,,46.23,56.07,,42.07,56.07,56.07,74.02,56.07,43.03,43.03,,,,,39.2,37.95,37.95,37.95,37.95,37.95,54.83,51.81,62.0,52.05,37.95,37.95,37.95,37.95,42.07,42.01,,,,,,
2019-07-20 23:00:00+02:00,,37.29,,37.29,42.46,40.03,,37.7,,37.29,37.29,37.29,37.29,48.8,37.29,37.29,51.55,,57.68,39.97,46.03,,52.76,,,,42.0,42.0,,39.97,42.0,42.0,72.6,42.0,37.29,37.29,,,,,37.29,37.29,37.29,37.29,37.29,37.29,52.58,48.8,46.1,49.03,37.29,37.29,37.29,37.29,39.97,37.7,,,,,,
2019-07-21 00:00:00+02:00,,34.5,,34.5,44.08,34.05,,32.03,,34.5,34.5,35.35,35.35,50.28,35.35,34.5,55.64,,58.88,44.0,44.01,,57.06,,,,51.7,51.7,,44.0,51.7,51.7,74.02,51.7,35.35,35.35,,,,,34.5,35.64,35.64,35.35,35.35,35.64,35.63,50.28,44.06,43.08,35.35,35.35,35.35,35.35,44.0,32.03,,,,,,
2019-07-21 01:00:00+02:00,,32.4,,32.4,48.72,33.31,,28.92,,32.4,32.4,33.47,33.47,45.0,33.47,32.4,50.08,,62.17,39.26,40.74,,51.36,,,,56.32,56.32,,39.26,56.32,56.32,69.02,56.32,33.47,33.47,,,,,32.4,33.47,33.47,33.47,33.47,33.47,33.74,45.0,40.79,41.01,33.47,33.47,33.47,33.47,39.26,28.92,,,,,,
2019-07-21 02:00:00+02:00,,31.98,,31.98,47.03,32.38,,27.66,,31.98,31.98,33.03,33.03,43.0,33.03,31.98,43.97,,56.45,35.89,39.0,,41.97,,,,56.07,56.07,,35.89,56.07,56.07,56.07,56.07,33.03,33.03,,,,,31.98,33.03,33.03,33.03,33.03,33.03,34.02,43.0,39.05,39.0,33.03,33.03,33.03,33.03,35.89,27.66,,,,,,
2019-07-21 03:00:00+02:00,,30.27,,30.27,43.9,30.09,,27.7,,30.27,31.27,31.27,31.27,44.0,31.27,30.27,41.06,,56.31,35.02,35.93,,40.04,,,,40.85,51.7,,35.02,51.7,51.7,51.7,51.7,31.27,31.27,,,,,30.27,31.27,31.27,31.27,31.27,31.27,34.02,44.0,35.98,37.01,31.27,31.27,31.27,31.27,35.02,27.7,,,,,,
2019-07-21 04:00:00+02:00,,30.0,,30.0,36.07,28.92,,27.4,,30.0,30.99,30.99,30.99,44.7,30.99,30.0,39.28,,55.78,33.81,32.14,,38.41,,,,38.85,47.8,,33.81,47.8,47.8,47.8,47.8,30.99,30.99,,,,,30.0,30.99,30.99,30.99,30.99,30.99,33.69,44.7,32.19,34.05,30.99,30.99,30.99,30.99,33.81,27.4,,,,,,
2019-07-21 05:00:00+02:00,,30.03,,30.03,31.31,28.93,,26.57,,30.03,31.55,31.55,31.55,45.5,31.55,30.03,38.87,,38.37,30.03,30.0,,37.4,,,,38.85,44.43,,33.63,44.43,44.43,44.43,44.43,31.55,31.55,,,,,30.03,31.55,31.55,31.55,31.55,31.55,33.67,45.5,30.04,34.05,31.55,31.55,31.55,31.55,30.03,26.57,,,,,,
2019-07-21 06:00:00+02:00,,29.88,,29.88,31.05,28.77,,25.48,,29.88,33.35,33.35,33.35,43.93,33.35,29.88,37.83,,32.52,32.84,34.0,,36.11,,,,32.84,40.23,,32.84,40.23,40.23,40.23,40.23,33.35,33.35,,,,,29.88,33.35,33.35,33.35,33.35,33.35,34.02,43.93,34.05,35.07,33.35,33.35,33.35,33.35,32.84,25.48,,,,,,
2019-07-21 07:00:00+02:00,,30.67,,30.67,33.01,29.89,,26.5,,30.67,35.13,35.13,35.13,45.0,35.13,30.67,38.83,,36.51,34.9,34.89,,37.07,,,,34.9,39.5,,34.9,39.5,39.5,39.5,39.5,35.13,35.13,,,,,30.67,35.13,35.13,35.13,35.13,35.13,35.42,45.0,34.95,40.12,35.13,35.13,35.13,35.13,34.9,26.5,,,,,,
2019-07-21 08:00:00+02:00,,31.02,,31.02,25.94,29.49,,27.5,,31.02,35.8,35.8,42.02,46.51,42.02,31.02,36.69,,35.87,37.16,38.87,,35.03,,,,37.16,44.73,,37.16,44.73,44.73,44.73,44.73,42.02,42.02,,,,,31.02,35.8,35.8,35.8,35.8,35.8,42.37,46.51,38.93,41.53,35.8,35.8,35.8,35.8,37.16,27.5,,,,,,
2019-07-21 09:00:00+02:00,,31.01,,31.01,25.92,27.89,,27.0,,31.01,36.4,36.4,44.87,48.0,44.87,31.01,42.05,,35.0,37.16,40.1,,40.15,,,,37.16,50.0,,37.16,50.0,50.0,50.0,50.0,44.87,44.87,,,,,31.01,36.4,36.4,36.4,36.4,36.4,45.24,48.0,40.16,43.48,36.4,36.4,36.4,36.4,37.16,27.0,,,,,,
2019-07-21 10:00:00+02:00,,32.09,,29.69,29.05,26.57,,26.7,,29.69,36.5,36.5,51.57,46.66,47.85,29.69,55.62,,51.0,38.5,39.56,,37.27,,,,38.5,45.0,,38.5,45.0,45.0,45.0,45.0,51.57,51.57,,,,,29.69,36.5,36.5,36.5,36.5,36.5,51.99,46.66,39.62,44.22,36.5,36.5,36.5,36.5,38.5,26.7,,,,,,
2019-07-21 11:00:00+02:00,,33.68,,30.13,28.0,24.65,,27.58,,29.31,36.34,36.34,51.57,48.1,47.82,30.24,57.49,,52.0,38.85,41.0,,37.07,,,,38.85,39.02,,38.85,39.02,39.02,39.02,39.02,51.57,51.57,,,,,30.13,36.34,36.34,36.34,36.34,36.34,52.0,48.1,41.06,46.01,36.34,36.34,36.34,36.34,38.85,41.0,,,,,,
2019-07-21 12:00:00+02:00,,33.09,,29.29,31.05,23.68,,25.3,,28.72,35.42,35.42,51.56,51.01,48.62,32.23,49.37,,52.0,38.5,40.16,,36.07,,,,38.5,39.0,,38.5,39.0,39.0,39.0,39.0,51.56,51.56,,,,,29.29,35.42,35.42,35.42,35.42,35.42,51.99,51.01,40.22,45.08,35.42,35.42,35.42,35.42,38.5,25.3,,,,,,
2019-07-21 13:00:00+02:00,,37.99,,19.55,36.07,20.8,,24.7,,13.05,34.54,34.54,51.56,54.31,47.26,19.55,43.82,,51.0,37.99,40.16,,36.0,,,,37.99,37.99,,37.99,37.99,37.99,37.99,37.99,51.56,51.56,,,,,25.0,34.54,34.54,34.54,34.54,34.54,52.0,54.31,40.22,46.55,34.54,34.54,34.54,34.54,37.99,24.7,,,,,,
2019-07-21 14:00:00+02:00,,35.87,,16.98,39.97,16.49,,18.0,,9.75,33.48,33.48,46.22,55.42,46.22,16.98,32.25,,39.5,37.16,40.16,,30.8,,,,37.16,37.16,,37.16,37.16,37.16,37.16,37.16,46.22,46.22,,,,,26.2,33.48,33.48,33.48,33.48,33.48,46.61,55.42,40.22,45.06,33.48,33.48,33.48,33.48,37.16,18.0,,,,,,
2019-07-21 15:00:00+02:00,,33.1,,20.86,41.04,15.92,,19.85,,20.86,32.9,32.9,44.83,53.01,44.83,20.86,26.69,,51.7,38.5,40.78,,25.49,,,,38.5,38.5,,38.5,38.5,38.5,38.5,38.5,44.83,44.83,,,,,20.86,32.9,32.9,32.9,32.9,32.9,45.21,53.01,40.85,45.07,32.9,32.9,32.9,32.9,38.5,19.85,,,,,,
2019-07-21 16:00:00+02:00,,32.08,,28.04,51.01,19.91,,24.73,,28.04,28.04,33.84,44.99,50.1,44.99,28.04,28.73,,54.0,39.45,41.75,,25.99,,,,39.45,39.45,,39.45,39.45,39.45,39.45,39.45,44.99,44.99,,,,,28.04,33.84,33.84,33.84,33.84,33.84,45.37,50.1,41.82,48.04,33.84,33.84,33.84,33.84,39.45,24.73,,,,,,
2019-07-21 17:00:00+02:00,,32.02,,32.02,61.37,29.14,,26.8,,32.02,32.02,35.09,44.9,48.87,44.9,32.02,32.93,,55.45,42.0,51.91,,26.36,,,,42.0,42.0,,42.0,42.0,42.0,42.0,42.0,44.9,44.9,,,,,32.02,35.09,35.09,35.09,35.09,35.09,45.28,48.87,52.0,51.11,35.09,35.09,35.09,35.09,42.0,26.8,,,,,,
2019-07-21 18:00:00+02:00,,35.9,,35.9,61.38,35.76,,33.8,,35.9,35.9,36.44,44.82,48.0,44.82,35.9,39.03,,59.99,42.0,52.67,,32.49,,,,51.7,51.7,,42.0,51.7,51.7,62.0,51.7,44.82,44.82,,,,,35.9,36.44,36.44,36.44,36.44,36.44,45.2,48.0,52.76,52.02,36.44,36.44,36.44,36.44,42.0,33.8,,,,,,
2019-07-21 19:00:00+02:00,,42.42,,42.42,69.55,40.08,,39.8,,42.42,42.42,41.88,46.78,49.5,46.78,42.42,43.64,,63.0,44.0,57.04,,32.49,,,,56.57,56.57,,44.0,56.57,56.57,72.63,56.57,46.78,46.78,,,,,42.42,37.89,37.89,37.89,37.89,37.89,47.35,49.5,57.14,53.15,37.89,37.89,37.89,37.89,44.0,39.8,,,,,,
2019-07-21 20:00:00+02:00,,43.6,,43.6,61.4,41.76,,43.5,,43.6,43.46,43.46,44.87,54.4,44.87,43.6,44.85,,60.08,47.0,70.01,,32.49,,,,63.2,63.2,,47.0,63.2,63.2,74.02,63.2,44.87,44.87,,,,,43.6,38.58,38.58,38.58,38.58,38.58,52.0,54.4,70.13,60.19,38.58,38.58,38.58,38.58,47.0,43.5,,,,,,
2019-07-21 21:00:00+02:00,,44.92,,44.92,61.38,42.95,,44.3,,44.92,38.71,38.71,44.48,56.51,44.48,44.92,46.0,,62.99,65.03,73.92,,32.49,,,,63.2,63.2,,50.19,63.2,63.2,74.02,63.2,44.48,44.48,,,,,44.92,38.71,38.71,38.71,38.71,38.71,53.97,56.51,74.05,62.01,38.71,38.71,38.71,38.71,50.19,44.3,,,,,,
2019-07-21 22:00:00+02:00,,46.62,,46.62,61.38,44.54,,45.5,,46.62,38.68,38.68,40.88,57.69,40.88,46.62,47.61,,59.97,48.19,64.99,,30.0,,,,56.57,56.57,,48.19,56.57,56.57,74.02,56.57,40.88,40.88,,,,,46.62,38.68,38.68,38.68,38.68,38.68,52.01,57.69,65.11,53.68,38.68,38.68,38.68,38.68,48.19,45.5,,,,,,
2019-07-21 23:00:00+02:00,,40.0,,40.0,50.11,41.91,,40.2,,40.0,38.21,38.21,38.21,53.75,38.21,40.0,40.85,,62.74,43.12,49.21,,30.0,,,,56.07,56.07,,43.12,56.07,56.07,72.63,56.07,38.21,38.21,,,,,40.0,38.21,38.21,37.6,37.6,38.21,40.19,53.75,49.3,45.07,37.6,38.21,38.21,38.21,43.12,40.2,,,,,,
2019-07-22 00:00:00+02:00,,37.47,,37.47,43.03,38.29,,38.42,,37.47,37.47,37.47,37.47,57.17,37.47,37.47,36.5,,61.15,45.0,43.74,,23.0,,,,45.0,51.88,,45.0,51.88,51.88,56.0,51.88,37.47,37.47,,,,,37.47,37.47,37.47,37.47,37.47,37.47,40.94,57.17,43.82,44.44,37.47,37.47,37.47,37.47,45.0,38.42,,,,,,
2019-07-22 01:00:00+02:00,,35.11,,35.11,39.96,36.02,,37.0,,35.11,35.11,35.11,35.11,54.17,35.11,35.11,34.21,,59.74,39.45,41.06,,11.0,,,,55.63,56.32,,39.45,56.32,56.32,56.32,56.32,35.11,35.11,,,,,35.11,35.11,35.11,35.11,35.11,35.11,35.41,54.17,41.14,44.04,35.11,35.11,35.11,35.11,39.45,37.0,,,,,,
2019-07-22 02:00:00+02:00,,34.62,,32.4,40.01,35.83,,37.0,,34.23,34.23,34.23,34.23,52.0,34.23,32.14,31.48,,57.62,34.62,37.83,,10.0,,,,56.07,56.07,,37.16,56.07,56.07,56.07,56.07,34.23,34.23,,,,,33.14,34.23,34.23,34.23,34.23,34.23,35.58,52.0,37.9,39.43,34.23,34.23,34.23,34.23,34.62,37.0,,,,,,
2019-07-22 03:00:00+02:00,,35.69,,27.3,38.17,35.69,,36.34,,34.22,34.22,34.22,34.22,52.07,34.22,26.34,26.53,,57.12,35.69,36.86,,1.0,,,,51.88,51.88,,36.23,51.88,51.88,51.88,51.88,34.22,34.22,,,,,30.07,34.22,34.22,34.22,34.22,34.22,34.51,52.07,36.93,36.85,34.22,34.22,34.22,34.22,35.69,36.34,,,,,,
2019-07-22 04:00:00+02:00,,36.3,,24.11,39.31,35.33,,36.06,,34.16,34.16,34.16,34.16,53.5,34.16,22.77,23.26,,55.77,36.3,36.06,,0.0,,,,51.88,51.88,,36.3,51.88,51.88,51.88,51.88,34.16,34.16,,,,,28.15,34.16,34.16,34.16,34.16,34.16,34.46,53.5,36.13,36.32,34.16,34.16,34.16,34.16,36.3,36.06,,,,,,
2019-07-22 05:00:00+02:00,,38.04,,27.46,49.55,36.28,,36.93,,36.18,36.18,36.18,36.18,56.19,36.18,26.25,26.68,,51.83,38.04,38.67,,0.0,,,,51.88,51.88,,38.04,51.88,51.88,51.88,51.88,36.18,36.18,,,,,30.98,36.18,36.18,36.18,36.18,36.18,36.5,56.19,40.24,38.21,36.18,36.18,36.18,36.18,38.04,36.93,,,,,,
2019-07-22 06:00:00+02:00,,44.94,,34.31,62.65,41.07,,43.06,,42.9,42.9,42.9,55.68,56.78,55.68,33.03,32.19,,51.52,44.94,46.71,,0.0,,,,45.0,45.0,,45.0,45.0,45.0,45.0,45.0,55.68,55.68,,,,,37.91,37.94,37.94,37.26,37.26,37.94,56.16,56.78,51.73,47.05,37.26,37.26,37.26,37.26,44.94,43.06,,,,,,
2019-07-22 07:00:00+02:00,,47.97,,46.41,69.58,46.07,,48.42,,47.69,47.69,47.69,59.62,57.69,59.62,46.25,45.45,,55.77,47.97,59.53,,1.0,,,,47.97,47.97,,47.97,47.97,47.97,50.0,47.97,59.62,59.62,,,,,46.95,37.7,37.7,37.63,37.63,37.7,60.13,57.69,62.9,58.43,37.63,37.63,37.63,37.63,47.97,48.42,,,,,,
2019-07-22 08:00:00+02:00,,48.0,,48.0,69.58,47.75,,48.7,,48.0,48.0,48.0,67.29,57.69,67.29,48.0,46.8,,57.0,56.32,59.94,,25.16,,,,56.32,56.32,,56.32,56.32,56.32,62.0,56.32,67.29,67.29,,,,,48.0,37.91,37.91,37.91,37.91,37.91,67.87,57.69,62.05,58.07,37.91,37.91,37.91,37.91,56.32,48.7,,,,,,
2019-07-22 09:00:00+02:00,,46.88,,41.48,69.56,47.15,,46.99,,46.47,46.47,46.47,67.28,57.69,67.28,46.4,45.24,,57.68,56.11,59.99,,32.53,,,,56.11,56.11,,56.11,56.11,56.11,62.0,56.11,67.28,67.28,,,,,43.97,38.12,38.12,38.12,38.12,38.12,67.86,57.69,60.11,59.12,38.12,38.12,38.12,38.12,56.11,46.99,,,,,,
2019-07-22 10:00:00+02:00,,44.94,,40.54,64.09,46.69,,46.5,,44.45,44.45,44.45,67.21,57.05,67.21,46.07,44.92,,55.47,55.0,57.03,,32.53,,,,55.0,55.0,,55.0,55.0,55.0,55.0,55.0,67.21,67.21,,,,,43.36,38.17,38.17,38.17,38.17,38.17,67.78,57.05,57.14,57.09,38.17,38.17,38.17,38.17,55.0,46.5,,,,,,
2019-07-22 11:00:00+02:00,,43.01,,39.37,62.56,44.97,,45.2,,42.2,42.2,42.2,67.34,56.19,67.34,44.88,43.76,,56.9,52.22,52.38,,33.0,,,,52.22,52.22,,52.22,52.22,52.22,52.22,52.22,67.34,67.34,,,,,40.78,38.07,38.07,38.07,38.07,38.07,67.92,56.19,52.49,58.02,38.07,38.07,38.07,38.07,52.22,45.2,,,,,,
2019-07-22 12:00:00+02:00,,39.97,,33.93,65.56,41.97,,43.24,,38.35,38.35,38.35,68.43,57.0,68.43,44.31,43.2,,55.77,50.0,53.51,,35.89,,,,50.0,50.0,,50.0,50.0,50.0,50.0,50.0,68.43,68.43,,,,,35.27,37.66,37.66,37.66,37.66,37.66,69.01,57.0,53.62,58.18,37.66,37.66,37.66,37.66,50.0,43.24,,,,,,
2019-07-22 13:00:00+02:00,,39.99,,33.49,62.84,40.77,,43.7,,38.39,37.34,38.39,67.2,57.05,67.2,43.04,41.97,,59.97,50.01,50.76,,37.12,,,,50.01,50.01,,50.01,50.01,50.01,50.01,50.01,67.2,67.2,,,,,35.92,37.34,37.34,37.34,37.34,37.34,67.77,57.05,50.86,63.23,37.34,37.34,37.34,37.34,50.01,43.7,,,,,,
2019-07-22 14:00:00+02:00,,38.93,,33.35,63.96,39.87,,41.16,,38.0,37.19,38.0,66.36,56.54,66.36,41.52,40.5,,57.68,54.21,51.94,,37.12,,,,54.21,54.21,,54.21,54.21,54.21,54.21,54.21,66.36,66.36,,,,,35.9,37.19,37.19,37.19,37.19,37.19,66.92,56.54,52.05,62.79,37.19,37.19,37.19,37.19,54.21,41.16,,,,,,
2019-07-22 15:00:00+02:00,,39.15,,34.12,67.55,39.85,,40.93,,38.31,37.4,38.31,61.09,57.08,61.09,41.52,40.5,,57.68,56.07,55.59,,34.0,,,,56.07,56.07,,56.07,56.07,56.07,56.07,56.07,61.09,61.09,,,,,36.52,37.4,37.4,37.4,37.4,37.4,61.61,57.08,55.71,63.29,37.4,37.4,37.4,37.4,56.07,40.93,,,,,,
2019-07-22 16:00:00+02:00,,40.11,,38.91,65.82,40.53,,42.1,,39.76,37.67,39.76,61.08,57.17,61.08,41.06,40.06,,59.81,58.82,58.76,,37.12,,,,58.82,58.82,,58.82,58.82,58.82,58.82,58.82,61.08,61.08,,,,,38.91,37.67,37.67,37.67,37.67,37.67,61.59,57.17,58.88,62.95,37.67,37.67,37.67,37.67,58.82,42.1,,,,,,
2019-07-22 17:00:00+02:00,,44.98,,44.98,67.67,46.21,,45.8,,44.98,44.01,44.98,61.8,57.17,61.8,44.98,45.72,,63.48,60.34,60.55,,39.74,,,,60.34,60.34,,60.34,60.34,60.34,67.68,60.34,61.8,61.8,,,,,44.98,37.87,37.87,37.85,37.85,37.87,62.32,57.17,60.69,62.48,37.85,37.85,37.85,37.85,60.34,45.8,,,,,,
2019-07-22 18:00:00+02:00,,48.98,,48.98,69.59,47.28,,49.62,,48.98,38.42,48.98,58.59,57.01,58.59,48.98,50.08,,66.2,57.09,63.81,,47.8,,,,62.17,62.17,,62.17,62.17,62.17,74.68,62.17,58.59,58.59,,,,,48.98,38.42,38.42,38.42,38.42,38.42,59.08,57.01,63.95,63.05,38.42,38.42,38.42,38.42,57.09,49.62,,,,,,
2019-07-22 19:00:00+02:00,,53.94,,53.94,72.63,48.73,,53.9,,53.94,38.4,38.4,56.18,56.54,56.18,53.94,55.15,,66.12,53.94,65.17,,52.64,,,,64.61,64.61,,64.61,64.61,64.61,74.68,64.61,56.18,56.18,,,,,53.94,38.4,38.4,38.4,38.4,38.4,56.66,56.54,65.31,63.08,38.4,38.4,38.4,38.4,53.94,53.9,,,,,,
2019-07-22 20:00:00+02:00,,53.34,,53.34,73.1,48.45,,53.5,,53.34,38.31,38.31,55.62,55.99,55.62,53.34,54.53,,67.79,63.23,66.13,,52.05,,,,63.23,63.23,,63.23,63.23,63.23,95.72,63.23,55.62,55.62,,,,,53.34,38.31,38.31,38.31,38.31,38.31,56.09,55.99,66.28,64.71,38.31,38.31,38.31,38.31,63.23,53.5,,,,,,
2019-07-22 21:00:00+02:00,,50.59,,50.59,69.58,47.93,,52.46,,50.59,38.12,38.12,54.95,56.19,54.95,50.59,51.73,,67.8,61.6,63.74,,49.37,,,,64.55,64.55,,64.55,64.55,64.55,95.72,64.55,54.95,54.95,,,,,50.59,38.12,38.12,38.12,38.12,38.12,55.41,56.19,63.88,65.49,38.12,38.12,38.12,38.12,61.6,52.46,,,,,,
2019-07-22 22:00:00+02:00,,51.87,,51.87,69.56,47.02,,50.8,,51.87,38.05,38.05,53.69,55.42,53.69,51.87,53.04,,61.33,62.17,63.69,,50.61,,,,62.17,62.17,,62.17,62.17,62.17,80.0,62.17,53.69,53.69,,,,,51.87,38.05,38.05,38.05,38.05,38.05,55.03,55.42,63.84,63.78,38.05,38.05,38.05,38.05,62.17,50.8,,,,,,
2019-07-22 23:00:00+02:00,,43.36,,43.36,61.04,44.33,,44.1,,43.36,38.04,38.04,41.19,55.67,41.19,43.36,44.34,,65.38,56.07,54.0,,42.31,,,,56.07,56.07,,56.07,56.07,56.07,74.68,56.07,41.19,41.19,,,,,43.36,38.04,38.04,38.04,37.72,38.04,51.19,55.67,54.12,53.27,37.72,38.04,38.04,38.04,56.07,44.1,,,,,,
2019-07-23 00:00:00+02:00,,38.61,,38.61,50.11,40.02,,40.3,,38.61,37.96,37.96,42.57,56.02,42.57,38.61,42.17,,62.38,48.86,51.24,,40.12,,,,48.86,48.86,,48.86,48.86,48.86,71.84,48.86,42.57,42.57,,,,,38.61,37.96,37.96,37.96,37.96,37.96,48.23,56.02,51.35,51.49,37.96,37.96,37.96,37.96,48.86,40.3,,,,,,
2019-07-23 01:00:00+02:00,,37.58,,37.58,48.02,38.0,,38.0,,37.58,37.58,37.58,37.58,53.25,37.58,37.58,38.83,,59.95,38.1,39.77,,36.93,,,,47.6,47.6,,47.6,47.6,47.6,62.0,47.6,37.58,37.58,,,,,37.58,37.58,37.58,37.58,37.58,37.58,49.63,53.25,39.87,44.93,37.58,37.58,37.58,37.58,38.1,38.0,,,,,,
2019-07-23 02:00:00+02:00,,36.98,,36.98,40.36,36.47,,37.25,,36.98,36.98,36.98,36.98,51.51,36.98,36.98,38.22,,59.91,36.98,37.25,,36.34,,,,48.0,48.0,,48.0,48.0,48.0,48.0,48.0,36.98,36.98,,,,,36.98,36.98,36.98,36.98,36.98,36.98,49.51,51.51,37.34,39.1,36.98,36.98,36.98,36.98,36.98,37.25,,,,,,
2019-07-23 03:00:00+02:00,,36.52,,36.52,42.16,35.75,,37.06,,36.52,36.52,36.52,36.52,50.77,36.52,36.52,37.75,,59.74,38.1,37.06,,35.89,,,,46.31,46.31,,46.31,46.31,46.31,46.31,46.31,36.52,36.52,,,,,36.52,36.52,36.52,36.52,36.52,36.52,49.54,50.77,37.14,38.08,36.52,36.52,36.52,36.52,38.1,37.06,,,,,,
2019-07-23 04:00:00+02:00,,36.89,,33.35,37.38,35.36,,36.4,,36.32,36.32,36.32,36.32,50.19,36.32,32.84,37.83,,59.74,36.89,36.4,,35.95,,,,44.72,44.72,,44.72,44.72,44.72,44.72,44.72,36.32,36.32,,,,,34.59,36.32,36.32,36.32,36.32,36.32,51.8,50.19,36.49,37.09,36.32,36.32,36.32,36.32,36.89,36.4,,,,,,
2019-07-23 05:00:00+02:00,,37.7,,37.7,37.29,36.9,,37.5,,37.7,37.7,37.7,40.79,51.5,40.79,37.7,39.0,,57.64,37.7,37.75,,37.05,,,,42.0,42.0,,42.0,42.0,42.0,42.0,42.0,40.79,40.79,,,,,37.7,37.7,37.7,37.7,37.7,37.7,51.87,51.5,37.84,39.03,37.7,37.7,37.7,37.7,37.7,37.5,,,,,,
2019-07-23 06:00:00+02:00,,45.15,,45.15,52.02,44.19,,45.5,,45.15,45.15,45.15,60.8,52.79,60.8,45.15,46.53,,55.5,45.15,52.74,,39.0,,,,45.15,45.15,,45.15,45.15,45.15,46.01,45.15,60.8,60.8,,,,,45.15,37.5,37.5,37.5,37.5,37.5,60.92,52.79,52.86,46.15,37.5,37.5,37.5,37.5,45.15,45.5,,,,,,
2019-07-23 07:00:00+02:00,,53.96,,48.24,57.78,49.66,,53.01,,53.96,53.96,53.96,72.47,53.93,72.47,48.38,49.73,,60.0,53.96,71.94,,37.21,,,,50.0,50.0,,50.0,50.0,50.0,72.69,50.0,72.47,72.47,,,,,48.04,37.72,37.72,37.72,37.72,37.72,61.31,53.93,72.12,57.85,37.72,37.72,37.72,37.72,53.96,53.01,,,,,,
2019-07-23 08:00:00+02:00,,50.98,,50.98,69.54,52.07,,53.2,,50.98,50.98,50.98,75.23,55.99,75.23,50.98,50.02,,67.78,53.33,62.06,,47.47,,,,53.33,53.33,,53.33,53.33,53.33,73.84,53.33,75.23,75.23,,,,,50.98,37.95,37.95,37.95,37.95,37.95,67.19,55.99,62.21,60.95,37.95,37.95,37.95,37.95,53.33,53.2,,,,,,
2019-07-23 09:00:00+02:00,,49.65,,49.65,60.25,50.61,,51.59,,49.65,49.65,49.65,76.57,55.57,76.57,49.65,51.06,,59.92,55.22,64.04,,48.45,,,,55.22,55.22,,55.22,55.22,55.22,73.84,55.22,76.57,76.57,,,,,49.65,38.06,38.06,38.06,38.06,38.06,70.73,55.57,64.2,60.04,38.06,38.06,38.06,38.06,55.22,51.59,,,,,,
2019-07-23 10:00:00+02:00,,46.49,,46.4,69.55,48.5,,49.9,,46.47,46.47,46.47,75.5,55.42,75.5,46.54,47.88,,59.89,54.78,63.92,,45.41,,,,54.78,54.78,,54.78,54.78,54.78,71.24,54.78,75.5,75.5,,,,,46.4,38.19,38.19,38.2,38.2,38.19,75.42,55.42,64.08,58.02,38.2,38.2,38.2,38.2,54.78,49.9,,,,,,
2019-07-23 11:00:00+02:00,,44.94,,43.18,55.05,46.67,,47.37,,44.3,44.3,44.3,75.3,55.1,75.3,45.57,44.75,,61.3,52.76,61.97,,42.43,,,,52.76,52.76,,52.76,52.76,52.76,52.76,52.76,75.3,75.3,,,,,43.18,38.21,38.21,38.21,38.21,38.21,75.43,55.1,62.12,56.09,38.21,38.21,38.21,38.21,52.76,47.37,,,,,,
2019-07-23 12:00:00+02:00,,44.38,,40.37,70.01,43.09,,46.6,,40.97,40.97,40.97,75.31,55.4,75.31,43.23,42.46,,62.48,57.5,67.92,,40.25,,,,45.45,45.45,,45.45,45.45,45.45,48.69,45.45,75.31,75.31,,,,,40.37,38.16,38.16,38.16,38.16,38.16,75.43,55.4,68.09,58.88,38.16,38.16,38.16,38.16,57.5,46.6,,,,,,
2019-07-23 13:00:00+02:00,,43.98,,40.23,76.06,41.98,,46.6,,40.23,40.23,40.23,75.31,55.4,75.31,40.84,41.72,,62.46,77.05,67.95,,39.99,,,,47.36,47.36,,47.36,47.36,47.36,47.79,47.36,75.31,75.31,,,,,40.23,37.98,37.98,37.98,37.98,37.98,75.42,55.4,68.12,59.06,37.98,37.98,37.98,37.98,53.4,46.6,,,,,,
2019-07-23 14:00:00+02:00,,43.91,,39.61,75.0,41.5,,44.01,,40.17,40.17,40.17,72.47,54.0,72.47,41.81,41.09,,62.5,77.03,66.87,,39.75,,,,54.16,54.16,,54.16,54.16,54.16,54.16,54.16,72.47,72.47,,,,,39.61,37.94,37.94,37.94,37.94,37.94,66.0,54.0,67.04,59.96,37.94,37.94,37.94,37.94,54.16,44.01,,,,,,
2019-07-23 15:00:00+02:00,,43.96,,40.39,74.34,42.58,,46.6,,40.95,40.95,40.95,68.24,55.4,68.24,42.37,41.91,,65.66,55.22,66.33,,40.65,,,,55.22,55.22,,55.22,55.22,55.22,55.22,55.22,68.24,68.24,,,,,40.39,37.9,37.9,37.9,37.9,37.9,65.98,55.4,66.5,61.2,37.9,37.9,37.9,37.9,55.22,46.6,,,,,,
2019-07-23 16:00:00+02:00,,44.93,,44.79,69.54,45.24,,46.1,,44.9,44.9,44.9,62.38,55.42,62.38,45.0,46.31,,62.51,58.82,67.0,,43.84,,,,58.82,56.57,,58.82,56.57,56.57,56.57,56.57,62.38,62.38,,,,,44.84,37.87,37.87,37.87,37.87,37.87,62.47,55.42,67.17,61.03,37.87,37.87,37.87,37.87,58.82,46.1,,,,,,
2019-07-23 17:00:00+02:00,,52.97,,52.97,69.57,49.97,,49.8,,52.97,52.97,52.97,62.37,56.25,62.37,52.97,54.62,,62.54,60.34,67.54,,52.94,,,,60.34,60.34,,60.34,60.34,60.34,73.84,60.34,62.37,62.37,,,,,52.97,37.81,37.81,37.81,37.81,37.81,62.45,56.25,67.71,63.08,37.81,37.81,37.81,37.81,60.34,49.8,,,,,,
2019-07-23 18:00:00+02:00,,57.71,,57.71,61.41,54.91,,56.12,,57.71,57.71,57.71,59.69,57.71,59.69,57.71,59.52,,66.45,62.0,71.52,,60.5,,,,62.0,62.0,,62.0,62.0,62.0,79.84,62.0,59.69,59.69,,,,,57.71,38.09,38.09,38.09,38.09,38.09,59.77,57.71,71.71,67.02,38.09,38.09,38.09,57.71,62.0,56.12,,,,,,
2019-07-23 19:00:00+02:00,,62.98,,59.35,69.55,56.66,,62.45,,62.98,62.98,62.98,62.98,58.98,62.98,59.52,61.41,,67.66,62.98,73.94,,62.4,,,,62.98,62.98,,62.98,62.98,62.98,112.31,62.98,62.98,62.98,,,,,62.82,38.01,38.01,38.01,38.01,38.01,63.06,58.98,74.13,67.53,38.01,38.01,38.01,62.98,62.98,62.45,,,,,,
2019-07-23 20:00:00+02:00,,63.41,,57.81,62.05,54.47,,58.7,,63.41,63.41,63.41,61.89,57.43,61.89,57.43,59.27,,77.51,69.05,75.21,,60.21,,,,62.98,62.98,,62.98,62.98,62.98,112.31,62.98,61.89,61.89,,,,,60.6,37.93,37.93,37.93,37.93,37.93,61.96,57.43,75.41,67.67,37.93,37.93,37.93,61.89,63.41,58.7,,,,,,
2019-07-23 21:00:00+02:00,,59.42,,58.44,62.08,52.66,,55.04,,59.42,59.42,59.42,59.42,57.71,59.42,57.71,58.05,,77.51,62.94,69.19,,56.2,,,,62.94,62.94,,62.94,62.94,62.94,112.31,62.94,59.42,59.42,,,,,59.34,37.9,37.9,37.9,37.9,37.9,59.49,57.71,69.37,67.51,37.9,37.9,37.9,59.42,62.94,55.04,,,,,,
2019-07-23 22:00:00+02:00,,55.0,,55.0,60.03,52.46,,52.0,,55.0,55.0,55.0,54.53,57.85,54.53,55.0,54.2,,77.5,55.22,63.43,,52.46,,,,55.22,55.22,,55.22,55.22,55.22,111.31,55.22,54.53,54.53,,,,,55.0,37.82,37.82,37.82,37.82,37.82,56.84,57.85,63.59,61.07,37.82,37.82,37.82,54.53,55.22,52.0,,,,,,
2019-07-23 23:00:00+02:00,,45.5,,45.5,50.15,45.43,,45.01,,45.5,45.5,45.5,44.41,57.1,44.41,45.5,44.86,,66.26,47.99,53.7,,43.4,,,,47.99,47.99,,47.99,47.99,47.99,75.3,47.99,44.41,44.41,,,,,45.5,37.6,37.6,37.6,37.6,37.6,56.78,57.1,53.84,54.36,37.6,37.6,37.6,44.41,47.99,45.01,,,,,,
2019-07-24 00:00:00+02:00,,42.25,,42.25,50.12,41.55,,42.8,,42.25,42.25,42.25,52.2,55.21,52.2,42.25,41.66,,67.68,55.0,49.58,,39.34,,,,55.0,55.0,,55.0,55.0,55.0,73.26,55.0,52.2,52.2,,,,,42.25,39.02,39.02,39.02,39.02,39.02,53.7,55.21,49.62,55.02,40.15,40.15,40.15,42.25,55.0,42.8,,,,,,
2019-07-24 01:00:00+02:00,,39.65,,39.65,49.6,39.05,,40.59,,39.65,39.65,39.65,43.75,53.19,43.75,39.65,38.99,,67.66,46.0,43.58,,36.81,,,,46.0,46.0,,46.0,46.0,46.0,65.72,46.0,43.75,43.75,,,,,39.65,38.38,38.38,38.38,38.38,38.38,51.65,53.19,43.61,48.67,39.65,39.65,39.65,39.65,46.0,40.59,,,,,,
2019-07-24 02:00:00+02:00,,38.48,,38.48,36.55,38.05,,39.5,,38.48,38.48,38.48,38.48,51.86,38.48,38.48,37.69,,67.66,38.48,39.5,,35.58,,,,42.94,42.94,,42.94,42.94,42.94,48.72,42.94,38.48,38.48,,,,,38.48,38.24,38.24,38.24,38.24,38.24,51.24,51.86,39.53,43.9,38.48,38.48,38.48,38.48,38.48,39.5,,,,,,
2019-07-24 03:00:00+02:00,,38.53,,36.1,36.04,37.62,,39.0,,38.14,38.14,38.14,38.14,51.68,38.14,35.78,35.82,,63.02,38.53,39.0,,33.81,,,,41.47,41.47,,41.47,41.47,41.47,41.47,41.47,38.14,38.14,,,,,36.92,38.14,38.14,38.14,38.14,38.14,50.8,51.68,39.03,39.75,38.14,38.14,38.14,38.14,38.53,39.0,,,,,,
2019-07-24 04:00:00+02:00,,38.37,,35.69,35.55,37.09,,39.0,,37.94,37.94,37.94,37.94,51.98,37.94,35.34,35.84,,63.09,38.37,39.0,,33.84,,,,42.08,42.08,,42.08,42.08,42.08,42.08,42.08,37.94,37.94,,,,,36.6,37.91,37.91,37.94,37.94,37.91,51.84,51.98,39.03,38.35,37.94,37.94,37.94,37.94,38.37,39.0,,,,,,
2019-07-24 05:00:00+02:00,,38.62,,38.04,44.92,38.22,,39.87,,38.53,38.53,38.53,43.58,53.2,43.58,37.97,37.45,,59.97,38.62,39.87,,35.35,,,,42.72,42.72,,42.72,42.72,42.72,48.66,42.72,43.58,43.58,,,,,38.24,38.32,38.32,38.32,38.32,38.32,54.56,53.2,39.9,40.46,38.53,38.53,38.53,38.53,38.62,39.87,,,,,,
2019-07-24 06:00:00+02:00,,45.78,,38.96,56.32,46.97,,46.98,,45.78,45.78,45.78,61.92,53.23,61.92,40.95,40.39,,59.81,47.56,51.27,,38.13,,,,47.56,47.56,,47.56,47.56,47.56,50.0,47.56,61.92,61.92,,,,,45.55,38.26,38.26,38.26,38.26,38.26,62.02,53.23,51.31,51.65,38.26,38.26,38.26,38.26,47.56,46.98,,,,,,
2019-07-24 07:00:00+02:00,,53.06,,46.05,53.94,53.13,,55.53,,53.06,53.06,53.06,71.91,54.2,71.91,51.33,45.29,,66.21,56.32,57.39,,41.0,,,,56.32,56.32,,56.32,56.32,56.32,73.26,56.32,71.91,71.91,,,,,52.8,38.34,38.34,38.34,38.34,38.34,66.33,54.2,57.42,65.75,38.34,38.34,38.34,51.79,56.32,55.53,,,,,,
2019-07-24 08:00:00+02:00,,57.35,,57.35,55.68,54.53,,55.8,,57.35,57.35,57.35,76.49,57.35,76.49,57.35,43.71,,60.08,62.0,63.13,,43.0,,,,62.0,62.0,,62.0,62.0,62.0,75.26,62.0,76.49,76.49,,,,,57.35,38.64,38.64,38.86,38.86,38.64,76.36,57.35,63.17,61.63,38.86,38.86,38.86,57.35,62.0,55.8,,,,,,
2019-07-24 09:00:00+02:00,,57.75,,57.75,56.04,53.58,,54.8,,57.75,57.75,57.75,78.11,57.79,78.11,57.75,56.58,,60.06,58.0,62.42,,57.37,,,,58.0,58.0,,58.0,58.0,58.0,75.26,58.0,78.11,78.11,,,,,57.75,38.71,38.71,39.13,39.13,38.71,78.26,57.79,62.46,64.01,39.13,39.13,39.13,57.75,58.0,54.8,,,,,,
2019-07-24 10:00:00+02:00,,52.73,,49.26,54.92,49.98,,53.34,,51.44,51.44,51.44,77.31,57.71,77.31,56.26,50.86,,60.88,56.95,61.02,,51.56,,,,56.95,56.95,,56.95,56.95,56.95,57.26,56.95,77.31,77.31,,,,,50.02,38.72,38.72,39.22,39.22,38.72,77.47,57.71,61.05,62.86,39.22,39.22,39.22,51.44,56.95,53.34,,,,,,
2019-07-24 11:00:00+02:00,,50.56,,42.12,50.96,46.66,,56.0,,47.46,47.46,47.46,77.31,58.11,77.31,58.11,43.69,,66.11,62.61,61.02,,45.0,,,,62.61,62.48,,62.61,62.48,62.48,62.48,62.48,77.31,77.31,,,,,42.4,38.75,38.75,39.18,39.18,38.75,77.47,58.11,61.05,63.71,39.18,39.18,39.18,47.46,62.61,56.0,,,,,,
2019-07-24 12:00:00+02:00,,49.24,,38.31,48.02,44.72,,56.0,,45.65,45.65,45.65,78.8,57.99,78.8,57.99,39.74,,67.79,61.42,65.99,,41.27,,,,61.42,56.53,,61.42,56.53,56.53,56.53,56.53,78.8,78.8,,,,,39.55,38.28,38.28,39.14,39.14,38.28,78.97,57.99,66.03,63.98,39.14,39.14,39.14,45.65,61.42,56.0,,,,,,
2019-07-24 13:00:00+02:00,,47.91,,40.51,50.88,43.89,,47.94,,44.08,44.08,44.08,78.09,57.24,78.09,57.24,42.03,,66.14,62.29,66.44,,43.64,,,,62.29,56.53,,62.29,56.53,56.53,56.53,56.53,78.09,78.09,,,,,40.51,38.56,38.56,39.04,39.04,38.56,78.26,57.24,66.47,64.44,39.04,39.04,39.04,44.08,62.29,47.94,,,,,,
2019-07-24 14:00:00+02:00,,48.42,,39.34,61.92,44.12,,47.0,,45.12,45.12,45.12,76.45,56.46,76.45,56.46,40.81,,60.06,66.59,68.03,,41.37,,,,66.59,56.53,,66.59,56.53,56.53,56.53,56.53,76.45,76.45,,,,,39.91,38.63,38.63,38.93,38.93,38.63,76.62,56.46,68.05,65.96,38.93,38.93,38.93,45.12,66.59,47.0,,,,,,
2019-07-24 15:00:00+02:00,,49.3,,41.26,59.92,45.1,,60.0,,47.0,47.0,47.0,81.01,54.93,81.01,54.93,42.82,,65.68,67.74,66.03,,43.39,,,,67.74,64.74,,67.74,64.74,64.74,64.74,64.74,81.01,81.01,,,,,42.95,38.65,38.65,38.92,38.92,38.65,76.4,54.93,66.05,65.02,38.92,38.92,38.92,45.87,67.74,60.0,,,,,,
2019-07-24 16:00:00+02:00,,51.86,,47.33,55.96,46.45,,65.0,,50.63,50.63,50.63,72.24,54.88,72.24,54.88,46.59,,66.15,66.59,67.03,,48.36,,,,66.59,64.99,,66.59,64.99,64.99,75.26,64.99,72.24,72.24,,,,,48.4,38.7,38.7,38.81,38.81,38.7,70.76,54.88,67.05,65.03,38.81,38.81,38.81,49.41,66.59,65.0,,,,,,
2019-07-24 17:00:00+02:00,,57.75,,57.75,59.19,53.69,,55.78,,57.75,57.75,57.75,68.22,57.75,68.22,57.75,56.86,,65.0,69.1,67.54,,59.01,,,,69.1,69.1,,69.1,69.1,69.1,75.26,69.1,68.22,68.22,,,,,57.75,38.64,38.64,38.84,38.84,38.64,68.39,57.75,67.56,66.74,38.84,38.84,38.84,56.36,69.1,55.78,,,,,,
2019-07-24 18:00:00+02:00,,68.13,,68.13,69.54,59.98,,61.48,,68.13,68.13,68.13,66.57,58.25,66.57,68.13,67.27,,66.08,69.1,68.51,,68.16,,,,70.0,70.0,,70.0,70.0,70.0,86.19,70.0,66.57,66.57,,,,,68.13,38.79,38.79,39.44,39.44,38.79,66.74,58.25,68.53,68.02,39.44,39.44,39.44,66.57,69.1,61.48,,,,,,
2019-07-24 19:00:00+02:00,,74.06,,74.06,69.56,65.01,,66.58,,74.06,74.06,74.06,72.28,58.37,72.28,74.06,72.92,,66.08,74.06,72.99,,73.88,,,,74.06,73.43,,74.06,73.43,73.43,112.31,73.43,72.28,72.28,,,,,74.06,38.71,38.71,39.32,39.32,38.71,72.47,58.37,73.01,68.55,39.32,39.32,39.32,72.28,74.06,66.58,,,,,,
2019-07-24 20:00:00+02:00,,68.16,,68.16,69.57,60.62,,63.07,,68.16,68.16,68.16,54.95,58.73,54.95,68.16,67.32,,67.79,70.93,78.56,,65.01,,,,70.93,70.93,,70.93,70.93,70.93,113.31,70.93,66.52,66.52,,,,,68.16,38.62,38.62,39.21,39.21,38.62,66.7,58.73,78.57,75.04,39.21,39.21,39.21,66.52,70.93,63.07,,,,,,
2019-07-24 21:00:00+02:00,,59.36,,59.36,69.56,56.2,,58.49,,59.36,59.36,59.36,54.95,58.98,54.95,59.36,58.63,,64.1,70.93,73.27,,56.61,,,,70.93,70.93,,70.93,70.93,70.93,113.31,70.93,57.93,57.93,,,,,59.36,38.53,38.53,38.97,38.97,38.53,62.38,58.98,73.28,72.22,38.97,38.97,38.97,57.93,70.93,58.49,,,,,,
2019-07-24 22:00:00+02:00,,57.81,,57.81,68.26,52.12,,54.4,,57.81,57.81,57.81,56.42,57.81,56.42,57.81,57.1,,65.0,64.99,63.17,,55.14,,,,64.99,64.99,,64.99,64.99,64.99,112.31,64.99,56.42,56.42,,,,,57.81,38.39,38.39,38.51,38.51,38.39,60.81,57.81,63.18,64.34,38.51,38.51,38.51,56.42,64.99,54.4,,,,,,
2019-07-24 23:00:00+02:00,,50.49,,49.8,60.01,45.19,,46.48,,49.8,49.8,49.8,48.6,53.04,48.6,52.33,51.7,,61.62,56.57,51.65,,48.73,,,,56.57,56.57,,56.57,56.57,56.57,111.31,56.57,48.6,48.6,,,,,49.8,38.53,38.53,38.72,38.72,38.53,57.01,53.04,51.66,54.37,38.72,38.72,38.72,48.6,56.57,46.48,,,,,,
2019-07-25 00:00:00+02:00,,45.62,,45.62,50.13,45.1,,44.1,,45.62,45.62,45.62,49.5,50.68,49.5,45.62,46.91,,66.04,56.07,57.98,,44.52,,,,56.07,56.07,,56.07,56.07,56.07,75.29,56.07,51.44,51.44,,,,,45.62,39.26,39.26,40.45,40.45,39.26,51.7,50.68,57.95,57.93,41.08,41.08,41.08,44.53,56.07,44.1,,,,,,
2019-07-25 01:00:00+02:00,,42.05,,42.05,50.11,42.76,,42.76,,42.05,42.05,42.05,41.04,52.06,41.04,42.05,43.23,,65.02,49.99,51.09,,37.0,,,,49.99,49.99,,49.99,49.99,49.99,74.56,49.99,41.04,41.04,,,,,42.05,39.05,39.05,40.3,40.3,39.05,52.76,52.06,51.06,53.72,41.04,41.04,41.04,41.04,49.99,42.76,,,,,,
2019-07-25 02:00:00+02:00,,39.58,,39.58,42.39,40.42,,41.0,,39.58,39.58,39.58,39.58,48.0,39.58,39.58,40.35,,61.61,39.58,42.21,,36.19,,,,45.0,45.0,,45.0,45.0,45.0,58.0,45.0,39.58,39.58,,,,,39.58,38.65,38.65,39.58,39.58,38.65,52.84,48.0,42.18,43.63,39.58,39.58,39.58,39.58,39.58,41.0,,,,,,
2019-07-25 03:00:00+02:00,,39.09,,39.09,41.65,39.38,,40.49,,39.09,39.09,39.09,38.8,45.71,38.8,39.09,38.32,,59.97,39.09,42.01,,33.24,,,,44.99,44.99,,44.99,44.99,44.99,48.75,44.99,38.8,38.8,,,,,39.09,38.57,38.57,38.8,38.8,38.57,51.81,45.71,41.98,42.9,38.8,38.8,38.8,38.8,39.09,40.49,,,,,,
2019-07-25 04:00:00+02:00,,38.9,,38.9,37.95,39.03,,40.2,,38.9,38.9,38.9,38.48,45.0,38.48,38.9,38.11,,59.8,38.9,40.2,,33.24,,,,44.46,44.46,,44.46,44.46,44.46,48.75,44.46,38.48,38.48,,,,,38.9,38.48,38.48,38.48,38.48,38.48,51.8,45.0,40.17,41.49,38.48,38.48,38.48,38.48,38.9,40.2,,,,,,
2019-07-25 05:00:00+02:00,,40.67,,40.67,49.0,40.86,,42.51,,40.67,40.67,40.67,49.49,47.5,49.49,40.67,39.84,,59.38,40.67,43.92,,27.13,,,,45.0,45.0,,45.0,45.0,45.0,54.75,45.0,49.49,49.49,,,,,40.67,38.83,38.83,38.83,38.83,38.83,49.69,47.5,43.89,45.07,38.83,38.83,38.83,39.69,40.67,42.51,,,,,,
2019-07-25 06:00:00+02:00,,47.07,,42.51,63.07,45.7,,55.6,,47.07,47.07,47.07,61.51,51.68,61.51,45.93,41.51,,57.69,54.81,57.55,,26.99,,,,54.81,54.81,,54.81,54.81,54.81,54.81,54.81,61.51,61.51,,,,,46.91,38.61,38.61,38.42,38.42,38.61,61.75,51.68,57.51,55.46,38.42,38.42,38.42,38.42,54.81,55.6,,,,,,
2019-07-25 07:00:00+02:00,,58.94,,45.78,69.58,50.26,,65.0,,58.94,58.94,58.94,65.1,56.99,65.1,53.22,47.11,,60.06,58.94,68.52,,33.24,,,,58.0,58.0,,58.0,58.0,58.0,74.56,58.0,65.1,65.1,,,,,58.94,38.91,38.91,38.91,38.91,38.91,65.35,56.99,68.47,61.66,38.91,38.91,38.91,57.53,58.94,65.0,,,,,,
2019-07-25 08:00:00+02:00,,55.31,,55.07,69.56,55.06,,64.35,,55.31,55.31,55.31,77.18,55.25,67.18,55.25,53.74,,66.17,56.67,66.03,,35.47,,,,56.67,56.67,,56.67,56.67,56.67,74.56,56.67,77.18,77.18,,,,,55.3,39.21,39.21,39.36,39.36,39.21,77.45,55.25,65.98,67.1,39.36,39.36,39.36,53.98,56.67,64.35,,,,,,
2019-07-25 09:00:00+02:00,,56.7,,56.7,68.17,58.03,,60.9,,56.7,56.7,56.7,77.53,56.7,66.92,56.7,55.48,,66.26,59.48,63.07,,52.8,,,,59.48,59.48,,59.48,59.48,59.48,74.56,59.48,77.53,77.53,,,,,56.7,39.26,39.26,39.9,39.9,39.26,77.79,56.7,63.02,66.83,39.9,39.9,39.9,55.34,59.48,60.9,,,,,,
2019-07-25 10:00:00+02:00,,52.78,,52.78,66.2,56.89,,56.71,,52.78,52.78,52.78,76.75,54.94,74.34,52.78,51.62,,66.43,63.0,61.08,,49.15,,,,63.0,63.0,,63.0,63.0,63.0,74.56,63.0,76.75,76.75,,,,,52.78,39.37,39.37,39.98,39.98,39.37,76.99,54.94,61.03,64.84,39.98,39.98,39.98,51.51,63.0,56.71,,,,,,
2019-07-25 11:00:00+02:00,,51.06,,49.59,66.42,52.76,,53.6,,50.65,50.65,50.65,77.25,53.84,77.25,52.12,50.97,,67.75,64.82,61.36,,48.53,,,,64.82,64.82,,64.82,64.82,64.82,70.56,64.82,77.25,77.25,,,,,49.97,39.43,39.43,39.95,39.95,39.43,77.48,53.84,61.31,64.33,39.95,39.95,39.95,50.65,64.82,53.6,,,,,,
2019-07-25 12:00:00+02:00,,48.24,,46.78,67.04,50.53,,51.09,,47.85,47.85,47.85,77.47,56.46,77.47,49.16,48.06,,68.18,64.57,62.09,,45.78,,,,64.57,64.57,,64.57,64.57,64.57,70.56,64.57,77.47,77.47,,,,,47.16,39.5,39.5,39.88,39.88,39.5,77.69,56.46,62.03,69.58,39.88,39.88,39.88,47.85,64.57,51.09,,,,,,
2019-07-25 13:00:00+02:00,,47.08,,46.57,69.54,49.73,,48.79,,46.94,46.94,46.94,77.17,57.08,77.17,47.4,45.96,,68.16,64.57,63.55,,43.79,,,,64.57,64.57,,64.57,64.57,64.57,64.57,64.57,77.17,77.17,,,,,46.7,39.5,39.5,39.72,39.72,39.5,77.37,57.08,63.49,70.38,39.72,39.72,39.72,46.94,64.57,48.79,,,,,,
2019-07-25 14:00:00+02:00,,46.96,,42.17,69.54,49.8,,48.89,,45.69,45.69,45.69,77.21,54.94,77.21,50.02,42.14,,69.07,65.66,64.03,,40.16,,,,65.66,64.82,,65.66,64.82,64.82,64.82,64.82,77.21,77.21,,,,,43.43,39.45,39.45,39.45,39.45,39.45,77.39,54.94,63.97,71.07,39.45,39.45,39.45,44.59,65.66,48.89,,,,,,
2019-07-25 15:00:00+02:00,,47.78,,47.78,69.54,51.37,,52.8,,47.78,47.78,47.78,76.71,53.84,75.87,47.78,46.33,,67.74,63.04,67.98,,44.18,,,,70.0,70.0,,70.0,70.0,70.0,74.56,70.0,76.71,76.71,,,,,47.78,39.27,39.27,39.27,39.27,39.27,76.65,53.84,67.91,70.02,39.27,39.27,39.27,46.63,63.04,52.8,,,,,,
2019-07-25 16:00:00+02:00,,50.15,,50.15,64.64,52.22,,56.12,,50.15,50.15,50.15,63.78,53.96,63.78,50.15,48.82,,68.45,53.5,69.35,,46.56,,,,73.0,70.63,,73.0,70.63,70.63,71.39,70.63,63.78,63.78,,,,,50.15,39.23,39.23,39.23,39.23,39.23,63.91,53.96,69.28,71.08,39.23,39.23,39.23,48.95,53.5,56.12,,,,,,
2019-07-25 17:00:00+02:00,,56.85,,56.85,69.54,58.17,,61.1,,56.85,56.85,56.85,63.06,56.85,63.06,56.85,55.48,,75.8,58.54,69.44,,49.0,,,,70.47,70.47,,70.47,70.47,70.47,101.39,70.47,63.06,63.06,,,,,56.85,39.17,39.17,39.17,39.17,39.17,63.17,56.85,69.37,71.33,39.17,39.17,39.17,55.49,58.54,61.1,,,,,,
2019-07-25 18:00:00+02:00,,62.05,,62.05,69.55,64.74,,67.0,,62.05,62.05,62.05,62.05,58.11,62.05,62.05,60.55,,73.76,62.05,68.26,,57.78,,,,70.63,70.63,,70.63,70.63,70.63,112.31,70.63,62.05,62.05,,,,,62.05,39.55,39.55,40.29,40.29,39.55,62.16,58.11,68.18,71.72,40.29,40.29,40.29,62.05,62.05,67.0,,,,,,
2019-07-25 19:00:00+02:00,,69.58,,69.58,69.55,66.14,,70.3,,69.58,69.58,69.58,67.91,58.37,67.91,69.58,67.67,,76.41,69.58,73.14,,53.73,,,,70.63,70.63,,70.63,70.63,70.63,113.31,70.63,67.91,67.91,,,,,69.58,39.53,39.53,40.03,40.03,39.53,68.01,58.37,73.06,74.08,40.03,40.03,40.03,67.91,69.58,70.3,,,,,,
2019-07-25 20:00:00+02:00,,61.86,,61.86,69.55,57.6,,64.1,,61.86,61.86,61.86,61.86,58.52,61.86,61.86,60.32,,77.3,70.63,76.19,,42.7,,,,70.63,70.63,,70.63,70.63,70.63,113.31,70.63,61.86,61.86,,,,,61.86,39.55,39.55,39.77,39.77,39.55,61.94,58.52,76.11,76.09,39.77,39.77,39.77,61.86,70.63,64.1,,,,,,
2019-07-25 21:00:00+02:00,,56.75,,56.75,66.37,54.31,,58.3,,56.75,56.75,56.75,58.48,56.75,58.48,56.75,55.32,,77.0,66.74,70.73,,39.43,,,,70.63,70.63,,70.63,70.63,70.63,113.31,70.63,58.48,58.48,,,,,56.75,39.43,39.43,39.43,39.43,39.43,58.54,56.75,70.65,76.01,39.43,39.43,39.43,56.75,66.74,58.3,,,,,,
2019-07-25 22:00:00+02:00,,50.74,,50.74,61.37,51.2,,53.49,,50.74,50.74,50.74,55.7,55.5,55.7,50.74,49.44,,67.92,69.0,74.91,,39.0,,,,69.0,69.0,,69.0,69.0,69.0,113.31,69.0,55.7,55.7,,,,,50.74,39.15,39.15,39.15,39.15,39.15,56.46,55.5,74.83,68.25,39.15,39.15,39.15,50.74,69.0,53.49,,,,,,
2019-07-25 23:00:00+02:00,,41.88,,41.88,52.56,45.92,,46.26,,41.88,41.88,41.88,42.89,49.41,42.89,41.88,40.8,,60.92,62.0,63.18,,37.53,,,,62.0,62.0,,62.0,62.0,62.0,112.31,62.0,42.89,42.89,,,,,41.88,39.3,39.3,39.3,39.3,39.3,55.3,49.41,63.11,62.45,39.3,39.3,39.3,41.88,62.0,46.26,,,,,,
2019-07-26 00:00:00+02:00,,38.67,,38.61,50.15,41.66,,41.11,,38.65,38.65,38.65,38.65,54.91,38.65,38.72,39.47,,60.95,56.57,60.47,,37.78,,,,56.57,56.57,,56.57,56.57,56.57,95.6,56.57,38.65,38.65,,,,,38.61,38.65,38.65,38.65,38.65,38.65,57.3,54.91,60.38,61.07,38.65,38.65,38.65,38.65,56.57,41.11,,,,,,
2019-07-26 01:00:00+02:00,,37.73,,37.73,50.12,39.95,,40.25,,37.73,37.73,37.73,37.73,51.25,37.73,37.73,37.91,,60.94,54.47,51.71,,36.29,,,,54.47,54.47,,54.47,54.47,54.47,74.63,54.47,37.73,37.73,,,,,37.73,37.73,37.73,37.73,37.73,37.73,56.65,51.25,51.63,52.02,37.73,37.73,37.73,37.73,54.47,40.25,,,,,,
2019-07-26 02:00:00+02:00,,37.19,,37.19,50.11,38.03,,38.95,,37.19,37.19,37.19,37.19,47.07,37.19,37.19,37.9,,60.61,53.99,50.02,,36.29,,,,53.99,53.99,,53.99,53.99,53.99,69.78,53.99,37.19,37.19,,,,,37.19,37.19,37.19,37.19,37.19,37.19,56.29,47.07,49.95,49.89,37.19,37.19,37.19,37.19,53.99,38.95,,,,,,
2019-07-26 03:00:00+02:00,,36.57,,36.57,45.86,37.86,,39.0,,36.57,36.57,36.57,36.57,45.2,36.57,36.57,37.26,,59.94,48.89,48.03,,35.69,,,,48.89,48.89,,48.89,48.89,48.89,58.63,48.89,36.57,36.57,,,,,36.57,36.57,36.57,36.57,36.57,36.57,56.05,45.2,47.96,47.2,36.57,36.57,36.57,36.57,48.89,39.0,,,,,,
2019-07-26 04:00:00+02:00,,36.37,,36.37,50.12,37.02,,38.78,,36.37,36.37,36.37,36.37,45.55,36.37,36.37,37.04,,59.78,46.99,47.1,,35.49,,,,46.99,46.99,,46.99,46.99,46.99,50.0,46.99,36.37,36.37,,,,,36.37,36.37,36.37,36.37,36.37,36.37,56.05,45.55,47.03,46.64,36.37,36.37,36.37,36.37,46.99,38.78,,,,,,
2019-07-26 05:00:00+02:00,,38.49,,38.49,50.13,38.16,,40.36,,38.49,38.49,38.49,38.49,48.01,38.49,38.49,37.43,,59.78,49.34,50.79,,35.86,,,,49.34,49.34,,49.34,49.34,49.34,56.63,49.34,38.49,38.49,,,,,38.49,38.21,38.21,38.49,38.49,38.21,55.96,48.01,50.71,47.09,38.49,38.49,38.49,38.49,49.34,40.36,,,,,,
2019-07-26 06:00:00+02:00,,43.08,,43.08,69.02,43.83,,46.23,,43.08,43.08,43.08,63.01,50.2,63.01,43.08,41.87,,59.81,55.0,64.04,,32.5,,,,55.0,55.0,,55.0,55.0,55.0,60.0,55.0,63.01,63.01,,,,,43.08,38.39,38.39,38.39,38.39,38.39,62.92,50.2,63.95,57.04,38.39,38.39,38.39,38.39,55.0,46.23,,,,,,
2019-07-26 07:00:00+02:00,,49.66,,49.66,69.55,49.0,,54.01,,49.66,49.66,49.66,70.2,49.66,70.2,49.66,48.25,,69.44,57.35,67.98,,36.97,,,,57.35,57.35,,57.35,57.35,57.35,73.78,57.35,70.2,70.2,,,,,49.66,38.72,38.72,38.86,38.86,38.72,70.1,49.66,67.88,67.68,38.86,38.86,38.86,38.86,57.35,54.01,,,,,,
2019-07-26 08:00:00+02:00,,54.18,,54.18,69.54,49.97,,54.9,,54.18,54.18,54.18,73.19,54.18,73.19,54.18,52.65,,67.75,63.5,68.59,,44.46,,,,63.5,63.5,,63.5,63.5,63.5,94.63,63.5,73.19,73.19,,,,,54.18,38.87,38.87,39.85,39.85,38.87,73.09,54.18,68.48,69.03,39.85,39.85,39.85,43.06,63.5,54.9,,,,,,
2019-07-26 09:00:00+02:00,,55.94,,55.74,69.56,49.58,,54.01,,55.89,55.89,55.89,73.31,56.07,73.31,56.07,56.91,,67.76,65.22,69.09,,58.61,,,,65.22,65.22,,65.22,65.22,65.22,93.63,65.22,73.31,73.31,,,,,55.8,39.1,39.1,40.15,40.15,39.1,73.2,56.07,68.98,69.24,40.15,40.15,40.15,54.55,65.22,54.01,,,,,,
2019-07-26 10:00:00+02:00,,53.69,,53.61,69.56,48.13,,50.8,,53.66,53.66,53.66,73.82,56.06,73.82,53.77,54.73,,66.25,65.22,69.06,,53.74,,,,65.22,65.22,,65.22,65.22,65.22,74.63,65.22,73.82,73.82,,,,,53.61,39.22,39.22,40.32,40.32,39.22,73.71,56.06,68.96,68.5,40.32,40.32,40.32,52.38,65.22,50.8,,,,,,
2019-07-26 11:00:00+02:00,,49.96,,48.46,69.58,46.48,,50.3,,48.31,48.31,48.31,73.09,56.06,73.09,50.98,49.51,,66.58,66.0,71.52,,47.47,,,,66.0,66.0,,66.0,66.0,66.0,70.63,66.0,73.09,73.09,,,,,48.31,39.28,39.28,40.25,40.25,39.28,72.97,56.06,71.41,70.02,40.25,40.25,40.25,40.25,66.0,50.3,,,,,,
2019-07-26 12:00:00+02:00,,52.03,,44.08,72.15,45.14,,48.25,,39.6,39.6,39.6,73.27,56.46,73.27,49.62,48.19,,67.75,85.0,72.08,,46.2,,,,57.35,57.35,,57.35,57.35,57.35,60.0,57.35,73.27,73.27,,,,,42.4,39.24,39.24,39.6,39.6,39.24,73.15,56.46,71.97,71.02,39.6,39.6,39.6,39.6,66.0,48.25,,,,,,
2019-07-26 13:00:00+02:00,,49.9,,42.71,76.74,45.67,,46.1,,39.03,39.03,39.05,72.81,56.99,72.81,46.03,44.7,,66.17,82.04,73.03,,43.9,,,,59.5,59.5,,59.5,59.5,59.5,59.5,59.5,72.81,72.81,,,,,42.75,39.03,39.03,39.05,39.05,39.03,72.7,56.99,72.92,69.46,39.05,39.05,39.05,39.05,66.0,46.1,,,,,,
2019-07-26 14:00:00+02:00,,47.0,,44.75,76.72,45.91,,44.57,,38.72,38.72,38.72,72.92,55.21,72.92,47.03,45.66,,66.34,70.69,71.41,,44.86,,,,70.69,66.78,,70.69,66.78,66.78,66.78,66.78,72.92,72.92,,,,,41.23,38.72,38.72,38.72,38.72,38.72,72.8,55.21,71.3,68.84,38.72,38.72,38.72,38.72,70.69,44.57,,,,,,
2019-07-26 15:00:00+02:00,,48.95,,39.39,71.79,45.96,,45.75,,38.85,38.85,38.85,73.2,52.29,73.2,46.05,44.7,,67.75,67.0,69.51,,43.92,,,,67.0,67.0,,67.0,67.0,67.0,67.0,67.0,73.2,73.2,,,,,40.13,38.85,38.85,38.85,38.85,38.85,73.08,52.29,69.4,67.72,38.85,38.85,38.85,38.85,67.0,45.75,,,,,,
2019-07-26 16:00:00+02:00,,49.92,,42.83,69.57,45.91,,46.6,,39.36,39.36,39.36,70.05,51.49,70.05,45.33,44.0,,68.06,70.81,69.71,,43.7,,,,70.81,70.81,,70.81,70.81,70.81,74.63,70.81,70.05,70.05,,,,,42.95,38.97,38.97,39.36,39.36,38.97,69.93,51.49,69.6,68.43,39.36,39.36,39.36,39.36,70.81,46.6,,,,,,
2019-07-26 17:00:00+02:00,,49.21,,49.13,69.57,48.06,,52.1,,49.19,49.19,49.19,67.02,51.0,67.02,49.27,50.11,,66.15,70.93,70.1,,50.0,,,,70.93,70.93,,70.93,70.93,70.93,94.63,70.93,67.02,67.02,,,,,49.15,38.93,38.93,39.74,39.74,38.93,66.9,51.0,69.99,68.71,39.74,39.74,39.74,39.74,70.93,52.1,,,,,,
2019-07-26 18:00:00+02:00,,52.07,,52.07,69.55,49.68,,53.81,,52.07,52.07,52.07,59.95,52.07,59.95,52.07,53.33,,66.1,66.1,67.75,,56.32,,,,70.93,70.93,,70.93,70.93,70.93,112.31,70.93,59.95,59.95,,,,,52.07,39.64,39.64,40.47,40.47,39.64,59.84,52.07,67.64,68.02,40.47,40.47,40.47,52.07,66.1,53.81,,,,,,
2019-07-26 19:00:00+02:00,,53.62,,53.62,69.57,51.01,,54.45,,53.62,53.62,53.62,58.69,53.62,58.69,53.62,56.65,,66.63,64.1,69.02,,58.41,,,,70.93,70.93,,70.93,70.93,70.93,113.31,70.93,58.69,58.69,,,,,53.62,39.96,39.96,39.96,39.96,39.96,58.58,53.62,68.92,69.02,39.96,39.96,39.96,53.62,64.1,54.45,,,,,,
2019-07-26 20:00:00+02:00,,52.06,,52.06,69.54,51.24,,52.76,,52.06,52.06,52.06,61.07,52.06,61.07,52.06,56.29,,67.74,70.81,69.08,,59.46,,,,70.81,70.81,,70.81,70.81,70.81,113.31,70.81,61.07,61.07,,,,,52.06,39.69,39.69,39.69,39.69,39.69,60.95,52.06,68.96,69.57,39.69,39.69,39.69,52.06,70.81,52.76,,,,,,
2019-07-26 21:00:00+02:00,,48.97,,48.97,61.64,49.05,,50.69,,48.97,48.97,48.97,55.34,51.8,55.34,48.97,50.14,,70.03,70.81,67.62,,52.96,,,,70.81,70.81,,70.81,70.81,70.81,113.31,70.81,55.34,55.34,,,,,48.97,39.4,39.4,39.4,39.4,39.4,57.49,51.8,67.51,69.05,39.4,39.4,39.4,48.97,70.81,50.69,,,,,,
2019-07-26 22:00:00+02:00,,49.84,,52.39,61.37,46.39,,46.6,,48.14,48.14,48.14,51.54,56.06,51.54,52.54,53.4,,70.04,59.74,62.43,,56.42,,,,59.74,59.74,,59.74,59.74,59.74,112.31,59.74,51.54,51.54,,,,,50.05,39.32,39.32,39.32,39.32,39.32,62.41,56.06,62.33,63.07,39.32,39.32,39.32,48.14,59.74,46.6,,,,,,
2019-07-26 23:00:00+02:00,,42.63,,43.44,50.15,41.26,,40.19,,38.67,38.67,38.67,40.84,52.77,40.84,47.68,48.46,,69.71,57.35,56.91,,51.2,,,,57.35,57.35,,57.35,57.35,57.35,108.2,57.35,40.84,40.84,,,,,39.95,38.67,38.67,38.67,38.67,38.67,55.42,52.77,56.82,56.7,38.67,38.67,38.67,38.67,57.35,40.19,,,,,,
2019-07-27 00:00:00+02:00,,39.01,,39.01,50.14,38.49,,38.51,,39.01,39.01,39.01,39.01,52.06,39.01,39.01,44.49,,69.78,55.78,54.04,,46.87,,,,55.78,55.78,,55.78,55.78,55.78,73.2,55.78,39.01,39.01,,,,,39.01,39.01,39.01,39.01,39.01,39.01,43.27,52.06,53.98,54.99,39.01,39.01,39.01,39.01,55.78,38.51,,,,,,
2019-07-27 01:00:00+02:00,,37.59,,37.59,50.11,36.07,,35.2,,37.59,37.59,37.59,37.59,50.04,37.59,37.59,40.93,,69.56,45.0,44.25,,43.12,,,,48.0,56.07,,48.0,56.07,56.07,65.2,56.07,37.59,37.59,,,,,37.59,37.59,37.59,37.59,37.59,37.59,53.96,50.04,44.2,47.05,37.59,37.59,37.59,37.59,45.0,35.2,,,,,,
2019-07-27 02:00:00+02:00,,37.01,,37.01,49.82,34.75,,34.74,,37.01,37.01,37.01,37.01,48.0,37.01,37.01,37.99,,69.7,45.0,44.05,,40.03,,,,45.0,45.0,,45.0,45.0,45.0,55.81,45.0,37.01,37.01,,,,,37.01,37.01,37.01,37.01,37.01,37.01,46.2,48.0,44.0,47.31,37.01,37.01,37.01,37.01,45.0,34.74,,,,,,
2019-07-27 03:00:00+02:00,,36.04,,36.04,43.59,33.35,,34.2,,36.04,36.04,36.04,36.04,48.44,36.04,36.04,37.66,,62.74,45.85,44.03,,39.69,,,,45.85,45.85,,45.85,45.85,45.85,50.0,45.85,36.04,36.04,,,,,36.04,36.04,36.04,36.04,36.04,36.04,49.26,48.44,43.98,45.61,36.04,36.04,36.04,36.04,45.85,34.2,,,,,,
2019-07-27 04:00:00+02:00,,35.1,,35.1,40.47,32.88,,33.62,,35.1,35.1,35.1,35.1,46.85,35.1,35.1,36.68,,62.75,45.0,40.88,,38.66,,,,45.0,45.0,,45.0,45.0,45.0,47.99,45.0,35.1,35.1,,,,,35.1,35.1,35.1,35.1,35.1,35.1,53.96,46.85,40.83,43.09,35.1,35.1,35.1,35.1,45.0,33.62,,,,,,
2019-07-27 05:00:00+02:00,,35.28,,35.28,40.27,33.1,,33.11,,35.28,35.28,35.28,35.28,46.0,35.28,35.28,36.67,,61.34,45.0,40.16,,38.65,,,,45.0,45.0,,45.0,45.0,45.0,50.0,45.0,35.28,35.28,,,,,35.28,35.28,35.28,35.28,35.28,35.28,51.6,46.0,40.11,42.78,35.28,35.28,35.28,35.28,45.0,33.11,,,,,,
2019-07-27 06:00:00+02:00,,34.2,,34.2,46.54,34.45,,34.27,,34.2,34.2,34.2,35.33,43.5,35.33,34.2,36.58,,57.66,41.2,41.47,,38.56,,,,41.2,41.2,,41.2,41.2,41.2,41.2,41.2,35.33,35.33,,,,,34.2,35.33,35.33,35.33,35.33,35.33,53.61,43.5,41.42,44.1,35.33,35.33,35.33,35.33,41.2,34.27,,,,,,
2019-07-27 07:00:00+02:00,,36.18,,34.23,50.27,35.24,,35.84,,36.05,36.05,36.05,36.05,42.21,36.05,33.97,35.83,,57.68,47.0,50.19,,37.78,,,,47.0,47.0,,47.0,47.0,47.0,55.0,47.0,36.05,36.05,,,,,34.93,36.05,36.05,36.05,36.05,36.05,62.03,42.21,50.13,50.73,36.05,36.05,36.05,36.05,47.0,35.84,,,,,,
2019-07-27 08:00:00+02:00,,37.42,,37.42,61.36,37.17,,38.6,,37.42,37.42,37.42,54.41,44.95,54.41,37.42,38.23,,59.78,50.78,62.02,,41.0,,,,50.78,50.78,,50.78,50.78,50.78,55.0,50.78,54.41,54.41,,,,,37.42,37.42,37.42,37.42,37.42,37.42,61.68,44.95,61.95,55.0,37.42,37.42,37.42,37.42,50.78,38.6,,,,,,
2019-07-27 09:00:00+02:00,,39.43,,39.43,57.62,38.26,,39.4,,39.43,39.43,39.21,56.83,48.9,56.83,39.43,45.55,,57.68,86.07,62.49,,58.0,,,,49.78,49.78,,49.78,49.78,49.78,55.0,49.78,56.83,56.83,,,,,39.43,39.21,39.21,39.21,39.21,39.21,62.18,48.9,62.41,53.78,39.21,39.21,39.21,39.21,49.78,39.4,,,,,,
2019-07-27 10:00:00+02:00,,38.16,,38.16,59.24,36.94,,37.9,,38.16,38.16,38.38,59.69,49.28,59.69,38.16,57.68,,57.68,72.08,64.06,,79.0,,,,48.0,48.0,,48.0,48.0,48.0,55.0,48.0,59.69,59.69,,,,,38.16,38.38,38.38,38.38,38.38,38.38,62.35,49.28,63.98,57.93,38.38,38.38,38.38,38.38,48.0,37.9,,,,,,
2019-07-27 11:00:00+02:00,,36.89,,36.89,57.12,35.28,,38.03,,36.89,36.89,37.82,59.03,49.95,59.03,36.89,54.43,,59.8,85.17,65.02,,85.41,,,,48.04,48.04,,48.04,48.04,48.04,48.04,48.04,59.03,59.03,,,,,36.89,37.82,37.82,37.82,37.82,37.82,62.35,49.95,64.95,57.99,37.82,37.82,37.82,37.82,48.04,38.03,,,,,,
2019-07-27 12:00:00+02:00,,36.17,,36.61,52.23,35.25,,35.53,,34.9,34.9,37.04,58.38,50.0,58.38,37.52,49.98,,61.45,46.0,63.15,,85.02,,,,46.0,46.0,,46.0,46.0,46.0,46.0,46.0,58.38,58.38,,,,,34.9,37.04,37.04,37.04,37.04,37.04,62.16,50.0,63.08,57.97,37.04,37.04,37.04,37.04,46.0,35.53,,,,,,
2019-07-27 13:00:00+02:00,,36.9,,33.98,54.07,34.92,,34.43,,33.71,33.71,36.83,60.59,49.48,60.59,34.37,46.64,,67.71,43.96,58.86,,85.01,,,,43.96,43.96,,43.96,43.96,43.96,43.96,43.96,60.59,60.59,,,,,33.71,36.83,36.83,36.83,36.83,36.83,61.46,49.48,58.79,57.92,36.83,36.83,36.83,36.83,43.96,34.43,,,,,,
2019-07-27 14:00:00+02:00,,36.9,,33.34,46.49,34.93,,34.95,,32.92,32.92,32.92,60.09,45.27,60.09,33.7,44.86,,67.7,43.92,53.78,,57.1,,,,43.92,43.92,,43.92,43.92,43.92,43.92,43.92,60.09,60.09,,,,,33.34,36.74,36.74,36.74,36.74,36.74,60.84,45.27,53.71,55.0,36.74,36.74,36.74,36.74,43.92,34.95,,,,,,
2019-07-27 15:00:00+02:00,,36.9,,32.74,46.76,34.93,,34.92,,32.74,32.74,32.74,59.59,41.81,59.59,33.06,40.02,,66.18,45.24,54.58,,50.0,,,,45.24,45.24,,45.24,45.24,45.24,45.24,45.24,59.59,59.59,,,,,32.74,36.55,36.55,36.55,36.55,36.55,61.96,41.81,54.51,55.02,36.55,36.55,36.55,36.55,45.24,34.92,,,,,,
2019-07-27 16:00:00+02:00,,35.66,,33.85,52.01,34.97,,36.4,,33.85,33.85,33.85,61.12,40.64,61.12,33.85,38.74,,66.25,47.0,56.87,,46.73,,,,47.0,47.0,,47.0,47.0,47.0,47.0,47.0,61.12,61.12,,,,,33.85,36.62,36.62,36.62,36.62,36.62,61.15,40.64,56.8,55.08,36.62,36.62,36.62,36.62,47.0,36.4,,,,,,
2019-07-27 17:00:00+02:00,,35.62,,35.62,61.4,35.54,,37.5,,35.62,35.62,36.79,60.92,40.5,60.92,35.62,42.18,,59.91,53.49,56.07,,50.0,,,,53.49,53.49,,53.49,53.49,53.49,56.0,53.49,60.92,60.92,,,,,35.62,36.79,36.79,36.79,36.79,36.79,60.95,40.5,56.0,56.49,36.79,36.79,36.79,36.79,53.49,37.5,,,,,,
2019-07-27 18:00:00+02:00,,38.79,,38.79,69.03,38.09,,39.91,,38.79,38.79,38.29,61.12,40.64,61.12,38.79,49.61,,66.15,54.0,60.81,,53.94,,,,54.0,56.07,,54.0,56.07,56.07,73.81,56.07,61.12,61.12,,,,,38.79,38.29,38.29,38.29,38.29,38.29,61.14,40.64,60.73,58.8,38.29,38.29,38.29,38.29,54.0,39.91,,,,,,
2019-07-27 19:00:00+02:00,,38.94,,38.94,61.4,39.04,,41.04,,38.94,38.94,38.94,61.12,41.05,61.12,38.94,50.05,,69.0,54.43,61.03,,53.94,,,,54.43,56.78,,54.43,56.78,56.78,104.7,56.78,61.12,61.12,,,,,38.94,38.94,38.94,38.94,38.94,38.94,61.14,41.05,60.95,60.71,38.94,38.94,38.94,38.94,54.43,41.04,,,,,,
2019-07-27 20:00:00+02:00,,37.91,,37.91,66.47,37.21,,39.9,,37.91,37.91,37.91,60.03,42.82,60.03,37.91,47.69,,69.62,53.65,69.07,,50.36,,,,53.65,56.86,,53.65,56.86,56.86,112.31,56.86,60.03,60.03,,,,,37.91,37.91,37.91,37.91,37.91,37.91,60.06,42.82,68.99,68.0,37.91,37.91,37.91,37.91,53.65,39.9,,,,,,
2019-07-27 21:00:00+02:00,,36.19,,36.19,61.37,36.94,,39.6,,36.19,36.19,36.19,51.77,45.78,51.77,36.19,42.13,,69.63,55.84,67.98,,46.73,,,,55.84,56.86,,55.84,56.86,56.86,104.7,56.86,51.77,51.77,,,,,36.19,36.19,36.19,36.19,36.19,36.19,54.26,45.78,67.89,67.98,36.19,36.19,36.19,36.19,55.84,39.6,,,,,,
2019-07-27 22:00:00+02:00,,36.19,,36.19,64.92,37.45,,38.17,,36.19,36.19,36.19,38.59,49.49,38.59,36.19,42.15,,69.62,48.0,58.93,,46.0,,,,56.57,56.57,,48.0,56.57,56.57,95.2,56.57,36.19,38.59,,,,,36.19,36.19,36.19,36.19,36.19,36.19,61.92,49.49,58.86,60.27,36.19,36.19,36.19,36.19,48.0,38.17,,,,,,
2019-07-27 23:00:00+02:00,,34.0,,34.0,43.98,35.23,,34.03,,34.0,34.0,35.03,35.03,44.94,35.03,34.0,39.93,,59.91,45.0,42.38,,47.16,,,,49.48,49.48,,45.0,49.48,49.48,65.2,49.48,35.03,35.03,,,,,34.0,35.03,35.03,35.03,35.03,35.03,61.89,44.94,42.33,45.66,35.03,35.03,35.03,35.03,45.0,34.03,,,,,,
2019-07-28 00:00:00+02:00,,30.98,,30.98,45.09,32.95,,31.5,,30.98,30.98,30.98,34.75,48.14,34.75,30.98,52.91,,59.84,41.71,46.22,,49.04,,,,41.71,41.71,,41.71,41.71,41.71,56.0,41.71,34.75,34.75,,,,,30.98,34.75,34.75,34.75,34.75,34.75,43.09,48.14,46.21,51.95,34.75,34.75,34.75,34.75,41.71,31.5,,,,,,
2019-07-28 01:00:00+02:00,,30.02,,30.02,43.09,32.16,,29.0,,30.02,30.02,30.02,32.39,43.73,32.39,30.02,52.78,,59.8,38.22,43.03,,54.34,,,,38.22,45.0,,38.22,45.0,45.0,55.0,45.0,32.39,32.39,,,,,30.02,32.39,32.39,32.39,32.39,32.39,43.15,43.73,43.02,42.11,32.39,32.39,32.39,32.39,38.22,29.0,,,,,,
2019-07-28 02:00:00+02:00,,28.2,,28.2,35.49,32.0,,27.91,,28.2,28.2,28.2,29.13,41.0,29.13,28.2,38.8,,58.89,38.08,33.59,,39.96,,,,43.02,47.32,,38.08,47.32,47.32,47.32,47.32,29.13,29.13,,,,,28.2,29.13,29.13,29.13,29.13,29.13,43.18,41.0,33.59,35.77,29.13,29.13,29.13,29.13,38.08,27.91,,,,,,
2019-07-28 03:00:00+02:00,,26.27,,26.27,35.71,31.47,,28.0,,26.27,26.27,26.27,27.13,40.6,27.13,26.27,32.15,,59.79,35.3,31.73,,33.79,,,,39.55,39.55,,35.3,39.55,39.55,39.55,39.55,27.13,27.13,,,,,26.27,27.13,27.13,27.13,27.13,27.13,43.16,40.6,31.73,34.57,27.13,27.13,27.13,27.13,35.3,28.0,,,,,,
2019-07-28 04:00:00+02:00,,27.1,,27.1,31.05,31.12,,27.6,,27.1,27.1,27.1,27.1,40.6,27.1,27.1,30.34,,58.89,35.3,30.19,,32.01,,,,37.36,37.36,,35.3,37.36,37.36,37.36,37.36,27.1,27.1,,,,,27.1,27.1,27.1,27.1,27.1,27.1,43.13,40.6,30.19,32.05,27.1,27.1,27.1,27.1,35.3,27.6,,,,,,
2019-07-28 05:00:00+02:00,,26.8,,26.8,27.12,31.48,,27.59,,26.8,26.8,26.8,26.8,40.6,26.8,26.8,29.79,,59.73,33.83,27.59,,31.43,,,,37.0,37.0,,33.83,37.0,37.0,37.0,37.0,26.8,26.8,,,,,26.8,26.8,26.8,26.8,26.8,26.8,41.53,40.6,27.59,31.06,26.8,26.8,26.8,26.8,33.83,27.59,,,,,,
2019-07-28 06:00:00+02:00,,25.6,,25.6,29.6,31.91,,27.84,,25.6,25.6,25.6,29.91,40.25,29.91,25.6,28.42,,57.62,33.54,27.84,,30.0,,,,33.54,33.54,,33.54,33.54,33.54,33.54,33.54,29.91,29.91,,,,,25.6,29.91,29.91,29.91,29.91,29.91,41.47,40.25,27.84,32.01,29.91,29.91,29.91,29.91,33.54,27.84,,,,,,
2019-07-28 07:00:00+02:00,,28.1,,28.1,31.07,32.69,,30.6,,28.1,28.1,34.39,34.39,40.05,34.39,28.1,28.8,,57.62,33.58,32.45,,30.4,,,,33.58,33.58,,33.58,33.58,33.58,33.58,33.58,34.39,34.39,,,,,28.1,34.39,34.39,34.39,34.39,34.39,40.72,40.05,32.44,36.22,34.39,34.39,34.39,34.39,33.58,30.6,,,,,,
2019-07-28 08:00:00+02:00,,30.05,,30.05,31.33,33.32,,33.1,,30.05,35.56,35.56,35.56,42.21,35.56,30.05,30.79,,57.62,34.08,38.29,,32.5,,,,34.08,34.08,,34.08,34.08,34.08,34.08,34.08,35.56,35.56,,,,,30.05,35.56,35.56,35.56,35.56,35.56,43.08,42.21,38.28,39.74,35.56,35.56,35.56,35.56,34.08,33.1,,,,,,
2019-07-28 09:00:00+02:00,,30.28,,30.28,31.93,34.3,,35.06,,30.28,36.99,36.99,44.07,45.25,44.07,30.28,31.02,,57.15,35.0,41.01,,36.0,,,,35.0,35.0,,35.0,35.0,35.0,35.0,35.0,44.07,44.07,,,,,30.28,36.99,36.99,36.99,36.99,36.99,44.29,45.25,41.0,43.12,36.99,36.99,36.99,36.99,35.0,35.06,,,,,,
2019-07-28 10:00:00+02:00,,32.06,,32.06,35.12,35.15,,35.0,,32.06,37.57,37.57,48.07,43.02,48.07,32.06,41.68,,57.19,36.14,43.49,,44.0,,,,36.14,36.14,,36.14,36.14,36.14,36.14,36.14,48.07,48.07,,,,,32.06,37.57,37.57,37.57,37.57,37.57,48.32,43.02,43.48,42.51,37.57,37.57,37.57,37.57,36.14,35.0,,,,,,
2019-07-28 11:00:00+02:00,,32.61,,32.61,31.65,35.17,,35.0,,32.61,37.64,37.64,51.3,44.01,51.3,32.61,44.3,,59.8,35.3,44.49,,46.78,,,,34.95,34.95,,34.95,34.95,34.95,34.95,34.95,51.3,51.3,,,,,32.61,37.64,37.64,37.64,37.64,37.64,51.56,44.01,44.48,42.09,37.64,37.64,37.64,37.64,35.3,35.0,,,,,,
2019-07-28 12:00:00+02:00,,31.68,,31.68,31.63,34.95,,33.59,,31.68,37.23,37.23,52.68,45.27,52.68,31.68,46.01,,57.18,35.3,45.4,,48.59,,,,34.26,34.26,,34.26,34.26,34.26,34.26,34.26,52.68,52.68,,,,,31.68,37.23,37.23,37.23,37.23,37.23,52.95,45.27,45.39,42.09,37.23,37.23,37.23,37.23,35.3,33.59,,,,,,
2019-07-28 13:00:00+02:00,,29.32,,29.32,30.77,33.24,,32.25,,29.32,37.01,37.01,54.56,48.07,54.38,29.32,48.72,,55.4,35.3,42.17,,51.45,,,,32.88,32.88,,32.88,32.88,32.88,32.88,32.88,54.56,54.56,,,,,29.32,37.01,37.01,37.01,37.01,37.01,54.83,48.07,42.16,39.28,37.01,37.01,37.01,37.01,35.3,32.25,,,,,,
2019-07-28 14:00:00+02:00,,28.45,,28.45,31.65,32.59,,31.5,,28.45,36.92,36.92,54.72,47.62,54.72,28.45,43.17,,55.89,35.3,40.19,,47.0,,,,31.2,31.2,,31.2,29.94,31.2,29.94,29.94,54.72,54.72,,,,,28.45,36.92,36.92,36.92,36.92,36.92,54.99,47.62,40.18,34.56,36.92,36.92,36.92,36.92,35.3,31.5,,,,,,
2019-07-28 15:00:00+02:00,,28.45,,28.45,35.11,32.89,,32.04,,28.45,36.88,36.88,52.31,44.79,52.31,28.45,42.07,,55.45,35.3,40.19,,44.45,,,,30.2,30.2,,30.2,30.2,30.2,30.2,30.2,52.31,52.31,,,,,28.45,36.88,36.88,36.88,36.88,36.88,52.57,44.79,40.18,34.56,36.88,36.88,36.88,36.88,35.3,32.04,,,,,,
2019-07-28 16:00:00+02:00,,30.05,,26.6,43.05,33.72,,33.6,,30.05,37.02,37.02,51.38,43.0,51.38,27.89,43.05,,57.5,35.3,42.39,,45.49,,,,31.2,31.2,,31.2,31.2,31.2,31.2,31.2,51.38,51.38,,,,,33.08,37.02,37.02,37.02,37.02,37.02,51.63,43.0,42.38,37.99,37.02,37.02,37.02,37.02,35.3,33.6,,,,,,
2019-07-28 17:00:00+02:00,,34.0,,26.6,54.37,35.24,,38.24,,34.0,37.85,37.85,50.16,42.92,50.16,29.38,44.34,,57.5,34.49,51.58,,46.86,,,,34.49,34.49,,34.49,34.49,34.49,34.49,34.49,50.16,50.16,,,,,40.69,37.85,37.85,37.85,37.85,37.85,50.4,42.92,51.57,47.79,37.85,37.85,37.85,37.85,34.49,38.24,,,,,,
2019-07-28 18:00:00+02:00,,38.37,,30.0,62.43,36.79,,42.0,,38.37,38.37,38.49,55.01,42.7,55.01,34.42,49.9,,55.51,38.37,58.35,,52.74,,,,38.0,38.0,,38.0,38.0,38.0,38.0,38.0,55.01,55.01,,,,,39.58,38.49,38.49,38.49,38.49,38.49,56.23,42.7,58.33,53.18,38.49,38.49,38.49,38.49,38.37,42.0,,,,,,
2019-07-28 19:00:00+02:00,,40.03,,40.03,61.41,37.88,,48.0,,40.03,40.03,39.9,54.07,46.42,54.07,40.03,51.11,,55.89,40.03,59.34,,54.03,,,,40.03,40.03,,40.03,40.03,40.03,55.0,40.03,54.07,54.07,,,,,40.03,39.9,39.9,39.9,39.9,39.9,58.6,46.42,63.61,55.25,39.9,39.9,39.9,39.9,40.03,48.0,,,,,,
2019-07-28 20:00:00+02:00,,40.3,,40.3,62.19,37.64,,46.0,,40.3,40.3,40.3,56.4,53.59,56.4,40.3,53.1,,60.06,47.09,65.0,,56.13,,,,42.0,42.0,,42.0,42.0,42.0,72.7,42.0,58.71,58.71,,,,,40.3,40.04,40.04,40.04,40.04,40.04,58.99,53.59,79.98,60.76,40.04,40.04,40.04,40.04,42.0,46.0,,,,,,
2019-07-28 21:00:00+02:00,,40.87,,40.87,61.36,37.79,,45.93,,40.87,40.87,40.87,47.12,57.05,47.12,40.87,54.2,,60.1,58.71,65.04,,57.3,,,,45.0,45.0,,45.0,45.0,45.0,82.7,45.0,47.12,47.12,,,,,40.87,39.9,39.9,39.9,39.9,39.9,60.93,57.05,76.34,63.01,39.9,39.9,39.9,39.9,45.0,45.93,,,,,,
2019-07-28 22:00:00+02:00,,41.46,,41.46,46.39,38.45,,44.6,,41.46,41.46,41.46,40.14,58.25,40.14,41.46,55.2,,59.95,41.46,47.51,,58.37,,,,41.46,41.46,,41.46,41.46,41.46,73.2,41.46,40.14,40.14,,,,,41.46,40.14,40.14,40.14,40.14,40.14,54.21,58.25,47.49,54.73,40.14,40.14,40.14,40.14,41.46,44.6,,,,,,
2019-07-28 23:00:00+02:00,,39.01,,39.01,46.08,39.03,,40.9,,39.01,39.01,39.01,38.85,55.09,38.85,39.01,52.98,,59.92,39.01,43.88,,56.02,,,,39.01,39.01,,39.01,39.01,39.01,73.2,39.01,38.85,38.85,,,,,39.01,38.85,38.85,38.85,38.85,38.85,43.51,55.09,43.87,48.08,38.85,38.85,38.85,38.85,39.01,40.9,,,,,,
2019-07-29 00:00:00+02:00,,35.77,,35.77,42.04,35.69,,35.57,,35.77,35.77,36.96,36.96,54.3,36.96,35.77,43.12,,59.82,35.77,39.58,,44.52,,,,35.77,35.77,,35.77,35.77,35.77,55.0,35.77,36.96,36.96,,,,,35.77,36.96,36.96,36.96,36.96,36.96,57.12,54.3,39.56,47.53,36.96,36.96,36.96,36.96,35.77,35.57,,,,,,
2019-07-29 01:00:00+02:00,,34.05,,34.05,39.14,34.02,,33.7,,34.05,34.05,35.18,35.18,47.0,35.18,34.05,37.57,,59.96,34.05,36.65,,39.76,,,,34.05,34.05,,34.05,34.05,34.05,34.05,34.05,35.18,35.18,,,,,34.05,35.18,35.18,35.18,35.18,35.18,54.9,47.0,36.64,39.97,35.18,35.18,35.18,35.18,34.05,33.7,,,,,,
2019-07-29 02:00:00+02:00,,32.65,,32.65,34.06,33.07,,32.0,,32.65,33.73,33.73,33.73,40.81,33.73,32.65,36.34,,59.97,32.65,35.03,,38.14,,,,32.65,32.65,,32.65,32.65,32.65,32.65,32.65,33.73,33.73,,,,,32.65,33.73,33.73,33.73,33.73,33.73,51.9,40.81,35.01,35.95,33.73,33.73,33.73,33.73,32.65,32.0,,,,,,
2019-07-29 03:00:00+02:00,,32.46,,25.59,35.01,33.13,,32.04,,32.46,34.37,34.37,34.37,40.25,34.37,28.97,35.94,,59.81,32.46,34.98,,37.17,,,,32.46,32.46,,32.46,32.46,32.46,32.46,32.46,34.37,34.37,,,,,33.27,34.37,34.37,34.37,34.37,34.37,52.77,40.25,34.96,36.01,34.37,34.37,34.37,34.37,32.46,32.04,,,,,,
2019-07-29 04:00:00+02:00,,32.7,,24.33,32.38,32.66,,31.5,,32.7,34.8,34.8,34.8,40.05,34.8,28.45,35.24,,59.81,32.7,34.35,,36.47,,,,32.7,32.7,,32.7,32.7,32.7,32.7,32.7,34.8,34.8,,,,,33.69,34.8,34.8,34.8,34.8,34.8,52.77,40.05,34.33,34.69,34.8,34.8,34.8,34.8,32.7,31.5,,,,,,
2019-07-29 05:00:00+02:00,,35.55,,34.85,36.55,34.66,,34.51,,35.43,35.43,36.41,36.41,40.6,36.41,34.76,35.78,,59.8,35.55,37.01,,37.05,,,,34.82,34.82,,34.82,34.82,34.82,34.82,34.82,36.41,36.41,,,,,35.09,36.41,36.41,36.41,36.41,36.41,56.28,40.6,37.0,37.76,36.41,36.41,36.41,36.41,35.55,34.51,,,,,,
2019-07-29 06:00:00+02:00,,40.82,,39.6,50.11,40.03,,42.08,,40.75,40.75,39.77,55.32,43.24,55.32,39.72,40.2,,59.8,40.82,45.32,,41.64,,,,39.72,39.72,,39.72,39.72,39.72,39.72,39.72,55.32,55.32,,,,,40.42,39.77,39.77,39.77,39.77,39.77,62.31,43.24,45.3,47.08,39.77,39.77,39.77,39.77,40.82,42.08,,,,,,
2019-07-29 07:00:00+02:00,,53.5,,39.9,69.56,41.6,,49.75,,51.95,51.95,51.95,66.78,44.94,66.78,42.07,44.44,,59.97,84.05,84.61,,46.06,,,,42.07,42.07,,42.07,42.07,42.07,50.0,42.07,66.78,66.78,,,,,46.37,40.55,40.55,40.55,40.55,40.55,69.79,44.94,84.57,56.48,40.55,40.55,40.55,51.95,53.5,49.75,,,,,,
2019-07-29 08:00:00+02:00,,60.08,,45.32,69.58,43.69,,52.3,,57.4,57.4,57.4,74.17,51.18,74.17,45.45,45.95,,59.9,84.02,84.61,,48.98,,,,47.0,47.0,,47.0,47.0,47.0,55.0,47.0,74.17,74.17,,,,,47.97,40.82,40.82,40.82,40.82,40.82,74.44,51.18,84.57,60.1,40.82,40.82,40.82,57.4,60.08,52.3,,,,,,
2019-07-29 09:00:00+02:00,,52.08,,47.06,69.57,41.49,,51.7,,51.51,51.51,51.51,77.36,56.28,71.89,47.75,50.77,,59.96,90.89,84.61,,95.17,,,,53.5,53.5,,53.5,53.5,53.5,55.0,53.5,77.36,77.36,,,,,49.9,41.21,41.21,41.21,41.21,41.21,77.64,56.28,84.57,60.49,41.21,41.21,41.21,51.51,53.5,51.7,,,,,,
2019-07-29 10:00:00+02:00,,50.2,,44.93,70.03,41.85,,51.8,,48.84,48.84,48.84,77.33,54.48,69.77,44.8,47.19,,59.95,84.1,79.9,,99.0,,,,50.2,50.2,,50.2,50.2,50.2,50.2,50.2,77.33,77.33,,,,,46.4,41.43,41.43,41.48,41.48,41.43,77.6,54.48,79.86,60.05,41.48,41.48,41.48,48.84,50.2,51.8,,,,,,
2019-07-29 11:00:00+02:00,,49.94,,43.57,69.55,42.44,,47.73,,48.29,48.29,48.29,77.34,54.19,76.85,43.42,45.02,,61.28,90.95,81.87,,105.0,,,,50.0,50.0,,50.0,50.0,50.0,50.0,50.0,77.34,77.34,,,,,45.34,41.56,41.56,41.56,41.56,41.56,77.6,54.19,81.82,59.99,41.56,41.56,41.56,48.29,50.0,47.73,,,,,,
2019-07-29 12:00:00+02:00,,48.95,,42.76,69.58,41.4,,44.71,,47.35,47.35,47.35,78.91,55.69,73.26,42.61,45.18,,60.1,93.66,84.61,,116.0,,,,48.2,48.2,,48.2,48.2,48.2,48.2,48.2,78.91,78.91,,,,,44.48,41.46,41.46,41.46,41.46,41.46,79.17,55.69,84.56,60.45,41.46,41.46,41.46,47.35,48.95,44.71,,,,,,
2019-07-29 13:00:00+02:00,,48.2,,38.89,88.05,41.09,,44.15,,45.72,45.72,45.72,80.07,55.0,64.63,38.67,42.13,,60.11,87.64,84.61,,135.0,,,,48.2,48.2,,48.2,48.2,48.2,48.2,48.2,80.07,80.07,,,,,41.5,40.31,40.31,41.37,41.37,40.31,80.33,55.0,84.56,58.22,41.37,41.37,41.37,45.72,48.2,44.15,,,,,,
2019-07-29 14:00:00+02:00,,48.92,,35.32,84.98,39.55,,42.95,,45.3,45.3,45.3,77.43,51.24,63.68,34.96,39.7,,60.1,87.21,79.94,,120.0,,,,54.91,54.91,,54.91,54.91,54.91,54.91,54.91,77.43,77.43,,,,,39.14,40.03,40.03,41.21,41.21,40.03,77.67,51.24,79.88,56.64,41.21,41.21,41.21,45.3,54.91,42.95,,,,,,
2019-07-29 15:00:00+02:00,,48.91,,34.02,76.64,39.93,,43.12,,45.13,45.13,45.13,76.28,47.49,61.61,33.58,38.94,,61.24,84.08,79.95,,105.0,,,,56.57,56.57,,56.57,56.57,56.57,56.57,56.57,76.28,76.28,,,,,38.4,39.67,39.67,41.0,41.0,39.67,76.51,47.49,79.89,56.8,41.0,41.0,41.0,45.13,56.57,43.12,,,,,,
2019-07-29 16:00:00+02:00,,47.54,,37.78,61.37,41.04,,42.8,,44.95,44.95,44.95,60.0,46.97,60.0,37.47,41.15,,60.14,69.09,65.98,,95.22,,,,57.8,57.8,,57.8,57.8,57.8,57.8,57.8,60.0,60.0,,,,,40.6,40.16,40.16,40.85,40.85,40.16,73.24,46.97,65.93,57.68,40.85,40.85,40.85,44.95,57.8,42.8,,,,,,
2019-07-29 17:00:00+02:00,,45.21,,45.21,67.06,42.9,,46.7,,45.21,45.21,45.21,56.05,46.21,56.05,45.21,46.78,,59.88,60.25,61.98,,95.22,,,,60.25,60.25,,60.25,60.25,60.25,60.25,60.25,56.05,56.05,,,,,45.21,40.92,40.92,40.92,40.92,40.92,72.13,46.21,61.93,59.95,40.92,40.92,40.92,45.21,60.25,46.7,,,,,,
2019-07-29 18:00:00+02:00,,49.5,,48.05,65.16,45.44,,49.8,,49.5,49.5,49.5,60.09,46.97,60.09,46.97,49.98,,59.93,56.57,60.14,,95.22,,,,56.57,56.57,,56.57,56.57,56.57,73.52,56.57,60.09,60.09,,,,,49.37,41.05,41.05,41.05,41.05,41.05,70.23,46.97,60.09,60.28,41.05,41.05,41.05,49.5,56.57,49.8,,,,,,
2019-07-29 19:00:00+02:00,,58.22,,52.99,69.57,45.53,,53.94,,60.74,60.74,60.74,60.74,47.23,60.67,47.23,60.71,,59.94,58.22,68.7,,95.1,,,,58.22,58.22,,58.22,58.22,58.22,75.52,58.22,60.74,60.74,,,,,60.0,40.81,40.81,40.81,40.81,40.81,70.68,47.23,68.64,62.99,40.81,40.81,40.81,60.74,58.22,53.94,,,,,,
2019-07-29 20:00:00+02:00,,57.8,,52.17,69.54,45.34,,52.08,,60.5,60.5,60.5,56.07,46.07,55.36,45.97,60.43,,60.17,60.25,69.6,,64.62,,,,60.25,60.25,,60.25,60.25,60.25,95.41,60.25,56.07,56.07,,,,,59.75,40.69,40.69,40.69,40.69,40.69,70.25,46.07,69.53,66.02,40.69,40.69,40.69,56.07,60.25,52.08,,,,,,
2019-07-29 21:00:00+02:00,,51.9,,49.12,65.18,44.74,,49.65,,53.23,53.23,53.23,51.96,46.99,51.96,46.06,53.43,,60.05,60.25,63.87,,57.18,,,,60.25,60.25,,60.25,60.25,60.25,112.31,60.25,51.96,51.96,,,,,52.87,40.39,40.39,40.39,40.39,40.39,70.18,46.99,63.81,65.56,40.39,40.39,40.39,51.96,60.25,49.65,,,,,,
2019-07-29 22:00:00+02:00,,49.38,,49.38,61.38,45.05,,47.7,,49.38,49.38,49.38,43.02,49.38,43.02,49.38,50.51,,60.15,54.68,59.25,,54.07,,,,54.68,57.8,,54.68,57.8,57.8,85.52,57.8,43.02,43.02,,,,,49.38,40.08,40.08,40.08,40.08,40.08,67.45,49.38,59.19,59.7,40.08,40.08,40.08,43.02,54.68,47.7,,,,,,
2019-07-29 23:00:00+02:00,,43.25,,43.25,53.88,41.18,,40.76,,43.25,43.25,43.25,39.39,44.64,39.39,43.25,43.67,,57.75,47.0,52.03,,46.78,,,,47.0,47.0,,47.0,47.0,47.0,75.52,47.0,39.39,39.39,,,,,43.25,39.39,39.39,39.39,39.39,39.39,62.05,44.64,51.97,53.37,39.39,39.39,39.39,39.39,47.0,40.76,,,,,,
2019-07-30 00:00:00+02:00,,40.02,,32.71,50.13,38.83,,38.97,,38.8,38.8,38.8,38.8,44.61,38.8,32.4,41.55,,69.43,40.02,49.04,,43.24,,,,41.81,41.81,,41.81,41.81,41.81,72.52,41.81,38.8,38.8,,,,,35.0,38.8,38.8,38.8,38.8,38.8,62.74,44.61,48.99,52.19,38.8,38.8,38.8,38.8,40.02,38.97,,,,,,
2019-07-30 01:00:00+02:00,,37.7,,27.05,50.11,37.44,,37.32,,38.35,38.35,38.35,38.35,40.25,38.35,26.59,37.66,,69.49,37.7,43.09,,39.2,,,,41.0,41.0,,39.72,41.0,41.0,43.0,41.0,38.35,38.35,,,,,37.12,38.35,38.35,38.35,38.35,38.35,62.33,40.25,43.05,45.32,38.35,38.35,38.35,38.35,37.7,37.32,,,,,,
2019-07-30 02:00:00+02:00,,37.93,,29.9,42.47,37.25,,36.4,,38.16,38.16,38.16,38.16,39.4,38.16,29.56,35.46,,69.44,37.93,37.37,,36.9,,,,39.71,40.22,,39.45,40.22,40.22,40.22,40.22,38.16,38.16,,,,,34.95,38.16,38.16,38.16,38.16,38.16,62.06,39.4,37.33,39.53,38.16,38.16,38.16,38.16,37.93,36.4,,,,,,
2019-07-30 03:00:00+02:00,,37.25,,21.4,44.8,36.34,,35.7,,38.0,38.0,38.0,38.0,39.1,38.0,20.74,34.3,,61.89,37.25,37.05,,35.71,,,,40.7,40.7,,40.7,40.7,40.7,40.7,40.7,38.0,38.0,,,,,33.82,38.0,38.0,38.0,38.0,38.0,62.08,39.1,37.02,38.53,38.0,38.0,38.0,38.0,37.25,35.7,,,,,,
2019-07-30 04:00:00+02:00,,37.25,,16.5,42.08,36.2,,35.8,,38.16,38.16,38.16,38.16,39.2,38.16,16.06,32.64,,61.89,37.25,37.04,,33.97,,,,40.7,40.7,,40.7,40.7,40.7,40.7,40.7,38.16,38.16,,,,,32.17,38.16,38.16,38.16,38.16,38.16,62.02,39.2,37.0,38.19,38.16,38.16,38.16,38.16,37.25,35.8,,,,,,
2019-07-30 05:00:00+02:00,,39.03,,21.96,50.11,37.57,,37.1,,39.54,39.54,39.54,38.59,39.5,38.59,23.27,32.19,,59.95,39.03,40.09,,33.5,,,,41.72,41.72,,41.72,41.72,41.72,41.72,41.72,38.59,38.59,,,,,31.73,38.59,38.59,38.59,38.59,38.59,61.85,39.5,40.05,39.91,38.59,38.59,38.59,38.59,39.03,37.1,,,,,,
2019-07-30 06:00:00+02:00,,44.94,,36.3,61.65,41.7,,44.92,,48.5,48.5,48.5,47.33,40.6,47.33,27.63,36.67,,67.7,44.94,52.56,,36.39,,,,44.94,44.94,,44.94,44.94,44.94,44.94,44.94,47.33,47.33,,,,,46.91,39.78,39.78,39.78,39.78,39.78,62.83,40.6,52.5,52.18,39.78,39.78,39.78,47.33,44.94,44.92,,,,,,
2019-07-30 07:00:00+02:00,,51.0,,41.07,61.39,43.24,,51.46,,54.98,54.98,54.98,68.22,45.12,59.8,30.73,41.5,,72.27,51.0,62.5,,40.2,,,,45.77,45.77,,45.77,45.77,45.77,56.52,45.77,68.22,68.22,,,,,53.27,40.15,40.15,40.15,40.15,40.15,68.16,45.12,71.91,67.53,40.15,40.15,40.15,53.66,51.0,51.46,,,,,,
2019-07-30 08:00:00+02:00,,52.88,,44.71,55.05,42.08,,53.49,,56.16,56.16,56.16,72.07,48.68,58.36,36.25,45.18,,69.58,52.88,60.04,,48.02,,,,52.88,52.88,,52.88,52.88,52.88,56.52,52.88,72.07,72.07,,,,,54.89,40.86,40.86,40.43,40.43,40.86,72.82,48.68,59.97,68.04,40.86,40.86,40.86,54.81,52.88,53.49,,,,,,
2019-07-30 09:00:00+02:00,,52.07,,46.65,56.47,42.04,,50.1,,54.25,54.25,54.25,58.61,51.19,56.68,41.04,51.76,,69.54,52.55,61.45,,55.31,,,,52.55,52.55,,52.55,52.55,52.55,56.52,52.55,58.61,58.61,,,,,53.46,41.06,41.06,40.46,40.46,41.06,72.77,51.19,61.38,68.77,41.06,41.06,41.06,52.95,52.55,50.1,,,,,,
2019-07-30 10:00:00+02:00,,46.37,,27.2,59.54,42.68,,47.1,,49.9,49.9,49.9,58.66,50.17,55.15,37.37,51.75,,69.54,50.97,60.07,,55.16,,,,50.97,50.97,,50.97,50.97,50.97,72.9,50.97,58.66,58.66,,,,,50.12,41.22,41.22,40.5,40.5,41.22,72.72,50.17,60.0,67.85,41.22,41.22,41.22,49.9,50.97,47.1,,,,,,
2019-07-30 11:00:00+02:00,,45.96,,24.97,48.82,43.51,,44.6,,45.96,45.96,45.96,58.64,51.42,54.95,35.99,50.2,,69.59,51.26,60.12,,53.51,,,,51.26,51.26,,51.26,51.26,51.26,52.0,51.26,58.64,58.64,,,,,46.44,41.37,41.37,40.45,40.45,41.37,72.8,51.42,60.04,70.54,41.37,41.37,41.37,44.86,51.26,44.6,,,,,,
2019-07-30 12:00:00+02:00,,41.75,,26.14,50.6,42.05,,43.2,,41.75,41.75,41.75,70.05,54.18,53.58,34.34,49.98,,69.63,44.62,66.03,,53.28,,,,44.62,44.62,,44.62,44.62,44.62,48.9,44.62,70.05,70.05,,,,,42.1,40.78,40.78,40.6,40.6,40.78,74.62,54.18,65.95,72.0,41.06,41.06,41.06,41.06,44.62,43.2,,,,,,
2019-07-30 13:00:00+02:00,,40.65,,14.91,69.56,40.79,,40.6,,40.65,40.65,40.65,58.65,55.2,50.9,28.43,47.25,,69.64,45.0,68.07,,50.37,,,,45.0,45.0,,45.0,45.0,45.0,46.01,45.0,58.65,58.65,,,,,41.24,40.51,40.51,40.58,40.58,40.51,72.8,55.2,67.99,72.93,40.65,40.65,40.65,40.65,45.0,40.6,,,,,,
2019-07-30 14:00:00+02:00,,40.0,,16.7,69.56,40.51,,40.2,,40.0,40.0,40.0,49.95,54.26,49.95,28.95,41.8,,69.62,49.0,71.45,,47.0,,,,49.0,49.0,,49.0,49.0,49.0,49.0,49.0,49.95,49.95,,,,,40.41,40.0,40.0,40.0,40.0,40.0,72.77,54.26,71.37,73.41,40.0,40.0,40.0,40.0,49.0,40.2,,,,,,
2019-07-30 15:00:00+02:00,,39.95,,16.68,69.55,40.92,,40.54,,39.95,39.95,39.95,74.05,54.07,49.94,28.89,40.87,,69.6,50.0,71.81,,43.56,,,,50.0,50.0,,50.0,50.0,50.0,50.0,50.0,74.05,74.05,,,,,40.28,39.95,39.95,39.95,39.95,39.95,73.97,54.07,71.72,72.91,39.95,39.95,39.95,39.95,50.0,40.54,,,,,,
2019-07-30 16:00:00+02:00,,39.78,,18.65,57.35,40.83,,40.5,,39.78,39.78,39.78,43.09,53.43,43.09,29.75,39.29,,69.67,53.29,68.42,,41.88,,,,53.29,53.29,,53.29,53.29,53.29,53.29,53.29,43.09,43.09,,,,,39.94,39.78,39.78,39.78,39.78,39.78,71.46,53.43,68.33,70.4,39.78,39.78,39.78,39.78,53.29,40.5,,,,,,
2019-07-30 17:00:00+02:00,,42.04,,16.73,53.07,43.56,,45.8,,42.04,42.04,42.04,43.02,52.76,43.02,30.14,42.65,,69.62,56.57,68.48,,45.46,,,,56.57,56.57,,56.57,56.57,56.57,72.9,56.57,43.02,43.02,,,,,42.04,40.69,40.69,40.47,40.47,40.69,71.46,52.76,68.39,73.98,41.03,41.03,41.03,41.03,56.57,45.8,,,,,,
2019-07-30 18:00:00+02:00,,45.99,,30.0,59.08,42.99,,51.22,,46.91,46.91,46.91,68.95,51.19,52.0,38.91,47.6,,69.69,56.57,67.81,,50.74,,,,56.57,56.57,,56.57,56.57,56.57,75.52,56.57,68.95,68.95,,,,,46.91,41.03,41.03,40.35,40.35,41.03,68.88,51.19,67.73,70.03,41.92,41.92,41.92,45.79,56.57,51.22,,,,,,
2019-07-30 19:00:00+02:00,,50.85,,45.11,60.58,42.67,,55.1,,53.66,53.66,53.66,68.94,49.18,55.36,38.99,50.04,,69.71,61.73,67.7,,53.33,,,,61.73,61.73,,61.73,61.73,61.73,108.41,61.73,68.94,68.94,,,,,52.41,40.84,40.84,40.34,40.34,40.84,68.87,49.18,67.61,73.5,41.92,41.92,41.92,41.92,61.73,55.1,,,,,,
2019-07-30 20:00:00+02:00,,49.36,,41.93,61.91,42.07,,53.6,,52.99,52.99,52.99,43.01,50.01,43.01,34.05,49.2,,69.74,55.21,68.02,,52.44,,,,55.21,58.97,,55.21,58.97,58.97,112.31,58.97,43.01,43.01,,,,,51.54,40.92,40.92,40.39,40.39,40.92,68.99,50.01,67.93,72.98,41.43,41.43,41.43,41.43,55.21,53.6,,,,,,
2019-07-30 21:00:00+02:00,,45.98,,40.33,57.31,43.13,,50.03,,47.88,47.88,47.88,40.58,50.85,40.58,34.93,42.56,,69.71,55.0,63.22,,45.37,,,,55.0,61.73,,55.0,61.73,61.73,112.31,61.73,40.58,40.58,,,,,46.93,40.58,40.58,40.39,40.39,40.58,68.66,50.85,63.13,71.02,40.58,40.58,40.58,40.58,55.0,50.03,,,,,,
2019-07-30 22:00:00+02:00,,43.66,,43.66,69.54,43.21,,45.01,,43.66,43.66,43.66,39.96,51.42,39.96,43.66,43.99,,63.25,49.08,66.01,,46.89,,,,49.08,49.08,,49.08,49.08,49.08,85.52,49.08,39.96,39.96,,,,,43.66,39.96,39.96,39.96,39.96,39.96,63.03,51.42,65.92,66.63,39.96,39.96,39.96,39.96,49.08,45.01,,,,,,
2019-07-30 23:00:00+02:00,,38.66,,38.66,47.94,41.05,,39.5,,38.66,38.66,38.66,38.66,47.0,38.66,38.66,39.07,,69.6,42.86,50.77,,41.64,,,,42.86,42.86,,42.86,42.86,42.86,70.52,42.86,38.66,38.66,,,,,38.66,38.66,38.66,38.66,38.66,38.66,59.71,47.0,50.7,55.58,38.66,38.66,38.66,38.66,42.86,39.5,,,,,,
2019-07-31 00:00:00+02:00,,39.2,,27.13,48.14,37.36,,37.89,,37.98,37.98,37.98,37.98,50.17,37.98,27.58,44.38,,69.53,50.0,49.74,,45.44,,,,50.0,50.0,,50.0,50.0,50.0,50.0,50.0,37.98,37.98,,,,,36.76,37.98,37.98,37.98,37.98,37.98,66.55,50.17,49.68,48.85,37.98,37.98,37.98,37.98,50.0,37.89,,,,,,
2019-07-31 01:00:00+02:00,,38.94,,29.28,36.6,36.76,,37.1,,37.54,37.54,37.54,37.54,42.68,37.54,27.76,39.3,,68.34,45.0,42.64,,40.23,,,,45.0,45.0,,45.0,45.0,45.0,45.0,45.0,37.54,37.54,,,,,32.84,37.54,37.54,37.54,37.54,37.54,61.65,42.68,42.59,44.04,37.54,37.54,37.54,37.54,45.0,37.1,,,,,,
2019-07-31 02:00:00+02:00,,37.85,,24.94,34.05,35.15,,36.12,,35.98,35.98,35.98,35.98,40.0,35.98,22.84,32.74,,69.49,37.85,37.01,,33.5,,,,42.18,42.18,,42.18,42.18,42.18,42.18,42.18,35.98,35.98,,,,,29.73,35.98,35.98,35.98,35.98,35.98,58.39,40.0,36.96,37.87,35.98,35.98,35.98,35.98,37.85,36.12,,,,,,
2019-07-31 03:00:00+02:00,,38.32,,20.65,33.24,34.56,,36.0,,35.78,35.78,35.78,35.78,39.5,35.78,17.78,30.59,,67.25,38.32,36.46,,31.3,,,,40.0,40.0,,40.0,40.0,40.0,40.0,40.0,35.78,35.78,,,,,27.19,35.78,35.78,35.78,35.78,35.78,58.39,39.5,36.42,36.46,35.78,35.78,35.78,35.78,38.32,36.0,,,,,,
2019-07-31 04:00:00+02:00,,39.18,,18.36,33.98,34.74,,36.5,,36.19,36.19,36.19,36.19,39.4,36.19,14.96,29.46,,64.97,39.18,37.14,,30.88,,,,40.0,40.0,,40.0,40.0,40.0,40.0,40.0,36.19,36.19,,,,,26.07,36.19,36.19,36.19,36.19,36.19,59.53,39.4,37.1,37.1,36.19,36.19,36.19,36.19,39.18,36.5,,,,,,
2019-07-31 05:00:00+02:00,,40.17,,25.07,39.11,36.52,,37.2,,38.0,38.0,38.0,37.8,39.4,37.8,22.65,31.65,,60.87,40.93,39.67,,33.0,,,,40.93,40.93,,40.93,40.93,40.93,40.93,40.93,37.8,37.8,,,,,30.66,37.8,37.8,37.8,37.8,37.8,61.31,39.4,39.62,39.44,37.8,37.8,37.8,37.8,40.93,37.2,,,,,,
2019-07-31 06:00:00+02:00,,45.91,,27.32,50.11,39.78,,40.2,,44.12,44.12,44.12,40.12,40.16,40.12,24.2,36.13,,60.96,45.91,48.54,,37.85,,,,45.91,45.91,,45.91,45.91,45.91,45.91,45.91,40.12,40.12,,,,,34.99,38.98,38.98,40.12,40.12,38.98,67.71,40.16,48.48,51.64,40.12,40.12,40.12,40.12,45.91,40.2,,,,,,
2019-07-31 07:00:00+02:00,,61.11,,31.85,69.58,40.5,,48.3,,61.11,61.11,61.11,59.64,43.22,53.36,27.77,43.3,,69.49,68.02,75.02,,44.26,,,,50.95,50.95,,50.95,50.95,50.95,50.95,50.95,59.64,59.64,,,,,44.56,39.71,39.71,40.1,40.1,39.71,65.36,43.22,74.94,68.0,40.95,40.95,40.95,59.64,61.11,48.3,,,,,,
2019-07-31 08:00:00+02:00,,61.94,,34.68,69.57,41.34,,51.1,,61.94,61.94,61.94,67.06,48.79,56.77,35.48,43.73,,62.75,61.94,67.06,,46.87,,,,60.95,60.95,,60.95,60.95,60.95,60.95,60.95,67.06,67.06,,,,,45.0,40.19,40.19,40.11,40.11,40.19,67.17,48.79,66.98,65.12,42.39,42.39,42.39,60.46,61.94,51.1,,,,,,
2019-07-31 09:00:00+02:00,,60.95,,35.1,69.55,41.03,,49.4,,59.78,59.78,59.78,69.68,51.0,56.41,35.77,45.96,,62.76,90.03,71.49,,77.0,,,,60.95,60.95,,60.95,60.95,60.95,60.95,60.95,69.68,69.68,,,,,44.49,40.23,40.23,40.31,40.31,40.23,69.8,51.0,71.41,66.24,43.11,43.11,43.11,58.35,60.95,49.4,,,,,,
2019-07-31 10:00:00+02:00,,55.98,,34.87,69.57,41.07,,46.1,,51.47,51.47,51.47,68.96,50.29,54.93,34.87,43.75,,65.05,90.08,73.01,,79.92,,,,56.57,56.57,,56.57,56.57,56.57,56.57,56.57,68.96,68.96,,,,,41.24,39.92,39.92,40.4,40.4,39.92,69.08,50.29,72.92,66.96,43.82,43.82,50.23,50.23,56.57,46.1,,,,,,
2019-07-31 11:00:00+02:00,,54.77,,35.16,69.57,40.77,,45.5,,50.71,50.71,50.71,69.86,51.19,55.66,35.16,42.83,,69.51,95.01,75.02,,81.0,,,,57.53,57.53,,57.53,57.53,57.53,57.53,57.53,69.86,69.86,,,,,41.44,40.11,40.11,40.5,40.5,40.11,69.97,51.19,74.94,67.98,44.36,44.36,50.71,50.71,57.53,45.5,,,,,,
2019-07-31 12:00:00+02:00,,50.17,,35.87,95.09,40.38,,42.58,,47.7,47.7,47.7,69.99,51.26,56.4,33.94,43.66,,69.61,101.07,80.1,,90.0,,,,50.17,50.17,,50.17,50.17,50.17,50.17,50.17,69.99,69.99,,,,,41.22,39.9,39.9,40.74,40.53,39.9,70.1,51.26,80.01,72.02,43.52,43.52,47.7,47.7,54.7,42.58,,,,,,
2019-07-31 13:00:00+02:00,,47.92,,34.21,69.58,39.59,,40.99,,45.83,45.83,45.83,70.61,52.19,57.83,32.36,42.5,,69.64,90.09,80.03,,111.89,,,,50.0,50.0,,50.0,50.0,50.0,50.0,50.0,70.61,70.61,,,,,39.5,39.46,39.46,41.14,40.5,39.46,70.72,52.19,79.94,72.57,43.8,43.8,45.83,45.83,54.7,40.99,,,,,,
2019-07-31 14:00:00+02:00,,45.98,,33.11,82.92,39.75,,40.6,,44.01,44.01,44.01,69.8,50.69,58.89,31.42,39.41,,69.64,86.0,75.09,,90.0,,,,52.22,52.22,,52.22,52.22,52.22,52.22,52.22,69.8,69.8,,,,,38.07,39.33,39.33,41.32,40.47,39.33,69.9,50.69,75.01,71.33,44.01,44.01,44.01,44.01,52.22,40.6,,,,,,
2019-07-31 15:00:00+02:00,,44.93,,33.8,69.56,39.67,,41.0,,43.17,43.17,43.17,69.92,50.29,57.47,32.39,39.32,,69.64,59.22,75.07,,70.0,,,,59.22,59.22,,59.22,59.22,59.22,59.22,59.22,69.92,69.92,,,,,38.01,39.26,39.26,41.61,40.45,39.26,70.01,50.29,74.99,70.45,43.17,43.17,43.17,43.17,59.22,41.0,,,,,,
2019-07-31 16:00:00+02:00,,44.95,,33.38,69.55,39.93,,41.58,,43.21,43.21,43.21,42.89,50.29,42.89,31.85,39.1,,69.65,61.2,76.3,,73.27,,,,61.2,61.2,,61.2,61.2,61.2,61.2,61.2,42.89,42.89,,,,,37.79,39.04,39.04,41.53,40.41,39.04,69.74,50.29,76.22,69.06,42.89,42.89,42.89,42.89,61.2,41.58,,,,,,
2019-07-31 17:00:00+02:00,,50.95,,33.23,69.57,39.77,,43.86,,47.9,47.9,47.9,49.02,50.29,49.02,30.54,42.65,,69.69,99.56,83.94,,79.92,,,,61.94,61.94,,61.94,61.94,61.94,70.01,61.94,49.02,49.02,,,,,40.0,39.34,39.34,41.39,40.37,39.34,69.05,50.29,83.85,69.38,43.98,43.98,46.75,46.75,61.94,43.86,,,,,,
2019-07-31 18:00:00+02:00,,52.02,,19.7,69.59,40.5,,46.4,,52.02,52.02,52.02,69.49,48.79,60.22,36.05,50.95,,69.69,96.07,81.94,,75.8,,,,61.2,61.2,,61.2,61.2,61.2,89.93,61.2,69.49,69.49,,,,,52.02,39.98,39.98,41.35,40.38,39.98,69.56,48.79,81.86,68.01,45.39,45.39,45.39,50.77,61.2,46.4,,,,,,
2019-07-31 19:00:00+02:00,,53.47,,46.97,72.73,40.83,,51.3,,55.93,55.93,55.93,69.45,48.79,61.02,41.86,53.27,,66.2,90.08,75.51,,69.93,,,,61.94,61.94,,61.94,61.94,61.94,111.31,61.94,69.45,69.45,,,,,54.68,40.02,40.02,41.26,40.38,40.02,69.52,48.79,75.44,68.18,44.52,44.52,44.52,54.59,61.94,51.3,,,,,,
2019-07-31 20:00:00+02:00,,61.65,,48.92,69.58,40.03,,53.3,,65.71,65.71,65.71,64.13,48.17,51.48,40.43,60.29,,66.2,101.04,75.01,,62.96,,,,61.65,61.65,,61.65,61.65,61.65,112.31,61.65,64.13,64.13,,,,,61.87,40.15,40.15,41.19,40.41,40.15,69.03,48.17,76.53,68.6,43.57,43.57,43.57,64.13,61.65,53.3,,,,,,
2019-07-31 21:00:00+02:00,,69.95,,43.13,69.55,39.22,,49.4,,69.95,69.95,69.95,49.92,48.79,49.92,39.59,53.59,,66.1,91.03,67.5,,55.95,,,,63.61,63.61,,63.61,63.61,63.61,112.31,63.61,49.92,49.92,,,,,54.98,40.11,40.11,41.16,40.41,40.11,68.27,48.79,67.44,63.26,42.92,42.92,42.92,49.92,69.95,49.4,,,,,,
2019-07-31 22:00:00+02:00,,54.51,,45.19,65.59,40.48,,44.6,,54.51,54.51,54.51,42.84,50.17,42.84,44.07,50.93,,69.62,60.95,58.09,,53.16,,,,60.95,60.95,,60.95,60.95,60.95,93.93,60.95,42.84,42.84,,,,,49.15,39.87,39.87,41.02,40.37,39.87,67.08,50.17,58.03,61.9,42.48,42.48,42.48,42.84,60.95,44.6,,,,,,
2019-07-31 23:00:00+02:00,,42.74,,41.87,48.88,38.55,,40.0,,42.62,42.62,42.62,40.45,45.19,40.45,41.74,43.73,,69.11,50.0,47.33,,45.64,,,,50.0,50.0,,50.0,50.0,50.0,74.76,50.0,40.45,40.45,,,,,42.2,39.69,39.69,40.45,40.28,39.69,61.29,45.19,47.29,50.08,40.45,40.45,40.45,40.45,50.0,40.0,,,,,,
2019-08-01 00:00:00+02:00,,39.0,,39.0,55.43,38.47,,39.3,,39.0,39.0,39.0,39.0,50.15,39.0,39.0,40.75,,69.05,56.94,53.17,,41.79,,,,56.94,56.94,,56.94,56.94,56.94,74.75,56.94,39.0,39.0,,,,,39.0,39.0,39.0,39.0,39.0,39.0,55.59,50.15,53.15,51.07,39.0,39.0,39.0,39.0,56.94,39.3,,,,,,
2019-08-01 01:00:00+02:00,,37.07,,37.07,34.04,37.27,,37.98,,37.07,37.07,37.98,37.98,45.05,37.98,37.07,38.39,,69.04,47.8,47.91,,40.06,,,,47.8,47.8,,47.8,47.8,47.8,47.8,47.8,37.98,37.98,,,,,37.07,37.98,37.98,37.98,37.98,37.98,54.98,45.05,47.89,45.01,37.98,37.98,37.98,37.98,47.8,37.98,,,,,,
2019-08-01 02:00:00+02:00,,36.8,,36.01,31.96,36.03,,37.6,,36.64,37.44,37.44,37.44,42.0,37.44,35.97,37.4,,68.98,41.24,40.02,,39.03,,,,41.24,41.24,,41.24,41.24,41.24,43.0,41.24,37.44,37.44,,,,,36.25,37.44,37.44,37.44,37.44,37.44,55.15,42.0,40.0,40.03,37.44,37.44,37.44,37.44,41.24,37.6,,,,,,
2019-08-01 03:00:00+02:00,,38.19,,33.43,30.96,36.15,,37.54,,37.26,37.26,37.26,37.26,42.15,37.26,33.24,36.15,,69.15,41.06,38.37,,37.73,,,,41.06,41.06,,41.06,41.06,41.06,41.06,41.06,37.26,37.26,,,,,34.89,37.26,37.26,37.26,37.26,37.26,54.82,42.15,38.35,38.61,37.26,37.26,37.26,37.26,41.06,37.54,,,,,,
2019-08-01 04:00:00+02:00,,38.75,,31.7,33.81,36.26,,37.65,,37.37,37.37,37.37,37.37,42.5,37.37,31.37,35.08,,68.95,41.0,39.27,,36.62,,,,41.0,41.0,,41.0,41.0,41.0,41.0,41.0,37.37,37.37,,,,,33.86,37.37,37.37,37.37,37.37,37.37,54.8,42.5,39.25,38.16,37.37,37.37,37.37,37.37,41.0,37.65,,,,,,
2019-08-01 05:00:00+02:00,,37.89,,36.09,42.74,36.79,,38.0,,37.54,37.54,38.39,38.39,44.2,38.39,36.0,37.23,,66.43,41.76,43.06,,38.18,,,,41.76,41.76,,41.76,41.76,41.76,41.76,41.76,42.1,42.1,,,,,36.66,38.39,38.39,38.39,38.39,38.39,53.73,44.2,43.04,41.05,38.39,38.39,38.39,38.39,41.76,38.0,,,,,,
2019-08-01 06:00:00+02:00,,42.44,,40.03,45.58,38.14,,43.9,,41.93,41.93,41.08,55.19,43.86,55.19,39.93,41.29,,62.53,42.44,50.32,,42.75,,,,42.44,42.44,,42.44,42.44,42.44,42.44,42.44,62.38,62.38,,,,,40.8,39.9,39.9,40.11,40.11,39.9,62.42,43.86,50.29,49.26,41.08,41.08,41.08,41.08,42.44,43.9,,,,,,
2019-08-01 07:00:00+02:00,,46.92,,42.57,61.26,40.24,,52.59,,46.92,46.92,46.92,66.86,45.0,66.81,42.37,43.9,,69.05,46.92,73.01,,44.76,,,,45.42,45.42,,45.42,45.42,45.42,50.03,45.42,66.86,66.86,,,,,44.45,40.18,40.18,40.18,40.18,40.18,66.9,45.0,92.99,67.08,43.02,43.02,43.02,45.79,46.92,52.59,,,,,,
2019-08-01 08:00:00+02:00,,48.0,,42.41,64.81,40.14,,52.9,,46.81,46.81,46.81,68.59,47.74,65.56,42.35,43.54,,69.08,51.57,67.97,,46.57,,,,50.0,50.0,,50.0,50.0,50.0,65.75,50.0,68.59,68.59,,,,,44.09,40.27,40.27,40.27,40.27,40.27,68.63,47.74,79.44,67.48,44.5,44.5,45.69,45.69,51.57,52.9,,,,,,
2019-08-01 09:00:00+02:00,,42.43,,42.43,59.1,39.95,,47.01,,42.43,42.43,42.43,66.16,50.95,66.16,42.43,53.65,,69.1,94.75,81.93,,82.0,,,,51.03,51.03,,51.03,51.03,51.03,74.75,51.03,69.82,69.82,,,,,42.43,40.32,40.32,40.32,40.32,40.32,69.85,50.95,94.86,71.6,42.43,42.43,42.43,42.43,51.03,47.01,,,,,,
2019-08-01 10:00:00+02:00,,40.76,,40.76,55.55,39.86,,45.4,,40.76,40.83,40.83,69.85,51.01,69.85,40.76,54.77,,69.1,100.01,85.01,,81.4,,,,49.01,49.01,,49.01,49.01,49.01,52.01,49.01,69.85,69.85,,,,,40.76,40.21,40.21,40.21,40.21,40.21,69.89,51.01,90.85,69.21,40.83,40.83,40.83,40.83,49.01,45.4,,,,,,
2019-08-01 11:00:00+02:00,,40.14,,38.54,48.79,40.28,,44.01,,39.85,40.83,40.83,69.61,50.53,69.61,40.89,53.11,,69.15,100.04,89.95,,81.83,,,,49.0,49.0,,49.0,49.0,49.0,49.0,49.0,69.74,69.74,,,,,39.29,40.22,40.22,40.22,40.22,40.22,69.77,50.53,90.85,71.51,40.83,40.83,40.83,40.83,49.0,44.01,,,,,,
2019-08-01 12:00:00+02:00,,40.06,,37.13,51.59,39.44,,42.7,,39.52,40.49,40.49,67.95,51.18,67.95,41.43,43.48,,73.2,100.02,95.02,,85.0,,,,46.43,46.43,,46.43,46.43,46.43,47.01,46.43,69.9,69.9,,,,,38.48,39.75,39.75,40.05,40.05,39.75,69.93,51.18,94.95,74.03,40.49,40.49,40.49,40.49,46.43,42.7,,,,,,
2019-08-01 13:00:00+02:00,,39.99,,37.72,69.54,38.6,,41.37,,39.57,40.54,40.54,67.98,51.18,67.98,41.04,42.16,,73.18,100.03,89.99,,117.0,,,,48.11,48.11,,48.11,48.11,48.11,48.11,48.11,69.8,69.8,,,,,38.78,40.06,40.06,40.06,40.06,40.06,69.83,51.18,90.84,75.06,40.54,40.54,40.54,40.54,48.11,41.37,,,,,,
2019-08-01 14:00:00+02:00,,39.48,,38.11,69.54,38.58,,41.3,,39.23,40.2,40.2,66.23,49.86,66.23,40.13,41.21,,71.0,100.02,90.91,,99.99,,,,51.18,51.18,,51.18,51.18,51.18,51.18,51.18,69.75,69.75,,,,,38.75,40.03,40.03,40.03,40.03,40.03,69.78,49.86,90.84,73.0,40.2,40.2,40.2,40.2,51.18,41.3,,,,,,
2019-08-01 15:00:00+02:00,,40.28,,39.36,69.54,39.41,,42.39,,40.11,40.11,40.11,64.78,48.99,64.78,40.7,41.8,,73.2,100.01,92.96,,89.99,,,,51.0,51.0,,51.0,51.0,51.0,51.0,51.0,69.8,69.8,,,,,39.78,40.04,40.04,40.04,40.04,40.04,69.82,48.99,92.89,74.02,40.11,40.11,40.11,40.11,51.0,42.39,,,,,,
2019-08-01 16:00:00+02:00,,40.17,,40.09,63.96,39.61,,43.31,,40.15,40.15,40.15,63.69,49.53,63.69,40.21,41.29,,73.85,100.06,90.91,,89.99,,,,55.0,55.0,,55.0,55.0,55.0,70.03,55.0,63.69,63.69,,,,,40.13,40.09,40.09,40.09,40.09,40.09,67.89,49.53,90.84,71.36,40.15,40.15,40.15,40.15,55.0,43.31,,,,,,
2019-08-01 17:00:00+02:00,,45.33,,45.33,69.55,40.2,,48.32,,45.33,45.33,45.33,60.31,49.07,60.31,45.33,46.67,,73.93,100.05,90.5,,85.0,,,,57.44,57.44,,57.44,57.44,57.44,75.33,57.44,60.31,60.31,,,,,45.33,40.57,40.57,40.41,40.28,40.57,67.51,49.07,90.43,72.16,44.24,44.24,44.24,44.24,57.44,48.32,,,,,,
2019-08-01 18:00:00+02:00,,55.96,,53.11,69.56,41.26,,54.01,,55.96,55.96,55.96,63.41,51.08,63.41,51.08,54.67,,73.99,100.03,89.0,,85.0,,,,57.52,57.52,,57.52,57.52,57.52,112.31,57.52,67.42,67.42,,,,,55.64,40.6,40.6,40.34,40.29,40.6,67.44,51.08,88.93,71.91,42.91,42.91,53.7,54.62,57.52,54.01,,,,,,
2019-08-01 19:00:00+02:00,,62.49,,55.83,69.56,41.32,,60.8,,64.94,64.94,64.94,63.38,50.08,63.38,50.08,61.74,,73.39,100.05,95.14,,79.92,,,,58.0,58.0,,58.0,58.0,58.0,112.31,58.0,63.38,63.38,,,,,63.5,40.4,40.4,40.27,40.27,40.4,67.47,50.08,95.06,71.95,42.92,42.92,45.48,63.38,62.49,60.8,,,,,,
2019-08-01 20:00:00+02:00,,65.01,,56.66,69.56,41.0,,65.0,,68.07,68.07,68.07,49.97,49.5,49.97,49.5,63.0,,72.45,100.05,95.35,,68.0,,,,64.0,64.0,,64.0,64.0,64.0,113.31,64.0,66.43,66.43,,,,,66.2,40.56,40.56,40.26,40.26,40.56,67.46,49.5,95.27,74.6,42.48,42.48,42.48,66.43,65.01,65.0,,,,,,
2019-08-01 21:00:00+02:00,,57.95,,54.28,69.54,40.72,,60.7,,59.36,59.36,59.36,57.94,51.0,41.19,51.0,56.96,,69.17,100.09,90.91,,59.63,,,,57.95,57.95,,57.95,57.95,57.95,113.31,57.95,57.94,57.94,,,,,58.6,40.35,40.35,40.24,40.24,40.35,67.89,51.0,90.83,69.09,41.19,41.19,41.19,57.94,57.95,60.7,,,,,,
2019-08-01 22:00:00+02:00,,51.53,,51.53,48.64,41.72,,52.75,,51.53,51.53,51.53,40.09,51.53,40.09,51.53,53.01,,69.05,100.06,85.62,,55.5,,,,56.94,56.94,,51.53,56.94,56.94,112.31,56.94,40.09,40.09,,,,,51.53,39.97,39.97,39.97,39.97,39.97,66.73,51.53,85.55,62.05,40.09,40.09,40.09,40.09,51.53,52.75,,,,,,
2019-08-01 23:00:00+02:00,,44.54,,44.54,69.54,40.49,,44.01,,44.54,44.54,44.54,39.61,49.01,39.61,44.54,45.68,,69.14,77.8,56.79,,47.83,,,,49.0,49.0,,45.0,49.0,49.0,95.6,49.0,39.61,39.61,,,,,44.54,39.61,39.61,39.61,39.61,39.61,62.43,49.01,56.74,51.25,39.61,39.61,39.61,39.61,45.0,44.01,,,,,,
2019-08-02 00:00:00+02:00,,40.0,,40.0,104.82,39.44,,39.98,,40.0,40.0,40.0,39.04,50.95,39.04,40.0,42.3,,73.74,41.37,67.81,,44.6,,,,41.37,47.62,,41.37,47.62,47.62,68.08,47.62,39.04,39.04,,,,,40.0,39.04,39.04,39.04,39.04,39.04,56.23,50.95,67.8,58.08,39.04,39.04,39.04,39.04,41.37,39.98,,,,,,
2019-08-02 01:00:00+02:00,,38.89,,38.89,87.06,38.92,,38.6,,38.89,38.89,38.89,38.89,47.57,38.89,38.89,39.9,,73.72,39.0,50.05,,42.07,,,,40.39,53.83,,39.0,53.83,53.83,60.1,53.83,38.89,38.89,,,,,38.89,38.89,38.89,38.89,38.89,38.89,54.86,47.57,50.04,48.79,38.89,38.89,38.89,38.89,39.0,38.6,,,,,,
2019-08-02 02:00:00+02:00,,38.44,,36.71,65.09,38.48,,38.0,,38.2,38.2,38.2,38.2,44.17,38.2,36.44,37.76,,69.0,38.48,44.9,,39.81,,,,39.02,45.65,,38.48,45.65,45.65,56.0,45.65,38.2,38.2,,,,,37.38,38.2,38.2,38.2,38.2,38.2,55.91,44.17,44.9,42.24,38.2,38.2,38.2,38.2,38.48,38.0,,,,,,
2019-08-02 03:00:00+02:00,,39.01,,31.17,58.98,38.16,,38.1,,37.93,37.93,37.93,37.93,43.0,37.93,29.95,36.64,,66.63,39.22,43.94,,38.63,,,,39.22,43.13,,39.22,43.13,43.13,44.06,43.13,37.93,37.93,,,,,34.18,37.93,37.93,37.93,37.93,37.93,54.83,43.0,43.93,40.06,37.93,37.93,37.93,37.93,39.22,38.1,,,,,,
2019-08-02 04:00:00+02:00,,39.26,,30.84,69.55,38.12,,38.2,,38.1,38.1,38.1,38.1,42.0,38.1,29.57,35.43,,66.32,39.26,40.41,,37.36,,,,39.26,43.13,,39.26,43.13,43.13,44.06,43.13,38.1,38.1,,,,,34.03,38.1,38.1,38.1,38.1,38.1,54.89,42.0,40.4,40.59,38.1,38.1,38.1,38.1,39.26,38.2,,,,,,
2019-08-02 05:00:00+02:00,,41.99,,32.74,69.57,38.43,,39.3,,40.72,40.72,40.72,50.3,43.33,39.88,31.29,36.54,,66.41,42.04,50.0,,38.54,,,,42.04,43.0,,42.04,43.0,43.0,44.06,43.0,52.55,52.55,,,,,36.3,38.54,38.54,39.58,39.58,38.54,52.56,43.33,49.99,46.78,39.88,39.88,39.88,39.88,42.04,39.3,,,,,,
2019-08-02 06:00:00+02:00,,48.0,,37.49,75.72,39.87,,45.4,,48.0,48.0,48.0,59.49,44.57,59.49,36.63,38.29,,61.07,48.0,73.73,,40.38,,,,45.0,45.0,,45.0,45.0,45.0,45.0,45.0,59.49,59.49,,,,,41.97,40.05,40.05,40.05,40.05,40.05,59.5,44.57,73.72,54.72,40.55,40.55,40.55,40.55,48.0,45.4,,,,,,
2019-08-02 07:00:00+02:00,,49.45,,42.86,69.54,42.01,,51.5,,47.96,47.96,47.96,63.46,46.5,63.46,42.98,43.77,,69.04,49.45,71.62,,45.0,,,,45.26,45.26,,45.26,45.26,45.26,70.06,45.26,63.46,63.46,,,,,45.36,40.67,40.67,40.38,40.38,40.67,63.46,46.5,71.61,69.5,41.08,41.08,41.08,46.81,49.45,51.5,,,,,,
2019-08-02 08:00:00+02:00,,50.0,,47.68,69.56,43.44,,51.58,,49.46,49.46,49.46,65.83,49.99,65.83,47.82,48.7,,73.15,50.0,61.1,,52.52,,,,50.0,50.0,,50.0,50.0,50.0,70.06,50.0,65.83,65.83,,,,,48.56,40.94,40.94,40.94,40.94,40.94,66.49,49.99,89.92,70.02,41.92,41.92,46.78,48.27,50.0,51.58,,,,,,
2019-08-02 09:00:00+02:00,,50.47,,50.47,69.55,44.0,,48.1,,50.47,50.47,50.47,65.46,50.95,65.46,50.47,51.75,,73.84,50.47,89.78,,81.49,,,,50.47,50.47,,50.47,50.47,50.47,70.06,50.47,65.46,65.46,,,,,50.47,41.39,41.39,41.39,41.39,41.39,67.76,50.95,89.77,80.66,42.25,42.25,49.26,49.26,50.47,48.1,,,,,,
2019-08-02 10:00:00+02:00,,47.95,,47.95,69.56,42.72,,46.0,,47.95,47.95,47.95,64.74,51.01,64.74,47.95,53.78,,81.36,47.95,90.84,,83.1,,,,47.95,47.95,,47.95,47.95,47.95,56.1,47.95,64.74,64.74,,,,,47.95,41.19,41.19,41.19,41.19,41.19,67.77,51.01,90.83,82.12,42.77,42.77,47.95,47.95,47.95,46.0,,,,,,
2019-08-02 11:00:00+02:00,,44.96,,44.96,69.54,43.04,,44.9,,44.96,44.96,44.96,65.32,51.7,65.32,44.96,53.52,,77.73,49.0,94.02,,79.92,,,,49.0,49.0,,49.0,49.0,49.0,49.0,49.0,65.32,65.32,,,,,44.96,41.49,41.49,40.59,40.59,41.49,68.46,51.7,94.01,82.74,42.97,42.97,44.96,44.96,49.0,44.9,,,,,,
2019-08-02 12:00:00+02:00,,42.31,,42.31,62.55,42.36,,43.29,,42.31,42.31,42.31,66.9,51.7,66.9,42.31,52.42,,82.01,46.34,97.18,,77.18,,,,46.34,46.34,,46.34,46.34,46.34,46.34,46.34,66.9,66.9,,,,,42.31,40.95,40.95,40.43,40.43,40.95,68.62,51.7,97.17,86.92,42.31,42.31,42.31,42.31,46.34,43.29,,,,,,
2019-08-02 13:00:00+02:00,,41.28,,41.28,69.55,41.09,,41.51,,41.28,41.28,41.28,65.66,51.7,65.66,41.28,49.14,,88.0,45.0,95.07,,77.18,,,,45.0,45.0,,45.0,45.0,45.0,45.0,45.0,65.66,65.66,,,,,41.28,40.28,40.28,40.28,40.28,40.28,68.37,51.7,95.05,82.91,41.28,41.28,41.28,41.28,45.0,41.51,,,,,,
2019-08-02 14:00:00+02:00,,40.08,,40.08,69.56,40.67,,40.63,,40.08,40.12,40.12,63.76,51.2,63.76,40.08,41.49,,82.03,46.76,95.07,,70.87,,,,46.76,46.76,,46.76,46.76,46.76,46.76,46.76,63.76,63.76,,,,,40.08,40.12,40.12,40.12,40.12,40.12,67.53,51.2,95.05,82.84,40.12,40.12,40.12,40.12,46.76,40.63,,,,,,
2019-08-02 15:00:00+02:00,,40.22,,40.22,69.58,40.25,,40.92,,40.22,40.22,40.22,63.08,50.95,63.08,40.22,41.49,,82.02,45.0,95.07,,60.0,,,,45.0,45.0,,45.0,45.0,45.0,45.0,45.0,63.08,63.08,,,,,40.22,39.99,39.99,39.99,39.99,39.99,67.6,50.95,95.06,80.82,40.22,40.22,40.22,40.22,45.0,40.92,,,,,,
2019-08-02 16:00:00+02:00,,42.51,,37.76,69.55,39.92,,40.99,,41.46,41.46,41.46,64.02,50.87,64.02,37.76,40.19,,87.82,47.0,89.93,,62.51,,,,47.0,47.0,,47.0,47.0,47.0,74.1,47.0,67.61,67.61,,,,,39.21,39.92,39.92,39.92,39.92,39.92,67.59,50.87,89.92,78.11,41.46,41.46,41.46,41.46,47.0,40.99,,,,,,
2019-08-02 17:00:00+02:00,,44.94,,41.92,69.56,41.08,,44.3,,44.09,44.09,44.09,66.86,50.7,66.86,41.9,45.79,,78.78,49.0,94.02,,50.61,,,,49.0,49.0,,49.0,49.0,49.0,74.1,49.0,67.67,67.67,,,,,42.79,40.38,40.38,40.38,40.38,40.38,67.64,50.7,94.01,78.65,43.04,43.04,43.04,43.04,49.0,44.3,,,,,,
2019-08-02 18:00:00+02:00,,45.95,,45.95,60.02,42.02,,48.1,,45.95,45.95,45.95,66.26,50.2,66.26,45.95,52.4,,74.07,49.0,79.98,,58.2,,,,49.0,49.0,,49.0,49.0,49.0,95.6,49.0,66.26,66.26,,,,,45.95,40.65,40.65,40.65,40.65,40.65,66.49,50.2,79.97,77.46,43.72,43.72,43.72,44.85,49.0,48.1,,,,,,
2019-08-02 19:00:00+02:00,,49.51,,49.51,60.05,42.56,,49.9,,49.51,49.51,49.51,66.69,49.93,66.69,49.51,55.08,,88.07,50.0,73.73,,58.13,,,,54.2,56.94,,50.0,56.94,56.94,114.32,56.94,66.69,66.69,,,,,49.51,40.5,40.5,40.5,40.5,40.5,66.66,49.93,73.72,78.33,43.01,43.01,43.01,48.32,50.0,49.9,,,,,,
2019-08-02 20:00:00+02:00,,49.0,,37.0,69.55,41.44,,50.37,,49.0,49.0,49.0,47.82,50.7,47.82,43.21,54.6,,82.34,49.0,95.07,,57.63,,,,49.0,57.54,,49.0,57.54,57.54,114.32,57.54,47.82,47.82,,,,,49.72,40.67,40.67,40.48,40.48,40.67,66.54,50.7,95.06,79.76,41.98,41.98,41.98,47.82,49.0,50.37,,,,,,
2019-08-02 21:00:00+02:00,,47.17,,47.17,49.83,41.54,,48.66,,47.17,47.17,47.17,41.58,50.87,41.58,47.17,48.33,,73.96,47.17,73.73,,51.02,,,,55.39,56.94,,47.17,56.94,56.94,114.32,56.94,41.58,41.58,,,,,47.17,40.45,40.45,40.44,40.44,40.45,66.54,50.87,73.72,77.91,41.58,41.58,41.58,41.58,47.17,48.66,,,,,,
2019-08-02 22:00:00+02:00,,43.96,,43.96,47.94,42.9,,45.6,,43.96,43.96,43.96,40.76,49.92,40.76,43.96,49.14,,73.87,43.96,71.62,,51.87,,,,43.96,43.96,,43.96,43.96,43.96,89.1,43.96,40.76,40.76,,,,,43.96,39.99,39.99,39.99,39.99,39.99,62.52,49.92,71.61,72.58,40.76,40.76,40.76,40.76,43.96,45.6,,,,,,
2019-08-02 23:00:00+02:00,,41.12,,41.12,60.02,40.93,,39.75,,41.12,41.12,41.12,39.98,48.0,39.98,41.12,43.68,,69.09,42.35,50.28,,46.11,,,,42.35,42.35,,42.35,42.35,42.35,69.1,42.35,39.98,39.98,,,,,41.12,39.8,39.8,39.81,39.81,39.8,60.53,48.0,50.28,55.08,39.98,39.98,39.98,39.98,42.35,39.75,,,,,,
2019-08-03 00:00:00+02:00,,38.96,,38.96,50.12,38.49,,39.4,,38.96,38.96,38.96,38.96,51.33,38.96,38.96,46.98,,67.32,51.59,66.57,,46.8,,,,50.0,60.0,,50.0,60.0,60.0,60.0,60.0,38.96,38.96,,,,,38.96,38.96,38.96,38.96,38.96,38.96,60.56,51.33,66.54,56.48,38.96,38.96,38.96,38.96,50.0,39.4,,,,,,
2019-08-03 01:00:00+02:00,,36.94,,36.94,41.97,38.12,,37.6,,36.94,38.16,38.16,38.16,50.0,38.16,36.94,45.83,,67.42,47.81,61.4,,44.59,,,,47.73,62.29,,47.73,62.29,62.29,62.29,62.29,38.16,38.16,,,,,36.94,38.16,38.16,38.16,38.16,38.16,55.95,50.0,61.37,44.07,38.16,38.16,38.16,38.16,47.73,37.6,,,,,,
2019-08-03 02:00:00+02:00,,35.63,,30.08,35.16,36.74,,36.1,,34.93,38.05,38.05,38.05,47.58,38.05,30.08,39.85,,67.41,45.0,50.51,,38.95,,,,45.0,62.29,,45.0,62.29,62.29,62.29,62.29,38.05,38.05,,,,,36.84,38.05,38.05,38.05,38.05,38.05,52.51,47.58,50.49,41.46,38.05,38.05,38.05,38.05,45.0,36.1,,,,,,
2019-08-03 03:00:00+02:00,,35.08,,28.0,34.25,36.42,,36.2,,35.05,37.74,37.74,37.74,46.72,37.74,29.67,38.71,,67.07,40.43,46.91,,37.83,,,,40.43,62.29,,40.43,62.29,62.29,62.29,62.29,37.74,37.74,,,,,36.53,37.74,37.74,37.74,37.74,37.74,55.38,46.72,46.89,40.03,37.74,37.74,37.74,37.74,40.43,36.2,,,,,,
2019-08-03 04:00:00+02:00,,38.9,,28.02,31.86,35.59,,36.1,,36.85,37.66,37.66,37.66,46.47,37.66,28.02,38.14,,68.85,39.66,41.05,,37.28,,,,39.66,62.29,,39.66,62.29,62.29,62.29,62.29,37.66,37.66,,,,,31.4,37.66,37.66,37.66,37.66,37.66,52.49,46.47,41.04,37.09,37.66,37.66,37.66,37.66,39.66,36.1,,,,,,
2019-08-03 05:00:00+02:00,,35.77,,32.09,32.32,35.95,,36.1,,35.5,37.87,37.87,37.87,46.01,37.87,32.97,37.75,,68.95,39.66,42.26,,36.9,,,,39.66,57.19,,39.66,57.19,57.19,57.19,57.19,37.87,37.87,,,,,36.66,37.87,37.87,37.87,37.87,37.87,51.98,46.01,42.24,38.1,37.87,37.87,37.87,37.87,39.66,36.1,,,,,,
2019-08-03 06:00:00+02:00,,35.93,,29.5,39.98,37.1,,36.25,,35.0,38.11,38.11,38.11,43.57,38.11,29.5,36.68,,66.7,39.66,43.31,,35.85,,,,39.66,56.66,,39.66,56.66,56.66,56.66,56.66,38.11,38.11,,,,,35.61,38.11,38.11,38.11,38.11,38.11,56.14,43.57,43.29,44.79,38.11,38.11,38.11,38.11,39.66,36.25,,,,,,
2019-08-03 07:00:00+02:00,,34.01,,29.9,43.99,38.11,,38.17,,34.01,38.41,38.41,38.41,44.63,38.41,31.39,39.02,,69.03,41.33,42.34,,38.15,,,,41.33,56.94,,41.33,56.94,56.94,57.68,56.94,38.41,38.41,,,,,37.9,38.41,38.41,38.41,38.41,38.41,61.66,44.63,69.5,55.04,38.41,38.41,38.41,38.41,41.33,38.17,,,,,,
2019-08-03 08:00:00+02:00,,37.72,,37.72,41.63,37.62,,38.55,,37.72,38.97,38.97,38.97,45.51,38.97,37.72,38.83,,69.11,41.78,47.29,,38.95,,,,41.78,48.1,,41.78,48.1,48.1,74.69,48.1,38.97,38.97,,,,,37.72,38.97,38.97,38.97,38.97,38.97,66.91,45.51,71.62,64.05,38.97,38.97,38.97,38.97,41.78,38.55,,,,,,
2019-08-03 09:00:00+02:00,,38.51,,38.51,41.93,38.35,,40.0,,38.51,39.73,39.73,46.43,48.95,39.73,38.51,46.78,,69.11,41.74,64.92,,47.97,,,,41.74,42.0,,41.74,42.0,42.0,74.69,42.0,46.43,46.43,,,,,38.51,39.73,39.73,39.73,39.73,39.73,69.78,48.95,71.62,66.57,39.73,39.73,39.73,39.73,41.74,40.0,,,,,,
2019-08-03 10:00:00+02:00,,37.04,,37.04,42.95,38.35,,39.1,,37.04,39.87,39.87,43.16,50.5,39.87,37.04,53.63,,69.08,40.0,64.92,,55.0,,,,40.0,40.0,,40.0,40.0,40.0,47.72,40.0,43.16,43.16,,,,,37.04,39.69,39.69,39.87,39.87,39.69,73.95,50.5,64.89,66.55,39.87,39.87,39.87,39.87,40.0,39.1,,,,,,
2019-08-03 11:00:00+02:00,,35.63,,35.63,44.31,37.61,,37.3,,35.63,39.61,39.61,43.19,51.2,39.61,35.63,51.65,,67.3,38.86,56.06,,52.98,,,,38.86,38.86,,38.86,38.86,38.86,42.0,38.86,43.19,43.19,,,,,35.63,39.61,39.61,39.61,39.61,39.61,75.75,51.2,58.73,62.08,39.61,39.61,39.61,39.61,38.86,37.3,,,,,,
2019-08-03 12:00:00+02:00,,35.04,,35.04,44.2,36.35,,35.7,,35.04,39.42,39.42,43.17,50.53,39.42,35.04,50.9,,67.36,38.75,56.05,,51.59,,,,38.75,38.75,,38.75,38.75,38.75,38.75,38.75,43.17,43.17,,,,,35.04,39.42,39.42,39.42,39.42,39.42,74.21,50.53,56.03,61.73,39.42,39.42,39.42,39.42,38.75,35.7,,,,,,
2019-08-03 13:00:00+02:00,,32.43,,32.43,42.9,34.28,,33.1,,32.43,39.14,39.14,39.14,50.89,39.14,32.43,46.32,,67.36,38.02,55.0,,47.51,,,,38.02,38.02,,38.02,38.02,38.02,38.02,38.02,39.14,39.14,,,,,32.43,39.14,39.14,39.14,39.14,39.14,69.78,50.89,54.98,59.57,39.14,39.14,39.14,39.14,38.02,33.1,,,,,,
2019-08-03 14:00:00+02:00,,30.1,,30.1,42.95,33.69,,32.18,,30.1,38.95,38.95,38.95,48.49,38.95,30.1,41.74,,63.67,37.34,45.02,,42.82,,,,37.34,37.34,,37.34,37.34,37.34,37.34,37.34,38.95,38.95,,,,,30.1,38.95,38.95,38.95,38.95,38.95,67.24,48.49,45.0,56.11,38.95,38.95,38.95,38.95,37.34,32.18,,,,,,
2019-08-03 15:00:00+02:00,,30.4,,30.4,45.72,33.86,,32.3,,30.4,38.91,38.91,38.91,46.58,38.91,30.4,40.35,,63.7,38.01,50.06,,41.39,,,,38.01,38.01,,38.01,38.01,38.01,38.01,38.01,38.91,38.91,,,,,30.4,38.91,38.91,38.91,38.91,38.91,66.99,46.58,50.05,60.58,38.91,38.91,38.91,38.91,38.01,32.3,,,,,,
2019-08-03 16:00:00+02:00,,30.52,,30.52,45.53,35.22,,33.7,,30.52,38.89,38.89,38.89,44.46,38.89,30.52,39.82,,66.92,38.48,55.09,,40.85,,,,38.48,38.48,,38.48,38.48,38.48,44.9,38.48,38.89,38.89,,,,,30.52,38.89,38.89,38.89,38.89,38.89,66.22,44.46,55.07,60.29,38.89,38.89,38.89,38.89,38.48,33.7,,,,,,
2019-08-03 17:00:00+02:00,,34.09,,34.09,44.91,37.38,,36.3,,34.09,38.96,38.96,38.96,43.03,38.96,34.09,45.05,,66.88,39.79,60.65,,46.22,,,,39.79,39.79,,39.79,39.79,39.79,74.69,39.79,38.96,38.96,,,,,34.09,38.96,38.96,38.96,38.96,38.96,63.96,43.03,60.63,61.01,38.96,38.96,38.96,38.96,39.79,36.3,,,,,,
2019-08-03 18:00:00+02:00,,38.95,,38.95,44.78,38.78,,39.87,,38.95,39.75,39.75,39.75,43.03,39.75,38.95,53.03,,63.74,44.68,58.75,,54.41,,,,44.68,44.68,,44.68,44.68,44.68,72.77,44.68,39.75,39.75,,,,,38.95,39.75,39.75,39.75,39.75,39.75,62.38,43.03,58.73,61.03,39.75,39.75,39.75,39.75,44.68,39.87,,,,,,
2019-08-03 19:00:00+02:00,,41.08,,41.08,45.35,39.4,,41.8,,41.08,41.08,41.08,41.08,44.2,41.08,41.08,58.48,,67.31,47.0,55.98,,60.0,,,,57.44,57.44,,47.0,57.44,57.44,95.6,57.44,41.08,41.08,,,,,41.08,39.97,39.97,40.93,40.93,39.97,63.81,44.2,55.96,65.07,41.08,41.08,41.08,41.08,47.0,41.8,,,,,,
2019-08-03 20:00:00+02:00,,41.02,,41.02,45.9,39.43,,41.71,,41.02,41.02,41.02,41.02,46.0,41.02,41.02,57.45,,67.37,47.5,60.07,,58.95,,,,62.53,62.53,,47.5,62.53,62.53,114.32,62.53,41.02,41.02,,,,,41.02,39.95,39.95,40.91,40.91,39.95,64.41,46.0,69.51,68.03,41.02,41.02,41.02,41.02,47.5,41.71,,,,,,
2019-08-03 21:00:00+02:00,,41.58,,41.58,44.95,39.74,,41.5,,41.58,41.58,41.58,40.59,49.07,40.59,41.58,54.94,,66.9,46.9,47.06,,56.38,,,,62.53,62.53,,46.9,62.53,62.53,110.77,62.53,40.59,40.59,,,,,41.58,40.25,40.25,40.59,40.59,40.25,64.51,49.07,66.55,64.84,40.59,40.59,40.59,40.59,46.9,41.5,,,,,,
2019-08-03 22:00:00+02:00,,41.96,,41.96,35.55,39.94,,41.2,,41.96,41.96,41.96,40.84,49.0,40.84,41.96,57.77,,67.29,41.96,43.09,,59.29,,,,57.19,57.19,,41.96,57.19,57.19,94.69,57.19,40.84,40.84,,,,,41.96,40.3,40.3,40.69,40.69,40.3,60.46,49.0,43.08,54.32,40.84,40.84,40.84,40.84,41.96,41.2,,,,,,
2019-08-03 23:00:00+02:00,,39.47,,39.47,27.92,39.18,,38.3,,39.47,39.47,39.47,39.47,50.07,39.47,39.47,52.14,,61.04,39.47,38.64,,53.51,,,,48.09,48.09,,39.55,48.09,48.09,73.69,48.09,39.47,39.47,,,,,39.47,39.47,39.47,39.47,39.47,39.47,52.49,50.07,38.63,43.79,39.47,39.47,39.47,39.47,39.47,38.3,,,,,,
2019-08-04 00:00:00+02:00,,37.69,,37.69,27.93,36.75,,37.01,,37.69,37.69,38.93,38.93,51.2,38.93,37.69,45.9,,62.72,37.69,37.01,,44.92,,,,41.0,52.66,,41.0,52.66,52.66,59.12,52.66,38.93,38.93,,,,,37.69,38.93,38.93,38.93,38.93,38.93,50.19,51.2,37.02,38.32,38.93,38.93,38.93,38.93,37.69,37.01,,,,,,
2019-08-04 01:00:00+02:00,,35.0,,35.0,23.93,34.68,,34.0,,35.0,38.04,38.04,38.04,49.82,38.04,35.0,44.74,,63.98,35.0,34.0,,43.77,,,,43.81,52.66,,37.31,52.66,52.66,56.0,52.66,38.04,38.04,,,,,35.0,38.04,38.04,38.04,38.04,38.04,48.82,49.82,31.69,36.34,38.04,38.04,38.04,38.04,35.0,34.0,,,,,,
2019-08-04 02:00:00+02:00,,35.0,,33.91,22.53,33.71,,32.59,,35.42,37.45,37.45,37.45,46.6,37.45,32.78,43.59,,66.7,35.0,32.59,,42.66,,,,51.81,52.41,,36.26,52.41,52.41,52.41,52.41,37.45,37.45,,,,,35.41,37.45,37.45,37.45,37.45,37.45,50.09,46.6,29.58,35.08,37.45,37.45,37.45,37.45,35.0,32.59,,,,,,
2019-08-04 03:00:00+02:00,,35.42,,33.91,22.52,33.34,,31.62,,36.01,37.18,37.18,37.18,45.47,37.18,32.34,40.47,,66.22,35.42,31.62,,39.61,,,,48.81,52.0,,35.72,52.0,52.0,52.0,52.0,37.18,37.18,,,,,35.99,37.18,37.18,37.18,37.18,37.18,50.23,45.47,29.58,33.68,37.18,37.18,37.18,37.18,35.42,31.62,,,,,,
2019-08-04 04:00:00+02:00,,35.0,,32.66,22.52,33.11,,30.72,,35.91,37.06,37.06,37.06,44.6,37.06,30.23,39.99,,66.19,35.0,30.72,,39.14,,,,35.34,52.41,,35.34,52.41,52.41,52.41,52.41,37.06,37.06,,,,,35.87,37.06,37.06,37.06,37.06,37.06,50.16,44.6,29.58,33.07,37.06,37.06,37.06,37.06,35.0,30.72,,,,,,
2019-08-04 05:00:00+02:00,,33.31,,31.85,22.5,32.9,,29.97,,33.88,36.48,36.48,36.48,44.7,36.48,30.33,39.99,,60.91,33.31,29.97,,39.14,,,,35.09,52.66,,35.09,52.66,52.66,52.66,52.66,36.48,36.48,,,,,33.85,36.48,36.48,36.48,36.48,36.48,50.26,44.7,29.58,32.06,36.48,36.48,36.48,36.48,33.31,29.97,,,,,,
2019-08-04 06:00:00+02:00,,35.01,,31.81,22.35,33.17,,30.72,,36.25,37.4,37.4,37.4,44.01,37.4,28.49,37.23,,59.67,35.01,30.72,,36.44,,,,35.01,52.41,,35.01,52.41,52.41,52.41,52.41,37.4,37.4,,,,,36.2,37.4,37.4,37.4,37.4,37.4,49.36,44.01,30.73,34.4,37.4,37.4,37.4,37.4,35.01,30.72,,,,,,
2019-08-04 07:00:00+02:00,,34.15,,33.77,24.17,33.43,,32.07,,34.3,38.09,38.09,38.09,44.71,38.09,33.37,39.84,,58.87,34.15,32.07,,39.0,,,,35.88,52.41,,35.88,52.41,52.41,52.41,52.41,38.09,38.09,,,,,34.3,38.09,38.09,38.09,38.09,38.09,50.17,44.71,32.08,37.01,38.09,38.09,38.09,38.09,34.15,32.07,,,,,,
2019-08-04 08:00:00+02:00,,31.91,,30.38,22.52,33.45,,32.25,,31.91,38.69,38.69,38.69,44.71,38.69,30.97,40.26,,60.9,31.91,32.25,,39.42,,,,36.14,44.0,,36.14,44.0,44.0,44.0,44.0,38.69,38.69,,,,,33.16,38.69,38.69,38.69,38.69,38.69,51.7,44.71,32.26,36.22,38.69,38.69,38.69,38.69,31.91,32.25,,,,,,
2019-08-04 09:00:00+02:00,,30.03,,28.72,22.52,33.01,,31.6,,30.03,39.63,39.63,47.46,44.72,39.63,29.23,41.39,,58.81,30.03,31.68,,42.51,,,,36.82,38.0,,36.82,38.0,38.0,43.0,38.0,47.46,47.46,,,,,31.1,39.31,39.31,39.63,39.63,39.31,54.47,44.72,31.68,37.03,39.63,39.63,39.63,39.63,30.03,31.6,,,,,,
2019-08-04 10:00:00+02:00,,28.26,,28.26,22.53,32.75,,31.0,,28.26,40.03,40.03,40.03,44.16,40.03,28.26,47.57,,58.87,28.26,31.0,,46.57,,,,38.86,38.86,,38.86,38.86,38.86,38.86,38.86,40.03,40.03,,,,,28.26,39.47,39.47,40.03,40.03,39.47,54.85,44.16,31.01,37.07,40.03,40.03,40.03,40.03,28.26,31.0,,,,,,
2019-08-04 11:00:00+02:00,,28.36,,28.36,22.54,32.97,,31.1,,28.36,40.02,40.02,40.02,46.36,40.02,28.36,48.36,,57.5,28.36,32.09,,49.67,,,,38.38,38.38,,38.38,38.38,38.38,38.38,38.38,40.02,40.02,,,,,28.36,39.48,39.48,40.02,40.02,39.48,55.89,46.36,32.1,37.08,40.02,40.02,40.02,40.02,28.36,31.1,,,,,,
2019-08-04 12:00:00+02:00,,29.06,,29.06,22.92,33.02,,30.2,,29.06,39.98,39.98,39.98,48.95,39.98,29.06,52.26,,60.99,35.0,32.13,,51.86,,,,38.24,38.24,,38.24,38.24,38.24,38.24,38.24,39.98,39.98,,,,,29.06,39.55,39.55,39.98,39.98,39.55,55.96,48.95,32.14,38.7,39.98,39.98,39.98,39.98,35.0,30.2,,,,,,
2019-08-04 13:00:00+02:00,,29.12,,29.12,29.13,30.09,,28.85,,29.12,39.46,39.46,39.46,49.47,39.46,29.12,50.49,,60.98,35.0,30.54,,51.86,,,,36.45,36.45,,36.45,36.45,36.45,36.45,36.45,39.46,39.46,,,,,29.12,39.46,39.46,39.46,39.46,39.46,55.89,49.47,30.54,38.08,39.46,39.46,39.46,39.46,35.0,28.85,,,,,,
2019-08-04 14:00:00+02:00,,29.02,,29.02,30.14,29.46,,27.75,,29.02,39.3,39.3,39.3,47.01,39.3,29.02,45.04,,60.99,35.85,28.83,,44.46,,,,35.85,35.85,,35.85,35.85,35.85,35.85,35.85,39.3,39.3,,,,,29.02,39.3,39.3,39.3,39.3,39.3,54.42,47.01,28.84,37.04,39.3,39.3,39.3,39.3,35.85,27.75,,,,,,
2019-08-04 15:00:00+02:00,,28.29,,28.29,31.63,30.04,,28.38,,28.29,39.2,39.2,39.2,46.58,39.2,28.29,41.38,,57.5,37.0,33.07,,40.8,,,,37.0,37.0,,37.0,37.0,37.0,37.0,37.0,39.2,39.2,,,,,28.29,39.2,39.2,39.2,39.2,39.2,54.2,46.58,33.08,35.14,39.2,39.2,39.2,39.2,37.0,28.38,,,,,,
2019-08-04 16:00:00+02:00,,29.89,,29.29,59.05,29.77,,29.5,,29.89,39.12,39.12,39.12,43.01,39.12,29.61,39.31,,58.97,38.81,38.08,,39.25,,,,38.81,38.81,,38.81,38.81,38.81,38.81,38.81,39.12,39.12,,,,,29.97,39.12,39.12,39.12,39.12,39.12,53.55,43.01,38.09,38.51,39.12,39.12,39.12,39.12,38.81,29.5,,,,,,
2019-08-04 17:00:00+02:00,,34.23,,34.23,61.36,33.93,,34.88,,34.23,39.32,39.32,39.32,42.89,39.32,34.23,40.61,,58.96,39.0,48.04,,41.72,,,,39.0,39.91,,39.0,39.91,39.91,39.91,39.91,39.32,39.32,,,,,34.23,39.32,39.32,39.32,39.32,39.32,53.14,42.89,48.05,40.58,39.32,39.32,39.32,39.32,39.0,34.88,,,,,,
2019-08-04 18:00:00+02:00,,39.02,,39.02,66.47,38.36,,39.9,,39.02,39.98,39.98,39.98,41.75,39.98,39.02,50.84,,59.03,39.02,52.18,,52.24,,,,39.66,52.41,,39.02,52.41,52.41,52.41,52.41,39.98,39.98,,,,,39.02,39.98,39.98,39.98,39.98,39.98,54.41,41.75,52.19,51.98,39.98,39.98,39.98,39.98,39.02,39.9,,,,,,
2019-08-04 19:00:00+02:00,,42.0,,42.0,66.5,40.52,,42.59,,42.0,42.0,42.0,42.0,42.9,42.0,42.0,54.64,,59.03,42.0,64.01,,56.15,,,,42.66,56.94,,42.0,56.94,56.94,74.69,56.94,42.0,42.0,,,,,42.0,40.65,40.65,40.82,40.82,40.65,55.41,42.9,64.03,53.56,42.0,42.0,42.0,42.0,42.0,42.59,,,,,,
2019-08-04 20:00:00+02:00,,43.99,,43.99,86.42,41.13,,43.76,,43.99,43.99,43.99,42.93,44.91,42.93,43.99,54.53,,58.92,140.0,96.09,,56.03,,,,64.54,64.54,,43.99,64.54,64.54,113.32,64.54,42.93,42.93,,,,,43.99,41.34,41.34,41.34,41.34,41.34,56.8,44.91,96.12,62.06,42.93,42.93,42.93,42.93,43.99,43.76,,,,,,
2019-08-04 21:00:00+02:00,,47.0,,47.0,83.06,41.47,,43.85,,47.0,47.0,47.0,43.42,51.21,43.42,47.0,54.63,,60.1,140.1,84.5,,56.15,,,,65.0,65.0,,47.0,65.0,65.0,113.32,65.0,43.42,43.42,,,,,47.0,41.25,41.25,41.25,41.25,41.25,61.7,51.21,84.52,60.01,43.42,43.42,43.42,43.42,47.0,43.85,,,,,,
2019-08-04 22:00:00+02:00,,46.76,,46.76,61.37,41.43,,43.21,,46.76,46.76,46.76,41.4,52.1,41.4,46.76,54.2,,61.07,46.76,55.04,,55.69,,,,57.44,57.44,,46.76,57.44,57.44,95.6,57.44,41.4,41.4,,,,,46.76,41.25,41.25,41.25,41.25,41.25,57.68,52.1,55.05,49.05,41.4,41.4,41.4,41.4,46.76,43.21,,,,,,
2019-08-04 23:00:00+02:00,,42.24,,42.24,50.12,40.11,,40.29,,42.24,42.24,42.24,40.31,51.95,40.31,42.24,44.76,,63.82,42.24,43.62,,46.0,,,,45.66,56.94,,42.24,56.94,56.94,74.69,56.94,40.31,40.31,,,,,42.24,40.31,40.31,40.31,40.31,40.31,55.86,51.95,43.64,42.59,40.31,40.31,40.31,40.31,42.24,40.29,,,,,,
2019-08-05 00:00:00+02:00,,38.46,,38.46,35.94,37.78,,36.7,,38.46,38.46,39.05,39.05,51.49,39.05,38.46,49.17,,66.26,44.4,50.49,,47.04,,,,44.4,52.76,,44.4,52.76,52.76,113.32,52.76,39.05,39.05,,,,,38.46,39.05,39.05,39.05,39.05,39.05,54.65,51.49,50.5,42.48,39.05,39.05,39.05,39.05,44.4,36.7,,,,,,
2019-08-05 01:00:00+02:00,,36.02,,31.91,30.0,35.47,,34.0,,35.31,36.89,36.89,36.89,47.18,36.89,31.21,43.64,,63.82,41.52,42.13,,42.76,,,,41.52,52.76,,41.52,52.76,52.76,62.51,52.76,36.89,36.89,,,,,33.26,36.89,36.89,36.89,36.89,36.89,55.74,47.18,42.15,40.04,36.89,36.89,36.89,36.89,41.52,34.0,,,,,,
2019-08-05 02:00:00+02:00,,36.99,,29.0,27.7,34.45,,32.6,,35.65,36.55,36.55,36.55,45.75,36.55,27.56,40.51,,64.41,40.63,39.09,,39.7,,,,40.63,52.76,,40.63,52.76,52.76,52.76,52.76,36.55,36.55,,,,,31.67,36.55,36.55,36.55,36.55,36.55,55.68,45.75,39.1,38.03,36.55,36.55,36.55,36.55,40.63,32.6,,,,,,
2019-08-05 03:00:00+02:00,,36.83,,25.35,29.03,35.04,,32.95,,34.92,36.56,36.56,36.56,45.6,36.56,23.28,35.82,,73.73,36.83,36.07,,35.09,,,,40.63,49.1,,40.63,49.1,49.1,49.1,49.1,36.56,36.56,,,,,29.44,36.56,36.56,36.56,36.56,36.56,55.04,45.6,36.08,36.99,36.56,36.56,36.56,36.56,36.83,32.95,,,,,,
2019-08-05 04:00:00+02:00,,37.23,,25.54,34.03,34.98,,33.0,,35.93,36.81,36.81,36.81,45.75,36.81,22.32,32.65,,63.94,40.15,37.76,,32.0,,,,40.63,44.9,,40.15,44.9,44.9,48.93,44.9,36.81,36.81,,,,,30.4,36.81,36.81,36.81,36.81,36.81,55.43,45.75,37.77,36.39,36.81,36.81,36.81,36.81,40.15,33.0,,,,,,
2019-08-05 05:00:00+02:00,,40.14,,27.9,45.96,36.09,,35.6,,38.73,38.73,39.33,39.33,49.17,39.33,24.6,33.7,,64.52,40.14,40.95,,33.3,,,,40.63,40.63,,40.63,40.63,40.63,51.0,40.63,39.33,39.33,,,,,32.8,39.33,39.33,39.33,39.33,39.33,54.37,49.17,40.97,39.68,39.33,39.33,39.33,39.33,40.14,35.6,,,,,,
2019-08-05 06:00:00+02:00,,48.0,,33.99,41.91,38.53,,44.16,,48.0,48.0,47.4,63.14,51.25,63.14,29.45,40.18,,66.25,48.0,48.0,,39.0,,,,46.13,46.13,,46.13,46.13,46.13,51.0,46.13,63.14,63.14,,,,,40.49,40.81,40.81,40.81,40.81,40.81,63.39,51.25,48.03,48.07,43.15,43.15,43.15,43.15,48.0,44.16,,,,,,
2019-08-05 07:00:00+02:00,,55.18,,44.15,51.82,40.27,,51.27,,55.18,55.18,55.18,64.34,51.89,64.34,40.21,47.18,,88.0,55.18,58.38,,44.54,,,,45.0,45.0,,45.0,45.0,45.0,97.51,45.0,64.34,64.34,,,,,48.8,40.93,40.93,40.93,40.93,40.93,64.6,51.89,58.41,59.94,44.66,44.66,44.66,44.66,55.18,51.27,,,,,,
2019-08-05 08:00:00+02:00,,57.94,,45.31,51.88,41.07,,55.0,,56.02,56.02,56.02,68.99,51.79,68.99,42.81,46.36,,88.62,57.94,64.04,,44.34,,,,46.13,46.13,,46.13,46.13,46.13,113.32,46.13,68.99,68.99,,,,,47.96,41.27,41.27,41.19,40.99,41.27,69.27,51.79,64.07,61.36,54.5,54.5,54.5,54.5,57.94,55.0,,,,,,
2019-08-05 09:00:00+02:00,,56.94,,48.37,61.37,42.02,,54.0,,56.04,56.04,56.04,70.2,51.49,70.2,45.62,52.97,,87.63,56.94,60.63,,51.89,,,,45.62,45.62,,45.62,45.62,45.62,113.32,45.62,70.2,70.2,,,,,51.55,41.53,41.53,41.47,41.47,41.53,70.67,51.49,60.66,65.28,54.7,54.7,54.7,54.7,56.94,54.0,,,,,,
2019-08-05 10:00:00+02:00,,56.61,,46.55,61.37,41.98,,51.7,,55.73,55.73,55.73,69.58,51.17,69.58,45.91,53.34,,87.62,56.61,56.61,,52.25,,,,45.91,45.91,,45.91,45.91,45.91,62.51,45.91,69.58,69.58,,,,,51.91,41.54,41.54,41.47,41.47,41.54,71.01,51.17,56.64,65.04,54.39,54.39,54.39,54.39,56.61,51.7,,,,,,
2019-08-05 11:00:00+02:00,,55.58,,46.66,47.07,44.04,,49.4,,53.89,53.89,53.89,66.41,51.79,66.41,45.03,50.67,,73.73,55.58,57.03,,51.01,,,,45.03,45.03,,45.03,45.03,45.03,50.51,45.03,66.41,66.41,,,,,49.3,41.61,41.61,41.61,41.61,41.61,71.71,51.79,57.07,64.49,52.6,52.6,52.6,52.6,55.58,49.4,,,,,,
2019-08-05 12:00:00+02:00,,45.22,,45.22,64.46,43.56,,45.87,,45.22,45.22,45.22,68.67,52.04,68.67,45.22,46.46,,66.9,45.22,60.01,,46.54,,,,45.22,45.22,,45.22,45.22,45.22,50.51,45.22,68.67,68.67,,,,,45.22,41.61,41.61,41.31,41.31,41.61,76.48,52.04,60.05,68.22,45.22,45.22,45.22,45.22,45.22,45.87,,,,,,
2019-08-05 13:00:00+02:00,,48.23,,42.97,69.57,43.59,,44.7,,47.24,47.24,47.24,70.22,52.79,70.22,41.98,45.81,,73.73,48.23,60.63,,46.0,,,,43.79,43.79,,43.79,43.79,43.79,51.0,43.79,70.22,70.22,,,,,44.58,41.51,41.51,41.51,41.51,41.51,73.51,52.79,60.66,68.21,47.24,47.24,47.24,47.24,48.23,44.7,,,,,,
2019-08-05 14:00:00+02:00,,45.42,,36.7,69.92,41.76,,43.0,,43.87,43.87,43.87,69.76,52.04,69.76,35.06,40.37,,73.73,45.42,52.6,,39.54,,,,45.42,45.42,,45.42,45.42,45.42,51.0,45.42,69.76,69.76,,,,,39.29,40.74,40.74,40.74,40.74,40.74,70.32,52.04,52.63,66.55,43.87,43.87,43.87,43.87,45.42,43.0,,,,,,
2019-08-05 15:00:00+02:00,,45.91,,34.13,69.54,41.65,,43.63,,44.32,44.32,44.32,67.49,51.79,67.49,31.02,39.27,,67.55,45.91,54.78,,38.47,,,,47.0,47.0,,47.0,47.0,47.0,75.26,47.0,67.49,67.49,,,,,38.22,40.03,40.03,40.49,40.49,40.03,70.68,51.79,54.82,66.43,44.32,44.32,44.32,44.32,45.91,43.63,,,,,,
2019-08-05 16:00:00+02:00,,46.75,,33.51,47.18,41.61,,43.89,,44.93,44.93,44.93,68.43,51.25,68.43,30.05,37.53,,73.74,47.94,62.74,,36.76,,,,49.11,49.11,,49.11,49.11,49.11,62.51,49.11,68.43,68.43,,,,,38.21,39.96,39.96,40.76,40.76,39.96,69.81,51.25,62.78,66.84,44.93,44.93,44.93,44.93,47.94,43.89,,,,,,
2019-08-05 17:00:00+02:00,,48.58,,35.02,47.02,40.93,,47.09,,46.28,46.28,46.28,68.47,50.89,68.47,31.95,40.3,,67.41,48.58,60.63,,39.47,,,,52.76,52.76,,50.0,52.76,52.76,97.57,52.76,68.47,68.47,,,,,39.7,40.52,40.52,40.65,40.65,40.52,69.52,50.89,60.67,66.52,45.17,45.17,45.17,45.17,48.58,47.09,,,,,,
2019-08-05 18:00:00+02:00,,53.0,,37.51,51.05,42.08,,51.0,,53.0,53.0,53.0,68.87,48.8,68.87,39.47,42.9,,82.08,53.0,62.74,,42.02,,,,53.0,53.0,,53.0,53.0,53.0,83.06,53.0,68.87,68.87,,,,,42.4,41.04,41.04,41.04,41.04,41.04,69.16,48.8,62.78,70.0,46.6,46.6,46.6,46.6,53.0,51.0,,,,,,
2019-08-05 19:00:00+02:00,,51.11,,46.21,61.4,41.95,,55.48,,51.11,51.11,51.11,69.26,48.49,69.26,43.29,48.67,,88.0,51.11,69.5,,46.54,,,,56.94,56.94,,53.77,56.94,56.94,115.32,56.94,69.26,69.26,,,,,50.33,41.29,41.29,41.29,41.29,41.29,69.56,48.49,69.55,73.75,44.72,44.72,44.72,44.72,51.11,55.48,,,,,,
2019-08-05 20:00:00+02:00,,55.0,,45.48,66.49,42.02,,56.5,,55.0,55.0,55.0,56.95,50.08,56.95,39.83,54.27,,81.56,55.0,90.58,,51.89,,,,57.44,57.44,,55.0,57.44,57.44,115.32,57.44,56.95,56.95,,,,,53.4,41.27,41.27,41.27,41.27,41.27,70.32,50.08,90.65,80.08,44.56,44.56,44.56,44.56,55.0,56.5,,,,,,
2019-08-05 21:00:00+02:00,,51.13,,44.02,69.54,41.15,,52.0,,51.13,51.13,51.13,48.24,51.79,48.24,39.81,49.05,,82.08,57.44,73.72,,46.9,,,,57.44,57.44,,57.44,57.44,57.44,115.32,57.44,48.24,48.24,,,,,49.9,41.53,41.53,41.53,41.53,41.53,69.61,51.79,73.78,75.03,44.18,44.18,44.18,44.18,57.44,52.0,,,,,,
2019-08-05 22:00:00+02:00,,45.0,,45.0,59.96,42.07,,47.2,,45.0,45.0,45.0,43.51,51.49,43.51,45.0,46.26,,81.55,53.75,60.63,,45.3,,,,53.75,53.75,,53.75,53.75,53.75,97.06,53.75,43.51,43.51,,,,,45.0,41.22,41.22,41.22,41.22,41.22,66.7,51.49,60.67,68.56,43.51,43.51,43.51,43.51,53.75,47.2,,,,,,
2019-08-05 23:00:00+02:00,,39.87,,39.87,52.99,40.7,,41.7,,39.87,39.87,39.87,39.87,50.79,39.87,39.87,40.81,,61.75,49.0,57.03,,40.0,,,,49.0,52.76,,49.0,52.76,52.76,97.57,52.76,39.87,39.87,,,,,39.87,39.87,39.87,39.87,39.87,39.87,64.14,50.79,57.08,60.0,39.87,39.87,39.87,39.87,49.0,41.7,,,,,,
2019-08-06 00:00:00+02:00,,38.48,,38.48,50.11,37.89,,36.33,,38.48,38.48,38.79,38.79,51.79,38.79,38.48,41.99,,66.34,42.0,50.7,,40.0,,,,45.52,53.2,,45.52,53.2,53.2,97.51,53.2,38.79,38.79,,,,,38.48,38.79,38.79,38.79,38.79,38.79,62.76,51.79,50.74,58.97,38.79,38.79,38.79,38.79,42.0,36.33,,,,,,
2019-08-06 01:00:00+02:00,,36.92,,36.92,43.53,35.44,,34.01,,36.92,37.83,37.83,37.83,50.9,37.83,36.92,39.18,,66.2,42.0,47.63,,37.33,,,,43.87,53.2,,43.87,53.2,53.2,93.51,53.2,37.83,37.83,,,,,36.92,37.83,37.83,37.83,37.83,37.83,63.48,50.9,47.67,51.04,37.83,37.83,37.83,37.83,42.0,34.01,,,,,,
2019-08-06 02:00:00+02:00,,34.62,,34.62,35.75,34.07,,32.88,,34.62,36.91,36.91,36.91,49.16,36.91,34.62,35.7,,73.71,35.1,44.19,,34.03,,,,42.48,53.2,,42.48,53.2,53.2,58.51,53.2,36.91,36.91,,,,,34.62,36.91,36.91,36.91,36.91,36.91,62.74,49.16,44.22,44.93,36.91,36.91,36.91,36.91,35.1,32.88,,,,,,
2019-08-06 03:00:00+02:00,,33.69,,33.69,34.65,33.39,,32.29,,33.69,36.83,36.83,36.83,48.1,36.83,33.69,34.74,,68.97,35.1,39.67,,33.11,,,,41.52,53.2,,41.52,53.2,53.2,53.2,53.2,36.83,36.83,,,,,33.69,36.83,36.83,36.83,36.83,36.83,62.46,48.1,39.7,41.65,36.83,36.83,36.83,36.83,35.1,32.29,,,,,,
2019-08-06 04:00:00+02:00,,34.67,,32.51,39.74,34.58,,33.0,,34.61,36.78,36.78,36.78,48.0,36.78,31.62,34.53,,68.96,35.1,43.05,,33.72,,,,41.68,53.2,,41.68,53.2,53.2,53.2,53.2,36.78,36.78,,,,,33.5,36.78,36.78,36.78,36.78,36.78,62.46,48.0,43.09,41.06,36.78,36.78,36.78,36.78,35.1,33.0,,,,,,
2019-08-06 05:00:00+02:00,,37.6,,35.91,45.07,36.81,,35.55,,37.54,37.54,38.47,38.47,48.55,38.47,35.22,36.85,,68.98,42.0,41.99,,36.0,,,,42.52,44.67,,42.52,44.67,44.67,58.51,44.67,38.47,38.47,,,,,36.68,38.47,38.47,38.47,38.47,38.47,62.27,48.55,42.03,44.08,38.47,38.47,38.47,38.47,42.0,35.55,,,,,,
2019-08-06 06:00:00+02:00,,39.8,,36.25,50.99,39.63,,39.6,,39.27,39.27,39.4,58.96,46.93,58.96,35.27,38.66,,66.22,45.0,58.72,,37.78,,,,45.0,45.0,,45.0,45.0,45.0,58.51,45.0,58.96,58.96,,,,,37.53,39.4,39.4,39.4,39.4,39.4,65.05,46.93,58.77,56.29,39.4,39.4,39.4,39.4,45.0,39.6,,,,,,
2019-08-06 07:00:00+02:00,,43.65,,43.53,61.37,41.0,,45.01,,43.64,43.64,43.52,64.24,50.0,64.24,43.49,44.66,,73.66,45.0,58.06,,42.61,,,,45.0,45.0,,45.0,45.0,45.0,95.15,45.0,64.24,64.24,,,,,43.58,40.7,40.7,40.7,40.7,40.7,64.46,50.0,58.1,69.6,42.59,42.59,42.59,42.59,45.0,45.01,,,,,,
2019-08-06 08:00:00+02:00,,45.0,,45.0,61.37,44.25,,46.5,,45.0,45.0,45.0,67.88,51.2,67.88,45.0,46.01,,69.09,105.73,62.74,,44.28,,,,45.0,45.0,,45.0,45.0,45.0,69.06,45.0,67.88,67.88,,,,,45.0,41.86,41.86,41.86,41.86,41.86,68.1,51.2,62.79,68.69,43.92,43.92,43.92,43.92,105.73,46.5,,,,,,
2019-08-06 09:00:00+02:00,,44.0,,44.0,61.38,43.99,,46.74,,44.0,44.0,44.0,67.96,51.83,67.96,44.0,45.32,,69.09,114.1,65.44,,51.67,,,,45.0,45.0,,45.0,45.0,45.0,97.51,45.0,67.96,67.96,,,,,44.0,41.88,41.88,41.88,41.88,41.88,69.69,51.83,65.49,71.54,43.97,43.97,43.97,43.97,114.1,46.74,,,,,,
2019-08-06 10:00:00+02:00,,41.96,,41.96,50.6,43.95,,44.26,,41.96,41.96,41.96,66.54,51.0,66.54,41.96,48.67,,67.5,79.62,60.63,,51.14,,,,43.83,43.83,,43.83,43.83,43.83,59.51,43.83,66.54,66.54,,,,,41.96,41.1,41.1,41.58,41.58,41.1,69.64,51.0,60.67,72.0,41.96,41.96,41.96,41.96,79.62,44.26,,,,,,
2019-08-06 11:00:00+02:00,,41.37,,41.37,46.18,42.15,,43.0,,41.37,41.37,41.27,66.55,51.79,66.55,41.37,45.67,,67.51,105.73,62.74,,48.0,,,,43.79,43.79,,43.79,43.79,43.79,76.51,43.79,66.55,66.55,,,,,41.37,40.87,40.87,40.92,40.92,40.87,69.62,51.79,62.79,75.08,41.27,41.27,41.27,41.27,105.73,43.0,,,,,,
2019-08-06 12:00:00+02:00,,40.02,,40.02,66.49,40.94,,42.01,,40.02,40.06,40.15,68.08,51.99,68.08,40.02,47.78,,66.98,43.02,69.5,,50.23,,,,43.02,43.02,,43.02,43.02,43.02,58.51,43.02,68.08,68.08,,,,,40.02,40.15,40.15,40.15,40.15,40.15,69.21,51.99,69.55,84.9,40.15,40.15,40.15,40.15,43.02,42.01,,,,,,
2019-08-06 13:00:00+02:00,,38.87,,38.87,69.56,39.77,,40.64,,38.87,39.97,39.97,68.08,52.03,68.08,38.87,47.76,,61.09,48.93,69.86,,50.22,,,,42.02,42.02,,42.02,42.02,42.02,76.51,42.02,68.08,68.08,,,,,38.87,39.97,39.97,39.97,39.97,39.97,69.21,52.03,69.92,82.02,39.97,39.97,39.97,39.97,48.93,40.64,,,,,,
2019-08-06 14:00:00+02:00,,38.97,,38.97,69.55,39.39,,38.4,,38.97,39.93,39.93,67.7,51.79,67.7,38.97,42.29,,61.1,43.81,68.65,,44.47,,,,43.81,43.81,,43.81,43.81,43.81,53.0,43.81,67.7,67.7,,,,,38.97,39.93,39.93,39.93,39.93,39.93,67.9,51.79,68.7,80.49,39.93,39.93,39.93,39.93,43.81,38.4,,,,,,
2019-08-06 15:00:00+02:00,,38.99,,38.99,69.55,39.26,,38.67,,38.99,38.99,39.95,67.72,50.8,67.72,38.99,40.08,,61.1,43.87,64.0,,42.17,,,,43.87,43.87,,43.87,43.87,43.87,69.06,43.87,67.72,67.72,,,,,38.99,39.95,39.95,39.95,39.95,39.95,67.92,50.8,64.05,79.35,39.95,39.95,39.95,39.95,43.87,38.67,,,,,,
2019-08-06 16:00:00+02:00,,40.04,,40.04,69.54,39.93,,39.64,,40.04,40.04,40.13,66.3,50.11,66.3,40.04,41.15,,67.31,47.0,69.5,,43.3,,,,47.0,47.0,,47.0,47.0,47.0,101.01,47.0,66.3,66.3,,,,,40.04,40.13,40.13,40.13,40.13,40.13,66.49,50.11,69.55,78.36,40.13,40.13,40.13,40.13,47.0,39.64,,,,,,
2019-08-06 17:00:00+02:00,,43.84,,43.84,69.55,40.69,,43.89,,43.84,43.84,43.74,66.08,48.81,66.08,43.84,45.55,,66.93,50.0,68.65,,47.95,,,,50.0,50.0,,50.0,50.0,50.0,114.32,50.0,66.08,66.08,,,,,43.84,41.06,41.06,40.93,40.93,41.06,66.27,48.81,68.7,81.39,42.78,42.78,42.78,42.78,50.0,43.89,,,,,,
2019-08-06 18:00:00+02:00,,48.93,,48.93,61.4,40.06,,50.3,,48.93,48.93,48.93,66.44,48.93,66.44,48.93,53.24,,64.54,53.2,67.81,,56.05,,,,53.2,53.2,,53.2,53.2,53.2,115.32,53.2,66.44,66.44,,,,,48.93,41.2,41.2,40.9,40.9,41.2,66.62,48.93,67.86,80.54,43.64,43.64,43.64,43.64,53.2,50.3,,,,,,
2019-08-06 19:00:00+02:00,,51.78,,48.05,61.36,42.34,,54.0,,51.78,51.78,51.78,67.81,49.75,67.81,49.75,55.85,,62.13,53.77,62.74,,57.42,,,,54.33,54.33,,53.77,54.33,54.33,115.32,54.33,67.81,67.81,,,,,54.38,41.04,41.04,40.9,40.9,41.04,68.0,49.75,62.78,77.8,43.18,43.18,43.18,43.18,53.77,54.0,,,,,,
2019-08-06 20:00:00+02:00,,53.87,,47.92,66.47,41.65,,57.5,,53.87,53.87,53.87,49.99,49.07,49.99,48.95,54.95,,66.63,54.39,73.72,,56.51,,,,56.94,56.94,,53.87,56.94,56.94,115.32,56.94,49.99,49.99,,,,,53.52,40.99,40.99,40.99,40.99,40.99,67.99,49.07,73.77,89.01,42.37,42.37,42.37,42.37,54.39,57.5,,,,,,
2019-08-06 21:00:00+02:00,,52.99,,47.26,61.38,42.05,,52.28,,52.99,52.99,52.99,42.27,50.07,42.27,48.47,54.08,,60.89,90.03,74.06,,55.63,,,,55.0,55.0,,55.0,55.0,55.0,115.32,55.0,42.27,42.27,,,,,52.69,41.26,41.26,41.02,41.02,41.26,68.36,50.07,74.11,80.07,42.27,42.27,42.27,42.27,90.03,52.28,,,,,,
2019-08-06 22:00:00+02:00,,49.12,,49.12,50.69,43.35,,46.01,,49.12,49.12,49.12,40.81,49.12,40.81,49.12,50.41,,57.5,60.09,60.53,,51.86,,,,53.2,53.2,,49.12,53.2,53.2,115.32,53.2,40.81,40.81,,,,,49.12,40.81,40.81,40.81,40.81,40.81,67.51,49.12,60.57,67.09,40.81,40.81,40.81,40.81,60.09,46.01,,,,,,
2019-08-06 23:00:00+02:00,,40.97,,40.97,47.81,40.9,,40.01,,40.97,40.97,40.97,39.66,47.51,39.66,40.97,41.86,,63.43,45.0,47.09,,44.13,,,,45.0,45.0,,45.0,45.0,45.0,114.32,45.0,39.66,39.66,,,,,40.97,39.66,39.66,39.66,39.66,39.66,63.86,47.51,47.13,57.04,39.66,39.66,39.66,39.66,45.0,40.01,,,,,,
2019-08-07 00:00:00+02:00,,37.03,,37.03,50.11,39.08,,37.5,,37.03,37.03,38.26,38.26,49.76,38.26,37.03,41.74,,63.45,51.62,45.76,,42.89,,,,53.42,53.42,,51.62,53.42,53.42,95.62,53.42,38.26,38.26,,,,,37.03,38.26,38.26,38.26,38.26,38.26,62.2,49.76,45.79,51.37,38.26,38.26,38.26,38.26,51.62,37.5,,,,,,
2019-08-07 01:00:00+02:00,,35.99,,31.6,45.62,36.47,,35.79,,35.41,35.41,36.28,36.28,46.21,36.28,30.37,36.84,,61.87,35.99,38.74,,37.85,,,,45.0,47.0,,45.0,47.0,47.0,95.62,47.0,36.28,36.28,,,,,33.17,36.28,36.28,36.28,36.28,36.28,61.85,46.21,38.76,48.04,36.28,36.28,36.28,36.28,35.99,35.79,,,,,,
2019-08-07 02:00:00+02:00,,35.76,,29.18,39.6,35.51,,34.04,,34.9,35.76,35.76,35.76,43.51,35.76,27.32,32.4,,61.23,35.76,37.39,,33.29,,,,42.39,42.39,,42.39,42.39,42.39,58.62,42.39,35.76,35.76,,,,,31.53,35.76,35.76,35.76,35.76,35.76,61.82,43.51,37.41,44.53,35.76,35.76,35.76,35.76,35.76,34.04,,,,,,
2019-08-07 03:00:00+02:00,,35.92,,28.1,38.51,35.07,,33.8,,34.9,35.76,35.76,35.76,41.75,35.76,25.97,31.78,,61.87,35.92,38.03,,32.65,,,,42.31,42.31,,42.31,42.31,42.31,53.0,42.31,35.76,35.76,,,,,30.92,35.76,35.76,35.76,35.76,35.76,61.25,41.75,38.05,41.1,35.76,35.76,35.76,35.76,35.92,33.8,,,,,,
2019-08-07 04:00:00+02:00,,35.88,,27.9,38.76,35.29,,34.48,,34.84,35.69,35.69,35.69,42.8,35.69,25.73,31.6,,60.94,35.88,37.78,,32.46,,,,42.68,42.68,,42.68,42.68,42.68,53.0,42.68,35.69,35.69,,,,,30.74,35.69,35.69,35.69,35.69,35.69,62.19,42.8,37.8,42.09,35.69,35.69,35.69,35.69,35.88,34.48,,,,,,
2019-08-07 05:00:00+02:00,,37.16,,29.33,41.1,36.87,,36.0,,36.86,36.86,37.59,37.59,45.0,37.59,26.08,33.11,,61.27,43.98,41.83,,34.0,,,,43.98,43.98,,43.98,43.98,43.98,53.0,43.98,39.28,39.28,,,,,32.87,37.59,37.59,37.59,37.59,37.59,58.08,45.0,41.85,46.06,37.59,37.59,37.59,37.59,43.98,36.0,,,,,,
2019-08-07 06:00:00+02:00,,40.99,,33.14,59.64,38.59,,40.69,,40.58,40.58,39.85,62.31,47.0,62.31,29.79,37.72,,61.87,45.73,52.6,,38.73,,,,45.73,45.73,,45.73,45.73,45.73,53.0,45.73,62.31,62.31,,,,,36.68,39.36,39.36,39.75,39.74,39.36,62.33,47.0,52.64,63.05,39.85,39.85,39.85,39.85,45.73,40.69,,,,,,
2019-08-07 07:00:00+02:00,,45.82,,41.27,69.56,41.46,,46.4,,44.96,44.96,44.96,66.13,48.28,66.13,40.23,42.26,,73.07,55.08,73.73,,41.82,,,,46.0,46.0,,46.0,46.0,46.0,75.62,46.0,66.13,66.13,,,,,42.77,39.99,39.99,39.99,39.9,39.99,66.15,48.28,73.78,69.04,43.88,43.88,43.88,43.88,55.08,46.4,,,,,,
2019-08-07 08:00:00+02:00,,45.07,,44.51,69.54,44.07,,48.36,,44.98,44.98,44.98,69.54,51.2,69.54,44.36,45.3,,73.66,65.0,71.62,,46.51,,,,53.68,53.68,,53.68,53.68,53.68,95.62,53.68,69.54,69.54,,,,,44.71,40.64,40.64,40.64,40.39,40.64,69.56,51.2,71.66,71.48,44.98,44.98,44.98,44.98,65.0,48.36,,,,,,
2019-08-07 09:00:00+02:00,,44.98,,44.98,47.68,44.1,,48.3,,44.98,44.98,44.98,72.18,51.45,72.18,44.98,46.26,,72.96,77.2,75.05,,51.47,,,,55.99,55.99,,55.99,55.99,55.99,58.62,55.99,72.18,72.18,,,,,44.98,40.92,40.92,40.94,40.94,40.92,72.19,51.45,75.1,71.08,44.98,44.98,44.98,44.98,77.2,48.3,,,,,,
2019-08-07 10:00:00+02:00,,44.47,,43.64,48.99,44.06,,46.9,,44.34,44.34,44.34,73.2,51.24,73.2,43.42,45.18,,69.31,52.6,71.97,,49.59,,,,52.6,52.6,,52.6,52.6,52.6,53.0,52.6,73.2,73.2,,,,,43.93,40.97,40.97,40.97,40.97,40.97,73.21,51.24,72.02,68.91,44.34,44.34,44.34,44.34,52.6,46.9,,,,,,
2019-08-07 11:00:00+02:00,,44.52,,44.2,46.61,44.39,,46.9,,44.47,44.47,44.47,73.66,51.83,73.66,44.12,45.59,,69.36,52.5,73.79,,51.0,,,,52.5,52.5,,52.5,52.5,52.5,52.5,52.5,73.66,73.66,,,,,44.31,40.92,40.92,40.95,40.95,40.92,73.66,51.83,73.84,72.0,44.47,44.47,44.47,44.47,52.5,46.9,,,,,,
2019-08-07 12:00:00+02:00,,42.16,,42.16,48.68,42.88,,44.32,,42.16,42.16,42.16,72.09,51.97,72.09,42.16,43.38,,69.39,49.0,73.73,,47.26,,,,49.0,49.0,,49.0,49.0,49.0,49.0,49.0,72.09,72.09,,,,,42.16,40.81,40.81,40.93,40.93,40.81,75.13,51.97,73.78,72.02,42.16,42.16,42.16,42.16,49.0,44.32,,,,,,
2019-08-07 13:00:00+02:00,,43.7,,38.14,69.54,42.29,,47.5,,42.84,42.84,42.84,68.01,52.81,68.01,36.68,41.25,,69.35,48.0,67.39,,47.0,,,,48.0,48.0,,48.0,48.0,48.0,48.0,48.0,68.01,68.01,,,,,40.09,40.38,40.38,40.38,40.28,40.38,74.34,52.81,67.44,66.69,42.84,42.84,42.84,42.84,48.0,47.5,,,,,,
2019-08-07 14:00:00+02:00,,41.81,,35.71,69.56,39.57,,42.67,,40.73,40.73,40.73,63.65,51.89,63.65,36.04,39.03,,63.45,51.37,67.13,,44.96,,,,51.37,51.37,,51.37,51.37,51.37,51.37,51.37,63.65,63.65,,,,,37.93,39.18,39.18,40.73,40.73,39.18,68.92,51.89,67.18,64.07,40.73,40.73,40.73,40.73,51.37,42.67,,,,,,
2019-08-07 15:00:00+02:00,,42.88,,31.69,50.6,39.77,,41.9,,41.15,41.15,41.15,59.99,51.45,59.99,31.16,36.87,,61.33,51.37,60.63,,44.0,,,,51.37,51.37,,51.37,51.37,51.37,51.37,51.37,68.96,68.96,,,,,35.83,38.93,38.93,41.0,40.47,38.93,68.95,51.45,60.67,61.41,41.15,41.15,41.15,41.15,51.37,41.9,,,,,,
2019-08-07 16:00:00+02:00,,44.04,,31.11,48.66,39.07,,42.6,,42.05,42.05,42.05,66.2,51.22,66.2,29.28,36.8,,61.34,94.99,60.63,,44.0,,,,52.0,52.0,,52.0,52.0,52.0,66.01,52.0,66.2,66.2,,,,,35.75,39.01,39.01,40.97,40.14,39.01,68.94,51.22,60.67,61.14,42.05,42.05,42.05,42.05,94.99,42.6,,,,,,
2019-08-07 17:00:00+02:00,,45.62,,35.97,47.7,39.09,,44.0,,44.22,44.22,44.22,67.34,51.12,67.34,33.27,40.66,,61.03,55.99,58.73,,44.96,,,,55.99,55.99,,55.99,55.99,55.99,97.57,55.99,67.34,67.34,,,,,39.5,39.55,39.55,40.93,40.09,39.55,68.94,51.12,58.77,60.38,44.22,44.22,44.22,44.22,55.99,44.0,,,,,,
2019-08-07 18:00:00+02:00,,43.7,,42.13,61.38,42.52,,45.4,,43.48,43.48,43.48,68.81,50.97,68.81,41.69,43.96,,60.25,56.23,56.62,,54.4,,,,56.23,56.23,,56.23,56.23,56.23,113.32,56.23,68.81,68.81,,,,,42.7,40.54,40.54,40.54,40.09,40.54,68.79,50.97,56.66,62.09,43.48,43.48,43.48,43.48,56.23,45.4,,,,,,
2019-08-07 19:00:00+02:00,,43.15,,43.15,60.01,42.81,,46.6,,43.15,43.15,43.15,68.96,51.45,68.96,43.15,47.68,,61.98,57.19,54.95,,57.0,,,,57.19,57.19,,57.19,57.19,57.19,114.32,57.19,68.96,68.96,,,,,43.15,40.69,40.69,40.69,40.02,40.69,68.93,51.45,54.98,61.77,43.15,43.15,43.15,43.15,57.19,46.6,,,,,,
2019-08-07 20:00:00+02:00,,42.68,,42.38,59.9,42.22,,46.15,,42.68,42.68,42.68,54.98,51.0,54.98,42.2,49.05,,66.89,56.94,58.1,,55.0,,,,56.94,56.94,,56.94,56.94,56.94,115.32,56.94,68.97,68.97,,,,,42.62,40.93,40.93,40.93,39.97,40.93,68.94,51.0,58.14,66.05,42.68,42.68,42.68,42.68,56.94,46.15,,,,,,
2019-08-07 21:00:00+02:00,,41.94,,41.94,52.01,42.23,,44.66,,41.94,41.94,41.94,41.94,51.81,41.94,41.94,48.48,,69.44,56.0,58.08,,61.0,,,,56.42,56.42,,56.0,56.42,56.42,115.32,56.42,68.96,68.96,,,,,41.94,40.6,40.6,40.6,39.96,40.6,68.93,51.81,58.12,64.12,41.94,41.94,41.94,41.94,56.0,44.66,,,,,,
2019-08-07 22:00:00+02:00,,40.55,,40.55,46.63,42.2,,41.65,,40.55,40.55,40.55,39.87,51.22,39.87,40.55,49.93,,66.91,49.54,47.81,,61.53,,,,50.0,50.0,,49.54,50.0,50.0,114.32,50.0,39.87,39.87,,,,,40.55,39.33,39.33,39.87,39.87,39.33,65.23,51.22,47.84,54.08,39.87,39.87,39.87,39.87,49.54,41.65,,,,,,
2019-08-07 23:00:00+02:00,,37.64,,37.64,39.99,38.69,,36.26,,37.64,37.64,38.31,38.31,50.07,38.31,37.64,43.42,,61.38,43.76,41.83,,51.0,,,,43.76,43.76,,43.76,43.76,43.76,107.62,43.76,38.89,38.89,,,,,37.64,38.31,38.31,38.31,38.31,38.31,63.06,50.07,41.86,49.95,38.31,38.31,38.31,38.31,43.76,36.26,,,,,,
2019-08-08 00:00:00+02:00,,32.74,,32.74,38.56,33.05,,34.2,,32.74,32.74,36.5,36.5,50.5,36.5,32.74,45.49,,61.61,32.74,34.2,,46.57,,,,42.56,42.56,,42.56,42.56,42.56,91.62,42.56,40.03,40.03,,,,,32.74,36.5,36.5,36.5,36.5,36.5,61.8,50.5,34.21,45.07,36.5,36.5,36.5,36.5,32.74,34.2,,,,,,
2019-08-08 01:00:00+02:00,,31.35,,31.33,31.49,31.41,,32.22,,31.35,35.38,35.38,35.38,50.07,35.38,31.33,40.05,,61.61,31.35,32.22,,42.01,,,,40.68,40.68,,40.49,40.68,40.68,76.62,40.68,35.38,35.38,,,,,31.34,35.38,35.38,35.38,35.38,35.38,61.9,50.07,32.23,36.03,35.38,35.38,35.38,35.38,31.35,32.22,,,,,,
2019-08-08 02:00:00+02:00,,29.25,,26.5,29.04,29.53,,30.95,,28.9,35.04,35.04,35.04,47.51,35.04,25.72,33.38,,63.8,29.25,30.95,,35.03,,,,40.5,40.5,,40.13,40.5,40.5,61.0,40.5,35.04,35.04,,,,,27.52,35.04,35.04,35.04,35.04,35.04,62.59,47.51,30.96,33.04,35.04,35.04,35.04,35.04,29.25,30.95,,,,,,
2019-08-08 03:00:00+02:00,,28.25,,26.0,25.67,29.7,,30.13,,27.97,34.95,34.95,34.95,45.5,34.95,25.37,30.26,,61.66,28.25,30.13,,31.76,,,,39.8,39.8,,37.13,39.8,39.8,61.0,39.8,34.95,34.95,,,,,26.85,34.95,34.95,34.95,34.95,34.95,62.6,45.5,30.14,32.31,34.95,34.95,34.95,34.95,28.25,30.13,,,,,,
2019-08-08 04:00:00+02:00,,29.07,,26.57,33.7,30.55,,30.4,,28.75,35.38,35.38,35.38,44.53,35.38,25.88,28.33,,61.66,29.07,30.4,,31.21,,,,40.0,40.0,,37.0,40.0,40.0,61.0,40.0,35.38,35.38,,,,,27.51,35.38,35.38,35.38,35.38,35.38,61.79,44.53,30.41,32.87,35.38,35.38,35.38,35.38,29.07,30.4,,,,,,
2019-08-08 05:00:00+02:00,,32.38,,28.05,47.13,31.05,,32.4,,32.25,36.62,36.62,38.34,46.0,38.34,26.21,32.52,,61.62,32.38,32.4,,34.15,,,,40.5,40.5,,39.73,40.5,40.5,75.27,40.5,57.81,57.81,,,,,30.11,36.62,36.62,36.62,36.62,36.62,57.92,46.0,32.41,34.81,36.62,36.62,36.62,36.62,32.38,32.4,,,,,,
2019-08-08 06:00:00+02:00,,38.17,,31.36,44.07,31.91,,37.1,,37.88,37.88,37.88,61.72,48.55,61.72,28.43,38.99,,61.66,38.17,37.51,,40.97,,,,42.15,42.15,,42.15,42.15,42.15,75.62,42.15,61.72,61.72,,,,,34.57,37.49,37.49,37.88,37.88,37.49,61.84,48.55,39.26,46.08,37.88,37.88,37.88,37.88,38.17,37.1,,,,,,
2019-08-08 07:00:00+02:00,,43.14,,37.37,45.02,37.04,,41.53,,42.76,42.76,42.76,66.28,49.44,66.28,35.04,41.2,,69.7,43.14,44.39,,42.27,,,,43.14,43.14,,43.14,43.14,43.14,75.62,43.14,66.28,66.28,,,,,39.94,38.15,38.15,39.02,39.02,38.15,66.4,49.44,44.41,59.96,42.76,42.76,42.76,42.76,43.14,41.53,,,,,,
2019-08-08 08:00:00+02:00,,39.98,,39.98,50.71,38.89,,41.6,,39.98,39.98,39.98,71.18,50.93,71.18,39.98,40.83,,63.07,52.01,55.08,,55.46,,,,48.0,48.0,,48.0,48.0,48.0,69.1,48.0,71.18,71.18,,,,,39.98,38.7,38.7,39.12,39.12,38.7,68.22,50.93,55.11,60.87,39.98,39.98,39.98,39.98,52.01,41.6,,,,,,
2019-08-08 09:00:00+02:00,,37.47,,37.47,53.09,37.96,,39.88,,37.47,40.32,40.32,69.14,50.96,69.14,37.47,41.13,,63.4,57.03,59.04,,108.71,,,,49.57,49.57,,49.57,49.57,49.57,69.1,49.57,69.14,69.14,,,,,37.47,38.59,38.59,39.13,39.13,38.59,69.27,50.96,59.07,61.04,40.32,40.32,40.32,40.32,57.03,39.88,,,,,,
2019-08-08 10:00:00+02:00,,32.56,,32.56,55.63,34.75,,36.43,,32.56,40.3,40.3,68.21,50.03,68.21,32.56,43.29,,67.98,47.07,52.63,,93.0,,,,47.0,47.0,,47.0,47.0,47.0,75.62,47.0,68.21,68.21,,,,,32.56,37.88,37.88,39.18,39.18,37.88,68.34,50.03,52.66,59.28,40.3,40.3,40.3,40.3,47.07,36.43,,,,,,
2019-08-08 11:00:00+02:00,,30.46,,30.46,57.6,34.12,,42.23,,30.46,39.91,39.91,68.28,49.24,68.28,30.46,42.7,,68.24,55.1,52.63,,87.8,,,,47.3,47.3,,47.3,47.3,47.3,75.62,47.3,68.28,68.28,,,,,30.46,37.98,37.98,39.15,39.15,37.98,68.42,49.24,52.66,60.67,39.91,39.91,39.91,39.91,55.1,42.23,,,,,,
2019-08-08 12:00:00+02:00,,28.77,,28.55,52.09,31.4,,44.0,,28.53,37.72,39.94,68.79,49.33,68.79,28.57,42.93,,69.82,58.1,54.08,,80.01,,,,45.0,45.0,,45.0,45.0,45.0,75.62,45.0,68.79,68.79,,,,,28.55,37.72,37.72,39.12,39.12,37.72,68.93,49.33,54.12,64.98,39.94,39.94,39.94,39.94,58.1,44.0,,,,,,
2019-08-08 13:00:00+02:00,,28.5,,28.5,59.08,29.91,,44.0,,28.5,37.56,39.73,68.3,50.47,68.3,28.5,43.24,,68.04,58.1,54.0,,76.0,,,,45.0,45.0,,45.0,45.0,45.0,61.0,45.0,68.3,68.3,,,,,28.5,37.56,37.56,39.09,39.09,37.56,68.43,50.47,54.04,61.95,39.73,39.73,39.73,39.73,58.1,44.0,,,,,,
2019-08-08 14:00:00+02:00,,28.37,,28.37,57.19,29.9,,36.08,,28.37,37.48,39.12,70.92,47.57,70.92,28.37,41.17,,68.01,50.09,52.08,,55.46,,,,46.24,46.24,,46.24,46.24,46.24,69.1,46.24,70.92,70.92,,,,,28.37,37.48,37.48,39.12,39.12,37.48,71.07,47.57,52.12,61.18,39.12,39.12,39.12,39.12,50.09,36.08,,,,,,
2019-08-08 15:00:00+02:00,,28.7,,28.7,57.3,30.35,,35.0,,28.7,37.24,38.84,70.14,45.9,70.14,28.7,38.36,,68.05,50.1,52.1,,44.85,,,,46.24,46.24,,46.24,46.24,46.24,97.57,46.24,70.14,70.14,,,,,28.7,37.24,37.24,38.84,38.84,37.24,70.29,45.9,52.14,57.1,38.84,38.84,38.84,38.84,50.1,35.0,,,,,,
2019-08-08 16:00:00+02:00,,30.76,,30.76,58.31,31.56,,42.5,,30.76,37.2,38.36,68.08,45.25,68.08,30.76,38.34,,69.75,51.34,53.34,,41.16,,,,50.0,50.0,,50.0,50.0,50.0,98.1,50.0,68.08,68.08,,,,,30.76,37.2,37.2,38.36,38.36,37.2,68.22,45.25,53.38,59.05,38.36,38.36,38.36,38.36,51.34,42.5,,,,,,
2019-08-08 17:00:00+02:00,,35.99,,35.99,60.47,35.09,,42.5,,35.99,35.99,38.28,67.12,45.24,67.12,35.99,42.61,,67.93,54.52,54.95,,44.18,,,,54.52,54.52,,54.52,54.52,54.52,115.32,54.52,67.12,67.12,,,,,35.99,37.49,37.49,38.28,38.28,37.49,67.27,45.24,54.99,58.01,38.28,38.28,38.28,38.28,54.52,42.5,,,,,,
2019-08-08 18:00:00+02:00,,39.04,,39.04,69.54,39.03,,42.5,,39.04,39.04,39.04,68.11,45.23,68.11,39.04,55.72,,67.87,53.0,54.97,,57.37,,,,57.91,57.91,,53.0,57.91,57.91,115.32,57.91,68.11,68.11,,,,,39.04,38.37,38.37,39.04,39.04,38.37,68.26,45.23,55.02,60.92,39.04,39.04,39.04,39.04,53.0,42.5,,,,,,
2019-08-08 19:00:00+02:00,,43.05,,43.05,69.56,40.05,,44.28,,43.05,43.05,43.05,68.05,45.25,68.05,43.05,55.25,,67.86,57.0,56.42,,56.91,,,,58.15,58.15,,57.0,58.15,58.15,115.32,58.15,68.05,68.05,,,,,43.05,39.11,39.11,39.11,39.11,39.11,68.2,45.25,56.47,60.28,41.8,41.8,41.8,41.8,57.0,44.28,,,,,,
2019-08-08 20:00:00+02:00,,43.37,,43.37,74.58,40.06,,45.0,,43.37,43.37,43.37,54.98,45.9,54.98,43.37,49.39,,67.86,63.04,65.04,,48.52,,,,58.34,58.34,,55.37,58.34,58.34,155.0,58.34,68.66,68.66,,,,,43.37,39.02,39.02,39.03,39.03,39.02,68.81,45.9,65.1,70.03,42.32,42.32,42.32,42.32,63.04,45.0,,,,,,
2019-08-08 21:00:00+02:00,,43.63,,43.63,69.54,40.3,,44.2,,43.63,43.63,43.63,49.96,50.41,49.96,43.63,44.69,,75.06,55.09,57.09,,42.87,,,,58.34,58.34,,53.0,58.34,58.34,115.32,58.34,49.96,49.96,,,,,43.63,39.07,39.07,39.07,39.07,39.07,67.84,50.41,57.14,67.94,42.58,42.58,42.58,42.58,55.09,44.2,,,,,,
2019-08-08 22:00:00+02:00,,42.1,,42.1,58.17,40.76,,42.32,,42.1,42.1,42.1,40.98,47.9,40.98,42.1,42.94,,75.01,50.62,52.63,,41.2,,,,57.91,57.91,,45.0,57.91,57.91,115.32,57.91,40.98,40.98,,,,,42.1,38.95,38.95,38.96,38.96,38.95,65.47,47.9,52.68,57.07,40.98,40.98,40.98,40.98,50.62,42.32,,,,,,
2019-08-08 23:00:00+02:00,,38.12,,38.12,50.15,38.96,,39.34,,38.12,38.12,38.12,38.12,47.57,38.12,38.12,38.75,,67.39,43.88,42.18,,37.2,,,,44.3,44.3,,44.3,44.3,44.3,114.32,44.3,39.04,39.04,,,,,38.12,37.99,37.99,38.12,38.12,37.99,62.79,47.57,42.23,53.44,38.12,38.12,38.12,38.12,43.88,39.34,,,,,,
2019-08-09 00:00:00+02:00,,34.92,,34.92,50.11,33.59,,35.25,,34.92,34.92,36.23,36.23,42.6,36.23,34.92,45.65,,66.91,45.17,41.18,,31.02,,,,46.96,62.2,,45.17,62.2,62.2,111.18,62.2,36.23,36.23,,,,,34.92,36.23,36.23,36.23,36.23,36.23,60.86,42.6,41.22,51.05,36.23,36.23,36.23,36.23,45.17,35.25,,,,,,
2019-08-09 01:00:00+02:00,,34.57,,29.41,46.67,31.76,,33.75,,34.57,34.57,35.0,35.0,42.0,35.0,26.19,40.45,,66.5,36.02,35.28,,26.32,,,,41.71,62.0,,41.71,62.0,62.0,97.18,62.0,35.0,35.0,,,,,33.88,35.0,35.0,35.0,35.0,35.0,61.71,42.0,35.31,42.6,35.0,35.0,35.0,35.0,36.02,33.75,,,,,,
2019-08-09 02:00:00+02:00,,34.96,,26.2,45.63,32.12,,33.7,,33.97,33.97,33.97,33.97,38.75,33.97,23.73,28.39,,64.7,34.96,33.7,,25.0,,,,40.0,57.19,,40.0,57.19,57.19,74.18,57.19,33.97,33.97,,,,,29.46,33.97,33.97,33.97,33.97,33.97,60.89,38.75,33.73,37.15,33.97,33.97,33.97,33.97,34.96,33.7,,,,,,
2019-08-09 03:00:00+02:00,,34.93,,22.7,45.43,30.06,,33.67,,34.06,34.06,34.06,34.06,37.96,34.06,19.08,25.93,,64.34,35.2,34.02,,24.08,,,,40.07,55.0,,40.07,55.0,55.0,60.18,55.0,34.06,34.06,,,,,27.52,34.06,34.06,34.06,34.06,34.06,59.16,37.96,34.06,35.39,34.06,34.06,34.06,34.06,35.2,33.67,,,,,,
2019-08-09 04:00:00+02:00,,34.91,,20.78,46.2,30.09,,33.63,,33.02,33.02,33.83,33.83,36.69,33.83,16.93,21.2,,63.69,35.2,35.48,,21.14,,,,42.96,46.52,,40.86,46.52,46.52,53.67,46.52,33.83,33.83,,,,,25.92,33.83,33.83,33.83,33.83,33.83,59.16,36.69,35.51,36.24,33.83,33.83,33.83,33.83,35.2,33.63,,,,,,
2019-08-09 05:00:00+02:00,,36.91,,22.02,49.28,34.06,,36.0,,35.99,35.99,37.26,37.7,37.41,37.7,17.62,21.31,,64.79,40.0,38.08,,20.94,,,,40.87,40.87,,40.87,40.87,40.87,65.0,40.87,37.7,37.7,,,,,28.1,37.18,37.18,37.26,37.26,37.18,57.0,37.41,38.11,40.07,37.26,37.26,37.26,37.26,40.0,36.0,,,,,,
2019-08-09 06:00:00+02:00,,44.11,,25.38,58.5,28.46,,44.02,,44.11,44.11,42.84,61.54,39.09,61.54,20.3,24.57,,61.35,46.0,48.12,,24.14,,,,46.0,46.0,,46.0,46.0,46.0,65.0,46.0,61.54,61.54,,,,,41.7,37.61,37.61,38.55,38.55,37.61,61.71,39.09,48.16,53.19,42.03,42.03,42.03,42.03,46.0,44.02,,,,,,
2019-08-09 07:00:00+02:00,,53.92,,33.18,81.63,32.95,,48.2,,53.92,53.92,53.92,66.26,42.0,66.26,23.25,33.85,,62.15,58.55,61.55,,31.14,,,,45.0,45.0,,45.0,45.0,45.0,90.18,45.0,66.26,66.26,,,,,49.67,38.36,38.36,38.92,38.92,38.36,66.44,42.0,61.61,64.05,46.24,46.24,46.24,46.24,58.55,48.2,,,,,,
2019-08-09 08:00:00+02:00,,49.9,,38.17,80.85,35.16,,46.8,,49.9,49.9,49.9,68.05,44.24,68.05,31.0,38.95,,61.38,60.0,73.77,,38.11,,,,45.0,45.0,,45.0,45.0,45.0,89.18,45.0,68.05,68.05,,,,,48.17,39.06,39.06,39.06,39.06,39.06,68.23,44.24,73.84,65.05,48.7,48.7,48.7,48.7,60.0,46.8,,,,,,
2019-08-09 09:00:00+02:00,,43.93,,37.81,85.06,36.01,,43.55,,43.93,43.93,43.93,68.21,44.75,68.21,34.08,43.11,,61.39,73.1,80.02,,44.58,,,,45.0,45.0,,45.0,45.0,45.0,89.18,45.0,68.21,68.21,,,,,42.87,39.22,39.22,39.22,39.22,39.22,68.39,44.75,80.1,65.07,43.93,43.93,43.93,43.93,73.1,43.55,,,,,,
2019-08-09 10:00:00+02:00,,39.84,,37.62,70.07,36.06,,41.53,,39.84,40.82,40.82,68.05,44.7,68.05,36.46,41.25,,67.94,73.1,65.03,,42.52,,,,42.26,42.26,,42.26,42.26,42.26,65.0,42.26,68.05,68.05,,,,,40.27,38.98,38.98,39.14,39.14,38.98,68.23,44.7,65.09,64.06,40.82,40.82,40.82,40.82,73.1,41.53,,,,,,
2019-08-09 11:00:00+02:00,,38.38,,35.66,75.12,36.07,,41.65,,38.38,40.4,40.4,67.99,44.33,67.99,36.93,43.04,,67.91,81.0,70.08,,44.36,,,,41.82,41.82,,41.82,41.82,41.82,74.18,41.82,67.99,67.99,,,,,40.4,39.11,39.11,39.12,39.12,39.11,68.17,44.33,70.15,65.01,40.4,40.4,40.4,40.4,81.0,41.65,,,,,,
2019-08-09 12:00:00+02:00,,37.38,,34.89,74.58,36.07,,39.44,,37.38,40.34,40.34,68.27,45.25,68.27,36.05,44.19,,67.82,73.1,69.54,,44.36,,,,41.82,41.82,,41.82,41.82,41.82,74.18,41.82,68.27,68.27,,,,,39.2,37.95,37.95,39.09,39.09,37.95,68.44,45.25,69.61,69.08,40.34,40.34,40.34,40.34,73.1,39.44,,,,,,
2019-08-09 13:00:00+02:00,,35.64,,30.73,74.2,35.06,,38.0,,35.64,40.13,40.13,67.21,45.46,67.21,33.02,42.03,,61.39,73.1,69.09,,43.31,,,,40.9,40.9,,40.9,40.9,40.9,74.18,40.9,67.21,67.21,,,,,39.23,37.98,37.98,39.05,39.05,37.98,67.38,45.46,69.16,69.1,40.13,40.13,40.13,40.13,73.1,38.0,,,,,,
2019-08-09 14:00:00+02:00,,34.97,,28.53,69.57,35.13,,37.0,,34.97,39.9,39.9,67.27,44.95,67.27,31.52,40.95,,59.4,73.1,62.78,,42.19,,,,42.34,42.34,,42.34,42.34,42.34,74.18,42.34,67.27,67.27,,,,,39.68,38.41,38.41,39.1,39.1,38.41,67.44,44.95,62.84,69.03,39.9,39.9,39.9,39.9,73.1,37.0,,,,,,
2019-08-09 15:00:00+02:00,,34.96,,29.79,69.54,34.89,,37.49,,34.96,39.51,39.51,68.26,43.28,68.26,32.19,39.66,,59.38,57.2,54.96,,40.87,,,,42.44,42.44,,42.44,42.44,42.44,74.18,42.44,68.26,68.26,,,,,38.71,37.68,37.68,39.1,39.1,37.68,68.43,43.28,55.01,64.06,39.51,39.51,39.51,39.51,57.2,37.49,,,,,,
2019-08-09 16:00:00+02:00,,37.79,,29.78,68.32,36.02,,39.0,,37.79,39.05,39.05,68.23,42.5,68.23,24.81,37.73,,59.9,58.3,61.3,,38.87,,,,45.98,45.98,,45.98,45.98,45.98,74.18,45.98,68.23,68.23,,,,,36.57,37.61,37.61,39.05,39.05,37.61,68.4,42.5,61.36,64.04,39.05,39.05,39.05,39.05,58.3,39.0,,,,,,
2019-08-09 17:00:00+02:00,,40.94,,29.32,69.54,36.02,,41.73,,40.81,40.81,40.81,68.01,42.5,68.01,28.17,41.49,,59.97,59.78,62.78,,42.75,,,,57.19,57.19,,46.13,57.19,57.19,99.42,57.19,68.01,68.01,,,,,39.5,38.21,38.21,39.03,39.03,38.21,68.18,42.5,62.84,63.05,40.81,40.81,40.81,40.81,59.78,41.73,,,,,,
2019-08-09 18:00:00+02:00,,43.66,,36.08,69.05,35.04,,43.0,,43.66,43.66,43.66,67.3,43.88,67.3,31.19,45.6,,62.55,59.78,62.78,,48.12,,,,62.44,62.44,,50.0,62.44,62.44,114.32,62.44,67.3,67.3,,,,,42.64,38.43,38.43,39.01,39.01,38.43,67.46,43.88,62.84,62.62,43.66,43.66,43.66,43.66,59.78,43.0,,,,,,
2019-08-09 19:00:00+02:00,,43.4,,36.4,68.55,34.64,,43.5,,43.4,43.4,43.4,67.98,45.25,67.98,35.7,48.29,,73.19,60.46,63.46,,49.76,,,,69.0,69.0,,50.0,69.0,69.0,115.32,69.0,67.98,67.98,,,,,45.7,38.35,38.35,38.99,38.99,38.35,68.14,45.25,63.53,63.17,42.36,42.36,42.36,42.36,60.46,43.5,,,,,,
2019-08-09 20:00:00+02:00,,40.07,,33.55,69.56,34.9,,40.7,,40.07,40.07,40.07,42.79,49.45,42.79,29.36,48.53,,69.81,62.0,71.66,,50.0,,,,74.85,74.85,,48.9,74.85,74.85,115.32,74.85,42.79,42.79,,,,,39.18,37.93,37.93,39.02,39.02,37.93,66.86,49.45,71.73,68.02,39.6,39.6,39.6,39.6,62.0,40.7,,,,,,
2019-08-09 21:00:00+02:00,,37.7,,32.05,69.55,34.53,,38.26,,37.7,37.7,37.7,42.75,53.2,37.7,28.42,40.97,,67.81,48.0,69.54,,42.2,,,,70.01,70.01,,48.0,70.01,70.01,115.32,70.01,42.75,42.75,,,,,36.94,36.99,36.99,37.7,37.7,36.99,66.52,53.2,69.62,65.61,37.7,37.7,37.7,37.7,48.0,38.26,,,,,,
2019-08-09 22:00:00+02:00,,34.26,,34.26,44.7,33.46,,35.98,,34.26,34.26,35.33,35.33,53.19,35.33,34.26,43.04,,62.22,66.01,56.65,,44.34,,,,62.44,62.44,,45.0,62.44,62.44,115.32,62.44,35.33,35.33,,,,,34.26,35.33,35.33,35.33,35.33,35.33,63.95,53.19,56.71,56.02,35.33,35.33,35.33,35.33,57.2,35.98,,,,,,
2019-08-09 23:00:00+02:00,,31.26,,31.26,50.11,29.05,,30.2,,31.26,31.26,35.74,37.81,51.45,35.74,31.26,37.68,,61.7,42.1,46.92,,38.82,,,,57.44,57.44,,42.1,57.44,57.44,107.42,57.44,37.81,37.81,,,,,31.26,33.93,33.93,35.74,35.74,33.93,62.06,51.45,46.97,50.06,35.74,35.74,35.74,35.74,42.1,30.2,,,,,,
2019-08-10 00:00:00+02:00,,34.02,,21.6,50.16,24.97,,27.7,,33.54,33.54,34.87,34.87,48.53,34.87,22.82,44.25,,63.57,46.23,55.99,,44.45,,,,70.0,70.0,,46.23,70.0,70.0,96.71,70.0,34.87,34.87,,,,,33.75,34.87,34.87,34.87,34.87,34.87,56.34,48.53,56.05,43.04,34.87,34.87,34.87,34.87,46.23,27.7,,,,,,
2019-08-10 01:00:00+02:00,,30.0,,11.4,50.05,22.02,,23.56,,29.09,29.09,34.67,34.67,45.88,34.67,8.9,32.38,,63.24,36.9,45.07,,33.35,,,,45.29,65.0,,44.03,65.0,65.0,97.57,65.0,34.67,34.67,,,,,33.57,34.67,34.67,34.67,34.67,34.67,51.95,45.88,45.11,34.09,34.67,34.67,34.67,34.67,36.9,23.56,,,,,,
2019-08-10 02:00:00+02:00,,29.71,,5.31,40.67,15.28,,18.76,,28.7,28.7,33.92,33.92,44.7,33.92,7.0,26.88,,63.19,29.71,36.99,,27.68,,,,40.29,62.48,,39.67,62.48,62.48,97.57,62.48,33.92,33.92,,,,,27.87,33.92,33.92,33.92,33.92,33.92,52.09,44.7,37.03,29.1,33.92,33.92,33.92,33.92,29.71,18.76,,,,,,
2019-08-10 03:00:00+02:00,,27.14,,8.59,22.54,10.12,,13.4,,26.9,26.9,32.73,32.73,43.95,32.73,8.75,22.58,,61.29,27.14,31.71,,23.81,,,,40.29,62.3,,39.95,62.3,62.3,97.57,62.3,32.73,32.73,,,,,23.4,32.73,32.73,32.73,32.73,32.73,52.73,43.95,31.74,28.11,32.73,32.73,32.73,32.73,27.14,13.4,,,,,,
2019-08-10 04:00:00+02:00,,25.98,,11.48,22.52,8.82,,11.1,,25.0,25.0,31.7,31.7,43.71,31.7,9.02,16.2,,61.3,25.98,28.28,,17.09,,,,38.29,62.3,,38.29,62.3,62.3,78.57,62.3,31.7,31.7,,,,,16.79,31.7,31.7,31.7,31.7,31.7,52.01,43.71,28.31,27.81,31.7,31.7,31.7,31.7,25.98,11.1,,,,,,
2019-08-10 05:00:00+02:00,,21.08,,9.99,32.07,7.61,,7.75,,20.66,20.66,31.42,31.42,43.46,31.42,9.2,16.07,,59.31,21.08,20.72,,16.95,,,,38.29,62.3,,38.29,62.3,62.3,78.57,62.3,31.42,31.42,,,,,16.66,31.42,31.42,31.42,31.42,31.42,50.87,43.46,20.74,27.45,31.42,31.42,31.42,31.42,21.08,7.75,,,,,,
2019-08-10 06:00:00+02:00,,22.07,,9.88,24.78,12.07,,12.25,,21.84,21.84,32.17,32.17,42.66,32.17,9.74,18.33,,52.45,39.0,35.51,,22.0,,,,39.47,62.3,,39.47,62.3,62.3,78.57,62.3,32.17,32.17,,,,,19.0,32.17,32.17,32.17,32.17,32.17,51.57,42.66,35.55,30.1,32.17,32.17,32.17,32.17,39.0,12.25,,,,,,
2019-08-10 07:00:00+02:00,,28.44,,7.35,34.21,15.81,,16.65,,28.41,28.41,33.99,33.99,44.0,33.99,8.69,26.03,,56.0,48.0,46.0,,24.51,,,,42.51,62.48,,42.51,62.48,62.48,93.57,62.48,33.99,33.99,,,,,26.98,33.99,33.99,33.99,33.99,33.99,51.94,44.0,46.05,42.09,33.99,33.99,33.99,33.99,48.0,16.65,,,,,,
2019-08-10 08:00:00+02:00,,29.69,,12.35,33.01,17.71,,29.99,,29.17,29.17,35.24,35.24,45.26,35.24,16.15,34.97,,58.5,41.51,46.03,,33.52,,,,41.51,62.3,,41.51,62.3,62.3,97.57,62.3,35.24,35.24,,,,,34.11,35.24,35.24,35.24,35.24,35.24,57.41,45.26,46.08,45.08,35.24,35.24,35.24,35.24,41.51,29.99,,,,,,
2019-08-10 09:00:00+02:00,,26.16,,15.41,33.07,18.63,,53.01,,26.15,26.15,36.05,40.72,47.97,40.72,20.39,48.21,,58.5,39.7,53.01,,46.2,,,,39.7,58.48,,39.7,58.48,58.48,97.57,58.48,40.72,40.72,,,,,34.9,36.05,36.05,36.05,36.05,36.05,59.79,47.97,53.06,48.01,36.05,36.05,36.05,36.05,39.7,53.01,,,,,,
2019-08-10 10:00:00+02:00,,33.01,,13.47,39.01,14.73,,62.99,,12.59,12.59,36.07,40.52,46.52,40.52,15.24,53.92,,58.5,38.29,62.99,,51.67,,,,38.29,57.44,,38.29,57.44,57.44,73.57,57.44,40.52,40.52,,,,,28.5,36.07,36.07,36.07,36.07,36.07,62.55,46.52,62.85,49.43,36.07,36.07,36.07,36.07,38.29,62.99,,,,,,
2019-08-10 11:00:00+02:00,,33.09,,5.0,40.93,13.95,,65.5,,5.34,5.34,35.88,40.2,46.71,40.2,9.65,53.82,,59.37,38.29,65.5,,52.82,,,,38.29,55.0,,38.29,55.0,55.0,73.57,55.0,40.2,40.2,,,,,27.7,35.88,35.88,35.88,35.88,35.88,62.51,46.71,65.57,52.57,35.88,35.88,35.88,35.88,38.29,65.5,,,,,,
2019-08-10 12:00:00+02:00,,34.91,,-0.1,43.0,11.06,,64.0,,-4.84,-4.84,35.54,40.89,47.44,40.89,14.64,50.06,,61.42,38.29,64.0,,47.97,,,,38.29,54.73,,38.29,54.73,54.73,73.57,54.73,40.89,40.89,,,,,25.1,35.54,35.54,35.54,35.54,35.54,62.51,47.44,64.07,57.01,35.54,35.54,35.54,35.54,38.29,64.0,,,,,,
2019-08-10 13:00:00+02:00,,35.92,,-17.29,62.93,10.96,,57.03,,-24.75,-16.04,35.11,40.11,48.05,40.11,9.54,45.93,,61.42,50.03,57.03,,44.0,,,,37.55,53.23,,37.55,53.23,53.23,73.57,53.23,40.11,40.11,,,,,24.8,35.11,35.11,35.11,35.11,35.11,59.77,48.05,57.09,57.03,35.11,35.11,35.11,35.11,50.03,57.03,,,,,,
2019-08-10 14:00:00+02:00,,35.91,,-28.17,52.07,8.9,,50.01,,-49.62,-26.88,34.91,40.12,47.51,40.12,7.2,32.36,,61.42,38.1,50.01,,31.79,,,,38.1,46.0,,38.1,46.0,46.0,71.0,46.0,40.12,40.12,,,,,19.0,34.91,34.91,34.91,34.91,34.91,53.95,47.51,50.06,57.04,34.91,34.91,34.91,34.91,38.1,50.01,,,,,,
2019-08-10 15:00:00+02:00,,35.92,,-20.1,69.54,8.9,,51.0,,-44.98,-33.54,34.82,40.11,46.13,40.11,4.18,26.9,,58.5,42.19,55.06,,27.7,,,,38.29,39.98,,38.29,39.98,39.98,73.57,39.98,40.11,40.11,,,,,15.0,34.82,34.82,34.82,34.82,34.82,53.87,46.13,55.12,57.06,34.82,34.82,34.82,34.82,42.19,51.0,,,,,,
2019-08-10 16:00:00+02:00,,34.95,,-5.01,74.84,11.56,,57.0,,-19.22,-19.22,34.96,39.67,44.89,39.67,5.63,25.32,,55.98,39.46,62.78,,26.06,,,,39.46,45.98,,39.46,45.98,45.98,73.57,45.98,39.67,39.67,,,,,24.68,34.96,34.96,34.96,34.96,34.96,54.26,44.89,62.85,57.03,34.96,34.96,34.96,34.96,39.46,57.0,,,,,,
2019-08-10 17:00:00+02:00,,33.04,,0.33,69.59,13.06,,50.99,,-0.02,-0.02,35.32,40.2,44.23,40.2,4.35,30.2,,59.01,45.0,62.78,,31.09,,,,45.0,62.06,,45.0,62.06,62.06,69.91,62.06,40.2,40.2,,,,,29.45,35.32,35.32,35.32,35.32,35.32,52.23,44.23,62.85,57.01,35.32,35.32,35.32,35.32,45.0,50.99,,,,,,
2019-08-10 18:00:00+02:00,,11.88,,11.77,85.81,18.43,,50.99,,10.61,10.61,35.13,42.69,44.13,42.69,10.61,43.47,,59.44,46.99,73.77,,41.65,,,,62.48,62.48,,46.99,62.48,62.48,84.71,62.48,42.69,42.69,,,,,28.5,35.13,35.13,35.13,35.13,35.13,55.04,44.13,73.85,58.67,35.13,35.13,35.13,35.13,46.99,50.99,,,,,,
2019-08-10 19:00:00+02:00,,26.3,,18.47,76.19,22.32,,51.0,,26.3,26.3,34.01,40.02,45.25,40.02,22.2,47.79,,67.0,50.0,68.8,,45.78,,,,74.85,74.85,,50.0,74.85,74.85,115.32,74.85,40.02,40.02,,,,,32.92,34.01,34.01,34.01,34.01,34.01,54.1,45.25,68.87,59.29,34.01,34.01,34.01,34.01,50.0,51.0,,,,,,
2019-08-10 20:00:00+02:00,,27.9,,19.48,86.84,26.49,,29.5,,27.9,27.9,34.0,34.0,49.0,34.0,23.48,48.0,,67.0,90.06,95.09,,45.98,,,,75.07,75.07,,50.02,75.07,75.07,115.32,75.07,34.0,34.0,,,,,35.12,34.0,34.0,34.0,34.0,34.0,57.34,49.0,95.19,70.45,34.0,34.0,34.0,34.0,50.02,29.5,,,,,,
2019-08-10 21:00:00+02:00,,29.09,,26.38,69.58,26.46,,32.5,,29.09,29.09,32.43,32.43,51.0,32.43,27.67,47.11,,65.0,59.25,83.0,,45.13,,,,74.85,74.85,,50.02,74.85,74.85,115.32,74.85,32.43,32.43,,,,,31.39,32.43,32.43,32.43,32.43,32.43,57.47,51.0,83.09,71.09,32.43,32.43,32.43,32.43,50.02,32.5,,,,,,
2019-08-10 22:00:00+02:00,,31.83,,31.83,69.58,25.88,,26.09,,31.83,31.83,31.83,31.83,50.25,31.83,31.83,53.94,,67.82,47.0,69.55,,50.73,,,,62.48,62.48,,47.0,62.48,62.48,107.71,62.48,31.83,31.83,,,,,31.83,31.83,31.83,31.83,31.83,31.83,58.18,50.25,69.62,60.05,31.83,31.83,31.83,31.83,47.0,26.09,,,,,,
2019-08-10 23:00:00+02:00,,28.95,,30.32,51.76,22.04,,22.19,,28.84,28.84,32.01,32.01,47.42,32.01,29.73,40.35,,59.42,36.9,52.6,,39.59,,,,62.06,62.06,,45.0,62.06,62.06,78.71,62.06,32.01,32.01,,,,,33.07,32.01,32.01,32.01,32.01,32.01,51.73,47.42,52.66,57.0,32.01,32.01,32.01,32.01,36.9,22.19,,,,,,
2019-08-11 00:00:00+02:00,,25.13,,25.77,58.97,24.33,,19.8,,24.96,24.96,28.84,28.84,47.25,28.84,25.45,28.02,,66.3,45.0,52.95,,27.89,,,,75.13,75.38,,45.0,75.38,75.38,75.38,75.38,28.84,28.84,,,,,27.01,28.84,28.84,29.19,31.98,28.84,48.66,47.25,52.97,47.1,28.84,28.84,28.84,28.84,45.0,19.8,,,,,,
2019-08-11 01:00:00+02:00,,18.85,,19.7,45.0,18.42,,14.2,,18.58,18.58,21.14,21.14,45.53,21.14,19.31,22.68,,63.46,42.8,43.8,,24.97,,,,58.02,76.4,,44.29,76.4,76.4,76.4,76.4,21.14,21.14,,,,,21.87,22.59,22.59,29.05,31.67,22.59,48.69,45.53,43.82,35.9,21.14,21.14,21.14,21.14,42.8,14.2,,,,,,
2019-08-11 02:00:00+02:00,,14.69,,15.04,36.83,16.73,,10.6,,14.55,14.55,14.55,14.55,42.48,14.55,14.93,17.22,,59.31,38.89,38.66,,23.87,,,,57.02,75.38,,39.27,75.38,75.38,75.38,75.38,14.55,14.55,,,,,16.6,17.15,17.15,28.05,31.55,17.15,48.6,42.48,38.67,33.15,14.55,14.55,14.55,14.55,38.89,10.6,,,,,,
2019-08-11 03:00:00+02:00,,12.7,,12.7,30.0,15.81,,8.0,,12.7,12.7,12.7,12.7,41.0,12.7,12.7,13.12,,58.3,12.7,33.95,,23.04,,,,56.02,75.07,,37.07,75.07,75.07,75.07,75.07,12.7,12.7,,,,,12.7,13.12,13.12,13.12,31.46,13.12,47.59,41.0,33.96,24.08,12.7,12.7,12.7,12.7,12.7,8.0,,,,,,
2019-08-11 04:00:00+02:00,,13.13,,13.13,22.87,14.72,,10.33,,13.13,13.13,13.13,13.13,40.0,13.13,13.13,13.56,,58.3,13.13,31.83,,23.02,,,,39.02,75.07,,37.15,75.07,75.07,75.07,75.07,13.13,13.13,,,,,13.13,13.56,13.56,13.56,31.33,13.56,47.81,40.0,31.84,23.95,13.13,13.13,13.13,13.13,13.13,10.33,,,,,,
2019-08-11 05:00:00+02:00,,13.62,,13.62,22.88,14.43,,10.61,,13.62,13.62,13.62,13.62,40.0,13.62,13.62,14.07,,53.0,13.62,31.1,,21.0,,,,42.07,74.85,,42.07,74.85,74.85,74.85,74.85,13.62,13.62,,,,,13.62,14.07,14.07,14.07,31.31,14.07,47.74,40.0,31.11,26.08,13.62,13.62,13.62,13.62,13.62,10.61,,,,,,
2019-08-11 06:00:00+02:00,,12.13,,12.57,22.83,14.48,,10.25,,11.94,11.94,14.91,14.91,39.75,14.91,12.43,14.98,,51.08,14.99,34.04,,23.02,,,,41.02,59.5,,41.02,59.5,59.5,59.5,59.5,14.91,14.91,,,,,14.44,14.91,14.91,29.18,31.52,14.91,48.56,39.75,34.05,30.7,14.91,14.91,14.91,14.91,14.99,10.25,,,,,,
2019-08-11 07:00:00+02:00,,9.98,,11.17,23.93,15.02,,9.33,,9.2,9.2,21.19,21.19,38.5,21.19,11.17,21.28,,53.91,38.8,39.51,,24.1,,,,39.54,57.44,,39.54,57.44,57.44,57.44,57.44,21.19,21.19,,,,,20.51,21.19,21.19,29.38,31.56,21.19,48.62,38.5,39.52,34.46,21.19,21.19,21.19,21.19,38.8,9.33,,,,,,
2019-08-11 08:00:00+02:00,,12.78,,14.64,22.52,15.46,,14.13,,11.58,11.58,29.11,29.11,39.77,29.11,14.64,32.11,,45.12,37.16,41.02,,30.23,,,,37.16,57.44,,37.16,57.44,57.44,57.44,57.44,29.11,29.11,,,,,28.17,29.11,29.11,29.93,31.54,29.11,48.53,39.77,41.04,33.96,29.11,29.11,29.11,29.11,37.16,14.13,,,,,,
2019-08-11 09:00:00+02:00,,12.1,,13.49,22.16,14.1,,22.13,,9.48,9.48,31.99,31.99,43.0,31.99,13.51,42.36,,47.19,38.38,41.67,,41.09,,,,38.38,50.3,,38.38,50.3,50.3,50.3,50.3,31.99,31.99,,,,,30.96,31.99,31.99,31.99,31.99,31.99,53.18,43.0,41.69,45.74,31.99,31.99,31.99,31.99,38.38,22.13,,,,,,
2019-08-11 10:00:00+02:00,,15.05,,0.1,22.51,11.72,,45.78,,-0.09,-0.09,33.21,33.21,43.0,33.21,12.97,44.67,,52.19,45.0,45.78,,42.3,,,,45.0,50.0,,45.0,50.0,50.0,50.0,50.0,33.21,33.21,,,,,29.0,33.21,33.21,33.21,33.21,33.21,53.24,43.0,45.8,45.94,33.21,33.21,33.21,33.21,45.0,45.78,,,,,,
2019-08-11 11:00:00+02:00,,23.0,,-10.0,22.53,13.47,,47.57,,-12.01,-12.01,33.25,33.25,44.0,33.25,14.52,47.52,,57.48,45.0,47.57,,45.0,,,,45.0,50.0,,45.0,50.0,50.0,50.0,50.0,33.25,33.25,,,,,28.0,33.25,33.25,33.25,33.25,33.25,52.7,44.0,47.59,47.93,33.25,33.25,33.25,33.25,45.0,47.57,,,,,,
2019-08-11 12:00:00+02:00,,15.09,,-20.0,22.54,15.07,,31.0,,-32.25,-32.25,32.13,32.13,44.7,32.13,18.32,47.52,,57.48,43.53,44.87,,45.0,,,,45.0,50.0,,45.0,50.0,50.0,50.0,50.0,32.13,32.13,,,,,31.1,32.13,32.13,32.13,32.13,32.13,52.74,44.7,44.89,49.79,32.13,32.13,32.13,32.13,43.53,31.0,,,,,,
2019-08-11 13:00:00+02:00,,12.06,,-20.0,25.04,12.87,,15.0,,-35.75,-35.75,31.96,31.96,45.0,31.96,12.19,48.84,,44.99,39.39,41.07,,46.25,,,,45.0,45.0,,45.0,45.0,45.0,45.0,45.0,31.96,31.96,,,,,30.94,31.96,31.96,31.96,31.96,31.96,52.63,45.0,41.09,47.91,31.96,31.96,31.96,31.96,39.39,15.0,,,,,,
2019-08-11 14:00:00+02:00,,9.9,,-0.1,26.16,9.89,,7.61,,-9.98,-9.98,31.62,31.62,43.53,31.62,8.23,44.26,,55.6,39.9,41.78,,41.9,,,,45.0,45.0,,45.0,45.0,45.0,45.0,45.0,31.62,31.62,,,,,30.61,31.62,31.62,32.21,32.21,31.62,52.24,43.53,41.8,47.67,31.62,31.62,31.62,31.62,39.9,7.61,,,,,,
2019-08-11 15:00:00+02:00,,3.52,,7.67,34.0,7.28,,5.3,,0.09,0.09,32.47,32.47,40.47,32.47,8.06,45.23,,55.6,45.0,46.4,,42.82,,,,45.0,45.0,,45.0,45.0,45.0,45.0,45.0,32.47,32.47,,,,,31.43,32.47,32.47,32.84,32.84,32.47,53.79,40.47,46.42,46.56,32.47,32.47,32.47,32.47,45.0,5.3,,,,,,
2019-08-11 16:00:00+02:00,,15.39,,17.7,39.81,8.88,,11.1,,14.14,14.14,32.61,32.61,38.45,32.61,17.37,36.04,,57.18,48.0,56.7,,34.96,,,,48.0,54.5,,48.0,54.5,54.5,54.5,54.5,32.61,32.61,,,,,31.0,32.61,32.61,32.61,32.61,32.61,53.23,38.45,56.73,49.81,32.61,32.61,32.61,32.61,48.0,11.1,,,,,,
2019-08-11 17:00:00+02:00,,27.53,,21.21,69.56,24.97,,25.99,,27.53,27.53,34.01,34.01,38.01,34.01,24.29,46.42,,58.5,46.46,57.01,,43.95,,,,46.46,73.15,,46.46,73.15,73.15,73.15,73.15,34.01,34.01,,,,,32.92,34.01,34.01,34.01,34.01,34.01,53.28,38.01,57.03,53.25,34.01,34.01,34.01,34.01,46.46,25.99,,,,,,
2019-08-11 18:00:00+02:00,,36.2,,33.07,69.58,28.68,,34.0,,35.97,35.97,35.97,35.97,38.03,35.97,32.44,45.31,,60.35,55.01,62.97,,42.89,,,,75.38,75.38,,45.0,75.38,75.38,75.38,75.38,35.97,35.97,,,,,34.16,35.97,35.97,35.97,35.97,35.97,58.03,38.03,63.0,54.45,35.97,35.97,35.97,35.97,55.01,34.0,,,,,,
2019-08-11 19:00:00+02:00,,43.04,,37.4,48.6,29.59,,46.0,,42.63,42.63,42.63,37.1,39.75,37.1,36.29,51.82,,59.41,45.15,50.03,,49.06,,,,78.02,78.02,,45.15,78.02,78.02,92.22,78.02,37.1,37.1,,,,,39.37,37.1,37.1,37.1,37.1,37.1,59.84,39.75,50.05,51.39,37.1,37.1,37.1,37.1,45.15,46.0,,,,,,
2019-08-11 20:00:00+02:00,,49.53,,37.05,69.54,29.6,,49.0,,48.71,37.68,37.68,37.68,42.31,37.68,34.56,52.85,,66.5,49.53,57.06,,50.02,,,,80.46,80.46,,49.53,80.46,80.46,113.54,80.46,37.68,37.68,,,,,41.51,37.68,37.68,37.68,37.68,37.68,60.43,42.31,67.51,58.01,37.68,37.68,37.68,37.68,49.53,57.06,,,,,,
2019-08-11 21:00:00+02:00,,49.28,,37.99,64.18,33.42,,49.79,,48.42,37.75,37.75,37.75,48.03,37.75,35.78,52.89,,63.33,50.0,57.01,,51.07,,,,79.99,79.99,,50.0,79.99,79.99,115.32,79.99,37.75,37.75,,,,,41.96,37.75,37.75,37.75,37.75,37.75,61.49,48.03,57.04,57.14,37.75,37.75,37.75,37.75,50.0,49.79,,,,,,
2019-08-11 22:00:00+02:00,,40.0,,40.0,45.1,34.82,,47.75,,40.0,37.59,37.59,37.59,50.9,37.59,40.0,54.2,,60.35,40.0,50.06,,52.55,,,,78.02,78.02,,47.07,78.02,78.02,114.32,78.02,37.59,37.59,,,,,40.0,37.59,37.59,37.59,37.59,37.59,60.81,50.9,50.09,56.05,37.59,37.59,37.59,37.59,40.0,47.75,,,,,,
2019-08-11 23:00:00+02:00,,37.29,,37.29,45.08,33.16,,42.04,,37.29,36.4,36.4,36.4,46.05,36.4,37.29,44.27,,69.82,37.29,42.04,,45.02,,,,76.4,76.4,,41.0,76.4,76.4,97.15,76.4,36.4,36.4,,,,,37.29,36.4,36.4,36.4,36.4,36.4,53.21,46.05,42.06,48.01,36.4,36.4,36.4,36.4,37.29,42.04,,,,,,
2019-08-12 00:00:00+02:00,,28.79,,28.79,34.91,28.81,,31.75,,28.79,28.79,34.32,34.32,42.0,34.32,28.79,45.35,,69.73,28.79,35.03,,43.97,,,,73.43,73.43,,44.0,73.43,73.43,114.32,73.43,34.32,34.32,,,,,28.79,34.32,34.32,34.32,34.32,34.32,56.97,42.0,35.05,40.03,34.32,34.32,34.32,34.32,28.79,31.75,,,,,,
2019-08-12 01:00:00+02:00,,28.62,,25.4,22.96,25.46,,30.52,,28.62,28.62,30.04,30.04,38.0,30.04,27.11,36.28,,73.68,28.62,30.58,,36.9,,,,41.0,73.65,,41.0,73.65,73.65,96.94,73.65,30.04,30.04,,,,,29.07,30.04,30.04,31.5,31.5,30.04,54.64,38.0,30.59,33.59,30.04,30.04,30.04,30.04,28.62,30.52,,,,,,
2019-08-12 02:00:00+02:00,,28.26,,27.02,22.52,24.98,,29.75,,28.1,28.1,28.38,28.38,36.52,28.38,26.71,32.82,,69.68,28.26,29.75,,33.38,,,,39.93,73.43,,39.93,73.43,73.43,78.94,73.43,28.38,28.38,,,,,27.48,28.38,28.38,31.38,31.38,28.38,53.13,36.52,29.77,31.06,28.38,28.38,28.38,28.38,28.26,29.75,,,,,,
2019-08-12 03:00:00+02:00,,27.85,,25.03,22.53,25.32,,29.75,,27.5,27.5,27.5,27.5,36.3,27.5,24.26,32.27,,67.17,27.85,29.75,,32.84,,,,44.94,73.94,,39.93,73.94,73.94,78.94,73.94,27.5,27.5,,,,,26.1,27.5,27.5,31.31,31.31,27.5,52.82,36.3,29.77,30.94,27.5,27.5,27.5,27.5,27.85,29.75,,,,,,
2019-08-12 04:00:00+02:00,,28.75,,22.83,27.14,25.47,,29.2,,28.1,28.1,28.1,28.1,36.1,28.1,21.46,32.27,,65.35,28.75,29.2,,31.67,,,,38.94,73.65,,38.37,73.65,73.65,74.94,73.65,28.1,28.1,,,,,25.5,28.1,28.1,31.29,31.29,28.1,53.11,36.1,29.21,30.02,28.1,28.1,28.1,28.1,28.75,29.2,,,,,,
2019-08-12 05:00:00+02:00,,29.44,,25.31,28.69,26.71,,32.63,,29.14,29.14,32.32,32.32,36.52,32.32,23.91,34.53,,61.64,29.44,32.74,,33.5,,,,38.99,73.43,,38.99,73.43,73.43,90.94,73.43,32.32,32.32,,,,,27.12,32.32,32.32,32.32,32.32,32.32,54.27,36.52,32.76,34.2,32.32,32.32,32.32,32.32,29.44,32.63,,,,,,
2019-08-12 06:00:00+02:00,,39.99,,29.66,48.92,26.91,,38.0,,39.14,39.14,38.2,60.93,38.5,60.93,26.01,43.38,,57.09,44.0,41.67,,42.09,,,,44.0,73.43,,44.0,73.43,73.43,90.94,73.43,60.93,60.93,,,,,34.16,37.01,37.01,38.2,38.2,37.01,61.22,38.5,41.69,45.05,38.2,38.2,38.2,38.2,44.0,38.0,,,,,,
2019-08-12 07:00:00+02:00,,49.01,,33.88,69.56,33.84,,44.0,,46.03,46.03,46.03,65.0,41.3,65.0,31.0,50.28,,59.37,82.18,71.71,,41.54,,,,57.01,73.43,,45.51,73.43,73.43,90.94,73.43,65.0,65.0,,,,,39.02,38.6,38.6,39.13,39.13,38.6,65.31,41.3,71.75,64.52,39.85,39.85,39.85,44.92,82.18,44.0,,,,,,
2019-08-12 08:00:00+02:00,,41.16,,38.03,40.08,35.73,,45.0,,40.52,40.52,40.52,68.25,43.16,68.25,37.45,40.53,,69.8,68.59,69.59,,50.89,,,,65.87,65.87,,46.0,65.87,65.87,96.94,65.87,68.25,68.25,,,,,39.07,38.31,38.31,39.03,39.03,38.31,68.57,43.16,69.63,70.1,39.58,39.58,39.58,39.58,68.59,45.0,,,,,,
2019-08-12 09:00:00+02:00,,38.93,,37.84,41.84,36.63,,43.93,,38.71,38.71,38.71,68.25,45.58,68.25,37.63,51.89,,69.79,69.09,70.09,,69.38,,,,57.44,57.44,,48.0,57.44,57.44,96.94,57.44,68.25,68.25,,,,,38.19,38.28,38.28,38.71,38.71,38.28,70.02,45.58,70.13,75.74,38.71,38.71,38.71,38.71,69.09,43.93,,,,,,
2019-08-12 10:00:00+02:00,,36.7,,36.7,40.83,36.44,,38.5,,36.7,36.7,38.5,68.28,44.89,68.28,36.7,56.52,,69.8,72.34,70.34,,66.38,,,,47.0,47.0,,47.0,47.0,47.0,96.94,47.0,68.28,68.28,,,,,36.7,37.64,37.64,38.5,38.5,37.64,70.01,44.89,70.38,72.59,38.5,38.5,38.5,38.5,72.34,38.5,,,,,,
2019-08-12 11:00:00+02:00,,37.9,,37.9,34.99,37.84,,37.74,,37.9,37.9,38.56,66.35,44.9,66.35,37.9,51.13,,67.97,84.39,74.39,,71.38,,,,45.0,45.0,,45.0,45.0,45.0,74.94,45.0,66.35,66.35,,,,,37.9,37.63,37.63,38.56,38.56,37.63,71.71,44.9,74.43,75.07,38.56,38.56,38.56,38.56,84.39,37.74,,,,,,
2019-08-12 12:00:00+02:00,,36.18,,36.18,48.6,36.76,,36.82,,36.18,36.18,38.35,67.09,46.0,67.09,36.18,45.3,,67.82,86.03,82.03,,59.94,,,,45.0,45.0,,45.0,45.0,45.0,74.94,45.0,67.09,67.09,,,,,36.18,36.45,36.45,38.35,38.35,36.45,71.82,46.0,82.07,75.91,38.35,38.35,38.35,38.35,86.03,36.82,,,,,,
2019-08-12 13:00:00+02:00,,36.42,,35.49,69.57,35.8,,37.3,,36.23,36.23,38.26,64.64,48.5,64.64,35.31,43.75,,67.18,85.01,77.95,,60.94,,,,46.5,46.5,,46.5,46.5,46.5,74.94,46.5,64.64,64.64,,,,,35.79,36.3,36.3,38.26,38.26,36.3,71.83,48.5,77.99,71.19,38.26,38.26,38.26,38.26,85.01,37.3,,,,,,
2019-08-12 14:00:00+02:00,,37.5,,35.97,69.58,34.1,,37.75,,37.2,37.2,38.11,62.53,47.51,62.53,35.68,37.8,,67.19,77.1,75.1,,50.94,,,,50.0,50.0,,50.0,50.0,50.0,74.94,50.0,62.53,62.53,,,,,36.46,37.13,37.13,38.11,38.11,37.13,70.45,47.51,75.13,71.02,38.11,38.11,38.11,38.11,77.1,37.75,,,,,,
2019-08-12 15:00:00+02:00,,38.25,,34.61,69.58,33.96,,39.0,,37.51,37.51,37.51,62.76,46.57,62.76,33.92,37.08,,67.79,74.1,70.1,,41.12,,,,57.44,57.44,,57.44,57.44,57.44,75.27,57.44,62.76,62.76,,,,,35.77,36.95,36.95,37.51,37.51,36.95,74.15,46.57,70.13,70.26,37.51,37.51,37.51,37.51,74.1,39.0,,,,,,
2019-08-12 16:00:00+02:00,,40.33,,32.36,69.55,33.33,,39.4,,38.71,38.71,38.71,64.66,46.0,64.66,30.85,38.81,,67.83,77.0,76.95,,40.68,,,,60.6,60.6,,60.6,60.6,60.6,68.12,60.6,64.66,64.66,,,,,34.88,37.78,37.78,38.71,38.71,37.78,68.98,46.0,76.98,72.54,38.71,38.71,38.71,38.71,77.0,39.4,,,,,,
2019-08-12 17:00:00+02:00,,45.53,,36.75,69.55,30.65,,43.6,,45.53,45.53,45.53,61.11,46.57,61.11,31.31,45.67,,69.85,70.89,71.89,,47.66,,,,73.65,73.65,,62.31,73.65,73.65,107.3,73.65,61.11,61.11,,,,,44.06,38.64,38.64,38.9,38.9,38.64,69.0,46.57,71.92,74.05,39.63,39.63,39.63,44.44,70.89,43.6,,,,,,
2019-08-12 18:00:00+02:00,,60.54,,45.49,69.55,33.21,,52.6,,60.54,60.54,60.54,60.98,46.28,60.98,36.21,56.56,,67.76,68.6,69.6,,59.02,,,,76.54,76.54,,65.0,76.54,76.54,115.32,76.54,60.98,60.98,,,,,57.99,38.89,38.89,38.89,38.89,38.89,68.59,46.28,69.63,70.29,39.39,39.39,39.39,59.09,68.6,66.19,,,,,,
2019-08-12 19:00:00+02:00,,71.5,,49.63,71.52,35.1,,56.1,,71.5,71.5,71.5,65.02,45.79,65.02,36.16,64.67,,67.76,85.0,83.01,,65.93,,,,76.82,76.82,,58.31,76.82,76.82,115.32,76.82,65.02,65.02,,,,,67.86,38.86,38.86,38.86,38.86,38.86,68.59,45.79,83.05,74.33,38.86,38.86,38.86,65.02,85.0,64.32,,,,,,
2019-08-12 20:00:00+02:00,,63.24,,48.07,76.61,34.07,,54.2,,70.6,70.6,70.6,38.82,47.0,38.82,34.16,63.79,,67.77,110.13,95.1,,65.0,,,,77.99,77.99,,58.31,77.99,77.99,115.32,77.99,38.82,38.82,,,,,66.78,38.78,38.78,38.82,38.82,38.78,69.94,47.0,95.14,78.51,38.82,38.82,38.82,38.82,110.13,95.1,,,,,,
2019-08-12 21:00:00+02:00,,59.1,,45.91,69.55,33.61,,50.34,,65.04,65.04,65.04,38.82,50.1,38.82,34.1,60.4,,67.27,75.53,73.53,,63.05,,,,76.82,76.82,,60.6,76.82,76.82,115.32,76.82,38.82,38.82,,,,,61.96,38.82,38.82,38.82,38.82,38.82,69.88,50.1,73.57,75.03,38.82,38.82,38.82,38.82,75.53,72.52,,,,,,
2019-08-12 22:00:00+02:00,,44.86,,43.46,69.56,36.03,,43.1,,44.86,44.86,44.86,38.33,48.5,38.33,42.59,46.55,,65.28,63.32,64.32,,48.59,,,,73.94,73.94,,50.0,73.94,73.94,115.32,73.94,38.33,38.33,,,,,44.63,38.33,38.33,38.33,38.33,38.33,67.25,48.5,64.35,68.03,38.33,38.33,38.33,38.33,63.32,43.1,,,,,,
2019-08-12 23:00:00+02:00,,36.63,,36.63,55.65,34.81,,33.98,,36.63,36.63,36.63,36.13,43.68,36.13,36.63,40.94,,65.3,49.56,50.56,,42.74,,,,67.0,67.0,,45.23,67.0,67.0,114.32,67.0,36.13,36.13,,,,,36.63,36.13,36.13,36.13,36.13,36.13,67.17,43.68,50.58,53.0,36.13,36.13,36.13,36.13,49.56,33.98,,,,,,
2019-08-13 00:00:00+02:00,,34.97,,33.79,43.94,34.5,,37.9,,34.97,34.97,34.97,34.97,38.45,34.97,33.08,45.86,,66.87,55.0,47.9,,45.82,,,,60.31,60.31,,44.0,60.31,60.31,113.32,60.31,34.97,34.97,,,,,34.8,34.97,34.97,34.97,34.97,34.97,59.02,38.45,47.93,45.62,34.97,34.97,34.97,34.97,55.0,37.9,,,,,,
2019-08-13 01:00:00+02:00,,33.36,,31.9,37.91,30.82,,36.2,,34.01,34.01,34.01,34.01,36.3,34.01,30.62,42.32,,66.5,40.98,40.34,,41.12,,,,60.31,60.31,,40.98,60.31,60.31,94.71,60.31,34.01,34.01,,,,,33.7,34.01,34.01,34.01,34.01,34.01,60.22,36.3,40.37,41.21,34.01,34.01,34.01,34.01,40.98,36.2,,,,,,
2019-08-13 02:00:00+02:00,,33.03,,28.54,30.16,30.88,,35.5,,33.07,33.07,33.07,33.07,35.11,33.07,25.8,37.64,,64.88,38.99,35.5,,36.58,,,,39.94,57.44,,38.99,57.44,57.44,72.0,57.44,33.07,33.07,,,,,32.4,33.07,33.07,33.07,33.07,33.07,60.51,35.94,35.52,35.31,33.07,33.07,33.07,33.07,38.99,35.5,,,,,,
2019-08-13 03:00:00+02:00,,31.51,,27.57,30.06,30.82,,34.51,,33.27,33.27,33.27,33.27,35.0,33.27,24.12,34.47,,63.93,38.08,34.51,,33.49,,,,39.94,49.78,,38.08,49.78,49.78,66.0,49.78,33.27,33.27,,,,,32.43,33.27,33.27,33.27,33.27,33.27,60.24,35.02,34.53,33.88,33.27,33.27,33.27,33.27,38.08,34.51,,,,,,
2019-08-13 04:00:00+02:00,,31.18,,26.67,28.09,30.76,,34.78,,33.19,33.19,33.19,33.19,35.0,33.19,22.73,33.4,,61.62,35.9,34.78,,32.45,,,,38.94,51.44,,35.9,51.44,51.44,51.44,51.44,33.19,33.19,,,,,32.24,33.19,33.19,33.19,33.19,33.19,60.51,35.0,34.8,34.07,33.19,33.19,33.19,33.19,35.9,34.78,,,,,,
2019-08-13 05:00:00+02:00,,35.31,,31.03,32.01,30.87,,36.01,,35.31,35.31,35.31,35.31,35.11,35.31,30.08,33.93,,61.63,38.55,37.53,,32.97,,,,39.94,49.78,,38.55,49.78,49.78,49.78,49.78,35.31,35.31,,,,,32.75,35.31,35.31,35.31,35.31,35.31,56.68,35.11,37.56,36.1,35.31,35.31,35.31,35.31,38.55,37.53,,,,,,
2019-08-13 06:00:00+02:00,,41.08,,36.41,57.82,30.46,,44.41,,43.24,43.24,43.24,61.98,36.97,61.98,32.38,41.1,,61.31,55.0,50.8,,39.93,,,,41.31,41.31,,41.31,41.31,41.31,41.6,41.31,61.98,61.98,,,,,42.16,37.17,37.17,38.09,38.09,37.17,61.88,36.97,52.71,50.63,39.13,39.13,39.13,42.2,55.0,44.41,,,,,,
2019-08-13 07:00:00+02:00,,49.63,,41.86,69.56,33.68,,53.22,,52.96,52.96,52.96,67.07,38.5,67.07,35.09,45.37,,67.09,98.1,76.48,,42.28,,,,43.89,43.89,,43.89,43.89,43.89,72.0,43.89,67.07,67.07,,,,,51.21,37.48,37.48,38.42,38.42,37.48,66.94,38.5,91.03,71.42,39.83,39.83,39.83,52.96,98.1,53.22,,,,,,
2019-08-13 08:00:00+02:00,,49.97,,43.83,66.15,38.19,,47.66,,49.97,49.97,49.97,71.31,42.46,71.31,40.03,47.73,,64.74,100.01,63.9,,50.46,,,,42.0,42.0,,42.0,42.0,42.0,96.94,42.0,71.31,71.31,,,,,48.95,37.92,37.92,38.61,38.61,37.92,71.15,42.46,63.95,75.09,42.85,42.85,42.85,49.97,100.01,47.66,,,,,,
2019-08-13 09:00:00+02:00,,40.85,,40.85,49.28,37.64,,43.52,,40.85,40.85,40.85,72.03,44.26,72.03,40.85,52.28,,62.3,95.0,62.1,,85.0,,,,41.57,41.57,,41.57,41.57,41.57,100.0,41.57,72.03,72.03,,,,,40.85,38.02,38.02,38.66,38.66,38.02,71.85,44.26,62.15,73.0,40.85,40.85,40.85,40.85,95.0,43.52,,,,,,
2019-08-13 10:00:00+02:00,,37.26,,35.1,60.2,36.95,,37.8,,37.26,38.17,38.17,72.29,44.89,72.29,36.06,52.37,,67.13,84.99,60.71,,85.0,,,,41.31,41.31,,41.31,41.31,41.31,75.29,41.31,72.29,72.29,,,,,38.96,37.72,37.72,38.17,38.17,37.72,72.08,44.89,60.76,71.26,38.17,38.17,38.17,38.17,84.99,37.8,,,,,,
2019-08-13 11:00:00+02:00,,34.85,,33.42,45.55,36.39,,36.8,,34.85,37.38,37.38,72.44,46.17,72.44,34.06,46.98,,67.15,96.0,58.81,,96.0,,,,40.66,40.66,,40.66,40.66,40.66,72.0,40.66,72.44,72.44,,,,,36.02,37.17,37.17,37.38,37.38,37.17,72.2,46.17,58.86,73.06,37.38,37.38,37.38,37.38,96.0,36.8,,,,,,
2019-08-13 12:00:00+02:00,,32.1,,32.1,69.54,34.04,,35.13,,32.1,37.88,37.88,72.78,47.49,72.78,32.1,46.36,,61.74,84.99,71.71,,89.99,,,,40.59,40.59,,40.59,40.59,40.59,72.0,40.59,72.78,72.78,,,,,32.1,36.46,36.46,37.88,37.88,36.46,72.52,47.49,71.78,75.95,37.88,37.88,37.88,37.88,84.99,35.13,,,,,,
2019-08-13 13:00:00+02:00,,30.94,,30.94,69.54,29.96,,32.72,,30.94,37.68,37.68,72.71,48.5,72.71,30.94,43.13,,65.1,85.0,73.99,,96.0,,,,40.33,40.33,,40.33,40.33,40.33,66.4,40.33,72.71,72.71,,,,,30.94,36.36,36.36,37.68,37.68,36.36,72.43,48.5,74.06,74.94,37.68,37.68,37.68,37.68,85.0,32.72,,,,,,
2019-08-13 14:00:00+02:00,,29.34,,29.34,69.55,29.24,,31.5,,29.34,36.99,36.99,69.29,48.5,69.29,29.34,39.91,,67.18,84.99,75.0,,70.2,,,,41.63,41.63,,41.63,41.63,41.63,72.0,41.63,69.29,69.29,,,,,29.34,36.28,36.28,36.99,36.99,36.28,69.0,48.5,75.08,74.09,36.99,36.99,36.99,36.99,84.99,31.5,,,,,,
2019-08-13 15:00:00+02:00,,29.78,,29.78,69.55,29.11,,31.8,,29.78,35.28,36.71,69.73,47.25,69.73,29.78,37.36,,67.83,84.99,81.92,,51.6,,,,42.85,42.85,,42.85,42.85,42.85,74.01,42.85,69.73,69.73,,,,,29.78,35.28,35.28,36.71,36.71,35.28,69.41,47.25,82.0,72.03,36.71,36.71,36.71,36.71,84.99,31.8,,,,,,
2019-08-13 16:00:00+02:00,,30.87,,25.89,52.87,30.85,,32.83,,30.87,36.0,36.26,68.23,46.83,68.23,28.11,37.35,,67.81,95.0,84.03,,48.18,,,,45.85,45.85,,45.85,45.85,45.85,75.83,45.85,68.23,68.23,,,,,34.9,36.0,36.0,36.26,36.26,36.0,67.9,46.83,84.12,73.93,36.26,36.26,36.26,36.26,95.0,32.83,,,,,,
2019-08-13 17:00:00+02:00,,35.54,,32.97,69.56,32.16,,37.07,,35.54,35.54,36.46,67.93,46.5,67.93,34.04,39.96,,69.84,95.0,95.19,,51.6,,,,50.0,50.0,,45.21,50.0,50.0,90.94,50.0,67.93,67.93,,,,,37.67,36.46,36.46,36.46,36.46,36.46,67.57,46.5,95.29,72.05,36.46,36.46,36.46,36.46,95.0,37.07,,,,,,
2019-08-13 18:00:00+02:00,,38.53,,36.31,69.57,37.1,,43.9,,38.53,38.53,38.53,66.9,46.0,66.9,34.95,52.84,,70.52,76.27,73.13,,71.0,,,,60.34,60.34,,49.72,60.34,60.34,113.32,60.34,66.9,66.9,,,,,38.17,36.95,36.95,37.6,37.6,36.95,66.53,46.0,73.21,71.09,37.6,37.6,37.6,37.6,76.27,43.9,,,,,,
2019-08-13 19:00:00+02:00,,46.81,,43.53,74.03,37.28,,55.5,,46.81,46.81,46.81,67.87,45.14,67.87,41.54,59.97,,73.88,72.0,73.83,,62.54,,,,73.65,73.65,,50.0,73.65,73.65,114.32,73.65,67.87,67.87,,,,,46.34,37.42,37.42,38.25,38.25,37.42,67.47,45.14,73.91,74.21,38.25,38.25,38.25,45.69,72.0,55.5,,,,,,
2019-08-13 20:00:00+02:00,,49.94,,43.12,82.1,37.11,,52.57,,49.94,49.94,49.94,51.33,46.53,51.33,38.97,61.49,,69.84,95.0,95.19,,64.12,,,,73.94,73.94,,50.0,73.94,73.94,115.32,73.94,51.33,51.33,,,,,48.9,37.4,37.4,38.18,38.18,37.4,65.99,46.53,95.3,83.97,38.18,38.18,38.18,48.74,95.0,52.57,,,,,,
2019-08-13 21:00:00+02:00,,47.92,,45.96,69.55,37.14,,49.0,,47.92,47.92,47.92,46.77,49.01,46.77,44.77,58.26,,69.0,95.88,76.8,,59.3,,,,73.65,73.65,,48.72,73.65,73.65,114.32,73.65,46.77,46.77,,,,,47.6,37.46,37.46,37.93,37.93,37.46,65.06,49.01,76.89,71.23,37.93,37.93,37.93,46.77,95.88,49.0,,,,,,
2019-08-13 22:00:00+02:00,,41.82,,41.82,66.73,38.27,,41.31,,41.82,41.82,41.82,37.16,46.83,37.16,41.82,54.83,,67.84,100.03,71.71,,55.8,,,,55.0,55.0,,44.0,55.0,55.0,114.32,55.0,37.16,37.16,,,,,41.82,37.16,37.16,37.16,37.16,37.16,61.22,46.83,71.8,64.93,37.16,37.16,37.16,37.16,100.03,41.31,,,,,,
2019-08-13 23:00:00+02:00,,36.3,,36.3,47.93,36.09,,36.51,,36.3,36.3,36.3,35.43,43.49,35.43,36.3,43.05,,66.86,55.0,48.08,,42.24,,,,41.07,41.07,,41.07,41.07,41.07,113.32,41.07,35.43,35.43,,,,,36.3,35.43,35.43,35.43,35.43,35.43,57.24,43.49,48.14,50.38,35.43,35.43,35.43,35.43,55.0,36.51,,,,,,
2019-08-14 00:00:00+02:00,,32.39,,32.39,43.01,30.48,,35.0,,32.39,32.39,32.72,32.72,46.56,32.72,32.39,44.32,,67.15,37.28,40.88,,42.18,,,,37.6,37.6,,37.28,37.6,37.6,97.35,37.6,32.72,32.72,,,,,32.39,32.72,32.72,32.72,32.72,32.72,58.6,46.56,40.92,47.55,32.72,32.72,32.72,32.72,37.28,35.0,,,,,,
2019-08-14 01:00:00+02:00,,30.25,,29.72,39.6,27.91,,33.0,,30.45,30.45,30.45,30.45,42.62,30.45,29.23,38.94,,67.1,30.25,35.08,,37.03,,,,37.1,37.1,,37.1,37.1,37.1,72.0,37.1,30.45,30.45,,,,,30.35,30.45,30.45,30.45,30.54,30.45,59.69,42.62,35.12,38.56,30.45,30.45,30.45,30.45,30.25,33.0,,,,,,
2019-08-14 02:00:00+02:00,,28.04,,27.07,37.58,27.53,,32.27,,28.43,28.43,28.43,28.43,39.99,28.43,26.18,36.71,,61.62,28.04,32.27,,34.91,,,,35.37,35.37,,35.37,35.37,35.37,50.42,35.37,28.43,28.43,,,,,28.25,28.43,28.43,28.43,30.52,28.43,59.59,39.99,32.3,34.06,28.43,28.43,28.43,28.43,28.04,32.27,,,,,,
2019-08-14 03:00:00+02:00,,28.07,,27.6,34.52,28.4,,31.6,,28.27,28.27,28.27,28.27,40.36,28.27,27.16,35.75,,60.7,28.07,31.6,,33.98,,,,33.49,33.49,,33.49,33.49,33.49,33.49,33.49,28.27,28.27,,,,,28.18,28.27,28.27,28.27,30.51,28.27,59.59,40.36,31.63,31.94,28.27,28.27,28.27,28.27,28.07,31.6,,,,,,
2019-08-14 04:00:00+02:00,,28.87,,26.87,34.56,27.93,,32.1,,29.68,29.68,29.68,29.68,38.69,29.68,25.03,35.6,,59.3,28.87,32.1,,33.83,,,,33.13,33.13,,33.13,33.13,33.13,33.13,33.13,29.68,29.68,,,,,29.32,29.68,29.68,29.68,30.5,29.68,59.67,38.69,32.13,30.79,29.68,29.68,29.68,29.68,28.87,32.1,,,,,,
2019-08-14 05:00:00+02:00,,29.95,,28.41,32.99,29.38,,33.85,,30.57,30.57,32.64,34.98,42.5,34.98,26.99,36.21,,59.3,29.95,33.85,,34.4,,,,34.79,34.79,,34.79,34.79,34.79,34.79,34.79,34.98,34.98,,,,,30.3,32.64,32.64,32.64,32.64,32.64,57.38,42.5,33.89,36.06,32.64,32.64,32.64,32.64,29.95,33.85,,,,,,
2019-08-14 06:00:00+02:00,,36.92,,32.71,41.68,31.49,,43.0,,38.7,38.7,36.64,61.27,44.54,61.27,28.79,39.26,,58.5,36.92,44.43,,38.18,,,,36.92,36.92,,36.92,36.92,36.92,36.92,36.92,61.27,61.27,,,,,37.93,35.43,35.43,36.64,36.64,35.43,60.81,44.54,44.48,48.72,36.64,36.64,36.64,36.64,36.92,43.0,,,,,,
2019-08-14 07:00:00+02:00,,46.5,,38.55,69.56,33.92,,49.26,,49.42,49.42,49.42,71.37,46.0,71.37,33.33,46.02,,67.17,48.1,77.51,,42.09,,,,37.28,37.28,,37.28,37.28,37.28,37.28,37.28,71.37,71.37,,,,,47.24,36.66,36.66,37.71,37.71,36.66,63.56,46.0,77.59,72.52,37.98,37.98,37.98,48.24,48.1,49.26,,,,,,
2019-08-14 08:00:00+02:00,,44.38,,41.13,76.75,36.38,,49.43,,45.84,45.84,45.84,71.86,47.5,71.86,38.0,46.72,,62.17,44.38,71.72,,50.45,,,,38.0,38.0,,38.0,38.0,38.0,72.0,38.0,71.86,71.86,,,,,45.22,37.05,37.05,37.84,37.84,37.05,65.46,47.5,71.79,69.27,38.84,38.84,38.84,44.74,44.38,49.43,,,,,,
2019-08-14 09:00:00+02:00,,37.77,,37.77,72.87,36.17,,43.67,,37.77,37.77,37.77,70.14,48.35,70.14,37.77,57.27,,67.11,47.01,73.84,,85.11,,,,37.77,37.77,,37.77,37.77,37.77,72.0,37.77,70.14,70.14,,,,,37.77,36.56,36.56,37.77,37.77,36.56,67.75,48.35,73.91,68.01,37.77,37.77,37.77,37.77,47.01,43.67,,,,,,
2019-08-14 10:00:00+02:00,,35.67,,35.67,84.03,35.03,,39.53,,35.67,36.54,36.54,69.44,47.75,69.44,35.67,62.81,,67.85,47.0,73.84,,85.11,,,,37.24,37.24,,37.24,37.24,37.24,66.0,37.24,69.44,69.44,,,,,35.67,36.08,36.08,36.54,36.54,36.08,67.98,47.75,73.91,68.05,36.54,36.54,36.54,36.54,47.0,39.53,,,,,,
2019-08-14 11:00:00+02:00,,34.29,,34.29,76.08,33.45,,39.46,,34.29,35.92,35.92,69.91,47.5,69.91,34.29,59.8,,69.81,47.0,68.07,,73.53,,,,35.71,35.71,,35.71,35.71,35.71,43.38,35.71,69.91,69.91,,,,,34.29,35.43,35.43,35.92,35.92,35.43,68.64,47.5,68.13,69.55,35.92,35.92,35.92,35.92,47.0,39.46,,,,,,
2019-08-14 12:00:00+02:00,,32.02,,32.02,69.58,32.33,,45.3,,32.02,35.06,35.34,69.96,47.75,69.96,32.02,59.61,,67.18,57.01,75.06,,62.15,,,,35.51,35.51,,35.51,35.51,35.51,35.51,35.51,69.96,69.96,,,,,32.02,35.06,35.06,35.34,35.34,35.06,69.1,47.75,75.13,70.04,35.34,35.34,35.34,35.34,57.01,45.3,,,,,,
2019-08-14 13:00:00+02:00,,30.0,,30.0,69.57,32.03,,37.63,,30.0,34.97,35.16,68.75,48.0,68.75,30.0,54.21,,67.76,48.1,74.0,,56.5,,,,35.01,35.01,,35.01,35.01,35.01,35.01,35.01,68.75,68.75,,,,,30.0,34.97,34.97,35.16,35.16,34.97,68.17,48.0,74.07,69.36,35.16,35.16,35.16,35.16,48.1,37.63,,,,,,
2019-08-14 14:00:00+02:00,,31.01,,31.01,69.56,31.12,,35.17,,31.01,34.99,35.01,68.4,47.25,68.4,31.01,45.33,,67.76,47.0,67.49,,46.1,,,,35.51,35.51,,35.51,35.51,35.51,35.51,35.51,68.4,68.4,,,,,31.01,34.99,34.99,35.01,35.01,34.99,65.54,47.25,67.55,68.88,35.01,35.01,35.01,35.01,47.0,35.17,,,,,,
2019-08-14 15:00:00+02:00,,32.32,,32.32,69.54,31.55,,35.64,,32.32,34.91,34.91,66.35,45.83,66.35,32.32,40.14,,67.78,47.0,65.95,,41.0,,,,36.22,36.22,,36.22,36.22,36.22,36.22,36.22,66.35,66.35,,,,,32.32,34.91,34.91,34.91,34.91,34.91,65.7,45.83,66.01,68.89,34.91,34.91,34.91,34.91,47.0,35.64,,,,,,
2019-08-14 16:00:00+02:00,,34.05,,32.66,69.54,30.01,,38.57,,34.05,34.05,34.98,67.38,46.0,67.38,31.74,39.07,,67.82,43.09,62.84,,39.54,,,,37.57,37.57,,37.57,37.57,37.57,37.57,37.57,67.38,67.38,,,,,33.84,34.98,34.98,34.98,34.98,34.98,65.23,46.0,62.89,69.09,34.98,34.98,34.98,34.98,43.09,38.57,,,,,,
2019-08-14 17:00:00+02:00,,38.53,,33.99,69.57,29.32,,41.96,,38.53,38.53,38.53,67.81,46.56,67.81,31.08,42.87,,67.77,43.09,66.13,,40.54,,,,38.33,38.33,,38.33,38.33,38.33,50.42,38.33,67.81,67.81,,,,,37.83,35.93,35.93,37.6,37.6,35.93,64.93,46.56,66.18,69.07,37.6,37.6,37.6,37.6,43.09,41.96,,,,,,
2019-08-14 18:00:00+02:00,,46.42,,39.86,65.01,29.39,,52.0,,49.26,49.26,49.26,69.78,47.01,69.78,33.8,49.76,,67.75,46.42,52.0,,47.04,,,,40.92,40.92,,40.92,40.92,40.92,80.0,40.92,69.78,69.78,,,,,47.87,36.14,36.14,37.85,37.85,36.14,65.34,47.01,52.04,64.34,37.95,37.95,37.95,48.08,46.42,52.0,,,,,,
2019-08-14 19:00:00+02:00,,59.28,,45.64,69.54,32.06,,60.6,,65.18,65.18,65.18,71.31,47.1,71.31,33.03,57.02,,67.75,59.28,60.6,,49.0,,,,45.0,45.0,,45.0,45.0,45.0,79.35,45.0,71.31,71.31,,,,,62.2,36.16,36.16,37.87,37.87,36.16,65.32,47.1,60.65,66.96,37.87,37.87,37.87,63.62,59.28,60.6,,,,,,
2019-08-14 20:00:00+02:00,,61.0,,41.83,84.03,32.1,,64.3,,67.93,67.93,67.93,66.3,47.4,66.3,29.61,51.24,,67.34,61.0,64.3,,41.34,,,,57.44,57.44,,49.95,57.44,57.44,113.32,57.44,66.3,66.3,,,,,52.35,36.19,36.19,37.8,37.8,36.19,65.67,47.4,67.54,81.05,37.8,37.8,37.8,66.3,61.0,64.3,,,,,,
2019-08-14 21:00:00+02:00,,48.79,,40.02,55.21,32.96,,56.93,,52.74,52.74,52.74,51.48,48.26,51.48,31.87,47.63,,66.59,48.79,56.93,,39.0,,,,44.63,44.63,,44.63,44.63,44.63,113.32,44.63,51.48,51.48,,,,,51.0,36.12,36.12,37.64,37.64,36.12,64.86,48.26,56.97,65.03,37.64,37.64,37.64,51.48,48.79,56.93,,,,,,
2019-08-14 22:00:00+02:00,,39.97,,38.91,46.57,32.84,,45.7,,39.97,39.97,39.97,36.91,47.25,36.91,38.22,41.46,,64.74,39.97,47.37,,39.0,,,,40.24,40.24,,39.97,40.24,40.24,110.0,40.24,36.91,36.91,,,,,39.82,35.99,35.99,36.91,36.91,35.99,63.98,47.25,47.41,55.95,36.91,36.91,36.91,36.91,39.97,45.7,,,,,,
2019-08-14 23:00:00+02:00,,35.95,,35.95,42.56,32.06,,38.0,,35.95,35.95,35.95,35.09,45.93,35.09,35.95,38.09,,64.98,37.6,40.01,,35.94,,,,37.6,37.6,,37.6,37.6,37.6,95.42,37.6,35.09,35.09,,,,,35.95,34.93,34.93,35.09,35.09,34.93,62.97,45.93,40.04,46.94,35.09,35.09,35.09,35.09,37.6,38.0,,,,,,
2019-08-15 00:00:00+02:00,,29.15,,29.15,26.28,30.3,,29.38,,29.15,29.15,33.01,33.01,45.9,33.01,29.15,46.7,,66.95,39.1,43.05,,30.67,,,,38.93,50.0,,36.19,50.0,50.0,73.07,50.0,33.01,33.01,,,,,29.15,33.01,33.01,33.01,33.01,33.01,53.3,45.9,58.86,43.35,33.01,33.01,33.01,33.01,39.1,29.38,,,,,,
2019-08-15 01:00:00+02:00,,27.12,,23.79,22.67,27.92,,26.5,,27.12,27.12,31.45,31.45,43.36,31.45,25.64,41.38,,66.6,35.9,34.06,,30.67,,,,51.0,51.0,,35.0,51.0,51.0,71.0,51.0,31.45,31.45,,,,,27.74,31.45,31.45,31.45,31.45,31.45,50.68,43.36,46.37,38.59,31.45,31.45,31.45,31.45,35.9,26.5,,,,,,
2019-08-15 02:00:00+02:00,,26.05,,21.53,21.43,26.23,,25.2,,25.96,27.86,29.34,29.34,40.36,29.34,23.39,33.77,,65.34,33.56,28.07,,25.18,,,,33.56,50.0,,33.56,50.0,50.0,50.0,50.0,29.34,29.34,,,,,28.4,29.34,29.34,29.34,29.34,29.34,51.28,40.36,35.35,29.91,29.34,29.34,29.34,29.34,33.56,25.2,,,,,,
2019-08-15 03:00:00+02:00,,24.76,,19.05,17.9,24.93,,24.17,,24.58,27.81,27.81,27.81,37.36,27.81,21.1,27.9,,73.12,31.4,27.74,,25.53,,,,31.4,46.39,,31.4,46.39,46.39,46.39,46.39,27.81,27.81,,,,,26.81,27.81,27.81,29.25,29.25,27.81,51.62,37.36,28.1,28.08,27.81,27.81,27.81,27.81,31.4,24.17,,,,,,
2019-08-15 04:00:00+02:00,,24.09,,14.83,18.01,23.91,,23.9,,23.18,26.7,26.7,26.7,36.69,26.7,13.59,26.12,,67.18,34.15,26.09,,23.72,,,,34.15,42.72,,34.15,42.72,42.72,42.72,42.72,26.7,26.7,,,,,25.1,26.7,26.7,29.28,29.28,26.7,54.5,36.69,26.1,28.42,26.7,26.7,26.7,26.7,34.15,23.9,,,,,,
2019-08-15 05:00:00+02:00,,24.06,,17.39,20.04,23.84,,25.64,,23.47,29.61,30.58,30.58,36.57,30.58,16.97,22.31,,65.46,37.0,27.74,,22.0,,,,37.0,40.09,,37.0,40.09,40.09,40.09,40.09,30.58,30.58,,,,,21.43,29.61,29.61,30.58,30.58,29.61,50.26,36.57,27.75,33.0,30.58,30.58,30.58,30.58,37.0,25.64,,,,,,
2019-08-15 06:00:00+02:00,,26.63,,18.49,24.71,27.5,,28.5,,26.47,29.95,33.88,57.12,37.0,57.12,19.54,28.02,,61.58,26.63,29.99,,26.8,,,,35.22,35.22,,35.22,35.22,35.22,35.22,35.22,52.84,57.12,,,,,26.9,29.95,29.95,33.88,33.88,29.95,52.68,37.0,30.01,35.96,33.88,33.88,33.88,33.88,26.63,28.5,,,,,,
2019-08-15 07:00:00+02:00,,31.0,,9.0,30.18,27.14,,34.73,,30.68,33.04,35.26,68.42,37.09,68.42,19.27,37.81,,61.56,35.9,37.0,,35.65,,,,34.67,34.67,,34.67,34.67,34.67,34.67,34.67,55.11,68.42,,,,,31.99,33.04,33.04,35.26,35.26,33.04,54.96,37.09,37.02,42.09,35.26,35.26,35.26,35.26,35.9,34.73,,,,,,
2019-08-15 08:00:00+02:00,,34.68,,22.35,29.87,27.54,,34.33,,34.47,34.47,35.91,68.88,39.75,68.88,23.9,36.69,,59.26,46.9,39.01,,38.05,,,,33.62,33.62,,33.62,33.62,33.62,33.62,33.62,56.86,68.88,,,,,35.19,34.47,34.47,35.91,35.91,34.47,56.73,39.75,39.03,40.03,35.91,35.91,35.91,35.91,46.9,34.33,,,,,,
2019-08-15 09:00:00+02:00,,32.35,,18.56,29.11,27.91,,33.17,,32.35,35.03,35.64,68.98,40.38,68.98,25.37,45.33,,57.49,60.01,40.49,,47.01,,,,31.1,31.1,,31.1,31.1,31.1,31.1,31.1,57.62,68.98,,,,,43.47,35.03,35.03,35.64,35.64,35.03,57.52,40.38,40.51,41.99,35.64,35.64,35.64,35.64,60.01,33.17,,,,,,
2019-08-15 10:00:00+02:00,,30.89,,17.32,40.04,26.22,,31.2,,30.89,34.58,35.62,68.47,40.0,68.47,24.1,43.84,,58.54,60.0,45.5,,45.45,,,,30.36,30.36,,30.36,30.36,30.36,30.36,30.36,58.63,68.47,,,,,42.02,34.58,34.58,35.62,35.62,34.58,58.55,40.0,45.51,44.61,35.62,35.62,35.62,35.62,60.0,31.2,,,,,,
2019-08-15 11:00:00+02:00,,31.24,,23.94,38.31,27.53,,29.08,,30.77,34.15,35.57,68.15,40.0,68.15,23.94,40.03,,59.35,58.0,43.97,,41.48,,,,29.62,29.62,,29.62,29.62,29.62,29.62,29.62,58.75,68.15,,,,,35.28,34.15,34.15,35.57,35.57,34.15,58.7,40.0,45.51,45.57,35.57,35.57,35.57,35.57,58.0,29.08,,,,,,
2019-08-15 12:00:00+02:00,,29.93,,24.48,46.05,27.53,,27.59,,29.93,33.18,35.16,69.11,41.5,69.11,27.2,40.12,,59.26,60.05,46.28,,41.57,,,,28.0,28.0,,28.0,28.0,28.0,28.0,28.0,58.8,69.11,,,,,34.28,33.18,33.18,35.16,35.16,33.18,58.78,41.5,46.29,44.11,35.16,35.16,35.16,35.16,60.05,27.59,,,,,,
2019-08-15 13:00:00+02:00,,28.02,,17.88,45.01,27.05,,26.78,,27.68,32.06,35.05,67.18,42.37,67.18,21.26,40.11,,59.16,58.9,46.33,,41.54,,,,21.26,21.26,,21.26,21.26,21.26,21.26,21.26,58.76,67.18,,,,,31.03,32.06,32.06,35.05,35.05,32.06,58.77,42.37,46.33,46.12,35.05,35.05,35.05,35.05,58.9,26.78,,,,,,
2019-08-15 14:00:00+02:00,,27.96,,15.49,45.03,24.74,,25.97,,27.69,30.85,34.67,68.27,41.85,68.27,16.63,40.02,,59.08,58.0,45.44,,41.43,,,,20.0,20.0,,20.0,20.0,20.0,20.0,20.0,57.97,68.27,,,,,27.9,30.85,30.85,34.67,34.67,30.85,58.0,41.85,45.44,45.63,34.67,34.67,34.67,34.67,58.0,25.97,,,,,,
2019-08-15 15:00:00+02:00,,27.03,,16.58,47.56,24.55,,26.09,,27.01,30.92,34.86,58.67,40.49,58.67,18.13,38.95,,58.54,55.1,46.54,,40.3,,,,27.03,27.03,,27.03,27.03,27.03,27.03,27.03,58.67,58.67,,,,,28.3,30.92,30.92,34.86,34.86,30.92,58.73,40.49,46.54,46.22,34.86,34.86,34.86,34.86,55.1,26.09,,,,,,
2019-08-15 16:00:00+02:00,,27.83,,11.77,46.04,24.85,,27.0,,27.01,32.17,34.67,56.96,39.51,56.96,15.47,38.86,,58.54,55.1,48.01,,40.2,,,,30.5,30.5,,30.5,30.5,30.5,30.5,30.5,56.96,56.96,,,,,31.92,32.98,32.98,34.67,34.67,32.98,57.05,39.51,48.01,46.23,34.67,34.67,34.67,34.67,55.1,27.0,,,,,,
2019-08-15 17:00:00+02:00,,33.05,,15.03,38.58,28.39,,32.7,,32.94,32.94,34.8,57.49,38.89,57.49,17.72,43.75,,59.42,60.02,46.33,,45.24,,,,32.0,32.0,,32.0,32.0,32.0,32.0,32.0,57.49,57.49,,,,,35.37,34.24,34.24,34.8,34.8,34.24,57.61,38.89,46.32,46.67,34.8,34.8,34.8,34.8,60.02,32.7,,,,,,
2019-08-15 18:00:00+02:00,,36.28,,28.63,35.82,29.7,,38.07,,36.28,36.28,35.9,59.97,38.8,59.97,23.61,44.91,,59.39,39.0,38.07,,46.42,,,,34.97,34.97,,34.97,34.97,34.97,34.97,34.97,58.89,59.97,,,,,35.76,35.01,35.01,35.9,35.9,35.01,59.03,38.8,40.19,45.01,35.9,35.9,35.9,35.9,39.0,38.07,,,,,,
2019-08-15 19:00:00+02:00,,38.99,,32.74,38.32,29.91,,41.19,,38.99,38.99,38.99,64.93,39.3,64.93,28.61,52.86,,59.37,39.0,41.19,,54.62,,,,57.44,57.44,,36.98,57.44,57.44,68.07,57.44,64.93,64.93,,,,,38.61,35.82,35.82,37.26,37.26,35.82,57.1,39.3,41.67,48.01,37.26,37.26,37.26,38.06,39.0,41.19,,,,,,
2019-08-15 20:00:00+02:00,,39.96,,36.07,47.05,30.08,,41.57,,40.91,40.91,40.91,39.93,41.6,39.93,32.82,58.79,,59.43,48.09,45.88,,59.28,,,,73.65,73.65,,38.99,73.65,73.65,83.12,73.65,39.93,39.93,,,,,40.68,35.68,35.68,37.22,37.22,35.68,55.33,41.6,48.43,55.54,37.22,37.22,37.22,39.93,48.09,41.57,,,,,,
2019-08-15 21:00:00+02:00,,36.15,,36.15,38.64,31.44,,38.07,,36.15,36.15,36.15,36.15,47.75,36.15,36.15,58.13,,59.38,39.0,42.25,,58.59,,,,70.18,73.43,,39.0,73.43,73.43,83.12,73.43,36.15,36.15,,,,,36.15,34.99,34.99,36.15,36.15,34.99,55.35,47.75,42.24,52.05,36.15,36.15,36.15,36.15,39.0,38.07,,,,,,
2019-08-15 22:00:00+02:00,,35.07,,35.07,26.59,33.01,,33.85,,35.07,35.07,35.07,35.07,47.75,35.07,35.07,52.68,,60.99,42.0,40.08,,53.08,,,,61.0,61.0,,37.92,61.0,61.0,82.12,61.0,35.07,35.07,,,,,35.07,33.95,33.95,35.07,35.07,33.95,50.87,47.75,40.07,45.0,35.07,35.07,35.07,35.07,42.0,33.85,,,,,,
2019-08-15 23:00:00+02:00,,33.33,,33.33,22.55,31.05,,30.6,,33.33,33.33,33.33,33.33,44.51,33.33,33.33,44.81,,65.81,37.0,35.6,,42.0,,,,57.44,57.44,,37.0,57.44,57.44,73.07,57.44,33.33,33.33,,,,,33.33,33.33,33.33,33.33,33.33,33.33,49.34,44.51,35.59,42.27,33.33,33.33,33.33,33.33,37.0,30.6,,,,,,
2019-08-16 00:00:00+02:00,,29.83,,29.83,24.27,27.13,,26.12,,29.83,29.83,31.11,31.11,46.0,31.11,29.83,55.51,,64.73,35.0,31.77,,33.15,,,,38.24,57.44,,35.0,57.44,57.44,66.0,57.44,31.11,31.11,,,,,29.83,31.11,31.11,31.11,31.11,31.11,55.08,46.0,31.72,35.26,31.11,31.11,31.11,31.11,35.0,26.12,,,,,,
2019-08-16 01:00:00+02:00,,27.3,,27.3,22.66,25.66,,25.51,,27.3,29.53,29.53,29.53,44.01,29.53,27.3,51.3,,64.47,33.0,26.65,,30.69,,,,37.24,60.0,,33.0,60.0,60.0,60.0,60.0,29.53,29.53,,,,,27.3,29.53,29.53,29.53,30.76,29.53,53.14,44.01,26.61,31.09,29.53,29.53,29.53,29.53,33.0,25.51,,,,,,
2019-08-16 02:00:00+02:00,,26.38,,26.38,22.53,24.63,,24.61,,26.38,28.79,28.79,28.79,44.0,28.79,26.38,38.55,,64.51,26.38,25.41,,23.15,,,,37.24,57.44,,29.96,57.44,57.44,57.44,57.44,28.79,28.79,,,,,26.38,28.79,28.79,28.79,30.61,28.79,52.84,44.0,25.37,27.28,28.79,28.79,28.79,28.79,26.38,24.61,,,,,,
2019-08-16 03:00:00+02:00,,25.7,,25.7,22.51,24.98,,24.2,,25.7,29.01,29.01,29.01,43.6,29.01,25.7,26.84,,61.56,25.7,24.96,,2.0,,,,37.24,50.0,,28.0,50.0,50.0,50.0,50.0,29.01,29.01,,,,,25.7,29.01,29.01,29.01,30.59,29.01,52.86,43.6,24.92,26.0,29.01,29.01,29.01,29.01,25.7,24.2,,,,,,
2019-08-16 04:00:00+02:00,,25.65,,25.65,22.54,25.65,,25.0,,25.65,29.93,29.93,29.93,43.61,29.93,25.65,26.68,,61.57,25.65,26.19,,0.0,,,,37.24,50.0,,28.0,50.0,50.0,50.0,50.0,29.93,29.93,,,,,25.65,29.93,29.93,29.93,30.59,29.93,53.97,43.61,26.14,26.3,29.93,29.93,29.93,29.93,25.65,25.0,,,,,,
2019-08-16 05:00:00+02:00,,28.54,,28.54,27.2,27.59,,26.7,,28.54,28.54,31.99,31.99,44.0,31.99,28.54,29.59,,61.49,29.97,29.44,,0.0,,,,37.24,54.85,,29.97,54.85,54.85,54.85,54.85,31.99,31.99,,,,,28.54,31.99,31.99,31.99,31.99,31.99,55.05,44.0,29.39,29.24,31.99,31.99,31.99,31.99,29.97,26.7,,,,,,
2019-08-16 06:00:00+02:00,,34.88,,33.21,43.21,28.96,,33.6,,34.88,34.88,34.88,54.9,41.64,54.9,32.18,34.08,,58.0,39.0,38.09,,0.0,,,,37.24,49.45,,33.82,49.45,49.45,49.45,49.45,54.9,54.9,,,,,34.68,34.66,34.66,34.88,34.88,34.66,56.82,41.64,38.03,38.66,34.88,34.88,34.88,34.88,39.0,33.6,,,,,,
2019-08-16 07:00:00+02:00,,41.02,,36.58,54.29,29.38,,40.0,,41.02,41.02,41.02,61.11,42.23,61.11,33.75,39.81,,59.31,51.04,52.31,,0.0,,,,37.24,54.94,,33.75,54.94,54.94,54.94,54.94,61.11,61.11,,,,,40.52,35.71,35.71,37.29,37.29,35.71,61.9,42.23,52.22,50.08,37.57,37.57,37.57,40.04,51.04,40.0,,,,,,
2019-08-16 08:00:00+02:00,,43.93,,39.0,56.29,31.21,,41.6,,43.93,43.93,43.93,65.33,43.7,65.33,35.87,42.81,,59.31,55.0,54.0,,30.3,,,,37.24,40.04,,35.87,40.04,40.04,54.0,40.04,65.33,65.33,,,,,43.33,36.87,36.87,37.44,37.44,36.87,66.17,43.7,53.91,55.72,39.95,39.95,39.95,43.93,55.0,41.6,,,,,,
2019-08-16 09:00:00+02:00,,39.95,,37.47,57.08,31.45,,39.7,,39.95,39.95,39.95,66.07,45.04,66.07,35.9,45.0,,61.24,60.06,57.03,,42.36,,,,37.24,38.38,,35.9,38.38,38.38,66.0,38.38,66.07,66.07,,,,,39.65,36.19,36.19,37.46,37.46,36.19,66.91,45.04,56.94,56.06,39.95,39.95,39.95,39.95,60.06,39.7,,,,,,
2019-08-16 10:00:00+02:00,,36.91,,35.47,59.11,31.76,,37.6,,36.91,36.91,36.91,66.52,44.94,66.52,34.56,50.44,,61.3,60.1,56.07,,47.49,,,,37.24,37.47,,35.0,37.47,37.47,52.48,37.47,66.52,66.52,,,,,36.73,35.56,35.56,36.91,36.91,35.56,65.82,44.94,55.98,54.05,36.91,36.91,36.91,36.91,60.1,37.6,,,,,,
2019-08-16 11:00:00+02:00,,34.9,,34.9,57.28,32.04,,36.36,,34.9,35.19,35.76,66.33,46.01,66.33,34.9,44.34,,61.64,60.08,57.0,,42.76,,,,34.9,34.9,,34.9,34.9,34.9,52.48,34.9,66.33,66.33,,,,,34.9,35.19,35.19,35.76,35.76,35.19,67.16,46.01,56.91,53.07,35.76,35.76,35.76,35.76,60.08,36.36,,,,,,
2019-08-16 12:00:00+02:00,,33.06,,33.06,61.39,31.19,,34.9,,33.06,34.15,35.63,66.27,47.02,66.27,33.06,41.39,,65.87,60.08,56.76,,41.88,,,,33.9,33.9,,33.9,33.9,33.9,50.01,33.9,66.27,66.27,,,,,33.06,34.15,34.15,35.63,35.63,34.15,67.09,47.02,56.66,55.03,35.63,35.63,35.63,35.63,60.08,34.9,,,,,,
2019-08-16 13:00:00+02:00,,30.54,,30.54,68.07,29.94,,32.4,,30.54,32.66,35.12,66.23,47.5,66.23,30.54,39.72,,61.64,60.07,57.01,,40.19,,,,33.9,33.9,,33.9,33.9,33.9,33.9,33.9,66.23,66.23,,,,,30.54,32.66,32.66,35.12,35.12,32.66,67.04,47.5,56.91,56.06,35.12,35.12,35.12,35.12,60.07,32.4,,,,,,
2019-08-16 14:00:00+02:00,,28.71,,24.25,68.07,28.94,,31.1,,28.71,33.03,34.46,64.59,46.01,64.59,26.22,36.31,,61.64,60.05,56.07,,36.74,,,,34.22,34.22,,34.22,34.22,34.22,34.22,34.22,64.59,64.59,,,,,31.97,33.03,33.03,34.46,34.46,33.03,65.37,46.01,55.98,55.08,34.46,34.46,34.46,34.46,60.05,31.1,,,,,,
2019-08-16 15:00:00+02:00,,29.9,,29.9,68.0,28.92,,32.2,,29.9,31.75,34.35,65.02,43.52,65.02,29.9,35.22,,59.33,60.05,57.04,,33.97,,,,35.0,35.0,,35.0,35.0,35.0,35.0,35.0,65.02,65.02,,,,,29.9,31.75,31.75,34.35,34.35,31.75,65.8,43.52,56.94,55.51,34.35,34.35,34.35,34.35,60.05,32.2,,,,,,
2019-08-16 16:00:00+02:00,,31.05,,30.99,58.29,28.65,,34.1,,31.04,31.04,34.05,64.91,42.66,64.91,30.97,36.27,,61.27,60.09,57.07,,34.16,,,,36.6,36.6,,36.6,36.6,36.6,36.6,36.6,64.91,64.91,,,,,31.01,33.46,33.46,34.05,34.05,33.46,65.68,42.66,56.97,55.06,34.05,34.05,34.05,34.05,60.09,34.1,,,,,,
2019-08-16 17:00:00+02:00,,37.82,,34.39,60.08,29.07,,37.3,,37.82,37.82,36.64,62.85,42.09,62.85,32.26,41.3,,65.91,60.08,57.03,,38.9,,,,38.0,38.0,,36.31,38.0,38.0,56.01,38.0,62.85,62.85,,,,,37.4,34.65,34.65,36.64,36.64,34.65,63.59,42.09,56.93,55.18,36.64,36.64,36.64,36.64,60.08,37.3,,,,,,
2019-08-16 18:00:00+02:00,,46.97,,37.6,50.03,29.76,,45.0,,46.97,46.97,46.97,62.11,42.23,62.11,31.79,47.82,,62.37,52.0,45.08,,45.05,,,,41.51,41.51,,38.3,41.51,41.51,75.31,41.51,62.11,62.11,,,,,45.84,34.91,34.91,37.49,37.49,34.91,62.84,42.23,45.0,45.33,37.91,37.91,37.91,45.84,52.0,45.0,,,,,,
2019-08-16 19:00:00+02:00,,53.07,,41.63,59.02,30.08,,50.95,,57.91,57.91,57.91,59.53,42.67,59.53,31.47,55.61,,65.99,53.99,51.06,,52.38,,,,73.43,73.43,,41.91,73.43,73.43,113.32,73.43,59.53,59.53,,,,,55.94,34.92,34.92,37.41,37.41,34.92,63.21,42.67,50.98,51.95,37.41,37.41,37.41,56.52,53.99,50.95,,,,,,
2019-08-16 20:00:00+02:00,,49.97,,39.9,61.41,30.01,,51.46,,52.37,52.37,52.37,39.61,44.53,39.61,32.18,52.01,,62.34,60.01,57.01,,49.0,,,,73.94,73.94,,44.0,73.94,73.94,114.32,73.94,39.61,39.61,,,,,50.76,34.25,34.25,37.13,37.13,34.25,65.03,44.53,59.89,58.05,37.13,37.13,37.13,39.61,60.01,51.46,,,,,,
2019-08-16 21:00:00+02:00,,45.29,,38.4,50.51,29.79,,43.3,,45.29,45.29,45.29,37.13,48.1,37.13,34.13,46.33,,62.33,51.06,48.5,,43.65,,,,73.43,73.43,,41.32,73.43,73.43,113.32,73.43,37.13,37.13,,,,,44.42,34.18,34.18,37.13,37.13,34.18,64.19,48.1,48.41,54.12,37.13,37.13,37.13,37.13,51.06,43.3,,,,,,
2019-08-16 22:00:00+02:00,,36.76,,36.76,47.29,31.66,,36.7,,36.76,36.76,36.76,35.99,47.4,35.99,36.76,46.05,,61.73,57.9,49.01,,43.39,,,,57.44,57.44,,37.0,57.44,57.44,97.57,57.44,35.99,35.99,,,,,36.76,33.82,33.82,35.99,35.99,33.82,59.18,47.4,48.92,45.51,35.99,35.99,35.99,35.99,57.9,36.7,,,,,,
2019-08-16 23:00:00+02:00,,31.19,,31.19,31.35,30.67,,32.4,,31.19,31.19,31.96,31.96,44.98,31.96,31.19,32.52,,59.31,39.0,39.61,,30.65,,,,51.0,51.0,,37.67,51.0,51.0,73.35,51.0,31.96,31.96,,,,,31.19,31.96,31.96,31.96,31.96,31.96,57.15,44.98,39.53,39.99,31.96,31.96,31.96,31.96,39.0,32.4,,,,,,
2019-08-17 00:00:00+02:00,,27.58,,25.39,50.11,28.57,,29.8,,27.58,27.58,32.22,32.22,45.27,32.22,26.45,38.92,,61.58,40.0,42.54,,36.99,,,,37.96,49.96,,37.96,49.96,49.96,69.51,49.96,32.22,32.22,,,,,29.4,32.22,32.22,32.22,32.22,32.22,51.23,45.27,42.47,39.58,32.22,32.22,32.22,32.22,40.0,29.8,,,,,,
2019-08-17 01:00:00+02:00,,27.78,,19.86,47.91,25.83,,27.21,,26.74,26.74,27.39,27.39,45.25,27.39,18.16,23.35,,61.57,34.0,35.58,,22.2,,,,39.93,47.92,,34.0,47.92,47.92,47.92,47.92,27.39,27.39,,,,,22.59,27.39,27.39,27.54,30.52,27.39,51.74,45.25,35.52,30.2,27.39,27.39,27.39,27.39,34.0,27.21,,,,,,
2019-08-17 02:00:00+02:00,,24.19,,14.97,23.17,24.97,,25.36,,22.98,22.98,23.54,23.54,43.64,23.54,13.11,17.64,,63.61,32.84,31.13,,16.76,,,,36.93,47.91,,32.84,47.91,47.91,47.91,47.91,23.54,23.54,,,,,18.13,23.54,23.54,26.0,30.5,23.54,52.4,43.64,31.08,24.07,23.54,23.54,23.54,23.54,32.84,25.36,,,,,,
2019-08-17 03:00:00+02:00,,18.54,,15.76,22.52,22.42,,23.0,,18.17,18.17,18.62,18.62,43.11,18.62,15.21,16.22,,67.05,32.78,26.69,,15.42,,,,32.78,47.91,,32.78,47.91,47.91,47.91,47.91,18.62,18.62,,,,,16.71,18.62,18.62,26.28,29.66,18.62,52.43,43.11,26.64,22.95,18.62,18.62,18.62,18.62,32.78,23.0,,,,,,
2019-08-17 04:00:00+02:00,,12.81,,12.37,22.5,19.04,,18.1,,12.77,12.77,13.91,13.91,42.73,13.91,12.31,12.64,,65.79,32.6,27.8,,12.02,,,,32.6,47.9,,32.6,47.9,47.9,47.9,47.9,13.91,13.91,,,,,13.0,13.91,13.91,27.07,29.45,13.91,52.46,42.73,27.75,22.11,13.91,13.91,13.91,13.91,32.6,18.1,,,,,,
2019-08-17 05:00:00+02:00,,12.21,,11.82,22.52,18.89,,16.3,,12.21,12.21,15.08,15.08,43.05,15.08,12.01,12.16,,61.58,32.88,27.5,,11.57,,,,32.88,47.76,,32.88,47.76,47.76,47.76,47.76,15.08,15.08,,,,,12.51,15.08,15.08,26.03,29.35,15.08,51.55,43.05,27.45,25.08,15.08,15.08,15.08,15.08,32.88,16.3,,,,,,
2019-08-17 06:00:00+02:00,,19.0,,15.3,19.96,20.03,,19.0,,18.51,18.51,25.53,25.53,41.49,25.53,14.56,14.93,,59.25,36.36,37.7,,14.55,,,,34.0,44.8,,34.0,44.8,44.8,44.8,44.8,25.53,25.53,,,,,16.57,25.53,25.53,26.94,29.54,25.53,51.5,41.49,37.63,33.4,25.53,25.53,25.53,25.53,36.36,19.0,,,,,,
2019-08-17 07:00:00+02:00,,14.87,,10.65,42.06,23.47,,22.98,,14.87,14.87,30.55,30.55,38.01,30.55,12.81,13.15,,57.53,55.0,46.38,,12.81,,,,36.03,36.03,,34.0,36.03,36.03,36.03,36.03,30.55,30.55,,,,,17.57,29.78,29.78,30.55,30.55,29.78,54.8,38.01,46.3,47.21,30.55,30.55,30.55,30.55,55.0,22.98,,,,,,
2019-08-17 08:00:00+02:00,,25.13,,25.13,42.06,25.2,,27.37,,25.13,25.13,32.16,58.65,41.25,32.16,25.13,25.96,,61.55,56.0,45.16,,24.69,,,,36.03,36.03,,34.0,36.03,36.03,36.03,36.03,58.65,58.65,,,,,25.13,30.79,30.79,32.16,32.16,30.79,58.69,41.25,45.08,46.07,32.16,32.16,32.16,32.16,56.0,27.37,,,,,,
2019-08-17 09:00:00+02:00,,26.93,,15.63,42.1,25.89,,28.63,,26.93,26.93,33.2,59.83,42.01,33.2,21.24,35.34,,61.54,59.94,50.0,,34.43,,,,33.66,33.66,,33.66,33.66,33.66,44.03,33.66,59.83,59.83,,,,,34.21,33.2,33.2,33.2,33.2,33.2,59.87,42.01,49.91,49.05,33.2,33.2,33.2,33.2,59.94,28.63,,,,,,
2019-08-17 10:00:00+02:00,,26.97,,18.78,48.6,25.5,,33.5,,26.97,26.97,33.32,59.88,41.81,33.32,22.92,41.2,,61.54,56.0,53.54,,40.14,,,,32.99,32.99,,32.99,32.99,32.99,32.99,32.99,59.88,59.88,,,,,32.26,33.32,33.32,33.32,33.32,33.32,59.91,41.81,53.44,46.03,33.32,33.32,33.32,33.32,56.0,34.0,,,,,,
2019-08-17 11:00:00+02:00,,27.26,,27.61,35.31,25.38,,34.0,,26.95,26.95,32.99,41.8,43.57,32.99,26.95,35.05,,61.51,60.0,52.31,,35.0,,,,32.85,32.85,,32.85,32.85,32.85,32.85,32.85,41.8,41.8,,,,,31.94,32.99,32.99,32.99,32.99,32.99,59.4,43.57,52.21,43.1,32.99,32.99,32.99,32.99,60.0,34.0,,,,,,
2019-08-17 12:00:00+02:00,,26.8,,26.8,31.48,24.99,,30.25,,26.8,26.8,31.52,31.52,44.01,31.52,26.8,29.02,,61.61,60.27,53.54,,29.67,,,,32.79,32.79,,32.79,32.79,32.79,32.79,32.79,65.35,65.35,,,,,26.8,31.52,31.52,31.52,31.52,31.52,65.37,44.01,53.44,42.12,31.52,31.52,31.52,31.52,60.27,53.54,,,,,,
2019-08-17 13:00:00+02:00,,26.07,,26.07,27.27,20.84,,23.72,,26.07,26.07,31.27,31.27,44.01,31.27,26.07,26.92,,59.26,57.91,53.21,,27.52,,,,31.5,31.5,,31.5,31.5,31.5,31.5,31.5,63.97,63.97,,,,,26.07,31.27,31.27,31.27,31.27,31.27,63.99,44.01,53.11,41.07,31.27,31.27,31.27,31.27,57.91,53.21,,,,,,
2019-08-17 14:00:00+02:00,,24.07,,24.07,26.37,19.3,,23.15,,24.07,24.07,30.91,30.91,42.2,30.91,24.07,24.76,,59.26,57.96,51.93,,24.13,,,,31.94,31.94,,31.94,31.94,31.94,31.94,31.94,59.34,59.34,,,,,24.07,30.91,30.91,30.91,30.91,30.91,59.35,42.2,51.83,41.08,30.91,30.91,30.91,30.91,57.96,51.93,,,,,,
2019-08-17 15:00:00+02:00,,24.04,,24.04,48.32,19.55,,26.33,,24.04,24.04,30.94,30.94,39.01,30.94,24.04,24.65,,58.5,56.0,51.91,,23.46,,,,32.87,32.87,,32.87,32.87,32.87,32.87,32.87,30.94,30.94,,,,,24.04,30.94,30.94,30.94,30.94,30.94,58.97,39.01,51.81,40.68,30.94,30.94,30.94,30.94,56.0,51.91,,,,,,
2019-08-17 16:00:00+02:00,,22.97,,19.65,49.98,22.37,,33.0,,22.97,22.97,31.19,41.55,37.67,41.55,21.33,24.38,,59.32,56.0,51.97,,23.21,,,,34.0,34.0,,34.0,34.0,34.0,34.0,34.0,41.55,41.55,,,,,25.1,31.19,31.19,31.19,31.19,31.19,58.53,37.67,51.87,43.06,31.19,31.19,31.19,31.19,56.0,51.97,,,,,,
2019-08-17 17:00:00+02:00,,28.95,,24.7,48.37,25.87,,33.0,,28.95,28.95,32.72,32.72,37.0,32.72,26.85,32.7,,59.31,53.07,55.07,,31.12,,,,36.0,36.0,,36.0,36.0,36.0,36.0,36.0,32.72,32.72,,,,,31.67,32.72,32.72,32.72,32.72,32.72,57.51,37.0,54.96,45.65,32.72,32.72,32.72,32.72,53.07,55.07,,,,,,
2019-08-17 18:00:00+02:00,,33.29,,31.49,57.32,28.94,,33.27,,33.29,33.29,33.35,42.0,37.12,42.0,32.39,43.8,,59.33,42.99,60.85,,41.69,,,,43.0,43.0,,42.99,43.0,43.0,73.07,43.0,42.0,42.0,,,,,34.45,33.35,33.35,33.35,33.35,33.35,57.06,37.12,60.73,50.05,33.35,33.35,33.35,33.35,42.99,33.27,,,,,,
2019-08-17 19:00:00+02:00,,35.47,,34.62,49.39,29.74,,35.3,,35.47,35.47,35.41,58.67,38.0,34.62,34.7,49.24,,63.7,45.95,64.06,,46.89,,,,73.43,73.43,,45.14,73.43,73.43,113.32,73.43,58.67,58.67,,,,,35.76,34.62,34.62,34.62,34.62,34.62,58.66,38.0,63.94,55.07,34.62,34.62,34.62,34.62,45.95,35.3,,,,,,
2019-08-17 20:00:00+02:00,,37.95,,37.64,57.32,30.6,,37.3,,37.95,37.95,37.95,59.23,42.0,34.97,37.54,53.17,,67.18,75.07,75.28,,50.62,,,,73.65,73.65,,45.14,73.65,73.65,114.32,73.65,59.23,59.23,,,,,37.95,34.97,34.97,34.97,34.97,34.97,59.2,42.0,75.13,65.57,34.97,34.97,34.97,34.97,75.07,37.3,,,,,,
2019-08-17 21:00:00+02:00,,39.68,,39.19,48.39,32.06,,36.9,,39.68,39.68,39.68,35.27,47.4,35.27,39.44,49.5,,67.49,59.99,62.9,,47.13,,,,73.43,73.43,,45.13,73.43,73.43,113.32,73.43,35.27,35.27,,,,,40.0,35.27,35.27,35.27,35.27,35.27,58.91,47.4,62.78,60.7,35.27,35.27,35.27,35.27,59.99,36.9,,,,,,
2019-08-17 22:00:00+02:00,,36.92,,29.19,47.31,33.12,,35.67,,36.92,36.92,36.92,34.56,45.98,34.56,32.62,50.26,,64.93,44.76,48.5,,47.86,,,,57.52,57.52,,44.76,57.52,57.52,97.57,57.52,34.56,34.56,,,,,42.52,34.56,34.56,34.56,34.56,34.56,51.95,45.98,48.41,47.05,34.56,34.56,34.56,34.56,44.76,35.67,,,,,,
2019-08-17 23:00:00+02:00,,33.29,,31.58,35.05,32.02,,33.1,,33.29,33.29,33.29,33.29,40.19,33.29,32.43,37.2,,59.31,40.98,41.82,,35.43,,,,48.35,48.35,,40.98,48.35,48.35,73.07,48.35,33.29,33.29,,,,,34.39,33.29,33.29,33.29,33.29,33.29,52.4,40.19,41.73,41.02,33.29,33.29,33.29,33.29,40.98,33.1,,,,,,
2019-08-18 00:00:00+02:00,,31.8,,29.21,45.94,29.71,,30.7,,31.8,31.8,31.8,31.8,42.8,31.8,30.6,31.38,,61.46,52.0,47.86,,29.86,,,,41.0,49.95,,41.0,49.95,49.95,51.0,49.95,31.8,31.8,,,,,32.29,31.8,31.8,31.8,31.8,31.8,50.46,42.8,47.82,42.85,31.8,31.8,31.8,31.8,52.0,30.7,,,,,,
2019-08-18 01:00:00+02:00,,28.61,,14.89,24.67,28.47,,26.7,,28.61,28.61,28.61,28.61,36.74,28.61,22.12,22.68,,61.51,40.0,37.37,,22.11,,,,37.0,49.54,,37.0,49.54,49.54,49.54,49.54,28.61,28.61,,,,,31.13,28.61,28.61,30.57,30.57,28.61,48.34,36.74,37.35,34.1,28.61,28.61,28.61,28.61,40.0,26.7,,,,,,
2019-08-18 02:00:00+02:00,,28.73,,15.79,25.64,25.93,,24.57,,28.73,28.73,28.73,28.73,35.27,28.73,22.62,22.13,,61.57,34.0,32.44,,21.06,,,,34.0,47.92,,34.0,47.92,47.92,48.14,47.92,28.73,28.73,,,,,31.1,28.73,28.73,30.55,30.55,28.73,48.96,35.27,32.41,29.0,28.73,28.73,28.73,28.73,34.0,24.57,,,,,,
2019-08-18 03:00:00+02:00,,29.0,,-2.74,22.53,25.48,,24.44,,29.0,29.0,29.0,29.0,34.93,29.0,13.98,14.33,,59.25,32.99,27.86,,13.64,,,,32.99,47.69,,32.99,47.69,47.69,47.69,47.69,29.0,29.0,,,,,34.82,29.0,29.0,30.51,30.51,29.0,47.89,34.93,27.84,24.33,29.0,29.0,29.0,29.0,32.99,24.44,,,,,,
2019-08-18 04:00:00+02:00,,30.56,,11.06,22.54,25.52,,24.17,,28.94,28.94,28.94,28.94,35.02,28.94,11.09,11.37,,60.89,32.59,26.05,,10.82,,,,32.59,36.0,,32.59,36.0,36.0,36.0,36.0,28.94,28.94,,,,,29.9,28.94,28.94,30.38,30.38,28.94,46.09,35.02,26.03,23.01,28.94,28.94,28.94,28.94,32.59,24.17,,,,,,
2019-08-18 05:00:00+02:00,,28.09,,11.03,22.54,25.35,,23.6,,27.8,28.48,28.48,28.48,36.69,28.48,18.56,18.15,,59.15,34.0,25.01,,17.28,,,,34.0,40.4,,34.0,40.4,40.4,40.4,40.4,28.48,28.48,,,,,29.42,28.48,28.48,30.34,30.34,28.48,46.89,36.69,24.99,23.34,28.48,28.48,28.48,28.48,34.0,23.6,,,,,,
2019-08-18 06:00:00+02:00,,28.05,,4.33,39.6,25.01,,24.0,,28.05,31.08,31.08,31.08,36.79,31.08,16.77,17.19,,59.15,33.99,34.05,,16.36,,,,33.99,33.99,,33.99,33.99,33.99,33.99,33.99,31.08,31.08,,,,,32.41,31.08,31.08,31.08,31.08,31.08,35.22,36.79,34.02,27.36,31.08,31.08,31.08,31.08,33.99,24.0,,,,,,
2019-08-18 07:00:00+02:00,,29.72,,-1.47,27.97,25.36,,24.33,,29.72,33.26,33.26,33.26,36.69,33.26,14.91,15.29,,59.25,33.08,40.1,,14.55,,,,32.34,36.0,,32.34,36.0,36.0,36.0,36.0,33.26,33.26,,,,,34.78,33.26,33.26,33.26,33.26,33.26,42.59,36.69,40.07,37.06,33.26,33.26,33.26,33.26,33.08,24.33,,,,,,
2019-08-18 08:00:00+02:00,,29.04,,10.7,28.54,25.93,,26.6,,29.04,33.62,33.62,33.62,38.01,33.62,15.81,28.47,,59.25,32.26,42.46,,27.11,,,,32.26,33.12,,32.26,33.12,33.12,33.12,33.12,33.62,33.62,,,,,34.31,33.62,33.62,33.62,33.62,33.62,48.21,38.01,42.42,42.4,33.62,33.62,33.62,33.62,32.26,26.6,,,,,,
2019-08-18 09:00:00+02:00,,31.11,,20.0,23.99,25.92,,29.1,,31.11,34.27,34.27,34.27,40.0,34.27,25.92,32.21,,65.62,40.0,43.1,,30.67,,,,32.11,32.11,,32.11,32.11,32.11,32.11,32.11,34.27,34.27,,,,,33.17,34.27,34.27,34.27,34.27,34.27,50.4,40.0,43.06,43.76,34.27,34.27,34.27,34.27,40.0,29.1,,,,,,
2019-08-18 10:00:00+02:00,,28.87,,25.4,36.55,22.99,,46.33,,28.87,34.92,34.92,42.48,39.39,34.92,25.4,34.87,,59.25,45.94,46.33,,33.21,,,,32.99,32.99,,32.99,32.99,32.99,32.99,32.99,42.48,42.48,,,,,33.8,34.92,34.92,34.92,34.92,34.92,51.4,39.39,46.29,49.08,34.92,34.92,34.92,34.92,45.94,46.33,,,,,,
2019-08-18 11:00:00+02:00,,28.01,,23.96,39.6,22.99,,43.35,,28.01,34.86,34.86,34.86,40.0,34.86,23.96,34.81,,59.25,52.0,43.35,,33.95,,,,32.78,32.78,,32.78,32.78,32.78,32.78,32.78,53.23,53.23,,,,,33.75,34.86,34.86,34.86,34.86,34.86,53.39,40.0,43.31,50.05,34.86,34.86,34.86,34.86,52.0,43.35,,,,,,
2019-08-18 12:00:00+02:00,,26.66,,21.79,41.08,21.07,,22.55,,26.66,34.33,34.33,34.33,40.63,34.33,24.13,31.21,,58.43,49.5,43.09,,31.95,,,,32.24,32.24,,32.24,32.24,32.24,32.24,32.24,51.39,51.39,,,,,30.24,34.33,34.33,34.33,34.33,34.33,51.53,40.63,43.06,50.03,34.33,34.33,34.33,34.33,49.5,22.55,,,,,,
2019-08-18 13:00:00+02:00,,19.84,,16.13,40.09,17.23,,19.79,,14.06,34.23,34.26,34.26,41.89,34.26,14.06,28.16,,40.15,40.0,40.19,,29.53,,,,31.14,31.14,,31.14,31.14,31.14,31.14,31.14,50.27,50.27,,,,,27.3,34.23,34.23,34.26,34.26,34.23,50.4,41.89,40.16,47.36,34.26,34.26,34.26,34.26,40.0,19.79,,,,,,
2019-08-18 14:00:00+02:00,,9.37,,12.94,42.66,12.01,,33.0,,8.53,34.17,34.57,34.57,41.17,34.57,11.25,22.84,,34.09,40.0,41.67,,23.95,,,,31.15,31.15,,31.15,31.15,31.15,31.15,31.15,50.25,50.25,,,,,22.14,34.17,34.17,34.57,34.57,34.17,50.38,41.17,41.64,45.91,34.57,34.57,34.57,34.57,40.0,33.0,,,,,,
2019-08-18 15:00:00+02:00,,9.07,,10.01,43.66,12.07,,18.9,,8.77,34.03,34.69,34.69,38.01,34.69,9.67,14.3,,42.25,40.0,46.33,,15.0,,,,32.99,32.99,,32.99,32.99,32.99,32.99,32.99,34.69,34.69,,,,,13.87,34.03,34.03,34.69,34.69,34.03,49.59,38.01,46.29,44.94,34.69,34.69,34.69,34.69,40.0,18.9,,,,,,
2019-08-18 16:00:00+02:00,,18.25,,18.25,46.0,15.37,,20.88,,18.25,34.07,35.07,35.07,37.0,35.07,18.25,18.82,,57.28,40.0,48.44,,20.95,,,,34.02,34.02,,34.02,34.02,34.02,34.02,34.02,35.07,35.07,,,,,18.25,34.07,34.07,35.07,35.07,34.07,49.58,37.0,48.4,46.97,35.07,35.07,35.07,35.07,40.0,20.88,,,,,,
2019-08-18 17:00:00+02:00,,26.59,,17.77,48.09,25.65,,24.43,,26.59,34.43,35.54,35.54,36.0,35.54,22.18,34.26,,57.52,40.0,50.03,,33.4,,,,36.0,36.0,,36.0,36.0,36.0,36.0,36.0,35.54,35.54,,,,,33.23,34.43,34.43,35.54,35.54,34.43,49.63,36.0,49.98,49.01,35.54,35.54,35.54,35.54,40.0,24.43,,,,,,
2019-08-18 18:00:00+02:00,,31.58,,26.05,55.06,30.58,,35.0,,31.58,35.27,35.27,35.27,35.59,35.27,28.88,43.8,,59.31,37.0,50.96,,44.85,,,,37.25,37.25,,37.0,37.25,37.25,51.0,37.25,35.27,35.27,,,,,35.82,35.27,35.27,35.27,35.27,35.27,49.62,35.59,50.92,50.88,35.27,35.27,35.27,35.27,37.0,35.0,,,,,,
2019-08-18 19:00:00+02:00,,35.89,,33.42,56.65,33.1,,36.97,,35.89,35.89,35.89,49.52,36.48,35.89,34.66,48.11,,63.52,40.73,56.2,,49.26,,,,40.73,57.44,,40.73,57.44,57.44,93.54,57.44,49.52,49.52,,,,,37.79,35.89,35.89,35.89,35.89,35.89,49.62,36.48,56.15,55.47,35.89,35.89,35.89,35.89,40.73,36.97,,,,,,
2019-08-18 20:00:00+02:00,,36.69,,32.28,61.39,34.0,,38.0,,36.69,36.69,36.69,43.28,37.23,36.69,34.49,50.79,,62.5,76.06,81.64,,52.01,,,,73.65,73.65,,45.0,73.65,73.65,113.32,73.65,43.28,43.28,,,,,40.17,36.69,36.69,36.69,36.69,36.69,51.86,37.23,81.56,65.48,36.69,36.69,36.69,36.69,76.06,53.0,,,,,,
2019-08-18 21:00:00+02:00,,36.96,,34.81,60.01,33.97,,38.77,,36.96,36.96,36.96,36.78,47.26,36.78,35.89,55.86,,61.5,65.1,69.46,,55.77,,,,73.65,73.65,,45.0,73.65,73.65,113.32,73.65,36.78,36.78,,,,,38.68,36.78,36.78,36.78,36.78,36.78,50.36,47.26,69.4,63.42,36.78,36.78,36.78,36.78,65.1,38.77,,,,,,
2019-08-18 22:00:00+02:00,,36.97,,36.97,50.17,33.7,,35.68,,36.97,36.97,36.97,35.83,47.51,35.83,36.97,57.88,,59.31,43.15,51.13,,60.73,,,,47.36,57.44,,43.15,57.44,57.44,97.57,57.44,35.83,35.83,,,,,36.97,35.83,35.83,35.83,35.83,35.83,48.15,47.51,51.08,53.07,35.83,35.83,35.83,35.83,43.15,35.68,,,,,,
2019-08-18 23:00:00+02:00,,33.81,,33.81,46.69,31.97,,34.0,,33.81,33.81,33.81,33.81,42.0,33.81,33.81,42.59,,58.0,40.0,50.0,,43.63,,,,39.69,42.06,,37.37,42.06,42.06,73.07,42.06,33.81,33.81,,,,,33.81,33.81,33.81,33.81,33.81,33.81,44.7,42.0,49.96,48.95,33.81,33.81,33.81,33.81,40.0,34.0,,,,,,
2019-08-19 00:00:00+02:00,,28.64,,28.64,33.05,28.99,,27.93,,28.64,28.64,29.59,29.59,40.0,29.59,28.64,29.53,,58.53,40.08,37.02,,30.98,,,,40.08,47.85,,40.08,47.85,47.85,47.85,47.85,29.59,29.59,,,,,28.64,29.59,29.59,30.23,30.23,29.59,50.55,40.0,36.98,36.59,29.59,29.59,29.59,29.59,40.08,27.93,,,,,,
2019-08-19 01:00:00+02:00,,27.45,,23.52,30.27,27.93,,26.23,,27.45,27.45,27.45,27.45,35.69,27.45,25.6,26.62,,58.33,27.45,28.31,,27.94,,,,36.0,46.04,,36.0,46.04,46.04,46.04,46.04,27.45,27.45,,,,,27.45,27.45,27.45,29.9,29.9,27.45,49.53,35.69,28.28,30.78,27.45,27.45,27.45,27.45,27.45,26.23,,,,,,
2019-08-19 02:00:00+02:00,,27.05,,23.67,24.17,27.52,,26.13,,26.86,26.86,26.86,26.86,33.93,26.86,24.1,24.67,,58.36,27.05,27.42,,25.88,,,,35.63,46.04,,35.63,46.04,46.04,46.04,46.04,26.86,26.86,,,,,26.0,26.86,26.86,29.69,29.69,26.86,48.51,33.93,27.39,28.45,26.86,26.86,26.86,26.86,27.05,26.13,,,,,,
2019-08-19 03:00:00+02:00,,28.93,,22.07,28.52,27.73,,26.13,,28.16,28.16,28.16,28.16,33.25,28.16,22.14,22.66,,57.39,33.87,26.13,,23.77,,,,33.87,38.98,,33.87,38.98,38.98,38.98,38.98,28.16,28.16,,,,,25.79,28.16,28.16,29.67,29.67,28.16,49.59,33.25,26.11,27.07,28.16,28.16,28.16,28.16,33.87,26.13,,,,,,
2019-08-19 04:00:00+02:00,,27.06,,13.47,40.54,27.78,,26.06,,27.06,27.06,27.06,27.06,33.25,27.06,20.68,21.17,,57.39,27.06,27.0,,22.21,,,,34.19,39.0,,34.19,39.0,39.0,39.0,39.0,27.06,27.06,,,,,27.06,27.06,27.06,29.67,29.67,27.06,49.66,33.25,26.97,28.04,27.06,27.06,27.06,27.06,27.06,26.06,,,,,,
2019-08-19 05:00:00+02:00,,32.38,,26.05,50.12,28.4,,26.35,,31.18,31.18,31.96,31.96,33.75,31.96,24.98,25.56,,58.4,37.0,37.03,,26.83,,,,37.0,38.98,,37.0,38.98,38.98,38.98,38.98,31.96,31.96,,,,,28.1,31.96,31.96,31.96,31.96,31.96,51.74,33.75,50.51,31.12,31.96,31.96,31.96,31.96,37.0,26.35,,,,,,
2019-08-19 06:00:00+02:00,,36.92,,29.31,50.13,33.04,,35.4,,36.08,36.08,36.08,53.45,35.69,53.45,27.46,28.54,,58.98,43.0,44.45,,29.79,,,,43.0,45.01,,43.0,45.01,45.01,45.01,45.01,53.45,53.45,,,,,32.35,34.94,34.94,36.08,36.08,34.94,57.95,35.69,61.29,41.68,36.08,36.08,36.08,36.08,43.0,35.4,,,,,,
2019-08-19 07:00:00+02:00,,43.89,,35.66,61.38,33.15,,43.5,,43.89,43.89,43.89,59.97,39.05,59.97,31.48,41.03,,65.32,44.22,46.15,,39.12,,,,45.02,45.02,,44.22,45.02,45.02,46.0,45.02,59.97,59.97,,,,,42.31,36.29,36.29,38.25,37.0,36.29,60.52,39.05,71.65,51.25,38.25,38.25,38.25,42.84,44.22,43.5,,,,,,
2019-08-19 08:00:00+02:00,,41.87,,41.87,51.98,35.6,,46.3,,41.87,41.87,41.87,60.41,42.01,60.41,41.87,43.16,,61.32,49.5,54.86,,44.21,,,,42.65,42.65,,42.65,42.65,42.65,72.57,42.65,60.41,60.41,,,,,41.87,36.95,36.95,38.64,36.98,36.95,63.91,42.01,88.77,54.83,38.64,38.64,38.64,40.87,49.5,54.86,,,,,,
2019-08-19 09:00:00+02:00,,36.98,,36.98,44.58,38.05,,50.0,,36.98,36.98,36.98,54.84,44.4,54.84,36.98,51.97,,61.0,59.0,56.98,,53.25,,,,40.01,40.01,,40.01,40.01,40.01,49.01,40.01,54.84,54.84,,,,,36.98,35.99,35.99,36.98,36.98,35.99,65.65,44.4,82.43,54.74,36.98,36.98,36.98,36.98,59.0,56.98,,,,,,
2019-08-19 10:00:00+02:00,,35.73,,34.09,44.98,36.47,,51.2,,34.32,34.32,35.71,55.42,45.0,55.42,34.09,50.7,,59.32,59.0,56.98,,51.95,,,,38.92,38.92,,38.92,38.92,38.92,38.92,38.92,55.42,55.42,,,,,34.19,35.32,35.32,35.71,35.71,35.32,64.67,45.0,56.93,54.7,35.71,35.71,35.71,35.71,59.0,56.98,,,,,,
2019-08-19 11:00:00+02:00,,35.99,,31.52,44.99,35.98,,54.9,,32.06,32.06,35.77,59.16,45.51,59.16,32.0,43.03,,63.85,59.0,56.05,,44.1,,,,38.9,38.9,,38.9,38.9,38.9,38.9,38.9,59.16,59.16,,,,,32.06,33.66,33.66,35.77,35.77,33.66,68.21,45.51,56.65,56.96,35.77,35.77,35.77,35.77,59.0,56.05,,,,,,
2019-08-19 12:00:00+02:00,,34.0,,29.39,55.54,33.02,,55.8,,29.9,29.9,35.83,61.8,47.26,61.8,29.9,40.01,,61.42,61.0,56.97,,41.0,,,,38.0,38.0,,38.0,38.0,38.0,38.0,38.0,61.8,61.8,,,,,29.9,32.35,32.35,35.83,35.83,32.35,68.59,47.26,60.66,56.87,35.83,35.83,35.83,35.83,61.0,56.97,,,,,,
2019-08-19 13:00:00+02:00,,33.9,,27.21,53.01,30.46,,53.0,,27.9,27.9,35.76,61.48,48.37,61.48,27.9,42.74,,58.53,59.0,60.0,,43.79,,,,38.9,38.9,,38.9,38.9,38.9,38.9,38.9,61.48,61.48,,,,,27.9,32.44,32.44,35.76,35.76,32.44,69.03,48.37,59.96,56.94,35.76,35.76,35.76,35.76,59.0,60.0,,,,,,
2019-08-19 14:00:00+02:00,,33.9,,27.07,53.08,30.02,,49.3,,27.8,27.8,35.55,56.01,47.51,56.01,27.8,37.18,,57.77,59.0,56.69,,37.65,,,,40.01,40.01,,40.01,40.01,40.01,40.01,40.01,56.01,56.01,,,,,27.8,32.35,32.35,35.55,35.55,32.35,65.73,47.51,56.65,57.05,35.55,35.55,35.55,35.55,59.0,56.69,,,,,,
2019-08-19 15:00:00+02:00,,33.09,,27.03,45.51,30.98,,52.2,,27.73,27.73,35.35,54.65,45.41,54.65,27.68,28.57,,57.77,59.0,56.99,,29.73,,,,45.0,45.0,,45.0,45.0,45.0,45.0,45.0,54.65,54.65,,,,,27.73,32.32,32.32,35.35,35.35,32.32,64.75,45.41,56.95,57.54,35.35,35.35,35.35,35.35,59.0,56.99,,,,,,
2019-08-19 16:00:00+02:00,,34.0,,26.57,44.91,31.77,,55.4,,27.28,27.28,34.69,55.03,45.0,55.03,27.28,28.11,,57.77,59.0,58.81,,29.73,,,,46.04,46.04,,46.04,46.04,46.04,46.04,46.04,55.03,55.03,,,,,27.28,33.71,33.71,34.91,34.91,33.71,65.71,45.0,58.76,57.0,34.69,34.69,34.69,34.69,59.0,58.81,,,,,,
2019-08-19 17:00:00+02:00,,33.06,,33.06,56.57,33.94,,36.91,,33.06,33.06,34.85,55.26,43.18,55.26,33.06,36.92,,60.91,49.5,56.95,,35.16,,,,46.71,46.71,,46.71,46.71,46.71,73.35,46.71,55.26,55.26,,,,,33.06,34.85,34.85,34.85,34.85,34.85,64.03,43.18,56.91,60.05,34.85,34.85,34.85,34.85,49.5,50.48,,,,,,
2019-08-19 18:00:00+02:00,,38.0,,38.0,58.15,34.0,,42.58,,38.0,38.0,37.08,58.09,43.07,58.09,38.0,40.3,,65.28,57.61,56.69,,41.3,,,,57.61,57.61,,57.61,57.61,57.61,111.35,57.61,58.09,58.09,,,,,38.0,36.11,36.11,36.11,36.11,36.11,63.91,43.07,56.65,60.09,36.11,36.11,36.11,37.08,57.61,47.55,,,,,,
2019-08-19 19:00:00+02:00,,44.57,,40.32,57.56,38.25,,48.2,,44.57,44.57,44.57,57.98,42.17,57.98,37.76,52.39,,61.79,60.0,60.77,,51.19,,,,67.56,67.56,,60.0,67.56,67.56,114.32,67.56,57.98,57.98,,,,,43.96,36.57,36.57,36.57,36.57,36.57,64.01,42.17,73.77,65.08,36.57,36.57,36.57,43.5,60.0,48.2,,,,,,
2019-08-19 20:00:00+02:00,,52.19,,41.75,53.07,35.88,,51.8,,52.19,52.19,52.19,47.67,42.35,47.67,35.49,52.24,,65.4,61.01,78.44,,51.95,,,,73.43,73.43,,60.3,73.43,73.43,115.32,73.43,47.67,47.67,,,,,50.7,36.54,36.54,36.54,36.54,36.54,68.58,42.35,86.88,75.45,36.54,36.54,36.54,47.67,61.01,69.96,,,,,,
2019-08-19 21:00:00+02:00,,47.95,,40.8,54.1,37.94,,47.3,,47.95,47.95,47.95,36.53,47.02,36.53,36.51,51.42,,59.41,57.0,62.07,,51.95,,,,68.01,68.01,,57.0,68.01,68.01,114.32,68.01,36.53,36.53,,,,,46.81,36.53,36.53,36.53,36.53,36.53,64.39,47.02,62.03,66.31,36.53,36.53,36.53,36.53,57.0,62.07,,,,,,
2019-08-19 22:00:00+02:00,,40.5,,40.5,54.01,38.93,,38.0,,40.5,40.5,40.5,35.84,43.04,35.84,40.5,49.29,,59.36,50.0,57.82,,52.0,,,,60.28,60.28,,50.0,60.28,60.28,113.32,60.28,35.84,35.84,,,,,40.5,35.84,35.84,35.84,35.84,35.84,59.0,43.04,57.78,54.75,35.84,35.84,35.84,35.84,50.0,38.0,,,,,,
2019-08-19 23:00:00+02:00,,34.92,,34.92,45.91,35.83,,34.07,,34.92,34.08,34.08,34.08,39.62,34.08,34.92,35.97,,61.63,49.5,47.08,,44.56,,,,49.0,49.0,,49.0,49.0,49.0,97.57,49.0,34.08,34.08,,,,,34.92,34.08,34.08,34.08,34.08,34.08,55.94,39.62,47.05,45.05,34.08,34.08,34.08,34.08,49.5,34.07,,,,,,
2019-08-20 00:00:00+02:00,,31.38,,31.38,50.12,30.77,,33.5,,31.38,31.38,31.38,31.38,35.58,31.38,31.38,33.29,,61.6,44.9,49.98,,34.12,,,,44.99,44.99,,44.9,44.99,44.99,70.6,44.99,31.38,31.38,,,,,31.38,31.38,31.38,32.62,32.62,31.38,52.93,35.58,49.95,45.83,31.38,31.38,31.38,31.38,44.9,49.98,,,,,,
2019-08-20 01:00:00+02:00,,29.74,,29.74,48.46,29.54,,31.99,,29.74,29.74,29.74,29.74,34.0,29.74,29.74,30.65,,61.44,37.68,43.05,,31.4,,,,44.98,44.98,,37.68,44.98,44.98,45.01,44.98,29.74,29.74,,,,,29.74,29.74,29.74,32.36,32.36,29.74,52.99,34.0,43.03,35.03,29.74,29.74,29.74,29.74,37.68,43.05,,,,,,
2019-08-20 02:00:00+02:00,,29.58,,28.2,44.07,29.31,,31.06,,29.58,29.58,29.58,29.58,33.33,29.58,27.31,30.29,,59.25,29.58,34.65,,29.8,,,,41.24,44.98,,36.0,44.98,44.98,45.0,44.98,29.58,29.58,,,,,29.4,29.58,29.58,32.12,32.12,29.58,53.33,33.33,34.63,31.44,29.58,29.58,29.58,29.58,29.58,34.65,,,,,,
2019-08-20 03:00:00+02:00,,28.67,,25.85,43.34,29.24,,30.76,,28.67,28.67,28.67,28.67,33.0,28.67,24.04,29.17,,45.6,28.67,32.68,,29.8,,,,40.24,44.97,,36.0,44.97,44.97,44.97,44.97,28.67,28.67,,,,,28.31,28.67,28.67,31.84,31.84,28.67,55.45,33.0,32.66,31.1,28.67,28.67,28.67,28.67,28.67,32.68,,,,,,
2019-08-20 04:00:00+02:00,,30.08,,25.5,41.05,29.28,,31.0,,30.08,30.08,30.08,30.08,32.67,30.08,22.56,30.39,,43.0,30.08,34.55,,29.8,,,,40.24,44.97,,36.0,44.97,44.97,44.97,44.97,30.08,30.08,,,,,29.5,30.08,30.08,31.59,31.59,30.08,55.68,32.67,34.53,32.51,30.08,30.08,30.08,30.08,30.08,34.55,,,,,,
2019-08-20 05:00:00+02:00,,32.39,,27.62,48.61,30.09,,34.9,,32.39,32.39,33.33,33.33,33.0,33.33,24.52,32.21,,48.0,32.39,41.01,,31.47,,,,37.5,44.98,,37.5,44.98,44.98,44.98,44.98,33.33,33.33,,,,,31.75,33.33,33.33,33.33,33.33,33.33,53.15,33.0,40.99,36.76,33.33,33.33,33.33,33.33,32.39,41.01,,,,,,
2019-08-20 06:00:00+02:00,,38.59,,29.78,50.11,31.28,,42.99,,38.59,38.59,37.65,51.49,34.02,51.49,24.12,37.88,,57.77,41.43,45.32,,37.01,,,,41.43,44.96,,41.43,44.96,44.96,44.96,44.96,51.49,51.49,,,,,37.16,35.45,35.45,36.98,36.64,35.45,58.73,34.02,58.78,44.15,36.98,36.98,36.98,37.52,41.43,42.99,,,,,,
2019-08-20 07:00:00+02:00,,45.75,,38.28,46.1,33.48,,55.0,,45.75,45.75,45.75,55.02,36.15,55.02,33.47,43.14,,61.29,66.02,56.57,,43.04,,,,44.97,44.97,,41.67,44.97,44.97,45.6,44.97,55.02,55.02,,,,,44.5,35.78,35.78,36.63,36.63,35.78,63.52,36.15,105.71,54.07,36.63,36.63,36.63,44.66,66.02,55.0,,,,,,
2019-08-20 08:00:00+02:00,,48.31,,43.55,61.39,39.48,,56.91,,48.31,48.31,48.31,58.33,40.49,58.33,40.49,44.72,,58.53,57.06,56.91,,46.99,,,,40.49,40.49,,40.49,40.49,40.49,113.32,40.49,58.33,58.33,,,,,47.53,36.34,36.34,37.57,36.89,36.34,65.38,40.49,84.78,58.0,37.57,37.57,37.57,47.15,57.06,56.91,,,,,,
2019-08-20 09:00:00+02:00,,45.13,,42.63,61.36,40.17,,56.7,,45.13,45.13,45.13,55.38,41.02,55.38,41.02,46.09,,58.53,57.1,56.7,,85.11,,,,41.02,41.02,,41.02,41.02,41.02,113.32,41.02,55.38,55.38,,,,,44.73,36.51,36.51,37.57,36.89,36.51,66.74,41.02,56.67,55.74,37.57,37.57,37.57,44.04,57.1,56.7,,,,,,
2019-08-20 10:00:00+02:00,,39.51,,39.51,59.29,41.04,,50.0,,39.51,39.51,39.51,54.52,39.75,54.52,39.51,40.72,,58.53,57.05,52.25,,85.11,,,,39.51,39.51,,39.51,39.51,39.51,97.57,39.51,54.52,54.52,,,,,39.51,36.51,36.51,37.78,36.86,36.51,65.75,39.75,52.23,55.53,37.78,37.78,37.78,38.56,57.05,52.25,,,,,,
2019-08-20 11:00:00+02:00,,38.91,,38.91,46.58,40.51,,51.0,,38.91,38.91,38.91,54.02,41.66,54.02,38.91,40.1,,58.53,70.04,55.0,,81.0,,,,38.91,38.91,,38.91,38.91,38.91,88.6,38.91,54.02,54.02,,,,,38.91,36.48,36.48,37.89,36.81,36.48,66.78,41.66,54.98,55.01,37.89,37.89,37.89,37.98,70.04,55.0,,,,,,
2019-08-20 12:00:00+02:00,,37.93,,37.93,61.37,39.49,,53.94,,37.93,37.93,37.93,55.51,42.73,55.51,37.93,39.09,,57.88,72.1,60.71,,74.03,,,,37.93,37.93,,37.93,37.93,37.93,73.35,37.93,55.51,55.51,,,,,37.93,36.04,36.04,37.82,36.8,36.04,68.07,42.73,60.69,59.04,37.82,37.82,37.82,37.82,72.1,60.71,,,,,,
2019-08-20 13:00:00+02:00,,37.35,,37.35,64.76,37.86,,56.0,,37.35,37.35,37.35,54.93,46.25,54.93,37.35,38.5,,57.1,72.05,57.68,,71.0,,,,37.35,37.35,,37.35,37.35,37.35,73.35,37.35,54.93,54.93,,,,,37.35,36.08,36.08,37.35,36.94,36.08,68.26,46.25,57.66,59.04,37.35,37.35,37.35,37.35,72.05,57.68,,,,,,
2019-08-20 14:00:00+02:00,,37.55,,37.55,69.55,37.16,,51.0,,37.55,37.55,37.55,53.09,46.25,53.09,37.55,38.71,,51.64,72.06,58.81,,45.01,,,,37.55,37.55,,37.55,37.55,37.55,73.35,37.55,53.09,53.09,,,,,37.55,35.84,35.84,37.55,36.8,35.84,65.82,46.25,58.79,59.09,37.55,37.55,37.55,37.55,72.06,58.81,,,,,,
2019-08-20 15:00:00+02:00,,37.98,,37.98,69.54,36.74,,59.0,,37.98,37.98,37.98,53.01,45.05,53.01,37.98,39.15,,49.15,70.1,59.0,,44.64,,,,38.61,38.61,,38.61,38.61,38.61,88.6,38.61,53.01,53.01,,,,,37.98,35.7,35.7,37.53,36.8,35.7,65.77,45.05,58.98,55.81,37.53,37.53,37.53,37.53,70.1,59.0,,,,,,
2019-08-20 16:00:00+02:00,,37.96,,37.33,65.77,35.61,,60.71,,37.82,37.82,37.82,53.07,45.17,53.07,37.19,38.68,,57.41,72.03,60.71,,41.58,,,,43.13,43.13,,43.13,43.13,43.13,113.32,43.13,53.07,53.07,,,,,37.52,35.91,35.91,36.91,36.78,35.91,65.8,45.17,60.69,57.0,36.91,36.91,36.91,36.91,72.03,60.71,,,,,,
2019-08-20 17:00:00+02:00,,44.97,,37.12,61.4,37.34,,64.09,,44.97,44.97,44.97,53.15,44.73,53.15,31.25,44.73,,57.11,80.47,64.09,,45.81,,,,44.97,44.97,,44.97,44.97,44.97,114.32,44.97,53.15,53.15,,,,,44.11,35.77,35.77,37.4,36.78,35.77,65.01,44.73,64.07,60.03,37.4,37.4,37.4,43.89,80.47,64.09,,,,,,
2019-08-20 18:00:00+02:00,,50.05,,43.55,66.49,41.11,,50.01,,50.05,50.05,50.05,54.98,42.73,54.98,38.7,51.23,,61.73,80.8,74.04,,52.79,,,,59.94,59.94,,50.71,59.94,59.94,112.35,59.94,54.98,54.98,,,,,49.34,35.79,35.79,37.27,36.96,35.79,64.36,42.73,74.02,58.15,37.27,37.27,37.27,48.85,80.8,50.01,,,,,,
2019-08-20 19:00:00+02:00,,53.86,,46.18,66.47,41.34,,53.0,,53.86,53.86,53.86,57.07,42.41,57.07,40.48,55.59,,64.51,80.8,75.0,,56.94,,,,63.32,63.32,,53.86,63.32,63.32,114.32,63.32,57.07,57.07,,,,,53.0,35.95,35.95,36.93,36.93,35.95,64.41,42.41,100.88,63.03,36.93,36.93,36.93,52.56,80.8,53.0,,,,,,
2019-08-20 20:00:00+02:00,,54.28,,45.49,66.47,39.77,,54.98,,54.28,54.28,54.28,39.29,42.53,39.29,38.97,54.94,,67.29,57.1,64.02,,56.27,,,,72.16,72.16,,53.52,72.16,72.16,115.32,72.16,39.29,39.29,,,,,53.29,35.87,35.87,36.77,36.77,35.87,65.55,42.53,104.47,70.1,36.77,36.77,36.77,39.29,57.1,54.98,,,,,,
2019-08-20 21:00:00+02:00,,48.94,,43.52,59.1,39.73,,48.75,,48.94,48.94,48.94,36.98,47.1,36.98,39.5,54.5,,61.72,50.1,52.88,,55.82,,,,62.45,62.45,,50.1,62.45,62.45,114.32,62.45,36.98,36.98,,,,,48.35,35.82,35.82,36.98,36.96,35.82,64.31,47.1,62.81,59.51,36.98,36.98,36.98,36.98,50.1,48.75,,,,,,
2019-08-20 22:00:00+02:00,,40.61,,40.61,54.75,38.89,,42.24,,40.61,40.61,40.61,35.96,42.94,35.96,40.61,50.2,,61.37,50.1,47.15,,64.44,,,,53.27,53.27,,44.59,53.27,53.27,113.32,53.27,35.96,35.96,,,,,40.61,35.26,35.26,35.96,35.96,35.26,58.12,42.94,47.14,50.7,35.96,35.96,35.96,35.96,50.1,42.24,,,,,,
2019-08-20 23:00:00+02:00,,35.85,,35.85,48.07,34.51,,35.9,,35.85,35.85,35.85,34.99,38.05,34.99,35.85,39.6,,59.31,44.0,42.5,,42.01,,,,50.0,50.0,,44.0,50.0,50.0,97.57,50.0,34.99,34.99,,,,,35.85,34.62,34.62,34.99,34.99,34.62,55.18,38.05,42.49,46.53,34.99,34.99,34.99,34.99,44.0,35.9,,,,,,
2019-08-21 00:00:00+02:00,,33.07,,33.07,50.11,31.23,,33.01,,33.07,33.07,33.07,33.07,34.36,33.07,33.07,47.03,,58.98,49.1,46.15,,44.78,,,,44.0,45.02,,44.0,45.02,45.02,70.63,45.02,33.07,33.07,,,,,33.07,33.07,33.07,33.07,33.07,33.07,59.39,34.36,46.53,41.92,33.07,33.07,33.07,33.07,49.1,33.01,,,,,,
2019-08-21 01:00:00+02:00,,33.11,,31.19,30.37,29.65,,31.3,,33.11,33.11,33.11,33.11,33.27,33.11,29.96,39.33,,41.14,38.0,40.71,,40.23,,,,38.0,45.02,,38.0,45.02,45.02,45.02,45.02,33.11,33.11,,,,,32.96,33.11,33.11,33.11,33.11,33.11,58.05,33.27,40.72,37.28,33.11,33.11,33.11,33.11,38.0,31.3,,,,,,
2019-08-21 02:00:00+02:00,,32.01,,29.87,28.31,29.19,,30.1,,32.01,32.01,32.01,32.01,32.48,32.01,28.49,32.87,,37.6,32.01,31.72,,32.05,,,,45.01,45.01,,38.0,45.01,45.01,45.01,45.01,32.01,32.01,,,,,31.84,32.01,32.01,32.01,32.01,32.01,56.04,32.48,31.73,34.07,32.01,32.01,32.01,32.01,32.01,30.1,,,,,,
2019-08-21 03:00:00+02:00,,31.23,,25.97,27.05,29.08,,29.7,,31.23,31.23,31.23,31.23,32.0,31.23,22.6,31.8,,30.56,31.23,30.16,,30.27,,,,44.54,45.0,,37.41,45.0,45.0,45.0,45.0,31.23,31.23,,,,,30.8,31.23,31.23,31.23,31.23,31.23,59.83,32.0,30.17,33.01,31.23,31.23,31.23,31.23,31.23,29.7,,,,,,
2019-08-21 04:00:00+02:00,,31.93,,27.02,28.92,29.1,,30.4,,31.93,31.93,31.93,31.93,32.0,31.93,23.86,31.78,,32.0,31.93,31.0,,30.23,,,,44.54,45.0,,37.46,45.0,45.0,45.0,45.0,31.93,31.93,,,,,31.53,31.93,31.93,31.93,31.93,31.93,59.83,32.0,31.01,33.54,31.93,31.93,31.93,31.93,31.93,30.4,,,,,,
2019-08-21 05:00:00+02:00,,34.23,,28.67,35.04,30.31,,33.5,,33.17,33.17,33.97,33.97,33.0,33.97,27.41,31.56,,36.06,38.0,40.04,,30.03,,,,38.0,45.02,,38.0,45.02,45.02,45.02,45.02,33.97,33.97,,,,,30.63,33.81,33.81,33.97,33.97,33.81,59.83,33.0,40.05,38.86,33.97,33.97,33.97,33.97,38.0,33.5,,,,,,
2019-08-21 06:00:00+02:00,,42.0,,34.07,44.04,30.4,,41.25,,42.36,42.36,41.56,60.45,34.0,60.45,28.87,40.26,,59.28,42.0,43.67,,34.0,,,,42.0,42.73,,42.0,42.73,42.73,42.73,42.73,60.45,60.45,,,,,41.42,34.7,34.7,37.42,37.42,34.7,60.98,34.0,43.69,50.12,37.43,37.43,37.43,41.35,42.0,41.25,,,,,,
2019-08-21 07:00:00+02:00,,53.57,,42.66,49.41,33.25,,48.76,,57.0,57.0,57.0,66.2,35.57,66.2,33.09,46.36,,67.14,53.57,48.76,,34.63,,,,45.02,45.02,,39.93,45.02,45.02,45.02,45.02,66.2,66.2,,,,,55.74,34.92,34.92,38.2,38.2,34.92,66.5,35.57,50.78,64.88,38.2,38.2,38.2,57.0,53.57,48.76,,,,,,
2019-08-21 08:00:00+02:00,,56.11,,46.6,47.07,38.44,,48.83,,56.11,56.11,56.11,68.65,40.55,68.65,40.32,53.71,,80.41,56.11,48.83,,44.0,,,,41.0,41.0,,41.0,41.0,41.0,100.0,41.0,68.65,68.65,,,,,55.23,35.47,35.47,39.38,39.38,35.47,68.95,40.55,48.85,61.61,39.38,39.38,39.38,56.11,56.11,48.83,,,,,,
2019-08-21 09:00:00+02:00,,41.95,,41.95,61.37,40.04,,45.25,,41.95,41.95,41.95,68.25,43.0,68.25,41.95,52.52,,80.42,47.98,45.25,,49.93,,,,41.95,41.95,,41.95,41.95,41.95,113.32,41.95,68.25,68.25,,,,,41.95,35.38,35.38,39.08,39.08,35.38,68.97,43.0,60.73,61.32,39.08,39.08,39.08,41.95,47.98,45.25,,,,,,
2019-08-21 10:00:00+02:00,,38.0,,38.0,64.6,37.08,,37.5,,38.0,38.0,38.0,67.7,42.98,67.7,38.0,50.83,,73.04,49.1,50.05,,46.72,,,,38.5,38.5,,38.5,38.5,38.5,96.77,38.5,67.7,67.7,,,,,38.0,35.23,35.23,38.0,38.0,35.23,68.94,42.98,60.73,59.13,38.0,38.0,38.0,38.0,49.1,37.5,,,,,,
2019-08-21 11:00:00+02:00,,36.97,,36.97,67.53,34.71,,36.19,,36.97,37.3,37.3,68.72,44.98,68.72,36.97,40.5,,73.02,53.0,55.07,,40.08,,,,38.0,38.0,,38.0,38.0,38.0,75.31,38.0,68.72,68.72,,,,,36.97,35.08,35.08,37.3,37.3,35.08,71.28,44.98,67.51,59.57,37.3,37.3,37.3,37.3,53.0,36.19,,,,,,
2019-08-21 12:00:00+02:00,,35.72,,35.72,69.55,33.21,,35.82,,35.72,36.6,36.6,70.99,46.5,70.99,35.72,36.95,,67.12,65.3,63.64,,35.1,,,,37.31,37.31,,37.31,37.31,37.31,70.63,37.31,70.99,70.99,,,,,35.72,34.58,34.58,36.6,36.6,34.58,71.27,46.5,73.86,61.98,36.6,36.6,36.6,36.6,65.3,35.82,,,,,,
2019-08-21 13:00:00+02:00,,34.05,,34.05,69.56,32.74,,35.32,,34.05,36.04,36.04,68.3,47.27,68.3,34.05,35.58,,67.11,65.3,65.3,,33.81,,,,37.48,37.48,,37.48,37.48,37.48,70.63,37.48,68.3,68.3,,,,,34.05,34.07,34.07,36.04,36.04,34.07,69.04,47.27,73.86,62.58,36.04,36.04,36.04,36.04,65.3,35.32,,,,,,
2019-08-21 14:00:00+02:00,,34.02,,33.08,69.57,32.33,,35.01,,33.17,35.85,35.85,68.07,47.26,68.07,33.08,34.31,,61.31,65.3,66.21,,32.59,,,,38.0,38.0,,38.0,38.0,38.0,62.99,38.0,68.07,68.07,,,,,33.17,34.22,34.22,35.85,35.85,34.22,68.33,47.26,71.75,62.22,35.85,35.85,35.85,35.85,65.3,35.01,,,,,,
2019-08-21 15:00:00+02:00,,33.72,,32.95,69.57,33.35,,36.01,,33.03,35.69,35.69,68.39,46.25,68.39,32.95,33.95,,61.31,65.3,68.03,,30.0,,,,40.13,40.13,,40.13,40.13,40.13,70.63,40.13,68.39,68.39,,,,,32.99,34.02,34.02,35.69,35.69,34.02,68.64,46.25,71.75,62.81,35.69,35.69,35.69,35.69,65.3,36.01,,,,,,
2019-08-21 16:00:00+02:00,,35.79,,31.83,69.55,35.43,,38.01,,35.79,35.79,35.97,68.37,46.25,68.37,29.19,34.51,,64.55,65.3,74.0,,29.83,,,,41.74,41.74,,41.74,41.74,41.74,80.77,41.74,68.37,68.37,,,,,35.44,34.3,34.3,35.97,35.97,34.3,68.61,46.25,78.32,62.99,35.97,35.97,35.97,35.97,65.3,38.01,,,,,,
2019-08-21 17:00:00+02:00,,40.62,,36.4,69.54,34.79,,41.07,,40.62,40.62,40.62,68.0,46.25,68.0,33.75,37.53,,67.17,65.3,79.04,,35.0,,,,47.5,47.5,,47.5,47.5,47.5,113.32,47.5,68.0,68.0,,,,,40.14,34.83,34.83,37.57,37.57,34.83,68.23,46.25,93.14,65.07,37.57,37.57,37.57,39.64,65.3,41.07,,,,,,
2019-08-21 18:00:00+02:00,,50.04,,42.06,61.39,37.94,,49.2,,50.04,50.04,50.04,66.71,45.01,66.71,36.94,43.4,,73.02,52.95,69.59,,41.81,,,,52.51,57.32,,52.51,57.32,57.32,71.77,57.32,66.71,66.71,,,,,49.26,34.82,34.82,36.98,36.98,34.82,66.93,45.01,73.88,65.58,36.98,36.98,36.98,48.84,52.95,49.2,,,,,,
2019-08-21 19:00:00+02:00,,61.97,,49.5,69.55,39.11,,56.44,,66.75,66.75,66.75,67.7,45.0,68.66,38.46,51.05,,80.61,61.97,65.08,,49.62,,,,68.4,68.4,,58.18,68.4,68.4,114.32,68.4,67.7,67.7,,,,,65.36,34.79,34.79,36.98,36.98,34.79,67.91,45.0,105.85,68.52,36.98,36.98,36.98,65.15,61.97,56.44,,,,,,
2019-08-21 20:00:00+02:00,,68.91,,49.32,69.55,38.45,,59.75,,68.91,68.91,68.91,67.26,45.25,66.29,36.77,50.87,,82.06,68.91,81.99,,51.17,,,,72.11,72.11,,55.95,72.11,72.11,115.32,72.11,67.26,67.26,,,,,67.32,34.72,34.72,36.96,36.96,34.72,73.52,45.25,111.78,74.46,36.96,36.96,36.96,67.26,68.91,59.75,,,,,,
2019-08-21 21:00:00+02:00,,52.9,,44.3,52.1,38.25,,50.21,,52.9,52.9,52.9,51.63,47.5,51.63,38.79,50.89,,64.57,55.13,80.1,,51.17,,,,51.07,62.0,,50.08,62.0,62.0,114.32,62.0,51.63,51.63,,,,,52.21,34.77,34.77,38.71,36.8,34.77,66.43,47.5,84.9,60.92,38.71,38.71,38.71,51.63,55.13,50.21,,,,,,
2019-08-21 22:00:00+02:00,,44.58,,44.58,69.56,38.18,,42.4,,44.58,44.58,44.58,36.57,44.76,36.57,44.58,46.19,,61.39,65.3,90.94,,47.76,,,,46.47,46.47,,44.58,46.47,46.47,86.77,46.47,36.57,36.57,,,,,44.58,34.64,34.64,36.57,36.46,34.64,63.16,44.76,91.05,56.93,36.57,36.57,36.57,36.57,65.3,42.4,,,,,,
2019-08-21 23:00:00+02:00,,37.94,,37.94,44.42,35.05,,36.6,,37.94,37.94,37.94,35.87,41.26,35.87,37.94,39.31,,61.31,49.1,50.07,,40.06,,,,43.7,43.7,,42.5,43.7,43.7,75.3,43.7,35.87,35.87,,,,,37.94,34.09,34.09,35.87,35.87,34.09,57.45,41.26,50.13,46.19,35.87,35.87,35.87,35.87,49.1,36.6,,,,,,
2019-08-22 00:00:00+02:00,,33.26,,33.26,44.5,31.57,,33.34,,33.26,33.26,33.26,33.26,41.81,33.26,33.26,46.19,,67.18,38.96,50.9,,35.41,,,,38.96,49.74,,38.96,49.74,49.74,61.13,49.74,33.26,33.26,,,,,33.26,33.24,33.24,33.26,33.26,33.24,53.17,41.81,50.99,50.1,33.26,33.26,33.26,33.26,38.96,33.34,,,,,,
2019-08-22 01:00:00+02:00,,32.02,,29.86,31.28,30.28,,32.42,,32.02,32.02,32.35,32.35,33.7,32.35,28.19,32.95,,61.41,32.02,38.87,,30.35,,,,36.71,42.25,,36.71,42.25,42.25,45.59,42.25,32.35,32.35,,,,,31.87,32.35,32.35,32.35,32.35,32.35,54.01,33.7,38.94,39.81,32.35,32.35,32.35,32.35,32.02,32.42,,,,,,
2019-08-22 02:00:00+02:00,,30.2,,27.89,29.11,29.02,,30.44,,30.2,30.2,30.94,30.94,32.51,30.94,26.11,31.06,,61.0,30.2,31.08,,29.52,,,,35.96,41.0,,35.96,41.0,41.0,41.0,41.0,30.94,30.94,,,,,30.04,30.94,30.94,31.96,31.96,30.94,53.78,32.54,31.14,33.05,30.94,30.94,30.94,30.94,30.2,30.44,,,,,,
2019-08-22 03:00:00+02:00,,30.03,,25.72,26.25,28.52,,30.1,,30.03,30.21,30.77,30.77,32.09,30.77,22.41,29.65,,59.25,30.03,30.1,,28.0,,,,40.63,40.63,,36.87,40.63,40.63,40.63,40.63,30.77,30.77,,,,,29.79,30.21,30.21,31.91,31.91,30.21,57.88,32.09,30.15,30.78,30.77,30.77,30.77,30.77,30.03,30.1,,,,,,
2019-08-22 04:00:00+02:00,,30.04,,26.74,28.5,28.9,,30.5,,29.41,29.41,32.07,32.07,32.0,32.07,25.92,27.55,,59.25,30.04,30.5,,26.17,,,,40.18,40.18,,36.15,40.18,40.18,40.18,40.18,32.07,32.07,,,,,27.91,29.41,29.41,32.07,32.07,29.41,58.8,32.0,30.56,31.65,32.07,32.07,32.07,32.07,30.04,30.5,,,,,,
2019-08-22 05:00:00+02:00,,30.72,,27.94,31.26,29.0,,32.73,,30.18,30.18,34.37,38.4,32.09,38.4,27.24,29.49,,59.25,30.72,32.73,,28.0,,,,36.16,40.63,,36.16,40.63,40.63,40.63,40.63,38.4,38.4,,,,,28.91,31.93,31.93,34.37,34.37,31.93,58.8,32.09,32.79,36.93,34.37,34.37,34.37,34.37,30.72,32.73,,,,,,
2019-08-22 06:00:00+02:00,,36.64,,32.39,43.81,29.66,,38.53,,36.64,36.64,36.64,65.57,33.7,65.57,29.78,35.01,,67.18,53.5,53.47,,30.35,,,,40.0,44.37,,40.0,44.37,44.37,44.37,44.37,65.57,65.57,,,,,35.94,32.8,32.8,36.64,36.64,32.8,65.54,33.7,53.56,49.69,36.64,36.64,36.64,36.64,53.5,38.53,,,,,,
2019-08-22 07:00:00+02:00,,41.93,,36.97,61.38,32.6,,45.0,,41.93,41.93,41.93,68.63,37.64,68.63,33.96,42.6,,58.53,67.5,64.09,,29.01,,,,41.93,41.93,,41.93,41.93,41.93,49.01,41.93,68.63,68.63,,,,,41.12,34.51,34.51,39.51,36.99,34.51,68.6,37.64,64.21,56.04,39.51,39.51,39.51,41.93,67.5,45.0,,,,,,
2019-08-22 08:00:00+02:00,,40.64,,40.64,61.38,37.96,,45.0,,40.64,40.64,40.64,70.06,40.64,70.06,40.64,50.6,,60.78,67.5,58.77,,41.0,,,,40.64,40.64,,40.64,40.64,40.64,107.03,40.64,70.06,70.06,,,,,40.64,35.56,35.56,39.98,37.74,35.56,70.04,40.64,58.87,51.07,40.2,40.2,40.2,40.64,67.5,45.0,,,,,,
2019-08-22 09:00:00+02:00,,37.9,,37.9,53.02,37.08,,43.3,,37.9,37.9,38.34,70.22,41.51,70.22,37.9,55.56,,59.31,69.5,63.58,,52.68,,,,40.54,40.54,,40.54,40.54,40.54,107.03,40.54,70.22,70.22,,,,,37.9,35.14,35.14,38.34,38.26,35.14,70.21,41.51,63.7,55.58,38.34,38.34,38.34,38.34,69.5,63.58,,,,,,
2019-08-22 10:00:00+02:00,,34.91,,34.91,45.93,35.03,,43.3,,34.91,34.91,36.7,69.95,41.51,69.95,34.91,52.83,,60.78,69.5,60.44,,50.08,,,,40.0,40.0,,40.0,40.0,40.0,94.66,40.0,69.95,69.95,,,,,34.91,33.79,33.79,36.7,36.7,33.79,69.94,41.51,60.55,56.42,36.7,36.7,36.7,36.7,69.5,60.44,,,,,,
2019-08-22 11:00:00+02:00,,33.01,,33.01,44.92,33.82,,43.3,,33.01,33.01,36.59,69.82,42.73,69.82,33.01,42.17,,61.13,69.5,62.38,,39.96,,,,39.39,39.39,,39.39,39.39,39.39,72.13,39.39,69.82,69.82,,,,,33.01,33.01,33.01,36.59,36.59,33.01,69.82,42.73,62.49,58.59,36.59,36.59,36.59,36.59,69.5,62.38,,,,,,
2019-08-22 12:00:00+02:00,,34.0,,31.72,53.1,32.46,,43.3,,32.01,32.01,36.53,69.05,44.0,69.05,32.01,37.44,,67.13,67.5,64.03,,35.41,,,,37.85,37.85,,37.85,37.85,37.85,72.13,37.85,69.05,69.05,,,,,32.01,32.01,32.01,36.53,36.53,32.01,70.53,44.0,64.15,61.01,36.53,36.53,36.53,36.53,67.5,64.03,,,,,,
2019-08-22 13:00:00+02:00,,34.01,,30.03,53.09,31.65,,43.3,,30.53,30.53,36.3,65.4,46.04,65.4,30.53,34.13,,60.81,69.5,64.5,,32.32,,,,38.0,38.0,,38.0,38.0,38.0,63.13,38.0,65.4,65.4,,,,,30.53,30.53,30.53,36.3,36.3,30.53,73.08,46.04,64.62,62.4,36.3,36.3,36.3,36.3,69.5,64.5,,,,,,
2019-08-22 14:00:00+02:00,,32.99,,30.95,53.08,30.5,,43.3,,31.21,31.21,36.11,59.45,45.54,59.45,31.21,34.05,,60.79,67.5,62.17,,31.0,,,,40.0,40.0,,40.0,40.0,40.0,72.13,40.0,59.45,59.45,,,,,31.21,31.21,31.21,36.11,36.11,31.21,70.12,45.54,62.29,62.59,36.11,36.11,36.11,36.11,67.5,62.17,,,,,,
2019-08-22 15:00:00+02:00,,33.0,,30.95,69.54,30.29,,43.3,,31.14,31.14,36.05,67.95,44.96,67.95,30.95,33.06,,59.34,55.73,63.96,,30.29,,,,42.15,42.15,,42.15,42.15,42.15,72.13,42.15,67.95,67.95,,,,,31.14,31.59,31.59,36.05,36.05,31.59,69.49,44.96,64.08,64.43,36.05,36.05,36.05,36.05,55.73,63.96,,,,,,
2019-08-22 16:00:00+02:00,,32.02,,31.93,69.57,29.73,,43.3,,31.94,31.94,36.02,63.94,45.0,63.94,31.93,33.18,,61.14,54.02,68.44,,30.49,,,,42.77,42.77,,42.77,42.77,42.77,89.66,42.77,63.94,63.94,,,,,31.94,32.91,32.91,36.02,36.02,32.91,69.78,45.0,68.57,68.94,36.02,36.02,36.02,36.02,54.02,68.44,,,,,,
2019-08-22 17:00:00+02:00,,36.99,,36.99,69.56,32.7,,43.3,,36.99,36.99,36.69,64.45,45.11,64.45,36.99,38.43,,61.17,53.5,70.58,,36.35,,,,43.5,43.5,,43.5,43.5,43.5,114.32,43.5,64.45,64.45,,,,,36.99,33.82,33.82,36.69,36.69,33.82,68.9,45.11,70.71,71.01,36.69,36.69,36.69,36.69,53.5,70.58,,,,,,
2019-08-22 18:00:00+02:00,,42.47,,42.47,69.57,34.79,,46.0,,42.47,42.47,42.47,63.79,45.01,63.79,42.47,44.14,,61.46,46.69,60.67,,41.73,,,,70.31,70.31,,46.69,70.31,70.31,97.03,70.31,63.79,63.79,,,,,42.47,33.72,33.72,37.6,36.84,33.72,68.59,45.01,60.79,67.7,37.6,37.6,37.6,41.45,46.69,60.67,,,,,,
2019-08-22 19:00:00+02:00,,55.36,,47.72,69.54,35.04,,54.0,,55.36,55.36,55.36,65.67,45.11,65.67,42.08,53.41,,64.66,55.36,60.04,,50.49,,,,70.52,70.52,,55.36,70.52,70.52,115.32,70.52,65.67,65.67,,,,,54.6,33.54,33.54,37.41,36.82,33.54,68.62,45.11,60.16,65.47,37.41,37.41,37.41,54.03,55.36,60.04,,,,,,
2019-08-22 20:00:00+02:00,,51.81,,43.38,54.75,34.94,,54.0,,51.81,51.81,51.81,50.57,45.25,50.57,37.08,52.39,,82.8,53.5,62.95,,49.5,,,,72.32,72.32,,52.93,72.32,72.32,115.32,72.32,50.57,50.57,,,,,51.07,33.34,33.34,37.28,36.8,33.34,69.02,45.25,63.07,75.08,37.28,37.28,37.28,50.57,53.5,62.95,,,,,,
2019-08-22 21:00:00+02:00,,45.41,,41.35,44.3,33.78,,46.6,,45.41,45.41,45.41,39.54,47.04,39.54,38.05,49.7,,79.0,45.41,47.6,,46.95,,,,71.31,71.31,,45.41,71.31,71.31,115.32,71.31,39.54,39.54,,,,,45.4,33.37,33.37,36.86,36.77,33.37,66.22,47.04,47.7,64.87,36.86,36.86,36.86,39.54,45.41,46.6,,,,,,
2019-08-22 22:00:00+02:00,,38.48,,38.48,42.29,33.03,,41.06,,38.48,38.48,38.48,36.49,45.42,36.49,38.48,46.33,,82.1,40.0,41.78,,44.69,,,,46.0,46.0,,40.0,46.0,46.0,114.32,46.0,36.49,36.49,,,,,38.48,33.27,33.27,36.49,36.49,33.27,59.84,45.42,40.58,49.85,36.49,36.49,36.49,36.49,40.0,41.78,,,,,,
2019-08-22 23:00:00+02:00,,33.95,,33.95,26.94,32.48,,35.39,,33.95,33.95,33.95,33.95,43.5,33.95,33.95,40.81,,45.6,34.9,40.0,,38.53,,,,40.63,40.63,,40.0,40.63,40.63,95.13,40.63,33.95,33.95,,,,,33.95,32.86,32.86,33.95,33.95,32.86,55.46,43.5,0.21,42.84,33.95,33.95,33.95,33.95,34.9,40.0,,,,,,
2019-08-23 00:00:00+02:00,,30.28,,30.28,25.38,31.03,,33.09,,30.28,30.28,31.02,31.02,41.09,31.02,30.28,46.57,,59.04,40.0,33.09,,41.0,,,,42.47,42.47,,40.0,42.47,42.47,71.0,42.47,31.02,31.02,,,,,30.28,31.02,31.02,32.56,32.56,31.02,52.1,41.09,33.13,40.08,31.02,31.02,31.02,31.02,40.0,33.09,,,,,,
2019-08-23 01:00:00+02:00,,30.17,,28.9,24.09,28.86,,31.09,,30.17,30.17,30.17,30.17,34.92,30.17,28.12,32.52,,46.62,38.9,31.09,,30.69,,,,38.9,42.47,,38.9,42.47,42.47,66.0,42.47,30.17,30.17,,,,,30.08,30.17,30.17,32.32,32.32,30.17,52.22,34.92,31.13,33.73,30.17,30.17,30.17,30.17,38.9,31.09,,,,,,
2019-08-23 02:00:00+02:00,,30.07,,26.62,23.7,28.91,,30.01,,30.07,30.07,30.07,30.07,35.96,30.07,24.49,33.31,,39.93,30.07,30.01,,29.0,,,,38.16,39.53,,38.16,39.53,39.53,40.04,39.53,30.07,30.07,,,,,29.79,30.07,30.07,32.13,32.13,30.07,52.18,35.96,30.05,32.92,30.07,30.07,30.07,30.07,30.07,30.01,,,,,,
2019-08-23 03:00:00+02:00,,30.03,,24.37,23.92,28.72,,29.1,,30.03,30.03,30.03,30.03,34.0,30.03,20.97,33.29,,39.63,36.4,29.1,,29.0,,,,37.55,37.55,,36.4,37.55,37.55,39.69,37.55,30.03,30.03,,,,,29.62,30.03,30.03,32.09,32.09,30.03,52.97,34.0,25.42,31.9,30.03,30.03,30.03,30.03,36.4,29.1,,,,,,
2019-08-23 04:00:00+02:00,,30.38,,25.44,24.07,28.64,,30.2,,30.38,30.38,30.99,30.99,33.5,30.99,22.46,31.24,,38.95,37.39,30.2,,29.0,,,,37.39,37.39,,37.39,37.39,37.39,37.39,37.39,30.99,30.99,,,,,30.0,30.99,30.99,32.26,32.26,30.99,57.53,33.5,30.24,32.91,30.99,30.99,30.99,30.99,37.39,30.2,,,,,,
2019-08-23 05:00:00+02:00,,32.31,,28.46,28.24,28.9,,33.13,,32.31,32.31,34.06,37.47,35.0,37.47,26.11,33.33,,38.95,38.19,33.13,,29.0,,,,38.19,38.19,,38.19,38.19,38.19,38.19,38.19,37.47,37.47,,,,,32.0,31.85,31.85,34.06,34.06,31.85,54.3,35.0,33.17,34.06,34.06,34.06,34.06,34.06,38.19,33.13,,,,,,
2019-08-23 06:00:00+02:00,,40.0,,31.42,40.02,28.82,,40.43,,40.0,38.75,38.1,58.59,39.66,58.59,28.66,41.08,,47.0,40.0,40.43,,30.79,,,,40.0,40.0,,40.0,40.0,40.0,40.0,40.0,58.59,58.59,,,,,39.47,32.92,32.92,36.39,36.39,32.92,58.89,39.66,40.48,42.94,36.39,36.39,36.39,38.1,40.0,40.43,,,,,,
2019-08-23 07:00:00+02:00,,43.93,,33.78,44.48,32.6,,57.55,,43.93,43.93,43.93,63.44,40.75,63.44,30.5,45.18,,48.59,66.4,57.55,,30.79,,,,40.0,40.0,,40.0,40.0,40.0,52.0,40.0,63.44,63.44,,,,,43.4,33.13,33.13,37.16,37.16,33.13,63.77,40.75,57.62,55.03,37.16,37.16,37.16,42.87,66.4,57.55,,,,,,
2019-08-23 08:00:00+02:00,,41.0,,36.39,44.49,37.39,,52.71,,41.0,41.0,41.0,67.52,42.24,67.52,34.91,42.42,,59.1,61.2,52.71,,41.0,,,,41.0,41.0,,41.0,41.0,41.0,101.0,41.0,67.52,67.52,,,,,40.75,33.68,33.68,37.5,37.5,33.68,67.87,42.24,52.77,51.98,37.5,37.5,37.5,40.02,61.2,52.71,,,,,,
2019-08-23 09:00:00+02:00,,36.68,,36.68,46.47,36.63,,53.0,,36.68,36.68,36.68,68.07,42.01,68.07,36.68,50.65,,59.11,57.08,53.0,,48.99,,,,41.31,41.31,,41.31,41.31,41.31,101.0,41.31,68.07,68.07,,,,,36.68,33.97,33.97,36.68,36.68,33.97,69.18,42.01,53.06,55.13,36.68,36.68,36.68,36.68,57.08,53.0,,,,,,
2019-08-23 10:00:00+02:00,,34.8,,34.8,45.47,35.04,,54.8,,34.8,34.8,35.6,67.29,41.51,67.29,34.8,51.42,,60.78,61.2,56.02,,49.73,,,,41.48,41.48,,41.48,41.48,41.48,95.0,41.48,67.29,67.29,,,,,34.8,33.68,33.68,35.6,35.6,33.68,69.01,41.51,56.08,56.32,35.6,35.6,35.6,35.6,61.2,54.8,,,,,,
2019-08-23 11:00:00+02:00,,34.13,,34.13,43.42,35.25,,56.0,,34.13,34.13,35.54,67.62,42.0,67.62,34.13,49.52,,59.15,61.2,60.94,,47.62,,,,41.23,41.23,,41.23,41.23,41.23,86.0,41.23,67.62,67.62,,,,,34.13,33.04,33.04,35.54,35.54,33.04,71.33,42.0,61.01,63.94,35.54,35.54,35.54,35.54,61.2,56.0,,,,,,
2019-08-23 12:00:00+02:00,,31.95,,31.95,44.45,34.03,,56.0,,31.95,31.95,35.5,68.22,42.21,68.22,31.95,41.98,,60.78,61.2,60.71,,39.64,,,,40.0,40.0,,40.0,40.0,40.0,95.0,40.0,68.22,68.22,,,,,31.95,31.95,31.95,35.5,35.5,31.95,72.1,42.21,60.78,68.07,35.5,35.5,35.5,35.5,61.2,56.0,,,,,,
2019-08-23 13:00:00+02:00,,31.23,,31.23,44.42,32.25,,53.0,,31.23,31.23,35.51,66.69,43.6,66.69,31.23,37.56,,59.16,61.2,60.71,,36.33,,,,40.3,40.3,,40.3,40.3,40.3,86.0,40.3,66.69,66.69,,,,,31.23,31.23,31.23,35.51,35.51,31.23,72.56,43.6,60.77,68.07,35.51,35.51,35.51,35.51,61.2,53.0,,,,,,
2019-08-23 14:00:00+02:00,,30.81,,30.81,44.43,32.29,,53.0,,30.81,31.06,35.08,67.99,44.55,67.99,30.81,37.24,,59.16,53.5,66.06,,36.03,,,,41.0,41.0,,41.0,41.0,41.0,73.0,41.0,67.99,67.99,,,,,30.81,31.06,31.06,35.08,35.08,31.06,70.16,44.55,66.13,66.95,35.08,35.08,35.08,35.08,53.5,53.0,,,,,,
2019-08-23 15:00:00+02:00,,31.57,,31.57,43.03,32.44,,56.0,,31.57,31.57,34.98,64.99,43.99,64.99,31.57,38.66,,59.19,44.2,62.83,,36.51,,,,44.2,44.2,,44.2,44.2,44.2,84.0,44.2,64.99,64.99,,,,,31.57,31.72,31.72,34.98,34.98,31.72,70.05,43.99,62.89,64.16,34.98,34.98,34.98,34.98,44.2,56.0,,,,,,
2019-08-23 16:00:00+02:00,,32.28,,32.28,42.07,33.08,,57.0,,32.28,32.28,35.62,66.11,43.78,66.11,32.28,36.45,,61.55,44.2,69.54,,35.27,,,,43.0,43.0,,43.0,43.0,43.0,100.04,43.0,66.11,66.11,,,,,32.28,32.57,32.57,35.62,35.62,32.57,68.98,43.78,69.61,68.04,35.62,35.62,35.62,35.62,44.2,57.0,,,,,,
2019-08-23 17:00:00+02:00,,40.47,,32.97,45.0,34.18,,60.0,,40.47,40.47,40.47,66.63,43.98,66.63,30.97,43.63,,61.62,45.72,72.31,,42.21,,,,46.6,46.6,,45.72,46.6,46.6,115.32,46.6,66.63,66.63,,,,,39.77,33.23,33.23,36.97,36.74,33.23,66.97,43.98,72.39,70.84,36.97,36.97,36.97,37.01,45.72,60.0,,,,,,
2019-08-23 18:00:00+02:00,,48.75,,39.65,45.04,37.43,,49.0,,48.75,48.75,48.75,64.28,44.55,64.28,34.88,49.31,,66.47,54.0,69.54,,47.71,,,,72.11,72.11,,54.0,72.11,72.11,114.32,72.11,64.28,64.28,,,,,47.4,33.29,33.29,37.11,36.56,33.29,66.12,44.55,71.07,68.02,37.11,37.11,37.11,47.58,54.0,49.0,,,,,,
2019-08-23 19:00:00+02:00,,55.73,,43.64,69.57,37.88,,55.18,,59.56,59.56,59.56,67.22,44.33,67.22,35.28,59.64,,66.67,55.73,75.6,,59.0,,,,72.61,72.61,,54.0,72.61,72.61,115.32,72.61,67.22,67.22,,,,,57.33,33.27,33.27,36.91,36.57,33.27,67.55,44.33,94.09,67.41,36.91,36.91,36.91,58.14,55.73,55.18,,,,,,
2019-08-23 20:00:00+02:00,,54.12,,42.62,69.57,37.08,,53.0,,57.77,57.77,57.77,56.38,45.01,56.38,34.64,57.79,,68.52,85.09,91.89,,57.23,,,,75.17,75.17,,51.56,75.17,75.17,115.32,75.17,56.38,56.38,,,,,55.56,33.12,33.12,36.81,36.56,33.12,71.49,45.01,101.0,76.85,36.81,36.81,36.81,56.38,85.09,53.0,,,,,,
2019-08-23 21:00:00+02:00,,45.95,,38.13,69.54,35.31,,46.51,,45.95,45.95,45.95,42.7,46.18,42.7,34.0,57.7,,66.47,47.18,71.0,,60.0,,,,72.32,72.32,,46.26,72.32,72.32,115.32,72.32,42.7,42.7,,,,,44.83,33.28,33.28,36.66,36.55,33.28,65.97,46.18,71.07,65.04,36.66,36.66,36.66,42.7,47.18,46.51,,,,,,
2019-08-23 22:00:00+02:00,,36.97,,36.97,69.54,34.57,,38.97,,36.97,36.97,36.97,36.08,45.21,36.08,36.97,51.28,,58.53,53.5,68.85,,52.06,,,,49.49,49.49,,42.15,49.49,49.49,114.32,49.49,36.08,36.08,,,,,36.97,33.15,33.15,36.08,36.08,33.15,59.33,45.21,68.92,57.3,36.08,36.08,36.08,36.08,53.5,38.97,,,,,,
2019-08-23 23:00:00+02:00,,34.68,,34.68,43.92,32.49,,34.36,,34.68,34.68,34.68,34.68,43.75,34.68,34.68,39.73,,66.41,42.0,48.32,,40.34,,,,42.0,42.0,,42.0,42.0,42.0,81.0,42.0,34.68,34.68,,,,,34.68,32.94,32.94,34.68,34.68,32.94,59.01,43.75,48.36,47.53,34.68,34.68,34.68,34.68,42.0,34.36,,,,,,
2019-08-24 00:00:00+02:00,,34.07,,34.07,45.01,31.08,,32.4,,34.07,34.07,34.07,34.07,44.01,34.07,34.07,46.91,,59.08,41.0,52.26,,44.67,,,,41.0,49.26,,41.0,49.26,49.26,96.1,49.26,34.07,34.07,,,,,34.07,32.98,32.98,34.07,34.07,32.98,49.55,44.01,52.29,47.92,34.07,34.07,34.07,34.07,41.0,32.4,,,,,,
2019-08-24 01:00:00+02:00,,31.92,,31.16,45.05,28.49,,30.0,,31.92,31.92,31.92,31.92,43.5,31.92,30.66,36.97,,54.2,40.0,48.92,,35.21,,,,40.0,60.13,,40.0,60.13,60.13,84.1,60.13,31.92,31.92,,,,,31.86,31.92,31.92,31.92,31.92,31.92,48.59,43.5,48.95,37.48,31.92,31.92,31.92,31.92,40.0,30.0,,,,,,
2019-08-24 02:00:00+02:00,,30.86,,30.86,43.09,28.47,,29.4,,30.86,30.86,30.86,30.86,42.49,30.86,30.86,35.22,,54.9,37.28,37.97,,33.54,,,,48.89,54.2,,37.28,54.2,54.2,79.1,54.2,30.86,30.86,,,,,30.86,30.86,30.86,30.86,30.86,30.86,49.55,42.49,37.99,30.97,30.86,30.86,30.86,30.86,37.28,29.4,,,,,,
2019-08-24 03:00:00+02:00,,30.82,,30.82,39.65,29.07,,29.1,,30.82,30.82,30.82,30.82,42.5,30.82,30.82,32.43,,51.43,36.42,34.61,,30.89,,,,39.89,49.26,,36.42,49.26,49.26,72.1,49.26,30.82,30.82,,,,,30.82,30.82,30.82,30.82,30.82,30.82,49.5,42.5,34.63,28.59,30.82,30.82,30.82,30.82,36.42,29.1,,,,,,
2019-08-24 04:00:00+02:00,,30.03,,30.03,39.94,28.66,,29.01,,30.03,30.03,30.03,30.03,42.9,30.03,30.03,32.43,,52.06,37.84,34.86,,30.89,,,,37.84,45.01,,37.84,45.01,45.01,71.1,45.01,30.03,30.03,,,,,30.03,30.03,30.03,30.03,30.03,30.03,49.55,42.9,34.87,28.97,30.03,30.03,30.03,30.03,37.84,29.01,,,,,,
2019-08-24 05:00:00+02:00,,30.25,,30.25,44.81,28.85,,29.0,,30.25,31.0,31.0,31.0,42.9,31.0,30.25,35.22,,50.0,37.98,36.0,,33.54,,,,39.89,49.26,,37.98,49.26,49.26,71.1,49.26,31.0,31.0,,,,,30.25,31.0,31.0,31.0,31.0,31.0,49.58,42.9,36.02,30.8,31.0,31.0,31.0,31.0,37.98,29.0,,,,,,
2019-08-24 06:00:00+02:00,,32.97,,30.59,48.07,28.07,,29.78,,32.97,33.04,33.04,33.04,41.0,33.04,29.09,35.36,,49.0,39.97,38.39,,34.5,,,,39.97,40.31,,39.97,40.31,40.31,71.1,40.31,33.04,33.04,,,,,32.79,31.74,31.74,33.04,33.04,31.74,50.13,41.0,38.41,36.2,33.04,33.04,33.04,33.04,39.97,29.78,,,,,,
2019-08-24 07:00:00+02:00,,34.24,,30.55,48.02,28.05,,30.99,,34.24,35.08,35.08,36.42,40.94,36.42,28.25,41.9,,54.0,38.12,52.0,,39.91,,,,43.89,45.01,,38.12,45.01,45.01,72.1,45.01,36.42,36.42,,,,,33.96,32.51,32.51,35.08,35.08,32.51,48.59,40.94,52.02,42.11,35.08,35.08,35.08,35.08,38.12,30.99,,,,,,
2019-08-24 08:00:00+02:00,,36.29,,31.59,46.04,28.22,,33.39,,36.29,36.29,36.29,58.45,42.24,58.45,28.52,41.97,,55.0,40.0,46.34,,42.72,,,,40.89,47.59,,40.0,47.59,47.59,81.0,47.59,58.45,58.45,,,,,35.95,32.38,32.38,36.29,35.84,32.38,58.56,42.24,46.36,44.06,36.29,36.29,36.29,36.29,40.0,33.39,,,,,,
2019-08-24 09:00:00+02:00,,35.5,,32.07,43.06,28.92,,33.03,,35.5,36.37,36.37,59.54,42.75,59.54,29.81,49.66,,55.0,40.0,50.1,,52.07,,,,40.0,40.33,,40.0,40.33,40.33,72.1,40.33,59.54,59.54,,,,,35.25,32.57,32.57,36.37,35.95,32.57,59.64,42.75,50.12,49.01,36.37,36.37,36.37,36.37,40.0,33.03,,,,,,
2019-08-24 10:00:00+02:00,,29.51,,29.51,43.04,28.36,,31.62,,29.51,36.39,36.39,58.84,40.97,58.84,29.51,50.69,,56.1,38.94,46.55,,53.15,,,,38.94,38.94,,38.94,38.94,38.94,71.1,38.94,58.84,58.84,,,,,29.51,32.09,32.09,36.39,36.01,32.09,60.95,40.97,46.57,51.07,36.39,36.39,36.39,36.39,38.94,31.62,,,,,,
2019-08-24 11:00:00+02:00,,27.5,,27.5,43.01,28.57,,31.17,,27.5,36.32,36.32,59.62,40.85,59.62,27.5,46.34,,61.08,37.1,51.07,,58.15,,,,37.1,37.1,,37.1,37.1,37.1,37.1,37.1,59.62,59.62,,,,,27.5,31.62,31.62,36.32,36.0,31.62,60.66,40.85,51.08,54.08,36.32,36.32,36.32,36.32,37.1,31.17,,,,,,
2019-08-24 12:00:00+02:00,,26.83,,26.83,43.04,28.24,,29.5,,26.83,36.16,36.16,49.3,41.72,49.3,26.83,40.83,,61.32,35.93,56.66,,59.0,,,,35.93,35.93,,35.93,35.93,35.93,50.01,35.93,49.3,49.3,,,,,26.83,31.56,31.56,36.16,35.95,31.56,59.68,41.72,56.68,59.1,36.16,36.16,36.16,36.16,35.93,29.5,,,,,,
2019-08-24 13:00:00+02:00,,27.9,,26.72,43.04,27.75,,28.01,,26.84,35.86,35.86,43.17,43.3,43.17,26.84,36.3,,58.53,35.48,51.1,,59.0,,,,35.48,35.48,,35.48,35.48,35.48,35.48,35.48,43.17,43.17,,,,,26.84,31.52,31.52,35.86,35.86,31.52,59.04,43.3,51.11,60.53,35.86,35.86,35.86,35.86,35.48,28.01,,,,,,
2019-08-24 14:00:00+02:00,,28.02,,26.89,44.44,27.21,,28.01,,27.01,35.54,35.54,50.71,42.4,50.71,27.01,35.03,,58.53,35.0,51.1,,60.66,,,,35.0,35.69,,35.0,35.69,35.69,35.69,35.69,50.71,50.71,,,,,27.01,31.47,31.47,35.54,35.54,31.47,58.37,42.4,51.11,57.0,35.54,35.54,35.54,35.54,35.0,28.01,,,,,,
2019-08-24 15:00:00+02:00,,30.0,,27.79,48.09,27.79,,28.01,,28.03,35.52,35.52,58.2,41.05,58.2,27.99,33.06,,57.7,35.9,59.03,,55.0,,,,35.9,38.94,,35.9,38.94,38.94,58.97,38.94,58.2,58.2,,,,,28.03,31.44,31.44,35.52,35.52,31.44,58.3,41.05,59.04,59.58,35.52,35.52,35.52,35.52,35.9,28.01,,,,,,
2019-08-24 16:00:00+02:00,,28.03,,28.03,69.54,28.51,,28.51,,28.03,35.51,35.51,58.18,39.52,58.18,28.03,34.2,,57.7,36.67,67.01,,58.15,,,,36.67,40.33,,36.67,40.33,40.33,61.1,40.33,58.18,58.18,,,,,28.03,31.69,31.69,35.51,35.51,31.69,58.27,39.52,67.02,62.03,35.51,35.51,35.51,35.51,36.67,28.51,,,,,,
2019-08-24 17:00:00+02:00,,33.29,,33.29,69.57,30.19,,32.25,,33.29,35.13,35.13,57.96,39.0,57.96,33.29,39.71,,57.71,38.1,69.44,,71.64,,,,38.1,40.38,,38.1,40.38,40.38,75.28,40.38,57.96,57.96,,,,,33.29,32.17,32.17,35.13,35.13,32.17,58.05,39.0,69.46,59.85,35.13,35.13,35.13,35.13,38.1,32.25,,,,,,
2019-08-24 18:00:00+02:00,,36.93,,36.93,43.94,30.96,,37.2,,36.93,36.93,36.93,57.57,39.84,57.57,36.93,50.11,,61.14,41.0,61.37,,71.64,,,,41.0,63.5,,41.0,63.5,63.5,97.57,63.5,57.57,57.57,,,,,36.93,32.91,32.91,36.93,36.05,32.91,57.66,39.84,69.63,64.08,36.93,36.93,36.93,36.93,41.0,37.2,,,,,,
2019-08-24 19:00:00+02:00,,42.39,,42.39,61.37,30.25,,40.5,,42.39,42.39,42.39,58.01,42.46,58.01,42.39,52.94,,66.54,44.78,58.07,,74.0,,,,54.3,72.32,,44.78,72.32,72.32,114.32,72.32,58.01,58.01,,,,,42.39,32.77,32.77,37.87,36.06,32.77,58.1,42.46,89.1,69.38,37.87,37.87,37.87,41.37,44.78,40.5,,,,,,
2019-08-24 20:00:00+02:00,,38.75,,38.75,61.39,30.23,,39.4,,38.75,38.75,38.75,57.95,42.91,57.95,38.75,51.73,,67.0,46.23,79.91,,71.64,,,,56.84,72.61,,46.23,72.61,72.61,115.32,72.61,57.95,57.95,,,,,38.75,32.66,32.66,37.71,36.07,32.66,58.04,42.91,95.02,77.89,37.71,37.71,37.71,37.82,46.23,39.4,,,,,,
2019-08-24 21:00:00+02:00,,36.29,,36.29,65.08,30.25,,36.1,,36.29,36.29,36.29,52.81,44.8,52.81,36.29,55.19,,67.0,43.88,67.38,,71.64,,,,52.34,72.11,,43.88,72.11,72.11,114.32,72.11,52.81,52.81,,,,,36.29,32.69,32.69,36.29,36.06,32.69,52.89,44.8,73.88,68.87,36.29,36.29,36.29,36.29,43.88,36.1,,,,,,
2019-08-24 22:00:00+02:00,,34.95,,34.95,69.57,30.42,,33.5,,34.95,34.95,34.95,36.46,43.8,36.46,34.95,57.34,,59.44,40.0,54.05,,70.02,,,,49.26,49.26,,40.0,49.26,49.26,94.99,49.26,36.46,36.46,,,,,34.95,32.76,32.76,34.95,34.95,32.76,48.57,43.8,57.32,58.05,34.95,34.95,34.95,34.95,40.0,33.5,,,,,,
2019-08-24 23:00:00+02:00,,31.67,,31.67,54.03,30.0,,30.72,,31.67,31.67,31.67,31.67,43.5,31.67,31.67,47.65,,58.31,37.14,43.07,,50.0,,,,37.14,40.33,,37.14,40.33,40.33,81.0,40.33,31.67,31.67,,,,,31.67,31.67,31.67,31.67,31.67,31.67,49.65,43.5,43.08,46.4,31.67,31.67,31.67,31.67,37.14,30.72,,,,,,
2019-08-25 00:00:00+02:00,,29.08,,29.08,44.95,29.73,,29.37,,29.08,31.37,31.37,31.37,43.6,31.37,29.08,52.93,,63.73,40.0,44.34,,55.54,,,,40.0,50.72,,40.0,50.72,50.72,72.1,50.72,31.37,31.37,,,,,29.08,31.37,31.37,31.37,31.37,31.37,46.18,43.6,44.3,50.79,31.37,31.37,31.37,31.37,40.0,29.37,,,,,,
2019-08-25 01:00:00+02:00,,28.65,,28.65,24.59,28.51,,27.5,,28.65,29.98,29.98,29.98,42.5,29.98,28.65,39.58,,59.07,38.23,37.04,,41.54,,,,40.67,60.13,,38.23,60.13,60.13,84.1,60.13,29.98,29.98,,,,,28.65,29.98,29.98,29.98,29.98,29.98,46.35,42.5,37.01,42.8,29.98,29.98,29.98,29.98,38.23,27.5,,,,,,
2019-08-25 02:00:00+02:00,,27.8,,27.16,22.63,28.06,,27.02,,27.8,29.65,29.65,29.65,42.5,29.65,27.16,34.17,,58.8,27.8,27.71,,35.86,,,,38.89,59.96,,35.01,59.96,59.96,66.1,59.96,29.65,29.65,,,,,28.7,29.65,29.65,29.65,29.65,29.65,51.17,42.5,27.68,36.92,29.65,29.65,29.65,29.65,27.8,27.02,,,,,,
2019-08-25 03:00:00+02:00,,26.97,,25.81,22.5,26.41,,27.57,,26.97,29.43,29.43,29.43,41.62,29.43,25.81,33.26,,61.0,26.97,27.57,,34.91,,,,37.67,59.96,,37.67,59.96,59.96,72.1,59.96,29.43,29.43,,,,,28.49,29.43,29.43,29.43,29.43,29.43,45.84,41.62,27.54,29.04,29.43,29.43,29.43,29.43,26.97,27.57,,,,,,
2019-08-25 04:00:00+02:00,,26.12,,24.13,22.53,25.7,,27.0,,26.12,29.43,29.43,29.43,41.62,29.43,24.13,31.9,,55.0,26.12,27.0,,33.48,,,,36.67,59.96,,36.67,59.96,59.96,72.0,59.96,29.43,29.43,,,,,28.7,29.43,29.43,29.43,29.43,29.43,45.4,41.62,26.97,27.24,29.43,29.43,29.43,29.43,26.12,27.0,,,,,,
2019-08-25 05:00:00+02:00,,25.91,,24.2,22.52,25.57,,26.81,,25.91,28.96,28.96,28.96,41.62,28.96,24.2,30.86,,55.0,25.91,26.81,,32.38,,,,37.89,59.96,,37.89,59.96,59.96,66.1,59.96,28.96,28.96,,,,,28.03,28.96,28.96,28.96,28.96,28.96,39.89,41.62,26.79,29.12,28.96,28.96,28.96,28.96,25.91,26.81,,,,,,
2019-08-25 06:00:00+02:00,,25.87,,24.15,24.02,24.96,,26.49,,25.87,29.22,29.22,29.22,36.11,29.22,24.15,31.89,,45.55,25.87,26.87,,33.48,,,,35.89,48.1,,35.89,48.1,48.1,48.1,48.1,29.22,29.22,,,,,28.28,29.22,29.22,29.22,29.22,29.22,42.34,36.11,26.85,32.6,29.22,29.22,29.22,29.22,25.87,26.49,,,,,,
2019-08-25 07:00:00+02:00,,27.8,,24.65,29.09,26.62,,27.48,,27.8,31.27,31.27,31.27,34.57,31.27,24.65,35.27,,46.9,27.8,29.58,,36.15,,,,41.24,41.24,,30.0,41.24,41.24,41.24,41.24,31.27,31.27,,,,,31.64,31.27,31.27,31.27,31.27,31.27,50.01,34.57,29.55,37.02,31.27,31.27,31.27,31.27,27.8,27.48,,,,,,
2019-08-25 08:00:00+02:00,,29.07,,27.46,26.41,26.66,,28.23,,29.07,32.14,32.14,32.14,36.13,32.14,27.46,33.15,,50.9,29.07,28.57,,34.55,,,,41.24,41.24,,30.0,41.24,41.24,43.75,41.24,32.14,32.14,,,,,31.11,32.14,32.14,32.14,32.14,32.14,51.12,36.13,28.55,36.87,32.14,32.14,32.14,32.14,29.07,28.23,,,,,,
2019-08-25 09:00:00+02:00,,29.0,,27.09,31.01,27.66,,29.09,,29.0,35.03,35.03,35.57,38.5,35.57,27.09,41.9,,51.0,29.0,30.24,,44.24,,,,41.0,41.0,,33.0,41.0,41.0,43.75,41.0,35.57,35.57,,,,,31.48,32.52,32.52,35.03,35.03,32.52,50.85,38.5,30.21,39.36,35.03,35.03,35.03,35.03,29.0,29.09,,,,,,
2019-08-25 10:00:00+02:00,,25.89,,25.89,38.04,26.17,,27.0,,25.89,35.29,35.29,35.58,36.84,35.58,25.89,47.94,,55.0,36.67,40.24,,50.33,,,,36.67,36.67,,36.67,36.67,36.67,72.0,36.67,35.58,35.58,,,,,25.89,32.49,32.49,35.29,35.29,32.49,55.73,36.84,40.2,45.05,35.29,35.29,35.29,35.29,36.67,27.0,,,,,,
2019-08-25 11:00:00+02:00,,25.88,,25.88,39.03,25.84,,27.0,,25.88,35.19,35.19,35.57,36.15,35.57,25.88,49.37,,57.5,36.99,44.7,,69.91,,,,36.99,36.99,,36.99,36.99,36.99,50.01,36.99,35.57,35.57,,,,,25.88,32.51,32.51,35.19,35.19,32.51,57.62,36.15,44.65,46.57,35.19,35.19,35.19,35.19,36.99,27.0,,,,,,
2019-08-25 12:00:00+02:00,,25.83,,25.83,39.07,25.61,,26.6,,25.83,34.82,34.82,34.82,37.8,34.82,25.83,43.31,,57.5,36.67,46.1,,75.22,,,,36.67,36.67,,36.67,36.67,36.67,38.68,36.67,34.82,34.82,,,,,25.83,32.48,32.48,34.82,34.82,32.48,57.6,37.8,46.05,47.0,34.82,34.82,34.82,34.82,36.67,26.6,,,,,,
2019-08-25 13:00:00+02:00,,25.03,,25.03,40.91,25.08,,26.67,,25.03,33.38,33.38,33.38,40.22,33.38,25.03,40.77,,55.0,35.93,41.07,,100.0,,,,35.93,35.93,,35.93,35.93,35.93,35.93,35.93,33.38,33.38,,,,,25.03,32.37,32.37,33.38,33.38,32.37,57.57,40.22,41.02,47.01,33.38,33.38,33.38,33.38,35.93,26.67,,,,,,
2019-08-25 14:00:00+02:00,,25.01,,25.01,40.92,25.0,,26.6,,25.01,33.22,33.22,33.22,40.42,33.22,25.01,37.46,,57.5,35.9,41.27,,75.22,,,,35.9,35.9,,35.9,35.9,35.9,35.9,35.9,33.22,33.22,,,,,25.01,32.14,32.14,33.22,33.22,32.14,53.8,40.42,41.22,46.04,33.22,33.22,33.22,33.22,35.9,26.6,,,,,,
2019-08-25 15:00:00+02:00,,25.39,,25.39,40.99,25.09,,27.5,,25.39,33.17,33.17,33.17,36.13,33.17,25.39,33.05,,58.41,36.67,50.07,,69.99,,,,36.67,36.67,,36.67,36.67,36.67,36.67,36.67,33.17,33.17,,,,,25.39,32.16,32.16,33.17,33.17,32.16,53.0,36.13,50.01,48.7,33.17,33.17,33.17,33.17,36.67,27.5,,,,,,
2019-08-25 16:00:00+02:00,,26.4,,26.4,44.6,26.42,,27.2,,26.4,34.7,34.7,34.7,35.5,34.7,26.4,33.05,,57.7,40.0,53.06,,67.99,,,,40.0,40.0,,40.0,40.0,40.0,40.0,40.0,34.7,34.7,,,,,26.4,31.99,31.99,34.7,34.7,31.99,52.96,35.5,53.0,51.0,34.7,34.7,34.7,34.7,40.0,27.2,,,,,,
2019-08-25 17:00:00+02:00,,30.97,,25.84,54.96,29.46,,33.0,,30.97,34.51,35.33,35.5,35.0,35.5,27.96,41.37,,58.53,38.62,51.06,,70.0,,,,38.62,41.24,,38.62,41.24,41.24,46.37,41.24,35.5,35.5,,,,,31.98,32.58,32.58,35.33,35.33,32.58,51.92,35.0,51.0,51.02,35.33,35.33,35.33,35.33,38.62,33.0,,,,,,
2019-08-25 18:00:00+02:00,,41.52,,35.22,69.54,32.41,,36.61,,41.52,41.52,40.71,37.02,35.0,37.02,31.66,45.4,,55.8,41.52,56.01,,75.22,,,,49.89,52.0,,41.0,52.0,52.0,72.1,52.0,37.02,37.02,,,,,40.85,33.73,33.73,37.02,37.02,33.73,53.91,35.0,55.95,51.04,37.02,37.02,37.02,37.02,41.52,36.61,,,,,,
2019-08-25 19:00:00+02:00,,47.13,,38.74,69.58,34.57,,40.7,,47.13,47.13,47.13,36.94,36.12,36.94,34.02,51.36,,65.28,54.0,68.0,,75.22,,,,59.89,60.13,,54.0,60.13,60.13,92.1,60.13,36.94,36.94,,,,,46.31,34.72,34.72,36.94,36.94,34.72,51.87,36.12,67.92,53.94,36.94,36.94,36.94,36.94,54.0,40.7,,,,,,
2019-08-25 20:00:00+02:00,,46.99,,41.7,69.55,35.13,,41.59,,46.99,46.99,46.99,36.87,40.18,36.87,38.72,52.87,,70.5,80.05,82.81,,75.22,,,,65.01,68.72,,54.1,68.72,68.72,114.32,68.72,36.87,36.87,,,,,46.44,35.19,35.19,36.87,36.87,35.19,58.04,40.18,82.71,70.7,36.87,36.87,36.87,36.87,54.1,41.59,,,,,,
2019-08-25 21:00:00+02:00,,40.94,,44.26,64.72,37.23,,41.32,,40.94,40.94,40.94,36.31,45.21,36.31,37.85,56.06,,65.0,54.1,68.06,,75.22,,,,55.89,66.27,,45.67,66.27,66.27,114.32,66.27,36.31,36.31,,,,,43.05,35.8,35.8,36.31,36.31,35.8,57.59,45.21,67.97,63.99,36.31,36.31,36.31,36.31,54.1,41.32,,,,,,
2019-08-25 22:00:00+02:00,,37.49,,37.49,50.97,37.0,,38.82,,37.49,37.49,37.49,35.3,45.6,35.3,37.49,55.02,,59.16,41.0,52.31,,75.22,,,,59.74,59.74,,41.0,59.74,59.74,84.1,59.74,35.3,35.3,,,,,37.49,35.3,35.3,35.3,35.3,35.3,52.79,45.6,52.25,51.04,35.3,35.3,35.3,35.3,41.0,38.82,,,,,,
2019-08-25 23:00:00+02:00,,34.52,,34.52,44.0,33.62,,34.6,,34.52,34.52,34.52,33.78,43.8,33.78,34.52,48.21,,72.78,39.01,43.41,,50.66,,,,48.75,48.75,,39.01,48.75,48.75,81.0,48.75,33.78,33.78,,,,,34.52,33.41,33.41,33.78,33.78,33.41,46.09,43.8,43.35,48.05,33.78,33.78,33.78,33.78,39.01,34.6,,,,,,
2019-08-26 00:00:00+02:00,,33.67,,33.67,35.04,31.67,,30.7,,33.67,33.67,33.67,32.86,45.75,32.86,33.67,46.8,,67.12,39.45,48.02,,49.17,,,,39.45,49.18,,39.45,49.18,49.18,72.51,49.18,32.86,32.86,,,,,33.67,32.86,32.86,32.86,32.86,32.86,51.11,45.75,47.96,45.97,32.86,32.86,32.86,32.86,39.45,30.7,,,,,,
2019-08-26 01:00:00+02:00,,32.95,,32.95,30.68,31.04,,31.09,,32.95,32.95,32.95,32.18,39.0,32.18,32.95,33.99,,67.16,37.6,37.06,,35.7,,,,37.6,42.69,,37.6,42.69,42.69,73.51,42.69,32.18,32.18,,,,,32.95,32.18,32.18,32.18,32.18,32.18,50.08,39.0,37.01,40.2,32.18,32.18,32.18,32.18,37.6,31.09,,,,,,
2019-08-26 02:00:00+02:00,,32.06,,32.06,28.1,29.38,,30.9,,32.06,32.06,32.06,32.06,34.8,32.06,32.06,32.88,,60.51,37.41,30.9,,34.54,,,,37.41,40.0,,37.41,40.0,40.0,66.0,40.0,32.06,32.06,,,,,32.06,32.06,32.06,32.06,32.06,32.06,49.75,34.8,30.86,31.05,32.06,32.06,32.06,32.06,37.41,30.9,,,,,,
2019-08-26 03:00:00+02:00,,32.23,,29.43,28.89,29.05,,30.4,,32.23,32.23,32.23,32.23,34.7,32.23,27.57,30.87,,59.03,36.9,30.4,,32.43,,,,36.9,39.85,,36.9,39.85,39.85,71.78,39.85,32.23,32.23,,,,,31.86,32.23,32.23,32.23,32.23,32.23,49.79,34.7,30.36,30.07,32.23,32.23,32.23,32.23,36.9,30.4,,,,,,
2019-08-26 04:00:00+02:00,,32.63,,28.91,32.48,29.77,,31.09,,32.63,32.63,32.63,32.63,34.7,32.63,26.43,31.11,,60.0,36.81,31.09,,32.39,,,,36.81,39.7,,36.81,39.7,39.7,66.0,39.7,32.63,32.63,,,,,32.1,32.63,32.63,32.63,32.63,32.63,50.04,34.7,31.04,30.25,32.63,32.63,32.63,32.63,36.81,31.09,,,,,,
2019-08-26 05:00:00+02:00,,33.95,,31.69,47.05,30.48,,32.51,,33.7,33.7,33.7,33.7,35.2,33.7,30.83,32.51,,57.0,39.22,40.05,,33.32,,,,39.22,39.7,,39.22,39.7,39.7,65.78,39.7,33.7,33.7,,,,,32.65,33.45,33.45,33.7,33.7,33.45,50.87,35.2,39.99,39.85,33.7,33.7,33.7,33.7,39.22,32.51,,,,,,
2019-08-26 06:00:00+02:00,,50.07,,42.44,50.12,30.5,,43.68,,50.07,50.07,50.07,57.44,40.73,57.44,37.65,41.32,,59.08,50.07,50.83,,42.34,,,,50.07,50.07,,50.07,50.07,50.07,73.51,50.07,57.44,57.44,,,,,48.91,34.9,34.9,36.78,36.78,34.9,57.77,40.73,50.76,47.47,36.78,36.78,36.78,48.87,50.07,43.68,,,,,,
2019-08-26 07:00:00+02:00,,69.32,,52.09,73.58,34.56,,59.8,,69.32,69.32,69.32,67.08,40.73,67.08,40.73,48.51,,58.53,79.99,69.53,,48.5,,,,46.5,49.18,,46.5,49.18,49.18,50.51,49.18,67.08,67.08,,,,,66.55,35.0,35.0,36.98,36.98,35.0,64.99,40.73,69.43,59.94,40.09,40.09,40.09,67.65,79.99,59.8,,,,,,
2019-08-26 08:00:00+02:00,,61.99,,52.21,69.55,40.79,,58.27,,61.99,61.99,61.99,67.18,45.32,67.18,45.32,48.52,,64.28,90.01,71.8,,50.91,,,,53.49,53.49,,53.49,53.49,53.49,73.51,53.49,67.18,67.18,,,,,60.61,34.59,34.59,39.64,39.64,34.59,67.56,45.32,71.68,61.09,39.64,39.64,39.64,61.99,90.01,58.27,,,,,,
2019-08-26 09:00:00+02:00,,49.18,,47.53,68.94,40.47,,60.39,,49.18,49.18,49.18,69.07,46.38,69.07,46.38,47.47,,67.0,85.08,71.2,,85.9,,,,49.18,49.18,,49.18,49.18,49.18,73.51,49.18,69.07,69.07,,,,,48.94,34.95,34.95,40.65,40.65,34.95,69.46,46.38,71.08,63.95,40.65,40.65,40.65,49.18,85.08,60.39,,,,,,
2019-08-26 10:00:00+02:00,,45.7,,45.7,74.05,41.04,,54.0,,45.7,45.7,45.7,69.54,45.7,69.54,45.7,46.79,,64.08,85.03,69.98,,90.91,,,,46.91,46.91,,46.91,46.91,46.91,66.51,46.91,69.54,69.54,,,,,45.7,35.12,35.12,40.52,40.52,35.12,69.93,45.7,69.86,65.02,40.52,40.52,40.52,45.7,85.03,54.0,,,,,,
2019-08-26 11:00:00+02:00,,43.74,,43.74,69.58,39.8,,63.81,,43.74,43.74,43.74,71.59,43.74,71.59,43.74,44.93,,67.17,81.06,71.8,,100.0,,,,46.0,46.0,,46.0,46.0,46.0,73.51,46.0,71.59,71.59,,,,,43.74,34.81,34.81,40.53,40.53,34.81,71.99,43.74,71.68,66.48,40.53,40.53,40.53,43.74,81.06,63.81,,,,,,
2019-08-26 12:00:00+02:00,,40.91,,40.91,78.18,37.6,,56.0,,40.91,40.91,40.91,70.21,42.25,70.21,40.91,41.9,,71.0,81.1,74.06,,100.0,,,,42.0,42.0,,42.0,42.0,42.0,73.51,42.0,70.21,70.21,,,,,40.91,34.5,34.5,40.91,35.71,34.5,71.53,42.25,73.93,65.25,40.91,40.91,40.91,40.91,81.1,56.0,,,,,,
2019-08-26 13:00:00+02:00,,38.96,,38.96,78.16,37.09,,56.0,,38.96,39.37,39.37,71.73,43.45,71.73,38.96,39.91,,67.62,85.01,74.07,,100.0,,,,42.95,42.95,,42.95,42.95,42.95,52.51,42.95,71.73,71.73,,,,,38.96,34.44,34.44,39.37,35.71,34.44,72.39,43.45,73.93,67.49,39.37,39.37,39.37,39.37,85.01,56.0,,,,,,
2019-08-26 14:00:00+02:00,,38.25,,38.25,93.48,37.04,,52.0,,38.25,38.78,38.78,70.23,42.42,70.23,38.25,37.9,,67.18,81.03,72.21,,87.13,,,,49.18,49.18,,49.18,49.18,49.18,56.12,49.18,70.23,70.23,,,,,38.25,34.39,34.39,38.78,35.71,34.39,70.6,42.42,72.08,68.97,38.78,38.78,38.78,38.78,81.03,52.0,,,,,,
2019-08-26 15:00:00+02:00,,38.39,,38.39,69.59,38.05,,52.0,,38.39,38.39,38.39,66.27,43.46,66.27,38.39,37.54,,67.59,85.03,74.79,,83.9,,,,52.95,52.95,,52.95,52.95,52.95,60.6,52.95,66.27,66.27,,,,,38.39,34.36,34.36,38.39,35.72,34.36,69.21,43.46,74.65,71.4,38.39,38.39,38.39,38.39,85.03,52.0,,,,,,
2019-08-26 16:00:00+02:00,,43.46,,43.46,69.59,38.26,,52.0,,43.46,43.46,43.46,65.18,43.46,65.18,43.46,43.09,,67.22,85.01,76.1,,55.01,,,,57.19,57.19,,57.19,57.19,57.19,66.21,57.19,65.18,65.18,,,,,43.46,34.39,34.39,40.7,35.8,34.39,67.62,43.46,75.96,71.8,40.7,40.7,40.7,42.42,85.01,52.0,,,,,,
2019-08-26 17:00:00+02:00,,53.02,,48.85,69.56,40.04,,47.41,,53.02,53.02,53.02,64.11,46.27,64.11,46.27,47.65,,67.57,85.05,89.9,,85.0,,,,64.87,64.87,,64.87,64.87,64.87,97.57,64.87,64.11,64.11,,,,,52.38,34.4,34.4,42.88,35.8,34.4,65.65,46.27,89.73,69.08,42.88,42.88,42.88,53.02,85.05,47.41,,,,,,
2019-08-26 18:00:00+02:00,,55.97,,50.96,99.0,46.07,,52.0,,55.97,55.97,55.97,64.23,47.87,64.23,47.87,50.15,,71.0,95.08,82.33,,100.0,,,,67.49,67.49,,67.49,67.49,67.49,97.57,67.49,64.23,64.23,,,,,55.14,34.41,34.41,40.24,35.86,34.41,65.04,47.87,82.17,70.93,40.24,40.24,40.24,54.63,95.08,52.0,,,,,,
2019-08-26 19:00:00+02:00,,67.13,,55.65,75.95,46.04,,59.25,,67.13,67.13,67.13,65.52,48.6,65.52,48.6,57.24,,73.85,99.0,93.91,,89.49,,,,72.33,72.33,,71.95,72.33,72.33,115.32,72.33,65.52,65.52,,,,,65.27,34.92,34.92,40.08,35.86,34.92,65.84,48.6,93.72,74.58,40.08,40.08,40.08,65.52,99.0,59.25,,,,,,
2019-08-26 20:00:00+02:00,,59.46,,52.29,75.06,43.71,,59.0,,59.46,59.46,59.46,58.03,47.87,58.03,47.87,56.72,,69.9,130.03,105.9,,80.0,,,,72.35,72.35,,59.95,72.35,72.35,115.32,72.35,58.03,58.03,,,,,58.36,34.93,34.93,40.16,35.9,34.93,67.98,47.87,105.68,90.06,40.16,40.16,40.16,58.03,130.03,59.0,,,,,,
2019-08-26 21:00:00+02:00,,55.65,,51.57,69.57,42.75,,49.8,,55.65,55.65,55.65,54.36,49.06,54.36,49.06,56.83,,64.93,68.2,75.41,,75.22,,,,66.38,66.38,,66.38,66.38,66.38,115.32,66.38,54.36,54.36,,,,,55.01,35.11,35.11,41.47,35.89,35.11,64.3,49.06,75.25,76.0,41.47,41.47,41.47,54.32,68.2,49.8,,,,,,
2019-08-26 22:00:00+02:00,,47.87,,47.87,73.06,39.72,,42.4,,47.87,47.87,47.87,40.11,47.87,40.11,47.87,49.47,,63.73,85.08,68.67,,51.77,,,,57.44,57.44,,52.91,57.44,57.44,114.32,57.44,40.11,40.11,,,,,47.87,34.53,34.53,39.7,35.78,34.53,57.61,47.87,68.52,67.98,40.11,40.11,40.11,40.11,85.08,42.4,,,,,,
2019-08-26 23:00:00+02:00,,39.44,,39.44,68.94,38.41,,37.0,,39.44,39.44,39.44,37.32,46.9,37.32,39.44,40.6,,59.18,49.18,55.27,,42.84,,,,49.18,49.18,,49.18,49.18,49.18,97.57,49.18,37.32,37.32,,,,,39.44,33.62,33.62,37.32,35.68,33.62,52.17,46.9,55.15,55.56,37.32,37.32,37.32,37.32,49.18,37.0,,,,,,
2019-08-27 00:00:00+02:00,,38.33,,38.33,69.58,37.08,,37.5,,38.33,38.33,38.33,37.41,50.69,37.41,38.33,39.4,,61.11,51.1,56.07,,40.18,,,,51.1,63.56,,51.1,63.56,63.56,77.25,63.56,37.41,37.41,,,,,38.33,34.5,34.5,37.41,35.37,34.5,55.4,50.69,55.95,56.13,37.41,37.41,37.41,37.41,51.1,37.5,,,,,,
2019-08-27 01:00:00+02:00,,35.26,,35.26,69.51,36.33,,35.84,,35.26,35.26,35.26,35.26,50.2,35.26,35.26,36.24,,61.16,44.01,47.16,,37.87,,,,44.01,59.9,,44.01,59.9,59.9,73.51,59.9,35.26,35.26,,,,,35.26,34.13,34.13,35.26,35.25,34.13,51.99,50.2,47.06,43.16,35.26,35.26,35.26,35.26,44.01,35.84,,,,,,
2019-08-27 02:00:00+02:00,,34.91,,34.09,50.14,34.06,,34.95,,34.91,34.91,34.91,34.91,49.2,34.91,33.54,34.45,,55.9,42.56,48.03,,35.16,,,,42.56,57.44,,42.56,57.44,57.44,82.21,57.44,34.91,34.91,,,,,34.79,33.68,33.68,34.91,34.91,33.68,51.57,49.2,47.92,38.84,34.91,34.91,34.91,34.91,42.56,34.95,,,,,,
2019-08-27 03:00:00+02:00,,34.67,,33.49,50.12,33.08,,34.51,,34.67,34.67,34.67,34.67,49.2,34.67,32.69,33.58,,51.0,43.1,45.57,,34.27,,,,43.1,57.19,,43.1,57.19,57.19,73.51,57.19,34.67,34.67,,,,,34.5,33.39,33.39,34.67,34.67,33.39,50.68,49.2,45.48,38.03,34.67,34.67,34.67,34.67,43.1,34.51,,,,,,
2019-08-27 04:00:00+02:00,,34.96,,33.55,51.88,33.38,,34.85,,34.96,34.96,34.96,34.96,49.1,34.96,32.69,33.57,,51.0,42.56,45.67,,34.27,,,,42.56,57.19,,42.56,57.19,57.19,76.21,57.19,34.96,34.96,,,,,34.71,33.6,33.6,34.96,34.96,33.6,56.15,49.1,45.58,37.08,34.96,34.96,34.96,34.96,42.56,34.85,,,,,,
2019-08-27 05:00:00+02:00,,35.91,,34.7,69.56,35.06,,37.57,,35.91,35.91,35.91,35.91,49.19,35.91,33.86,34.78,,51.0,43.74,49.97,,35.5,,,,43.74,58.02,,43.74,58.02,58.02,75.29,58.02,35.91,35.91,,,,,35.74,34.59,34.59,35.91,35.13,34.59,56.16,49.19,49.87,45.26,35.91,35.91,35.91,35.91,43.74,37.57,,,,,,
2019-08-27 06:00:00+02:00,,45.23,,42.21,95.65,42.18,,49.1,,45.23,45.23,45.23,58.72,49.2,58.72,40.16,41.23,,59.08,95.0,90.55,,42.11,,,,59.9,59.9,,59.9,59.9,59.9,72.51,59.9,58.72,58.72,,,,,44.75,35.17,35.17,39.49,35.25,35.17,58.81,49.2,90.38,58.13,39.49,39.49,39.49,44.15,95.0,49.1,,,,,,
2019-08-27 07:00:00+02:00,,56.76,,52.97,81.75,48.0,,62.01,,56.76,56.76,56.76,67.33,50.4,67.33,50.4,51.74,,67.13,63.0,87.78,,50.12,,,,58.12,58.12,,58.12,58.12,58.12,73.51,58.12,67.33,67.33,,,,,56.13,35.59,35.59,40.97,35.75,35.59,67.43,50.4,87.62,72.06,40.97,40.97,40.97,55.4,63.0,62.01,,,,,,
2019-08-27 08:00:00+02:00,,53.69,,53.69,69.56,52.07,,58.01,,53.69,53.69,53.69,70.91,53.69,70.91,53.69,55.1,,69.55,70.42,95.31,,56.55,,,,70.42,70.42,,70.42,70.42,70.42,73.51,70.42,70.91,70.91,,,,,53.69,36.06,36.06,44.21,35.78,36.06,70.99,53.69,95.13,74.09,44.21,44.21,44.21,53.69,70.42,58.01,,,,,,
2019-08-27 09:00:00+02:00,,53.53,,53.53,69.57,49.42,,50.42,,53.53,53.53,53.53,73.35,53.53,73.35,53.53,55.1,,67.64,95.0,95.31,,85.0,,,,59.75,59.75,,59.75,59.75,59.75,73.51,59.75,73.35,73.35,,,,,53.53,36.07,36.07,42.38,35.8,36.07,73.43,53.53,95.13,76.55,42.38,42.38,42.38,52.25,95.0,50.42,,,,,,
2019-08-27 10:00:00+02:00,,50.95,,50.95,69.55,46.63,,45.2,,50.95,50.95,50.95,72.01,50.95,72.01,50.95,52.43,,67.59,97.59,91.07,,90.91,,,,57.44,57.44,,57.44,57.44,57.44,73.51,57.44,72.01,72.01,,,,,50.95,36.07,36.07,43.46,35.8,36.07,72.07,50.95,90.91,73.96,43.46,43.46,43.46,50.95,97.59,45.2,,,,,,
2019-08-27 11:00:00+02:00,,48.86,,48.82,69.55,43.96,,43.85,,48.82,48.82,48.82,73.9,49.87,73.9,48.97,50.24,,69.49,100.31,95.31,,91.91,,,,59.02,59.02,,59.02,59.02,59.02,71.0,59.02,73.9,73.9,,,,,48.82,36.25,36.25,42.66,35.79,36.25,73.96,49.87,95.14,77.85,42.66,42.66,42.66,48.82,100.31,43.85,,,,,,
2019-08-27 12:00:00+02:00,,45.23,,45.15,76.22,41.87,,81.1,,45.15,45.15,45.15,74.32,49.9,74.32,45.47,46.63,,69.56,120.0,95.98,,90.91,,,,49.36,49.36,,49.36,49.36,49.36,71.0,49.36,74.32,74.32,,,,,45.15,36.03,36.03,45.15,35.72,36.03,74.36,49.9,95.82,81.79,45.15,45.15,45.15,45.15,120.0,81.1,,,,,,
2019-08-27 13:00:00+02:00,,45.0,,44.93,69.55,41.0,,70.0,,44.98,44.98,44.98,73.35,50.2,73.35,45.06,46.21,,72.68,119.32,98.01,,100.0,,,,49.36,49.36,,49.36,49.36,49.36,73.51,49.36,73.35,73.35,,,,,44.93,36.01,36.01,44.98,35.69,36.01,73.38,50.2,97.84,82.0,44.98,44.98,44.98,44.98,119.32,70.0,,,,,,
2019-08-27 14:00:00+02:00,,45.11,,45.02,50.14,40.97,,58.6,,45.09,45.09,45.09,70.49,49.36,70.49,45.15,46.29,,69.56,115.0,97.42,,70.0,,,,59.75,59.75,,59.75,59.75,59.75,71.0,59.75,70.49,70.49,,,,,45.06,36.0,36.0,45.09,35.72,36.0,70.51,49.36,97.27,81.69,45.09,45.09,45.09,45.09,115.0,58.6,,,,,,
2019-08-27 15:00:00+02:00,,45.11,,45.11,50.15,41.55,,42.5,,45.11,45.11,45.11,70.91,48.59,70.91,45.11,46.24,,73.02,100.97,95.97,,55.0,,,,59.9,59.9,,59.9,59.9,59.9,73.21,59.9,70.91,70.91,,,,,45.11,34.81,34.81,44.02,35.73,34.81,70.92,48.59,95.82,82.9,44.02,44.02,44.02,44.02,100.97,42.5,,,,,,
2019-08-27 16:00:00+02:00,,48.08,,48.08,69.56,43.56,,42.5,,48.08,48.08,48.08,69.52,48.1,69.52,48.08,49.28,,73.08,115.0,101.98,,59.99,,,,72.15,72.15,,72.15,72.15,72.15,82.21,72.15,69.52,69.52,,,,,48.08,34.82,34.82,42.14,35.75,34.82,69.51,48.1,101.82,87.03,42.14,42.14,42.14,46.92,115.0,42.5,,,,,,
2019-08-27 17:00:00+02:00,,51.22,,51.22,61.32,48.58,,49.07,,51.22,51.22,51.22,70.65,51.22,70.65,51.22,52.64,,73.05,120.0,105.9,,72.7,,,,72.34,72.34,,72.34,72.34,72.34,96.85,72.34,70.65,70.65,,,,,51.22,34.8,34.8,40.33,35.77,34.8,70.63,51.22,105.74,87.99,40.33,40.33,40.33,49.99,120.0,49.07,,,,,,
2019-08-27 18:00:00+02:00,,56.99,,56.99,50.14,53.26,,55.45,,56.99,56.99,56.99,73.34,51.5,73.34,56.99,58.4,,73.41,85.0,105.9,,75.0,,,,72.35,72.35,,72.35,72.35,72.35,115.32,72.35,73.34,73.34,,,,,56.99,34.81,34.81,41.17,35.72,34.81,68.41,51.5,105.74,87.92,41.17,41.17,41.17,55.62,85.0,55.45,,,,,,
2019-08-27 19:00:00+02:00,,63.43,,61.22,50.14,53.95,,60.84,,63.43,63.43,63.43,70.91,51.2,70.91,59.76,61.22,,73.94,95.0,111.2,,64.18,,,,72.85,72.85,,72.85,72.85,72.85,115.32,72.85,70.91,70.91,,,,,63.07,34.96,34.96,40.76,35.72,34.96,70.87,51.2,111.04,92.44,40.76,40.76,40.76,61.91,95.0,60.84,,,,,,
2019-08-27 20:00:00+02:00,,56.05,,56.05,50.15,50.79,,59.0,,56.05,56.05,56.05,56.38,52.6,56.38,56.05,57.41,,73.92,120.0,117.11,,60.19,,,,85.42,85.42,,85.42,85.42,85.42,115.32,85.42,56.38,56.38,,,,,56.05,34.94,34.94,41.22,35.79,34.94,68.19,52.6,116.95,100.94,41.22,41.22,41.22,54.71,120.0,59.0,,,,,,
2019-08-27 21:00:00+02:00,,51.2,,51.2,70.06,49.6,,51.2,,51.2,51.2,51.2,49.97,51.2,49.97,51.2,52.43,,69.57,110.1,101.03,,54.99,,,,72.34,72.34,,72.34,72.34,72.34,115.32,72.34,49.97,49.97,,,,,51.2,35.12,35.12,40.23,35.79,35.12,64.45,51.2,100.89,84.96,40.23,40.23,40.23,49.97,110.1,51.2,,,,,,
2019-08-27 22:00:00+02:00,,46.18,,46.18,105.12,45.12,,44.11,,46.18,46.18,46.18,37.05,49.19,37.05,46.18,47.27,,69.57,79.99,100.07,,50.02,,,,65.42,65.42,,65.42,65.42,65.42,115.32,65.42,37.05,37.05,,,,,46.18,34.68,34.68,37.05,35.73,34.68,57.43,49.19,99.94,76.24,37.05,37.05,37.05,37.05,79.99,44.11,,,,,,
2019-08-27 23:00:00+02:00,,37.49,,37.49,69.56,39.25,,38.15,,37.49,37.49,37.49,36.33,49.19,36.33,37.49,38.38,,61.84,63.0,83.87,,40.27,,,,59.91,59.91,,59.91,59.91,59.91,92.85,59.91,36.33,36.33,,,,,37.49,34.05,34.05,36.33,35.65,34.05,55.52,49.19,83.77,62.3,36.33,36.33,36.33,36.33,63.0,38.15,,,,,,
2019-08-28 00:00:00+02:00,,38.08,,38.08,71.82,38.05,,37.12,,38.08,38.08,38.08,36.13,51.59,36.13,38.08,39.0,,73.67,56.3,75.57,,40.0,,,,56.3,56.3,,56.3,56.3,56.3,113.32,56.3,36.13,36.13,,,,,38.08,34.06,34.06,36.13,36.13,34.06,56.66,51.59,75.53,60.96,36.13,36.13,36.13,36.13,56.3,37.12,,,,,,
2019-08-28 01:00:00+02:00,,35.55,,35.55,69.53,37.0,,35.7,,35.55,35.55,35.55,35.55,50.38,35.55,35.55,36.35,,66.39,52.3,65.94,,37.27,,,,52.3,52.3,,52.3,52.3,52.3,73.31,52.3,35.55,35.55,,,,,35.55,33.75,33.75,35.55,35.55,33.75,50.5,50.38,65.91,55.1,35.55,35.55,35.55,35.55,52.3,35.7,,,,,,
2019-08-28 02:00:00+02:00,,34.92,,34.92,48.03,35.04,,34.86,,34.92,34.92,34.92,34.92,49.99,34.92,34.92,35.69,,65.29,48.41,53.02,,35.96,,,,48.41,48.41,,48.41,48.41,48.41,61.31,48.41,34.92,34.92,,,,,34.92,33.54,33.54,34.92,34.92,33.54,50.45,49.99,53.0,45.53,34.92,34.92,34.92,34.92,48.41,34.86,,,,,,
2019-08-28 03:00:00+02:00,,34.84,,33.7,45.06,34.63,,34.8,,34.84,34.84,34.84,34.84,49.99,34.84,33.0,33.74,,65.1,48.41,50.92,,35.23,,,,48.41,48.41,,48.41,48.41,48.41,73.0,48.41,34.84,34.84,,,,,34.66,33.39,33.39,34.84,34.84,33.39,50.23,49.99,50.89,45.85,34.84,34.84,34.84,34.84,48.41,34.8,,,,,,
2019-08-28 04:00:00+02:00,,35.35,,32.59,50.02,34.64,,34.94,,35.35,35.35,35.35,35.35,49.89,35.35,32.29,33.03,,61.14,48.41,52.31,,34.68,,,,48.41,48.41,,48.41,48.41,48.41,73.0,48.41,35.35,35.35,,,,,34.08,32.99,32.99,35.35,35.35,32.99,52.53,49.89,52.28,45.71,35.35,35.35,35.35,35.35,48.41,34.94,,,,,,
2019-08-28 05:00:00+02:00,,37.5,,33.55,69.56,36.2,,35.94,,37.32,37.32,37.32,37.04,49.97,37.04,33.47,34.24,,61.07,52.5,63.94,,35.95,,,,52.5,52.5,,52.5,52.5,52.5,61.31,52.5,37.04,37.04,,,,,35.33,33.54,33.54,37.04,36.27,33.54,55.07,49.97,67.48,52.92,37.04,37.04,37.04,37.04,52.5,35.94,,,,,,
2019-08-28 06:00:00+02:00,,48.31,,41.52,69.56,43.18,,45.01,,48.31,48.31,48.31,57.63,49.99,57.63,41.39,40.41,,67.17,59.9,79.88,,41.95,,,,59.9,59.9,,59.9,59.9,59.9,73.0,59.9,57.63,57.63,,,,,47.76,33.9,33.9,41.3,36.45,33.9,57.51,49.99,79.84,75.05,41.3,41.3,41.3,47.15,59.9,45.01,,,,,,
2019-08-28 07:00:00+02:00,,66.14,,54.35,55.64,49.71,,59.9,,66.14,66.14,66.14,64.97,50.39,64.97,46.96,48.05,,65.98,76.0,86.04,,49.24,,,,66.14,66.14,,66.14,66.14,66.14,73.31,66.14,64.81,64.97,,,,,64.1,33.9,33.9,56.87,36.6,33.9,64.68,50.39,86.0,86.01,56.87,56.87,56.87,64.55,76.0,59.9,,,,,,
2019-08-28 08:00:00+02:00,,66.73,,50.74,43.85,53.11,,57.66,,66.73,66.73,66.73,68.47,50.59,68.47,50.59,49.4,,67.7,76.0,122.75,,53.04,,,,72.35,72.35,,72.35,72.35,72.35,97.57,72.35,68.47,68.47,,,,,65.41,34.03,34.03,66.73,46.18,34.03,67.04,50.59,122.69,109.07,66.73,66.73,66.73,66.73,76.0,57.66,,,,,,
2019-08-28 09:00:00+02:00,,56.07,,54.18,43.08,53.03,,55.3,,56.07,56.07,56.07,71.95,52.99,71.95,52.99,54.06,,67.69,76.0,122.75,,91.91,,,,72.94,72.94,,72.94,72.94,72.94,97.31,72.94,71.95,71.95,,,,,55.75,34.11,34.11,56.07,48.65,34.11,71.82,52.99,122.69,111.94,56.07,56.07,56.07,56.07,76.0,55.3,,,,,,
2019-08-28 10:00:00+02:00,,52.79,,52.79,43.03,52.05,,52.01,,52.79,52.79,52.79,72.14,52.79,72.14,52.79,54.03,,67.68,76.0,120.42,,100.9,,,,72.85,72.85,,72.85,72.85,72.85,73.31,72.85,72.14,72.14,,,,,52.79,34.13,34.13,52.79,52.79,34.13,72.01,52.79,120.37,107.95,52.79,52.79,52.79,52.79,76.0,52.01,,,,,,
2019-08-28 11:00:00+02:00,,51.7,,51.7,40.04,49.28,,48.64,,51.7,51.7,51.7,72.15,51.7,72.15,51.7,52.93,,73.73,79.99,122.75,,100.9,,,,72.85,72.85,,72.85,72.85,72.85,72.85,72.85,72.15,72.15,,,,,51.7,34.35,34.35,51.7,40.13,34.35,72.02,51.7,122.69,109.11,51.7,51.7,51.7,51.7,79.99,48.64,,,,,,
2019-08-28 12:00:00+02:00,,46.6,,46.52,43.86,45.73,,57.0,,46.58,46.58,46.58,73.28,51.09,73.28,46.66,47.77,,73.02,105.1,112.07,,100.9,,,,72.85,72.85,,72.85,72.85,72.85,73.31,72.85,73.28,73.28,,,,,46.55,34.18,34.18,46.58,36.72,34.18,73.15,51.09,112.02,102.77,46.58,46.58,46.58,46.58,105.1,57.0,,,,,,
2019-08-28 13:00:00+02:00,,44.73,,44.73,43.88,44.27,,57.0,,44.73,44.73,44.73,72.94,51.49,72.94,44.73,45.81,,73.74,88.1,112.06,,120.0,,,,73.31,73.31,,73.31,73.31,73.31,73.31,73.31,72.94,72.94,,,,,44.73,34.1,34.1,44.73,36.61,34.1,72.82,51.49,112.01,104.9,44.73,44.73,44.73,44.73,88.1,57.0,,,,,,
2019-08-28 14:00:00+02:00,,45.0,,45.0,43.89,43.72,,57.0,,45.0,45.0,45.0,72.14,50.59,72.14,45.0,46.09,,73.75,81.1,112.05,,98.4,,,,75.05,75.05,,75.05,75.05,75.05,75.05,75.05,72.14,72.14,,,,,45.0,34.2,34.2,45.0,36.51,34.2,72.02,50.59,112.0,102.19,45.0,45.0,45.0,45.0,81.1,57.0,,,,,,
2019-08-28 15:00:00+02:00,,45.6,,45.6,44.9,43.72,,49.0,,45.6,45.6,45.6,72.85,49.99,72.85,45.6,46.7,,73.78,105.1,115.03,,76.12,,,,80.01,80.01,,80.01,80.01,80.01,80.01,80.01,72.85,72.85,,,,,45.6,33.88,33.88,45.6,36.5,33.88,72.73,49.99,114.98,102.01,45.6,45.6,45.6,45.6,105.1,49.0,,,,,,
2019-08-28 16:00:00+02:00,,48.83,,48.83,43.84,46.19,,47.32,,48.83,48.83,48.83,72.14,49.95,72.14,48.83,50.02,,73.87,105.1,118.73,,76.12,,,,85.67,85.67,,85.67,85.67,85.67,97.31,85.67,72.14,72.14,,,,,48.83,34.0,34.0,43.52,37.44,34.0,72.03,49.95,118.68,104.61,43.52,43.52,43.52,47.66,105.1,47.32,,,,,,
2019-08-28 17:00:00+02:00,,55.92,,52.9,66.51,48.73,,52.04,,55.92,55.92,55.92,68.49,52.9,68.49,52.9,54.36,,73.83,87.36,106.88,,76.12,,,,87.36,87.36,,87.36,87.36,87.36,114.32,87.36,68.49,68.49,,,,,56.52,33.94,33.94,42.84,37.23,33.94,68.39,52.9,106.83,97.07,42.84,42.84,42.84,54.58,87.36,52.04,,,,,,
2019-08-28 18:00:00+02:00,,69.85,,64.44,66.94,55.07,,59.07,,69.85,69.85,69.85,68.17,52.9,68.17,64.63,66.23,,73.85,88.1,112.03,,76.12,,,,74.4,74.4,,74.4,74.4,74.4,115.32,74.4,68.17,68.17,,,,,71.0,33.94,33.94,41.93,36.44,33.94,68.08,52.9,111.98,96.07,41.93,41.93,41.93,68.17,88.1,59.07,,,,,,
2019-08-28 19:00:00+02:00,,80.01,,67.8,69.54,54.58,,70.59,,80.01,80.01,80.01,72.13,52.79,72.13,60.51,67.33,,74.01,119.05,122.05,,76.12,,,,80.01,80.01,,80.01,80.01,80.01,115.32,80.01,72.13,72.13,,,,,77.83,33.95,33.95,40.51,36.44,33.95,72.04,52.79,121.99,103.5,40.51,40.51,40.51,72.13,119.05,70.59,,,,,,
2019-08-28 20:00:00+02:00,,73.08,,66.12,66.48,56.08,,67.0,,73.08,73.08,73.08,66.47,53.06,66.47,61.95,64.47,,83.1,120.17,123.17,,67.56,,,,85.24,85.24,,85.24,85.24,85.24,155.0,85.24,66.47,66.47,,,,,71.91,34.0,34.0,39.49,36.93,34.0,72.41,53.06,123.11,112.0,39.49,39.49,39.49,66.47,120.17,67.0,,,,,,
2019-08-28 21:00:00+02:00,,57.69,,55.28,68.12,50.31,,58.9,,57.69,57.69,57.69,56.03,53.84,56.03,53.84,55.65,,83.0,81.1,105.82,,58.3,,,,73.38,73.38,,73.38,73.38,73.38,115.32,73.38,56.03,56.03,,,,,57.29,34.29,34.29,39.98,36.85,34.29,65.24,53.84,105.77,96.22,39.98,39.98,39.98,56.03,81.1,58.9,,,,,,
2019-08-28 22:00:00+02:00,,50.79,,50.79,69.56,49.18,,50.55,,50.79,50.79,50.79,37.2,50.79,37.2,50.79,50.8,,83.1,76.0,100.74,,53.21,,,,72.56,72.56,,72.56,72.56,72.56,114.32,72.56,37.2,37.2,,,,,50.79,34.29,34.29,37.2,36.45,34.29,58.68,50.79,100.7,93.56,37.2,37.2,37.2,37.2,76.0,50.55,,,,,,
2019-08-28 23:00:00+02:00,,43.92,,43.92,65.08,40.97,,41.26,,43.92,43.92,43.92,35.64,49.0,35.64,43.92,42.97,,67.16,63.04,72.09,,46.93,,,,63.04,63.04,,63.04,63.04,63.04,114.32,63.04,35.64,35.64,,,,,43.92,33.78,33.78,35.64,35.64,33.78,56.75,49.0,72.06,74.91,35.64,35.64,35.64,35.64,63.04,41.26,,,,,,
2019-08-29 00:00:00+02:00,,39.54,,39.54,64.99,38.93,,37.3,,39.54,39.54,39.54,35.28,50.99,35.28,39.54,41.97,,71.0,53.31,41.17,,43.85,,,,53.31,53.31,,53.31,53.31,53.31,73.0,53.31,35.28,35.28,,,,,39.54,32.7,32.7,35.28,35.28,32.7,58.69,50.99,53.06,84.87,35.28,35.28,35.28,35.28,53.31,37.3,,,,,,
2019-08-29 01:00:00+02:00,,35.64,,35.64,60.98,35.75,,35.68,,35.64,35.64,35.64,34.79,50.29,34.79,35.64,36.75,,69.42,46.18,38.05,,38.39,,,,46.18,46.18,,46.18,46.18,46.18,58.31,46.18,34.79,34.79,,,,,35.64,32.52,32.52,34.79,34.79,32.52,57.69,50.29,50.3,76.47,34.79,34.79,34.79,34.79,46.18,35.68,,,,,,
2019-08-29 02:00:00+02:00,,34.5,,34.35,54.59,34.93,,35.41,,34.5,34.5,34.5,34.5,48.32,34.5,34.4,35.36,,61.03,46.22,46.77,,36.06,,,,46.22,46.22,,46.22,46.22,46.22,49.31,46.22,34.5,34.5,,,,,34.15,32.44,32.44,34.5,34.5,32.44,56.94,48.32,46.82,64.1,34.5,34.5,34.5,34.5,46.22,35.41,,,,,,
2019-08-29 03:00:00+02:00,,33.98,,32.04,54.4,34.88,,35.11,,33.98,33.98,33.98,33.98,47.5,33.98,32.24,33.14,,52.0,46.0,46.28,,33.8,,,,46.0,46.0,,46.0,46.0,46.0,69.87,46.0,33.98,33.98,,,,,32.25,31.22,31.22,33.98,33.98,31.22,57.2,47.5,46.33,61.63,33.98,33.98,33.98,33.98,46.0,35.11,,,,,,
2019-08-29 04:00:00+02:00,,34.5,,31.57,59.55,34.49,,35.22,,34.39,34.39,34.39,34.39,47.29,34.39,30.53,31.39,,52.2,46.0,46.46,,30.52,,,,46.0,46.0,,46.0,46.0,46.0,69.87,46.0,34.39,34.39,,,,,32.22,31.19,31.19,34.39,34.39,31.19,58.93,47.29,46.51,61.37,34.39,34.39,34.39,34.39,46.0,35.22,,,,,,
2019-08-29 05:00:00+02:00,,35.39,,32.05,69.55,35.67,,36.3,,35.39,35.39,35.39,35.39,48.01,35.39,32.37,33.05,,69.42,46.0,37.5,,31.36,,,,46.0,46.0,,46.0,46.0,46.0,69.87,46.0,35.39,35.39,,,,,32.73,31.68,31.68,35.39,35.39,31.68,58.55,48.01,58.07,79.08,35.39,35.39,35.39,35.39,46.0,36.3,,,,,,
2019-08-29 06:00:00+02:00,,43.16,,41.53,69.58,39.44,,46.61,,43.16,43.16,43.16,54.93,47.5,54.93,40.6,41.73,,67.12,61.0,49.94,,32.55,,,,53.13,53.13,,53.13,53.13,53.13,69.87,53.13,54.93,54.93,,,,,42.84,32.8,32.8,37.95,35.63,32.8,59.5,47.5,71.71,102.88,37.95,37.95,37.95,42.13,61.0,46.61,,,,,,
2019-08-29 07:00:00+02:00,,52.54,,49.96,76.0,42.99,,58.63,,52.54,52.54,52.54,64.82,48.5,64.82,48.36,49.7,,66.92,61.0,58.63,,31.0,,,,57.76,57.76,,57.76,57.76,57.76,70.31,57.76,64.82,64.82,,,,,52.1,32.67,32.67,41.18,35.94,32.67,64.97,48.5,90.96,110.04,41.18,41.18,41.18,52.54,61.0,58.63,,,,,,
2019-08-29 08:00:00+02:00,,58.92,,54.64,69.56,47.43,,60.01,,58.92,58.92,58.92,67.84,51.99,67.84,51.99,53.44,,69.5,70.81,62.09,,50.29,,,,70.81,70.81,,70.81,70.81,70.81,84.31,70.81,67.84,67.84,,,,,58.16,32.8,32.8,43.17,35.94,32.8,68.0,51.99,129.24,137.3,43.17,43.17,58.92,58.92,70.81,60.01,,,,,,
2019-08-29 09:00:00+02:00,,56.92,,54.86,69.55,50.12,,52.9,,56.92,56.92,56.92,67.51,53.59,67.51,53.59,55.09,,67.55,72.0,60.09,,52.73,,,,72.0,72.0,,72.0,72.0,72.0,97.31,72.0,67.51,67.51,,,,,56.56,32.81,32.81,41.46,35.99,32.81,72.06,53.59,126.91,142.39,41.46,41.46,56.92,56.92,72.0,52.9,,,,,,
2019-08-29 10:00:00+02:00,,51.9,,51.9,69.56,47.98,,48.52,,51.9,51.9,51.9,67.56,51.9,67.56,51.9,51.91,,69.49,115.0,84.04,,49.28,,,,63.85,63.85,,63.85,63.85,63.85,97.57,63.85,67.56,67.56,,,,,51.9,33.13,33.13,40.83,36.0,33.13,73.19,51.9,126.91,139.51,40.83,40.83,51.9,51.9,115.0,48.52,,,,,,
2019-08-29 11:00:00+02:00,,50.01,,50.01,69.58,47.13,,47.66,,50.01,50.01,50.01,67.59,50.39,67.59,50.01,49.06,,68.3,122.39,107.71,,46.57,,,,65.0,65.0,,65.0,65.0,65.0,85.31,65.0,67.59,67.59,,,,,50.01,33.08,33.08,40.53,36.02,33.08,74.24,50.39,133.04,146.23,40.53,40.53,50.01,50.01,122.39,47.66,,,,,,
2019-08-29 12:00:00+02:00,,42.12,,42.12,86.42,43.02,,55.0,,42.12,42.12,42.12,67.59,50.49,67.59,42.12,41.19,,69.54,180.05,131.85,,39.11,,,,62.81,62.81,,62.81,62.81,62.81,75.29,62.81,67.59,67.59,,,,,42.12,33.03,33.03,40.55,35.98,33.03,74.46,50.49,133.46,145.51,40.55,40.55,42.12,42.12,180.05,55.0,,,,,,
2019-08-29 13:00:00+02:00,,39.62,,39.62,72.63,42.37,,57.0,,39.62,39.62,39.62,67.56,50.49,67.56,39.62,38.74,,69.53,180.02,128.35,,36.78,,,,62.81,62.81,,62.81,62.81,62.81,94.31,62.81,67.56,67.56,,,,,39.62,33.08,33.08,39.62,35.97,33.08,74.61,50.49,133.04,145.04,39.62,39.62,39.62,39.62,180.02,57.0,,,,,,
2019-08-29 14:00:00+02:00,,37.77,,37.77,69.58,42.2,,43.01,,37.77,37.92,37.92,67.55,50.69,67.55,37.77,36.79,,69.59,150.06,127.01,,34.93,,,,71.3,71.3,,71.3,71.3,71.3,94.31,71.3,67.55,67.55,,,,,37.77,32.69,32.69,37.92,35.98,32.69,73.19,50.69,133.04,146.98,37.92,37.92,37.92,37.92,150.06,43.01,,,,,,
2019-08-29 15:00:00+02:00,,36.88,,36.88,69.54,42.34,,55.0,,36.88,37.71,37.71,67.93,50.38,67.93,36.88,35.98,,71.0,150.03,128.9,,34.2,,,,72.56,72.56,,72.56,72.56,72.56,94.31,72.56,67.93,67.93,,,,,36.88,32.67,32.67,37.71,36.04,32.67,73.81,50.38,129.02,147.08,37.71,37.71,37.71,37.71,150.03,55.0,,,,,,
2019-08-29 16:00:00+02:00,,37.42,,37.42,66.39,44.7,,45.78,,37.42,37.42,37.42,67.51,50.0,67.51,37.42,36.44,,73.75,115.0,126.79,,34.6,,,,72.85,72.85,,72.85,72.85,72.85,90.41,72.85,67.51,67.51,,,,,37.42,32.65,32.65,37.42,36.01,32.65,73.21,50.0,126.9,146.94,37.42,37.42,37.42,37.42,115.0,45.78,,,,,,
2019-08-29 17:00:00+02:00,,44.0,,44.0,69.54,47.04,,52.57,,44.0,44.0,44.0,64.92,50.29,64.92,44.0,43.02,,73.97,115.0,116.23,,40.85,,,,80.0,80.0,,80.0,80.0,80.0,114.32,80.0,64.92,64.92,,,,,44.0,32.62,32.62,39.32,36.0,32.62,72.05,50.29,116.33,142.25,39.52,39.52,39.52,42.94,115.0,52.57,,,,,,
2019-08-29 18:00:00+02:00,,50.9,,50.64,69.58,50.09,,60.73,,50.9,50.9,50.9,64.77,50.49,64.77,50.49,49.52,,73.94,115.0,116.23,,50.4,,,,79.81,79.81,,79.81,79.81,79.81,115.32,79.81,64.77,64.77,,,,,50.85,32.45,32.45,39.62,35.94,32.45,68.62,50.49,116.33,140.02,39.62,39.62,39.62,49.67,115.0,60.73,,,,,,
2019-08-29 19:00:00+02:00,,61.97,,54.86,86.1,50.05,,66.99,,61.97,61.97,61.97,67.57,50.74,67.57,50.74,52.15,,74.49,150.02,129.08,,50.72,,,,80.01,80.01,,80.01,80.01,80.01,115.32,80.01,67.57,67.57,,,,,60.64,32.42,32.42,39.6,35.94,32.42,72.2,50.74,129.19,142.7,39.6,39.6,39.6,60.49,150.02,66.99,,,,,,
2019-08-29 20:00:00+02:00,,56.93,,53.05,91.85,50.06,,63.63,,56.93,56.93,56.93,54.95,50.79,54.95,50.79,51.88,,73.92,180.02,135.03,,50.35,,,,85.6,85.6,,85.6,85.6,85.6,115.32,85.6,54.95,54.95,,,,,56.19,32.46,32.46,39.74,35.96,32.46,75.4,50.79,135.14,153.49,39.74,39.74,39.74,54.95,180.02,63.63,,,,,,
2019-08-29 21:00:00+02:00,,50.96,,50.96,69.57,47.04,,53.01,,50.96,50.96,50.96,38.93,50.96,38.93,50.96,49.98,,73.94,95.0,56.1,,50.35,,,,75.08,75.08,,75.08,75.08,75.08,115.32,75.08,38.93,38.93,,,,,50.96,32.63,32.63,38.93,35.94,32.63,69.28,50.96,73.11,137.08,38.93,38.93,38.93,38.93,95.0,53.01,,,,,,
2019-08-29 22:00:00+02:00,,44.95,,44.95,69.57,43.85,,49.31,,44.95,44.95,44.95,36.54,49.94,36.54,44.95,44.08,,73.89,95.0,83.03,,45.66,,,,70.0,70.0,,70.0,70.0,70.0,114.32,70.0,36.54,36.54,,,,,44.95,31.83,31.83,36.54,35.88,31.83,62.35,49.94,83.1,141.03,36.54,36.54,36.54,36.54,95.0,49.31,,,,,,
2019-08-29 23:00:00+02:00,,37.4,,37.4,69.55,41.15,,42.0,,37.4,37.4,37.4,35.42,50.04,35.42,37.4,36.68,,73.69,65.02,50.09,,35.0,,,,58.02,58.02,,58.02,58.02,58.02,97.57,58.02,35.42,35.42,,,,,37.4,31.21,31.21,35.42,35.42,31.21,58.55,50.04,50.13,103.83,35.42,35.42,35.42,35.42,65.02,42.0,,,,,,
2019-08-30 00:00:00+02:00,,34.33,,34.33,64.97,37.05,,35.78,,34.33,34.33,34.33,33.51,50.29,33.51,34.33,35.26,,67.12,72.0,69.54,,33.29,,,,48.64,48.64,,48.64,48.64,48.64,71.0,48.64,33.51,33.51,,,,,34.33,31.11,31.11,33.51,33.51,31.11,61.76,50.29,69.57,57.92,33.51,33.51,33.51,33.51,72.0,35.78,,,,,,
2019-08-30 01:00:00+02:00,,33.1,,32.46,56.29,34.62,,34.6,,33.1,33.1,33.1,33.1,50.1,33.1,32.66,32.0,,64.04,58.0,61.05,,27.46,,,,46.48,46.48,,46.48,46.48,46.48,48.52,46.48,33.1,33.1,,,,,31.5,30.49,30.49,33.1,33.1,30.49,61.24,50.1,61.07,53.02,33.1,33.1,33.1,33.1,58.0,34.6,,,,,,
2019-08-30 02:00:00+02:00,,33.55,,27.98,50.12,33.91,,34.08,,33.55,33.55,33.55,33.55,47.73,33.55,29.23,28.64,,61.11,45.0,47.99,,20.56,,,,45.0,45.0,,45.0,45.0,45.0,70.52,45.0,33.55,33.55,,,,,29.41,29.82,29.82,33.55,33.55,29.82,59.81,47.73,48.02,51.04,33.55,33.55,33.55,33.55,45.0,34.08,,,,,,
2019-08-30 03:00:00+02:00,,32.25,,26.52,48.58,33.49,,33.74,,32.25,32.25,32.25,32.25,47.31,32.25,27.01,26.46,,59.02,44.0,45.13,,11.0,,,,44.0,44.0,,44.0,44.0,44.0,45.9,44.0,32.25,32.25,,,,,28.84,29.63,29.63,32.25,32.25,29.63,59.79,47.31,45.16,49.0,32.25,32.25,32.25,32.25,44.0,33.74,,,,,,
2019-08-30 04:00:00+02:00,,34.08,,24.33,51.81,34.01,,33.85,,34.08,34.08,34.08,34.08,47.0,34.08,24.4,25.05,,52.1,43.81,50.08,,5.67,,,,43.81,43.81,,43.81,43.81,43.81,45.9,43.81,34.08,34.08,,,,,28.75,29.6,29.6,34.08,34.08,29.6,59.75,47.0,50.11,50.2,34.08,34.08,34.08,34.08,43.81,33.85,,,,,,
2019-08-30 05:00:00+02:00,,35.29,,28.91,69.56,34.9,,35.32,,35.29,35.29,35.29,35.29,47.15,35.29,29.89,29.28,,59.06,72.0,67.43,,0.0,,,,45.87,45.87,,45.87,45.87,45.87,66.0,45.87,35.29,35.29,,,,,30.1,29.14,29.14,35.28,35.28,29.14,59.89,47.15,67.47,53.11,35.29,35.29,35.29,35.29,72.0,35.32,,,,,,
2019-08-30 06:00:00+02:00,,48.58,,37.49,69.56,36.99,,43.3,,48.58,48.58,48.58,65.55,48.89,65.55,39.4,38.59,,62.93,75.05,75.04,,0.0,,,,49.5,49.5,,49.5,49.5,49.5,66.0,49.5,65.55,65.55,,,,,41.27,31.02,31.02,36.59,35.56,31.02,65.71,48.89,75.08,67.93,38.2,38.2,38.2,48.58,75.05,43.3,,,,,,
2019-08-30 07:00:00+02:00,,51.28,,50.07,69.58,44.85,,53.58,,51.28,51.28,51.28,67.79,49.94,67.79,49.36,49.67,,66.41,72.0,55.98,,11.96,,,,54.32,54.32,,54.32,54.32,54.32,75.31,54.32,67.12,67.12,,,,,51.07,31.23,31.23,37.12,35.79,31.23,65.73,49.94,56.68,69.58,40.45,40.45,40.45,51.28,72.0,53.58,,,,,,
2019-08-30 08:00:00+02:00,,50.8,,50.55,98.8,47.92,,54.38,,50.8,50.8,50.8,71.54,50.4,71.54,50.4,49.36,,66.56,95.0,81.09,,42.99,,,,62.0,62.0,,62.0,62.0,62.0,75.3,62.0,71.54,71.54,,,,,50.76,31.5,31.5,37.27,35.86,31.5,71.72,50.4,81.14,93.79,41.75,41.75,50.8,50.8,95.0,54.38,,,,,,
2019-08-30 09:00:00+02:00,,46.04,,46.04,69.58,47.73,,52.9,,46.04,46.04,46.04,72.03,50.0,72.03,46.04,47.25,,66.44,100.0,94.61,,35.0,,,,63.0,63.0,,63.0,63.0,63.0,75.52,63.0,72.03,72.03,,,,,46.04,31.75,31.75,37.32,35.9,31.75,72.93,50.0,94.66,96.69,42.29,42.29,46.04,46.04,100.0,52.9,,,,,,
2019-08-30 10:00:00+02:00,,41.36,,41.36,69.55,43.86,,49.54,,41.36,41.36,41.36,67.13,49.35,67.13,41.36,42.45,,64.43,119.09,95.13,,40.36,,,,60.15,60.15,,60.15,60.15,60.15,71.0,60.15,67.13,67.13,,,,,41.36,31.7,31.7,37.32,35.91,31.7,72.69,49.35,95.18,104.09,41.32,41.32,41.36,41.36,119.09,49.54,,,,,,
2019-08-30 11:00:00+02:00,,38.19,,38.19,69.57,41.58,,60.0,,38.19,38.19,38.19,66.88,49.51,66.88,38.19,39.19,,65.48,136.01,100.07,,37.03,,,,59.9,59.9,,59.9,59.9,59.9,69.9,59.9,66.88,66.88,,,,,38.19,31.87,31.87,37.34,35.91,31.87,74.38,49.51,100.13,111.11,38.19,38.19,38.19,38.19,136.01,60.0,,,,,,
2019-08-30 12:00:00+02:00,,36.02,,34.5,100.57,37.78,,66.0,,35.42,35.42,37.07,67.26,49.94,67.26,36.26,35.5,,67.08,134.99,99.36,,34.0,,,,53.79,53.79,,53.79,53.79,53.79,71.0,53.79,67.26,67.26,,,,,34.94,31.82,31.82,37.07,35.87,31.82,76.98,49.94,99.42,120.03,37.07,37.07,37.07,37.07,134.99,66.0,,,,,,
2019-08-30 13:00:00+02:00,,34.99,,33.9,112.94,36.04,,66.36,,34.78,34.78,36.63,67.03,50.05,67.03,35.62,34.89,,66.48,105.05,90.9,,33.17,,,,55.0,55.0,,55.0,55.0,55.0,71.0,55.0,67.03,67.03,,,,,34.33,31.79,31.79,36.63,35.86,31.79,77.75,50.05,90.96,120.05,36.63,36.63,36.63,36.63,105.05,66.36,,,,,,
2019-08-30 14:00:00+02:00,,34.67,,33.59,102.83,36.06,,70.0,,34.46,34.46,35.93,66.36,49.94,66.36,35.3,34.58,,64.46,90.0,73.78,,32.87,,,,60.59,60.59,,60.59,60.59,60.59,71.0,60.59,66.36,66.36,,,,,34.03,31.69,31.69,35.93,35.86,31.69,77.18,49.94,73.82,119.91,35.93,35.93,35.93,35.93,90.0,70.0,,,,,,
2019-08-30 15:00:00+02:00,,35.54,,35.08,69.57,35.93,,76.09,,35.45,35.45,36.32,67.15,48.0,67.15,35.82,35.07,,66.66,90.0,76.09,,33.35,,,,68.45,68.45,,68.45,68.45,68.45,75.52,68.45,67.15,67.15,,,,,35.27,31.03,31.03,36.32,35.81,31.03,77.81,48.0,76.13,116.3,36.32,36.32,36.32,36.32,90.0,76.09,,,,,,
2019-08-30 16:00:00+02:00,,36.22,,36.22,69.55,36.53,,46.98,,36.22,36.22,37.11,65.52,48.3,65.52,36.22,35.47,,66.48,95.0,84.77,,33.73,,,,70.0,70.0,,70.0,70.0,70.0,75.52,70.0,65.52,65.52,,,,,36.22,31.15,31.15,37.11,36.6,31.15,74.15,48.3,84.82,114.0,37.11,37.11,37.11,37.11,95.0,46.98,,,,,,
2019-08-30 17:00:00+02:00,,43.4,,43.4,69.59,40.35,,44.8,,43.4,43.4,43.4,65.55,49.92,65.55,43.4,42.49,,68.88,95.0,88.7,,40.41,,,,70.42,70.42,,70.42,70.42,70.42,86.98,70.42,65.55,65.55,,,,,43.4,31.37,31.37,37.15,36.61,31.37,72.1,49.92,88.76,110.07,39.1,39.1,39.1,43.4,95.0,44.8,,,,,,
2019-08-30 18:00:00+02:00,,50.49,,50.49,69.57,42.0,,51.02,,50.49,50.49,50.49,65.57,50.49,65.57,50.49,51.8,,73.22,95.0,95.03,,49.27,,,,70.94,70.94,,70.94,70.94,70.94,94.98,70.94,65.57,65.57,,,,,50.49,31.17,31.17,37.12,36.01,31.17,71.14,50.49,95.09,110.04,38.92,38.92,38.92,49.28,95.0,51.02,,,,,,
2019-08-30 19:00:00+02:00,,52.34,,52.34,69.55,41.74,,57.04,,52.34,52.34,52.34,67.17,52.34,67.17,52.34,53.7,,73.84,103.76,105.69,,51.07,,,,72.34,72.34,,72.34,72.34,72.34,115.32,72.34,67.17,67.17,,,,,52.34,31.12,31.12,37.1,36.09,31.12,71.8,52.34,105.77,116.08,38.62,38.62,38.62,51.08,103.76,57.04,,,,,,
2019-08-30 20:00:00+02:00,,52.49,,52.49,61.4,41.53,,54.8,,52.49,52.49,52.49,54.44,52.49,54.44,52.49,53.85,,73.87,119.09,111.23,,51.04,,,,73.42,73.42,,73.42,73.42,73.42,115.32,73.42,54.44,54.44,,,,,52.49,31.11,31.11,37.07,36.18,31.11,77.27,52.49,130.95,124.9,38.51,38.51,38.51,51.23,119.09,54.8,,,,,,
2019-08-30 21:00:00+02:00,,51.51,,51.51,69.58,41.64,,48.13,,51.51,51.51,51.51,50.28,51.51,50.28,51.51,53.0,,72.17,75.0,73.19,,50.41,,,,71.0,71.0,,71.0,71.0,71.0,114.32,71.0,50.28,50.28,,,,,51.51,31.09,31.09,36.0,36.0,31.09,66.64,51.51,73.24,77.54,37.8,37.8,37.8,50.28,75.0,48.13,,,,,,
2019-08-30 22:00:00+02:00,,48.14,,48.14,61.39,41.75,,42.75,,48.14,48.14,48.14,35.85,48.65,35.85,48.14,49.38,,68.12,72.0,67.43,,46.97,,,,58.0,58.0,,58.0,58.0,58.0,113.32,58.0,35.85,35.85,,,,,48.14,30.38,30.38,35.85,35.85,30.38,65.01,48.65,67.48,73.06,35.85,35.85,35.85,35.85,72.0,42.75,,,,,,
2019-08-30 23:00:00+02:00,,38.72,,38.72,62.08,37.58,,36.2,,38.72,38.72,38.72,35.63,46.02,35.63,38.72,39.71,,66.43,68.0,60.09,,37.78,,,,52.31,52.31,,52.31,52.31,52.31,94.9,52.31,35.63,35.63,,,,,38.72,30.13,30.13,35.63,35.63,30.13,61.82,46.02,60.13,60.05,35.63,35.63,35.63,35.63,68.0,36.2,,,,,,
2019-08-31 00:00:00+02:00,,37.39,,37.39,69.59,36.49,,33.83,,37.39,37.39,37.39,35.7,48.29,35.7,37.39,38.5,,65.5,59.9,71.71,,27.0,,,,59.9,59.9,,59.9,59.9,59.9,72.31,59.9,35.7,35.7,,,,,37.39,30.98,30.98,35.7,35.7,30.98,52.62,48.29,71.72,62.03,35.7,35.7,35.7,35.7,59.9,33.83,,,,,,
2019-08-31 01:00:00+02:00,,32.66,,32.66,58.09,34.58,,31.78,,32.66,32.66,32.66,32.66,48.29,32.66,32.66,33.45,,64.06,50.0,55.09,,27.0,,,,50.0,50.0,,50.0,50.0,50.0,56.0,50.0,32.66,32.66,,,,,32.66,30.69,30.69,32.66,32.66,30.69,51.59,48.29,55.1,57.09,32.66,32.66,32.66,32.66,50.0,31.78,,,,,,
2019-08-31 02:00:00+02:00,,30.64,,30.64,50.12,32.49,,31.51,,30.64,30.64,30.64,30.64,47.07,30.64,30.64,29.95,,61.33,47.67,50.07,,26.4,,,,47.67,47.67,,47.67,47.67,47.67,47.67,47.67,30.64,30.64,,,,,30.64,29.66,29.66,30.64,30.64,29.66,50.28,47.07,50.08,47.0,30.64,30.64,30.64,30.64,47.67,31.51,,,,,,
2019-08-31 03:00:00+02:00,,31.05,,26.2,42.96,32.01,,31.51,,31.05,31.05,31.05,31.05,47.02,31.05,26.5,25.9,,61.23,46.97,42.49,,24.68,,,,46.97,46.97,,46.97,46.97,46.97,46.97,46.97,31.05,31.05,,,,,28.12,29.05,29.05,31.05,31.05,29.05,50.34,47.02,42.5,44.5,31.05,31.05,31.05,31.05,46.97,31.51,,,,,,
2019-08-31 04:00:00+02:00,,30.3,,25.46,39.28,30.78,,31.51,,30.3,30.3,30.3,30.3,46.09,30.3,25.7,25.11,,61.27,45.0,41.19,,23.93,,,,45.0,45.0,,45.0,45.0,45.0,45.0,45.0,30.3,30.3,,,,,27.76,28.68,28.68,30.3,30.3,28.68,50.43,46.09,41.2,43.5,30.3,30.3,30.3,30.3,45.0,31.51,,,,,,
2019-08-31 05:00:00+02:00,,31.01,,22.02,38.08,30.93,,31.28,,31.01,31.01,31.01,31.01,46.0,31.01,23.14,22.61,,63.0,45.61,44.01,,21.55,,,,45.61,45.61,,45.61,45.61,45.61,45.61,45.61,31.01,31.01,,,,,27.13,28.18,28.18,31.01,31.01,28.18,50.32,46.0,44.02,47.25,31.01,31.01,31.01,31.01,45.61,31.28,,,,,,
2019-08-31 06:00:00+02:00,,31.28,,24.94,41.94,32.52,,31.51,,31.28,31.28,32.05,32.05,41.28,32.05,26.21,25.61,,59.02,45.0,51.47,,25.0,,,,45.0,45.0,,45.0,45.0,45.0,45.0,45.0,32.05,32.05,,,,,28.11,28.89,28.89,32.05,32.05,28.89,51.55,41.28,51.49,52.06,32.05,32.05,32.05,32.05,45.0,31.51,,,,,,
2019-08-31 07:00:00+02:00,,32.83,,26.26,50.12,34.02,,33.47,,32.83,32.83,33.64,33.64,39.52,33.64,27.6,26.96,,61.19,56.1,52.0,,25.7,,,,45.0,45.0,,45.0,45.0,45.0,46.97,45.0,33.64,33.64,,,,,27.8,28.16,28.16,33.64,33.64,28.16,55.19,39.52,52.01,57.95,33.64,33.64,33.64,33.64,56.1,33.47,,,,,,
2019-08-31 08:00:00+02:00,,32.35,,32.24,50.11,34.48,,34.43,,32.35,32.35,34.57,34.57,39.51,34.57,32.28,33.05,,59.08,56.1,56.51,,31.5,,,,48.0,48.0,,48.0,48.0,48.0,63.0,48.0,34.57,34.57,,,,,32.06,30.01,30.01,34.57,34.57,30.01,61.8,39.51,56.53,62.18,34.57,34.57,34.57,34.57,56.1,34.43,,,,,,
2019-08-31 09:00:00+02:00,,33.72,,33.72,44.24,34.11,,33.89,,33.72,33.72,35.53,35.53,41.07,35.53,33.72,34.77,,59.45,45.27,60.01,,35.6,,,,45.27,45.27,,45.27,45.27,45.27,56.31,45.27,35.53,35.53,,,,,33.72,30.51,30.51,35.53,35.53,30.51,63.8,41.07,60.03,65.07,35.53,35.53,35.53,35.53,45.27,33.89,,,,,,
2019-08-31 10:00:00+02:00,,31.29,,31.29,42.95,32.55,,32.2,,31.29,31.29,35.68,35.68,40.13,35.68,31.29,35.34,,59.07,56.1,57.95,,36.19,,,,45.0,45.0,,45.0,45.0,45.0,50.93,45.0,35.68,35.68,,,,,31.29,30.29,30.29,35.68,35.68,30.29,63.81,40.13,57.97,66.01,35.68,35.68,35.68,35.68,56.1,32.2,,,,,,
2019-08-31 11:00:00+02:00,,30.44,,30.44,47.01,31.92,,31.51,,30.44,30.44,35.49,35.49,41.28,35.49,30.44,38.04,,59.07,60.0,67.47,,38.96,,,,45.0,45.0,,45.0,45.0,45.0,48.93,45.0,35.49,35.49,,,,,30.44,29.46,29.46,35.49,35.49,29.46,63.79,41.28,67.5,67.08,35.49,35.49,35.49,35.49,60.0,31.51,,,,,,
2019-08-31 12:00:00+02:00,,29.63,,27.85,45.06,31.06,,31.51,,29.35,29.35,35.25,35.25,42.27,35.25,30.59,41.01,,58.46,78.0,78.03,,42.0,,,,43.79,43.79,,43.79,43.79,43.79,48.93,43.79,35.25,35.25,,,,,28.6,29.04,29.04,35.25,35.25,29.04,63.76,42.27,78.06,72.09,35.25,35.25,35.25,35.25,78.0,31.51,,,,,,
2019-08-31 13:00:00+02:00,,28.5,,28.5,45.09,30.72,,32.01,,28.5,28.5,34.43,34.43,43.07,34.43,28.5,36.86,,59.45,56.1,69.59,,37.75,,,,42.85,42.85,,42.85,42.85,42.85,42.85,42.85,34.43,34.43,,,,,28.5,28.5,28.5,34.43,34.43,28.5,63.45,43.07,69.61,69.05,34.43,34.43,34.43,34.43,56.1,32.01,,,,,,
2019-08-31 14:00:00+02:00,,28.03,,28.03,45.28,30.17,,31.51,,28.03,28.03,34.28,34.28,43.93,34.28,28.03,33.55,,59.45,56.1,63.46,,34.36,,,,42.82,42.82,,42.82,42.82,42.82,54.01,42.82,34.28,34.28,,,,,28.03,28.03,28.03,34.28,34.28,28.03,61.97,43.93,63.48,67.07,34.28,34.28,34.28,34.28,56.1,31.51,,,,,,
2019-08-31 15:00:00+02:00,,28.13,,28.13,47.04,30.75,,30.61,,28.13,28.13,34.35,34.72,43.01,34.72,28.13,29.0,,59.08,56.1,71.71,,29.7,,,,44.0,44.0,,44.0,44.0,44.0,60.01,44.0,34.72,34.72,,,,,28.13,28.13,28.13,34.35,34.35,28.13,62.01,43.01,71.73,69.07,34.35,34.35,34.35,34.35,56.1,30.61,,,,,,
2019-08-31 16:00:00+02:00,,29.87,,29.87,47.03,31.21,,31.51,,29.87,29.87,34.5,40.48,42.01,40.48,29.87,30.79,,59.46,56.1,77.03,,30.0,,,,47.67,47.67,,47.67,47.67,47.67,69.93,47.67,40.48,40.48,,,,,29.87,28.97,28.97,34.5,34.5,28.97,61.93,42.01,77.05,72.92,34.5,34.5,34.5,34.5,56.1,31.51,,,,,,
2019-08-31 17:00:00+02:00,,32.59,,32.59,51.97,34.86,,34.32,,32.59,32.59,34.97,46.06,41.08,46.06,32.59,33.59,,62.74,56.1,78.02,,33.0,,,,50.06,50.06,,50.06,50.06,50.06,74.31,50.06,46.06,46.06,,,,,32.59,30.02,30.02,34.97,34.97,30.02,59.49,41.08,78.05,75.1,34.97,34.97,34.97,34.97,56.1,34.32,,,,,,
2019-08-31 18:00:00+02:00,,40.68,,40.68,50.14,39.74,,38.76,,40.68,40.68,40.68,45.45,44.49,45.45,40.68,41.92,,67.51,55.62,73.82,,42.95,,,,60.0,60.0,,55.62,60.0,60.0,97.57,60.0,45.45,45.45,,,,,40.68,30.05,30.05,38.15,37.67,30.05,58.54,44.49,73.85,76.13,38.3,38.3,38.3,38.3,55.62,38.76,,,,,,
2019-08-31 19:00:00+02:00,,47.21,,33.5,50.13,42.54,,43.9,,47.21,47.21,47.21,45.45,44.8,45.45,41.03,49.83,,69.54,56.1,79.1,,49.01,,,,60.0,60.0,,56.1,60.0,60.0,114.32,60.0,45.45,45.45,,,,,48.34,30.06,30.06,37.76,37.76,30.06,58.63,44.8,79.13,78.85,39.5,39.5,39.5,45.45,56.1,43.9,,,,,,
2019-08-31 20:00:00+02:00,,47.0,,44.31,50.13,41.73,,44.29,,47.0,47.0,47.0,44.53,45.66,44.53,45.66,54.01,,69.51,91.1,135.02,,51.5,,,,72.35,72.35,,65.0,72.35,72.35,115.32,72.35,44.53,44.53,,,,,47.45,30.02,30.02,37.46,37.46,30.02,61.93,45.66,135.08,97.95,39.04,39.04,39.04,44.53,91.1,44.29,,,,,,
2019-08-31 21:00:00+02:00,,41.42,,41.42,50.12,40.27,,40.83,,41.42,41.42,41.42,38.01,46.66,38.01,41.42,57.8,,67.65,56.1,73.17,,56.0,,,,57.19,57.19,,56.1,57.19,57.19,114.32,57.19,38.01,38.01,,,,,41.42,30.28,30.28,35.96,35.96,30.28,57.85,46.66,73.2,74.08,38.01,38.01,38.01,38.01,56.1,40.83,,,,,,
2019-08-31 22:00:00+02:00,,37.07,,37.07,53.0,38.68,,37.96,,37.07,37.07,37.07,35.89,44.8,35.89,37.07,53.48,,67.16,50.0,73.5,,50.99,,,,50.0,50.0,,50.0,50.0,50.0,89.93,50.0,35.89,35.89,,,,,37.07,30.42,30.42,35.6,35.6,30.42,55.74,44.8,73.53,65.99,35.89,35.89,35.89,35.89,50.0,37.96,,,,,,
2019-08-31 23:00:00+02:00,,33.02,,33.02,69.55,34.54,,33.91,,33.02,33.02,33.02,33.02,44.8,33.02,33.02,38.69,,58.71,45.0,57.94,,39.64,,,,45.0,45.0,,45.0,45.0,45.0,75.56,45.0,33.02,33.02,,,,,33.02,30.32,30.32,33.02,33.02,30.32,57.83,44.8,57.96,58.7,33.02,33.02,33.02,33.02,45.0,33.91,,,,,,
2019-09-01 00:00:00+02:00,,27.2,,27.2,50.15,30.86,,30.43,,27.2,27.2,28.75,28.75,46.53,28.75,27.2,37.57,,58.53,65.89,65.19,,37.97,,,,48.18,48.18,,48.18,48.18,48.18,66.82,48.18,28.75,28.75,,,,,27.2,28.75,28.75,28.75,28.75,28.75,49.93,46.53,65.25,57.96,28.75,28.75,28.75,28.75,65.89,30.43,,,,,,
2019-09-01 01:00:00+02:00,,26.7,,26.7,56.08,28.65,,28.5,,26.7,26.7,27.36,27.36,42.01,27.36,26.7,27.41,,60.96,51.5,51.09,,28.19,,,,44.41,44.41,,44.41,44.41,44.41,71.0,44.41,27.36,27.36,,,,,26.7,27.36,27.36,27.36,27.36,27.36,46.29,42.01,51.14,47.05,27.36,27.36,27.36,27.36,51.5,28.5,,,,,,
2019-09-01 02:00:00+02:00,,26.47,,26.47,56.08,27.39,,27.3,,26.47,26.47,26.47,26.47,40.0,26.47,26.47,27.07,,60.96,51.5,48.05,,27.0,,,,44.17,47.61,,44.17,47.61,47.61,71.0,47.61,26.47,26.47,,,,,26.47,26.47,26.47,26.47,26.47,26.47,44.8,40.0,48.09,38.69,26.47,26.47,26.47,26.47,51.5,27.3,,,,,,
2019-09-01 03:00:00+02:00,,25.92,,25.78,50.79,26.58,,27.4,,25.92,26.55,26.55,26.55,41.42,26.55,25.86,26.36,,58.65,42.0,45.62,,27.0,,,,47.83,47.83,,42.0,47.83,47.83,71.0,47.83,26.55,26.55,,,,,25.93,26.55,26.55,26.55,26.55,26.55,42.84,41.42,45.66,38.05,26.55,26.55,26.55,26.55,42.0,27.4,,,,,,
2019-09-01 04:00:00+02:00,,25.29,,24.8,53.91,26.25,,27.12,,25.29,25.91,25.91,25.91,41.08,25.91,25.06,25.54,,57.42,45.0,41.29,,25.05,,,,48.0,48.0,,45.0,48.0,48.0,56.0,48.0,25.91,25.91,,,,,25.34,25.91,25.91,25.91,25.91,25.91,42.16,41.08,41.32,38.04,25.91,25.91,25.91,25.91,45.0,27.12,,,,,,
2019-09-01 05:00:00+02:00,,25.97,,25.83,50.14,26.07,,26.68,,25.97,26.61,26.61,26.61,41.81,26.61,25.91,26.4,,48.17,41.25,37.09,,25.89,,,,48.0,48.0,,41.25,48.0,48.0,48.0,48.0,26.61,26.61,,,,,25.99,26.61,26.61,26.61,26.61,26.61,40.45,41.81,37.13,40.02,26.61,26.61,26.61,26.61,41.25,26.68,,,,,,
2019-09-01 06:00:00+02:00,,26.49,,26.49,50.12,27.68,,26.5,,26.49,27.16,27.16,27.16,38.39,27.16,26.49,27.07,,42.52,48.93,43.08,,26.55,,,,47.83,47.83,,47.83,47.83,47.83,47.83,47.83,27.16,27.16,,,,,26.49,27.16,27.16,27.16,27.16,27.16,40.93,38.39,43.12,43.64,27.16,27.16,27.16,27.16,48.93,26.5,,,,,,
2019-09-01 07:00:00+02:00,,26.49,,26.49,65.07,27.36,,26.4,,26.49,27.36,27.36,27.36,36.52,27.36,26.49,27.07,,42.15,57.0,51.05,,27.0,,,,47.83,47.83,,45.0,47.83,47.83,47.83,47.83,27.36,27.36,,,,,26.49,27.36,27.36,27.36,27.36,27.36,46.36,36.52,51.1,47.19,27.36,27.36,27.36,27.36,57.0,26.4,,,,,,
2019-09-01 08:00:00+02:00,,26.84,,26.84,49.02,28.12,,27.6,,26.84,28.37,32.86,32.86,36.5,32.86,26.84,27.43,,58.65,53.0,44.05,,28.22,,,,47.83,47.83,,44.0,47.83,47.83,47.83,47.83,32.86,32.86,,,,,26.84,28.37,28.37,32.86,32.86,28.37,51.91,36.5,44.09,51.06,32.86,32.86,32.86,32.86,53.0,27.6,,,,,,
2019-09-01 09:00:00+02:00,,30.1,,30.1,57.71,28.45,,28.2,,30.1,34.99,34.99,45.77,37.9,45.77,30.1,31.37,,58.65,51.5,52.72,,32.27,,,,47.83,47.83,,47.83,47.83,47.83,71.0,47.83,45.77,45.77,,,,,30.1,30.46,30.46,34.99,34.99,30.46,46.25,37.9,51.85,58.02,34.99,34.99,34.99,34.99,51.5,28.2,,,,,,
2019-09-01 10:00:00+02:00,,29.7,,29.7,40.94,26.64,,27.5,,29.7,30.68,35.79,46.07,36.13,46.07,29.7,44.94,,57.45,79.0,61.29,,46.24,,,,49.0,49.0,,49.0,49.0,49.0,71.0,49.0,49.63,49.63,,,,,29.7,30.68,30.68,35.79,35.79,30.68,50.15,36.13,46.88,61.01,35.79,35.79,35.79,35.79,79.0,27.5,,,,,,
2019-09-01 11:00:00+02:00,,30.17,,30.17,50.13,26.04,,26.63,,30.17,30.73,35.72,46.58,38.0,46.58,30.17,46.5,,58.65,80.06,62.52,,47.84,,,,48.0,48.0,,48.0,48.0,48.0,60.01,48.0,49.79,49.79,,,,,30.17,30.73,30.73,35.72,35.72,30.73,50.32,38.0,45.6,59.43,35.72,35.72,35.72,35.72,80.06,26.63,,,,,,
2019-09-01 12:00:00+02:00,,31.01,,31.01,66.31,25.51,,26.4,,31.01,31.01,35.0,44.54,38.0,44.54,31.01,45.66,,58.65,80.07,61.28,,46.98,,,,47.0,47.0,,47.0,47.0,47.0,51.82,47.0,49.88,49.88,,,,,31.01,30.91,30.91,35.0,35.0,30.91,50.41,38.0,48.47,59.08,35.0,35.0,35.0,35.0,80.07,26.4,,,,,,
2019-09-01 13:00:00+02:00,,30.23,,30.23,56.17,23.31,,26.04,,30.23,30.23,34.27,43.22,42.59,43.22,30.23,42.61,,58.65,51.5,51.07,,43.84,,,,45.0,45.0,,45.0,45.0,45.0,54.0,45.0,49.72,49.72,,,,,30.23,30.23,30.23,34.27,34.27,30.23,50.25,42.59,50.59,59.08,34.27,34.27,34.27,34.27,51.5,26.04,,,,,,
2019-09-01 14:00:00+02:00,,28.39,,28.39,69.54,22.19,,26.62,,28.39,29.33,33.74,43.32,41.82,43.32,28.39,35.25,,58.65,51.5,51.02,,37.15,,,,47.61,47.61,,47.61,47.61,47.61,47.61,47.61,43.58,43.58,,,,,28.39,29.33,29.33,33.74,33.74,29.33,50.53,41.82,51.07,58.91,33.74,33.74,33.74,33.74,51.5,26.62,,,,,,
2019-09-01 15:00:00+02:00,,27.74,,27.74,69.57,22.15,,26.35,,27.74,28.66,32.99,43.57,38.0,43.57,27.74,28.46,,56.74,51.04,51.09,,30.0,,,,48.0,48.0,,48.0,48.0,48.0,48.0,48.0,43.57,43.57,,,,,27.74,28.66,28.66,32.99,32.99,28.66,50.19,38.0,51.15,58.04,32.99,32.99,32.99,32.99,51.04,26.35,,,,,,
2019-09-01 16:00:00+02:00,,27.2,,27.2,76.21,23.76,,26.2,,27.2,28.1,33.04,43.57,36.0,43.57,27.2,27.79,,58.67,51.5,60.18,,30.0,,,,48.0,48.0,,48.0,48.0,48.0,48.0,48.0,43.57,43.57,,,,,27.2,28.1,28.1,33.04,33.04,28.1,50.49,36.0,60.24,61.09,33.04,33.04,33.04,33.04,51.5,26.2,,,,,,
2019-09-01 17:00:00+02:00,,29.94,,29.94,110.04,30.19,,32.0,,29.94,30.77,32.4,46.23,34.0,46.23,29.94,32.31,,65.92,50.0,50.03,,33.36,,,,48.0,48.0,,48.0,48.0,48.0,48.03,48.0,46.23,46.23,,,,,29.94,30.77,30.77,32.4,32.4,30.77,50.58,34.0,50.09,65.35,32.4,32.4,32.4,32.4,50.0,32.0,,,,,,
2019-09-01 18:00:00+02:00,,34.07,,34.07,110.03,36.1,,42.92,,34.07,34.07,34.07,45.74,34.07,45.74,34.07,41.85,,66.42,52.0,50.53,,44.12,,,,52.0,52.0,,52.0,52.0,52.0,71.0,52.0,45.74,45.74,,,,,34.07,32.4,32.4,34.07,34.07,32.4,50.44,34.07,50.59,68.09,34.07,34.07,34.07,34.07,52.0,42.92,,,,,,
2019-09-01 19:00:00+02:00,,36.52,,36.52,110.07,39.51,,44.0,,36.52,36.52,36.52,43.55,36.52,43.55,36.52,47.47,,67.23,80.03,73.79,,50.0,,,,57.22,57.22,,57.22,57.22,57.22,71.82,57.22,43.55,43.55,,,,,36.52,32.77,32.77,36.25,36.25,32.77,50.98,36.52,73.87,80.07,36.52,36.52,36.52,36.52,80.03,44.0,,,,,,
2019-09-01 20:00:00+02:00,,39.67,,39.67,113.02,39.97,,45.08,,39.67,39.67,39.67,38.77,39.67,38.77,39.67,60.23,,67.18,110.06,100.94,,61.99,,,,65.0,65.0,,65.0,65.0,65.0,113.32,65.0,43.53,43.53,,,,,39.67,32.97,32.97,36.75,36.75,32.97,58.47,39.67,101.06,95.04,38.72,38.72,38.72,38.72,110.06,45.08,,,,,,
2019-09-01 21:00:00+02:00,,38.76,,38.76,110.08,39.0,,43.0,,38.76,38.76,38.76,37.83,47.19,37.83,38.76,66.07,,61.2,65.86,60.68,,69.0,,,,55.0,55.0,,55.0,55.0,55.0,71.82,55.0,37.83,37.83,,,,,38.76,33.35,33.35,35.87,35.87,33.35,53.77,47.19,60.75,71.3,37.83,37.83,37.83,37.83,65.86,43.0,,,,,,
2019-09-01 22:00:00+02:00,,37.33,,37.33,110.02,38.99,,41.25,,37.33,37.33,37.33,36.43,42.0,36.43,37.33,57.26,,59.86,54.0,61.09,,60.38,,,,54.0,54.0,,54.0,54.0,54.0,71.82,54.0,36.43,36.43,,,,,37.33,32.74,32.74,35.79,35.79,32.74,50.48,42.0,61.16,58.01,36.43,36.43,36.43,36.43,54.0,41.25,,,,,,
2019-09-01 23:00:00+02:00,,34.35,,34.35,66.25,36.2,,37.48,,34.35,34.35,34.35,34.24,37.5,34.24,34.35,40.75,,58.53,61.0,61.25,,42.97,,,,47.61,47.61,,47.61,47.61,47.61,51.82,47.61,34.24,34.24,,,,,34.35,31.97,31.97,34.24,34.24,31.97,49.37,37.5,61.32,56.57,34.24,34.24,34.24,34.24,61.0,37.48,,,,,,
2019-09-02 00:00:00+02:00,,29.28,,29.28,50.11,31.27,,29.4,,29.28,29.28,30.0,30.0,33.0,30.0,29.28,48.28,,62.77,44.83,56.04,,48.47,,,,44.83,44.83,,44.83,44.83,44.83,44.83,44.83,30.0,30.0,,,,,29.28,30.0,30.0,30.0,30.0,30.0,52.86,33.0,56.1,55.26,30.0,30.0,30.0,30.0,44.83,29.4,,,,,,
2019-09-02 01:00:00+02:00,,26.97,,26.97,42.09,30.06,,28.0,,26.97,26.97,26.97,26.97,30.5,26.97,26.97,37.44,,62.18,40.1,45.28,,38.54,,,,40.1,44.6,,40.1,44.6,44.6,44.6,44.6,26.97,26.97,,,,,26.97,26.97,26.97,26.97,26.97,26.97,50.98,30.5,45.34,47.06,26.97,26.97,26.97,26.97,40.1,28.0,,,,,,
2019-09-02 02:00:00+02:00,,25.96,,25.96,40.47,29.18,,27.7,,25.96,25.96,25.96,25.96,25.96,25.96,25.96,31.82,,62.19,38.67,43.32,,32.76,,,,38.67,42.7,,38.67,42.7,42.7,42.7,42.7,25.96,25.96,,,,,25.96,25.96,25.96,25.96,25.96,25.96,50.98,25.96,43.37,39.53,25.96,25.96,25.96,25.96,38.67,27.7,,,,,,
2019-09-02 03:00:00+02:00,,25.0,,25.0,40.49,29.12,,27.5,,25.0,25.0,25.0,25.0,25.0,25.0,25.0,28.63,,58.65,38.3,39.98,,29.47,,,,38.3,42.0,,38.3,42.0,42.0,42.0,42.0,25.0,25.0,,,,,25.0,25.0,25.0,25.0,25.0,25.0,50.98,25.0,40.02,38.39,25.0,25.0,25.0,25.0,38.3,27.5,,,,,,
2019-09-02 04:00:00+02:00,,25.63,,25.63,50.11,29.86,,27.5,,25.63,25.63,26.26,26.26,25.63,26.26,25.63,26.87,,58.65,39.1,48.52,,27.67,,,,39.1,42.0,,39.1,42.0,42.0,42.0,42.0,26.26,26.26,,,,,25.63,26.26,26.26,26.26,26.26,26.26,51.71,25.63,48.57,40.84,26.26,26.26,26.26,26.26,39.1,27.5,,,,,,
2019-09-02 05:00:00+02:00,,28.29,,27.34,50.13,31.16,,29.76,,28.18,28.18,29.96,29.96,27.06,29.96,27.06,28.62,,60.87,56.0,75.05,,30.19,,,,43.16,43.16,,43.16,43.16,43.16,43.16,43.16,29.96,29.96,,,,,27.73,29.96,29.96,29.96,29.96,29.96,50.83,27.06,75.12,51.33,29.96,29.96,29.96,29.96,56.0,29.76,,,,,,
2019-09-02 06:00:00+02:00,,38.21,,35.91,50.13,37.91,,40.9,,38.21,38.21,38.21,54.73,34.58,54.73,34.58,38.85,,65.84,140.0,127.41,,37.22,,,,53.0,53.0,,53.0,53.0,53.0,53.0,53.0,54.73,54.73,,,,,37.88,31.62,31.62,38.21,38.21,31.62,55.35,34.58,127.52,67.07,38.21,38.21,38.21,38.21,140.0,40.9,,,,,,
2019-09-02 07:00:00+02:00,,46.09,,46.09,60.34,44.01,,50.73,,46.09,46.09,46.09,61.73,46.09,61.73,46.09,47.26,,68.98,180.04,135.04,,45.29,,,,57.03,57.03,,57.03,57.03,57.03,57.03,57.03,61.73,61.73,,,,,46.09,31.75,31.75,39.2,35.57,31.75,62.42,46.09,135.15,80.25,40.15,40.15,40.15,46.09,180.04,50.73,,,,,,
2019-09-02 08:00:00+02:00,,49.55,,49.55,60.36,45.95,,64.68,,49.55,49.55,50.77,64.8,49.55,64.8,49.55,51.41,,70.93,180.06,135.03,,49.26,,,,71.43,71.43,,71.43,71.43,71.43,71.43,71.43,64.8,64.8,,,,,49.55,32.06,32.06,39.8,36.46,32.06,65.53,49.55,135.14,96.01,40.65,40.65,49.55,50.77,180.06,64.68,,,,,,
2019-09-02 09:00:00+02:00,,48.29,,48.29,60.34,42.04,,67.0,,48.29,48.29,48.29,65.94,48.29,65.94,48.29,55.79,,68.94,180.06,132.86,,58.84,,,,70.02,70.02,,70.02,70.02,70.02,70.45,70.02,65.94,65.94,,,,,48.29,32.46,32.46,39.76,36.95,32.46,66.69,48.29,132.95,96.09,40.26,40.26,48.29,48.29,180.06,67.0,,,,,,
2019-09-02 10:00:00+02:00,,44.07,,44.07,60.35,40.02,,78.17,,44.07,44.07,44.07,65.88,44.07,65.88,44.07,48.36,,70.93,180.02,126.71,,50.92,,,,70.97,70.97,,70.97,70.97,70.97,70.97,70.97,65.88,65.88,,,,,44.07,32.44,32.44,39.81,37.45,32.44,67.21,44.07,126.8,96.67,40.29,40.29,44.07,44.07,180.02,78.17,,,,,,
2019-09-02 11:00:00+02:00,,41.81,,41.81,60.35,41.02,,78.86,,41.81,41.81,41.81,66.21,41.81,66.21,41.81,42.87,,71.96,200.0,135.04,,44.15,,,,70.97,70.97,,70.97,70.97,70.97,70.97,70.97,66.21,66.21,,,,,41.81,32.24,32.24,39.69,37.88,32.24,67.29,41.81,135.13,109.96,40.48,40.48,41.81,41.81,200.0,78.86,,,,,,
2019-09-02 12:00:00+02:00,,38.99,,38.83,60.36,38.13,,73.3,,38.95,38.95,39.24,65.29,39.1,65.29,39.1,39.81,,72.31,200.02,137.44,,40.99,,,,57.0,57.0,,57.0,57.0,57.0,57.0,57.0,65.29,65.29,,,,,38.83,32.24,32.24,38.51,38.51,32.24,67.2,39.1,137.52,111.26,39.24,39.24,39.24,39.24,200.02,73.3,,,,,,
2019-09-02 13:00:00+02:00,,38.19,,38.1,69.54,38.21,,38.94,,38.18,38.18,39.12,64.94,41.16,64.94,38.21,38.9,,78.91,200.0,135.04,,40.06,,,,70.91,70.91,,70.91,70.91,70.91,70.91,70.91,64.94,64.94,,,,,38.15,32.22,32.22,38.64,38.64,32.22,66.6,41.16,135.12,109.6,39.12,39.12,39.12,39.12,200.0,67.8,,,,,,
2019-09-02 14:00:00+02:00,,36.73,,36.65,69.54,38.03,,38.28,,36.72,36.72,38.87,50.07,40.0,50.07,36.76,37.42,,78.89,170.06,126.44,,38.54,,,,70.97,70.97,,70.97,70.97,70.97,70.97,70.97,50.07,50.07,,,,,36.7,32.17,32.17,38.87,38.87,32.17,66.58,40.0,126.5,100.37,38.87,38.87,38.87,38.87,170.06,66.7,,,,,,
2019-09-02 15:00:00+02:00,,35.99,,35.99,69.56,37.92,,38.5,,35.99,35.99,38.46,54.02,40.2,54.02,35.99,36.64,,85.9,160.1,126.44,,35.98,,,,71.93,71.93,,71.93,71.93,71.93,71.93,71.93,54.02,54.02,,,,,35.99,32.15,32.15,38.46,38.46,32.15,65.73,40.74,126.5,97.49,38.46,38.46,38.46,38.46,160.1,66.6,,,,,,
2019-09-02 16:00:00+02:00,,37.57,,37.57,60.38,38.48,,55.0,,37.57,37.57,38.49,60.07,38.2,60.07,37.57,38.24,,80.26,180.04,128.14,,37.55,,,,71.5,71.5,,71.5,71.5,71.5,71.5,71.5,60.07,60.07,,,,,37.57,32.19,32.19,38.49,38.49,32.19,64.78,42.6,128.19,98.06,38.49,38.49,38.49,38.49,180.04,65.02,,,,,,
2019-09-02 17:00:00+02:00,,40.84,,40.84,69.57,41.88,,44.8,,40.84,40.84,40.84,60.0,40.84,60.0,40.84,41.58,,85.91,200.0,130.0,,42.82,,,,71.42,71.42,,71.42,71.42,71.42,97.45,71.42,60.0,60.0,,,,,40.84,32.09,32.09,38.92,38.92,32.09,64.3,43.98,130.05,100.03,40.84,40.84,40.84,40.84,200.0,64.07,,,,,,
2019-09-02 18:00:00+02:00,,45.41,,45.41,69.55,46.07,,47.58,,45.41,45.41,45.41,60.01,45.41,60.01,45.41,46.22,,80.35,200.0,129.94,,47.6,,,,71.42,71.42,,71.42,71.42,71.42,113.32,71.42,60.01,60.01,,,,,45.41,31.89,31.89,39.29,39.29,31.89,63.85,45.41,129.98,95.05,41.02,41.02,41.02,45.41,200.0,47.58,,,,,,
2019-09-02 19:00:00+02:00,,58.82,,49.4,73.0,46.58,,52.53,,61.67,61.67,61.67,63.94,49.55,63.94,49.55,50.43,,87.5,135.0,137.65,,50.92,,,,71.93,71.93,,71.93,71.93,71.93,114.32,71.93,63.94,63.94,,,,,52.29,31.85,31.85,39.62,39.62,31.85,65.74,49.55,137.69,110.04,40.76,40.76,40.76,61.67,135.0,52.53,,,,,,
2019-09-02 20:00:00+02:00,,52.37,,50.88,69.57,45.82,,53.8,,52.91,52.91,52.91,54.23,49.78,54.23,49.78,50.67,,80.42,160.03,138.5,,50.92,,,,71.43,71.43,,71.43,71.43,71.43,115.32,71.43,54.23,54.23,,,,,52.53,31.87,31.87,39.92,39.92,31.87,66.53,49.78,138.53,121.0,41.0,41.0,41.0,52.91,160.03,53.8,,,,,,
2019-09-02 21:00:00+02:00,,46.92,,46.92,60.37,44.29,,47.9,,46.92,46.92,46.92,47.2,46.92,47.2,46.92,47.9,,69.04,110.0,105.89,,49.92,,,,71.42,71.42,,71.42,71.42,71.42,114.32,71.42,47.2,47.2,,,,,46.92,31.91,31.91,38.44,38.44,31.91,62.16,46.92,105.91,90.85,41.13,41.13,41.13,46.92,110.0,47.9,,,,,,
2019-09-02 22:00:00+02:00,,40.76,,40.76,60.37,41.9,,41.8,,40.76,40.76,40.76,40.4,40.76,40.4,40.76,41.62,,64.91,110.0,100.87,,43.91,,,,53.7,53.7,,53.7,53.7,53.7,97.57,53.7,40.4,40.4,,,,,40.76,31.66,31.66,37.4,37.4,31.66,51.76,40.76,100.88,70.77,40.4,40.4,40.4,40.4,110.0,41.8,,,,,,
2019-09-02 23:00:00+02:00,,35.24,,35.17,60.06,36.03,,33.82,,35.24,35.24,35.24,35.24,35.27,35.24,35.27,35.89,,65.92,54.0,69.96,,35.93,,,,54.0,54.0,,54.0,54.0,54.0,74.45,54.0,35.24,35.24,,,,,35.22,30.27,30.27,35.24,35.24,30.27,50.98,35.27,69.97,60.01,35.24,35.24,35.24,35.24,54.0,33.82,,,,,,
2019-09-03 00:00:00+02:00,,31.93,,31.71,50.16,31.26,,30.01,,31.89,31.89,34.4,34.4,33.75,34.4,32.03,32.77,,65.83,50.03,53.0,,33.59,,,,45.54,45.54,,45.54,45.54,45.54,48.45,45.54,34.4,34.4,,,,,31.81,30.12,30.79,34.4,34.4,30.12,50.6,33.75,53.0,53.99,34.4,34.4,34.4,34.4,50.03,30.01,,,,,,
2019-09-03 01:00:00+02:00,,28.15,,28.1,50.13,28.59,,27.6,,28.14,28.14,34.22,34.22,32.95,34.22,28.18,28.84,,63.72,43.75,47.25,,29.54,,,,43.75,43.75,,43.75,43.75,43.75,44.43,43.75,34.22,34.22,,,,,28.12,28.14,28.14,34.22,34.22,28.14,50.85,32.95,47.25,51.05,34.22,34.22,34.22,34.22,43.75,27.6,,,,,,
2019-09-03 02:00:00+02:00,,26.95,,26.95,47.27,27.44,,26.55,,26.95,26.95,33.58,33.58,32.9,33.58,26.95,27.58,,62.63,41.51,36.81,,26.29,,,,41.51,41.51,,41.51,41.51,41.51,41.51,41.51,33.58,33.58,,,,,26.95,26.95,26.95,33.58,33.58,26.95,51.67,32.9,36.81,44.9,33.58,33.58,33.58,33.58,41.51,26.55,,,,,,
2019-09-03 03:00:00+02:00,,24.3,,24.3,47.22,26.65,,25.99,,24.3,24.3,34.11,34.11,32.95,34.11,24.3,24.88,,60.95,40.72,34.14,,23.71,,,,40.72,40.72,,40.72,40.72,40.72,40.72,40.72,34.11,34.11,,,,,24.3,24.3,24.3,34.11,34.11,24.3,50.98,32.95,34.14,40.94,34.11,34.11,34.11,34.11,40.72,25.99,,,,,,
2019-09-03 04:00:00+02:00,,24.1,,24.1,50.12,26.59,,26.6,,24.1,24.1,34.79,34.79,33.0,34.79,24.1,24.68,,62.62,40.51,38.07,,23.51,,,,40.51,40.51,,40.51,40.51,40.51,40.51,40.51,34.79,34.79,,,,,24.1,24.1,24.1,34.79,34.79,24.1,50.79,33.0,38.07,41.98,34.79,34.79,34.79,34.79,40.51,26.6,,,,,,
2019-09-03 05:00:00+02:00,,28.23,,28.23,50.15,29.48,,28.57,,28.23,28.23,35.63,45.25,33.75,45.25,28.23,28.91,,63.71,53.1,52.86,,27.54,,,,43.52,43.52,,43.52,43.52,43.52,43.52,43.52,45.25,45.25,,,,,28.23,28.34,28.34,35.63,35.63,28.34,50.04,33.75,52.86,51.1,35.63,35.63,35.63,35.63,53.1,28.57,,,,,,
2019-09-03 06:00:00+02:00,,32.44,,32.44,64.22,36.59,,38.96,,32.44,32.44,37.5,58.69,40.46,58.69,32.44,33.24,,65.8,58.01,64.88,,31.66,,,,52.73,52.73,,52.73,52.73,52.73,52.73,52.73,58.69,58.69,,,,,32.44,29.19,31.4,37.5,36.99,29.19,58.96,40.46,68.47,69.93,37.5,37.5,37.5,37.5,58.01,38.96,,,,,,
2019-09-03 07:00:00+02:00,,40.74,,40.74,69.58,42.98,,45.01,,40.74,40.74,40.74,64.24,45.9,64.24,40.74,41.87,,72.27,55.15,70.45,,38.72,,,,55.15,55.15,,55.15,55.15,55.15,71.0,55.15,64.24,64.24,,,,,40.74,30.15,31.72,40.0,40.0,30.15,64.55,45.9,70.45,79.59,40.74,40.74,40.74,40.74,55.15,45.01,,,,,,
2019-09-03 08:00:00+02:00,,41.03,,40.88,69.57,43.31,,46.0,,40.97,40.97,40.97,67.05,42.42,67.05,41.17,42.21,,78.83,69.85,73.79,,45.33,,,,69.85,69.85,,69.85,69.85,69.85,74.45,69.85,67.05,67.05,,,,,40.88,30.81,31.62,40.42,40.42,30.81,67.4,42.42,73.8,87.71,40.97,40.97,40.97,40.97,69.85,46.0,,,,,,
2019-09-03 09:00:00+02:00,,37.96,,37.96,69.54,40.96,,44.01,,37.96,37.96,39.55,67.48,46.08,67.48,37.96,44.9,,72.24,71.0,75.03,,47.02,,,,71.0,71.0,,71.0,71.0,71.0,74.45,71.0,67.48,67.48,,,,,37.96,30.91,31.92,39.55,39.55,30.91,67.85,46.08,75.04,91.63,39.55,39.55,39.55,39.55,71.0,67.39,,,,,,
2019-09-03 10:00:00+02:00,,34.15,,32.95,59.36,38.82,,40.14,,32.95,32.95,39.34,67.07,46.89,67.07,37.13,45.84,,72.24,58.0,70.05,,47.99,,,,58.0,58.0,,58.0,58.0,58.0,71.0,58.0,67.07,67.07,,,,,32.95,30.92,31.9,39.34,39.34,30.92,67.46,46.89,70.05,90.02,39.34,39.34,39.34,39.34,58.0,67.9,,,,,,
2019-09-03 11:00:00+02:00,,34.92,,35.6,69.54,37.42,,38.37,,31.05,31.05,38.65,67.44,46.9,67.44,38.07,39.74,,72.21,57.03,73.79,,41.59,,,,57.03,57.03,,57.03,57.03,57.03,57.03,57.03,67.44,67.44,,,,,32.08,30.57,31.05,38.65,38.26,30.57,67.85,46.9,73.8,88.67,38.65,38.65,38.65,38.65,57.03,67.39,,,,,,
2019-09-03 12:00:00+02:00,,33.1,,30.21,69.59,34.7,,37.55,,29.82,29.82,38.74,67.01,48.07,67.01,37.65,38.64,,72.21,53.1,89.12,,40.43,,,,48.98,48.98,,48.98,48.98,48.98,50.01,48.98,67.01,67.01,,,,,29.9,29.82,29.82,38.74,37.56,29.82,67.43,48.07,89.12,93.73,38.74,38.74,38.74,38.74,53.1,67.0,,,,,,
2019-09-03 13:00:00+02:00,,32.55,,31.15,87.87,34.3,,33.2,,31.15,31.15,38.43,67.44,49.0,67.44,36.09,37.05,,69.0,49.25,82.83,,38.76,,,,49.25,49.25,,49.25,49.25,49.25,49.25,49.25,67.44,67.44,,,,,31.15,30.1,30.16,38.43,37.49,30.1,67.88,49.0,82.83,88.76,38.43,38.43,38.43,38.43,49.25,66.84,,,,,,
2019-09-03 14:00:00+02:00,,32.42,,32.3,86.45,33.72,,31.98,,31.7,31.7,38.28,54.98,46.9,54.98,33.16,34.06,,72.23,54.0,75.08,,35.61,,,,54.0,54.0,,54.0,54.0,54.0,54.0,54.0,54.98,54.98,,,,,31.71,30.24,30.7,38.28,38.28,30.24,64.91,46.9,75.08,86.84,38.28,38.28,38.28,38.28,54.0,62.03,,,,,,
2019-09-03 15:00:00+02:00,,32.01,,32.01,86.42,33.89,,32.47,,32.01,32.01,38.22,60.89,46.5,60.89,32.01,33.12,,69.0,56.97,73.79,,34.62,,,,56.97,56.97,,56.97,56.97,56.97,56.97,56.97,60.89,60.89,,,,,32.01,30.23,30.99,38.22,38.22,30.23,64.92,46.5,73.8,90.03,38.22,38.22,38.22,38.22,56.97,66.0,,,,,,
2019-09-03 16:00:00+02:00,,33.29,,33.29,69.58,35.37,,34.67,,33.29,33.29,38.51,66.01,46.09,66.01,33.29,34.31,,69.05,57.27,67.45,,35.86,,,,57.27,57.27,,57.27,57.27,57.27,57.27,57.27,66.01,66.01,,,,,33.29,30.32,32.23,38.51,38.51,30.32,66.49,46.09,67.46,85.76,38.51,38.51,38.51,38.51,57.27,58.01,,,,,,
2019-09-03 17:00:00+02:00,,39.76,,39.76,74.69,39.52,,38.97,,39.76,39.76,39.76,64.07,46.9,64.07,39.76,41.15,,72.33,57.03,66.2,,43.0,,,,57.03,57.03,,57.03,57.03,57.03,70.45,57.03,64.07,64.07,,,,,39.76,30.17,36.71,39.55,39.55,30.17,64.55,46.9,66.21,81.61,39.76,39.76,39.76,39.76,57.03,38.97,,,,,,
2019-09-03 18:00:00+02:00,,44.96,,44.96,84.66,43.66,,45.36,,44.96,44.96,44.96,62.84,47.79,62.84,44.96,46.55,,79.02,55.15,69.56,,48.62,,,,55.15,55.15,,55.15,55.15,55.15,74.45,55.15,62.84,62.84,,,,,44.96,30.05,36.81,39.07,39.07,30.05,63.33,47.79,69.57,84.08,41.61,41.61,44.96,44.96,55.15,45.36,,,,,,
2019-09-03 19:00:00+02:00,,50.83,,50.83,104.06,49.67,,54.0,,50.83,50.83,50.83,67.55,50.83,68.66,50.83,52.29,,85.96,64.31,98.96,,54.59,,,,64.31,64.31,,64.31,64.31,64.31,94.5,64.31,67.55,67.55,,,,,50.83,30.32,36.92,38.76,38.76,30.32,68.09,50.83,98.96,103.73,41.53,41.53,50.83,50.83,64.31,54.0,,,,,,
2019-09-03 20:00:00+02:00,,52.99,,51.95,95.08,49.59,,53.75,,53.36,53.36,53.36,60.1,51.22,59.0,51.22,52.7,,78.48,60.0,90.92,,53.7,,,,60.0,60.0,,60.0,60.0,60.0,114.32,60.0,60.1,60.1,,,,,53.1,30.34,36.87,39.49,39.49,30.34,66.98,51.22,90.93,105.07,41.66,41.66,49.17,53.36,60.0,53.75,,,,,,
2019-09-03 21:00:00+02:00,,46.12,,46.12,66.66,44.32,,45.88,,46.12,46.12,46.12,51.15,49.64,51.15,46.12,47.6,,69.01,55.0,57.98,,48.49,,,,55.0,55.0,,55.0,55.0,55.0,96.09,55.0,51.15,51.15,,,,,46.12,31.25,36.91,36.62,36.62,31.25,58.06,49.64,57.98,78.99,40.73,40.73,40.73,46.12,55.0,45.88,,,,,,
2019-09-03 22:00:00+02:00,,40.9,,40.9,59.35,41.33,,40.93,,40.9,40.9,40.9,42.92,47.0,42.92,40.9,42.11,,68.48,43.75,50.53,,43.72,,,,43.75,43.75,,43.75,43.75,43.75,74.45,43.75,42.92,42.92,,,,,40.9,30.75,36.93,36.02,36.02,30.75,53.8,47.0,50.54,68.06,40.43,40.43,40.43,40.9,43.75,40.93,,,,,,
2019-09-03 23:00:00+02:00,,36.08,,36.08,65.54,36.53,,35.07,,36.08,36.08,36.08,36.08,45.9,36.08,36.08,35.46,,60.6,41.45,50.53,,33.59,,,,41.45,41.45,,41.45,41.45,41.45,71.0,41.45,36.08,36.08,,,,,36.08,30.05,34.92,35.88,35.88,30.05,50.14,45.9,50.54,55.19,36.08,36.08,36.08,36.08,41.45,35.07,,,,,,
2019-09-04 00:00:00+02:00,,31.31,,31.31,50.12,29.71,,32.2,,31.31,31.31,34.12,34.12,46.19,34.12,31.31,32.42,,60.69,42.75,54.25,,30.55,,,,39.2,39.2,,39.2,39.2,39.2,48.12,39.2,34.12,34.12,,,,,31.31,30.52,30.52,34.12,34.12,30.52,51.89,46.19,54.18,61.9,34.12,34.12,34.12,34.12,42.75,32.2,,,,,,
2019-09-04 01:00:00+02:00,,29.0,,29.0,40.72,27.48,,29.45,,29.0,29.0,33.45,33.45,44.9,33.45,29.0,28.66,,60.74,39.0,40.29,,27.0,,,,39.0,39.0,,39.0,39.0,39.0,39.0,39.0,33.45,33.45,,,,,29.0,29.77,29.77,33.45,33.45,29.77,53.34,44.9,40.24,43.3,33.45,33.45,33.45,33.45,39.0,29.45,,,,,,
2019-09-04 02:00:00+02:00,,29.0,,24.73,25.29,26.37,,28.6,,29.0,29.0,31.91,31.91,42.01,31.91,27.02,26.72,,57.29,38.6,28.6,,25.16,,,,38.6,38.6,,38.6,38.6,38.6,38.6,38.6,31.91,31.91,,,,,29.0,29.02,29.02,31.91,31.91,29.02,53.48,42.01,28.56,32.0,31.91,31.91,31.91,31.91,38.6,28.6,,,,,,
2019-09-04 03:00:00+02:00,,28.27,,20.5,22.57,25.2,,27.1,,28.27,28.27,32.95,32.95,43.65,32.95,21.55,21.32,,47.35,37.52,27.1,,20.07,,,,37.52,37.52,,37.52,37.52,37.52,37.52,37.52,32.95,32.95,,,,,27.75,28.27,28.27,32.95,32.95,28.27,54.13,43.65,27.06,30.55,32.95,32.95,32.95,32.95,37.52,27.1,,,,,,
2019-09-04 04:00:00+02:00,,28.83,,18.42,23.02,25.44,,27.98,,28.83,28.83,34.84,34.84,42.64,34.84,19.36,19.16,,45.16,37.67,27.98,,18.03,,,,37.67,37.67,,37.67,37.67,37.67,37.67,37.67,34.84,34.84,,,,,28.07,29.0,29.0,34.84,34.84,29.0,53.6,42.64,27.94,30.59,34.84,34.84,34.84,34.84,37.67,27.98,,,,,,
2019-09-04 05:00:00+02:00,,29.51,,22.4,35.56,27.86,,28.78,,29.11,29.11,36.94,42.34,43.07,42.34,23.53,23.28,,48.01,38.85,35.5,,19.99,,,,38.85,38.85,,38.85,38.85,38.85,38.85,38.85,42.34,42.34,,,,,24.15,29.26,29.26,36.94,35.47,29.26,52.08,43.07,35.45,41.43,36.94,36.94,36.94,36.94,38.85,28.78,,,,,,
2019-09-04 06:00:00+02:00,,39.76,,39.36,50.12,34.63,,41.8,,39.72,39.72,39.72,59.08,41.98,59.08,39.25,38.85,,60.63,47.15,44.46,,19.82,,,,47.15,47.15,,47.15,47.15,47.15,47.15,47.15,59.08,59.08,,,,,39.52,30.7,32.79,39.4,35.48,30.7,59.57,41.98,44.4,48.09,39.4,39.4,39.4,39.72,47.15,41.8,,,,,,
2019-09-04 07:00:00+02:00,,42.81,,42.81,56.78,41.17,,44.03,,42.81,42.81,46.96,65.0,45.78,65.0,42.81,44.43,,61.01,47.0,49.04,,26.0,,,,47.0,47.0,,47.0,47.0,47.0,48.12,47.0,65.0,65.0,,,,,42.81,32.31,33.3,40.88,39.66,32.31,65.54,45.78,48.98,57.04,40.88,40.88,42.81,46.96,47.0,44.03,,,,,,
2019-09-04 08:00:00+02:00,,45.29,,45.29,68.55,41.4,,43.44,,45.29,45.29,66.18,66.18,46.0,66.18,45.29,47.15,,65.52,55.01,53.48,,43.27,,,,55.01,55.01,,55.01,55.01,55.01,73.72,55.01,66.18,66.18,,,,,45.29,32.73,34.49,41.58,39.13,32.73,66.72,46.0,53.41,63.05,41.58,41.58,66.18,66.18,55.01,43.44,,,,,,
2019-09-04 09:00:00+02:00,,42.96,,42.96,56.76,38.75,,45.0,,42.96,42.96,66.77,66.77,46.73,66.77,42.96,44.92,,65.0,50.62,51.68,,43.27,,,,50.62,50.62,,50.62,50.62,50.62,75.29,50.62,66.77,66.77,,,,,42.96,32.5,34.48,41.91,38.97,32.5,67.32,46.73,51.61,61.34,41.91,41.91,66.77,66.77,50.62,45.0,,,,,,
2019-09-04 10:00:00+02:00,,37.73,,37.73,56.76,34.49,,34.15,,37.73,37.73,67.78,67.78,46.29,67.78,37.73,39.62,,60.8,47.0,46.22,,38.13,,,,47.0,47.0,,47.0,47.0,47.0,69.12,47.0,67.78,67.78,,,,,37.73,32.53,34.49,41.91,40.46,32.53,68.33,46.29,46.16,56.94,41.91,41.91,67.78,67.78,47.0,34.15,,,,,,
2019-09-04 11:00:00+02:00,,32.57,,32.57,54.1,32.27,,32.22,,32.57,32.57,59.98,66.43,46.09,66.43,32.57,34.08,,60.76,47.0,45.02,,32.0,,,,44.16,44.16,,44.16,44.16,44.16,60.01,44.16,66.43,66.43,,,,,32.57,31.53,31.53,41.97,40.42,31.53,66.97,46.09,44.96,56.98,41.97,41.97,59.98,59.98,47.0,32.22,,,,,,
2019-09-04 12:00:00+02:00,,30.18,,30.48,59.51,29.6,,31.1,,28.88,28.88,40.65,67.32,46.29,67.32,30.69,31.9,,58.75,54.46,44.46,,29.95,,,,40.87,40.87,,40.87,40.87,40.87,60.01,40.87,67.32,67.32,,,,,30.48,29.93,29.93,40.65,38.04,29.93,67.87,46.29,44.4,59.92,40.65,40.65,40.65,40.65,54.46,31.1,,,,,,
2019-09-04 13:00:00+02:00,,29.39,,29.37,56.76,29.32,,30.01,,29.37,29.37,40.2,66.57,46.69,66.57,29.45,30.62,,58.74,50.09,44.46,,28.74,,,,40.9,40.9,,40.9,40.9,40.9,40.9,40.9,66.57,66.57,,,,,29.37,29.37,29.37,40.2,38.72,29.37,67.11,46.69,44.4,60.54,40.2,40.2,40.2,40.2,50.09,30.01,,,,,,
2019-09-04 14:00:00+02:00,,29.44,,29.37,56.8,28.35,,30.01,,29.43,29.43,39.98,55.69,45.17,55.69,29.46,30.64,,58.73,47.0,44.61,,27.0,,,,46.0,46.0,,46.0,46.0,46.0,46.0,46.0,55.69,55.69,,,,,29.42,29.43,29.43,39.98,39.98,29.43,66.34,45.17,44.55,61.71,39.98,39.98,39.98,39.98,47.0,30.01,,,,,,
2019-09-04 15:00:00+02:00,,28.9,,28.9,58.81,28.28,,29.1,,28.9,28.9,39.91,63.26,42.66,63.26,28.9,30.07,,60.65,52.37,48.96,,26.0,,,,52.37,52.37,,52.37,52.37,52.37,54.01,52.37,63.26,63.26,,,,,28.9,29.0,29.0,39.91,39.91,29.0,66.34,42.66,48.89,61.95,39.91,39.91,39.91,39.91,52.37,29.1,,,,,,
2019-09-04 16:00:00+02:00,,28.86,,28.86,58.81,29.42,,45.0,,28.86,28.86,39.22,66.2,42.01,66.2,28.86,30.03,,58.8,54.39,59.92,,26.0,,,,54.39,54.39,,54.39,54.39,54.39,69.12,54.39,66.2,66.2,,,,,28.86,29.77,29.77,39.22,39.22,29.77,66.74,42.01,59.84,62.8,39.22,39.22,39.22,39.22,54.39,45.0,,,,,,
2019-09-04 17:00:00+02:00,,31.68,,31.68,58.81,32.39,,36.4,,31.68,31.68,38.97,65.79,41.07,65.79,31.68,32.98,,61.09,57.06,58.86,,27.0,,,,57.06,57.06,,57.06,57.06,57.06,96.72,57.06,65.79,65.79,,,,,31.68,30.68,30.68,38.97,38.97,30.68,66.34,41.07,58.78,64.95,38.97,38.97,38.97,38.97,57.06,36.4,,,,,,
2019-09-04 18:00:00+02:00,,38.05,,38.05,58.82,36.97,,41.8,,38.05,38.05,38.92,65.5,38.89,65.5,38.05,39.0,,64.38,58.0,59.99,,36.54,,,,58.0,58.0,,58.0,58.0,58.0,110.72,58.0,65.5,65.5,,,,,38.05,31.39,34.47,38.92,38.92,31.39,66.04,38.89,59.9,69.1,38.92,38.92,38.92,38.92,58.0,41.8,,,,,,
2019-09-04 19:00:00+02:00,,40.26,,39.48,58.84,39.36,,45.46,,40.26,40.26,40.26,66.28,39.9,66.28,39.9,41.24,,68.98,71.43,73.68,,38.63,,,,71.43,71.43,,71.43,71.43,71.43,114.32,71.43,66.28,66.28,,,,,40.3,31.26,34.44,40.26,40.26,31.26,66.83,39.9,73.58,79.98,40.26,40.26,40.26,40.26,71.43,45.46,,,,,,
2019-09-04 20:00:00+02:00,,40.67,,40.67,58.83,40.02,,45.77,,40.67,40.67,40.67,64.97,40.67,64.97,40.67,42.38,,65.9,71.93,71.99,,39.68,,,,71.93,71.93,,71.93,71.93,71.93,114.32,71.93,64.97,64.97,,,,,40.67,30.93,34.42,40.67,40.67,30.93,66.04,40.67,71.89,80.92,40.67,40.67,40.67,40.67,71.93,45.77,,,,,,
2019-09-04 21:00:00+02:00,,38.25,,38.25,58.8,36.95,,40.16,,38.25,38.25,38.25,55.49,41.98,55.49,38.25,39.99,,63.65,60.0,54.96,,40.22,,,,60.0,60.0,,60.0,60.0,60.0,110.72,60.0,55.49,55.49,,,,,38.25,31.67,34.34,38.25,38.25,31.67,58.64,41.98,54.88,67.95,38.25,38.25,38.25,38.25,60.0,40.16,,,,,,
2019-09-04 22:00:00+02:00,,35.3,,35.3,58.06,32.88,,35.41,,35.3,35.3,35.5,45.43,41.89,45.43,35.3,36.8,,60.7,49.0,56.43,,37.01,,,,49.0,49.0,,49.0,49.0,49.0,86.72,49.0,45.43,45.43,,,,,35.3,31.33,32.89,35.5,35.5,31.33,51.95,41.89,56.35,55.07,35.5,35.5,35.5,35.5,49.0,35.41,,,,,,
2019-09-04 23:00:00+02:00,,30.01,,28.91,50.11,30.0,,31.01,,29.87,29.87,34.27,37.01,38.88,37.01,30.39,30.24,,60.67,47.0,49.28,,31.14,,,,45.17,45.17,,45.17,45.17,45.17,73.72,45.17,37.01,37.01,,,,,29.54,29.87,29.87,34.27,34.27,29.87,51.93,38.88,49.2,59.91,34.27,34.27,34.27,34.27,47.0,31.01,,,,,,
2019-09-05 00:00:00+02:00,,28.0,,28.0,50.13,26.48,,27.95,,28.0,28.0,28.0,31.22,38.77,31.22,28.0,27.66,,60.3,53.1,53.58,,20.0,,,,43.35,43.35,,43.35,43.35,43.35,70.15,43.35,31.22,31.22,,,,,28.0,29.0,29.0,31.22,31.22,29.0,51.76,38.77,53.55,52.08,31.22,31.22,31.22,31.22,53.1,27.95,,,,,,
2019-09-05 01:00:00+02:00,,25.96,,23.75,50.12,23.99,,25.37,,25.96,25.96,25.96,29.79,32.58,29.79,24.96,24.67,,58.3,40.0,44.99,,24.98,,,,40.0,40.0,,40.0,40.0,40.0,40.0,40.0,29.79,29.79,,,,,25.96,26.82,26.82,29.79,29.79,26.82,50.8,32.58,44.97,44.88,29.79,29.79,29.79,29.79,40.0,25.37,,,,,,
2019-09-05 02:00:00+02:00,,25.36,,22.19,49.49,23.57,,25.07,,25.3,25.3,25.3,28.33,31.55,28.33,23.55,23.27,,41.65,39.0,41.45,,23.57,,,,39.0,39.0,,39.0,39.0,39.0,39.0,39.0,28.33,28.33,,,,,25.05,25.3,25.3,28.33,28.33,25.3,50.34,31.55,41.43,38.35,28.33,28.33,28.33,28.33,39.0,25.07,,,,,,
2019-09-05 03:00:00+02:00,,24.21,,22.64,50.11,22.56,,24.75,,24.09,24.09,27.64,27.64,31.01,27.64,22.57,22.3,,40.5,39.0,40.39,,22.58,,,,39.0,39.0,,39.0,39.0,39.0,39.0,39.0,27.64,27.64,,,,,23.32,24.09,24.09,27.64,27.64,24.09,50.27,31.01,40.37,37.39,27.64,27.64,27.64,27.64,39.0,24.75,,,,,,
2019-09-05 04:00:00+02:00,,25.06,,21.36,50.11,22.69,,24.67,,24.66,24.66,28.65,28.65,30.0,28.65,20.33,21.04,,40.08,53.1,41.91,,21.31,,,,39.0,39.0,,39.0,39.0,39.0,39.0,39.0,28.65,28.65,,,,,22.94,26.07,26.07,28.65,28.65,26.07,51.49,30.0,41.88,38.68,28.65,28.65,28.65,28.65,53.1,24.67,,,,,,
2019-09-05 05:00:00+02:00,,26.34,,24.09,50.14,25.1,,25.6,,26.34,26.34,29.5,47.18,30.0,47.18,25.32,25.01,,58.65,75.0,50.08,,25.33,,,,39.85,39.85,,39.85,39.85,39.85,39.85,39.85,47.18,47.18,,,,,26.34,28.64,28.64,29.5,29.5,28.64,50.8,30.0,50.05,47.03,29.5,29.5,29.5,29.5,75.0,25.6,,,,,,
2019-09-05 06:00:00+02:00,,33.68,,33.68,69.56,32.94,,34.45,,33.68,33.68,34.26,58.63,33.68,58.63,33.68,34.87,,63.62,75.0,78.12,,33.66,,,,49.33,49.33,,49.33,49.33,49.33,49.33,49.33,58.63,58.63,,,,,33.68,29.37,31.94,34.26,34.26,29.37,58.52,33.68,78.07,58.01,34.26,34.26,34.26,34.26,75.0,34.45,,,,,,
2019-09-05 07:00:00+02:00,,39.62,,39.62,69.54,36.06,,40.55,,39.62,39.62,39.62,63.57,39.62,63.57,39.62,41.02,,65.96,84.99,72.63,,38.66,,,,56.77,56.77,,56.77,56.77,56.77,73.89,56.77,63.57,63.57,,,,,39.62,28.06,37.63,37.66,37.66,28.06,63.68,39.62,72.58,59.56,37.66,37.66,37.66,38.67,84.99,40.55,,,,,,
2019-09-05 08:00:00+02:00,,40.63,,40.37,69.54,37.91,,40.18,,40.59,40.59,40.59,65.54,40.77,65.54,40.77,42.2,,65.99,75.0,74.89,,38.54,,,,57.31,57.31,,57.31,57.31,57.31,73.89,57.31,65.54,65.54,,,,,40.48,30.71,37.84,39.04,39.04,30.71,65.64,40.77,74.83,60.35,39.04,39.04,39.04,39.61,75.0,40.18,,,,,,
2019-09-05 09:00:00+02:00,,37.66,,36.49,58.98,36.06,,37.52,,37.19,37.19,37.19,66.07,40.46,66.07,38.88,40.25,,65.99,75.0,74.04,,47.0,,,,55.99,55.99,,55.99,55.99,55.99,72.89,55.99,66.07,66.07,,,,,36.49,30.35,35.32,37.19,37.19,30.35,66.18,40.46,73.98,59.92,37.19,37.19,37.19,37.19,75.0,37.52,,,,,,
2019-09-05 10:00:00+02:00,,34.18,,26.83,54.03,33.06,,35.16,,33.27,33.27,36.0,66.04,38.15,66.04,36.66,37.95,,60.82,67.11,67.61,,39.71,,,,54.92,54.92,,54.92,54.92,54.92,73.89,54.92,66.04,66.04,,,,,31.94,30.02,33.0,36.0,36.0,30.02,66.15,38.15,67.56,58.05,36.0,36.0,36.0,36.0,67.11,35.16,,,,,,
2019-09-05 11:00:00+02:00,,38.94,,28.66,53.22,33.08,,33.64,,29.85,29.85,35.84,66.03,37.5,66.03,34.4,35.6,,60.82,64.0,65.03,,36.6,,,,50.0,50.0,,50.0,50.0,50.0,61.89,50.0,66.03,66.03,,,,,28.66,29.61,29.61,35.84,35.84,29.61,66.14,37.5,64.98,57.03,35.84,35.84,35.84,35.84,64.0,33.64,,,,,,
2019-09-05 12:00:00+02:00,,38.97,,23.5,69.58,29.82,,31.98,,27.07,27.07,34.89,66.04,39.0,66.04,35.14,36.37,,60.23,69.92,70.42,,36.84,,,,43.35,43.35,,43.35,43.35,43.35,81.0,43.35,66.04,66.04,,,,,25.76,27.31,27.31,34.89,34.89,27.31,66.15,39.0,70.36,53.01,34.89,34.89,34.89,34.89,69.92,31.98,,,,,,
2019-09-05 13:00:00+02:00,,38.99,,23.5,69.58,29.53,,30.96,,27.2,27.2,35.11,66.09,41.21,66.09,33.91,35.1,,58.71,69.0,69.38,,36.41,,,,44.0,44.0,,44.0,44.0,44.0,59.15,44.0,66.09,66.09,,,,,25.3,27.2,27.2,35.11,35.11,27.2,66.21,41.21,69.32,53.09,35.11,35.11,35.11,35.11,69.0,30.96,,,,,,
2019-09-05 14:00:00+02:00,,38.99,,23.5,79.05,28.36,,32.02,,26.69,26.69,35.22,49.26,39.07,49.26,31.18,32.27,,57.48,69.0,67.48,,32.69,,,,49.15,49.15,,49.15,49.15,49.15,53.15,49.15,49.26,49.26,,,,,25.84,26.69,26.69,35.22,35.22,26.69,65.14,39.07,67.42,55.04,35.22,35.22,35.22,35.22,69.0,32.02,,,,,,
2019-09-05 15:00:00+02:00,,38.91,,27.2,69.58,28.57,,41.9,,27.2,27.2,34.92,54.09,39.51,54.09,29.35,30.37,,58.39,83.88,73.83,,30.77,,,,56.15,56.15,,56.15,56.15,56.15,70.15,56.15,54.09,54.09,,,,,27.2,27.51,27.51,34.92,34.92,27.51,64.84,39.51,73.76,58.06,34.92,34.92,34.92,34.92,83.88,41.9,,,,,,
2019-09-05 16:00:00+02:00,,30.04,,29.16,69.56,28.33,,46.0,,29.16,29.16,34.97,63.07,39.54,63.07,29.16,32.36,,60.21,75.0,71.71,,33.58,,,,57.03,57.03,,57.03,57.03,57.03,70.89,57.03,64.13,64.13,,,,,29.16,28.85,28.85,34.97,34.97,28.85,64.24,39.54,71.64,60.0,34.97,34.97,34.97,34.97,75.0,46.0,,,,,,
2019-09-05 17:00:00+02:00,,32.26,,32.26,69.55,31.32,,49.09,,32.26,30.96,35.15,58.45,40.46,58.45,32.26,41.19,,59.9,84.99,74.05,,40.92,,,,60.0,60.0,,60.0,60.0,60.0,96.89,60.0,58.45,58.45,,,,,32.26,30.59,30.96,35.15,35.15,30.59,62.26,40.46,73.98,62.02,35.15,35.15,35.15,35.15,84.99,49.09,,,,,,
2019-09-05 18:00:00+02:00,,36.09,,36.09,69.54,35.02,,44.0,,36.09,31.38,35.93,56.4,38.23,56.4,36.09,45.3,,65.56,91.09,80.99,,45.89,,,,57.92,57.92,,57.92,57.92,57.92,87.89,57.92,56.4,56.4,,,,,36.09,30.07,31.38,35.93,35.93,30.07,60.06,38.23,80.92,65.01,35.93,35.93,35.93,35.93,91.09,44.0,,,,,,
2019-09-05 19:00:00+02:00,,39.95,,39.95,56.29,37.22,,44.0,,39.95,31.76,39.95,64.96,40.14,64.96,39.95,48.2,,72.9,134.99,116.56,,46.56,,,,67.0,67.0,,67.0,67.0,67.0,114.32,67.0,65.34,65.34,,,,,39.95,29.69,31.76,37.7,37.7,29.69,65.46,40.14,116.44,70.01,37.7,37.7,37.7,37.7,134.99,44.0,,,,,,
2019-09-05 20:00:00+02:00,,40.92,,40.92,56.29,36.72,,46.0,,40.92,31.3,40.92,46.13,41.01,46.13,40.92,48.33,,72.35,150.01,105.77,,45.58,,,,71.43,71.43,,71.43,71.43,71.43,114.32,71.43,65.58,65.58,,,,,40.92,30.33,31.3,38.52,38.52,30.33,65.69,41.01,105.66,71.99,38.52,38.52,38.52,38.52,150.01,46.0,,,,,,
2019-09-05 21:00:00+02:00,,38.95,,38.95,56.28,34.13,,41.0,,38.95,31.5,37.51,46.06,43.65,46.06,38.95,45.64,,67.19,68.88,69.38,,43.04,,,,67.15,67.15,,67.15,67.15,67.15,113.32,67.15,46.06,46.06,,,,,38.95,30.95,31.5,37.51,37.51,30.95,56.87,43.65,69.31,60.54,37.51,37.51,37.51,37.51,68.88,41.0,,,,,,
2019-09-05 22:00:00+02:00,,36.21,,36.21,56.27,33.05,,34.15,,36.21,31.18,35.53,40.92,38.0,40.92,36.21,37.7,,60.23,70.0,69.6,,36.0,,,,53.35,53.35,,53.35,53.35,53.35,97.57,53.35,43.66,43.66,,,,,36.21,30.66,31.18,35.53,35.53,30.66,52.03,38.0,69.52,56.02,35.53,35.53,35.53,35.53,70.0,34.15,,,,,,
2019-09-05 23:00:00+02:00,,30.95,,30.95,50.13,29.0,,28.8,,30.95,29.96,31.6,31.6,33.0,31.6,30.95,32.12,,58.71,53.1,55.0,,29.84,,,,46.43,46.43,,46.43,46.43,46.43,81.0,46.43,37.04,37.04,,,,,30.95,29.75,29.96,31.6,31.6,29.75,50.73,33.0,54.94,50.73,31.6,31.6,31.6,31.6,53.1,28.8,,,,,,
2019-09-06 00:00:00+02:00,,26.28,,26.28,50.14,27.79,,27.33,,26.28,26.28,26.28,26.28,31.75,26.28,26.28,27.01,,60.97,45.8,44.57,,21.24,,,,45.8,45.8,,45.8,45.8,45.8,54.0,45.8,26.28,26.28,,,,,26.28,26.28,26.28,26.28,26.28,26.28,50.36,31.75,44.52,53.06,26.28,26.28,26.28,26.28,45.8,27.33,,,,,,
2019-09-06 01:00:00+02:00,,25.64,,25.64,50.14,25.17,,26.01,,25.64,25.64,25.64,25.64,28.5,25.64,25.64,25.15,,58.18,42.11,48.07,,20.4,,,,42.11,42.11,,42.11,42.11,42.11,42.11,42.11,25.64,25.64,,,,,25.64,25.64,25.64,25.64,25.64,25.64,51.96,28.5,48.02,46.04,25.64,25.64,25.64,25.64,42.11,26.01,,,,,,
2019-09-06 02:00:00+02:00,,24.36,,22.71,50.12,25.34,,25.46,,24.36,24.36,24.36,24.36,27.9,24.36,23.77,23.32,,56.79,40.87,42.68,,10.01,,,,40.87,40.87,,40.87,40.87,40.87,40.87,40.87,24.36,24.36,,,,,24.36,24.36,24.36,24.36,24.36,24.36,50.96,27.9,42.64,41.33,24.36,24.36,24.36,24.36,40.87,25.46,,,,,,
2019-09-06 03:00:00+02:00,,24.74,,18.26,50.12,24.54,,25.34,,24.67,24.67,24.67,24.67,27.0,24.67,21.52,17.85,,40.89,40.63,42.58,,6.0,,,,40.63,40.63,,40.63,40.63,40.63,40.63,40.63,24.67,24.67,,,,,24.31,24.67,24.67,24.67,24.67,24.67,51.28,27.0,42.54,40.06,24.67,24.67,24.67,24.67,40.63,25.34,,,,,,
2019-09-06 04:00:00+02:00,,25.71,,13.63,50.12,25.03,,25.6,,25.67,25.67,26.3,26.3,26.21,26.3,20.72,13.32,,41.04,40.83,44.94,,1.87,,,,40.83,40.83,,40.83,40.83,40.83,40.83,40.83,26.3,26.3,,,,,25.46,26.3,26.3,26.3,26.3,26.3,50.96,26.21,44.89,40.34,26.3,26.3,26.3,26.3,40.83,25.6,,,,,,
2019-09-06 05:00:00+02:00,,26.18,,15.97,50.13,26.83,,27.02,,26.18,26.18,28.18,28.18,27.1,28.18,22.24,15.62,,57.98,41.96,58.36,,10.01,,,,41.96,41.96,,41.96,41.96,41.96,41.96,41.96,28.18,28.18,,,,,26.18,27.89,27.89,28.18,28.18,27.89,51.73,27.1,58.3,48.06,28.18,28.18,28.18,28.18,41.96,27.02,,,,,,
2019-09-06 06:00:00+02:00,,33.71,,30.36,50.13,35.93,,36.26,,33.71,33.71,33.71,57.59,30.5,57.59,30.27,29.69,,63.5,50.96,59.93,,8.05,,,,50.96,50.96,,50.96,50.96,50.96,50.96,50.96,57.59,57.59,,,,,33.44,28.6,31.99,33.71,33.71,28.6,57.74,30.5,59.87,59.92,33.71,33.71,33.71,33.71,50.96,36.26,,,,,,
2019-09-06 07:00:00+02:00,,38.23,,38.23,53.7,40.91,,45.21,,38.23,38.23,38.23,63.16,38.23,63.16,38.23,37.5,,63.49,56.96,66.99,,25.0,,,,56.96,56.96,,56.96,56.96,56.96,68.18,56.96,63.16,63.16,,,,,38.23,30.09,33.58,37.6,37.6,30.09,63.32,38.23,66.92,65.5,37.6,37.6,37.6,37.6,56.96,45.21,,,,,,
2019-09-06 08:00:00+02:00,,39.07,,39.07,53.71,42.43,,56.0,,39.07,39.07,39.07,64.68,39.07,64.68,39.07,40.13,,65.96,65.63,66.57,,38.34,,,,65.63,65.63,,65.63,65.63,65.63,74.47,65.63,64.68,64.68,,,,,39.07,30.18,34.05,38.95,38.95,30.18,64.85,39.07,66.5,66.3,38.95,38.95,39.07,39.07,65.63,56.0,,,,,,
2019-09-06 09:00:00+02:00,,39.0,,38.91,53.71,39.47,,56.0,,38.99,38.99,38.99,65.32,39.02,65.32,39.02,40.12,,65.95,66.24,66.03,,38.34,,,,66.24,66.24,,66.24,66.24,66.24,74.47,66.24,65.32,65.32,,,,,38.96,30.17,33.92,38.54,38.54,30.17,65.49,39.02,65.96,69.03,38.54,38.54,38.99,38.99,66.24,56.0,,,,,,
2019-09-06 10:00:00+02:00,,37.49,,37.04,53.71,36.83,,56.0,,37.45,37.45,37.45,65.3,37.88,65.3,37.6,38.66,,62.55,60.84,62.55,,38.34,,,,60.84,60.84,,60.84,60.84,60.84,60.84,60.84,65.3,65.3,,,,,37.33,30.08,33.66,37.45,37.45,30.08,65.47,37.88,62.49,64.51,37.45,37.45,37.45,37.45,60.84,56.0,,,,,,
2019-09-06 11:00:00+02:00,,33.64,,28.5,53.72,34.78,,56.0,,33.06,33.06,35.72,66.04,38.0,66.04,35.09,36.08,,63.5,58.09,61.42,,36.79,,,,58.09,58.09,,58.09,58.09,58.09,58.09,58.09,66.04,66.04,,,,,31.61,30.25,30.7,35.72,35.72,30.25,66.21,38.0,61.35,63.72,35.72,35.72,35.72,35.72,58.09,56.0,,,,,,
2019-09-06 12:00:00+02:00,,30.47,,21.92,53.71,32.47,,56.34,,29.47,29.47,36.48,66.02,40.26,66.02,32.99,33.93,,62.66,51.0,66.04,,34.59,,,,49.85,49.85,,49.85,49.85,49.85,49.85,49.85,66.02,66.02,,,,,27.0,29.47,29.47,36.48,36.48,29.47,66.2,40.26,65.98,68.04,36.48,36.48,36.48,36.48,51.0,56.34,,,,,,
2019-09-06 13:00:00+02:00,,29.02,,23.65,53.71,31.89,,52.0,,28.22,28.22,36.11,66.09,41.4,66.09,30.98,31.85,,62.54,51.0,62.57,,32.48,,,,48.28,48.28,,48.28,48.28,48.28,48.28,48.28,66.09,66.09,,,,,26.5,28.22,28.22,36.11,36.11,28.22,66.27,41.4,62.5,63.47,36.11,36.11,36.11,36.11,51.0,52.0,,,,,,
2019-09-06 14:00:00+02:00,,28.72,,28.0,53.72,31.7,,49.0,,28.6,28.6,34.95,57.73,41.43,57.73,29.01,29.83,,62.54,55.0,61.35,,30.41,,,,55.0,55.0,,55.0,55.0,55.0,55.0,55.0,57.73,57.73,,,,,28.35,28.6,28.6,34.95,34.95,28.6,65.56,41.43,61.28,63.05,34.95,34.95,34.95,34.95,55.0,49.0,,,,,,
2019-09-06 15:00:00+02:00,,28.55,,28.32,56.78,31.67,,49.0,,28.52,28.52,34.91,55.34,41.06,55.34,28.64,29.46,,60.67,57.96,60.08,,30.03,,,,57.96,57.96,,57.96,57.96,57.96,57.96,57.96,55.34,55.34,,,,,28.44,28.52,28.52,34.91,34.91,28.52,66.03,41.06,60.02,62.42,34.91,34.91,34.91,34.91,57.96,49.0,,,,,,
2019-09-06 16:00:00+02:00,,29.15,,29.06,56.79,32.09,,50.0,,29.14,29.14,34.77,66.0,41.06,66.0,29.14,29.97,,62.56,57.96,62.53,,29.13,,,,57.96,57.96,,57.96,57.96,57.96,57.96,57.96,66.0,66.0,,,,,29.11,29.34,29.34,34.77,34.77,29.34,66.18,41.06,62.47,63.39,34.77,34.77,34.77,34.77,57.96,50.0,,,,,,
2019-09-06 17:00:00+02:00,,33.49,,33.49,56.79,35.89,,46.82,,33.49,31.07,35.1,65.34,40.74,65.34,33.49,34.54,,63.62,57.73,65.44,,33.57,,,,57.73,57.73,,57.73,57.73,57.73,70.0,57.73,65.34,65.34,,,,,33.49,30.87,30.87,35.1,35.1,30.87,65.52,40.74,65.37,67.12,35.1,35.1,35.1,35.1,57.73,46.82,,,,,,
2019-09-06 18:00:00+02:00,,38.26,,38.26,56.8,39.63,,47.35,,38.26,37.34,37.34,64.43,39.75,64.43,38.26,39.63,,68.61,50.13,66.0,,40.4,,,,50.13,50.13,,50.13,50.13,50.13,86.18,50.13,64.43,64.43,,,,,38.26,30.96,30.96,37.34,37.34,30.96,65.09,40.51,65.94,66.81,37.34,37.34,37.34,37.34,50.13,47.35,,,,,,
2019-09-06 19:00:00+02:00,,39.31,,39.31,56.79,41.47,,46.0,,39.31,37.57,39.31,66.81,40.46,66.81,39.31,43.0,,72.52,56.6,83.53,,43.82,,,,56.6,56.6,,56.6,56.6,56.6,94.69,56.6,66.81,66.81,,,,,39.31,31.0,31.0,37.57,37.57,31.0,66.99,40.46,90.88,81.89,37.57,37.57,37.57,37.57,56.6,46.0,,,,,,
2019-09-06 20:00:00+02:00,,40.07,,40.07,56.78,42.23,,46.0,,40.07,37.61,40.07,57.35,40.51,57.35,40.07,47.58,,72.41,54.4,83.38,,48.49,,,,54.4,57.01,,54.4,57.01,57.01,112.79,57.01,66.82,66.82,,,,,40.07,30.95,30.95,37.61,37.61,30.95,67.01,40.51,83.3,83.33,37.61,37.61,37.61,37.61,54.4,46.0,,,,,,
2019-09-06 21:00:00+02:00,,38.4,,38.4,56.78,39.58,,41.6,,38.4,36.8,38.4,53.25,41.06,53.25,38.4,52.5,,67.16,51.0,62.83,,53.5,,,,50.35,53.96,,50.35,53.96,53.96,94.47,53.96,53.25,53.25,,,,,38.4,31.1,31.1,36.8,36.8,31.1,64.64,41.06,62.77,60.14,36.8,36.8,36.8,36.8,51.0,41.6,,,,,,
2019-09-06 22:00:00+02:00,,37.89,,37.89,56.76,37.42,,36.43,,37.89,34.89,34.89,45.93,37.89,45.93,37.89,40.89,,63.51,47.61,57.04,,42.0,,,,47.61,47.61,,47.61,47.61,47.61,72.47,47.61,45.93,45.93,,,,,37.89,30.77,30.77,34.89,34.89,30.77,57.32,37.89,56.99,56.67,34.89,34.89,34.89,34.89,47.61,36.43,,,,,,
2019-09-06 23:00:00+02:00,,34.07,,34.07,50.12,34.04,,32.5,,34.07,34.07,34.07,38.89,34.07,38.89,34.07,35.3,,60.99,41.56,45.49,,36.85,,,,41.56,41.56,,41.56,41.56,41.56,54.0,41.56,38.89,38.89,,,,,34.07,30.41,30.41,34.07,34.07,30.41,54.23,34.07,45.45,50.0,34.07,34.07,34.07,34.07,41.56,32.5,,,,,,
2019-09-07 00:00:00+02:00,,32.01,,32.01,49.59,31.71,,31.0,,32.01,32.01,32.8,32.8,32.01,32.8,32.01,39.66,,63.67,54.35,50.04,,40.52,,,,45.0,45.0,,45.0,45.0,45.0,45.0,45.0,32.8,32.8,,,,,32.01,30.99,30.99,32.8,32.8,30.99,50.3,32.01,50.02,46.83,32.8,32.8,32.8,32.8,54.35,31.0,,,,,,
2019-09-07 01:00:00+02:00,,30.0,,30.0,40.0,29.84,,29.8,,30.0,30.0,30.0,31.07,30.0,31.07,30.0,31.0,,63.77,50.26,47.94,,31.68,,,,43.24,43.24,,43.24,43.24,43.24,43.24,43.24,31.07,31.07,,,,,30.0,29.83,29.83,31.07,31.07,29.83,53.2,30.0,47.93,45.94,31.07,31.07,31.07,31.07,50.26,29.8,,,,,,
2019-09-07 02:00:00+02:00,,29.44,,29.44,33.19,28.93,,28.84,,29.44,29.44,29.44,30.43,29.44,30.43,29.44,30.43,,60.98,38.58,40.05,,31.09,,,,38.58,38.58,,38.58,38.58,38.58,38.58,38.58,30.43,30.43,,,,,29.44,29.44,29.44,30.43,30.43,29.44,55.47,29.44,40.04,40.1,30.43,30.43,30.43,30.43,38.58,28.84,,,,,,
2019-09-07 03:00:00+02:00,,29.23,,28.27,30.07,28.75,,28.47,,29.19,29.19,29.19,30.72,28.0,30.72,28.0,29.09,,61.04,38.53,38.04,,30.01,,,,38.53,38.53,,38.53,38.53,38.53,38.53,38.53,30.72,30.72,,,,,28.69,29.19,29.19,30.72,30.72,29.19,53.98,28.0,38.03,38.64,30.72,30.72,30.72,30.72,38.53,28.47,,,,,,
2019-09-07 04:00:00+02:00,,29.45,,27.92,30.17,28.59,,28.7,,29.45,29.45,29.45,30.71,27.09,30.71,27.09,28.94,,60.94,39.12,37.01,,30.01,,,,39.12,39.12,,39.12,39.12,39.12,39.12,39.12,30.71,30.71,,,,,29.32,29.45,29.45,30.71,30.71,29.45,53.56,27.09,37.0,37.16,30.71,30.71,30.71,30.71,39.12,28.7,,,,,,
2019-09-07 05:00:00+02:00,,29.99,,28.13,32.98,29.21,,28.9,,29.99,29.99,29.99,31.02,27.1,31.02,27.1,29.03,,60.98,39.12,35.05,,30.37,,,,39.12,39.12,,39.12,39.12,39.12,39.12,39.12,31.02,31.02,,,,,29.84,29.71,29.71,31.02,31.02,29.71,54.99,27.1,35.04,37.5,31.02,31.02,31.02,31.02,39.12,28.9,,,,,,
2019-09-07 06:00:00+02:00,,32.57,,22.22,37.38,32.15,,31.0,,32.57,32.57,32.83,33.0,28.0,33.0,28.0,33.07,,60.94,41.53,41.0,,33.78,,,,41.53,41.53,,41.53,41.53,41.53,41.53,41.53,33.0,33.0,,,,,32.57,29.79,29.79,32.83,32.83,29.79,51.61,28.0,40.99,41.47,32.83,32.83,32.83,32.83,41.53,31.0,,,,,,
2019-09-07 07:00:00+02:00,,35.09,,24.51,42.26,33.79,,34.5,,35.09,35.09,35.09,45.9,30.5,45.9,30.5,36.28,,59.69,41.75,45.26,,35.32,,,,41.75,41.75,,41.75,41.75,41.75,41.75,41.75,45.9,45.9,,,,,35.09,29.48,29.48,34.84,34.84,29.48,56.35,30.5,45.25,49.99,34.84,34.84,34.84,34.84,41.75,34.5,,,,,,
2019-09-07 08:00:00+02:00,,36.53,,33.45,43.35,35.05,,37.3,,36.53,36.53,36.53,55.59,31.75,55.59,31.75,34.6,,59.73,47.0,59.64,,35.34,,,,43.0,43.0,,43.0,43.0,43.0,43.0,43.0,55.59,55.59,,,,,36.27,29.6,29.6,35.65,35.41,29.6,59.25,31.75,59.63,53.05,35.65,35.65,35.65,35.65,47.0,37.3,,,,,,
2019-09-07 09:00:00+02:00,,39.97,,38.39,43.39,35.1,,38.8,,39.97,39.97,39.97,54.98,37.51,54.98,37.51,41.19,,59.73,47.0,56.66,,49.13,,,,45.07,45.07,,45.07,45.07,45.07,45.07,45.07,54.98,54.98,,,,,39.83,29.96,29.96,37.55,35.48,29.96,60.17,37.51,56.65,52.96,37.55,37.55,37.55,37.55,47.0,51.76,,,,,,
2019-09-07 10:00:00+02:00,,39.98,,36.73,44.38,35.06,,39.54,,39.98,39.98,39.98,54.99,34.92,54.99,34.92,44.62,,63.67,48.0,58.77,,55.0,,,,39.98,39.98,,39.98,39.98,39.98,39.98,39.98,54.99,54.99,,,,,39.7,30.24,30.24,38.34,36.57,30.24,61.26,34.92,58.76,52.03,38.34,38.34,38.34,39.02,48.0,58.77,,,,,,
2019-09-07 11:00:00+02:00,,36.99,,36.99,50.14,35.09,,47.0,,36.99,36.99,36.99,54.92,36.99,54.92,36.99,45.36,,64.54,52.5,56.76,,56.71,,,,37.89,37.89,,37.89,37.89,37.89,37.89,37.89,54.92,54.92,,,,,36.99,30.09,30.09,36.93,36.93,30.09,63.22,36.99,56.75,52.52,36.93,36.93,36.93,36.93,52.5,56.76,,,,,,
2019-09-07 12:00:00+02:00,,36.0,,36.0,50.14,33.35,,45.0,,36.0,36.0,36.0,54.22,36.0,54.22,36.0,38.49,,65.16,52.08,53.08,,60.94,,,,36.0,36.0,,36.0,36.0,36.0,36.0,36.0,54.22,54.22,,,,,36.0,30.02,30.02,36.0,36.0,30.02,63.34,36.0,53.07,48.29,36.0,36.0,36.0,36.0,52.08,53.08,,,,,,
2019-09-07 13:00:00+02:00,,35.05,,35.05,50.14,32.36,,43.0,,35.05,35.05,35.09,53.98,35.05,53.98,35.05,36.25,,64.19,47.0,47.1,,60.23,,,,35.05,35.05,,35.05,35.05,35.05,35.05,35.05,53.98,53.98,,,,,35.05,29.9,29.9,35.09,35.09,29.9,60.28,35.05,47.09,47.05,35.09,35.09,35.09,35.09,47.0,47.1,,,,,,
2019-09-07 14:00:00+02:00,,33.96,,29.91,50.14,31.34,,42.0,,33.96,33.96,34.8,55.51,32.19,55.51,32.19,33.06,,60.77,45.26,46.26,,59.2,,,,34.88,34.88,,34.88,34.88,34.88,34.88,34.88,55.51,55.51,,,,,33.96,29.91,29.91,34.8,34.8,29.91,60.27,32.19,46.25,46.2,34.8,34.8,34.8,34.8,45.26,46.26,,,,,,
2019-09-07 15:00:00+02:00,,33.44,,26.23,50.13,31.45,,30.82,,33.41,33.41,34.34,58.36,31.55,58.36,30.48,31.31,,68.94,41.15,46.05,,49.13,,,,35.26,35.26,,35.26,35.26,35.26,35.26,35.26,58.36,58.36,,,,,32.17,29.87,29.87,34.34,34.34,29.87,60.2,31.75,46.04,46.02,34.34,34.34,34.34,34.34,41.15,30.82,,,,,,
2019-09-07 16:00:00+02:00,,33.39,,21.64,50.14,32.11,,31.62,,33.39,33.39,34.98,59.08,28.3,59.08,28.3,29.07,,60.38,47.0,56.66,,49.13,,,,36.0,36.0,,36.0,36.0,36.0,36.0,36.0,59.08,59.08,,,,,33.39,29.92,29.92,34.98,34.98,29.92,59.27,31.75,56.65,50.93,34.98,34.98,34.98,34.98,47.0,31.62,,,,,,
2019-09-07 17:00:00+02:00,,38.98,,20.0,50.15,34.09,,33.6,,38.98,38.98,38.98,56.0,30.64,56.0,30.64,36.4,,59.79,47.0,60.42,,53.0,,,,41.06,41.06,,41.06,41.06,41.06,41.06,41.06,56.0,56.0,,,,,37.4,30.08,30.08,37.29,36.57,30.08,58.24,31.75,60.41,50.6,37.29,37.29,37.29,37.29,47.0,33.6,,,,,,
2019-09-07 18:00:00+02:00,,41.56,,21.5,63.97,38.01,,39.26,,44.05,44.05,44.05,57.68,33.56,57.68,33.56,42.83,,60.78,45.0,59.95,,56.44,,,,45.0,45.0,,45.0,45.0,45.0,56.21,45.0,57.68,57.68,,,,,44.0,30.13,30.13,36.79,36.79,30.13,57.87,33.56,59.94,53.97,36.79,36.79,36.79,43.0,45.0,39.26,,,,,,
2019-09-07 19:00:00+02:00,,44.01,,21.5,69.55,38.78,,42.3,,46.71,46.71,46.71,59.21,35.79,59.21,35.79,48.32,,60.75,48.79,71.67,,60.23,,,,48.79,48.79,,48.79,48.79,48.79,80.38,48.79,59.21,59.21,,,,,46.71,30.03,30.03,36.68,36.68,30.03,59.41,35.79,71.66,59.97,36.68,36.68,36.68,45.59,48.79,42.3,,,,,,
2019-09-07 20:00:00+02:00,,45.89,,28.25,69.54,39.13,,42.3,,48.01,48.01,48.01,57.74,39.45,57.74,39.45,52.56,,60.77,53.02,67.44,,56.0,,,,53.02,53.02,,53.02,53.02,53.02,97.38,53.02,57.74,57.74,,,,,49.73,30.01,30.01,36.73,36.73,30.01,57.93,39.45,67.43,68.24,36.73,36.73,36.73,46.85,53.02,42.3,,,,,,
2019-09-07 21:00:00+02:00,,39.0,,39.0,50.12,38.41,,39.38,,39.0,39.0,39.0,54.98,40.26,54.98,39.0,55.83,,58.74,46.26,58.77,,58.37,,,,46.26,46.26,,46.26,46.26,46.26,80.38,46.26,54.98,54.98,,,,,39.0,30.14,30.14,36.12,36.12,30.14,56.26,40.26,58.76,50.97,36.12,36.12,36.12,38.06,46.26,39.38,,,,,,
2019-09-07 22:00:00+02:00,,37.98,,37.98,50.12,36.42,,37.2,,37.98,37.98,37.98,48.52,37.98,48.52,37.98,41.5,,60.66,44.92,50.0,,51.2,,,,44.92,44.92,,44.92,44.92,44.92,65.21,44.92,48.52,48.52,,,,,37.98,29.97,29.97,35.54,35.54,29.97,50.32,37.98,49.99,50.08,35.54,35.54,35.54,37.07,44.92,37.2,,,,,,
2019-09-07 23:00:00+02:00,,34.78,,34.78,43.04,32.92,,31.75,,34.78,34.78,34.78,34.78,34.78,34.78,34.78,35.85,,58.39,38.04,42.01,,38.0,,,,38.04,38.04,,38.04,38.04,38.04,56.21,38.04,34.78,34.78,,,,,34.78,29.9,29.9,34.78,34.78,29.9,49.61,34.78,42.0,44.81,34.78,34.78,34.78,34.78,38.04,31.75,,,,,,
2019-09-08 00:00:00+02:00,,34.46,,34.46,49.76,33.89,,31.72,,34.46,34.46,34.46,34.46,34.46,34.46,34.46,45.56,,58.57,41.54,40.09,,46.48,,,,41.54,41.54,,41.54,41.54,41.54,54.0,41.54,34.46,34.46,,,,,34.46,32.41,32.41,34.46,34.46,32.41,45.55,34.46,40.11,47.07,34.46,34.46,34.46,34.46,41.54,31.72,,,,,,
2019-09-08 01:00:00+02:00,,32.61,,32.61,41.96,32.92,,30.37,,32.61,32.61,33.41,33.41,32.61,33.41,32.61,33.75,,58.57,37.56,31.91,,39.0,,,,37.56,37.56,,37.56,37.56,37.56,42.28,37.56,33.41,33.41,,,,,32.61,31.57,31.57,33.41,33.41,31.57,46.2,32.61,31.92,37.08,33.41,33.41,33.41,33.41,37.56,30.37,,,,,,
2019-09-08 02:00:00+02:00,,32.36,,23.43,36.66,31.47,,30.4,,32.36,32.36,32.88,32.88,28.5,32.88,28.5,33.5,,58.57,35.12,30.4,,35.0,,,,35.12,42.28,,35.12,42.28,42.28,42.28,42.28,32.88,32.88,,,,,32.36,31.33,31.33,32.88,32.88,31.33,48.69,28.5,30.42,27.82,32.88,32.88,32.88,32.88,35.12,30.4,,,,,,
2019-09-08 03:00:00+02:00,,32.01,,16.57,34.69,31.02,,29.11,,32.01,32.01,32.75,32.75,27.1,32.75,25.29,31.18,,59.7,36.16,29.11,,32.58,,,,37.28,37.49,,36.16,37.49,37.49,37.49,37.49,32.75,32.75,,,,,32.01,30.99,30.99,32.75,32.75,30.99,47.56,27.1,29.12,27.41,32.75,32.75,32.75,32.75,36.16,29.11,,,,,,
2019-09-08 04:00:00+02:00,,31.92,,10.75,36.64,30.68,,28.89,,31.92,31.92,32.71,32.71,27.1,32.71,22.71,31.09,,62.18,35.12,28.89,,32.48,,,,35.12,35.12,,35.12,35.12,35.12,35.12,35.12,32.71,32.71,,,,,31.92,30.9,30.9,32.71,32.71,30.9,46.58,27.1,28.91,26.98,32.71,32.71,32.71,32.71,35.12,28.89,,,,,,
2019-09-08 05:00:00+02:00,,32.08,,20.73,35.61,30.66,,28.82,,32.08,32.08,32.86,32.86,27.9,32.86,14.25,30.2,,62.18,36.05,28.82,,31.55,,,,36.05,37.49,,36.05,37.49,37.49,37.49,37.49,32.86,32.86,,,,,31.0,30.8,30.8,32.86,32.86,30.8,46.58,27.9,28.84,29.93,32.86,32.86,32.86,32.86,36.05,28.82,,,,,,
2019-09-08 06:00:00+02:00,,32.39,,12.08,28.66,31.3,,28.82,,32.39,32.39,33.53,33.53,28.0,33.53,23.83,31.56,,62.18,37.12,28.82,,32.96,,,,37.12,37.49,,37.12,37.49,37.49,37.49,37.49,33.53,33.53,,,,,32.39,31.36,31.36,33.53,33.53,31.36,45.74,28.0,28.84,35.52,33.53,33.53,33.53,33.53,37.12,28.82,,,,,,
2019-09-08 07:00:00+02:00,,33.2,,5.0,30.16,31.79,,30.56,,33.2,33.2,34.02,44.05,29.07,44.05,22.52,32.34,,61.07,36.99,33.97,,32.98,,,,36.99,36.99,,36.99,36.99,36.99,36.99,36.99,44.05,44.05,,,,,33.2,31.24,31.24,34.02,34.02,31.24,44.8,29.07,33.99,37.1,34.02,34.02,34.02,34.02,36.99,30.56,,,,,,
2019-09-08 08:00:00+02:00,,35.0,,13.95,29.52,32.56,,31.9,,35.0,35.0,35.0,46.11,28.3,46.11,26.24,29.89,,61.08,37.5,39.67,,31.22,,,,37.5,37.5,,37.5,37.5,37.5,37.5,37.5,46.11,46.11,,,,,35.0,31.13,31.13,35.0,35.0,31.13,46.52,28.3,39.69,38.1,35.0,35.0,35.0,35.0,37.5,39.67,,,,,,
2019-09-08 09:00:00+02:00,,37.27,,25.18,30.58,32.9,,34.3,,37.27,37.27,37.27,48.7,32.0,48.7,32.0,38.59,,62.18,39.1,44.02,,40.31,,,,37.39,37.39,,37.39,37.39,37.39,37.39,37.39,48.7,48.7,,,,,37.27,31.74,31.74,36.11,36.11,31.74,49.13,32.0,44.05,41.02,37.27,37.27,37.27,37.27,39.1,44.02,,,,,,
2019-09-08 10:00:00+02:00,,36.31,,28.13,30.81,34.98,,34.2,,36.31,36.31,36.31,52.49,32.75,52.49,32.75,39.27,,62.18,41.85,42.85,,45.0,,,,36.31,36.31,,36.31,36.31,36.31,36.31,36.31,52.49,52.49,,,,,36.31,31.59,31.59,36.26,36.26,31.59,52.96,32.75,42.88,38.07,36.31,36.31,36.31,36.31,41.85,42.85,,,,,,
2019-09-08 11:00:00+02:00,,36.19,,33.45,34.0,35.06,,33.95,,36.19,36.19,36.19,53.54,35.0,53.54,35.0,38.06,,63.39,40.57,41.07,,46.46,,,,35.3,35.3,,35.3,35.3,35.3,35.3,35.3,53.54,53.54,,,,,36.19,31.62,31.62,36.19,36.19,31.62,54.01,35.0,41.1,38.09,36.19,36.19,36.19,36.19,40.57,41.07,,,,,,
2019-09-08 12:00:00+02:00,,35.46,,35.46,28.93,33.72,,32.2,,35.46,35.46,35.63,52.51,35.46,52.51,35.46,42.54,,63.38,52.99,43.23,,46.46,,,,35.46,35.46,,35.46,35.46,35.46,35.46,35.46,52.51,52.51,,,,,35.46,31.38,31.38,35.63,35.63,31.38,52.98,35.46,43.25,40.96,35.63,35.63,35.63,35.63,42.73,43.23,,,,,,
2019-09-08 13:00:00+02:00,,32.2,,32.2,27.38,32.54,,30.38,,32.2,32.2,34.98,53.1,36.64,53.1,32.2,43.66,,60.98,48.0,40.0,,46.49,,,,32.2,32.2,,32.2,32.2,32.2,32.2,32.2,53.1,53.1,,,,,32.2,31.17,31.17,34.98,34.98,31.17,53.58,36.64,40.03,39.08,34.98,34.98,34.98,34.98,48.0,40.0,,,,,,
2019-09-08 14:00:00+02:00,,32.3,,15.3,26.96,32.74,,29.0,,32.3,32.3,34.93,50.53,38.2,50.53,24.89,40.3,,60.97,36.4,36.9,,44.51,,,,32.3,32.3,,32.3,32.3,32.3,32.3,32.3,50.53,50.53,,,,,32.3,31.27,31.27,34.93,34.93,31.27,50.99,38.2,36.93,37.9,34.93,34.93,34.93,34.93,36.4,29.0,,,,,,
2019-09-08 15:00:00+02:00,,32.37,,17.72,32.9,33.04,,29.52,,32.37,32.37,34.87,49.06,35.5,49.06,25.99,38.07,,58.39,39.1,40.65,,46.0,,,,32.3,32.3,,32.3,32.3,32.3,32.3,32.3,49.06,49.06,,,,,32.37,31.33,31.33,34.87,34.87,31.33,49.5,35.5,40.68,38.97,34.87,34.87,34.87,34.87,39.1,29.52,,,,,,
2019-09-08 16:00:00+02:00,,34.26,,13.07,40.67,34.79,,30.5,,34.26,34.26,35.15,48.81,34.24,48.81,24.51,36.01,,58.39,39.1,43.62,,37.59,,,,34.14,34.14,,34.14,34.14,34.14,34.14,34.14,48.81,48.81,,,,,34.26,31.42,31.42,35.15,35.15,31.42,49.25,34.24,43.65,44.74,35.15,35.15,35.15,35.15,39.1,30.5,,,,,,
2019-09-08 17:00:00+02:00,,39.3,,10.02,50.13,37.14,,37.0,,39.3,39.3,39.3,48.78,33.88,48.78,26.44,40.72,,58.39,39.3,41.28,,42.51,,,,35.79,35.79,,35.79,35.79,35.79,35.79,35.79,48.78,48.78,,,,,39.3,31.55,31.55,36.54,36.54,31.55,49.22,33.88,41.3,43.93,38.31,38.31,38.31,38.31,39.3,37.0,,,,,,
2019-09-08 18:00:00+02:00,,43.11,,31.02,50.14,39.03,,43.28,,43.11,43.11,43.11,51.71,36.13,51.71,36.13,46.73,,60.76,43.11,46.98,,48.78,,,,38.0,38.0,,38.0,38.0,38.0,45.76,38.0,51.71,51.71,,,,,45.1,31.55,31.55,36.54,36.54,31.55,52.18,36.13,53.14,47.94,37.97,37.97,37.97,42.07,43.11,43.28,,,,,,
2019-09-08 19:00:00+02:00,,47.69,,41.06,50.15,39.31,,49.75,,49.55,49.55,49.55,54.02,41.06,54.02,41.06,53.75,,68.96,47.69,64.94,,55.94,,,,47.5,47.5,,47.5,47.5,47.5,72.24,47.5,54.02,54.02,,,,,51.88,31.29,31.29,36.56,36.56,31.29,54.51,41.06,74.0,61.02,37.98,37.98,37.98,48.36,47.69,49.75,,,,,,
2019-09-08 20:00:00+02:00,,51.94,,43.4,50.14,40.27,,51.5,,54.34,54.34,54.34,54.96,43.4,54.96,43.4,59.35,,67.05,51.94,76.24,,59.82,,,,49.19,49.19,,49.19,49.19,49.19,97.57,49.19,54.96,54.96,,,,,57.28,31.52,31.52,36.53,36.53,31.52,55.46,43.4,90.91,66.05,37.88,37.88,37.88,53.04,51.94,51.5,,,,,,
2019-09-08 21:00:00+02:00,,45.49,,45.49,50.12,40.23,,44.0,,45.49,45.49,45.49,52.75,45.49,52.75,45.49,58.95,,60.94,45.49,56.44,,59.81,,,,45.49,45.49,,45.49,45.49,45.49,80.97,45.49,52.75,52.75,,,,,45.49,31.59,31.59,35.58,35.58,31.59,53.22,45.49,69.56,54.08,37.14,37.14,37.14,44.4,45.49,44.0,,,,,,
2019-09-08 22:00:00+02:00,,42.5,,42.5,50.12,40.23,,42.5,,42.5,42.5,42.5,49.24,42.65,49.24,42.5,44.04,,63.45,42.5,47.54,,45.97,,,,42.5,42.5,,42.5,42.5,42.5,71.97,42.5,49.24,49.24,,,,,42.5,31.62,31.62,35.0,35.0,31.62,49.68,42.65,47.57,51.51,35.72,35.72,35.72,35.72,42.5,42.5,,,,,,
2019-09-08 23:00:00+02:00,,38.27,,38.27,50.11,37.21,,37.56,,38.27,38.27,38.27,45.62,40.01,45.62,38.27,39.49,,58.39,38.27,40.07,,40.24,,,,38.27,38.27,,38.27,38.27,38.27,56.2,38.27,45.62,45.62,,,,,38.27,31.05,31.05,34.93,34.93,31.05,46.04,40.01,40.1,43.91,35.05,35.05,35.05,35.05,38.27,37.56,,,,,,
2019-09-09 00:00:00+02:00,,38.33,,38.33,44.56,35.03,,34.03,,38.33,38.33,38.33,36.98,46.77,36.98,38.33,39.73,,60.48,39.42,37.54,,38.0,,,,39.42,39.42,,39.42,39.42,39.42,51.0,39.42,36.98,36.98,,,,,38.33,32.72,32.72,35.41,35.41,32.72,48.92,46.77,37.57,43.5,35.41,35.41,35.41,35.41,39.42,34.03,,,,,,
2019-09-09 01:00:00+02:00,,34.09,,34.09,30.09,33.15,,32.76,,34.09,34.09,34.09,34.05,45.78,34.05,34.09,35.19,,60.87,34.58,32.82,,33.37,,,,34.98,34.98,,34.58,34.98,34.98,42.9,34.98,34.05,34.05,,,,,34.09,32.37,32.37,34.05,34.05,32.37,48.92,45.78,32.84,35.97,34.05,34.05,34.05,34.05,34.58,32.76,,,,,,
2019-09-09 02:00:00+02:00,,33.03,,32.5,37.32,32.17,,30.79,,33.03,33.03,33.09,33.09,45.23,33.09,32.81,33.77,,58.57,34.27,30.79,,32.02,,,,34.27,34.27,,34.27,34.27,34.27,34.27,34.27,33.09,33.09,,,,,33.03,31.98,31.98,33.09,33.09,31.98,48.92,45.23,30.81,32.18,33.09,33.09,33.09,33.09,34.27,30.79,,,,,,
2019-09-09 03:00:00+02:00,,32.09,,28.01,35.3,31.93,,30.06,,32.09,32.09,32.88,32.88,44.94,32.88,30.41,31.3,,58.21,34.3,30.06,,30.39,,,,34.3,34.3,,34.3,34.3,34.3,34.3,34.3,32.88,32.88,,,,,32.09,31.34,31.34,32.88,32.88,31.34,49.05,44.94,30.08,32.68,32.88,32.88,32.88,32.88,34.3,30.06,,,,,,
2019-09-09 04:00:00+02:00,,32.44,,25.7,39.8,32.04,,31.2,,32.44,32.44,33.23,33.23,41.75,33.23,29.72,30.59,,58.21,34.05,31.2,,29.0,,,,34.05,34.05,,34.05,34.05,34.05,34.05,34.05,33.23,33.23,,,,,32.44,31.54,31.54,33.23,33.23,31.54,48.68,41.75,31.22,32.65,33.23,33.23,33.23,33.23,34.05,31.2,,,,,,
2019-09-09 05:00:00+02:00,,34.16,,28.34,47.5,35.62,,34.0,,34.16,34.16,34.16,49.63,39.81,49.63,31.88,32.81,,61.03,36.9,39.42,,31.11,,,,36.9,36.9,,36.9,36.9,36.9,36.9,36.9,49.63,49.63,,,,,34.14,32.41,32.41,34.16,34.16,32.41,50.08,39.81,39.44,45.44,34.16,34.16,34.16,34.16,36.9,34.0,,,,,,
2019-09-09 06:00:00+02:00,,46.9,,40.39,64.29,42.01,,46.4,,48.18,48.18,48.18,71.48,42.45,71.48,42.45,41.69,,63.67,46.9,56.22,,31.94,,,,42.71,42.71,,42.71,42.71,42.71,42.99,42.71,71.48,71.48,,,,,47.98,32.57,32.57,35.38,35.38,32.57,63.51,42.45,56.25,57.0,35.38,35.38,35.38,48.18,46.9,46.4,,,,,,
2019-09-09 07:00:00+02:00,,60.08,,49.4,69.57,43.62,,59.43,,63.52,63.52,63.52,73.66,47.0,73.66,47.0,48.36,,63.62,60.08,59.43,,44.28,,,,47.0,47.0,,47.0,47.0,47.0,66.0,47.0,73.66,73.66,,,,,62.53,32.97,32.97,37.66,37.66,32.97,64.09,47.0,71.66,64.99,37.66,37.66,37.66,63.52,60.08,59.43,,,,,,
2019-09-09 08:00:00+02:00,,66.41,,48.72,69.54,44.86,,63.0,,71.36,71.36,71.36,96.79,48.58,96.79,48.58,47.7,,64.72,66.41,63.0,,46.36,,,,49.16,49.16,,49.16,49.16,49.16,55.38,49.16,96.79,96.79,,,,,70.44,33.01,33.01,39.26,39.26,33.01,72.01,48.58,63.03,61.09,39.26,39.26,39.26,71.36,66.41,63.0,,,,,,
2019-09-09 09:00:00+02:00,,55.33,,52.62,61.4,45.43,,63.18,,56.51,56.51,56.51,85.92,50.07,85.92,50.07,51.52,,63.85,55.33,63.18,,52.49,,,,50.07,50.07,,50.07,50.07,50.07,55.38,50.07,85.92,85.92,,,,,55.84,32.96,32.96,39.72,35.84,32.96,73.73,50.07,63.21,59.97,39.72,39.72,39.72,56.51,55.33,63.18,,,,,,
2019-09-09 10:00:00+02:00,,48.56,,47.93,64.02,46.3,,55.53,,48.71,48.71,48.71,92.26,48.07,92.26,48.07,49.46,,63.69,48.56,55.53,,50.4,,,,48.07,48.07,,48.07,48.07,48.07,66.0,48.07,92.26,92.26,,,,,48.67,32.92,32.92,40.24,35.79,32.92,61.42,48.07,55.55,56.18,40.24,40.24,45.34,48.71,48.56,55.53,,,,,,
2019-09-09 11:00:00+02:00,,47.96,,47.06,68.56,46.92,,53.45,,47.83,47.83,47.83,84.93,46.77,84.93,46.77,48.13,,68.85,47.96,53.45,,46.85,,,,46.77,46.77,,46.77,46.77,46.77,48.27,46.77,84.93,84.93,,,,,47.41,32.68,32.68,40.86,35.33,32.68,61.41,46.77,53.47,56.15,40.86,40.86,47.8,47.83,47.96,53.45,,,,,,
2019-09-09 12:00:00+02:00,,46.0,,46.0,69.56,44.32,,53.72,,46.0,46.0,46.0,95.33,46.0,95.33,46.0,47.33,,68.85,46.0,53.72,,46.36,,,,43.0,43.0,,43.0,43.0,43.0,47.98,43.0,95.33,95.33,,,,,46.0,32.82,32.82,40.64,35.3,32.82,61.41,46.0,53.74,55.7,40.64,40.64,44.93,46.0,46.0,53.72,,,,,,
2019-09-09 13:00:00+02:00,,45.23,,45.23,69.57,44.15,,52.99,,45.23,45.23,45.23,78.46,45.23,78.46,45.23,46.68,,63.69,45.23,52.99,,45.34,,,,41.84,41.84,,45.0,41.84,41.84,46.01,41.84,78.46,78.46,,,,,45.23,32.66,32.66,39.79,35.3,32.66,61.4,45.23,53.0,56.03,39.79,39.79,45.23,45.23,45.23,52.99,,,,,,
2019-09-09 14:00:00+02:00,,42.64,,42.64,69.55,42.94,,53.25,,42.64,42.64,42.64,59.31,42.64,59.31,42.64,43.88,,63.6,42.64,53.25,,41.61,,,,42.64,42.64,,42.64,42.64,42.64,44.01,42.64,59.31,59.31,,,,,42.64,32.82,32.82,39.4,35.3,32.82,59.84,42.64,53.26,57.72,39.4,39.4,42.64,42.64,42.64,53.25,,,,,,
2019-09-09 15:00:00+02:00,,42.23,,42.23,69.54,42.97,,54.93,,42.23,42.23,42.23,58.87,42.23,58.87,42.23,43.44,,63.55,43.0,54.93,,41.2,,,,43.0,43.0,,43.0,43.0,43.0,47.98,43.0,58.87,58.87,,,,,42.23,32.78,32.78,39.11,35.32,32.78,59.41,42.23,54.95,58.01,39.11,39.11,42.23,42.23,43.0,54.93,,,,,,
2019-09-09 16:00:00+02:00,,41.6,,41.6,62.35,43.26,,54.29,,41.6,41.6,41.6,66.53,41.6,66.53,41.6,42.8,,63.59,44.76,54.29,,40.59,,,,44.76,44.76,,44.76,44.76,44.76,75.24,44.76,66.53,66.53,,,,,41.6,32.87,32.87,38.04,35.75,32.87,59.43,41.6,54.3,58.71,38.04,38.04,41.6,41.6,44.76,54.29,,,,,,
2019-09-09 17:00:00+02:00,,45.14,,45.14,65.09,42.97,,56.5,,45.14,45.14,45.14,66.84,43.31,66.84,45.14,46.58,,65.88,45.14,56.62,,44.18,,,,45.14,45.14,,45.14,45.14,45.14,75.29,45.14,66.84,66.84,,,,,45.14,32.83,32.83,38.21,35.78,32.83,60.4,43.31,56.63,59.09,38.21,38.21,45.14,45.14,45.14,56.5,,,,,,
2019-09-09 18:00:00+02:00,,49.99,,49.99,69.56,42.86,,56.5,,49.99,49.99,49.99,68.51,40.0,68.51,49.99,51.81,,67.1,49.99,57.07,,49.13,,,,49.99,49.99,,49.99,49.99,49.99,107.06,49.99,68.51,68.51,,,,,49.99,32.74,32.74,39.01,35.71,32.74,61.48,40.0,57.08,60.1,39.01,39.01,45.9,49.99,49.99,56.5,,,,,,
2019-09-09 19:00:00+02:00,,60.23,,58.67,91.99,43.15,,60.2,,60.94,60.94,60.94,69.08,40.09,69.08,57.09,60.54,,78.93,60.23,69.89,,57.42,,,,57.09,57.09,,57.09,57.09,57.09,114.79,57.09,69.08,69.08,,,,,60.64,32.8,32.8,38.86,35.75,32.8,67.19,40.09,69.9,76.02,38.86,38.86,40.38,60.94,60.23,60.2,,,,,,
2019-09-09 20:00:00+02:00,,57.38,,57.17,94.06,42.99,,60.67,,57.48,57.48,57.48,57.27,41.24,57.27,56.95,59.51,,72.28,57.38,71.62,,56.44,,,,56.95,56.95,,56.95,56.95,56.95,114.79,56.95,57.27,57.27,,,,,57.43,32.94,32.94,38.51,38.13,32.94,60.31,41.24,71.63,82.0,38.51,38.51,38.51,57.48,57.38,60.67,,,,,,
2019-09-09 21:00:00+02:00,,45.94,,45.94,69.54,42.79,,49.3,,45.94,45.94,45.94,51.71,43.0,51.71,45.94,51.74,,68.88,49.33,62.75,,54.0,,,,49.33,49.33,,49.33,49.33,49.33,113.79,49.33,53.53,53.53,,,,,45.94,32.94,32.94,37.47,37.47,32.94,54.01,43.0,62.75,66.08,37.47,37.47,37.47,44.83,49.33,49.3,,,,,,
2019-09-09 22:00:00+02:00,,40.38,,40.38,65.64,42.22,,42.73,,40.38,40.38,40.38,44.0,39.0,44.0,40.38,41.84,,65.88,44.14,60.59,,43.67,,,,44.14,44.14,,44.14,44.14,44.14,96.95,44.14,45.65,45.65,,,,,40.38,32.73,32.73,35.94,35.74,32.73,49.82,39.0,67.4,58.02,35.94,35.94,35.94,39.41,44.14,42.73,,,,,,
2019-09-09 23:00:00+02:00,,34.35,,34.35,66.07,39.65,,37.25,,34.35,34.35,34.35,34.35,34.35,34.35,34.35,35.34,,60.53,41.0,60.64,,36.89,,,,41.0,41.0,,41.0,41.0,41.0,75.38,41.0,45.66,45.66,,,,,34.35,31.78,31.78,34.35,34.35,31.78,48.97,34.35,60.63,54.13,34.35,34.35,34.35,34.35,41.0,37.25,,,,,,
2019-09-10 00:00:00+02:00,,33.01,,33.01,50.11,33.12,,32.01,,33.01,33.01,33.01,33.01,33.01,33.01,33.01,41.09,,63.33,45.46,45.07,,34.31,,,,45.46,45.46,,45.46,45.46,45.46,65.0,45.46,33.01,33.01,,,,,33.01,32.47,32.47,33.01,33.01,32.47,49.73,33.01,45.07,52.91,33.01,33.01,33.01,33.01,45.46,32.01,,,,,,
2019-09-10 01:00:00+02:00,,32.45,,32.45,46.08,31.44,,30.2,,32.45,32.45,32.45,32.45,32.45,32.45,32.45,37.74,,60.95,43.0,43.03,,38.52,,,,43.0,43.0,,43.0,43.0,43.0,48.3,43.0,32.45,32.45,,,,,32.45,32.21,32.21,32.45,32.45,32.21,51.79,32.45,43.03,46.05,32.45,32.45,32.45,32.45,43.0,30.2,,,,,,
2019-09-10 02:00:00+02:00,,31.0,,31.0,43.92,30.53,,28.82,,31.0,31.0,31.09,31.09,31.0,31.09,31.0,33.36,,61.02,42.71,40.47,,34.05,,,,42.71,42.71,,42.71,42.71,42.71,46.0,42.71,31.09,31.09,,,,,31.0,31.09,31.09,31.09,31.09,31.09,50.88,31.0,40.47,42.53,31.09,31.09,31.09,31.09,42.71,28.82,,,,,,
2019-09-10 03:00:00+02:00,,30.13,,29.29,43.01,30.19,,27.11,,30.02,30.02,30.76,30.76,29.0,30.76,29.0,32.93,,60.85,42.71,39.68,,33.61,,,,42.71,42.71,,42.71,42.71,42.71,42.71,42.71,30.76,30.76,,,,,29.63,30.17,30.17,30.76,30.76,30.17,50.89,29.0,39.68,40.61,30.76,30.76,30.76,30.76,42.71,27.11,,,,,,
2019-09-10 04:00:00+02:00,,30.16,,28.22,45.11,30.1,,27.53,,29.9,29.9,31.29,31.29,27.56,31.29,27.56,31.36,,60.85,43.0,41.39,,32.79,,,,43.0,43.0,,43.0,43.0,43.0,43.0,43.0,31.29,31.29,,,,,29.01,30.1,30.1,31.29,31.29,30.1,51.09,27.56,41.39,41.03,31.29,31.29,31.29,31.29,43.0,27.53,,,,,,
2019-09-10 05:00:00+02:00,,32.23,,29.71,50.12,31.73,,30.2,,32.23,32.23,33.21,44.09,28.0,44.09,28.0,32.9,,60.9,43.66,45.03,,34.39,,,,43.66,43.66,,43.66,43.66,43.66,43.66,43.66,44.09,44.09,,,,,31.8,31.99,31.99,33.21,33.21,31.99,49.39,28.0,50.07,46.59,33.21,33.21,33.21,33.21,43.66,30.2,,,,,,
2019-09-10 06:00:00+02:00,,41.0,,36.25,50.14,38.98,,36.9,,41.0,41.0,40.02,62.42,33.0,62.42,33.0,41.6,,65.84,52.99,50.21,,43.48,,,,52.99,52.99,,52.99,52.99,52.99,52.99,52.99,62.42,62.42,,,,,40.2,31.93,31.93,35.69,35.69,31.93,54.18,33.0,67.39,59.98,35.69,35.69,35.69,40.02,52.99,36.9,,,,,,
2019-09-10 07:00:00+02:00,,44.95,,44.95,65.46,42.92,,42.9,,44.95,44.95,44.95,70.07,37.54,70.07,44.95,46.52,,63.56,56.05,59.33,,47.46,,,,56.05,56.05,,56.05,56.05,56.05,73.38,56.05,70.07,70.07,,,,,44.95,32.4,32.4,37.27,35.74,32.4,51.79,37.54,59.32,60.73,37.27,37.27,37.27,44.95,56.05,42.9,,,,,,
2019-09-10 08:00:00+02:00,,45.93,,45.93,65.06,43.11,,42.4,,45.93,45.93,45.93,81.05,41.04,81.05,45.93,55.73,,60.99,57.0,60.64,,77.83,,,,57.0,57.0,,57.0,57.0,57.0,73.38,57.0,81.05,81.05,,,,,45.93,32.57,32.57,39.55,35.72,32.57,53.64,41.04,62.74,60.85,39.55,39.55,39.55,45.93,57.0,42.4,,,,,,
2019-09-10 09:00:00+02:00,,41.0,,41.0,62.43,41.08,,39.0,,41.0,41.0,41.0,81.01,41.0,81.01,41.0,64.6,,63.61,56.93,58.12,,101.9,,,,56.93,56.93,,56.93,56.93,56.93,56.93,56.93,81.01,81.01,,,,,41.0,32.61,32.61,38.03,35.71,32.61,55.49,41.0,58.11,60.0,38.03,38.03,38.03,41.0,56.93,39.0,,,,,,
2019-09-10 10:00:00+02:00,,36.0,,36.0,61.39,39.17,,35.0,,36.0,36.0,36.0,79.09,36.0,79.09,36.0,61.97,,60.59,60.06,56.07,,95.0,,,,55.0,55.0,,55.0,55.0,55.0,55.0,55.0,79.09,79.09,,,,,36.0,32.42,32.42,36.0,35.71,32.42,55.48,36.0,56.06,56.27,36.0,36.0,36.0,36.0,60.06,35.0,,,,,,
2019-09-10 11:00:00+02:00,,32.6,,32.6,61.04,36.95,,32.3,,32.6,32.6,35.36,70.09,32.6,70.09,32.6,56.04,,58.63,62.0,52.98,,77.83,,,,51.2,51.2,,51.2,51.2,51.2,51.2,51.2,70.09,70.09,,,,,32.6,31.56,31.56,35.36,35.36,31.56,58.65,32.6,52.98,56.02,35.36,35.36,35.36,35.36,62.0,32.3,,,,,,
2019-09-10 12:00:00+02:00,,31.58,,31.04,60.73,34.68,,30.4,,31.04,31.04,35.6,81.04,32.98,81.04,32.98,50.66,,58.63,78.0,52.82,,54.37,,,,45.0,45.0,,45.0,45.0,45.0,45.0,45.0,81.04,81.04,,,,,31.04,31.04,31.04,35.6,35.6,31.04,58.69,32.98,52.81,54.23,35.6,35.6,35.6,35.6,78.0,30.4,,,,,,
2019-09-10 13:00:00+02:00,,31.6,,30.7,61.07,34.04,,31.2,,31.07,31.07,35.47,67.26,32.88,67.26,32.88,44.6,,58.39,76.05,52.1,,46.28,,,,44.01,44.01,,44.01,44.01,44.01,44.01,44.01,67.26,67.26,,,,,30.7,31.07,31.07,35.47,35.47,31.07,58.29,32.88,52.09,56.03,35.47,35.47,35.47,35.47,76.05,31.2,,,,,,
2019-09-10 14:00:00+02:00,,31.3,,31.3,62.39,33.11,,31.01,,31.3,31.3,35.43,53.01,31.3,53.01,31.3,42.59,,58.39,52.1,52.06,,44.0,,,,49.22,49.22,,49.22,49.22,49.22,49.22,49.22,53.01,53.01,,,,,31.3,31.3,31.3,35.43,35.43,31.3,53.17,31.3,52.04,56.49,35.43,35.43,35.43,35.43,52.1,31.01,,,,,,
2019-09-10 15:00:00+02:00,,32.01,,32.01,62.4,33.71,,41.9,,32.01,32.01,35.04,52.1,32.01,52.1,32.01,36.29,,58.61,55.0,56.0,,37.0,,,,55.0,55.0,,55.0,55.0,55.0,55.0,55.0,52.1,52.1,,,,,32.01,31.36,31.36,35.04,35.04,31.36,52.26,32.01,55.99,57.54,35.04,35.04,35.04,35.04,55.0,41.9,,,,,,
2019-09-10 16:00:00+02:00,,34.1,,34.1,62.39,35.08,,48.0,,34.1,34.1,34.94,55.26,32.06,55.26,34.1,35.39,,58.63,56.93,56.5,,34.4,,,,56.93,56.93,,56.93,56.93,56.93,56.93,56.93,55.26,55.26,,,,,34.1,31.97,31.97,34.94,34.94,31.97,54.59,32.06,56.49,58.06,34.94,34.94,34.94,34.94,56.93,48.0,,,,,,
2019-09-10 17:00:00+02:00,,39.18,,39.18,62.53,40.01,,40.24,,39.18,39.18,38.34,54.76,34.01,54.76,39.18,40.58,,58.7,57.0,59.92,,38.5,,,,57.0,57.0,,57.0,57.0,57.0,57.0,57.0,54.76,54.76,,,,,39.18,31.95,31.95,38.24,35.77,31.95,54.45,34.01,59.91,59.83,38.24,38.24,38.24,38.24,57.0,40.24,,,,,,
2019-09-10 18:00:00+02:00,,44.94,,42.66,62.41,42.68,,49.0,,44.94,44.94,44.94,56.96,34.92,56.96,41.09,46.12,,60.68,57.08,60.23,,43.76,,,,57.08,57.08,,57.08,57.08,57.08,57.08,57.08,56.96,56.96,,,,,44.53,31.86,31.86,37.42,35.75,31.86,54.55,34.92,60.22,60.08,37.42,37.42,37.42,43.86,57.08,49.0,,,,,,
2019-09-10 19:00:00+02:00,,46.97,,44.82,65.5,44.72,,51.0,,48.02,48.02,48.02,67.59,37.58,67.59,42.63,46.24,,65.3,56.14,69.13,,34.51,,,,56.14,56.14,,56.14,56.14,56.14,65.0,56.14,67.59,67.59,,,,,47.44,31.88,31.88,37.22,35.75,31.88,56.8,37.58,69.11,72.0,37.22,37.22,37.22,46.86,56.14,51.0,,,,,,
2019-09-10 20:00:00+02:00,,49.98,,46.66,65.49,44.54,,50.1,,51.59,51.59,51.59,46.75,43.29,46.75,43.29,52.49,,63.7,59.55,64.45,,33.31,,,,59.55,59.55,,59.55,59.55,59.55,65.0,59.55,46.75,46.75,,,,,50.67,31.97,31.97,37.0,35.85,31.97,56.42,43.29,64.43,75.05,37.0,37.0,37.0,50.35,59.55,50.1,,,,,,
2019-09-10 21:00:00+02:00,,42.75,,42.75,62.38,42.87,,43.1,,42.75,42.75,42.75,40.19,42.75,40.19,42.75,44.28,,62.41,49.33,54.97,,33.31,,,,49.33,49.33,,49.33,49.33,49.33,109.38,49.33,49.56,49.56,,,,,42.75,31.96,31.96,36.19,35.76,31.96,49.71,42.75,54.95,61.98,36.19,36.19,36.19,41.72,49.33,43.1,,,,,,
2019-09-10 22:00:00+02:00,,35.89,,35.89,48.61,40.09,,39.79,,35.89,35.89,35.89,34.82,35.89,34.82,35.89,36.93,,58.61,45.0,46.64,,33.31,,,,45.0,45.0,,45.0,45.0,45.0,75.38,45.0,44.05,44.05,,,,,35.89,31.88,31.88,34.82,34.82,31.88,46.2,35.89,46.62,55.18,34.82,34.82,34.82,34.82,45.0,39.79,,,,,,
2019-09-10 23:00:00+02:00,,31.7,,31.7,45.97,34.96,,32.9,,31.7,31.7,31.7,31.7,31.7,31.7,31.7,31.12,,60.62,42.99,38.27,,29.51,,,,42.99,42.99,,42.99,42.99,42.99,65.0,42.99,32.04,32.04,,,,,31.7,30.68,30.68,31.7,31.7,30.68,49.25,31.7,38.26,47.0,31.7,31.7,31.7,31.7,42.99,32.9,,,,,,
2019-09-11 00:00:00+02:00,,31.25,,31.25,42.53,31.06,,30.1,,31.25,31.25,31.25,31.25,31.25,31.25,31.25,32.13,,58.57,44.33,48.15,,10.0,,,,44.33,44.33,,44.33,44.33,44.33,44.33,44.33,31.25,31.25,,,,,31.25,30.09,30.09,31.25,31.25,30.09,48.74,31.25,48.12,46.0,31.25,31.25,31.25,31.25,44.33,30.1,,,,,,
2019-09-11 01:00:00+02:00,,30.23,,30.23,37.76,30.33,,29.66,,30.23,30.23,30.23,30.23,30.23,30.23,30.23,29.67,,47.24,42.99,42.09,,0.2,,,,42.99,42.99,,42.99,42.99,42.99,42.99,42.99,30.23,30.23,,,,,30.23,29.26,29.26,30.23,30.23,29.26,47.73,30.23,42.07,43.58,30.23,30.23,30.23,30.23,42.99,29.66,,,,,,
2019-09-11 02:00:00+02:00,,28.65,,28.38,36.03,29.91,,28.72,,28.62,28.62,28.62,28.62,28.29,28.62,28.29,27.76,,41.62,41.82,41.0,,0.0,,,,41.82,41.82,,41.82,41.82,41.82,41.82,41.82,28.62,28.62,,,,,28.5,28.62,28.62,28.62,28.62,28.62,47.41,28.29,40.98,42.34,28.62,28.62,28.62,28.62,41.82,28.72,,,,,,
2019-09-11 03:00:00+02:00,,29.26,,25.46,34.87,29.49,,28.6,,28.88,28.88,28.88,28.88,26.1,28.88,24.36,23.9,,37.9,41.64,39.83,,-0.01,,,,41.64,41.64,,41.64,41.64,41.64,41.64,41.64,28.88,28.88,,,,,27.1,28.0,28.0,28.88,28.88,28.0,48.32,26.1,39.81,41.46,28.88,28.88,28.88,28.88,41.64,28.6,,,,,,
2019-09-11 04:00:00+02:00,,30.97,,20.42,36.66,30.01,,29.64,,29.9,29.9,29.9,29.9,26.0,29.9,17.35,17.03,,38.0,41.82,41.09,,-0.01,,,,41.82,41.82,,41.82,41.82,41.82,41.82,41.82,29.9,29.9,,,,,24.97,27.93,27.93,29.9,29.9,27.93,48.69,26.0,41.07,42.99,29.9,29.9,29.9,29.9,41.82,29.64,,,,,,
2019-09-11 05:00:00+02:00,,31.3,,24.8,50.11,31.64,,30.8,,30.64,30.64,30.64,43.7,26.07,42.68,22.91,22.48,,41.85,41.99,46.99,,-0.01,,,,41.99,41.99,,41.99,41.99,41.99,41.99,41.99,43.7,43.7,,,,,27.61,28.23,28.23,32.71,32.71,28.23,48.94,26.07,46.96,46.22,32.71,32.71,32.71,32.71,41.99,30.8,,,,,,
2019-09-11 06:00:00+02:00,,39.0,,33.85,62.01,39.22,,40.3,,38.82,38.82,38.82,53.97,33.75,54.99,33.75,33.13,,58.5,52.0,59.01,,0.0,,,,47.5,47.5,,47.5,47.5,47.5,47.5,47.5,53.97,53.97,,,,,37.29,29.87,29.87,35.36,35.36,29.87,54.13,33.75,58.98,56.47,36.61,36.61,36.61,36.61,52.0,40.3,,,,,,
2019-09-11 07:00:00+02:00,,42.57,,42.57,61.36,42.14,,44.43,,42.57,42.57,42.57,54.95,35.56,54.95,42.57,41.8,,63.2,52.0,57.1,,24.0,,,,52.0,52.0,,52.0,52.0,52.0,73.25,52.0,54.95,54.95,,,,,42.57,30.4,30.4,37.67,35.41,30.4,55.11,35.56,57.07,58.51,37.67,37.67,37.67,41.55,52.0,44.43,,,,,,
2019-09-11 08:00:00+02:00,,43.25,,43.25,61.38,43.3,,43.41,,43.25,43.25,43.25,57.7,39.12,57.7,43.25,44.63,,65.8,54.0,56.64,,33.57,,,,54.0,54.0,,54.0,54.0,54.0,77.0,54.0,57.7,57.7,,,,,43.25,30.55,30.55,41.76,35.44,30.55,57.87,39.12,56.6,58.93,41.76,41.76,41.76,42.22,54.0,43.41,,,,,,
2019-09-11 09:00:00+02:00,,39.82,,39.82,59.95,40.64,,46.0,,39.82,39.82,39.82,58.36,39.82,58.36,39.82,42.67,,60.95,52.36,55.05,,43.48,,,,52.36,52.36,,52.36,52.36,52.36,52.36,52.36,58.36,58.36,,,,,39.82,30.71,30.71,38.86,35.44,30.71,58.53,39.82,55.01,56.92,38.86,38.86,38.86,38.86,52.36,46.0,,,,,,
2019-09-11 10:00:00+02:00,,36.29,,36.29,58.26,36.88,,36.72,,36.29,36.29,36.29,58.26,36.29,58.26,36.29,39.76,,60.6,47.59,52.41,,39.0,,,,47.59,47.59,,47.59,47.59,47.59,47.59,47.59,58.26,58.26,,,,,36.29,30.62,30.62,36.25,35.41,30.62,58.43,36.29,52.38,55.22,36.25,36.25,36.25,36.25,47.59,36.72,,,,,,
2019-09-11 11:00:00+02:00,,33.94,,33.94,59.59,33.26,,33.22,,33.94,33.94,34.28,58.2,33.94,58.2,33.94,35.18,,60.94,45.0,53.54,,35.84,,,,45.0,45.0,,45.0,45.0,45.0,45.0,45.0,58.2,58.2,,,,,33.94,30.45,30.45,34.28,34.28,30.45,58.38,33.94,53.5,56.33,34.28,34.28,34.28,34.28,45.0,33.22,,,,,,
2019-09-11 12:00:00+02:00,,31.11,,30.07,63.4,31.67,,31.45,,30.55,30.55,34.36,57.33,32.07,57.33,32.07,33.01,,60.6,52.0,56.07,,33.63,,,,42.46,42.46,,42.46,42.46,42.46,42.46,42.46,57.33,57.33,,,,,30.55,29.57,29.57,34.36,34.36,29.57,57.51,32.07,56.04,60.39,34.36,34.36,34.36,34.36,52.0,31.45,,,,,,
2019-09-11 13:00:00+02:00,,28.79,,28.79,63.73,31.63,,40.29,,28.79,28.79,34.02,57.69,34.2,57.69,28.79,32.02,,60.59,44.93,56.64,,32.61,,,,42.39,42.39,,42.39,42.39,42.39,42.39,42.39,57.69,57.69,,,,,28.79,28.79,28.79,34.02,34.02,28.79,57.86,34.2,56.6,60.68,34.02,34.02,34.02,34.02,44.93,40.29,,,,,,
2019-09-11 14:00:00+02:00,,28.68,,28.68,63.91,30.99,,30.6,,28.68,28.68,33.73,49.08,34.73,49.08,28.68,31.23,,58.63,50.02,56.64,,31.81,,,,44.5,44.5,,44.5,44.5,44.5,44.5,44.5,49.08,49.08,,,,,28.68,28.68,28.68,33.73,33.73,28.68,55.6,34.73,56.6,60.87,33.73,33.73,33.73,33.73,50.02,30.6,,,,,,
2019-09-11 15:00:00+02:00,,30.02,,30.02,59.87,31.02,,41.9,,30.02,30.02,33.24,49.07,33.91,49.07,30.02,31.12,,60.59,48.0,59.81,,31.69,,,,48.0,48.0,,48.0,48.0,48.0,48.0,48.0,49.07,49.07,,,,,30.02,29.36,29.36,33.24,33.24,29.36,56.01,35.72,59.77,60.39,33.24,33.24,33.24,33.24,48.0,41.9,,,,,,
2019-09-11 16:00:00+02:00,,29.33,,29.33,59.83,31.9,,41.9,,29.33,29.33,32.82,56.53,35.16,56.53,29.33,30.28,,63.2,53.61,58.42,,31.59,,,,53.61,53.61,,53.61,53.61,53.61,53.61,53.61,56.53,56.53,,,,,29.33,29.33,29.33,32.82,32.82,29.33,56.71,35.84,58.38,60.02,32.82,32.82,32.82,32.82,53.61,41.9,,,,,,
2019-09-11 17:00:00+02:00,,33.06,,33.06,59.83,34.51,,34.8,,33.06,33.06,33.06,54.99,34.9,54.99,33.06,34.29,,63.2,53.93,55.52,,35.75,,,,53.93,53.93,,53.93,53.93,53.93,53.93,53.93,54.99,54.99,,,,,33.06,30.38,30.38,33.06,33.06,30.38,55.16,35.0,55.49,59.98,33.06,33.06,33.06,33.06,53.93,34.8,,,,,,
2019-09-11 18:00:00+02:00,,37.34,,37.34,61.36,38.42,,38.6,,37.34,37.34,37.34,56.47,37.34,56.47,37.34,42.37,,60.7,55.0,57.58,,44.18,,,,55.0,55.0,,55.0,55.0,55.0,75.25,55.0,56.47,56.47,,,,,37.34,30.18,30.18,35.06,35.06,30.18,56.65,37.34,57.54,59.99,35.06,35.06,35.06,35.06,55.0,38.6,,,,,,
2019-09-11 19:00:00+02:00,,39.67,,39.67,68.07,40.29,,42.0,,39.67,39.67,39.67,58.77,39.67,58.77,39.67,53.86,,61.05,55.0,61.17,,54.83,,,,55.0,55.0,,55.0,55.0,55.0,113.32,55.0,58.77,58.77,,,,,39.67,30.21,30.21,35.01,35.01,30.21,58.96,39.67,69.49,67.09,35.01,35.01,35.01,35.01,55.0,42.0,,,,,,
2019-09-11 20:00:00+02:00,,41.1,,41.1,68.1,41.08,,43.2,,41.1,41.1,41.1,54.5,41.1,54.5,41.1,55.98,,60.69,57.09,63.61,,56.97,,,,55.67,55.67,,55.67,55.67,55.67,113.32,55.67,57.67,57.67,,,,,41.1,30.33,30.33,34.71,34.71,30.33,57.86,41.1,63.57,65.95,34.71,34.71,34.71,34.71,57.09,43.2,,,,,,
2019-09-11 21:00:00+02:00,,38.37,,38.37,59.85,38.02,,38.72,,38.37,38.37,38.37,35.68,42.0,35.68,38.37,56.61,,60.72,78.0,59.92,,59.0,,,,50.24,50.24,,50.24,50.24,50.24,96.95,50.24,46.3,46.3,,,,,38.37,30.34,30.34,33.92,33.92,30.34,52.01,42.0,59.88,58.22,33.92,33.92,33.92,33.92,78.0,38.72,,,,,,
2019-09-11 22:00:00+02:00,,33.04,,33.04,54.54,33.25,,33.6,,33.04,33.04,33.04,32.21,36.48,32.21,33.04,49.93,,58.39,65.0,56.03,,52.05,,,,46.16,46.16,,46.16,46.16,46.16,77.0,46.16,45.4,45.4,,,,,33.04,30.3,30.3,32.21,32.21,30.3,52.29,36.48,56.0,53.99,32.21,32.21,32.21,32.21,65.0,33.6,,,,,,
2019-09-11 23:00:00+02:00,,30.47,,28.32,45.09,30.19,,29.6,,30.1,30.1,30.1,29.38,36.0,29.38,31.54,33.69,,57.98,52.75,49.0,,37.0,,,,45.0,45.0,,45.0,45.0,45.0,48.3,45.0,43.8,43.8,,,,,30.1,29.14,29.14,29.38,29.38,29.14,48.03,36.0,48.97,47.94,29.38,29.38,29.38,29.38,52.75,29.6,,,,,,
2019-09-12 00:00:00+02:00,,27.88,,27.88,47.86,30.93,,29.88,,27.88,27.88,27.88,27.21,32.9,27.21,27.88,47.01,,58.49,45.67,48.03,,35.47,,,,45.67,45.67,,45.67,45.67,45.67,45.67,45.67,27.21,27.21,,,,,27.88,26.98,26.98,27.21,27.21,26.98,47.12,32.9,48.0,54.96,27.21,27.21,27.21,27.21,45.67,29.88,,,,,,
2019-09-12 01:00:00+02:00,,27.21,,27.21,44.97,31.04,,28.89,,27.21,27.21,27.21,26.76,30.0,26.76,27.21,30.7,,51.5,43.0,42.06,,29.89,,,,43.0,44.68,,43.0,44.68,44.68,44.68,44.68,26.76,26.76,,,,,27.21,26.76,26.76,26.76,26.76,26.76,48.53,30.0,42.03,48.91,26.76,26.76,26.76,26.76,43.0,28.89,,,,,,
2019-09-12 02:00:00+02:00,,27.53,,27.53,39.3,30.5,,28.55,,27.53,27.53,27.53,26.87,29.07,26.87,27.53,28.46,,41.74,42.33,38.06,,27.05,,,,42.33,43.0,,42.33,43.0,43.0,43.0,43.0,26.87,26.87,,,,,27.53,26.74,26.74,26.87,26.87,26.74,48.56,29.07,38.04,49.9,26.87,26.87,26.87,26.87,42.33,28.55,,,,,,
2019-09-12 03:00:00+02:00,,26.89,,25.1,37.4,29.96,,28.39,,26.89,26.89,26.89,26.89,28.75,26.89,26.07,27.92,,41.3,42.03,37.78,,26.54,,,,42.03,42.03,,42.03,42.03,42.03,42.03,42.03,26.89,26.89,,,,,27.01,26.64,26.64,26.89,26.89,26.64,48.61,28.75,37.76,45.93,26.89,26.89,26.89,26.89,42.03,28.39,,,,,,
2019-09-12 04:00:00+02:00,,28.03,,25.18,39.86,30.96,,28.5,,28.03,28.03,28.03,28.03,28.75,28.03,26.56,27.26,,41.4,42.03,40.3,,25.42,,,,42.03,42.03,,42.03,42.03,42.03,42.03,42.03,28.03,28.03,,,,,28.03,27.56,27.56,28.03,28.03,27.56,48.48,28.75,40.28,46.6,28.03,28.03,28.03,28.03,42.03,28.5,,,,,,
2019-09-12 05:00:00+02:00,,30.74,,27.64,53.15,32.95,,30.8,,30.74,30.74,30.74,30.74,29.55,30.74,29.13,29.9,,49.0,47.94,50.06,,25.42,,,,43.18,43.18,,43.18,43.18,43.18,43.18,43.18,30.74,30.74,,,,,30.74,28.62,28.62,30.74,30.74,28.62,48.49,29.55,50.03,53.08,30.74,30.74,30.74,30.74,47.94,30.8,,,,,,
2019-09-12 06:00:00+02:00,,43.76,,41.51,63.63,42.29,,44.0,,44.66,44.66,44.66,51.79,41.51,51.79,41.51,43.43,,58.6,57.0,60.65,,23.5,,,,53.0,53.0,,53.0,53.0,53.0,53.0,53.0,51.79,51.79,,,,,44.66,29.09,29.09,32.96,32.96,29.09,51.99,41.51,60.61,60.32,32.96,32.96,32.96,32.96,57.0,44.0,,,,,,
2019-09-12 07:00:00+02:00,,49.51,,47.65,63.1,45.85,,50.0,,50.32,50.32,50.32,54.01,43.57,54.01,47.65,49.52,,65.43,57.0,62.77,,25.93,,,,52.59,52.59,,52.59,52.59,52.59,56.11,52.59,54.01,54.01,,,,,50.65,30.22,30.22,34.47,34.47,30.22,54.23,43.57,62.73,60.04,34.47,34.47,34.47,49.11,57.0,50.0,,,,,,
2019-09-12 08:00:00+02:00,,55.0,,53.71,62.08,46.42,,52.2,,55.55,55.55,55.55,54.65,43.0,54.65,52.73,57.1,,60.59,55.0,61.94,,35.7,,,,55.0,55.0,,55.0,55.0,55.0,73.11,55.0,54.65,54.65,,,,,55.25,30.79,30.79,35.52,35.52,30.79,54.87,43.0,61.9,60.07,35.52,35.52,35.52,54.21,55.0,52.2,,,,,,
2019-09-12 09:00:00+02:00,,47.96,,47.96,46.4,46.98,,47.12,,47.96,47.96,47.96,56.11,44.1,56.11,47.96,54.55,,58.63,50.53,59.01,,50.78,,,,50.0,50.0,,50.0,50.0,50.0,58.11,50.0,56.11,56.11,,,,,47.96,30.92,30.92,35.37,35.37,30.92,56.85,44.1,58.97,59.98,35.37,35.37,35.37,46.81,50.53,47.12,,,,,,
2019-09-12 10:00:00+02:00,,43.93,,43.93,46.06,45.26,,45.6,,43.93,43.93,43.93,54.94,43.93,54.94,43.93,47.5,,58.39,52.0,58.61,,46.28,,,,47.02,47.02,,47.02,47.02,47.02,47.02,47.02,54.94,54.94,,,,,43.93,30.77,30.77,35.04,35.04,30.77,56.71,43.93,58.57,58.57,35.04,35.04,35.04,42.88,52.0,45.6,,,,,,
2019-09-12 11:00:00+02:00,,41.97,,41.97,42.95,42.92,,42.5,,41.97,41.97,41.97,54.91,41.97,54.91,41.97,43.36,,58.63,52.0,56.64,,44.31,,,,45.0,45.0,,45.0,45.0,45.0,45.14,45.0,54.91,54.91,,,,,41.97,30.62,30.62,34.81,34.81,30.62,57.35,41.97,56.6,58.24,34.81,34.81,34.81,34.81,52.0,42.5,,,,,,
2019-09-12 12:00:00+02:00,,40.99,,40.99,55.53,39.94,,38.0,,40.99,40.99,40.99,54.94,40.99,54.94,40.99,42.35,,58.64,52.0,57.5,,43.28,,,,42.18,42.18,,42.18,42.18,42.18,42.18,42.18,54.94,54.94,,,,,40.99,30.42,30.42,34.22,34.22,30.42,56.96,40.99,57.46,59.99,34.22,34.22,34.22,34.22,52.0,38.0,,,,,,
2019-09-12 13:00:00+02:00,,35.28,,35.28,60.54,36.86,,36.2,,35.28,35.28,35.28,56.26,41.51,56.26,35.28,37.3,,58.63,52.0,56.98,,38.12,,,,42.18,42.18,,42.18,42.18,42.18,42.18,42.18,56.26,56.26,,,,,35.28,30.37,30.37,34.43,34.43,30.37,56.5,41.51,56.94,60.06,34.43,34.43,34.43,34.43,52.0,36.2,,,,,,
2019-09-12 14:00:00+02:00,,32.68,,32.68,60.56,35.31,,34.2,,32.68,32.68,32.68,45.49,39.54,45.49,32.68,33.76,,58.63,45.0,56.64,,34.51,,,,45.0,45.0,,45.0,45.0,45.0,45.0,45.0,48.56,48.56,,,,,32.68,30.24,30.24,32.68,32.68,30.24,56.85,39.54,56.6,60.06,32.68,32.68,32.68,32.68,45.0,34.2,,,,,,
2019-09-12 15:00:00+02:00,,32.72,,32.72,58.05,35.58,,36.01,,32.72,32.72,32.72,45.12,38.87,45.12,32.72,33.66,,58.39,47.02,56.64,,34.42,,,,47.02,47.02,,47.02,47.02,47.02,47.02,47.02,50.03,50.03,,,,,32.72,30.21,30.21,32.72,32.72,30.21,56.88,40.51,56.6,60.09,32.72,32.72,32.72,32.72,47.02,36.01,,,,,,
2019-09-12 16:00:00+02:00,,32.75,,32.75,62.05,36.07,,36.65,,32.75,32.75,32.75,51.03,38.49,51.03,32.75,33.68,,58.64,51.5,60.65,,34.99,,,,51.5,51.5,,51.5,51.5,51.5,63.36,51.5,51.03,51.03,,,,,32.75,30.22,30.22,32.75,32.75,30.22,55.66,40.5,60.61,60.57,32.75,32.75,32.75,32.75,51.5,36.65,,,,,,
2019-09-12 17:00:00+02:00,,39.9,,39.9,62.01,40.09,,41.9,,39.9,39.9,39.9,51.03,39.9,51.03,39.9,41.04,,60.68,52.0,61.21,,41.96,,,,52.0,52.0,,52.0,52.0,52.0,63.36,52.0,51.03,51.03,,,,,39.9,30.1,30.1,34.06,34.06,30.1,56.52,39.9,61.17,59.97,34.06,34.06,34.06,34.06,52.0,41.9,,,,,,
2019-09-12 18:00:00+02:00,,42.0,,42.0,52.55,44.75,,47.0,,42.0,42.0,42.0,51.08,42.0,51.08,42.0,43.37,,60.7,52.03,59.99,,45.42,,,,52.03,52.03,,52.03,52.03,52.03,73.11,52.03,51.08,51.08,,,,,42.0,29.71,29.71,34.01,34.01,29.71,58.65,42.0,59.95,59.93,34.01,34.01,34.01,34.01,52.03,47.0,,,,,,
2019-09-12 19:00:00+02:00,,44.27,,44.27,69.57,46.07,,50.17,,44.27,44.27,44.27,59.96,42.57,59.96,44.27,45.71,,65.91,57.26,71.41,,47.88,,,,55.0,55.0,,55.0,55.0,55.0,113.32,55.0,59.96,59.96,,,,,44.27,29.73,29.73,34.48,34.48,29.73,60.24,42.57,75.91,65.37,34.48,34.48,34.48,34.48,57.26,50.17,,,,,,
2019-09-12 20:00:00+02:00,,44.17,,44.17,66.4,46.93,,50.0,,44.17,44.17,44.17,47.74,44.07,47.74,44.17,49.28,,65.84,59.0,66.15,,51.62,,,,56.03,56.03,,56.03,56.03,56.03,113.32,56.03,54.04,51.08,,,,,44.17,29.91,29.91,34.4,34.4,29.91,60.69,44.07,69.48,66.1,34.4,34.4,34.4,34.4,59.0,50.0,,,,,,
2019-09-12 21:00:00+02:00,,41.51,,41.51,42.53,42.83,,41.9,,41.51,41.51,41.51,37.37,41.51,37.37,41.51,49.44,,60.96,53.19,50.99,,54.6,,,,53.19,53.19,,53.19,53.19,53.19,96.11,53.19,48.57,48.57,,,,,41.51,29.89,29.89,33.69,33.69,29.89,56.86,41.51,50.95,59.89,33.69,33.69,33.69,33.69,53.19,41.9,,,,,,
2019-09-12 22:00:00+02:00,,37.14,,35.0,41.37,37.04,,36.0,,36.84,36.84,36.84,32.46,38.05,32.46,38.05,40.93,,58.63,52.0,52.41,,51.22,,,,48.0,48.0,,48.0,48.0,48.0,73.11,48.0,48.36,48.36,,,,,36.29,29.66,29.66,32.46,32.46,29.66,54.91,38.05,52.37,59.96,32.46,32.46,32.46,32.46,52.0,36.0,,,,,,
2019-09-12 23:00:00+02:00,,31.42,,27.9,40.39,32.79,,31.01,,30.93,30.19,30.19,30.19,37.5,30.19,32.86,33.68,,58.57,43.0,42.48,,39.3,,,,43.0,43.0,,43.0,43.0,43.0,43.04,43.0,48.31,48.31,,,,,30.1,28.87,28.87,30.19,30.19,28.87,48.67,37.5,42.45,50.02,30.19,30.19,30.19,30.19,43.0,31.01,,,,,,
2019-09-13 00:00:00+02:00,,30.05,,30.05,38.85,31.78,,31.12,,30.05,30.05,30.05,29.33,33.8,29.33,30.05,45.42,,57.5,43.61,39.28,,44.18,,,,43.61,43.61,,43.61,43.61,43.61,46.0,43.61,41.76,41.76,,,,,30.05,29.06,29.06,29.33,29.33,29.06,52.46,33.8,39.27,40.06,29.33,29.33,29.33,29.33,43.61,31.12,,,,,,
2019-09-13 01:00:00+02:00,,28.31,,28.31,28.01,29.95,,29.41,,28.31,28.31,28.31,28.31,31.25,28.31,28.31,35.72,,56.49,42.53,30.05,,37.3,,,,42.53,42.53,,42.53,42.53,42.53,42.53,42.53,28.31,28.31,,,,,28.31,28.15,28.15,28.31,28.31,28.15,52.53,31.25,30.05,38.06,28.31,28.31,28.31,28.31,42.53,29.41,,,,,,
2019-09-13 02:00:00+02:00,,27.11,,27.11,22.81,28.5,,27.76,,27.11,27.11,27.11,27.11,30.09,27.11,27.11,30.65,,46.88,41.67,27.76,,32.0,,,,41.67,41.67,,41.67,41.67,41.67,41.67,41.67,27.11,27.11,,,,,27.11,27.11,27.11,27.11,27.11,27.11,53.29,30.09,27.75,31.98,27.11,27.11,27.11,27.11,41.67,27.76,,,,,,
2019-09-13 03:00:00+02:00,,26.24,,26.24,22.55,27.04,,26.84,,26.24,26.24,26.24,26.24,30.0,26.24,26.24,29.7,,41.83,41.62,26.84,,31.01,,,,41.62,41.62,,41.62,41.62,41.62,41.62,41.62,26.24,26.24,,,,,26.24,26.24,26.24,26.24,26.24,26.24,52.48,30.0,26.83,29.99,26.24,26.24,26.24,26.24,41.62,26.84,,,,,,
2019-09-13 04:00:00+02:00,,27.05,,27.05,26.24,27.02,,27.37,,27.05,27.05,27.05,27.05,29.61,27.05,27.05,31.55,,42.15,40.25,28.22,,32.94,,,,40.25,40.25,,40.25,40.25,40.25,40.25,40.25,27.05,27.05,,,,,27.05,27.05,27.05,27.05,27.05,27.05,52.41,29.61,28.21,30.67,27.05,27.05,27.05,27.05,40.25,27.37,,,,,,
2019-09-13 05:00:00+02:00,,30.01,,30.01,36.88,29.86,,29.74,,30.01,30.01,30.01,52.11,30.01,52.11,30.01,39.3,,54.39,42.2,36.68,,40.05,,,,42.2,42.2,,42.2,42.2,42.2,42.2,42.2,52.11,52.11,,,,,30.01,29.05,29.05,30.01,30.01,29.05,52.39,30.01,36.67,38.59,30.01,30.01,30.01,30.01,42.2,29.74,,,,,,
2019-09-13 06:00:00+02:00,,40.01,,40.01,44.25,38.88,,41.9,,40.01,40.01,40.01,58.03,40.01,58.03,40.01,50.76,,56.63,50.0,46.8,,51.73,,,,50.0,50.0,,50.0,50.0,50.0,50.0,50.0,58.03,58.03,,,,,40.01,29.95,29.95,33.74,33.74,29.95,58.34,40.01,46.79,49.02,33.74,33.74,33.74,39.05,50.0,41.9,,,,,,
2019-09-13 07:00:00+02:00,,43.98,,43.98,44.91,42.73,,43.9,,43.98,43.98,43.98,59.98,43.98,59.98,43.98,45.58,,57.58,50.0,51.1,,45.96,,,,50.0,50.0,,50.0,50.0,50.0,77.42,50.0,59.98,59.98,,,,,43.98,32.14,32.14,34.72,34.72,32.14,60.31,43.98,51.09,53.06,34.72,34.72,34.72,42.93,50.0,43.9,,,,,,
2019-09-13 08:00:00+02:00,,45.72,,45.72,47.24,43.11,,44.01,,45.72,45.72,45.72,60.1,43.59,60.1,45.72,47.38,,56.75,51.09,52.55,,74.89,,,,51.09,51.09,,51.09,51.09,51.09,56.42,51.09,60.1,60.1,,,,,45.72,32.93,32.93,35.58,35.58,32.93,60.43,43.59,52.53,55.09,35.58,35.58,35.58,44.62,51.09,44.01,,,,,,
2019-09-13 09:00:00+02:00,,44.69,,44.69,42.75,41.43,,42.01,,44.69,44.69,44.69,60.08,44.69,60.08,44.69,53.98,,57.48,50.0,50.73,,140.0,,,,50.0,50.0,,50.0,50.0,50.0,56.42,50.0,60.08,60.08,,,,,44.69,32.92,32.92,35.36,35.36,32.92,60.41,44.69,50.72,55.04,35.36,35.36,35.36,43.62,50.0,42.01,,,,,,
2019-09-13 10:00:00+02:00,,43.65,,43.65,42.14,39.2,,40.01,,43.65,33.06,43.65,59.59,43.65,59.59,43.65,49.36,,56.74,49.0,48.37,,150.0,,,,49.0,49.0,,49.0,49.0,49.0,75.29,49.0,59.59,59.59,,,,,43.65,32.05,32.05,35.08,35.08,32.05,59.92,43.65,48.36,52.47,35.08,35.08,35.08,35.08,49.0,40.01,,,,,,
2019-09-13 11:00:00+02:00,,42.21,,42.21,40.28,37.39,,37.33,,42.21,30.64,34.69,59.94,42.21,59.94,42.21,43.75,,54.05,47.37,47.08,,145.84,,,,47.37,47.37,,47.37,47.37,47.37,47.37,47.37,59.94,59.94,,,,,42.21,30.64,30.64,34.69,34.69,30.64,60.27,42.21,47.07,52.46,34.69,34.69,34.69,34.69,47.37,37.33,,,,,,
2019-09-13 12:00:00+02:00,,40.97,,40.83,42.56,36.34,,38.02,,40.92,30.04,34.44,59.52,42.0,59.52,41.12,42.33,,56.74,52.0,47.04,,140.0,,,,42.53,42.53,,42.53,42.53,42.53,42.53,42.53,59.52,59.52,,,,,40.83,30.04,30.04,34.44,34.44,30.04,59.85,42.0,47.03,51.39,34.44,34.44,34.44,34.44,52.0,38.02,,,,,,
2019-09-13 13:00:00+02:00,,38.15,,38.02,43.18,34.26,,44.0,,38.11,29.8,33.85,60.03,41.01,60.03,38.29,39.42,,56.74,51.0,48.01,,139.8,,,,42.53,42.53,,42.53,42.53,42.53,42.53,42.53,60.03,60.03,,,,,38.02,29.8,29.8,33.85,33.85,29.8,60.12,41.01,48.0,52.62,33.85,33.85,33.85,33.85,51.0,44.0,,,,,,
2019-09-13 14:00:00+02:00,,37.07,,37.0,43.97,33.51,,38.97,,37.06,29.56,33.29,53.67,38.01,53.67,37.11,38.21,,54.0,52.0,50.05,,100.0,,,,44.9,44.9,,44.9,44.9,44.9,44.9,44.9,53.67,53.67,,,,,37.03,29.56,29.56,33.29,33.29,29.56,54.22,38.01,50.03,52.55,33.29,33.29,33.29,33.29,52.0,38.97,,,,,,
2019-09-13 15:00:00+02:00,,36.25,,36.25,48.58,33.94,,46.0,,36.25,28.46,32.99,54.38,36.25,54.38,36.25,37.6,,57.86,52.0,50.72,,86.0,,,,49.37,49.37,,49.37,49.37,49.37,49.37,49.37,54.38,54.38,,,,,36.25,28.46,28.46,32.99,32.99,28.46,54.68,36.25,50.71,52.48,32.99,32.99,32.99,32.99,52.0,46.0,,,,,,
2019-09-13 16:00:00+02:00,,37.53,,37.53,53.02,34.79,,46.0,,37.53,28.76,32.96,52.54,37.53,52.54,37.53,38.76,,57.58,50.0,52.39,,83.81,,,,50.0,50.0,,50.0,50.0,50.0,54.22,50.0,52.54,52.54,,,,,37.53,28.76,28.76,32.96,32.96,28.76,52.83,37.53,52.37,56.02,32.96,32.96,32.96,32.96,50.0,46.0,,,,,,
2019-09-13 17:00:00+02:00,,42.48,,42.48,50.68,40.77,,42.41,,42.48,33.07,42.48,53.46,42.01,53.46,42.48,44.06,,57.68,50.01,54.78,,90.0,,,,50.01,50.01,,50.01,50.01,50.01,75.29,50.01,53.46,53.46,,,,,42.48,29.39,29.39,33.07,33.07,29.39,53.76,42.01,54.77,56.27,33.07,33.07,33.07,33.07,50.01,42.41,,,,,,
2019-09-13 18:00:00+02:00,,46.13,,46.13,60.57,42.9,,45.09,,46.13,33.46,46.13,51.25,42.01,51.25,46.13,47.85,,58.41,52.0,56.61,,99.0,,,,52.0,52.0,,52.0,52.0,52.0,96.42,52.0,51.25,51.25,,,,,46.13,29.2,29.2,33.46,33.46,29.2,51.53,42.01,56.6,57.99,33.46,33.46,33.46,33.46,52.0,45.09,,,,,,
2019-09-13 19:00:00+02:00,,50.46,,47.61,69.55,44.25,,47.9,,50.91,50.84,50.91,59.0,42.42,59.0,49.37,57.78,,58.71,56.0,56.88,,91.0,,,,56.0,56.0,,56.0,56.0,56.0,114.32,56.0,59.0,59.0,,,,,51.1,29.25,29.25,33.76,33.76,29.25,59.33,42.42,90.81,62.97,33.76,33.76,33.76,33.76,56.0,47.9,,,,,,
2019-09-13 20:00:00+02:00,,51.17,,45.48,67.66,43.6,,48.0,,52.07,50.86,51.68,50.89,44.44,50.89,49.0,67.45,,58.74,57.01,59.37,,84.31,,,,57.01,57.01,,57.01,57.01,57.01,114.32,57.01,50.89,50.89,,,,,52.43,29.38,29.38,33.49,33.49,29.38,57.46,44.44,67.37,60.62,33.49,33.49,33.49,33.49,57.01,48.0,,,,,,
2019-09-13 21:00:00+02:00,,44.91,,44.91,54.74,42.41,,43.26,,44.91,44.91,44.91,50.85,44.91,40.69,44.91,62.45,,58.64,54.0,55.1,,91.0,,,,54.0,54.0,,54.0,54.0,54.0,96.42,54.0,50.85,50.85,,,,,44.91,29.28,29.28,32.73,32.73,29.28,52.37,44.91,55.09,59.21,32.73,32.73,32.73,32.73,54.0,43.26,,,,,,
2019-09-13 22:00:00+02:00,,42.02,,42.02,53.03,40.5,,39.0,,42.02,42.02,42.02,30.84,42.02,30.84,42.02,44.93,,57.58,50.0,50.49,,71.29,,,,50.0,50.0,,50.0,50.0,50.0,81.0,50.0,30.84,30.84,,,,,42.02,29.18,29.18,30.84,30.84,29.18,56.78,42.02,50.47,53.05,30.84,30.84,30.84,30.84,50.0,39.0,,,,,,
2019-09-13 23:00:00+02:00,,39.0,,39.0,51.91,35.96,,34.5,,39.0,39.0,39.0,29.01,39.0,29.01,39.0,41.03,,59.53,45.0,50.49,,45.96,,,,45.0,45.0,,45.0,45.0,45.0,77.42,45.0,29.01,29.01,,,,,39.0,29.01,29.01,29.01,29.01,29.01,54.55,39.0,50.47,47.52,29.01,29.01,29.01,29.01,45.0,34.5,,,,,,
2019-09-14 00:00:00+02:00,,39.7,,39.7,69.57,36.79,,37.0,,39.7,27.92,27.92,27.92,39.7,27.92,39.7,51.56,,47.34,47.89,52.3,,49.15,,,,47.89,47.89,,47.89,47.89,47.89,55.42,47.89,27.92,27.92,,,,,39.7,27.92,27.92,27.92,27.92,27.92,49.77,39.7,52.31,48.64,27.92,27.92,27.92,27.92,47.89,37.0,,,,,,
2019-09-14 01:00:00+02:00,,32.5,,32.5,69.57,34.17,,34.01,,32.5,27.25,27.25,27.25,32.5,27.25,32.5,46.23,,44.8,47.59,46.93,,47.69,,,,47.59,47.59,,47.59,47.59,47.59,73.7,47.59,27.25,27.25,,,,,32.5,27.25,27.25,27.25,27.25,27.25,49.97,32.5,46.94,38.63,27.25,27.25,27.25,27.25,47.59,34.01,,,,,,
2019-09-14 02:00:00+02:00,,32.07,,32.07,51.93,33.03,,33.01,,32.07,26.7,26.7,26.7,32.07,26.7,32.07,47.25,,42.6,43.25,40.95,,47.49,,,,43.25,43.25,,43.25,43.25,43.25,73.7,43.25,26.7,26.7,,,,,32.07,26.7,26.7,26.7,26.7,26.7,49.84,32.07,42.99,33.7,26.7,26.7,26.7,26.7,43.25,33.01,,,,,,
2019-09-14 03:00:00+02:00,,31.95,,30.3,45.95,32.59,,32.8,,31.95,27.0,27.0,27.0,31.09,27.0,28.36,45.01,,41.17,41.29,37.8,,42.79,,,,41.29,41.29,,41.29,41.29,41.29,55.33,41.29,27.0,27.0,,,,,31.9,27.0,27.0,27.0,27.0,27.0,49.28,31.09,42.01,29.84,27.0,27.0,27.0,27.0,41.29,32.8,,,,,,
2019-09-14 04:00:00+02:00,,31.93,,27.51,43.69,32.54,,32.7,,31.93,27.26,27.26,27.26,30.91,27.26,22.33,37.13,,39.87,39.64,39.36,,35.3,,,,39.64,39.64,,39.64,39.64,39.64,48.99,39.64,27.26,27.26,,,,,31.83,27.26,27.26,27.26,27.26,27.26,49.85,30.91,39.37,29.88,27.26,27.26,27.26,27.26,39.64,32.7,,,,,,
2019-09-14 05:00:00+02:00,,31.98,,30.14,46.96,33.47,,32.7,,31.98,27.9,27.9,27.9,30.61,27.9,28.0,33.02,,41.84,40.22,40.06,,31.0,,,,40.22,40.22,,40.22,40.22,40.22,48.99,40.22,27.9,27.9,,,,,31.93,27.9,27.9,27.9,27.9,27.9,49.84,30.61,40.07,31.0,27.9,27.9,27.9,27.9,40.22,32.7,,,,,,
2019-09-14 06:00:00+02:00,,32.86,,32.06,55.09,36.46,,34.8,,32.86,28.81,28.81,28.81,31.12,28.81,31.12,33.96,,46.2,45.0,44.8,,29.27,,,,45.0,45.0,,45.0,45.0,45.0,46.99,45.0,28.81,28.81,,,,,32.85,28.81,28.81,28.81,28.81,28.81,49.38,31.12,44.81,37.9,28.81,28.81,28.81,28.81,45.0,34.8,,,,,,
2019-09-14 07:00:00+02:00,,40.52,,34.89,55.05,39.41,,37.22,,40.52,40.52,40.52,31.64,32.3,31.64,32.3,41.25,,42.0,44.44,52.05,,35.0,,,,44.44,44.44,,44.44,44.44,44.44,96.7,44.44,31.64,31.64,,,,,39.9,28.81,28.81,31.64,31.64,28.81,49.53,32.3,52.07,42.02,31.64,31.64,31.64,31.64,44.44,37.22,,,,,,
2019-09-14 08:00:00+02:00,,41.95,,37.76,53.98,40.1,,39.1,,41.95,41.95,41.95,50.14,35.81,50.14,35.81,46.34,,46.8,45.0,52.29,,38.15,,,,45.0,45.0,,45.0,45.0,45.0,96.7,45.0,50.14,50.14,,,,,41.49,28.88,28.88,33.42,33.42,28.88,54.09,35.81,52.31,43.95,33.42,33.42,33.42,33.42,45.0,39.1,,,,,,
2019-09-14 09:00:00+02:00,,41.77,,41.77,51.92,40.3,,39.1,,41.77,41.77,41.77,50.14,41.77,50.14,41.77,56.29,,51.14,44.99,52.15,,49.0,,,,44.99,44.99,,44.99,44.99,44.99,96.7,44.99,50.14,50.14,,,,,41.77,29.93,29.93,34.55,34.55,29.93,54.65,41.77,52.17,43.71,34.55,34.55,34.55,34.55,44.99,39.1,,,,,,
2019-09-14 10:00:00+02:00,,36.49,,36.49,52.05,37.53,,37.0,,36.49,36.49,36.49,50.14,39.17,50.14,36.49,54.03,,44.5,43.25,52.05,,46.93,,,,43.25,43.25,,43.25,43.25,43.25,47.99,43.25,50.14,50.14,,,,,36.49,30.6,30.6,34.91,34.91,30.6,54.58,39.17,52.06,40.98,34.91,34.91,34.91,34.91,43.25,37.0,,,,,,
2019-09-14 11:00:00+02:00,,32.54,,32.54,52.9,36.05,,35.65,,32.54,32.54,32.54,49.18,39.17,49.18,32.54,43.93,,41.69,40.15,52.36,,46.14,,,,40.15,40.15,,40.15,40.15,40.15,48.67,40.15,49.18,49.18,,,,,32.54,29.97,29.97,32.54,32.54,29.97,54.6,39.17,52.38,40.62,32.54,32.54,32.54,32.54,40.15,35.65,,,,,,
2019-09-14 12:00:00+02:00,,31.28,,31.28,54.93,33.83,,33.01,,31.28,31.28,31.28,44.61,39.17,44.61,31.28,33.75,,38.45,38.43,54.0,,34.45,,,,38.43,38.43,,38.43,38.43,38.43,38.43,38.43,44.61,44.61,,,,,31.28,29.59,29.59,31.28,31.28,29.59,54.21,39.17,54.01,43.95,31.28,31.28,31.28,31.28,38.43,33.01,,,,,,
2019-09-14 13:00:00+02:00,,30.01,,30.01,52.5,32.88,,32.01,,30.01,28.82,30.04,41.81,39.9,41.81,30.01,31.05,,37.23,37.61,52.36,,31.68,,,,37.61,37.61,,37.61,37.61,37.61,37.61,37.61,41.81,41.81,,,,,30.01,28.82,28.82,30.04,30.04,28.82,52.05,39.9,52.38,45.51,30.04,30.04,30.04,30.04,37.61,32.01,,,,,,
2019-09-14 14:00:00+02:00,,28.03,,28.03,50.6,32.08,,30.65,,28.03,27.38,28.72,44.65,39.06,44.65,28.03,28.8,,37.15,37.65,50.46,,28.01,,,,37.65,37.65,,37.65,37.65,37.65,37.65,37.65,44.65,44.65,,,,,28.03,27.38,27.38,28.72,28.72,27.38,50.99,39.06,50.48,45.52,28.72,28.72,28.72,28.72,37.65,30.65,,,,,,
2019-09-14 15:00:00+02:00,,28.02,,28.02,55.02,32.08,,31.0,,28.02,27.22,28.71,47.0,35.48,47.0,28.02,28.79,,42.29,38.43,52.05,,27.34,,,,38.43,38.43,,38.43,38.43,38.43,38.43,38.43,47.0,47.0,,,,,28.02,27.22,27.22,28.71,28.71,27.22,49.58,35.48,52.06,44.98,28.71,28.71,28.71,28.71,38.43,31.0,,,,,,
2019-09-14 16:00:00+02:00,,30.0,,30.0,55.08,33.26,,32.62,,30.0,28.12,30.88,48.38,32.07,48.38,30.0,30.83,,51.0,40.15,50.46,,29.27,,,,40.15,40.15,,40.15,40.15,40.15,48.99,40.15,48.38,48.38,,,,,30.0,28.12,28.12,30.88,30.88,28.12,49.45,32.07,50.48,45.57,30.88,30.88,30.88,30.88,40.15,32.62,,,,,,
2019-09-14 17:00:00+02:00,,35.48,,35.48,69.55,37.24,,37.19,,35.48,28.64,34.6,49.68,35.48,49.68,35.48,36.47,,55.4,43.25,50.67,,34.62,,,,43.25,43.25,,43.25,43.25,43.25,55.42,43.25,49.68,49.68,,,,,35.48,28.64,28.64,34.28,34.28,28.64,49.96,35.48,50.68,48.29,34.28,34.28,34.28,34.28,43.25,37.19,,,,,,
2019-09-14 18:00:00+02:00,,42.96,,42.59,69.54,43.61,,45.41,,42.96,34.68,42.96,50.15,42.42,50.15,42.42,43.9,,55.78,46.2,52.69,,41.68,,,,46.2,46.2,,46.2,46.2,46.2,96.7,46.2,50.15,50.15,,,,,42.92,28.39,28.39,34.68,34.68,28.39,50.44,42.42,52.7,45.97,34.68,34.68,34.68,34.68,46.2,45.41,,,,,,
2019-09-14 19:00:00+02:00,,49.88,,46.23,85.08,43.62,,51.14,,50.85,28.21,50.85,53.46,43.92,53.46,43.92,49.52,,55.82,51.0,59.93,,46.98,,,,51.0,56.62,,51.0,56.62,56.62,112.7,56.62,53.46,53.46,,,,,50.85,28.21,28.21,34.19,34.19,28.21,53.77,43.92,59.95,51.98,34.19,34.19,34.19,34.19,51.0,51.14,,,,,,
2019-09-14 20:00:00+02:00,,47.99,,47.99,69.57,44.31,,49.47,,47.99,27.92,47.99,53.13,47.99,53.13,47.99,52.42,,55.79,47.99,56.58,,46.95,,,,47.99,51.04,,47.99,51.04,51.04,113.79,51.04,53.13,53.13,,,,,47.99,27.92,27.92,33.61,33.61,27.92,53.43,47.99,56.6,53.05,33.61,33.61,33.61,33.61,47.99,49.47,,,,,,
2019-09-14 21:00:00+02:00,,44.05,,44.05,47.57,43.54,,42.28,,44.05,26.91,44.05,50.12,44.05,50.12,44.05,49.7,,58.65,44.3,47.29,,46.95,,,,44.3,44.37,,44.3,44.37,44.37,84.7,44.37,50.12,50.12,,,,,44.05,26.91,26.91,32.72,32.72,26.91,50.4,44.05,47.31,45.11,32.72,32.72,32.72,32.72,44.3,42.28,,,,,,
2019-09-14 22:00:00+02:00,,40.95,,40.95,42.45,40.62,,37.37,,40.95,25.51,40.95,34.03,41.77,34.03,40.95,42.4,,58.39,41.5,44.13,,41.0,,,,41.5,41.5,,41.5,41.5,41.5,73.7,41.5,34.03,34.03,,,,,40.95,25.51,25.51,30.68,30.68,25.51,49.49,41.77,44.14,41.9,30.68,30.68,30.68,30.68,41.5,37.37,,,,,,
2019-09-14 23:00:00+02:00,,32.89,,32.89,39.13,35.74,,33.01,,32.89,25.03,28.34,28.34,36.1,28.34,32.89,33.82,,53.0,38.77,36.57,,33.0,,,,38.77,38.77,,38.77,38.77,38.77,55.42,38.77,28.34,28.34,,,,,32.89,25.03,25.03,28.34,28.34,25.03,49.24,36.1,36.58,42.74,28.34,28.34,28.34,28.34,38.77,33.01,,,,,,
2019-09-15 00:00:00+02:00,,33.08,,33.08,26.08,29.36,,28.9,,33.08,26.06,27.46,27.46,40.0,27.46,33.08,33.99,,42.6,38.0,30.78,,33.06,,,,46.43,46.43,,46.43,46.43,46.43,73.7,46.43,27.46,27.46,,,,,33.08,26.06,26.06,27.46,27.46,26.06,27.63,40.0,30.78,43.12,27.46,27.46,27.46,27.46,38.0,28.9,,,,,,
2019-09-15 01:00:00+02:00,,29.4,,29.4,22.53,25.95,,25.39,,29.4,24.31,24.31,24.31,36.05,24.31,29.4,30.04,,35.29,38.0,26.07,,30.64,,,,42.03,42.03,,42.03,42.03,42.03,45.58,42.03,24.31,24.31,,,,,29.4,24.31,24.31,24.31,24.31,24.31,27.63,36.05,26.07,29.86,24.31,24.31,24.31,24.31,38.0,25.39,,,,,,
2019-09-15 02:00:00+02:00,,25.35,,25.35,22.53,23.83,,24.38,,25.35,18.96,18.96,18.96,31.75,18.96,25.35,26.05,,33.84,25.35,24.38,,26.57,,,,39.43,39.43,,39.43,39.43,39.43,39.43,39.43,18.96,18.96,,,,,25.35,18.96,18.96,18.96,18.96,18.96,27.88,31.75,24.38,26.0,18.96,18.96,18.96,18.96,25.35,24.38,,,,,,
2019-09-15 03:00:00+02:00,,17.86,,17.86,22.54,22.13,,24.0,,17.86,17.29,17.29,17.29,31.5,17.29,17.86,18.36,,30.3,38.0,24.0,,19.93,,,,38.43,38.43,,38.43,38.43,38.43,38.43,38.43,17.29,17.29,,,,,17.86,17.29,17.29,17.29,17.29,17.29,36.86,31.5,24.0,23.6,17.29,17.29,17.29,17.29,38.0,24.0,,,,,,
2019-09-15 04:00:00+02:00,,16.34,,16.47,22.54,20.98,,22.66,,16.29,15.9,15.9,15.9,31.41,15.9,16.41,16.87,,31.73,16.34,22.66,,21.0,,,,37.65,37.65,,37.65,37.65,37.65,37.65,37.65,15.9,15.9,,,,,16.8,15.9,15.9,15.9,15.9,15.9,39.59,31.41,22.66,23.9,15.9,15.9,15.9,15.9,16.34,22.66,,,,,,
2019-09-15 05:00:00+02:00,,17.57,,17.95,22.54,20.78,,23.21,,17.42,17.0,17.0,17.0,31.5,17.0,17.78,18.51,,32.3,38.0,24.71,,21.0,,,,38.65,38.65,,38.65,38.65,38.65,38.65,38.65,17.0,17.0,,,,,19.0,17.0,17.0,17.0,17.0,17.0,36.1,31.5,24.71,25.94,17.0,17.0,17.0,17.0,38.0,23.21,,,,,,
2019-09-15 06:00:00+02:00,,20.57,,23.19,24.51,21.64,,20.3,,19.75,17.92,17.92,17.92,31.75,17.92,21.98,23.91,,38.0,38.0,22.49,,26.95,,,,41.85,41.85,,41.85,41.85,41.85,41.85,41.85,17.92,17.92,,,,,24.54,17.92,17.92,17.92,17.92,17.92,28.01,31.75,22.49,29.16,17.92,17.92,17.92,17.92,38.0,20.3,,,,,,
2019-09-15 07:00:00+02:00,,20.44,,23.11,25.63,22.26,,21.7,,19.15,19.15,19.15,19.15,31.75,19.15,22.23,33.28,,44.9,20.44,30.05,,30.64,,,,39.15,39.15,,39.15,39.15,39.15,39.15,39.15,19.15,19.15,,,,,32.14,19.15,19.15,19.15,19.15,19.15,32.13,31.75,30.05,37.81,19.15,19.15,19.15,19.15,20.44,21.7,,,,,,
2019-09-15 08:00:00+02:00,,28.08,,25.67,25.63,23.09,,25.9,,24.24,24.24,24.24,24.24,31.75,24.24,25.67,29.05,,42.9,38.0,36.77,,30.34,,,,38.0,38.0,,38.0,38.0,38.0,38.0,38.0,24.24,24.24,,,,,28.05,24.24,24.24,24.24,24.24,24.24,26.7,31.75,36.78,39.75,24.24,24.24,24.24,24.24,38.0,25.9,,,,,,
2019-09-15 09:00:00+02:00,,30.06,,27.5,23.69,23.7,,25.73,,24.83,24.83,24.83,24.83,36.56,24.83,27.31,36.04,,41.79,38.65,37.45,,36.74,,,,38.65,38.65,,38.65,38.65,38.65,38.65,38.65,24.83,24.83,,,,,32.15,23.88,23.88,24.83,24.83,23.88,34.91,36.56,37.46,42.37,24.83,24.83,24.83,24.83,38.65,25.73,,,,,,
2019-09-15 10:00:00+02:00,,31.08,,27.6,24.98,22.74,,26.79,,20.99,20.99,23.37,23.37,39.01,23.37,26.15,44.14,,41.01,38.72,38.73,,45.0,,,,38.72,38.72,,38.72,38.72,38.72,38.72,38.72,23.37,23.37,,,,,28.16,21.93,21.93,23.37,23.37,21.93,32.37,39.01,38.74,42.17,23.37,23.37,23.37,23.37,38.72,30.0,,,,,,
2019-09-15 11:00:00+02:00,,31.08,,21.12,26.64,18.02,,26.49,,8.51,8.51,24.26,24.26,39.01,24.26,22.33,46.49,,40.9,40.43,40.69,,47.39,,,,40.43,40.43,,40.43,40.43,40.43,40.43,40.43,24.26,24.26,,,,,25.0,19.79,19.79,24.26,24.26,19.79,33.65,39.01,40.7,41.94,24.26,24.26,24.26,24.26,40.43,28.0,,,,,,
2019-09-15 12:00:00+02:00,,32.2,,21.09,28.67,19.06,,24.88,,-0.07,-0.07,19.89,22.4,39.5,22.4,22.67,46.1,,38.01,37.61,39.91,,48.14,,,,37.61,37.61,,37.61,37.61,37.61,37.61,37.61,22.4,22.4,,,,,28.0,17.53,17.53,22.4,22.4,17.53,32.45,39.5,39.91,40.4,22.4,22.4,22.4,22.4,37.61,28.0,,,,,,
2019-09-15 13:00:00+02:00,,36.46,,13.92,34.64,16.32,,23.89,,-7.45,-6.85,19.76,21.01,39.77,21.01,14.21,50.81,,34.9,36.46,39.45,,50.64,,,,36.46,36.46,,36.46,36.46,36.46,36.46,36.46,21.01,21.01,,,,,30.3,16.33,16.33,21.01,21.01,16.33,35.65,39.77,39.46,42.24,21.01,21.01,21.01,21.01,36.46,23.89,,,,,,
2019-09-15 14:00:00+02:00,,36.99,,13.53,36.7,15.57,,20.01,,-6.83,-6.83,18.67,18.67,39.76,18.67,11.63,47.43,,31.8,36.99,39.66,,48.34,,,,36.99,36.99,,36.99,36.99,36.99,36.99,36.99,18.67,18.67,,,,,30.3,16.76,16.76,18.67,18.67,16.76,36.97,39.76,39.67,40.78,18.67,18.67,18.67,18.67,36.99,20.01,,,,,,
2019-09-15 15:00:00+02:00,,32.04,,21.14,41.82,18.02,,20.01,,0.07,0.07,18.41,18.41,36.53,18.41,15.95,42.9,,38.9,38.0,43.34,,43.71,,,,38.0,38.0,,38.0,38.0,38.0,38.0,38.0,18.41,18.41,,,,,30.3,18.41,18.41,18.41,18.41,18.41,32.17,36.53,43.34,43.8,18.41,18.41,18.41,18.41,38.0,20.01,,,,,,
2019-09-15 16:00:00+02:00,,31.01,,26.9,42.16,23.52,,23.39,,25.48,25.48,25.48,25.48,35.76,25.48,26.77,43.41,,51.0,41.42,48.11,,44.22,,,,41.16,41.16,,41.16,41.16,41.16,41.16,41.16,25.48,25.48,,,,,29.4,22.85,22.85,25.48,25.48,22.85,33.71,35.76,48.12,45.1,25.48,25.48,25.48,25.48,41.16,23.39,,,,,,
2019-09-15 17:00:00+02:00,,32.4,,32.4,54.66,31.4,,30.0,,32.4,32.4,32.4,30.9,36.0,30.9,32.4,48.72,,55.33,43.67,57.35,,49.63,,,,42.65,42.65,,42.65,42.65,42.65,45.58,42.65,30.9,30.9,,,,,32.4,24.92,24.92,30.9,30.9,24.92,33.76,36.0,57.36,54.9,30.9,30.9,30.9,30.9,42.65,30.0,,,,,,
2019-09-15 18:00:00+02:00,,41.75,,41.75,50.7,36.72,,38.0,,41.75,34.55,34.55,32.29,41.75,32.29,41.75,48.72,,55.33,53.03,60.61,,49.63,,,,48.0,48.0,,48.0,48.0,48.0,71.7,48.0,32.29,32.29,,,,,41.75,26.32,26.32,32.29,32.29,26.32,35.21,41.75,60.61,53.04,32.29,32.29,32.29,32.29,48.0,38.0,,,,,,
2019-09-15 19:00:00+02:00,,43.96,,43.96,69.58,43.44,,45.0,,43.96,26.78,32.91,32.91,43.96,32.91,43.96,60.98,,57.4,55.0,65.17,,63.63,,,,55.0,55.0,,55.0,55.0,55.0,96.7,55.0,32.91,32.91,,,,,43.96,26.78,26.78,32.91,32.91,26.78,47.12,43.96,73.71,62.09,32.91,32.91,32.91,32.91,55.0,45.0,,,,,,
2019-09-15 20:00:00+02:00,,48.9,,48.9,67.36,44.07,,45.7,,48.9,27.21,32.02,32.02,48.9,32.02,48.9,71.27,,58.39,56.54,67.28,,72.58,,,,56.54,70.32,,56.54,70.32,70.32,114.79,70.32,32.02,32.02,,,,,48.9,27.21,27.21,32.02,32.02,27.21,46.93,48.9,67.29,66.18,32.02,32.02,32.02,32.02,56.54,45.7,,,,,,
2019-09-15 21:00:00+02:00,,47.99,,47.99,53.18,42.1,,40.9,,47.99,26.64,28.39,28.39,50.0,28.39,47.99,67.42,,56.89,52.0,53.09,,70.33,,,,52.0,56.1,,52.0,56.1,56.1,113.7,56.1,28.39,28.39,,,,,47.99,26.64,26.64,28.39,28.39,26.64,44.58,50.0,53.09,54.91,28.39,28.39,28.39,28.39,52.0,40.9,,,,,,
2019-09-15 22:00:00+02:00,,45.91,,45.91,50.57,40.73,,38.5,,45.91,24.43,24.43,24.43,45.91,24.43,45.91,49.47,,47.9,51.04,50.47,,51.6,,,,51.04,51.04,,51.04,51.04,51.04,96.7,51.04,24.43,24.43,,,,,45.91,24.43,24.43,24.43,24.43,24.43,45.84,45.91,50.48,57.1,24.43,24.43,24.43,24.43,51.04,38.5,,,,,,
2019-09-15 23:00:00+02:00,,41.17,,41.17,50.02,37.94,,35.13,,41.17,23.61,23.61,23.61,43.51,23.61,41.17,43.82,,58.39,44.44,47.3,,45.71,,,,44.44,44.44,,44.44,44.44,44.44,81.0,44.44,23.61,23.61,,,,,41.17,23.61,23.61,23.61,23.61,23.61,47.73,43.51,47.31,51.18,23.61,23.61,23.61,23.61,44.44,35.13,,,,,,
2019-09-16 00:00:00+02:00,,32.45,,32.45,36.14,33.74,,30.7,,32.45,15.03,15.03,15.03,44.86,15.03,32.45,50.84,,57.93,43.6,39.8,,49.76,,,,43.6,45.15,,43.6,45.15,45.15,45.58,45.15,15.03,15.03,,,,,32.45,15.03,15.03,15.03,15.03,15.03,39.49,44.86,39.81,48.99,15.03,15.03,15.03,15.03,43.6,30.7,,,,,,
2019-09-16 01:00:00+02:00,,32.57,,32.57,24.86,33.07,,30.78,,32.57,6.56,6.56,6.56,44.08,6.56,32.57,40.33,,55.0,39.16,30.78,,41.06,,,,39.16,46.94,,39.16,46.94,46.94,46.94,46.94,6.56,6.56,,,,,32.57,6.56,6.56,6.56,6.56,6.56,37.02,44.08,30.79,37.52,6.56,6.56,6.56,6.56,39.16,30.78,,,,,,
2019-09-16 02:00:00+02:00,,32.09,,32.09,23.92,32.05,,28.92,,32.09,6.6,6.6,6.6,40.8,6.6,32.09,35.01,,49.0,39.12,28.92,,35.66,,,,39.12,43.35,,39.12,43.35,43.35,43.35,43.35,6.6,6.6,,,,,32.09,6.6,6.6,6.6,6.6,6.6,36.48,40.8,28.92,32.67,6.6,6.6,6.6,6.6,39.12,28.92,,,,,,
2019-09-16 03:00:00+02:00,,30.43,,30.43,24.99,32.07,,28.51,,30.43,9.26,9.26,9.26,39.5,9.26,30.43,31.54,,55.0,30.43,28.51,,32.13,,,,39.12,45.15,,39.12,45.15,45.15,45.15,45.15,9.26,9.26,,,,,30.43,9.26,9.26,9.26,9.26,9.26,37.99,39.5,28.51,31.5,9.26,9.26,9.26,9.26,30.43,28.51,,,,,,
2019-09-16 04:00:00+02:00,,30.92,,30.92,33.16,31.85,,29.2,,30.92,17.22,17.22,17.22,38.75,17.22,30.92,32.05,,55.0,39.12,29.59,,32.65,,,,39.12,41.0,,39.12,41.0,41.0,41.0,41.0,17.22,17.22,,,,,30.92,17.22,17.22,17.22,17.22,17.22,44.1,38.75,29.6,31.98,17.22,17.22,17.22,17.22,39.12,29.2,,,,,,
2019-09-16 05:00:00+02:00,,33.3,,33.3,50.12,33.98,,32.37,,33.3,25.5,25.5,25.5,39.98,25.5,33.3,34.37,,65.57,40.98,43.0,,35.14,,,,40.98,46.52,,40.98,46.52,46.52,46.52,46.52,25.5,25.5,,,,,33.3,25.5,25.5,25.5,25.5,25.5,48.89,39.98,59.14,42.83,25.5,25.5,25.5,25.5,40.98,32.37,,,,,,
2019-09-16 06:00:00+02:00,,50.67,,46.3,50.14,45.6,,46.0,,50.67,33.63,33.63,40.65,46.44,40.65,46.44,47.78,,65.78,51.16,56.24,,48.56,,,,51.16,51.16,,51.16,51.16,51.16,51.16,51.16,33.63,40.65,,,,,48.38,29.43,29.43,32.04,33.63,29.43,53.28,46.44,56.25,57.36,33.63,33.63,33.63,33.63,51.16,46.0,,,,,,
2019-09-16 07:00:00+02:00,,52.98,,51.08,68.02,52.28,,55.74,,52.98,43.9,43.9,48.34,49.93,48.34,49.93,51.37,,72.28,54.92,61.88,,48.56,,,,54.92,54.92,,54.92,54.92,54.92,65.48,54.92,48.34,48.34,,,,,52.69,32.3,32.3,34.08,34.08,32.3,54.64,49.93,67.38,68.92,34.08,34.08,34.08,43.9,54.92,55.74,,,,,,
2019-09-16 08:00:00+02:00,,59.69,,59.69,68.02,56.01,,56.84,,59.69,50.95,50.95,49.1,50.77,49.1,59.69,61.4,,72.28,59.69,65.02,,66.37,,,,59.69,59.69,,59.69,59.69,59.69,75.0,59.69,48.16,48.16,,,,,59.69,31.8,31.8,35.81,35.81,31.8,55.59,50.77,69.49,69.93,35.81,35.81,35.81,48.16,59.69,56.84,,,,,,
2019-09-16 09:00:00+02:00,,55.31,,55.31,68.02,50.16,,53.0,,55.31,43.9,43.9,50.5,52.3,50.5,55.31,58.68,,63.79,55.31,57.65,,75.0,,,,55.31,55.31,,55.31,55.31,55.31,75.0,55.31,50.5,50.5,,,,,55.31,31.0,31.0,36.0,36.0,31.0,55.08,52.3,61.94,77.27,36.0,36.0,36.0,43.9,55.31,53.0,,,,,,
2019-09-16 10:00:00+02:00,,50.79,,50.79,68.02,47.35,,47.99,,50.79,43.8,43.8,53.34,50.79,53.34,50.79,60.92,,58.39,54.35,55.26,,81.8,,,,54.35,54.35,,54.35,54.35,54.35,54.35,54.35,53.34,53.34,,,,,50.79,30.72,30.72,36.03,36.03,30.72,53.78,50.79,59.14,79.91,36.03,36.03,36.03,43.8,54.35,47.99,,,,,,
2019-09-16 11:00:00+02:00,,54.69,,54.69,68.03,46.42,,47.5,,54.69,35.94,35.94,52.01,50.82,52.01,54.69,56.4,,58.39,55.0,54.1,,75.32,,,,55.0,55.0,,55.0,55.0,55.0,55.0,55.0,52.01,52.01,,,,,54.69,30.3,30.3,33.83,35.94,30.3,53.68,50.82,59.14,79.93,35.94,35.94,35.94,35.94,55.0,47.5,,,,,,
2019-09-16 12:00:00+02:00,,50.0,,50.0,68.03,45.09,,47.14,,50.0,35.34,35.34,51.83,50.0,51.83,50.0,51.56,,58.39,50.0,55.28,,78.0,,,,50.0,50.0,,50.0,50.0,50.0,50.0,50.0,51.83,51.83,,,,,50.0,29.91,29.91,33.83,35.34,29.91,53.77,50.0,67.38,75.26,35.34,35.34,35.34,35.34,50.0,47.14,,,,,,
2019-09-16 13:00:00+02:00,,50.32,,50.32,68.03,44.48,,50.0,,50.32,35.54,35.54,52.84,50.32,52.84,50.32,51.88,,58.34,52.1,59.51,,120.08,,,,50.32,50.32,,50.32,50.32,50.32,50.32,50.32,52.84,52.84,,,,,50.32,29.62,29.62,33.9,35.54,29.62,53.76,50.32,69.0,72.26,35.54,35.54,35.54,35.54,52.1,50.0,,,,,,
2019-09-16 14:00:00+02:00,,49.39,,49.39,68.03,44.03,,43.0,,49.39,35.4,35.4,44.56,49.39,44.56,49.39,50.76,,58.39,51.35,60.33,,97.7,,,,51.35,51.35,,51.35,51.35,51.35,51.35,51.35,44.56,44.56,,,,,49.39,29.54,29.54,34.7,35.4,29.54,53.28,49.39,70.02,72.2,35.4,35.4,35.4,35.4,51.35,43.0,,,,,,
2019-09-16 15:00:00+02:00,,48.91,,48.91,68.03,44.15,,50.0,,48.91,35.2,35.2,45.13,48.91,45.13,48.91,50.26,,58.39,55.0,61.81,,70.0,,,,55.0,55.0,,55.0,55.0,55.0,55.0,55.0,45.13,45.13,,,,,48.91,29.42,29.42,35.2,35.2,29.42,52.75,48.91,73.72,69.09,35.2,35.2,35.2,35.2,55.0,50.0,,,,,,
2019-09-16 16:00:00+02:00,,48.11,,48.11,68.02,44.87,,50.0,,48.11,35.48,46.96,48.19,48.11,48.19,48.11,48.27,,60.03,96.1,85.98,,61.77,,,,61.23,61.23,,61.23,61.23,61.23,61.23,61.23,48.19,48.19,,,,,48.11,29.45,29.45,35.48,35.48,29.45,52.34,48.11,86.0,58.52,35.48,35.48,35.48,46.96,96.1,50.0,,,,,,
2019-09-16 17:00:00+02:00,,51.93,,51.93,69.55,45.37,,50.0,,51.93,35.93,40.56,48.2,50.67,48.2,51.93,53.36,,61.35,86.05,85.95,,100.11,,,,62.12,62.12,,62.12,62.12,62.12,75.1,62.12,48.2,48.2,,,,,51.93,29.52,29.52,35.93,35.93,29.52,51.37,50.67,85.97,59.94,35.93,35.93,35.93,40.56,86.05,50.0,,,,,,
2019-09-16 18:00:00+02:00,,56.67,,56.67,69.57,49.19,,52.5,,56.67,50.94,52.99,54.7,49.93,54.7,56.67,58.21,,68.9,86.02,104.95,,99.0,,,,63.35,63.35,,63.35,63.35,63.35,110.1,63.35,52.99,52.99,,,,,56.67,29.4,29.4,36.0,36.0,29.4,53.15,49.93,112.16,64.14,36.0,36.0,36.0,52.99,86.02,52.5,,,,,,
2019-09-16 19:00:00+02:00,,60.91,,60.91,69.58,54.01,,59.0,,60.91,51.01,58.54,60.9,50.79,60.9,60.91,62.56,,72.28,150.03,126.71,,66.03,,,,71.5,71.5,,71.5,71.5,71.5,114.79,71.5,58.54,58.54,,,,,60.91,29.37,29.37,36.16,36.16,29.37,58.72,50.79,126.74,71.08,36.16,36.16,36.16,58.54,150.03,59.0,,,,,,
2019-09-16 20:00:00+02:00,,60.16,,60.16,69.54,52.05,,56.5,,60.16,50.96,50.96,49.31,55.38,49.31,60.16,61.96,,68.92,76.07,75.2,,65.93,,,,71.5,71.5,,71.5,71.5,71.5,114.79,71.5,49.31,49.31,,,,,60.16,29.8,29.8,36.24,36.24,29.8,56.13,55.38,122.09,69.91,36.24,36.24,36.24,49.31,76.07,56.5,,,,,,
2019-09-16 21:00:00+02:00,,51.09,,51.09,62.43,45.55,,49.23,,51.09,44.69,44.69,43.85,51.09,43.85,51.09,54.63,,62.83,55.31,60.59,,80.32,,,,55.31,55.31,,55.31,55.31,55.31,107.1,55.31,43.85,43.85,,,,,51.09,29.53,29.53,35.79,35.79,29.53,53.22,51.09,60.61,59.19,35.79,35.79,35.79,43.85,55.31,49.23,,,,,,
2019-09-16 22:00:00+02:00,,47.93,,47.85,55.14,43.48,,41.9,,47.91,41.21,41.21,35.11,48.32,35.11,47.99,49.26,,60.72,53.05,59.13,,52.0,,,,51.35,51.35,,51.35,51.35,51.35,105.48,51.35,35.11,35.11,,,,,47.85,28.56,28.56,35.11,35.11,28.56,48.77,48.32,59.15,54.93,35.11,35.11,35.11,35.11,51.35,41.9,,,,,,
2019-09-16 23:00:00+02:00,,41.28,,38.0,43.53,40.45,,37.0,,40.32,32.24,32.24,32.24,49.68,32.24,43.93,43.03,,65.78,48.23,48.61,,47.97,,,,48.23,48.23,,48.23,48.23,48.23,75.1,48.23,32.24,32.24,,,,,38.0,26.14,26.14,32.24,32.24,26.14,43.96,49.68,48.63,45.09,32.24,32.24,32.24,32.24,48.23,37.0,,,,,,
2019-09-17 00:00:00+02:00,,36.88,,36.88,50.14,38.8,,37.72,,36.88,31.68,31.68,31.68,50.51,31.68,36.88,46.83,,72.13,46.74,52.01,,50.12,,,,46.74,46.74,,46.74,46.74,46.74,51.51,46.74,31.68,31.68,,,,,36.88,28.82,28.82,31.68,31.68,28.82,48.62,50.51,52.03,54.36,31.68,31.68,31.68,31.68,46.74,37.72,,,,,,
2019-09-17 01:00:00+02:00,,33.02,,33.02,50.13,35.18,,35.45,,33.02,28.47,31.63,31.63,50.51,31.63,33.02,40.54,,71.99,33.9,42.78,,50.12,,,,44.98,44.98,,44.98,44.98,44.98,44.98,44.98,31.63,31.63,,,,,33.02,28.47,28.47,31.63,31.63,28.47,48.78,50.51,44.15,46.49,31.63,31.63,31.63,31.63,33.9,35.45,,,,,,
2019-09-17 02:00:00+02:00,,33.06,,30.91,49.5,34.0,,33.7,,30.91,27.86,30.17,30.17,50.11,30.17,30.91,36.59,,68.78,33.06,38.03,,43.82,,,,41.83,43.0,,41.83,43.0,43.0,43.0,43.0,30.17,30.17,,,,,30.91,27.86,27.86,30.17,30.17,27.86,49.7,50.11,40.13,44.01,30.17,30.17,30.17,30.17,33.06,33.7,,,,,,
2019-09-17 03:00:00+02:00,,33.08,,30.45,47.09,33.37,,31.35,,30.5,27.21,30.04,30.04,49.88,30.04,30.44,36.5,,68.78,33.9,37.06,,38.21,,,,39.73,43.0,,39.73,43.0,43.0,43.0,43.0,30.04,30.04,,,,,30.5,27.21,27.21,30.04,30.04,27.21,49.72,49.88,39.27,42.86,30.04,30.04,30.04,30.04,33.9,31.35,,,,,,
2019-09-17 04:00:00+02:00,,33.06,,30.55,48.79,33.14,,32.2,,30.57,27.77,30.57,30.57,49.86,30.57,30.55,31.43,,68.79,33.9,37.69,,34.99,,,,39.12,43.0,,39.12,43.0,43.0,43.0,43.0,30.57,30.57,,,,,30.57,27.77,27.77,30.57,30.57,27.77,48.62,49.86,40.13,42.88,30.57,30.57,30.57,30.57,33.9,32.2,,,,,,
2019-09-17 05:00:00+02:00,,37.34,,32.88,61.91,35.02,,38.0,,33.15,28.72,33.15,49.65,50.11,49.65,33.15,34.01,,68.78,40.72,43.9,,39.99,,,,40.72,43.0,,40.72,43.0,43.0,43.0,43.0,49.65,49.65,,,,,32.88,28.72,28.72,32.49,33.15,28.72,49.61,50.11,59.14,45.96,33.15,33.15,33.15,33.15,40.72,38.0,,,,,,
2019-09-17 06:00:00+02:00,,45.9,,45.9,81.74,44.17,,45.66,,45.9,36.48,36.48,56.58,50.34,56.58,45.9,45.05,,72.27,50.65,59.13,,50.46,,,,50.65,50.65,,50.65,50.65,50.65,50.65,50.65,56.58,56.58,,,,,45.9,30.21,30.21,36.48,36.48,30.21,56.54,50.34,59.14,62.85,36.48,36.48,36.48,36.48,50.65,45.66,,,,,,
2019-09-17 07:00:00+02:00,,50.91,,50.91,69.58,46.28,,56.0,,50.91,39.19,49.69,60.35,50.91,60.35,50.91,49.91,,72.35,52.36,62.03,,51.0,,,,52.36,52.36,,52.36,52.36,52.36,75.28,52.36,58.41,60.35,,,,,50.91,32.63,32.63,39.19,39.19,32.63,58.37,50.91,67.37,74.95,39.19,39.19,39.19,49.69,52.36,56.0,,,,,,
2019-09-17 08:00:00+02:00,,52.03,,52.03,69.56,46.63,,58.0,,52.03,43.17,50.78,63.92,52.03,63.92,52.03,53.55,,72.35,53.63,65.03,,81.72,,,,53.63,53.63,,53.63,53.63,53.63,76.51,53.63,59.55,59.55,,,,,52.03,34.75,34.75,43.17,43.17,34.75,59.51,52.03,71.6,75.92,43.17,43.17,43.17,50.78,53.63,58.0,,,,,,
2019-09-17 09:00:00+02:00,,48.59,,50.71,69.55,45.24,,61.21,,45.09,43.39,44.01,63.95,50.76,63.95,50.76,52.19,,72.46,52.47,61.21,,118.21,,,,52.47,52.47,,52.47,52.47,52.47,76.51,52.47,60.82,60.82,,,,,45.82,33.54,33.54,38.52,38.52,33.54,60.78,50.76,67.59,76.46,43.39,43.39,43.39,44.01,52.47,61.21,,,,,,
2019-09-17 10:00:00+02:00,,46.73,,47.92,62.93,44.29,,58.74,,36.32,31.69,37.4,63.95,50.36,63.95,50.36,51.68,,72.34,50.36,62.72,,120.03,,,,50.36,50.36,,50.36,50.36,50.36,53.51,50.36,57.24,57.24,,,,,36.32,31.69,31.69,37.4,37.4,31.69,57.2,50.36,62.72,73.1,37.4,37.4,37.4,37.4,50.36,58.74,,,,,,
2019-09-17 11:00:00+02:00,,48.09,,45.53,69.54,44.84,,58.66,,30.23,30.23,36.58,61.24,49.9,61.24,49.65,50.95,,72.33,49.65,63.52,,120.03,,,,49.65,49.65,,49.65,49.65,49.65,50.0,49.65,58.4,58.4,,,,,30.23,29.27,29.27,36.58,36.58,29.27,58.36,49.9,63.53,72.21,36.58,36.58,36.58,36.58,49.65,58.66,,,,,,
2019-09-17 12:00:00+02:00,,45.99,,30.6,69.54,43.57,,54.22,,27.51,27.51,35.94,59.36,50.11,59.36,45.44,45.06,,72.35,45.99,63.52,,120.0,,,,45.44,45.44,,45.44,45.44,45.44,50.0,45.44,57.36,57.36,,,,,27.7,26.81,26.81,35.94,35.94,26.81,57.33,50.11,63.53,73.12,35.94,35.94,35.94,35.94,45.99,54.22,,,,,,
2019-09-17 13:00:00+02:00,,45.93,,30.6,69.54,43.58,,41.9,,26.46,26.46,35.84,57.93,50.11,57.93,44.22,43.94,,72.36,45.93,62.01,,131.6,,,,44.83,44.83,,44.83,44.83,44.83,44.83,44.83,57.93,57.93,,,,,27.51,24.91,24.91,35.84,35.84,24.91,57.72,50.11,62.01,72.09,35.84,35.84,35.84,35.84,45.93,53.3,,,,,,
2019-09-17 14:00:00+02:00,,47.51,,31.2,69.55,42.33,,41.9,,17.88,17.88,35.64,52.94,50.11,52.94,44.78,44.03,,72.33,48.0,63.15,,105.51,,,,48.0,48.0,,48.0,48.0,48.0,48.0,48.0,52.94,52.94,,,,,27.1,21.09,21.09,35.64,35.64,21.09,53.1,50.11,63.14,72.05,35.64,35.64,35.64,35.64,48.0,41.9,,,,,,
2019-09-17 15:00:00+02:00,,46.07,,28.45,69.55,41.56,,49.0,,20.45,20.45,22.77,52.78,49.88,52.78,40.56,41.63,,72.34,51.0,65.54,,104.24,,,,51.0,51.0,,51.0,51.0,51.0,51.0,51.0,52.78,52.78,,,,,27.5,22.56,22.56,35.48,35.48,22.56,52.76,49.88,65.54,73.83,35.48,35.48,35.48,35.48,51.0,49.0,,,,,,
2019-09-17 16:00:00+02:00,,46.0,,30.1,62.9,41.58,,49.0,,25.03,25.03,35.3,54.94,50.0,54.94,39.84,40.89,,72.36,52.35,62.76,,100.0,,,,52.35,52.35,,52.35,52.35,52.35,58.51,52.35,52.68,52.68,,,,,28.0,26.12,26.12,35.3,35.3,26.12,52.66,50.0,63.56,74.91,35.3,35.3,35.3,35.3,52.35,49.0,,,,,,
2019-09-17 17:00:00+02:00,,45.0,,41.45,68.52,41.1,,51.35,,27.99,27.99,35.35,54.98,50.11,54.98,45.39,46.59,,100.0,55.0,59.92,,105.51,,,,55.0,55.0,,55.0,43.0,55.0,80.0,55.0,53.6,53.6,,,,,29.74,28.79,28.79,35.35,35.35,28.79,53.58,50.11,67.36,73.37,35.35,35.35,35.35,35.35,55.0,51.35,,,,,,
2019-09-17 18:00:00+02:00,,44.52,,50.51,69.55,42.07,,51.75,,34.68,34.68,35.63,59.69,50.51,59.69,50.51,55.2,,72.37,56.0,60.31,,104.24,,,,56.0,56.0,,56.0,43.0,56.0,108.1,56.0,53.32,53.32,,,,,35.32,30.26,30.26,35.63,35.63,30.26,53.3,50.51,73.69,76.97,35.63,35.63,35.63,35.63,56.0,51.75,,,,,,
2019-09-17 19:00:00+02:00,,45.83,,50.34,69.58,42.44,,59.34,,39.49,38.54,38.54,60.1,50.34,63.95,50.34,66.48,,89.0,71.13,72.59,,100.1,,,,71.13,71.13,,71.13,43.0,71.13,114.79,71.13,60.1,60.1,,,,,41.73,30.25,30.25,36.86,36.86,30.25,60.09,50.34,137.24,83.75,38.54,38.54,38.54,38.54,71.13,59.34,,,,,,
2019-09-17 20:00:00+02:00,,45.58,,50.9,69.57,42.64,,57.0,,38.81,38.81,38.81,58.43,51.26,54.58,50.9,77.76,,81.06,60.0,71.76,,98.89,,,,60.0,60.0,,60.0,43.0,60.0,114.79,60.0,58.43,58.43,,,,,41.32,30.29,30.29,36.9,36.9,30.29,58.42,51.26,71.75,81.58,38.81,38.81,38.81,38.81,60.0,57.0,,,,,,
2019-09-17 21:00:00+02:00,,37.6,,39.05,68.55,38.92,,43.01,,35.77,35.77,35.77,35.77,52.01,35.77,39.05,72.13,,81.06,53.42,59.13,,105.26,,,,53.42,53.42,,53.42,43.0,53.42,106.1,53.42,35.77,35.77,,,,,36.51,30.22,30.22,35.77,35.77,30.22,53.6,52.01,59.12,64.16,35.77,35.77,35.77,35.77,53.42,43.01,,,,,,
2019-09-17 22:00:00+02:00,,35.34,,32.4,69.31,36.83,,32.6,,33.23,33.23,33.23,33.23,49.86,33.23,41.96,56.07,,80.7,49.33,56.32,,81.72,,,,49.33,49.33,,49.33,43.0,49.33,96.1,49.33,33.23,33.23,,,,,33.23,30.61,30.61,33.23,33.23,30.61,50.29,49.86,56.31,57.58,33.23,33.23,33.23,33.23,49.33,32.6,,,,,,
2019-09-17 23:00:00+02:00,,33.43,,31.3,50.16,33.17,,27.01,,30.03,30.03,30.03,30.03,50.11,30.03,38.35,42.95,,57.78,46.2,44.99,,53.58,,,,46.83,46.83,,46.83,43.0,46.83,57.1,46.83,30.03,30.03,,,,,30.03,29.07,29.07,30.03,30.03,29.07,49.88,50.11,44.98,53.04,30.03,30.03,30.03,30.03,46.2,27.01,,,,,,
2019-09-18 00:00:00+02:00,,27.53,,27.53,42.09,35.39,,27.4,,27.53,27.53,30.27,30.27,50.4,30.27,27.53,48.5,,60.88,46.35,42.0,,50.83,,,,46.35,46.35,,46.35,41.17,46.35,45.01,46.35,30.27,30.27,,,,,27.53,26.65,26.65,30.27,30.27,26.65,46.54,50.4,41.98,46.6,30.27,30.27,30.27,30.27,46.35,27.4,,,,,,
2019-09-18 01:00:00+02:00,,27.16,,27.16,42.01,34.95,,27.01,,27.16,27.16,29.59,29.59,49.03,29.59,27.16,42.83,,60.37,39.3,32.16,,49.24,,,,44.06,44.06,,44.06,40.01,44.06,40.01,44.06,29.59,29.59,,,,,27.16,26.29,26.29,29.59,29.59,26.29,45.78,49.03,32.13,38.02,29.59,29.59,29.59,29.59,39.3,27.01,,,,,,
2019-09-18 02:00:00+02:00,,27.0,,27.0,38.06,33.03,,27.01,,27.0,27.0,29.4,29.4,48.03,29.4,27.0,38.89,,60.88,33.9,27.54,,40.75,,,,43.03,43.03,,43.03,43.03,43.03,43.03,43.03,29.4,29.4,,,,,27.0,26.14,26.14,29.4,29.4,26.14,44.86,48.03,27.52,30.95,29.4,29.4,29.4,29.4,33.9,27.01,,,,,,
2019-09-18 03:00:00+02:00,,26.74,,26.74,38.01,32.96,,27.01,,26.74,26.74,29.53,29.53,47.67,29.53,26.74,36.61,,60.37,33.9,27.55,,38.37,,,,43.03,43.03,,43.03,42.36,43.03,42.36,43.03,29.53,29.53,,,,,26.74,25.88,25.88,29.53,29.53,25.88,44.7,47.67,27.53,31.01,29.53,29.53,29.53,29.53,33.9,27.01,,,,,,
2019-09-18 04:00:00+02:00,,27.7,,27.7,38.38,31.92,,28.13,,27.7,27.7,30.49,30.49,47.5,30.49,27.7,33.93,,60.79,39.21,29.68,,35.56,,,,42.68,42.68,,42.68,42.36,42.68,42.36,42.68,30.49,30.49,,,,,27.7,26.81,26.81,30.49,30.49,26.81,46.24,47.5,29.65,31.44,30.49,30.49,30.49,30.49,39.21,28.13,,,,,,
2019-09-18 05:00:00+02:00,,30.18,,30.18,50.24,35.23,,30.73,,30.18,30.18,33.11,46.1,47.67,46.1,30.18,34.88,,60.88,47.93,42.93,,36.56,,,,47.93,47.93,,47.93,43.86,47.93,43.86,47.93,46.1,46.1,,,,,30.18,27.93,27.93,32.5,33.11,27.93,46.47,47.67,54.94,42.01,33.11,33.11,33.11,33.11,47.93,30.73,,,,,,
2019-09-18 06:00:00+02:00,,39.77,,39.77,69.54,44.39,,45.01,,39.77,36.84,36.84,52.89,47.67,52.89,39.77,40.76,,57.78,55.55,55.26,,42.71,,,,55.55,55.55,,55.55,43.86,55.55,45.01,55.55,52.89,52.89,,,,,39.77,29.21,29.21,36.3,36.3,29.21,53.08,47.67,64.93,53.45,36.84,36.84,36.84,36.84,55.55,45.01,,,,,,
2019-09-18 07:00:00+02:00,,49.95,,49.95,80.08,50.07,,49.01,,49.95,49.95,49.95,54.99,49.95,54.99,49.95,51.18,,58.39,56.5,57.11,,49.36,,,,56.5,56.5,,56.5,43.86,56.5,56.87,56.5,54.99,54.99,,,,,49.95,29.93,29.93,37.04,37.04,29.93,55.19,49.95,118.17,64.43,44.82,44.82,44.82,49.95,56.5,49.01,,,,,,
2019-09-18 08:00:00+02:00,,51.22,,51.22,75.58,50.02,,48.4,,51.22,51.22,51.22,58.75,51.22,58.75,51.22,60.11,,60.59,64.47,55.05,,67.28,,,,64.47,64.47,,64.47,41.36,64.47,76.87,64.47,58.75,58.75,,,,,51.22,30.16,30.16,37.31,37.31,30.16,58.96,51.22,131.45,63.58,51.22,51.22,51.22,51.22,64.47,48.4,,,,,,
2019-09-18 09:00:00+02:00,,46.36,,46.36,73.82,48.07,,43.6,,46.36,46.36,46.36,59.45,51.07,59.45,46.36,60.86,,58.22,63.61,52.94,,100.08,,,,63.61,63.61,,63.61,41.36,63.61,56.87,63.61,59.45,59.45,,,,,46.36,30.07,30.07,37.31,37.31,30.07,59.66,51.07,113.93,63.54,46.36,46.36,46.36,46.36,63.61,43.6,,,,,,
2019-09-18 10:00:00+02:00,,35.94,,32.66,69.58,46.09,,36.5,,32.66,32.66,36.9,59.02,50.51,59.02,45.59,52.07,,57.89,59.47,51.02,,87.92,,,,59.47,59.47,,59.47,49.01,59.47,49.01,59.47,59.02,59.02,,,,,32.66,29.52,29.52,36.9,36.9,29.52,59.23,50.51,107.17,59.03,36.9,36.9,36.9,36.9,59.47,36.5,,,,,,
2019-09-18 11:00:00+02:00,,35.09,,28.6,69.57,45.95,,31.3,,29.23,29.23,36.58,59.02,50.1,59.02,42.14,43.18,,57.79,59.47,50.98,,107.17,,,,59.47,59.47,,59.47,48.54,59.47,48.54,59.47,59.02,59.02,,,,,31.99,29.23,29.23,36.58,36.58,29.23,59.61,50.1,73.62,57.53,36.58,36.58,36.58,36.58,59.47,31.3,,,,,,
2019-09-18 12:00:00+02:00,,44.61,,26.98,69.55,45.14,,30.99,,27.65,27.65,36.45,59.09,50.49,59.09,38.52,39.47,,57.68,54.06,47.74,,100.1,,,,54.06,54.06,,54.06,48.54,54.06,48.54,54.06,59.09,59.09,,,,,28.56,27.65,27.65,36.45,36.45,27.65,59.8,50.49,67.8,55.44,36.45,36.45,36.45,36.45,54.06,30.99,,,,,,
2019-09-18 13:00:00+02:00,,43.63,,27.67,62.04,43.51,,29.59,,27.05,27.05,36.26,62.07,50.8,62.07,38.17,39.11,,54.0,54.35,47.92,,107.17,,,,54.35,54.35,,54.35,42.36,54.35,42.36,54.35,59.61,59.61,,,,,28.7,27.05,27.05,36.26,36.26,27.05,59.82,50.8,59.06,54.12,36.26,36.26,36.26,36.26,54.35,29.59,,,,,,
2019-09-18 14:00:00+02:00,,43.4,,28.97,55.06,43.49,,28.64,,26.09,26.09,35.99,51.88,50.01,51.88,34.1,34.94,,53.72,57.63,48.77,,91.0,,,,57.63,57.63,,57.63,42.36,57.63,42.36,57.63,51.88,51.88,,,,,28.7,26.09,26.09,35.99,35.99,26.09,57.75,50.01,59.05,54.05,35.99,35.99,35.99,35.99,57.63,28.64,,,,,,
2019-09-18 15:00:00+02:00,,42.7,,30.36,53.72,43.18,,30.39,,27.66,27.66,35.98,52.81,50.03,52.81,31.54,34.93,,57.68,62.61,51.71,,94.99,,,,62.61,62.61,,62.61,48.54,62.61,48.54,62.61,52.81,52.81,,,,,29.9,27.66,27.66,35.98,35.98,27.66,59.4,50.03,62.84,54.21,35.98,35.98,35.98,35.98,62.61,30.39,,,,,,
2019-09-18 16:00:00+02:00,,37.88,,30.22,53.71,42.92,,36.42,,29.65,29.65,35.89,54.99,50.4,54.99,30.83,34.87,,57.89,70.0,56.32,,86.0,,,,70.0,70.0,,70.0,44.54,70.0,72.3,70.0,54.99,54.99,,,,,29.9,28.94,28.94,35.89,35.89,28.94,59.31,50.4,60.52,56.7,35.89,35.89,35.89,35.89,70.0,36.42,,,,,,
2019-09-18 17:00:00+02:00,,38.63,,38.76,58.8,45.05,,41.5,,37.91,37.91,37.91,54.94,50.98,54.94,38.89,40.01,,58.39,67.52,59.95,,95.0,,,,67.52,67.52,,67.52,42.36,67.52,76.87,67.52,54.94,54.94,,,,,37.91,28.99,28.99,37.18,37.18,28.99,59.51,50.98,63.26,58.65,37.91,37.91,37.91,37.91,67.52,41.5,,,,,,
2019-09-18 18:00:00+02:00,,48.29,,48.29,68.96,49.32,,46.1,,48.29,48.29,48.29,58.74,51.01,58.74,48.29,63.0,,60.68,67.61,64.0,,105.0,,,,67.61,67.61,,67.61,43.86,67.61,94.54,67.61,58.74,58.74,,,,,48.29,29.14,29.14,37.16,37.16,29.14,61.49,51.01,67.47,60.03,38.88,38.88,38.88,47.13,67.61,46.1,,,,,,
2019-09-18 19:00:00+02:00,,52.27,,52.27,69.58,51.06,,61.17,,52.27,52.27,52.27,63.92,52.27,63.92,52.27,67.62,,68.99,71.48,69.81,,103.95,,,,71.48,71.48,,71.48,43.86,71.48,114.79,71.48,63.92,63.92,,,,,52.27,29.26,29.26,37.22,37.22,29.26,64.14,52.27,115.96,71.7,38.95,38.95,38.95,51.02,71.48,61.17,,,,,,
2019-09-18 20:00:00+02:00,,53.17,,53.17,69.57,51.51,,55.0,,53.17,53.17,53.17,51.89,53.53,51.89,53.17,78.89,,65.84,63.61,64.71,,105.0,,,,63.61,71.47,,63.61,43.86,71.47,114.79,71.47,51.89,51.89,,,,,53.17,29.48,29.48,37.3,37.3,29.48,64.86,53.53,69.36,68.1,38.07,38.07,38.07,51.89,63.61,55.0,,,,,,
2019-09-18 21:00:00+02:00,,48.07,,48.07,58.8,47.28,,46.3,,48.07,48.07,48.07,46.92,54.74,46.92,48.07,66.99,,57.89,61.0,57.49,,99.0,,,,61.0,61.0,,61.0,43.86,61.0,96.79,61.0,46.92,46.92,,,,,48.07,29.58,29.58,37.12,37.12,29.58,59.55,54.74,59.02,56.0,38.18,38.18,38.18,46.92,61.0,46.3,,,,,,
2019-09-18 22:00:00+02:00,,45.19,,45.19,51.69,46.02,,43.4,,45.19,45.19,45.19,41.49,50.85,41.49,45.19,46.63,,58.22,52.82,52.66,,68.9,,,,52.82,52.82,,52.82,43.86,52.82,96.87,52.82,41.49,41.49,,,,,45.19,29.71,29.71,35.89,35.89,29.71,54.97,50.85,52.55,52.88,35.89,35.89,35.89,35.89,52.82,43.4,,,,,,
2019-09-18 23:00:00+02:00,,37.0,,37.0,46.06,40.98,,39.0,,37.0,37.0,37.0,34.91,49.86,34.91,37.0,38.18,,60.63,50.62,44.32,,50.0,,,,50.62,50.62,,50.62,43.86,50.62,58.87,50.62,34.91,34.91,,,,,37.0,29.0,29.0,34.91,34.91,29.0,51.32,49.86,44.22,46.09,34.91,34.91,34.91,34.91,50.62,44.32,,,,,,
2019-09-19 00:00:00+02:00,,37.03,,33.34,50.12,35.66,,36.99,,33.34,33.34,33.34,34.37,50.34,34.37,33.34,40.67,,63.76,49.3,47.0,,46.42,,,,49.3,49.3,,49.3,42.16,49.3,44.01,49.3,34.37,34.37,,,,,33.34,27.94,27.94,33.34,33.34,27.94,47.42,50.34,48.26,44.08,33.34,33.34,33.34,33.34,49.3,36.99,,,,,,
2019-09-19 01:00:00+02:00,,35.09,,31.12,46.75,34.93,,34.3,,31.15,31.15,31.15,31.15,49.51,31.15,31.12,32.11,,63.77,43.73,42.24,,46.42,,,,43.73,43.73,,43.73,42.15,43.73,42.15,43.73,31.15,31.15,,,,,31.15,27.73,27.73,31.15,31.15,27.73,48.56,49.51,42.15,37.14,31.15,31.15,31.15,31.15,43.73,34.3,,,,,,
2019-09-19 02:00:00+02:00,,35.02,,30.72,39.95,34.5,,33.7,,30.78,30.78,30.78,30.78,47.59,30.78,30.72,32.81,,65.46,36.1,35.43,,35.08,,,,41.84,41.84,,41.84,41.48,41.84,41.48,41.84,30.78,30.78,,,,,30.78,27.71,27.71,30.78,30.78,27.71,47.53,47.59,42.15,32.21,30.78,30.78,30.78,30.78,36.1,33.7,,,,,,
2019-09-19 03:00:00+02:00,,35.01,,28.36,43.76,33.51,,33.08,,30.36,30.36,30.36,30.36,46.5,30.36,27.62,31.1,,60.89,36.1,35.26,,33.0,,,,41.62,41.62,,41.62,40.57,41.62,40.57,41.62,30.36,30.36,,,,,29.4,27.72,27.72,30.36,30.36,27.72,47.47,46.5,43.57,31.44,30.36,30.36,30.36,30.36,36.1,33.08,,,,,,
2019-09-19 04:00:00+02:00,,35.01,,31.26,50.14,32.14,,34.01,,31.43,31.43,31.43,33.98,45.48,33.98,31.15,32.11,,58.57,41.76,38.03,,33.67,,,,41.76,41.76,,41.76,40.48,41.76,40.48,41.76,33.98,33.98,,,,,31.43,27.77,27.77,31.43,31.43,27.77,46.28,45.48,49.95,32.48,31.43,31.43,31.43,31.43,41.76,34.01,,,,,,
2019-09-19 05:00:00+02:00,,36.04,,34.5,50.15,35.48,,44.0,,34.5,34.5,34.5,49.07,47.1,49.07,34.5,35.35,,65.76,46.3,46.83,,37.05,,,,46.3,46.3,,46.3,40.57,46.3,40.57,46.3,49.07,49.07,,,,,34.5,28.32,28.32,34.37,34.37,28.32,49.19,47.1,69.34,45.52,34.5,34.5,34.5,34.5,46.3,44.0,,,,,,
2019-09-19 06:00:00+02:00,,48.73,,48.73,50.15,47.39,,55.74,,48.73,48.73,48.73,54.76,48.73,54.76,48.73,47.66,,65.84,58.61,57.22,,48.76,,,,58.61,58.61,,58.61,42.15,58.61,42.15,58.61,54.76,54.76,,,,,48.73,29.15,29.15,35.79,35.79,29.15,54.88,48.73,136.99,56.05,35.79,35.79,35.79,47.57,58.61,55.74,,,,,,
2019-09-19 07:00:00+02:00,,51.79,,51.79,58.84,51.48,,55.75,,51.79,51.79,51.79,56.3,51.79,56.3,51.79,53.09,,72.23,64.9,60.6,,48.0,,,,70.61,70.61,,70.61,42.16,70.61,56.0,70.61,56.3,56.3,,,,,51.79,29.53,29.53,37.92,37.92,29.53,62.71,51.79,147.52,74.96,37.92,37.92,37.92,51.79,64.9,55.75,,,,,,
2019-09-19 08:00:00+02:00,,54.0,,54.0,62.42,54.0,,56.34,,54.0,54.0,54.0,59.01,54.0,59.01,54.0,55.75,,72.2,54.0,63.03,,63.32,,,,72.33,72.33,,72.33,41.48,72.33,70.93,72.33,59.01,59.01,,,,,54.0,30.29,30.29,38.83,38.83,30.29,65.96,54.0,150.05,74.08,38.83,38.83,42.81,54.0,54.0,56.34,,,,,,
2019-09-19 09:00:00+02:00,,52.0,,52.0,62.42,50.64,,51.18,,52.0,52.0,52.0,55.29,52.0,55.29,52.0,56.41,,72.22,52.0,58.95,,82.74,,,,74.93,74.93,,74.93,41.48,74.93,70.93,74.93,55.29,55.29,,,,,52.0,30.77,30.77,38.96,38.96,30.77,67.17,52.0,149.2,69.03,38.96,38.96,45.88,52.0,52.0,51.18,,,,,,
2019-09-19 10:00:00+02:00,,50.19,,50.19,62.43,47.7,,46.25,,50.19,50.19,50.19,54.94,50.34,54.94,50.19,51.85,,72.23,53.02,59.05,,82.9,,,,71.5,71.5,,71.5,43.04,71.5,50.01,71.5,54.94,54.94,,,,,50.19,30.12,30.12,39.18,39.18,30.12,67.16,50.34,147.52,72.89,39.18,39.18,42.18,50.19,53.02,46.25,,,,,,
2019-09-19 11:00:00+02:00,,44.35,,44.2,62.43,43.19,,44.0,,44.3,44.3,44.3,53.99,50.3,53.99,44.51,45.67,,72.0,55.08,55.12,,80.0,,,,73.33,71.5,,73.33,41.2,71.5,41.2,71.5,53.99,53.99,,,,,44.2,29.78,29.78,38.17,38.17,29.78,67.15,50.3,158.06,68.91,39.69,39.69,40.23,44.3,55.08,44.0,,,,,,
2019-09-19 12:00:00+02:00,,37.85,,37.73,67.95,42.01,,41.7,,37.81,37.81,37.81,54.96,50.87,54.96,37.99,38.99,,72.23,56.3,49.93,,70.71,,,,71.48,71.48,,71.48,41.2,71.48,41.2,71.48,54.96,54.96,,,,,37.73,29.7,29.7,37.02,37.02,29.7,67.13,50.87,158.05,74.95,37.81,37.81,37.81,37.81,56.3,41.7,,,,,,
2019-09-19 13:00:00+02:00,,37.02,,36.3,62.41,41.0,,41.0,,36.31,36.31,36.31,63.42,51.0,63.42,36.4,37.37,,65.83,56.3,49.94,,70.71,,,,70.52,70.52,,70.52,41.19,70.52,41.19,70.52,63.42,63.42,,,,,36.3,29.52,29.52,36.31,36.31,29.52,66.79,51.0,147.73,72.91,36.31,36.31,36.31,36.31,56.3,41.0,,,,,,
2019-09-19 14:00:00+02:00,,37.02,,35.99,66.14,40.19,,40.04,,36.0,36.0,36.0,48.97,50.49,48.97,36.1,37.06,,65.84,52.69,51.52,,64.25,,,,71.47,71.47,,71.47,41.19,71.47,41.19,71.47,48.97,48.97,,,,,36.0,29.46,29.46,36.0,36.0,29.46,65.27,50.49,147.52,75.97,36.0,36.0,36.0,36.0,52.69,40.04,,,,,,
2019-09-19 15:00:00+02:00,,37.01,,36.34,64.94,39.62,,40.41,,36.41,36.41,36.41,48.95,50.34,48.95,36.45,37.44,,60.75,55.06,54.94,,64.25,,,,71.49,71.49,,71.49,41.2,71.49,41.2,71.49,48.95,48.95,,,,,36.38,29.08,29.08,35.51,35.51,29.08,64.64,50.34,147.73,76.49,36.41,36.41,36.41,36.41,55.06,40.41,,,,,,
2019-09-19 16:00:00+02:00,,38.88,,38.88,62.39,41.49,,43.47,,38.88,38.88,38.88,50.03,50.47,50.03,38.88,39.94,,65.79,60.93,59.12,,62.19,,,,71.48,71.48,,71.48,41.2,71.48,50.01,71.48,50.03,50.03,,,,,38.88,29.08,29.08,35.27,35.27,29.08,63.57,50.47,158.05,59.08,37.61,37.61,37.61,37.95,60.93,43.47,,,,,,
2019-09-19 17:00:00+02:00,,50.0,,50.0,62.4,47.89,,49.68,,50.0,50.0,50.0,50.0,50.65,50.0,50.0,51.53,,72.22,54.23,59.04,,64.25,,,,70.0,70.0,,70.0,41.2,70.0,76.93,70.0,50.0,50.0,,,,,50.0,29.09,29.09,34.93,34.93,29.09,63.57,50.65,147.72,60.19,38.0,38.0,38.0,50.0,54.23,49.68,,,,,,
2019-09-19 18:00:00+02:00,,52.2,,52.2,62.38,52.16,,55.6,,52.2,52.2,52.2,52.2,52.2,52.2,52.2,57.71,,72.28,56.3,63.46,,64.25,,,,70.87,70.87,,70.87,42.16,70.87,94.93,70.87,52.2,52.2,,,,,52.2,29.27,29.27,35.29,35.29,29.27,64.83,52.2,158.05,64.69,39.14,39.14,39.96,52.2,56.3,55.6,,,,,,
2019-09-19 19:00:00+02:00,,71.47,,61.71,62.39,55.3,,71.18,,71.47,71.47,71.47,69.75,55.07,69.75,56.04,72.52,,72.37,71.47,71.18,,75.76,,,,71.47,71.47,,71.47,42.16,71.47,114.79,71.47,69.75,69.75,,,,,70.04,29.49,29.49,35.27,35.27,29.49,72.52,55.07,158.05,69.18,39.01,39.01,69.75,69.75,71.47,71.18,,,,,,
2019-09-19 20:00:00+02:00,,61.13,,58.03,58.81,55.14,,62.7,,61.13,61.13,61.13,50.21,56.24,50.21,56.24,77.81,,65.46,64.49,66.0,,81.28,,,,64.49,64.49,,64.49,42.16,64.49,114.79,64.49,50.21,50.21,,,,,60.66,29.56,29.56,36.73,36.73,29.56,64.9,56.24,158.05,64.97,38.97,38.97,48.71,50.21,64.49,62.7,,,,,,
2019-09-19 21:00:00+02:00,,51.24,,51.24,52.67,51.03,,55.03,,51.24,51.24,51.24,48.05,53.53,48.05,51.24,66.35,,60.74,64.01,58.08,,69.28,,,,64.01,64.01,,64.01,42.16,64.01,113.79,64.01,48.05,48.05,,,,,51.24,29.51,29.51,34.83,34.83,29.51,60.74,53.53,147.67,63.38,38.79,38.79,38.79,48.05,64.01,55.03,,,,,,
2019-09-19 22:00:00+02:00,,48.09,,48.09,58.81,48.29,,50.13,,48.09,48.09,48.09,41.3,50.55,41.3,48.09,49.62,,58.4,51.0,52.58,,51.8,,,,51.0,51.0,,51.0,42.16,51.0,94.93,51.0,41.3,41.3,,,,,48.09,29.47,29.47,34.27,34.27,29.47,57.74,50.55,115.9,52.92,37.04,37.04,37.04,41.3,51.0,50.13,,,,,,
2019-09-19 23:00:00+02:00,,38.62,,38.54,50.15,43.4,,43.4,,38.61,38.61,38.61,35.82,49.51,35.82,38.65,39.77,,58.57,48.3,47.03,,41.51,,,,48.3,48.3,,48.3,42.16,48.3,65.0,48.3,35.82,35.82,,,,,38.58,28.36,28.36,33.9,33.9,28.36,53.82,49.51,94.83,48.08,35.82,35.82,35.82,35.82,48.3,43.4,,,,,,
2019-09-20 00:00:00+02:00,,37.37,,37.37,50.15,38.95,,39.68,,37.37,37.37,37.37,35.74,50.34,35.74,37.37,38.64,,60.99,46.23,49.96,,40.42,,,,46.23,46.23,,46.23,43.62,46.23,43.62,46.23,35.74,35.74,,,,,37.37,29.33,29.33,31.93,31.93,29.33,50.6,50.34,49.85,52.26,35.74,35.74,35.74,35.74,46.23,39.68,,,,,,
2019-09-20 01:00:00+02:00,,36.89,,29.96,50.12,37.71,,39.22,,36.06,36.06,36.06,35.52,49.07,35.52,28.0,32.85,,58.57,43.1,42.07,,33.54,,,,43.1,43.1,,43.1,43.1,43.1,43.1,43.1,35.52,35.52,,,,,32.83,29.0,29.0,31.64,31.64,29.0,49.62,49.07,41.98,43.08,35.52,35.52,35.52,35.52,43.1,39.22,,,,,,
2019-09-20 02:00:00+02:00,,36.07,,27.47,50.11,37.27,,36.7,,35.04,35.04,35.04,35.04,48.48,35.04,25.06,31.69,,58.49,41.33,38.01,,32.36,,,,41.33,41.33,,41.33,41.33,41.33,41.33,41.33,35.04,35.04,,,,,31.02,28.87,28.87,30.99,30.99,28.87,50.63,48.48,37.93,39.32,35.04,35.04,35.04,35.04,41.33,36.7,,,,,,
2019-09-20 03:00:00+02:00,,36.91,,24.37,50.11,36.87,,36.52,,35.4,35.4,35.4,35.4,47.07,35.4,20.84,30.51,,58.16,39.77,36.84,,31.15,,,,39.77,39.77,,39.77,39.77,39.77,39.77,39.77,35.4,35.4,,,,,29.51,28.56,28.56,28.56,31.04,28.56,50.63,47.07,36.76,37.25,35.4,35.4,35.4,35.4,39.77,36.52,,,,,,
2019-09-20 04:00:00+02:00,,37.59,,25.52,50.11,37.79,,37.6,,36.13,35.71,35.71,45.53,46.28,35.71,22.12,29.73,,58.49,41.1,37.6,,28.94,,,,41.1,41.1,,41.1,41.02,41.1,41.02,41.1,45.53,45.53,,,,,30.56,28.77,28.77,28.77,31.15,28.77,49.45,46.28,37.52,38.46,35.71,35.71,35.71,35.71,41.1,37.6,,,,,,
2019-09-20 05:00:00+02:00,,38.62,,27.27,50.14,40.08,,39.6,,37.25,37.08,37.25,46.33,46.89,46.93,24.04,31.08,,60.87,45.01,48.01,,30.25,,,,45.01,45.01,,45.01,41.83,45.01,41.83,45.01,46.33,46.33,,,,,31.94,29.02,29.02,31.02,31.37,29.02,53.67,46.89,47.9,47.02,35.83,35.83,35.83,36.36,45.01,39.6,,,,,,
2019-09-20 06:00:00+02:00,,49.47,,44.12,50.13,50.11,,57.3,,48.77,48.77,48.77,60.46,47.7,60.46,42.5,43.63,,65.84,56.0,59.74,,40.75,,,,56.0,56.0,,56.0,43.61,56.0,43.61,56.0,60.46,60.46,,,,,46.33,29.23,29.23,33.35,33.35,29.23,60.38,47.7,59.61,58.07,36.0,36.0,36.0,48.77,56.0,57.3,,,,,,
2019-09-20 07:00:00+02:00,,53.47,,50.52,58.27,52.67,,60.29,,53.47,53.47,53.47,68.06,52.05,68.06,52.05,52.02,,65.79,63.31,68.22,,49.44,,,,63.31,63.31,,63.31,43.62,63.31,76.7,63.31,68.06,68.06,,,,,53.47,30.21,30.21,35.73,35.73,30.21,67.97,52.05,68.07,64.6,37.73,37.73,53.47,53.47,63.31,60.29,,,,,,
2019-09-20 08:00:00+02:00,,60.73,,60.73,59.34,55.83,,59.23,,60.73,60.73,60.73,72.1,53.47,72.1,60.73,62.52,,65.81,71.04,66.72,,62.43,,,,71.04,71.04,,71.04,43.62,71.04,76.7,71.04,72.1,72.1,,,,,60.73,30.9,30.9,35.39,35.39,30.9,71.99,53.47,66.57,63.05,37.83,37.83,60.73,60.73,71.04,59.23,,,,,,
2019-09-20 09:00:00+02:00,,52.09,,52.09,56.79,53.01,,54.05,,52.09,52.09,52.09,72.51,52.09,72.51,52.09,57.32,,60.94,70.62,56.45,,59.96,,,,70.62,70.62,,70.62,43.62,70.62,76.7,70.62,72.51,72.51,,,,,52.09,30.03,30.03,35.3,35.3,30.03,72.41,52.09,56.33,58.93,37.94,37.94,52.09,52.09,70.62,54.05,,,,,,
2019-09-20 10:00:00+02:00,,49.48,,49.48,56.76,50.08,,51.3,,49.48,49.48,49.48,72.02,49.48,72.02,49.48,51.15,,64.93,53.0,51.3,,53.51,,,,53.0,53.0,,53.0,43.62,53.0,65.0,53.0,72.02,72.02,,,,,49.48,29.93,29.93,34.31,34.31,29.93,71.91,49.48,51.18,56.98,37.74,37.74,49.48,49.48,53.0,51.3,,,,,,
2019-09-20 11:00:00+02:00,,49.47,,38.34,52.43,46.71,,46.94,,42.85,41.52,42.85,72.08,48.67,72.08,45.89,47.11,,65.83,50.31,50.36,,49.13,,,,50.31,45.0,,50.31,43.62,45.0,49.01,45.0,72.08,72.08,,,,,41.52,29.57,29.57,33.21,33.21,29.57,71.96,48.67,50.24,55.06,37.55,37.55,41.52,42.85,50.31,46.94,,,,,,
2019-09-20 12:00:00+02:00,,47.5,,29.04,52.43,42.34,,47.4,,37.02,37.02,37.02,68.0,48.87,68.0,43.96,43.06,,65.82,47.5,47.4,,40.93,,,,47.5,43.46,,47.5,43.46,43.46,49.01,43.46,68.0,68.0,,,,,33.37,29.12,29.12,33.02,33.02,29.12,69.22,48.87,47.29,55.03,37.02,37.02,37.02,37.02,47.5,47.4,,,,,,
2019-09-20 13:00:00+02:00,,49.53,,25.1,51.0,41.84,,43.04,,34.63,34.63,35.48,70.99,48.69,70.99,40.83,40.0,,65.78,50.0,46.04,,38.94,,,,50.0,42.06,,50.0,42.06,42.06,42.06,42.06,70.99,70.99,,,,,31.15,29.07,29.07,32.94,32.94,29.07,70.86,48.69,45.93,55.02,35.48,35.48,35.48,35.48,50.0,43.04,,,,,,
2019-09-20 14:00:00+02:00,,48.04,,26.69,51.57,40.05,,42.89,,33.38,30.9,34.67,54.95,46.3,54.95,37.92,37.14,,57.56,56.99,46.54,,34.38,,,,56.99,43.1,,56.99,43.1,43.1,43.1,43.1,54.95,54.95,,,,,30.9,29.05,29.05,33.08,34.67,29.05,67.62,46.3,46.43,55.04,34.67,34.67,34.67,34.67,56.99,42.89,,,,,,
2019-09-20 15:00:00+02:00,,48.07,,30.81,52.4,39.06,,43.0,,33.81,32.96,34.64,59.06,45.13,59.06,34.79,34.07,,57.14,55.0,50.26,,32.39,,,,55.0,46.14,,55.0,43.62,46.14,48.01,46.14,59.06,59.06,,,,,32.96,29.03,29.03,32.99,34.64,29.03,67.58,45.13,50.14,55.05,34.64,34.64,34.64,34.64,55.0,50.26,,,,,,
2019-09-20 16:00:00+02:00,,49.54,,29.35,51.62,39.28,,44.8,,36.52,33.98,35.69,65.29,45.1,65.29,35.86,35.13,,57.98,55.0,51.2,,32.21,,,,55.0,52.04,,55.0,46.68,52.04,65.0,52.04,65.29,65.29,,,,,33.98,28.99,28.99,32.61,35.34,28.99,65.16,45.1,51.08,58.93,35.34,35.34,35.34,35.64,55.0,44.8,,,,,,
2019-09-20 17:00:00+02:00,,46.13,,43.58,56.79,47.16,,49.6,,46.13,46.13,46.13,65.24,46.3,65.24,44.9,44.87,,58.63,55.78,55.05,,32.21,,,,55.78,55.78,,55.78,47.61,55.78,74.6,55.78,65.24,65.24,,,,,46.13,29.0,29.0,32.45,35.38,29.0,65.1,46.3,54.92,61.0,35.73,35.73,35.73,45.02,55.78,49.6,,,,,,
2019-09-20 18:00:00+02:00,,52.96,,42.55,56.79,49.99,,52.89,,52.96,50.41,52.96,67.85,47.77,67.85,47.77,49.03,,57.6,63.23,60.06,,31.21,,,,63.23,63.23,,63.23,47.61,63.23,88.7,63.23,67.85,67.85,,,,,50.41,29.01,29.01,32.43,34.61,29.01,67.7,47.77,62.57,64.93,35.62,35.62,35.62,51.69,63.23,52.89,,,,,,
2019-09-20 19:00:00+02:00,,56.94,,43.66,56.8,52.25,,66.96,,56.94,56.94,56.94,69.34,50.75,69.34,50.75,52.08,,60.69,71.47,66.96,,31.21,,,,71.47,71.47,,71.47,47.61,71.47,114.79,71.47,69.34,69.34,,,,,56.94,29.03,29.03,32.94,35.31,29.03,69.18,50.75,73.52,70.58,35.47,35.47,35.47,55.57,71.47,66.96,,,,,,
2019-09-20 20:00:00+02:00,,51.22,,50.95,48.1,51.81,,55.93,,51.22,51.22,51.22,54.09,51.1,54.09,51.1,52.45,,58.66,71.04,59.04,,31.21,,,,71.04,71.04,,71.04,47.61,71.04,114.79,71.04,54.09,54.09,,,,,51.22,29.03,29.03,32.87,35.31,29.03,66.44,51.1,60.46,69.02,35.31,35.31,35.31,50.0,71.04,55.93,,,,,,
2019-09-20 21:00:00+02:00,,44.08,,44.08,56.79,47.69,,49.32,,44.08,44.08,44.08,45.68,49.7,45.68,44.08,45.24,,57.48,55.0,54.89,,40.15,,,,55.0,55.0,,55.0,47.61,55.0,96.7,55.0,45.68,45.68,,,,,44.08,28.99,28.99,31.69,34.96,28.99,59.69,49.7,54.76,58.52,35.05,35.05,35.05,43.02,55.0,49.32,,,,,,
2019-09-20 22:00:00+02:00,,39.49,,37.79,55.05,43.41,,44.02,,39.18,38.5,39.18,41.52,46.3,41.52,40.44,39.61,,45.52,47.0,50.25,,37.66,,,,47.0,47.0,,47.0,46.68,47.0,80.7,47.0,41.52,41.52,,,,,38.5,28.96,28.96,28.96,33.47,28.96,56.2,46.3,50.12,52.07,34.56,34.56,34.56,34.56,47.0,44.02,,,,,,
2019-09-20 23:00:00+02:00,,35.46,,26.2,48.35,37.86,,38.07,,34.2,31.01,32.13,32.13,46.5,32.13,34.2,33.49,,58.57,43.46,43.33,,24.48,,,,43.46,43.46,,43.46,43.46,43.46,64.6,43.46,32.13,32.13,,,,,31.01,28.6,28.6,28.6,32.13,28.6,53.02,46.5,43.22,55.05,32.13,32.13,32.13,32.13,43.46,38.07,,,,,,
2019-09-21 00:00:00+02:00,,33.07,,33.07,48.57,34.53,,34.09,,33.07,33.07,33.07,33.07,47.5,33.07,33.07,33.9,,51.32,47.32,47.07,,0.0,,,,47.32,47.32,,47.32,39.88,47.32,44.59,47.32,33.07,33.07,,,,,33.07,30.6,30.6,30.6,33.07,30.6,53.59,47.5,47.01,45.91,33.07,33.07,33.07,33.07,47.32,34.09,,,,,,
2019-09-21 01:00:00+02:00,,33.01,,26.86,28.12,32.25,,30.06,,30.01,29.24,30.01,30.01,46.46,30.01,26.94,27.53,,45.28,43.3,43.01,,0.0,,,,43.3,43.3,,43.3,39.88,43.3,39.88,43.3,30.01,30.01,,,,,28.43,29.24,29.24,29.24,30.01,29.24,54.82,46.46,42.96,42.09,30.01,30.01,30.01,30.01,43.3,30.06,,,,,,
2019-09-21 02:00:00+02:00,,33.0,,21.8,24.96,31.95,,29.57,,29.45,28.64,29.45,29.45,41.5,29.45,22.91,22.35,,42.1,40.6,39.84,,0.0,,,,41.79,41.79,,41.79,39.88,41.79,39.88,41.79,29.45,29.45,,,,,27.72,28.64,28.64,28.64,29.45,28.64,54.72,41.5,39.79,34.15,29.45,29.45,29.45,29.45,40.6,29.57,,,,,,
2019-09-21 03:00:00+02:00,,32.07,,17.97,24.58,31.78,,29.19,,30.09,30.09,30.09,30.09,39.08,30.09,17.1,17.48,,40.2,40.19,36.69,,0.0,,,,40.19,40.19,,40.19,39.67,40.19,39.67,40.19,30.09,30.09,,,,,25.29,28.67,28.67,28.67,30.09,28.67,54.71,39.08,36.64,33.42,30.09,30.09,30.09,30.09,40.19,29.19,,,,,,
2019-09-21 04:00:00+02:00,,32.03,,15.75,25.93,30.68,,29.02,,31.97,31.97,31.97,31.97,36.0,31.97,15.79,16.14,,41.45,39.77,38.36,,-0.9,,,,39.77,39.77,,39.77,39.6,39.77,39.6,39.77,31.97,31.97,,,,,26.42,28.69,28.69,28.69,31.97,28.69,54.79,36.0,38.95,33.47,31.97,31.97,31.97,31.97,39.77,29.02,,,,,,
2019-09-21 05:00:00+02:00,,33.02,,15.74,32.51,31.49,,30.49,,32.96,32.96,32.96,32.96,35.09,32.96,15.78,16.13,,49.0,40.79,40.03,,-0.9,,,,40.79,40.79,,40.79,39.15,40.79,39.15,40.79,32.96,32.96,,,,,27.1,28.75,28.75,28.75,32.96,28.75,52.65,35.09,44.03,37.34,32.96,32.96,32.96,32.96,40.79,30.49,,,,,,
2019-09-21 06:00:00+02:00,,35.61,,20.28,32.93,33.35,,33.1,,35.38,35.38,35.38,33.54,35.0,33.54,19.29,19.71,,58.26,42.62,46.19,,-1.0,,,,42.62,42.62,,42.62,39.67,42.62,39.67,42.62,33.54,33.54,,,,,29.49,29.94,29.94,28.57,33.54,29.94,53.54,35.0,46.13,47.97,33.54,33.54,33.54,33.54,42.62,33.1,,,,,,
2019-09-21 07:00:00+02:00,,44.98,,20.36,40.54,39.03,,37.01,,44.98,44.98,44.98,34.29,35.24,34.29,20.42,20.87,,58.0,46.0,47.68,,0.0,,,,46.0,46.0,,46.0,39.88,46.0,39.88,46.0,34.29,34.29,,,,,31.08,30.56,30.56,29.92,34.29,30.56,53.58,35.24,56.45,55.78,34.29,34.29,34.29,34.29,46.0,37.01,,,,,,
2019-09-21 08:00:00+02:00,,43.4,,9.48,41.98,39.99,,38.62,,43.4,43.4,43.4,44.53,36.13,44.53,27.89,35.34,,58.58,46.14,48.08,,11.87,,,,46.14,46.14,,46.14,39.88,46.14,39.88,46.14,44.53,44.53,,,,,36.5,30.89,30.89,30.12,34.76,30.89,54.16,36.13,58.56,54.76,34.76,34.76,34.76,42.36,46.14,38.62,,,,,,
2019-09-21 09:00:00+02:00,,36.5,,36.5,38.33,38.86,,36.2,,36.5,36.5,36.5,44.58,40.86,44.58,36.5,37.56,,58.0,47.5,56.7,,28.0,,,,44.3,44.3,,44.3,39.88,44.3,39.88,44.3,44.58,44.58,,,,,36.5,31.04,31.04,31.49,34.98,31.04,55.22,40.86,56.63,53.38,34.98,34.98,34.98,34.98,47.5,56.7,,,,,,
2019-09-21 10:00:00+02:00,,33.1,,31.27,38.31,35.44,,34.55,,31.49,31.49,33.25,44.52,41.6,44.52,31.27,40.48,,56.0,47.5,48.22,,35.0,,,,39.77,39.77,,39.77,39.67,39.77,39.67,39.77,44.52,44.52,,,,,31.33,30.85,30.85,31.78,33.25,30.85,57.64,41.6,49.94,49.75,33.25,33.25,33.25,33.25,47.5,48.22,,,,,,
2019-09-21 11:00:00+02:00,,34.05,,29.49,37.32,35.02,,33.89,,29.86,29.86,33.07,43.69,40.85,43.69,29.86,30.71,,57.88,47.5,45.01,,29.32,,,,38.93,38.93,,38.93,38.93,38.93,38.93,38.93,43.69,43.69,,,,,29.83,30.56,30.56,30.83,33.07,30.56,57.63,40.85,44.95,45.71,33.07,33.07,33.07,33.07,47.5,45.01,,,,,,
2019-09-21 12:00:00+02:00,,33.05,,27.66,33.49,33.01,,29.42,,28.27,28.27,32.97,43.07,40.0,43.07,28.38,29.0,,57.88,47.5,42.11,,27.69,,,,37.21,37.21,,37.21,37.21,37.21,37.21,37.21,43.07,43.07,,,,,28.18,29.11,29.11,30.84,32.97,29.11,57.63,40.0,42.06,46.44,32.97,32.97,32.97,32.97,47.5,42.11,,,,,,
2019-09-21 13:00:00+02:00,,33.02,,26.57,30.15,31.65,,28.78,,27.25,28.05,32.54,40.1,39.0,40.1,27.34,27.93,,50.0,36.8,41.04,,26.68,,,,33.35,33.35,,33.35,33.35,33.35,33.35,33.35,40.1,40.1,,,,,27.15,28.05,28.05,30.86,32.54,28.05,57.15,39.0,40.99,45.62,32.54,32.54,32.54,32.54,36.8,28.78,,,,,,
2019-09-21 14:00:00+02:00,,33.02,,26.17,32.92,31.69,,28.98,,26.7,26.7,32.42,39.53,37.0,39.53,26.7,27.29,,40.17,36.8,41.92,,24.96,,,,33.99,33.99,,33.99,33.99,33.99,33.99,33.99,39.53,39.53,,,,,26.65,28.02,28.02,31.33,32.42,28.02,54.83,37.0,41.89,44.16,32.42,32.42,32.42,32.42,36.8,28.98,,,,,,
2019-09-21 15:00:00+02:00,,33.01,,26.94,40.08,31.03,,29.1,,27.67,27.67,32.52,40.99,35.0,40.99,27.02,27.6,,43.0,38.1,42.07,,19.0,,,,38.1,38.1,,38.1,38.1,38.1,38.1,38.1,40.99,40.99,,,,,27.2,28.51,28.51,31.77,32.52,28.51,54.72,35.0,51.94,47.76,32.52,32.52,32.52,32.52,38.1,29.1,,,,,,
2019-09-21 16:00:00+02:00,,33.04,,25.81,41.69,33.34,,29.67,,28.0,28.0,33.02,44.5,34.9,44.5,26.33,26.46,,57.6,39.15,43.07,,19.0,,,,39.15,39.15,,39.15,39.15,39.15,39.15,39.15,44.5,44.5,,,,,27.32,30.43,30.43,33.02,33.02,30.43,54.68,34.9,64.21,45.49,33.02,33.02,33.02,33.02,39.15,29.67,,,,,,
2019-09-21 17:00:00+02:00,,39.66,,24.43,52.69,37.77,,35.52,,39.66,39.66,39.66,44.54,35.0,44.54,32.49,33.2,,56.47,55.02,51.04,,28.0,,,,47.3,47.3,,47.3,39.88,47.3,68.63,47.3,44.54,44.54,,,,,34.0,30.78,30.78,35.07,35.07,30.78,54.62,35.0,71.4,49.64,35.07,35.07,35.07,35.07,47.3,51.04,,,,,,
2019-09-21 18:00:00+02:00,,50.0,,27.87,52.71,42.75,,43.3,,50.0,50.0,50.0,48.8,38.13,48.8,37.47,44.55,,58.93,50.57,55.1,,41.35,,,,50.57,50.57,,50.57,39.88,50.57,79.97,50.57,48.8,48.8,,,,,43.3,30.9,30.9,35.26,35.26,30.9,54.86,38.13,147.43,61.07,35.26,35.26,35.26,48.8,50.57,55.1,,,,,,
2019-09-21 19:00:00+02:00,,50.0,,37.86,58.8,46.7,,46.09,,50.0,50.0,50.0,50.02,44.6,50.02,44.6,51.45,,71.62,59.0,58.79,,50.33,,,,59.0,59.15,,59.0,59.15,59.15,95.97,59.15,50.02,50.02,,,,,50.0,30.92,30.92,35.35,35.35,30.92,57.6,44.6,149.11,64.94,35.35,35.35,35.35,48.8,59.0,58.79,,,,,,
2019-09-21 20:00:00+02:00,,46.32,,46.32,52.71,44.7,,42.8,,46.32,46.32,46.32,44.54,48.73,44.54,46.32,58.8,,60.71,55.0,61.04,,59.4,,,,55.0,55.0,,55.0,55.0,55.0,105.97,55.0,44.54,44.54,,,,,46.32,30.94,30.94,35.17,35.17,30.94,57.59,48.73,147.43,64.07,35.17,35.17,35.17,44.54,55.0,61.04,,,,,,
2019-09-21 21:00:00+02:00,,34.93,,34.93,58.82,38.08,,38.7,,34.93,34.93,34.93,37.67,49.69,37.67,34.93,55.51,,58.61,50.57,55.29,,56.97,,,,50.57,50.57,,50.57,45.15,50.57,81.0,50.57,37.67,37.67,,,,,34.93,30.89,30.89,34.45,34.45,30.89,54.93,49.69,71.4,58.65,34.45,34.45,34.45,34.45,50.57,55.29,,,,,,
2019-09-21 22:00:00+02:00,,33.1,,33.1,52.7,35.78,,36.12,,33.1,33.1,33.1,35.51,42.3,35.51,33.1,49.83,,55.5,44.0,49.22,,51.13,,,,44.0,44.0,,44.0,39.88,44.0,70.63,44.0,35.51,35.51,,,,,33.1,30.88,30.88,33.1,33.1,30.88,52.53,42.3,52.23,53.69,33.1,33.1,33.1,33.1,44.0,49.22,,,,,,
2019-09-21 23:00:00+02:00,,30.56,,30.56,69.58,33.69,,31.1,,30.56,30.56,30.56,30.56,37.0,30.56,30.56,38.93,,58.78,40.99,50.41,,38.09,,,,40.99,40.99,,40.99,39.88,40.99,39.88,40.99,30.56,30.56,,,,,30.56,30.55,30.55,30.56,30.56,30.55,51.4,37.0,50.33,53.15,30.56,30.56,30.56,30.56,40.99,31.1,,,,,,
2019-09-22 00:00:00+02:00,,27.62,,27.62,44.15,29.91,,28.95,,27.62,27.62,30.38,30.38,35.55,30.38,27.62,30.77,,45.75,47.5,44.06,,31.5,,,,47.5,47.5,,47.5,40.01,47.5,40.01,47.5,30.38,30.38,,,,,27.62,30.38,30.38,30.38,30.38,30.38,43.66,35.55,44.01,50.01,30.38,30.38,30.38,30.38,47.5,28.95,,,,,,
2019-09-22 01:00:00+02:00,,28.14,,28.14,33.04,27.53,,27.5,,28.14,28.14,29.38,29.38,34.6,29.38,28.14,28.9,,40.8,40.3,35.84,,30.31,,,,40.3,40.3,,40.3,38.58,40.3,38.58,40.3,29.38,29.38,,,,,28.14,29.38,29.38,29.38,29.38,29.38,44.92,34.6,35.8,44.84,29.38,29.38,29.38,29.38,40.3,27.5,,,,,,
2019-09-22 02:00:00+02:00,,28.36,,9.4,29.09,27.3,,27.09,,28.36,29.16,29.16,29.16,32.0,29.16,19.9,28.3,,46.56,38.47,30.51,,29.67,,,,38.47,38.47,,38.47,38.47,38.47,38.47,38.47,29.16,29.16,,,,,29.16,29.16,29.16,29.16,29.16,29.16,44.47,32.0,30.47,39.09,29.16,29.16,29.16,29.16,38.47,27.09,,,,,,
2019-09-22 03:00:00+02:00,,28.54,,23.39,29.28,26.34,,26.25,,28.54,29.2,29.24,29.24,30.32,29.24,26.24,27.69,,45.0,38.38,29.2,,29.04,,,,38.38,38.38,,38.38,38.38,38.38,38.38,38.38,29.24,29.24,,,,,28.54,29.2,29.2,29.24,29.24,29.2,46.15,30.32,29.16,36.01,29.24,29.24,29.24,29.24,38.38,26.25,,,,,,
2019-09-22 04:00:00+02:00,,29.87,,-6.76,27.95,25.23,,26.1,,29.87,29.87,29.87,29.87,29.86,29.87,13.59,28.31,,50.0,37.79,28.29,,29.69,,,,37.79,37.79,,37.79,37.79,37.79,37.79,37.79,29.87,29.87,,,,,29.87,29.87,29.87,29.87,29.87,29.87,44.91,29.86,28.26,35.03,29.87,29.87,29.87,29.87,37.79,26.1,,,,,,
2019-09-22 05:00:00+02:00,,27.3,,9.4,27.61,25.33,,26.51,,27.3,29.14,29.72,29.72,30.32,29.72,19.28,27.37,,58.79,37.99,29.94,,29.94,,,,37.99,37.99,,37.99,37.99,37.99,37.99,37.99,29.72,29.72,,,,,28.21,29.14,29.14,29.72,29.72,29.14,45.95,30.32,29.9,36.09,29.72,29.72,29.72,29.72,37.99,26.51,,,,,,
2019-09-22 06:00:00+02:00,,26.6,,10.87,28.09,26.96,,27.09,,26.6,28.3,29.42,29.42,33.0,29.42,19.56,27.12,,60.3,39.58,31.95,,30.0,,,,39.58,39.58,,39.58,38.39,39.58,38.39,39.58,29.42,29.42,,,,,27.96,28.3,28.3,29.42,29.42,28.3,43.64,33.0,31.91,43.56,29.42,29.42,29.42,29.42,39.58,31.2,,,,,,
2019-09-22 07:00:00+02:00,,26.88,,8.51,30.06,28.21,,27.23,,26.88,28.75,30.86,30.86,34.45,30.86,18.67,29.36,,60.72,42.58,43.01,,30.79,,,,42.58,42.58,,42.58,38.39,42.58,38.39,42.58,30.86,30.86,,,,,28.47,28.75,28.75,30.86,30.86,28.75,43.4,34.45,42.96,50.11,30.86,30.86,30.86,30.86,42.58,27.23,,,,,,
2019-09-22 08:00:00+02:00,,26.0,,26.0,34.04,32.25,,29.09,,26.0,27.84,33.29,33.29,34.7,33.29,26.0,26.81,,60.3,43.2,44.06,,30.0,,,,43.2,43.2,,43.2,38.39,43.2,38.39,43.2,33.29,33.29,,,,,26.0,27.84,27.84,33.29,33.29,27.84,45.31,34.7,44.01,50.14,33.29,33.29,33.29,33.29,43.2,29.09,,,,,,
2019-09-22 09:00:00+02:00,,25.33,,22.14,34.04,29.93,,29.63,,25.33,29.0,34.47,34.47,35.55,34.47,23.33,28.94,,58.79,47.6,46.07,,32.56,,,,47.6,47.6,,47.6,37.39,47.6,37.39,47.6,34.47,34.47,,,,,28.07,29.0,29.0,34.47,34.47,29.0,51.18,35.55,46.01,54.97,34.47,34.47,34.47,34.47,47.6,29.63,,,,,,
2019-09-22 10:00:00+02:00,,26.24,,26.24,36.09,28.34,,29.39,,26.24,27.75,34.92,34.92,37.57,34.92,26.24,38.5,,58.79,50.99,45.08,,39.42,,,,50.99,50.99,,50.99,39.99,50.99,39.99,50.99,34.92,34.92,,,,,26.24,27.75,27.75,34.92,34.92,27.75,53.35,37.57,45.02,51.72,34.92,34.92,34.92,34.92,50.99,45.08,,,,,,
2019-09-22 11:00:00+02:00,,26.91,,26.91,38.02,28.66,,29.24,,26.91,27.8,34.99,35.4,35.55,35.4,26.91,48.12,,60.27,51.0,44.06,,49.27,,,,51.0,51.0,,51.0,39.57,51.0,39.57,51.0,35.4,35.4,,,,,26.91,27.8,27.8,34.99,34.99,27.8,53.35,35.55,44.01,51.92,34.99,34.99,34.99,34.99,51.0,44.06,,,,,,
2019-09-22 12:00:00+02:00,,26.58,,26.58,36.08,27.93,,27.5,,26.58,27.46,34.67,34.67,35.55,34.67,26.58,45.29,,58.78,50.57,42.5,,46.37,,,,50.57,50.57,,50.57,39.57,50.57,39.57,50.57,34.67,34.67,,,,,26.58,27.46,27.46,34.23,34.67,27.46,54.59,35.55,42.44,48.08,34.67,34.67,34.67,34.67,50.57,27.5,,,,,,
2019-09-22 13:00:00+02:00,,24.9,,24.9,34.0,25.59,,26.01,,24.9,26.17,34.39,34.39,35.55,34.39,24.9,46.42,,41.56,45.0,38.63,,47.53,,,,45.0,45.0,,45.0,38.38,45.0,38.38,45.0,34.39,34.39,,,,,24.9,26.17,26.17,33.83,34.39,26.17,55.15,35.55,38.58,45.08,34.39,34.39,34.39,34.39,45.0,26.01,,,,,,
2019-09-22 14:00:00+02:00,,25.05,,25.05,36.0,24.4,,24.69,,25.05,25.05,34.19,34.19,34.95,34.19,25.05,45.26,,37.4,44.0,40.25,,46.35,,,,44.0,44.0,,44.0,33.0,44.0,33.0,44.0,34.19,34.19,,,,,25.05,26.44,26.44,33.49,34.19,26.44,53.79,34.95,40.19,48.06,34.19,34.19,34.19,34.19,44.0,24.69,,,,,,
2019-09-22 15:00:00+02:00,,26.49,,26.49,36.03,24.61,,26.49,,26.49,26.49,34.16,34.16,34.7,34.16,26.49,40.76,,48.47,46.23,43.07,,41.74,,,,46.23,46.23,,46.23,38.48,46.23,38.48,46.23,34.16,34.16,,,,,26.49,27.96,27.96,33.51,34.16,27.96,51.36,34.7,43.01,48.09,34.16,34.16,34.16,34.16,46.23,26.49,,,,,,
2019-09-22 16:00:00+02:00,,27.27,,27.27,36.08,26.87,,27.95,,27.27,27.27,34.28,34.66,34.45,34.66,27.27,37.24,,57.6,48.0,48.52,,38.14,,,,48.0,48.0,,48.0,38.49,48.0,38.49,48.0,34.66,34.66,,,,,27.27,30.28,30.28,33.48,34.28,30.28,49.52,34.45,48.46,53.09,34.28,34.28,34.28,34.28,48.0,27.95,,,,,,
2019-09-22 17:00:00+02:00,,34.99,,34.99,42.05,35.48,,34.01,,34.99,34.99,34.99,36.61,34.99,36.61,34.99,39.62,,61.03,47.51,56.22,,40.58,,,,47.51,47.51,,47.51,40.0,47.51,40.0,47.51,36.61,36.61,,,,,34.99,31.64,31.64,33.42,34.99,31.64,52.27,34.99,56.14,55.1,34.99,34.99,34.99,34.99,47.51,34.01,,,,,,
2019-09-22 18:00:00+02:00,,39.01,,39.01,52.76,39.77,,49.0,,39.01,39.01,39.01,45.72,39.5,45.72,39.01,50.83,,65.84,50.57,52.69,,52.06,,,,50.57,50.57,,50.57,43.52,50.57,43.52,50.57,45.72,45.72,,,,,39.01,31.92,31.92,33.38,35.68,31.92,55.07,39.5,56.85,60.4,35.68,35.68,35.68,38.08,50.57,52.69,,,,,,
2019-09-22 19:00:00+02:00,,40.97,,40.97,57.36,43.97,,45.39,,40.97,40.97,40.97,45.8,45.0,45.8,40.97,55.86,,72.22,60.8,69.57,,57.2,,,,60.8,60.8,,60.8,47.5,60.8,57.97,60.8,45.8,45.8,,,,,40.97,32.01,32.01,33.39,35.87,32.01,61.0,45.0,69.47,69.49,35.87,35.87,35.87,39.99,60.8,69.57,,,,,,
2019-09-22 20:00:00+02:00,,38.5,,38.5,52.09,44.77,,46.0,,38.5,38.5,38.5,36.98,50.09,36.98,38.5,65.66,,60.74,61.05,63.25,,67.24,,,,61.05,61.05,,61.05,47.5,61.05,73.97,61.05,36.98,36.98,,,,,38.5,31.73,31.73,33.43,35.75,31.73,57.43,50.09,63.17,70.95,35.75,35.75,35.75,35.75,61.05,63.25,,,,,,
2019-09-22 21:00:00+02:00,,34.44,,34.44,42.01,40.19,,39.38,,34.44,34.44,34.44,34.44,55.32,34.44,34.44,54.33,,60.79,50.99,51.68,,56.99,,,,50.99,50.99,,50.99,38.43,50.99,40.6,50.99,34.44,34.44,,,,,34.44,31.56,31.56,33.3,34.44,31.56,49.21,55.32,51.61,62.02,34.44,34.44,34.44,34.44,50.99,50.6,,,,,,
2019-09-22 22:00:00+02:00,,33.4,,33.4,41.09,38.6,,38.3,,33.4,33.4,33.4,33.4,53.26,33.4,33.4,45.87,,58.07,48.13,44.53,,46.98,,,,48.13,48.13,,48.13,38.41,48.13,38.41,48.13,33.4,33.4,,,,,33.4,31.48,31.48,31.48,33.4,31.48,45.29,53.26,44.47,53.92,33.4,33.4,33.4,33.4,48.13,44.53,,,,,,
2019-09-22 23:00:00+02:00,,31.99,,31.99,41.96,35.27,,34.09,,31.99,31.99,31.99,31.99,49.49,31.99,31.99,33.96,,57.6,40.1,38.19,,35.63,,,,40.1,40.1,,40.1,38.4,40.1,38.4,40.1,31.99,31.99,,,,,31.99,30.97,30.97,30.97,31.99,30.97,44.46,49.49,38.13,49.94,31.99,31.99,31.99,31.99,40.1,34.09,,,,,,
2019-09-23 00:00:00+02:00,,27.66,,27.66,55.05,31.58,,31.01,,27.66,27.66,27.66,28.51,48.99,28.51,27.66,40.6,,57.6,41.52,36.01,,42.6,,,,41.52,41.52,,41.52,38.15,41.52,38.15,41.52,28.51,28.51,,,,,27.66,28.51,28.51,28.51,28.51,28.51,48.57,48.99,35.96,41.45,28.51,28.51,28.51,28.51,41.52,36.01,,,,,,
2019-09-23 01:00:00+02:00,,27.2,,27.2,55.08,30.49,,29.7,,27.2,27.2,27.2,27.2,42.26,27.2,27.2,33.94,,42.0,35.81,32.96,,35.6,,,,35.81,35.81,,35.81,35.0,35.81,35.0,35.81,27.2,27.2,,,,,27.2,27.2,27.2,27.2,27.2,27.2,48.34,42.26,32.92,37.65,27.2,27.2,27.2,27.2,35.81,32.96,,,,,,
2019-09-23 02:00:00+02:00,,27.38,,27.38,50.96,31.55,,29.9,,27.38,27.38,27.38,27.38,41.65,27.38,27.38,28.24,,59.78,27.98,31.11,,29.62,,,,33.46,33.46,,33.46,33.46,33.46,33.46,33.46,27.38,27.38,,,,,27.38,27.38,27.38,27.38,27.38,27.38,48.12,41.65,31.06,35.17,27.38,27.38,27.38,27.38,27.98,29.9,,,,,,
2019-09-23 03:00:00+02:00,,27.95,,25.19,51.92,31.06,,28.8,,27.62,27.2,27.31,27.31,40.86,27.31,24.34,27.15,,59.78,27.95,30.89,,27.81,,,,31.9,31.9,,31.9,31.9,31.9,31.9,31.9,27.31,27.31,,,,,26.33,27.2,27.2,27.31,27.31,27.2,46.99,40.86,30.85,34.1,27.31,27.31,27.31,27.31,27.95,28.8,,,,,,
2019-09-23 04:00:00+02:00,,27.77,,23.7,55.06,31.44,,29.6,,27.24,25.33,27.55,27.6,39.0,27.6,22.63,26.12,,59.78,32.6,33.08,,26.75,,,,32.6,32.6,,32.6,32.6,32.6,32.6,32.6,27.6,27.6,,,,,25.33,27.6,27.6,27.6,27.6,27.6,48.23,39.0,33.03,34.69,27.6,27.6,27.6,27.6,32.6,29.6,,,,,,
2019-09-23 05:00:00+02:00,,32.08,,31.29,100.29,34.5,,30.8,,31.31,31.31,32.08,44.9,41.48,44.9,31.29,32.14,,61.03,39.52,42.01,,32.91,,,,39.52,39.52,,39.52,36.25,39.52,36.25,39.52,44.9,44.9,,,,,31.31,30.42,30.42,31.84,32.08,30.42,49.19,41.48,58.53,44.81,32.08,32.08,32.08,32.08,39.52,42.01,,,,,,
2019-09-23 06:00:00+02:00,,42.21,,38.55,69.05,46.95,,47.89,,39.14,38.37,38.37,58.37,44.27,58.37,38.64,39.58,,65.73,50.0,55.1,,38.63,,,,50.0,50.0,,50.0,41.5,50.0,41.5,50.0,58.37,58.37,,,,,38.37,31.34,31.34,32.82,35.3,31.34,58.67,44.27,73.48,62.58,35.4,35.4,35.4,38.2,50.0,55.1,,,,,,
2019-09-23 07:00:00+02:00,,48.99,,48.99,65.05,50.37,,50.75,,48.99,48.99,48.99,64.39,48.99,64.39,48.99,47.89,,67.58,57.47,60.5,,45.62,,,,57.47,57.47,,57.47,41.5,57.47,41.5,57.47,64.39,64.39,,,,,48.99,31.68,31.68,35.33,35.33,31.68,64.72,48.99,155.38,68.16,36.37,36.37,36.37,47.81,57.47,60.5,,,,,,
2019-09-23 08:00:00+02:00,,50.0,,50.0,58.84,51.83,,55.09,,50.0,50.0,50.0,69.8,50.0,69.8,50.0,49.04,,65.76,62.3,66.9,,50.19,,,,62.3,62.3,,62.3,41.61,62.3,44.97,62.3,69.8,69.8,,,,,50.0,31.72,31.72,35.52,35.52,31.72,70.15,50.0,157.92,69.68,36.34,36.34,48.8,48.8,62.3,66.9,,,,,,
2019-09-23 09:00:00+02:00,,50.04,,49.67,54.0,50.92,,53.09,,49.98,49.84,49.84,69.72,50.2,69.72,50.2,51.42,,61.42,71.48,70.94,,53.2,,,,71.48,71.48,,71.48,41.61,71.48,44.97,71.48,69.72,69.72,,,,,49.84,31.69,31.69,34.87,34.87,31.69,70.07,50.2,71.38,64.97,37.63,37.63,46.95,48.78,71.48,70.94,,,,,,
2019-09-23 10:00:00+02:00,,49.99,,49.99,51.14,49.67,,51.0,,49.99,49.99,49.99,70.11,49.99,70.11,49.99,51.22,,61.2,61.68,67.92,,49.41,,,,61.68,61.68,,61.68,41.5,61.68,41.5,61.68,70.11,70.11,,,,,49.99,31.63,31.63,35.04,35.04,31.63,70.47,49.99,67.83,61.09,37.62,37.62,48.79,48.79,61.68,67.92,,,,,,
2019-09-23 11:00:00+02:00,,50.92,,48.27,58.83,50.16,,48.4,,50.5,49.27,49.27,68.86,48.93,68.86,48.93,47.84,,61.03,83.0,71.07,,45.56,,,,61.68,50.82,,61.68,41.5,50.82,41.5,50.82,68.86,68.86,,,,,49.27,31.56,31.56,35.03,35.03,31.56,69.21,48.93,70.98,63.41,37.32,37.32,47.38,49.27,83.0,71.07,,,,,,
2019-09-23 12:00:00+02:00,,49.97,,41.55,58.85,49.09,,48.3,,48.76,45.48,45.48,64.99,48.0,64.99,48.0,46.94,,57.6,84.99,73.69,,44.86,,,,60.0,46.45,,60.0,41.5,46.45,41.5,43.4,64.99,64.99,,,,,45.48,31.53,31.53,34.73,34.73,31.53,72.19,48.0,73.6,63.6,37.05,37.05,39.94,45.48,84.99,73.69,,,,,,
2019-09-23 13:00:00+02:00,,49.97,,37.97,69.03,48.79,,47.0,,48.27,43.37,43.37,66.85,45.77,66.85,45.77,44.76,,61.02,84.99,73.58,,42.95,,,,60.0,43.36,,60.0,41.5,43.36,41.5,42.29,66.85,66.85,,,,,43.37,31.5,31.5,34.7,34.7,31.5,70.08,45.77,73.49,63.0,37.01,37.01,37.01,43.37,84.99,73.58,,,,,,
2019-09-23 14:00:00+02:00,,49.97,,33.0,69.54,47.95,,47.4,,47.27,40.13,40.13,51.11,43.0,51.11,43.0,41.42,,57.6,79.64,70.4,,39.44,,,,70.0,46.39,,70.0,41.5,46.39,41.5,42.49,51.11,51.11,,,,,40.13,31.47,31.47,34.74,34.74,31.47,70.06,43.0,70.31,60.67,37.04,37.04,37.04,40.13,79.64,70.4,,,,,,
2019-09-23 15:00:00+02:00,,50.99,,33.0,69.09,47.91,,53.0,,48.36,40.59,40.59,54.93,41.75,54.93,41.75,40.84,,61.02,61.68,66.5,,38.88,,,,61.68,46.81,,61.68,41.5,46.81,41.5,46.81,54.93,54.93,,,,,40.59,31.47,31.47,34.75,34.75,31.47,63.58,41.75,66.42,60.8,37.41,37.41,37.41,40.59,61.68,66.5,,,,,,
2019-09-23 16:00:00+02:00,,53.98,,40.9,69.58,49.05,,55.0,,53.92,41.7,41.7,62.21,41.41,62.21,41.41,40.51,,63.89,61.68,65.89,,38.56,,,,61.68,51.25,,61.68,44.5,51.25,56.69,51.25,62.21,62.21,,,,,41.7,31.47,31.47,34.68,34.68,31.47,62.53,41.41,65.81,61.04,37.05,37.05,37.05,41.7,61.68,65.89,,,,,,
2019-09-23 17:00:00+02:00,,54.92,,47.07,75.94,51.86,,54.4,,53.97,50.68,53.97,61.79,45.0,61.79,45.0,44.02,,72.28,60.0,64.96,,42.89,,,,60.0,59.94,,60.0,47.9,59.94,75.23,59.94,61.79,61.79,,,,,50.1,31.5,31.5,34.62,34.62,31.5,62.1,45.0,64.89,60.54,37.84,37.84,41.1,52.67,60.0,64.96,,,,,,
2019-09-23 18:00:00+02:00,,56.5,,50.19,77.93,52.65,,61.7,,55.58,55.58,55.58,66.88,48.61,66.88,48.61,47.56,,67.58,57.77,66.96,,45.26,,,,57.77,57.77,,57.77,48.9,57.77,75.3,57.77,66.88,66.88,,,,,52.69,31.53,31.53,34.5,34.5,31.53,67.22,48.61,69.28,65.05,38.84,38.84,45.01,54.24,57.77,66.96,,,,,,
2019-09-23 19:00:00+02:00,,66.19,,57.93,82.97,53.01,,67.59,,64.98,61.3,64.98,68.67,50.51,68.67,55.4,54.21,,61.56,75.01,76.6,,51.59,,,,71.25,71.25,,71.25,50.9,71.25,95.17,71.25,68.67,68.67,,,,,61.3,31.57,31.57,34.56,34.56,31.57,69.03,50.51,76.51,71.57,40.16,40.16,40.16,63.42,75.01,76.6,,,,,,
2019-09-23 20:00:00+02:00,,53.18,,52.64,74.96,53.22,,62.79,,53.1,53.1,53.1,51.83,52.48,51.83,52.48,51.36,,65.83,62.89,68.99,,50.06,,,,60.02,60.02,,60.02,48.9,60.02,83.3,60.02,51.83,51.83,,,,,52.85,31.81,31.81,34.62,34.62,31.81,63.55,52.48,68.91,68.08,38.86,38.86,38.86,51.83,62.89,68.99,,,,,,
2019-09-23 21:00:00+02:00,,49.21,,49.21,63.94,49.22,,52.24,,49.21,49.21,49.21,46.37,49.81,46.37,49.21,47.82,,61.09,53.35,57.01,,48.89,,,,50.82,50.82,,50.82,44.5,50.82,71.69,50.82,46.37,46.37,,,,,49.21,31.69,31.69,34.6,34.6,31.69,60.41,49.81,56.94,57.24,36.31,36.31,36.31,46.37,53.35,57.01,,,,,,
2019-09-23 22:00:00+02:00,,42.85,,42.85,61.95,46.02,,46.0,,42.85,42.85,42.85,44.93,42.85,44.93,42.85,41.65,,57.6,59.0,55.65,,42.68,,,,44.15,44.15,,44.15,42.5,44.15,75.24,44.15,44.93,44.93,,,,,42.85,31.66,31.66,32.84,34.24,31.66,54.66,42.85,55.59,51.85,35.68,35.68,35.68,41.82,59.0,46.0,,,,,,
2019-09-23 23:00:00+02:00,,37.12,,29.44,55.08,40.37,,38.79,,35.79,35.79,35.79,35.05,41.0,35.05,41.0,31.79,,0.0,47.5,49.64,,33.68,,,,41.0,41.0,,41.0,37.98,41.0,38.69,41.0,35.05,35.05,,,,,32.71,31.44,31.44,32.68,34.03,31.44,54.16,41.0,49.58,45.95,35.05,35.05,35.05,35.05,47.5,38.79,,,,,,
2019-09-24 00:00:00+02:00,,37.46,,29.52,47.07,36.19,,36.01,,36.35,36.35,36.35,36.29,39.07,36.29,32.47,31.76,,60.49,39.99,50.2,,28.89,,,,39.99,39.99,,39.99,39.59,39.99,39.59,39.99,36.29,36.29,,,,,32.7,31.66,31.66,33.03,33.03,31.66,48.37,39.07,50.14,59.36,36.29,36.29,36.29,36.29,39.99,50.2,,,,,,
2019-09-24 01:00:00+02:00,,35.91,,29.6,46.56,35.33,,34.01,,35.44,35.44,35.44,35.44,35.55,35.44,28.14,27.51,,60.7,39.52,48.5,,27.0,,,,39.52,39.52,,39.52,39.15,39.52,39.15,39.52,35.44,35.44,,,,,30.4,31.1,31.1,32.72,32.72,31.1,48.32,35.55,48.45,51.95,35.44,35.44,35.44,35.44,39.52,48.5,,,,,,
2019-09-24 02:00:00+02:00,,36.3,,27.01,46.59,34.5,,33.01,,35.24,35.24,35.24,35.24,34.4,35.24,24.24,24.83,,43.01,38.92,42.03,,25.41,,,,38.92,38.92,,38.92,38.92,38.92,38.92,38.92,35.24,35.24,,,,,30.73,30.98,30.98,32.58,32.58,30.98,48.25,34.4,41.99,43.05,35.24,35.24,35.24,35.24,38.92,42.03,,,,,,
2019-09-24 03:00:00+02:00,,36.64,,26.04,43.51,34.8,,33.01,,35.43,35.43,35.43,35.43,33.91,35.43,22.85,23.44,,42.05,39.15,41.25,,24.0,,,,39.15,39.15,,39.15,39.15,39.15,39.15,39.15,35.43,35.43,,,,,30.26,30.98,30.98,32.59,32.59,30.98,48.14,33.91,41.21,40.92,35.43,35.43,35.43,35.43,39.15,41.25,,,,,,
2019-09-24 04:00:00+02:00,,37.91,,24.09,47.09,35.01,,34.25,,36.33,36.33,36.33,44.65,32.95,39.89,19.97,22.88,,57.0,39.15,45.2,,24.0,,,,39.15,39.15,,39.15,39.15,39.15,39.15,39.15,44.65,44.65,,,,,29.62,30.8,30.8,32.8,32.8,30.8,47.67,32.95,45.16,42.09,35.46,35.46,35.46,35.46,39.15,45.2,,,,,,
2019-09-24 05:00:00+02:00,,40.37,,27.7,69.54,37.75,,38.47,,38.95,38.95,38.95,46.78,34.4,51.55,23.93,25.37,,56.88,40.37,54.52,,25.41,,,,40.37,40.37,,40.37,39.15,40.37,39.15,40.37,46.78,46.78,,,,,32.57,31.33,31.33,33.03,33.03,31.33,50.84,34.4,71.41,58.52,36.34,36.34,36.34,36.34,40.37,54.52,,,,,,
2019-09-24 06:00:00+02:00,,57.58,,37.8,62.55,48.9,,55.0,,55.98,55.98,55.98,64.15,39.07,64.15,39.07,39.99,,61.02,57.58,65.52,,38.12,,,,54.77,54.77,,54.77,47.0,54.77,47.0,54.77,64.15,64.15,,,,,40.1,32.09,32.09,34.34,34.34,32.09,60.57,39.07,88.47,65.02,37.62,37.62,37.62,54.64,57.58,59.8,,,,,,
2019-09-24 07:00:00+02:00,,65.17,,34.35,69.56,52.11,,60.0,,65.17,65.17,65.17,65.17,49.75,65.17,49.75,48.58,,72.28,65.17,73.95,,43.4,,,,59.9,59.9,,59.9,54.47,59.9,54.47,59.9,65.17,65.17,,,,,50.1,32.46,32.46,34.72,34.72,32.46,65.38,49.75,105.33,74.14,41.02,41.02,65.17,65.17,65.17,66.0,,,,,,
2019-09-24 08:00:00+02:00,,65.19,,32.91,74.43,53.33,,61.67,,65.19,65.19,65.19,68.53,50.01,68.53,50.01,48.82,,72.26,69.0,71.45,,49.49,,,,69.0,69.0,,69.0,54.15,69.0,54.15,69.0,68.53,68.53,,,,,65.19,32.63,32.63,34.92,34.92,32.63,68.75,50.01,147.47,74.0,40.32,40.32,65.19,65.19,69.0,71.45,,,,,,
2019-09-24 09:00:00+02:00,,53.04,,47.12,83.05,50.66,,55.0,,53.04,53.04,53.04,69.13,50.26,69.13,50.26,51.4,,72.24,69.0,68.85,,53.24,,,,69.0,69.0,,69.0,45.25,69.0,45.25,69.0,69.13,69.13,,,,,53.04,32.53,32.53,34.96,34.96,32.53,69.34,50.26,141.15,72.73,39.37,39.37,53.04,53.04,69.0,68.85,,,,,,
2019-09-24 10:00:00+02:00,,53.44,,39.1,83.05,49.1,,50.37,,52.95,52.95,52.95,68.39,49.2,68.39,49.2,50.31,,77.1,67.73,65.08,,51.59,,,,64.01,64.01,,67.73,35.0,64.01,35.0,64.01,68.39,68.39,,,,,51.93,32.41,32.41,34.94,34.94,32.41,68.59,49.2,105.34,69.56,38.71,38.71,52.95,52.95,67.73,65.08,,,,,,
2019-09-24 11:00:00+02:00,,50.93,,44.84,81.73,47.95,,49.25,,50.9,50.9,50.9,68.53,48.19,68.53,48.19,49.26,,72.22,65.0,64.95,,50.52,,,,65.0,50.82,,65.0,9.0,50.82,9.0,50.82,68.53,68.53,,,,,50.86,32.38,32.38,34.9,34.9,32.38,68.73,48.19,73.53,69.7,38.65,38.65,50.9,50.9,65.0,64.95,,,,,,
2019-09-24 12:00:00+02:00,,49.97,,33.0,83.1,46.05,,47.8,,49.15,49.15,49.15,67.05,44.97,67.05,44.97,45.96,,72.23,50.03,66.93,,47.15,,,,46.51,46.51,,50.03,1.01,46.51,1.01,46.51,67.05,67.05,,,,,47.46,32.33,32.33,34.59,34.59,32.33,67.24,44.97,105.56,69.08,38.49,38.49,49.15,49.15,50.03,66.93,,,,,,
2019-09-24 13:00:00+02:00,,47.26,,37.38,83.01,45.88,,46.77,,46.99,46.99,46.99,68.0,42.23,68.0,42.23,43.15,,77.1,48.24,66.76,,44.27,,,,48.24,43.0,,48.24,0.0,43.0,0.0,43.0,68.0,68.0,,,,,44.57,32.29,32.29,34.82,34.82,32.29,68.18,42.23,73.54,69.03,38.48,38.48,46.99,46.99,48.24,66.76,,,,,,
2019-09-24 14:00:00+02:00,,47.08,,33.0,83.0,45.7,,44.7,,45.74,45.74,45.74,54.3,40.01,54.3,40.01,40.87,,72.28,57.0,66.78,,42.0,,,,57.0,45.7,,57.0,0.0,45.7,0.0,45.7,54.3,54.3,,,,,42.22,32.28,32.28,34.88,34.88,32.28,64.87,40.01,71.43,68.67,37.95,37.95,37.95,45.74,57.0,66.78,,,,,,
2019-09-24 15:00:00+02:00,,49.9,,33.0,78.89,46.36,,47.9,,46.82,46.82,46.82,56.56,39.57,56.56,39.57,40.42,,72.27,69.24,64.96,,42.5,,,,50.82,50.82,,69.24,0.0,50.82,0.0,50.82,56.56,56.56,,,,,41.76,32.22,32.22,34.85,34.85,32.22,64.11,39.57,71.44,68.75,37.58,37.58,37.58,46.82,69.24,64.96,,,,,,
2019-09-24 16:00:00+02:00,,49.99,,24.8,69.54,47.59,,51.53,,49.77,49.77,49.77,62.61,39.91,62.61,39.91,40.75,,77.1,61.7,65.7,,42.86,,,,61.7,61.7,,61.7,29.99,61.7,29.99,61.7,62.61,62.61,,,,,48.04,32.23,32.23,34.79,34.79,32.23,63.41,39.91,67.43,69.07,37.58,37.58,37.58,49.77,61.7,65.7,,,,,,
2019-09-24 17:00:00+02:00,,54.96,,26.73,66.48,49.04,,55.0,,54.96,54.96,54.96,60.5,41.8,60.5,41.8,53.16,,72.22,63.42,67.42,,54.6,,,,63.42,63.42,,63.42,42.11,63.42,42.11,63.42,60.5,60.5,,,,,54.96,32.2,32.2,34.69,34.69,32.2,62.86,41.8,69.33,73.07,38.67,38.67,38.67,54.96,63.42,67.42,,,,,,
2019-09-24 18:00:00+02:00,,60.2,,33.45,69.57,49.43,,56.0,,60.2,60.2,60.2,65.13,47.24,65.13,47.57,58.73,,72.22,71.83,67.82,,61.69,,,,71.83,71.83,,71.83,54.99,71.83,54.99,71.83,65.13,65.13,,,,,60.2,32.26,32.26,34.67,34.67,32.26,65.27,47.24,105.38,75.34,39.5,39.5,39.5,60.2,71.83,67.5,,,,,,
2019-09-24 19:00:00+02:00,,54.26,,53.92,70.06,50.99,,65.24,,54.19,54.19,54.19,71.9,50.0,71.9,54.44,55.54,,78.87,74.59,81.0,,58.47,,,,74.59,74.59,,74.59,54.99,74.59,85.3,74.59,69.55,69.55,,,,,54.06,32.27,32.27,34.66,34.66,32.27,69.7,50.0,158.07,87.01,41.01,41.01,42.26,54.19,74.59,81.0,,,,,,
2019-09-24 20:00:00+02:00,,51.76,,48.85,69.55,49.65,,56.0,,51.18,51.18,51.18,52.0,52.48,52.0,53.34,56.28,,72.26,71.84,75.58,,59.25,,,,71.84,71.84,,71.84,54.99,71.84,90.3,71.84,52.0,52.0,,,,,50.0,32.46,32.46,34.7,34.7,32.46,70.77,52.48,105.38,82.92,40.78,40.78,42.29,51.18,71.84,75.58,,,,,,
2019-09-24 21:00:00+02:00,,46.91,,44.44,60.83,45.38,,47.1,,46.41,46.41,46.41,49.71,49.76,49.71,48.25,49.21,,72.27,63.0,65.84,,51.82,,,,63.0,63.0,,63.0,48.01,63.0,76.3,63.0,46.38,46.38,,,,,45.42,32.31,32.31,34.66,34.66,32.31,60.7,49.76,65.82,64.01,37.46,37.46,37.46,45.3,63.0,61.0,,,,,,
2019-09-24 22:00:00+02:00,,38.64,,33.0,54.0,39.66,,40.0,,37.58,37.58,37.58,44.64,44.95,44.64,41.02,41.82,,61.22,54.82,58.94,,44.05,,,,54.82,54.82,,54.82,42.23,54.82,75.3,54.82,44.64,44.64,,,,,35.23,32.24,32.24,33.89,33.89,32.24,55.11,44.95,58.92,61.52,36.23,36.23,36.23,36.68,54.82,55.8,,,,,,
2019-09-24 23:00:00+02:00,,35.89,,29.49,56.45,35.93,,34.0,,34.72,34.72,34.72,34.72,42.12,34.72,34.72,33.77,,60.92,45.7,56.16,,34.74,,,,45.7,45.7,,45.7,40.23,45.7,40.23,45.7,34.72,34.72,,,,,32.2,31.2,31.2,33.46,33.46,31.2,52.27,42.12,56.15,56.09,34.72,34.72,34.72,34.72,45.7,36.03,,,,,,
2019-09-25 00:00:00+02:00,,35.6,,28.0,62.47,35.04,,33.4,,34.31,34.31,35.16,35.16,39.0,35.16,34.27,42.28,,61.22,46.15,50.35,,43.41,,,,46.15,46.15,,46.15,39.69,46.15,39.69,46.15,35.16,35.16,,,,,31.09,31.39,31.39,33.11,33.11,31.39,50.45,39.0,50.41,49.69,35.16,35.16,35.16,35.16,46.15,50.35,,,,,,
2019-09-25 01:00:00+02:00,,34.05,,27.52,50.1,34.31,,33.0,,33.17,33.17,33.99,33.99,35.76,33.99,25.79,33.81,,60.86,45.54,44.03,,35.0,,,,45.54,45.54,,45.54,39.69,45.54,39.69,45.54,33.99,33.99,,,,,30.17,31.13,31.13,32.95,32.95,31.13,52.49,35.76,44.08,43.15,33.99,33.99,33.99,33.99,45.54,44.03,,,,,,
2019-09-25 02:00:00+02:00,,34.05,,26.2,46.65,34.57,,32.39,,33.0,33.0,33.81,33.81,35.27,33.81,24.12,33.26,,60.73,40.66,41.6,,34.0,,,,40.66,44.03,,40.66,39.69,44.03,39.69,44.03,33.81,33.81,,,,,29.44,30.46,30.46,32.91,32.91,30.46,51.05,35.27,41.64,40.17,33.81,33.81,33.81,33.81,40.66,41.6,,,,,,
2019-09-25 03:00:00+02:00,,36.02,,22.83,42.3,34.11,,32.36,,34.25,34.25,34.25,34.25,34.95,34.25,19.35,33.22,,60.37,39.93,40.25,,34.09,,,,39.93,44.03,,39.93,39.69,44.03,39.69,44.03,34.25,34.25,,,,,28.19,30.2,30.2,32.87,32.87,30.2,49.73,34.95,40.29,39.36,34.25,34.25,34.25,34.25,39.93,40.25,,,,,,
2019-09-25 04:00:00+02:00,,37.15,,20.44,47.17,34.49,,33.1,,34.9,34.9,34.98,34.98,35.0,34.98,16.01,31.02,,60.5,40.69,42.1,,30.36,,,,40.69,44.03,,40.69,39.69,44.03,39.69,44.03,34.98,34.98,,,,,27.22,30.54,30.54,32.9,32.9,30.54,49.42,35.0,42.14,41.28,34.98,34.98,34.98,34.98,40.69,42.1,,,,,,
2019-09-25 05:00:00+02:00,,38.21,,25.44,69.55,37.94,,36.2,,36.5,36.41,36.41,49.53,35.69,49.53,22.05,33.24,,62.42,52.0,52.32,,32.52,,,,51.34,51.34,,51.34,39.69,51.34,39.69,51.34,45.0,45.0,,,,,30.76,31.07,31.07,32.96,32.96,31.07,49.75,35.69,59.02,49.74,36.41,36.41,36.41,36.41,52.0,36.64,,,,,,
2019-09-25 06:00:00+02:00,,52.96,,31.0,74.19,48.56,,55.0,,50.91,50.91,50.91,59.46,38.89,59.46,31.99,37.95,,65.82,150.05,69.1,,37.12,,,,67.88,67.88,,67.88,50.77,67.88,50.77,67.88,59.46,59.46,,,,,36.88,32.22,32.22,33.59,33.59,32.22,59.42,38.89,69.16,58.91,38.13,38.13,38.13,38.13,150.05,69.1,,,,,,
2019-09-25 07:00:00+02:00,,56.97,,31.22,69.54,51.63,,59.78,,56.97,56.97,56.97,69.83,45.54,69.83,45.54,46.54,,68.83,90.08,70.06,,44.44,,,,74.89,74.89,,74.89,55.15,74.89,71.0,74.89,69.83,69.83,,,,,48.06,32.69,32.69,34.46,34.46,32.69,65.69,45.54,70.12,67.1,39.5,39.5,39.5,55.6,90.08,70.06,,,,,,
2019-09-25 08:00:00+02:00,,62.08,,32.58,69.58,52.58,,62.14,,62.08,62.08,62.08,70.71,49.36,70.71,49.36,50.44,,67.17,75.01,75.02,,52.86,,,,75.01,75.0,,75.01,55.15,75.0,75.33,75.0,70.71,70.71,,,,,62.08,32.96,32.96,34.7,34.7,32.96,69.08,49.36,75.08,68.86,41.21,41.21,41.21,60.59,75.01,75.02,,,,,,
2019-09-25 09:00:00+02:00,,56.64,,40.85,69.44,52.14,,60.0,,56.64,56.64,56.64,70.82,49.19,70.82,49.19,54.85,,68.45,72.04,74.0,,57.79,,,,72.04,72.04,,72.04,72.04,72.04,74.67,72.04,70.82,70.82,,,,,56.64,32.8,32.8,34.7,34.7,32.8,70.77,49.19,74.06,69.04,40.24,40.24,40.24,55.28,72.04,74.0,,,,,,
2019-09-25 10:00:00+02:00,,52.24,,48.24,67.99,50.87,,58.0,,51.67,51.67,51.67,69.67,49.11,69.67,49.11,51.31,,65.82,75.06,74.1,,54.98,,,,71.85,71.85,,75.06,71.0,71.85,71.0,71.85,69.67,69.67,,,,,49.86,32.56,32.56,34.71,34.71,32.56,69.62,49.11,74.16,67.05,39.8,39.8,39.8,50.43,75.06,74.1,,,,,,
2019-09-25 11:00:00+02:00,,53.92,,32.64,67.99,49.67,,55.92,,50.98,50.98,50.98,71.4,48.03,71.4,48.03,49.09,,65.46,70.7,73.7,,52.0,,,,64.34,64.34,,66.0,46.82,64.34,46.82,64.34,71.4,71.4,,,,,42.4,32.44,32.44,34.64,34.64,32.44,71.36,48.03,73.75,67.04,38.48,38.48,38.48,49.76,70.7,73.7,,,,,,
2019-09-25 12:00:00+02:00,,53.0,,29.2,91.95,48.31,,60.0,,49.8,49.8,49.8,69.81,48.88,69.81,48.88,49.96,,63.86,88.05,110.1,,52.49,,,,53.0,53.0,,53.0,44.25,53.0,44.25,53.0,69.81,69.81,,,,,40.6,32.36,32.36,34.64,34.64,32.36,69.77,48.88,110.17,65.06,37.97,37.97,37.97,48.61,88.05,110.1,,,,,,
2019-09-25 13:00:00+02:00,,53.95,,28.91,86.43,46.88,,65.0,,50.24,50.24,50.24,69.67,46.83,69.67,46.83,47.87,,62.0,88.06,85.05,,50.29,,,,53.95,44.46,,53.95,42.85,44.46,42.85,44.46,69.67,69.67,,,,,39.9,32.38,32.38,34.61,34.61,32.38,69.63,46.83,85.11,64.99,37.11,37.11,37.11,49.03,88.06,85.05,,,,,,
2019-09-25 14:00:00+02:00,,53.46,,26.2,69.57,46.42,,60.0,,50.02,50.02,50.02,51.77,44.16,51.77,44.16,45.14,,61.04,70.1,77.21,,47.42,,,,60.0,46.7,,60.0,41.85,46.7,41.85,46.7,51.77,51.77,,,,,39.17,32.39,32.39,34.59,34.59,32.39,66.47,44.16,77.25,65.04,37.02,37.02,37.02,48.82,70.1,77.21,,,,,,
2019-09-25 15:00:00+02:00,,52.99,,29.44,69.54,46.57,,60.0,,49.95,49.95,49.95,52.27,41.0,52.27,40.18,41.09,,63.88,70.1,74.25,,43.15,,,,68.5,58.77,,68.5,46.82,58.77,46.82,58.77,52.27,52.27,,,,,39.9,32.4,32.4,34.59,34.59,32.4,66.42,41.0,74.29,67.23,36.93,36.93,36.93,40.05,70.1,74.25,,,,,,
2019-09-25 16:00:00+02:00,,50.9,,32.86,65.08,48.58,,57.57,,48.48,48.48,48.48,62.98,41.03,62.98,40.89,41.8,,68.39,84.99,73.49,,43.91,,,,72.0,71.77,,72.0,55.15,71.77,56.0,71.77,62.98,62.98,,,,,40.6,32.4,32.4,34.6,34.6,32.4,64.3,41.03,73.53,65.09,36.73,36.73,36.73,36.73,84.99,73.49,,,,,,
2019-09-25 17:00:00+02:00,,49.99,,39.32,67.92,51.51,,55.0,,49.99,49.99,49.99,65.27,44.96,65.27,44.96,48.45,,69.0,84.99,71.38,,49.67,,,,72.04,72.04,,72.04,72.04,72.04,74.75,72.04,65.27,65.27,,,,,49.99,32.41,32.41,34.59,34.59,32.41,65.25,44.96,71.42,66.07,37.09,37.09,37.09,37.09,84.99,71.38,,,,,,
2019-09-25 18:00:00+02:00,,54.19,,38.9,67.98,49.9,,61.47,,54.19,54.19,54.19,68.24,46.99,68.24,46.99,55.23,,72.22,72.0,73.28,,58.0,,,,72.0,72.0,,72.0,72.0,72.0,96.95,72.0,68.24,68.24,,,,,54.19,32.41,32.41,34.59,34.59,32.41,68.23,46.99,73.31,67.08,37.0,37.0,37.0,37.0,72.0,73.28,,,,,,
2019-09-25 19:00:00+02:00,,59.66,,39.47,69.57,52.57,,64.5,,59.66,59.66,59.66,73.1,50.14,73.1,50.14,61.45,,72.29,100.09,105.49,,58.71,,,,72.34,72.34,,72.34,72.34,72.34,114.79,72.34,73.1,73.1,,,,,59.66,32.45,32.45,34.65,34.65,32.45,73.08,50.14,105.54,74.09,37.32,37.32,37.32,37.32,100.09,105.49,,,,,,
2019-09-25 20:00:00+02:00,,51.74,,51.74,69.55,53.32,,55.8,,51.74,51.74,51.74,51.78,51.74,51.78,51.74,56.01,,68.47,72.02,75.02,,53.44,,,,70.0,70.0,,70.0,70.0,70.0,114.79,70.0,51.78,51.78,,,,,51.74,32.37,32.37,34.73,34.73,32.37,70.81,51.74,75.05,69.77,36.71,36.71,36.71,36.71,72.02,75.02,,,,,,
2019-09-25 21:00:00+02:00,,50.9,,30.82,65.52,48.44,,48.69,,47.68,47.68,47.68,44.96,50.74,44.96,47.68,48.77,,65.28,84.99,63.47,,46.52,,,,70.34,70.34,,70.34,70.34,70.34,113.79,70.34,44.96,44.96,,,,,40.6,32.27,32.27,34.66,34.66,32.27,63.45,50.74,63.49,58.89,35.99,35.99,35.99,35.99,84.99,63.47,,,,,,
2019-09-25 22:00:00+02:00,,42.41,,26.0,62.89,43.43,,41.8,,39.69,39.69,39.69,42.35,48.59,42.35,41.83,42.79,,61.02,50.0,52.21,,40.82,,,,50.0,50.0,,50.0,50.0,50.0,96.67,50.0,42.35,42.35,,,,,33.58,32.22,32.22,33.98,33.98,32.22,62.89,48.59,52.22,54.29,35.21,35.21,35.21,35.21,50.0,41.8,,,,,,
2019-09-25 23:00:00+02:00,,35.88,,31.56,54.04,38.11,,37.08,,35.05,35.05,35.05,34.67,45.5,34.67,38.15,37.25,,61.17,41.0,43.41,,31.69,,,,41.0,41.0,,41.0,41.0,41.0,71.0,41.0,34.67,34.67,,,,,33.3,32.02,32.02,33.91,33.91,32.02,58.25,45.5,43.43,47.39,34.67,34.67,34.67,34.67,41.0,43.41,,,,,,
2019-09-26 00:00:00+02:00,,35.89,,22.8,47.51,36.43,,38.5,,34.18,34.18,34.18,34.18,49.59,34.18,41.11,47.45,,61.0,41.11,47.98,,38.0,,,,41.11,41.11,,41.11,41.11,41.11,44.25,41.11,34.18,34.18,,,,,29.61,31.62,31.62,33.8,33.8,31.62,55.59,49.59,47.98,52.01,34.18,34.18,34.18,34.18,41.11,47.98,,,,,,
2019-09-26 01:00:00+02:00,,33.0,,32.29,44.82,35.12,,35.26,,32.92,32.92,32.92,32.92,49.36,32.92,32.15,35.67,,60.63,40.29,41.76,,34.0,,,,40.29,40.29,,40.29,40.29,40.29,40.29,40.29,32.92,32.92,,,,,32.57,31.53,31.53,32.92,32.92,31.53,57.12,49.36,41.76,44.09,32.92,32.92,32.92,32.92,40.29,41.76,,,,,,
2019-09-26 02:00:00+02:00,,32.21,,28.73,42.69,34.22,,33.35,,31.8,31.8,31.94,31.94,48.28,31.94,28.07,31.02,,60.61,39.35,39.03,,29.0,,,,39.35,39.35,,39.35,39.35,39.35,39.35,39.35,31.94,31.94,,,,,30.1,31.09,31.09,31.94,31.94,31.09,57.12,48.28,39.03,42.44,31.94,31.94,31.94,31.94,39.35,39.03,,,,,,
2019-09-26 03:00:00+02:00,,32.79,,22.19,42.92,34.25,,33.51,,31.55,31.55,32.33,32.33,47.15,32.33,20.18,27.16,,60.61,39.29,37.91,,22.33,,,,39.29,39.29,,39.29,39.29,39.29,39.29,39.29,32.33,32.33,,,,,26.36,30.74,30.74,32.33,32.33,30.74,57.11,47.15,37.91,41.52,32.33,32.33,32.33,32.33,39.29,33.51,,,,,,
2019-09-26 04:00:00+02:00,,33.34,,22.93,43.46,34.43,,34.3,,32.12,32.12,32.91,32.91,46.83,32.91,20.91,26.2,,61.02,39.3,39.65,,22.33,,,,39.3,39.3,,39.3,39.3,39.3,39.3,39.3,32.91,32.91,,,,,27.03,30.91,30.91,32.91,32.91,30.91,55.4,46.83,39.65,42.27,32.91,32.91,32.91,32.91,39.3,34.3,,,,,,
2019-09-26 05:00:00+02:00,,35.99,,26.69,50.12,36.06,,43.01,,34.9,34.9,34.9,50.0,48.52,50.0,24.9,27.09,,65.56,53.0,53.95,,22.33,,,,41.07,41.07,,41.07,41.07,41.07,41.07,41.07,50.0,50.0,,,,,30.35,31.66,31.66,33.83,33.83,31.66,55.86,48.52,53.95,53.52,34.9,34.9,34.9,34.9,53.0,53.95,,,,,,
2019-09-26 06:00:00+02:00,,46.93,,41.22,69.57,46.73,,63.61,,46.21,46.21,46.21,76.0,48.59,76.0,39.77,40.68,,68.93,56.0,63.61,,22.33,,,,56.0,56.0,,56.0,56.0,56.0,56.0,56.0,76.0,76.0,,,,,43.5,32.25,32.25,34.28,34.28,32.25,64.13,48.59,63.6,65.02,35.97,35.97,35.97,35.97,56.0,63.61,,,,,,
2019-09-26 07:00:00+02:00,,50.29,,50.29,76.65,52.12,,68.57,,50.29,50.29,50.29,111.44,50.29,111.44,50.29,49.08,,72.28,69.9,68.57,,36.0,,,,69.9,69.9,,69.9,69.9,69.9,69.9,69.9,111.44,111.44,,,,,50.29,32.52,32.52,35.25,35.25,32.52,71.96,50.29,68.56,69.75,38.38,38.38,38.38,49.08,69.9,68.57,,,,,,
2019-09-26 08:00:00+02:00,,51.51,,51.51,78.1,53.2,,72.42,,51.51,51.51,51.51,197.9,51.51,197.9,51.51,50.26,,72.27,65.0,72.42,,44.9,,,,65.0,65.0,,65.0,65.0,65.0,65.0,65.0,197.9,197.9,,,,,51.51,32.64,32.64,35.62,35.62,32.64,73.34,51.51,72.41,73.07,38.85,38.85,38.85,50.27,65.0,72.42,,,,,,
2019-09-26 09:00:00+02:00,,50.58,,50.2,73.36,50.4,,71.33,,50.52,50.38,50.52,149.96,50.74,149.96,50.74,51.88,,72.22,71.0,71.33,,49.51,,,,71.0,71.0,,71.0,40.41,71.0,40.41,71.0,149.96,149.96,,,,,50.38,32.5,32.5,35.58,35.58,32.5,73.34,50.74,71.32,72.59,38.54,38.54,38.54,38.54,71.0,71.33,,,,,,
2019-09-26 10:00:00+02:00,,50.28,,46.86,69.56,48.45,,67.83,,49.84,48.69,49.84,197.95,49.84,197.95,49.84,50.12,,68.93,66.99,67.83,,47.84,,,,66.99,66.99,,66.99,37.97,66.99,37.97,66.99,197.95,197.95,,,,,48.69,32.46,32.46,35.51,35.51,32.46,73.33,49.84,67.81,70.57,37.53,37.53,37.53,37.53,66.99,67.83,,,,,,
2019-09-26 11:00:00+02:00,,49.8,,43.04,67.61,47.09,,67.05,,48.93,46.32,48.93,98.07,48.88,98.07,48.88,47.68,,65.73,63.02,67.05,,44.85,,,,62.83,62.83,,62.83,37.95,62.83,37.95,62.83,98.07,98.07,,,,,46.32,32.41,32.41,35.42,35.42,32.41,73.35,48.88,67.03,70.89,37.7,37.7,37.7,37.7,63.02,67.05,,,,,,
2019-09-26 12:00:00+02:00,,49.03,,35.5,69.54,46.48,,67.05,,47.35,42.4,47.35,95.7,48.07,95.7,46.27,45.13,,63.93,65.08,67.05,,43.08,,,,47.75,47.75,,47.75,20.0,47.75,20.0,47.75,95.7,95.7,,,,,42.4,32.36,32.36,35.18,35.18,32.36,73.78,48.07,67.03,68.75,37.3,37.3,37.3,37.3,65.08,67.05,,,,,,
2019-09-26 13:00:00+02:00,,49.21,,28.18,67.47,45.9,,65.0,,46.6,37.93,46.6,96.9,48.51,96.9,40.02,39.03,,63.58,52.46,65.0,,37.27,,,,47.8,47.8,,47.8,0.0,47.8,0.0,47.8,96.9,96.9,,,,,37.93,32.34,32.34,34.41,34.41,32.34,73.34,48.51,64.98,67.06,37.11,37.11,37.11,37.11,52.46,65.0,,,,,,
2019-09-26 14:00:00+02:00,,46.94,,28.92,67.46,45.86,,61.59,,44.7,36.8,44.7,69.28,46.82,69.28,34.87,35.63,,63.35,49.17,61.59,,33.2,,,,49.17,49.17,,49.17,49.17,49.17,49.17,49.17,69.28,69.28,,,,,36.8,32.34,32.34,35.06,35.06,32.34,69.39,46.82,61.57,67.06,36.8,36.8,36.8,36.8,49.17,61.59,,,,,,
2019-09-26 15:00:00+02:00,,46.93,,26.0,68.57,45.72,,62.57,,44.37,36.47,44.37,71.84,45.54,71.84,33.26,33.98,,64.02,54.0,62.57,,32.3,,,,54.0,54.0,,54.0,54.0,54.0,54.0,54.0,71.84,71.84,,,,,35.11,32.37,32.37,35.03,35.03,32.37,71.96,45.54,62.55,67.34,36.47,36.47,36.47,36.47,54.0,62.57,,,,,,
2019-09-26 16:00:00+02:00,,46.92,,25.9,68.57,44.1,,65.95,,44.38,35.35,44.38,72.31,45.71,72.31,33.49,34.21,,69.03,64.0,65.95,,32.68,,,,64.0,64.0,,64.0,64.0,64.0,64.0,64.0,72.31,72.31,,,,,35.35,32.4,32.4,35.04,35.04,32.4,72.43,45.71,65.92,69.08,36.54,36.54,36.54,36.54,64.0,65.95,,,,,,
2019-09-26 17:00:00+02:00,,46.09,,37.74,69.58,43.93,,67.63,,45.04,41.22,45.04,74.31,47.0,74.31,39.09,39.92,,71.14,65.99,67.63,,34.2,,,,65.99,65.99,,65.99,65.99,65.99,65.99,65.99,74.31,74.31,,,,,41.22,32.39,32.39,35.0,35.0,32.39,72.44,47.0,67.6,71.22,37.63,37.63,37.63,37.63,65.99,67.63,,,,,,
2019-09-26 18:00:00+02:00,,45.4,,44.63,79.36,45.1,,71.3,,45.28,45.0,45.28,199.95,47.21,199.95,45.75,46.71,,78.0,69.9,71.3,,44.0,,,,69.9,69.9,,69.9,69.9,69.9,69.9,69.9,199.95,199.95,,,,,45.0,32.42,32.42,35.02,35.02,32.42,73.79,47.21,71.27,73.86,37.49,37.49,37.49,37.49,69.9,71.3,,,,,,
2019-09-26 19:00:00+02:00,,45.13,,31.5,81.15,46.29,,78.07,,43.4,39.0,43.4,199.98,50.0,199.98,50.0,51.06,,75.0,76.77,78.07,,44.85,,,,76.77,76.77,,76.77,76.77,76.77,96.95,76.77,96.9,96.9,,,,,39.0,32.45,32.45,35.02,35.02,32.45,78.86,50.0,78.03,81.72,38.35,38.35,38.35,38.35,76.77,78.07,,,,,,
2019-09-26 20:00:00+02:00,,44.69,,25.82,69.58,43.85,,71.39,,42.49,36.59,42.49,71.57,50.94,71.57,50.94,52.33,,72.28,74.55,71.39,,49.0,,,,74.55,74.55,,74.55,74.55,74.55,96.95,74.55,71.57,71.57,,,,,36.59,32.47,32.47,35.03,35.03,32.47,72.89,50.94,71.35,72.03,36.59,36.59,36.59,36.59,74.55,71.39,,,,,,
2019-09-26 21:00:00+02:00,,37.77,,26.75,63.92,40.93,,58.0,,36.12,33.14,35.81,56.0,50.74,56.0,42.41,43.35,,69.08,67.0,63.51,,42.45,,,,67.0,67.0,,67.0,67.0,67.0,69.78,67.0,56.0,56.0,,,,,33.14,32.12,32.12,34.67,34.67,32.12,59.91,50.74,63.48,67.29,35.25,35.25,35.25,35.25,67.0,63.51,,,,,,
2019-09-26 22:00:00+02:00,,36.05,,25.9,47.42,38.33,,42.3,,32.8,30.61,33.11,54.95,48.59,54.95,37.47,38.25,,60.89,55.02,56.36,,36.57,,,,55.02,55.02,,55.02,55.02,55.02,57.78,55.02,54.95,54.95,,,,,30.61,31.51,31.51,33.11,33.11,31.51,58.59,48.59,56.33,58.61,33.11,33.11,33.11,33.11,55.02,56.36,,,,,,
2019-09-26 23:00:00+02:00,,32.52,,28.64,44.93,35.76,,34.97,,30.29,30.29,30.29,45.57,46.37,45.57,31.42,30.6,,61.14,46.49,50.54,,27.0,,,,46.49,46.49,,46.49,46.49,46.49,46.49,46.49,45.57,45.57,,,,,29.77,30.41,30.41,31.24,31.24,30.41,54.85,46.37,50.51,53.2,31.24,31.24,31.24,31.24,46.49,34.97,,,,,,
2019-09-27 00:00:00+02:00,,29.09,,29.05,48.12,34.59,,31.37,,29.05,29.05,31.01,40.62,49.56,40.62,29.05,29.94,,61.07,47.99,42.39,,23.25,,,,47.99,47.99,,47.99,47.99,47.99,47.99,47.99,40.62,40.62,,,,,29.05,30.01,30.01,31.01,31.01,30.01,57.12,49.56,42.33,51.25,31.01,31.01,31.01,31.01,47.99,37.7,,,,,,
2019-09-27 01:00:00+02:00,,29.09,,27.57,46.7,31.06,,32.2,,27.95,27.95,30.36,36.64,48.89,36.64,27.52,28.16,,60.92,44.17,39.0,,26.85,,,,44.17,44.17,,44.17,44.17,44.17,44.17,44.17,36.64,36.64,,,,,27.74,28.65,28.65,30.36,30.36,28.65,57.12,48.89,38.94,44.19,30.36,30.36,30.36,30.36,44.17,39.0,,,,,,
2019-09-27 02:00:00+02:00,,28.08,,27.0,42.96,30.79,,29.06,,27.9,27.9,29.78,36.31,47.89,36.31,26.76,27.38,,59.78,42.07,36.9,,26.11,,,,42.07,42.07,,42.07,42.07,42.07,42.07,42.07,36.31,36.31,,,,,27.41,29.56,29.56,29.78,29.78,29.56,57.57,47.89,36.84,40.21,29.78,29.78,29.78,29.78,42.07,29.06,,,,,,
2019-09-27 03:00:00+02:00,,28.8,,22.11,42.13,30.95,,28.53,,27.99,27.99,27.99,36.61,47.45,36.61,20.51,24.05,,59.78,42.0,36.98,,22.93,,,,42.0,42.0,,42.0,42.0,42.0,42.0,42.0,36.61,36.61,,,,,24.8,30.61,30.61,30.61,30.61,30.61,57.57,47.45,36.92,39.01,30.61,30.61,30.61,30.61,42.0,28.53,,,,,,
2019-09-27 04:00:00+02:00,,30.05,,20.31,44.31,31.28,,30.16,,28.87,28.87,28.87,37.1,47.4,37.1,17.95,23.52,,60.86,42.0,38.74,,22.1,,,,42.0,42.0,,42.0,42.0,42.0,42.0,42.0,37.1,37.1,,,,,24.26,31.28,31.28,31.28,31.28,31.28,57.13,47.4,38.68,40.01,31.28,31.28,31.28,31.28,42.0,30.16,,,,,,
2019-09-27 05:00:00+02:00,,34.41,,21.93,50.18,33.82,,31.78,,31.9,31.9,31.96,54.99,47.89,54.99,19.24,25.78,,61.19,46.09,49.94,,22.1,,,,46.09,46.09,,46.09,46.09,46.09,46.09,46.09,54.99,54.99,,,,,26.58,31.96,31.96,31.96,31.96,31.96,57.14,47.89,49.86,53.11,31.96,31.96,31.96,31.96,46.09,31.78,,,,,,
2019-09-27 06:00:00+02:00,,42.94,,39.91,53.66,41.87,,56.0,,42.55,42.55,42.55,65.59,48.53,65.59,40.03,40.96,,63.87,67.19,59.73,,25.0,,,,67.19,67.19,,67.19,67.19,67.19,67.19,67.19,63.37,65.59,,,,,41.1,33.51,33.51,33.25,33.25,33.51,63.52,48.53,59.64,63.04,34.94,34.94,34.94,34.94,67.19,56.0,,,,,,
2019-09-27 07:00:00+02:00,,48.37,,48.37,69.54,47.34,,65.4,,48.37,48.37,48.37,71.9,49.55,71.9,48.37,49.51,,68.11,72.04,67.09,,41.07,,,,72.04,72.04,,72.04,72.04,72.04,72.04,72.04,71.9,71.9,,,,,48.37,34.18,34.18,34.18,34.18,34.18,69.75,49.55,66.98,69.36,35.48,35.48,35.48,47.21,72.04,65.4,,,,,,
2019-09-27 08:00:00+02:00,,50.31,,50.31,64.04,48.74,,68.03,,50.31,50.31,50.31,72.28,50.31,72.28,50.31,51.65,,66.33,71.85,68.03,,45.57,,,,71.85,71.85,,71.85,71.85,71.85,71.85,71.85,72.28,72.28,,,,,50.31,34.27,34.27,34.27,34.27,34.27,72.45,50.31,67.92,70.1,35.81,35.81,35.81,49.1,71.85,68.03,,,,,,
2019-09-27 09:00:00+02:00,,50.1,,50.0,61.08,47.85,,66.97,,50.08,50.08,50.08,71.82,50.15,71.82,50.15,51.58,,65.77,71.0,66.97,,52.83,,,,71.0,71.0,,71.0,71.0,71.0,71.0,71.0,71.82,71.82,,,,,50.04,34.18,34.18,34.18,34.18,34.18,71.99,50.15,66.86,68.86,35.7,35.7,35.7,50.08,71.0,66.97,,,,,,
2019-09-27 10:00:00+02:00,,47.9,,44.27,59.72,47.06,,60.7,,47.27,47.27,47.27,71.81,49.55,71.81,49.55,50.73,,65.21,68.0,60.7,,49.0,,,,68.0,68.0,,68.0,68.0,68.0,68.0,68.0,71.81,71.81,,,,,45.87,34.07,34.07,34.07,34.07,34.07,71.99,49.55,60.61,65.81,35.57,35.57,35.57,46.14,68.0,60.7,,,,,,
2019-09-27 11:00:00+02:00,,45.54,,38.24,57.02,47.27,,58.0,,44.14,44.14,44.14,72.28,49.27,72.28,49.27,50.44,,63.83,63.16,58.0,,48.08,,,,63.16,63.16,,63.16,63.16,63.16,63.16,63.16,72.28,72.28,,,,,41.16,33.93,33.93,33.48,33.48,33.93,72.46,49.27,57.91,66.03,35.33,35.33,35.33,44.14,63.16,58.0,,,,,,
2019-09-27 12:00:00+02:00,,46.99,,28.87,46.03,45.08,,55.2,,38.81,38.81,38.81,70.91,48.94,70.91,45.98,47.08,,63.83,51.0,55.2,,44.87,,,,51.0,51.0,,51.0,51.0,51.0,51.0,51.0,70.91,70.91,,,,,34.68,33.57,33.57,33.45,33.45,33.57,71.09,48.94,55.11,67.03,36.2,36.2,36.2,37.88,51.0,55.2,,,,,,
2019-09-27 13:00:00+02:00,,44.1,,28.01,46.05,45.38,,48.22,,35.72,35.72,35.72,70.76,48.94,70.76,41.11,42.08,,63.0,51.0,59.02,,40.11,,,,51.0,51.0,,51.0,51.0,51.0,51.0,51.0,70.76,70.76,,,,,32.7,33.13,33.13,33.19,33.19,33.13,70.93,48.94,58.93,65.74,35.72,35.72,35.72,35.72,51.0,59.02,,,,,,
2019-09-27 14:00:00+02:00,,44.08,,25.0,48.07,44.45,,45.2,,34.46,34.46,34.46,55.04,47.89,55.04,37.08,37.97,,63.33,60.68,60.83,,36.18,,,,60.68,60.68,,60.68,60.68,60.68,60.68,60.68,55.04,55.04,,,,,30.71,32.37,32.37,33.18,33.18,32.37,63.53,47.89,60.74,65.13,34.46,34.46,34.46,34.46,60.68,60.83,,,,,,
2019-09-27 15:00:00+02:00,,42.94,,28.92,57.4,44.38,,45.47,,33.94,33.94,33.94,56.04,47.0,56.04,32.11,32.87,,64.14,67.7,62.61,,31.33,,,,67.7,67.7,,67.7,67.7,67.7,67.7,67.7,56.04,56.04,,,,,31.89,32.94,32.94,33.16,33.16,32.94,65.05,47.0,62.51,67.95,33.94,33.94,33.94,33.94,67.7,62.61,,,,,,
2019-09-27 16:00:00+02:00,,40.98,,27.9,66.37,43.41,,45.52,,36.79,36.79,36.79,64.28,46.49,64.28,32.9,33.69,,68.93,71.85,68.94,,32.1,,,,71.85,71.85,,71.85,71.85,71.85,71.85,71.85,64.28,64.28,,,,,32.67,33.06,33.06,33.13,33.13,33.06,64.45,46.49,68.83,69.49,34.75,34.75,34.75,35.91,71.85,68.81,,,,,,
2019-09-27 17:00:00+02:00,,45.66,,38.15,69.55,43.99,,46.4,,44.8,44.8,44.8,64.66,47.2,64.66,36.24,39.87,,72.25,72.34,70.66,,38.0,,,,72.34,72.34,,72.34,72.34,72.34,72.34,72.34,64.66,64.66,,,,,41.1,33.4,33.4,33.26,33.26,33.4,64.83,47.2,70.55,73.13,35.37,35.37,35.37,43.73,72.34,68.81,,,,,,
2019-09-27 18:00:00+02:00,,46.92,,43.9,70.55,44.12,,46.3,,46.54,46.54,46.54,69.43,47.19,69.43,42.99,45.08,,72.23,74.74,84.53,,42.96,,,,74.74,74.74,,74.74,74.74,74.74,76.25,74.74,69.43,69.43,,,,,45.13,33.36,33.36,33.26,33.26,33.36,69.61,47.19,84.4,78.36,34.78,34.78,34.78,45.43,74.74,67.0,,,,,,
2019-09-27 19:00:00+02:00,,48.38,,48.21,80.06,45.56,,47.9,,48.36,48.36,48.36,73.6,48.75,73.6,48.36,49.51,,83.5,92.7,95.19,,47.18,,,,92.7,92.7,,92.7,92.7,92.7,114.79,92.7,73.6,73.6,,,,,48.29,33.4,33.4,33.34,33.34,33.4,73.79,48.75,95.05,87.07,34.74,34.74,34.74,47.2,92.7,47.9,,,,,,
2019-09-27 20:00:00+02:00,,47.49,,47.49,69.56,43.59,,44.0,,47.49,47.49,47.49,56.05,50.56,56.05,47.49,48.97,,82.6,74.89,75.55,,46.67,,,,74.89,74.89,,74.89,74.89,74.89,113.79,74.89,56.05,56.05,,,,,47.49,33.44,33.44,33.38,33.38,33.44,64.45,50.56,75.44,78.3,34.14,34.14,34.14,46.35,74.89,69.0,,,,,,
2019-09-27 21:00:00+02:00,,35.14,,35.14,61.91,36.02,,36.56,,35.14,35.14,35.14,50.08,50.89,50.08,35.14,41.78,,82.4,72.04,69.57,,40.78,,,,72.04,72.04,,72.04,72.04,72.04,95.25,72.04,50.08,50.08,,,,,35.14,33.22,33.22,33.22,33.22,33.22,60.1,50.89,69.46,71.5,34.08,34.08,34.08,34.3,72.04,63.0,,,,,,
2019-09-27 22:00:00+02:00,,36.01,,32.0,61.91,35.66,,33.04,,34.0,34.0,34.0,45.09,48.59,45.09,35.52,36.37,,78.38,65.0,64.95,,34.66,,,,64.65,64.65,,64.65,64.65,64.65,75.25,64.65,45.09,45.09,,,,,33.08,32.71,32.71,32.71,32.71,32.71,57.48,48.59,64.85,61.93,33.01,33.01,33.01,33.18,65.0,33.04,,,,,,
2019-09-27 23:00:00+02:00,,30.1,,29.91,59.95,34.04,,28.01,,30.07,30.07,31.06,34.02,46.5,34.02,30.2,30.93,,60.92,56.0,54.5,,29.47,,,,56.0,56.0,,56.0,56.0,56.0,62.0,56.0,34.02,34.02,,,,,29.99,31.06,31.06,31.06,31.06,31.06,55.61,46.5,54.42,56.41,31.06,31.06,31.06,31.06,56.0,28.01,,,,,,
2019-09-28 00:00:00+02:00,,26.5,,26.5,69.55,33.69,,27.75,,26.5,26.5,31.55,38.42,49.69,38.42,26.5,27.39,,65.54,60.0,60.47,,26.04,,,,60.0,60.0,,60.0,60.0,60.0,60.0,60.0,38.42,38.42,,,,,26.5,31.55,31.55,31.55,31.55,31.55,54.49,49.69,60.41,58.06,31.55,31.55,31.55,31.55,60.0,27.75,,,,,,
2019-09-28 01:00:00+02:00,,24.73,,21.1,66.71,32.44,,27.26,,24.5,24.5,31.22,31.22,49.16,31.22,20.17,21.88,,61.04,56.0,51.73,,20.8,,,,56.0,62.83,,56.0,62.83,62.83,62.83,62.83,31.22,31.22,,,,,22.5,30.86,30.86,31.22,31.22,30.86,54.38,49.16,51.68,51.04,31.22,31.22,31.22,31.22,56.0,27.26,,,,,,
2019-09-28 02:00:00+02:00,,23.13,,22.1,50.2,31.19,,24.98,,23.0,23.0,29.85,29.85,48.89,29.85,21.79,22.37,,60.75,49.28,44.86,,19.95,,,,49.28,53.93,,49.28,53.93,53.93,53.93,53.93,29.85,29.85,,,,,23.0,29.62,29.62,29.85,29.85,29.62,54.46,48.89,44.82,46.54,29.85,29.85,29.85,29.85,49.28,24.98,,,,,,
2019-09-28 03:00:00+02:00,,23.02,,19.15,50.2,31.09,,24.57,,22.78,22.78,28.79,28.79,48.03,28.79,18.2,19.83,,60.67,46.95,42.26,,16.8,,,,46.95,49.06,,46.95,49.06,49.06,49.06,49.06,28.79,28.79,,,,,20.64,27.86,27.86,28.79,28.79,27.86,54.51,48.03,42.21,42.09,28.79,28.79,28.79,28.79,46.95,24.57,,,,,,
2019-09-28 04:00:00+02:00,,23.56,,16.75,50.18,30.39,,24.75,,22.94,22.94,28.86,28.86,47.89,28.86,14.86,17.24,,60.73,46.16,42.14,,16.39,,,,46.16,49.06,,46.16,49.06,49.06,49.06,49.06,28.86,28.86,,,,,20.86,28.09,28.09,28.86,28.86,28.09,54.74,47.89,42.1,42.08,28.86,28.86,28.86,28.86,46.16,24.75,,,,,,
2019-09-28 05:00:00+02:00,,23.57,,17.17,50.91,32.32,,26.47,,22.73,22.73,30.45,31.07,47.95,31.07,15.22,17.67,,61.12,49.06,48.38,,16.8,,,,49.06,49.06,,49.06,49.06,49.06,49.06,49.06,31.07,31.07,,,,,22.73,28.27,28.27,30.45,30.45,28.27,54.19,47.95,48.33,47.06,30.45,30.45,30.45,30.45,49.06,26.47,,,,,,
2019-09-28 06:00:00+02:00,,26.06,,24.01,69.54,33.6,,28.92,,25.94,25.94,29.77,44.08,44.4,44.08,23.5,24.12,,61.22,56.77,53.6,,19.64,,,,56.77,56.77,,56.77,56.77,56.77,56.77,56.77,44.08,44.08,,,,,24.8,28.1,28.1,29.77,29.77,28.1,54.15,44.4,53.54,54.03,29.77,29.77,29.77,29.77,56.77,28.92,,,,,,
2019-09-28 07:00:00+02:00,,27.46,,27.46,69.55,35.51,,33.58,,27.46,27.46,27.46,46.1,44.4,46.1,27.46,28.19,,65.68,60.21,58.06,,26.53,,,,60.21,60.21,,60.21,60.21,60.21,60.21,60.21,46.1,46.1,,,,,27.46,29.61,29.61,30.01,30.01,29.61,54.77,44.4,58.0,59.59,30.01,30.01,30.01,30.01,60.21,55.0,,,,,,
2019-09-28 08:00:00+02:00,,33.2,,33.2,65.55,36.4,,35.03,,33.2,33.2,33.2,48.45,44.4,48.45,33.2,34.18,,68.93,61.0,60.47,,32.49,,,,61.0,61.0,,61.0,61.0,61.0,61.0,61.0,48.45,48.45,,,,,33.2,31.41,31.41,32.41,32.41,31.41,57.45,44.4,60.41,64.01,32.92,32.92,32.92,32.92,61.0,60.47,,,,,,
2019-09-28 09:00:00+02:00,,34.58,,34.58,57.2,36.43,,37.26,,34.58,34.58,33.36,50.06,48.89,50.06,34.58,36.08,,68.93,59.3,62.02,,34.3,,,,59.3,59.3,,59.3,59.3,59.3,59.3,59.3,50.06,50.06,,,,,34.58,32.99,32.99,32.99,32.99,32.99,57.62,48.89,61.96,63.55,33.36,33.36,33.36,33.36,59.3,62.02,,,,,,
2019-09-28 10:00:00+02:00,,31.1,,30.06,57.27,36.52,,37.15,,30.11,30.88,32.1,50.09,47.52,50.09,31.83,42.96,,69.0,53.0,59.4,,41.83,,,,53.0,53.0,,53.0,53.0,53.0,53.0,53.0,50.09,50.09,,,,,33.16,32.1,32.1,32.1,32.1,32.1,59.44,47.52,59.34,63.34,32.1,32.1,32.1,32.1,53.0,59.4,,,,,,
2019-09-28 11:00:00+02:00,,36.71,,25.6,57.28,36.99,,37.97,,25.7,31.38,31.38,49.05,44.95,49.05,31.85,39.47,,68.94,47.56,62.16,,38.43,,,,47.56,47.56,,47.56,47.56,47.56,47.56,47.56,49.05,49.05,,,,,32.42,31.38,31.38,31.68,31.68,31.38,58.35,44.95,62.1,66.08,31.68,31.68,31.68,31.68,47.56,62.16,,,,,,
2019-09-28 12:00:00+02:00,,26.09,,5.09,55.02,35.76,,36.3,,14.06,30.83,30.83,48.87,46.14,48.87,34.94,35.87,,69.0,41.04,62.02,,36.63,,,,41.04,41.04,,41.04,41.04,41.04,41.04,41.04,48.87,48.87,,,,,30.83,30.83,30.83,31.43,31.43,30.83,57.09,46.14,61.96,68.06,31.43,31.43,31.43,31.43,41.04,62.02,,,,,,
2019-09-28 13:00:00+02:00,,23.57,,4.09,55.07,35.67,,34.3,,-1.56,29.32,29.32,49.14,46.79,49.14,20.89,36.09,,68.93,39.84,58.1,,36.85,,,,39.84,39.84,,39.84,39.84,39.84,39.84,39.84,49.14,49.14,,,,,29.32,30.29,30.29,31.25,31.25,30.29,56.84,46.79,58.04,68.05,31.25,31.25,31.25,31.25,39.84,58.1,,,,,,
2019-09-28 14:00:00+02:00,,23.58,,10.0,57.28,35.01,,33.5,,-2.77,29.04,29.04,48.93,43.82,48.93,13.63,35.03,,65.44,39.0,57.5,,36.63,,,,39.0,39.0,,39.0,39.0,39.0,39.0,39.0,48.93,48.93,,,,,29.04,30.0,30.0,31.09,31.09,30.0,56.4,43.82,57.45,67.3,31.09,31.09,31.09,31.09,39.0,57.5,,,,,,
2019-09-28 15:00:00+02:00,,25.09,,14.39,57.29,35.24,,32.78,,10.27,28.98,28.98,48.05,39.12,48.05,15.55,37.12,,61.18,39.61,56.47,,38.82,,,,39.61,39.61,,39.61,39.61,39.61,39.61,39.61,48.05,48.05,,,,,28.98,29.94,29.94,31.05,31.05,29.94,56.26,39.12,56.42,66.03,31.05,31.05,31.05,31.05,39.61,56.47,,,,,,
2019-09-28 16:00:00+02:00,,26.09,,23.91,63.2,34.31,,33.94,,23.0,27.12,31.36,46.06,37.83,46.06,24.0,35.03,,60.5,45.48,58.09,,36.63,,,,45.48,45.48,,45.48,45.48,45.48,45.48,45.48,46.06,46.06,,,,,27.12,30.74,30.74,31.36,31.36,30.74,56.94,37.83,58.03,66.0,31.36,31.36,31.36,31.36,45.48,58.09,,,,,,
2019-09-28 17:00:00+02:00,,32.28,,32.28,64.04,35.17,,38.0,,32.28,32.28,32.28,50.04,38.0,50.04,32.28,39.93,,63.7,52.01,59.0,,41.75,,,,52.01,52.01,,52.01,52.01,52.01,65.68,52.01,50.04,50.04,,,,,32.28,32.28,32.28,32.28,32.28,32.28,57.47,38.0,58.94,62.29,32.28,32.28,32.28,32.28,52.01,59.0,,,,,,
2019-09-28 18:00:00+02:00,,38.19,,38.19,61.66,36.03,,38.62,,38.19,38.19,38.19,58.42,40.25,58.42,38.19,45.66,,65.83,60.0,66.34,,47.75,,,,60.0,60.0,,60.0,60.0,60.0,85.31,60.0,58.42,58.42,,,,,38.19,33.61,33.61,33.31,33.31,33.61,61.09,40.25,66.28,71.93,33.61,33.61,33.61,33.61,60.0,65.0,,,,,,
2019-09-28 19:00:00+02:00,,43.69,,43.69,62.83,38.79,,44.0,,43.69,43.69,43.69,55.61,46.25,55.61,43.69,56.4,,65.79,72.12,76.27,,57.58,,,,72.12,72.12,,72.12,72.12,72.12,113.79,72.12,55.61,55.61,,,,,43.69,33.91,33.91,33.35,33.35,33.91,63.92,46.25,76.2,79.01,33.91,33.91,33.91,33.91,72.12,76.27,,,,,,
2019-09-28 20:00:00+02:00,,37.85,,39.14,57.28,37.97,,40.0,,33.4,33.4,32.91,50.02,49.81,50.02,41.59,65.99,,66.2,72.04,69.32,,67.37,,,,72.04,72.04,,72.04,72.04,72.04,104.31,72.04,50.02,50.02,,,,,34.9,32.91,32.91,32.91,32.91,32.91,63.05,49.81,69.26,71.36,32.91,32.91,32.91,32.91,72.04,69.32,,,,,,
2019-09-28 21:00:00+02:00,,32.07,,36.31,50.42,35.17,,31.6,,26.1,26.1,26.59,50.04,50.14,50.04,36.31,57.53,,60.34,60.0,60.47,,58.73,,,,60.0,62.83,,60.0,62.83,62.83,92.31,62.83,50.04,50.04,,,,,30.12,30.5,30.5,30.5,30.5,30.5,57.14,50.14,60.42,62.08,30.5,30.5,30.5,30.5,60.0,60.47,,,,,,
2019-09-28 22:00:00+02:00,,33.87,,41.54,42.9,35.22,,30.3,,22.99,23.83,23.83,46.06,48.76,46.06,41.54,48.71,,59.6,53.99,54.31,,47.4,,,,53.99,53.99,,53.99,53.99,53.99,72.81,53.99,46.06,46.06,,,,,30.68,29.7,29.7,29.7,29.7,29.7,54.77,48.76,50.31,58.09,29.7,29.7,29.7,29.7,53.99,30.3,,,,,,
2019-09-28 23:00:00+02:00,,24.55,,12.38,35.59,33.05,,26.66,,19.38,29.85,29.85,37.37,43.26,37.37,39.1,44.1,,59.3,41.0,43.93,,42.91,,,,42.0,42.0,,42.0,42.0,42.0,60.81,42.0,37.37,37.37,,,,,30.83,29.85,29.85,29.85,29.85,29.85,53.06,43.26,43.85,54.06,29.85,29.85,29.85,29.85,41.0,26.66,,,,,,
2019-09-29 00:00:00+02:00,,25.05,,13.85,35.04,27.6,,16.75,,-2.97,0.04,0.04,30.73,48.69,30.73,24.44,52.79,,61.02,42.99,42.8,,48.05,,,,42.99,42.99,,42.99,39.76,42.99,56.0,42.99,30.73,30.73,,,,,31.75,30.73,30.73,30.73,30.73,30.73,50.95,48.69,42.8,48.58,30.73,30.73,30.73,30.73,42.99,16.75,,,,,,
2019-09-29 01:00:00+02:00,,25.09,,14.19,22.54,25.52,,19.77,,1.19,1.19,1.19,30.09,44.14,30.09,24.4,39.49,,59.32,40.1,24.0,,37.5,,,,40.1,40.1,,40.1,37.78,40.1,44.01,40.1,30.09,30.09,,,,,31.08,30.09,30.09,30.09,30.09,30.09,49.22,44.14,24.0,35.93,30.09,30.09,30.09,30.09,40.1,19.77,,,,,,
2019-09-29 02:00:00+02:00,,24.1,,18.31,22.53,23.87,,19.88,,12.79,12.79,12.79,28.59,40.5,28.59,18.31,29.18,,58.91,39.0,21.74,,27.71,,,,39.0,39.0,,39.0,37.78,39.0,37.78,39.0,28.59,28.59,,,,,28.2,28.59,28.59,28.59,28.59,28.59,47.51,40.5,21.75,29.02,28.59,28.59,28.59,28.59,39.0,19.88,,,,,,
2019-09-29 03:00:00+02:00,,14.38,,17.4,22.53,16.98,,13.16,,13.15,13.15,13.15,27.44,36.01,27.44,16.16,23.81,,48.84,38.06,20.0,,22.71,,,,38.06,38.06,,38.06,37.77,38.06,37.77,38.06,27.44,27.44,,,,,23.0,27.44,27.44,27.44,27.44,27.44,40.77,36.01,20.0,28.03,27.44,27.44,27.44,27.44,38.06,13.16,,,,,,
2019-09-29 04:00:00+02:00,,14.39,,15.49,22.53,16.94,,14.5,,13.96,13.96,13.96,28.53,35.26,28.53,15.01,18.18,,49.0,38.36,21.05,,19.0,,,,38.36,38.36,,38.36,37.77,38.36,37.77,38.36,28.53,28.53,,,,,17.57,27.72,27.72,27.72,27.72,27.72,45.14,35.26,21.05,27.04,27.72,27.72,27.72,27.72,38.36,14.5,,,,,,
2019-09-29 05:00:00+02:00,,13.08,,13.08,22.54,20.42,,13.0,,13.08,13.08,13.08,29.05,35.26,29.05,13.08,13.54,,54.06,38.63,25.18,,14.15,,,,38.63,38.63,,38.63,37.77,38.63,37.77,38.63,29.05,29.05,,,,,13.08,28.36,28.36,28.36,28.36,28.36,45.5,35.26,25.19,29.31,28.36,28.36,28.36,28.36,38.63,13.0,,,,,,
2019-09-29 06:00:00+02:00,,20.06,,18.04,34.22,25.15,,16.93,,18.11,18.11,18.11,28.85,35.92,28.85,18.11,18.62,,55.0,42.06,29.73,,19.45,,,,42.06,42.06,,42.06,39.66,42.06,39.66,42.06,28.85,28.85,,,,,18.11,28.85,28.85,28.85,28.85,28.85,29.12,35.92,29.73,32.97,28.85,28.85,28.85,28.85,42.06,16.93,,,,,,
2019-09-29 07:00:00+02:00,,22.43,,16.41,40.19,28.01,,17.97,,22.43,23.09,23.09,30.04,36.77,30.04,19.7,22.49,,59.35,45.06,41.55,,22.21,,,,45.06,45.06,,45.06,39.76,45.06,39.76,45.06,30.04,30.04,,,,,23.09,29.53,29.53,29.53,29.53,29.53,45.4,36.77,41.55,46.98,29.53,29.53,29.53,29.53,45.06,17.97,,,,,,
2019-09-29 08:00:00+02:00,,22.73,,22.69,40.27,30.82,,22.6,,22.48,24.96,24.96,42.15,38.44,42.15,22.48,23.39,,56.97,43.2,48.23,,22.21,,,,43.2,43.2,,43.2,39.76,43.2,39.76,43.2,42.15,42.15,,,,,24.02,30.36,30.36,30.36,30.36,30.36,48.44,38.44,48.23,56.68,30.36,30.36,30.36,30.36,43.2,22.6,,,,,,
2019-09-29 09:00:00+02:00,,25.04,,24.27,35.2,30.94,,25.7,,23.49,31.5,31.5,44.58,40.96,44.58,23.49,27.56,,58.0,44.34,51.59,,26.8,,,,44.34,44.34,,44.34,39.76,44.34,39.76,44.34,44.58,44.58,,,,,26.62,31.5,31.5,31.5,31.5,31.5,48.11,40.96,51.6,58.06,31.5,31.5,31.5,31.5,44.34,48.9,,,,,,
2019-09-29 10:00:00+02:00,,20.04,,19.0,44.02,23.89,,24.53,,18.13,32.01,32.01,45.84,41.5,45.84,18.13,42.16,,57.69,47.99,50.96,,39.39,,,,47.99,47.99,,47.99,39.66,47.99,39.66,47.99,45.84,45.84,,,,,32.01,32.01,32.01,32.01,32.01,32.01,49.06,41.5,50.97,58.08,32.01,32.01,32.01,32.01,47.99,49.9,,,,,,
2019-09-29 11:00:00+02:00,,24.0,,21.17,46.03,23.73,,24.53,,18.02,31.9,31.9,45.63,40.95,45.63,20.38,49.59,,54.77,42.63,50.0,,46.06,,,,42.63,42.63,,42.63,39.66,42.63,39.66,42.63,45.63,45.63,,,,,30.88,31.9,31.9,31.9,31.9,31.9,48.99,40.95,50.0,58.05,31.9,31.9,31.9,31.9,42.63,49.2,,,,,,
2019-09-29 12:00:00+02:00,,25.02,,13.64,38.1,25.84,,20.13,,7.22,31.8,31.8,44.81,40.95,44.81,15.01,43.87,,45.05,39.65,41.98,,42.66,,,,39.65,39.65,,39.65,39.65,39.65,39.65,39.65,44.81,44.81,,,,,31.8,31.8,31.8,31.8,31.8,31.8,47.73,40.95,41.98,58.02,31.8,31.8,31.8,31.8,39.65,20.13,,,,,,
2019-09-29 13:00:00+02:00,,17.09,,9.13,37.4,19.15,,12.27,,-0.33,31.63,31.63,45.67,42.08,45.67,10.61,46.17,,35.9,37.65,41.06,,43.83,,,,37.65,37.65,,37.65,37.65,37.65,37.65,37.65,45.67,45.67,,,,,31.63,31.63,31.63,31.63,31.63,31.63,46.1,42.08,41.06,52.68,31.63,31.63,31.63,31.63,37.65,12.27,,,,,,
2019-09-29 14:00:00+02:00,,-6.78,,-1.83,48.32,15.08,,10.01,,-12.77,31.65,31.65,44.59,40.94,44.59,1.79,40.63,,35.0,36.44,41.03,,41.0,,,,36.44,36.44,,36.44,36.44,36.44,36.44,36.44,44.59,44.59,,,,,31.65,31.65,31.65,31.65,31.65,31.65,47.41,40.94,41.04,52.67,31.65,31.65,31.65,31.65,36.44,10.01,,,,,,
2019-09-29 15:00:00+02:00,,-5.87,,3.89,52.67,15.1,,10.8,,-10.92,31.55,31.55,44.56,35.42,44.56,0.82,38.24,,44.0,38.53,44.07,,37.18,,,,38.53,38.53,,38.53,35.0,38.53,35.0,38.53,44.56,44.56,,,,,31.55,31.55,31.55,31.55,31.55,31.55,47.69,35.42,44.08,52.91,31.55,31.55,31.55,31.55,38.53,10.8,,,,,,
2019-09-29 16:00:00+02:00,,2.57,,9.26,53.7,21.96,,18.5,,-0.47,31.72,31.72,46.01,35.26,46.01,6.3,33.76,,54.91,40.58,49.91,,32.15,,,,40.58,40.58,,40.58,40.58,40.58,40.58,40.58,46.01,46.01,,,,,31.72,31.72,31.72,31.72,31.72,31.72,47.49,35.26,49.91,58.02,31.72,31.72,31.72,31.72,40.58,18.5,,,,,,
2019-09-29 17:00:00+02:00,,30.02,,14.08,54.33,29.06,,24.51,,6.83,32.44,32.44,46.28,36.01,46.28,12.59,40.56,,59.4,43.2,57.89,,38.49,,,,43.2,43.2,,43.2,43.2,43.2,43.2,43.2,46.28,46.28,,,,,32.44,32.44,32.44,32.44,32.44,32.44,46.73,36.01,57.9,58.09,32.44,32.44,32.44,32.44,43.2,24.51,,,,,,
2019-09-29 18:00:00+02:00,,30.01,,20.21,66.39,33.66,,55.0,,16.58,33.45,33.45,52.35,40.95,52.35,19.54,45.67,,60.72,55.0,67.15,,44.4,,,,55.0,55.0,,55.0,55.0,55.0,58.87,55.0,52.35,52.35,,,,,33.45,33.45,33.45,33.45,33.45,33.45,52.85,40.95,67.16,61.39,33.45,33.45,33.45,33.45,55.0,55.0,,,,,,
2019-09-29 19:00:00+02:00,,28.9,,31.2,92.36,35.28,,79.0,,28.0,34.13,34.13,53.29,49.11,53.29,30.23,51.19,,65.0,110.03,99.0,,52.2,,,,69.22,69.22,,69.22,69.22,69.22,82.0,69.22,53.29,53.29,,,,,36.81,34.13,34.13,34.13,34.13,34.13,60.22,49.11,99.02,74.98,34.13,34.13,34.13,34.13,69.22,79.0,,,,,,
2019-09-29 20:00:00+02:00,,26.91,,30.74,60.04,33.93,,54.03,,25.48,33.83,33.83,46.04,52.98,46.04,29.08,65.14,,62.5,65.0,72.52,,65.13,,,,65.0,65.0,,65.0,65.0,65.0,85.95,65.0,46.04,46.04,,,,,38.0,33.83,33.83,33.83,33.83,33.83,54.59,52.98,72.54,69.45,33.83,33.83,33.83,33.83,65.0,57.0,,,,,,
2019-09-29 21:00:00+02:00,,25.01,,22.51,52.77,32.71,,34.0,,13.97,32.91,32.91,44.23,56.86,44.23,20.21,52.0,,59.4,60.85,60.67,,54.31,,,,60.85,60.85,,60.85,60.85,60.85,81.92,60.85,32.91,44.23,,,,,34.0,32.91,32.91,32.91,32.91,32.91,53.98,56.86,60.68,58.59,32.91,32.91,32.91,32.91,60.85,53.1,,,,,,
2019-09-29 22:00:00+02:00,,30.06,,20.71,52.69,29.93,,46.0,,13.92,31.94,31.94,31.94,54.5,31.94,21.8,45.11,,56.0,52.0,52.21,,46.0,,,,52.0,52.0,,52.0,52.0,52.0,54.87,52.0,31.94,31.94,,,,,33.0,31.94,31.94,31.94,31.94,31.94,48.88,54.5,52.21,58.01,31.94,31.94,31.94,31.94,52.0,46.0,,,,,,
2019-09-29 23:00:00+02:00,,25.09,,6.11,50.16,27.25,,24.57,,3.99,29.7,29.7,29.7,50.29,29.7,25.41,38.32,,58.98,39.76,27.58,,39.08,,,,39.76,39.76,,39.76,39.76,39.76,47.34,39.76,29.7,29.7,,,,,29.7,29.7,29.7,29.7,29.7,29.7,48.27,50.29,27.59,47.14,29.7,29.7,29.7,29.7,39.76,24.57,,,,,,
2019-09-30 00:00:00+02:00,,29.4,,16.08,41.37,26.36,,20.44,,5.07,28.76,28.76,28.76,50.29,28.76,14.81,49.68,,59.3,40.0,25.66,,49.23,,,,40.0,40.0,,40.0,40.0,40.0,40.0,40.0,28.76,28.76,,,,,24.5,28.76,28.76,28.76,28.76,28.76,48.16,50.29,25.66,45.07,28.76,28.76,28.76,28.76,40.0,20.44,,,,,,
2019-09-30 01:00:00+02:00,,28.06,,10.88,38.34,20.91,,21.25,,-3.93,27.32,27.32,27.32,48.39,27.32,11.84,38.1,,53.4,35.03,21.25,,39.79,,,,35.03,35.03,,35.03,35.03,35.03,35.03,35.03,27.32,27.32,,,,,23.0,27.32,27.32,27.32,27.32,27.32,45.79,48.39,21.25,37.96,27.32,27.32,27.32,27.32,35.03,21.25,,,,,,
2019-09-30 02:00:00+02:00,,29.37,,-10.0,22.55,20.32,,14.0,,-24.32,26.83,26.83,26.83,46.78,26.83,10.2,33.15,,59.98,30.99,15.0,,33.81,,,,30.99,30.99,,30.99,30.99,30.99,30.99,30.99,26.83,26.83,,,,,24.4,26.83,26.83,26.83,26.83,26.83,43.57,46.78,15.0,30.07,26.83,26.83,26.83,26.83,30.99,15.0,,,,,,
2019-09-30 03:00:00+02:00,,27.21,,-11.9,37.31,18.28,,14.0,,-37.29,25.2,27.13,27.13,45.79,27.13,7.07,32.7,,59.98,30.5,14.0,,33.36,,,,30.5,30.5,,30.5,30.5,30.5,30.5,30.5,27.13,27.13,,,,,25.2,27.13,27.13,27.13,27.13,27.13,39.91,45.79,14.0,30.1,27.13,27.13,27.13,27.13,30.5,14.0,,,,,,
2019-09-30 04:00:00+02:00,,28.02,,-8.5,50.17,19.38,,17.75,,-32.38,24.9,27.97,27.97,44.45,27.97,7.55,30.94,,60.64,31.0,21.03,,31.56,,,,31.0,31.0,,31.0,31.0,31.0,31.0,31.0,27.97,27.97,,,,,24.9,27.97,27.97,27.97,27.97,27.97,45.8,44.45,21.03,30.09,27.97,27.97,27.97,27.97,31.0,17.75,,,,,,
2019-09-30 05:00:00+02:00,,30.04,,13.87,69.57,27.2,,20.71,,-0.49,24.0,31.21,31.21,45.01,31.21,15.58,34.93,,61.23,37.49,39.39,,35.65,,,,37.49,37.49,,37.49,37.49,37.49,37.49,37.49,31.21,31.21,,,,,24.0,31.21,31.21,31.21,31.21,31.21,48.16,45.01,58.95,43.38,31.21,31.21,31.21,31.21,37.49,39.39,,,,,,
2019-09-30 06:00:00+02:00,,43.92,,29.39,85.04,35.0,,42.0,,29.9,29.9,33.41,47.12,47.27,49.29,32.66,40.6,,61.02,71.69,67.15,,40.29,,,,52.81,52.81,,52.81,52.81,52.81,52.81,52.81,44.59,44.59,,,,,29.9,33.41,33.41,33.41,32.52,33.41,54.3,47.27,67.16,56.97,33.41,33.41,33.41,33.41,71.69,42.0,,,,,,
2019-09-30 07:00:00+02:00,,46.55,,45.78,69.58,43.1,,39.0,,45.33,45.33,45.33,57.55,51.25,55.38,46.02,47.27,,65.98,65.0,63.08,,42.14,,,,65.0,65.0,,65.0,65.0,65.0,65.0,65.0,57.55,57.55,,,,,45.7,34.57,34.57,34.57,32.67,34.57,58.12,51.25,63.09,68.02,34.57,34.57,34.57,45.33,65.0,58.2,,,,,,
2019-09-30 08:00:00+02:00,,46.92,,44.02,69.55,49.09,,38.33,,40.33,40.33,40.33,59.21,52.13,59.21,46.46,45.51,,65.81,70.0,66.08,,44.31,,,,70.0,70.0,,70.0,70.0,70.0,85.96,70.0,59.21,59.21,,,,,44.02,35.38,35.38,36.52,32.86,35.38,59.79,52.13,66.08,67.7,36.52,36.52,36.52,40.33,70.0,60.8,,,,,,
2019-09-30 09:00:00+02:00,,44.0,,48.42,62.93,48.9,,36.8,,29.21,29.21,34.16,59.85,52.04,59.85,48.76,50.06,,65.7,64.8,64.87,,51.12,,,,64.0,64.0,,64.8,64.0,64.0,116.96,64.0,59.85,59.85,,,,,48.42,34.16,34.16,34.16,32.82,34.16,60.44,52.04,64.87,68.83,34.16,34.16,34.16,34.16,64.8,61.7,,,,,,
2019-09-30 10:00:00+02:00,,43.92,,37.5,48.61,49.12,,32.0,,28.21,28.21,34.33,58.82,51.5,58.82,47.97,49.24,,64.33,59.88,58.94,,47.95,,,,59.81,59.81,,59.88,59.81,59.81,89.96,59.81,58.82,58.82,,,,,31.0,33.95,33.95,34.33,32.78,33.95,59.4,51.5,58.94,66.95,34.33,34.33,34.33,34.33,59.88,58.94,,,,,,
2019-09-30 11:00:00+02:00,,37.56,,35.13,46.34,49.14,,31.62,,25.41,25.41,33.83,58.27,50.29,58.27,46.54,47.76,,63.9,59.88,60.04,,45.42,,,,45.25,45.25,,59.88,45.25,45.25,61.96,45.25,58.27,58.27,,,,,28.2,33.83,33.83,33.83,32.69,33.83,59.35,50.29,60.04,68.08,33.83,33.83,33.83,33.83,59.88,60.04,,,,,,
2019-09-30 12:00:00+02:00,,43.97,,29.67,62.9,46.08,,38.0,,11.82,11.82,33.81,55.39,50.29,55.39,45.02,46.19,,64.06,47.72,58.07,,43.03,,,,42.22,42.22,,47.72,42.22,42.22,71.0,42.22,55.39,55.39,,,,,24.5,33.81,33.81,33.81,32.57,33.81,55.93,50.29,58.07,68.08,33.81,33.81,33.81,33.81,47.72,58.07,,,,,,
2019-09-30 13:00:00+02:00,,43.93,,28.82,62.93,43.21,,37.55,,12.99,12.99,33.73,54.3,50.29,54.3,40.08,41.11,,61.02,50.97,56.0,,40.0,,,,42.22,41.51,,50.97,41.51,41.51,71.0,41.51,54.3,54.3,,,,,27.4,33.73,33.73,33.73,32.49,33.73,54.84,50.29,56.0,68.01,33.73,33.73,33.73,33.73,50.97,56.0,,,,,,
2019-09-30 14:00:00+02:00,,43.9,,30.08,69.54,41.6,,35.67,,6.9,6.9,33.57,47.77,49.45,47.77,36.91,37.85,,59.3,55.8,58.15,,36.01,,,,55.8,41.74,,55.8,41.74,41.74,61.0,41.74,47.77,47.77,,,,,28.2,33.57,33.57,33.57,32.47,33.57,51.84,49.45,58.15,65.98,33.57,33.57,33.57,33.57,55.8,54.8,,,,,,
2019-09-30 15:00:00+02:00,,43.93,,33.78,69.54,42.13,,36.87,,25.32,25.32,33.28,49.97,47.33,49.97,33.88,34.74,,61.13,65.0,59.19,,33.06,,,,45.82,45.82,,65.0,45.82,45.82,71.0,45.82,49.97,49.97,,,,,33.64,33.28,33.28,33.28,32.46,33.28,50.46,47.33,59.18,64.94,33.28,33.28,33.28,33.28,65.0,54.0,,,,,,
2019-09-30 16:00:00+02:00,,43.92,,40.3,69.54,42.03,,40.0,,26.62,26.62,33.49,52.46,47.32,52.46,40.3,41.44,,65.88,67.92,67.08,,39.44,,,,67.92,61.69,,67.92,61.69,61.69,71.0,61.69,52.46,52.46,,,,,40.13,33.49,33.49,33.49,32.43,33.49,52.98,47.32,67.08,66.97,33.49,33.49,33.49,33.49,67.92,53.8,,,,,,
2019-09-30 17:00:00+02:00,,43.94,,48.0,69.57,43.43,,43.53,,41.39,41.39,34.52,52.57,47.98,52.57,47.05,52.56,,71.9,70.24,68.09,,50.03,,,,70.24,70.24,,70.24,70.24,70.24,70.24,70.24,52.57,52.57,,,,,50.92,34.52,34.52,34.52,32.4,34.52,53.09,47.98,68.09,69.05,34.52,34.52,34.52,34.52,70.24,54.2,,,,,,
2019-09-30 18:00:00+02:00,,50.66,,51.42,69.57,49.91,,48.33,,50.18,34.83,34.83,57.56,51.13,57.56,51.13,56.92,,78.82,70.53,73.47,,54.2,,,,70.53,70.53,,70.53,70.53,70.53,76.96,70.53,57.56,57.56,,,,,55.15,34.83,34.83,34.83,32.39,34.83,58.13,51.13,73.46,73.18,34.83,34.83,34.83,34.83,70.53,58.8,,,,,,
2019-09-30 19:00:00+02:00,,64.37,,64.37,69.57,54.24,,55.0,,64.37,35.13,35.13,57.23,52.6,57.23,64.37,66.16,,81.4,84.99,89.5,,63.0,,,,77.73,77.73,,77.73,77.73,77.73,114.79,77.73,57.23,57.23,,,,,64.37,35.13,35.13,35.13,32.4,35.13,57.8,52.6,89.5,84.07,35.13,35.13,35.13,35.13,84.99,59.1,,,,,,
2019-09-30 20:00:00+02:00,,57.34,,57.34,69.56,52.93,,51.0,,57.34,35.03,35.03,43.67,56.74,43.67,57.34,59.16,,72.24,70.94,73.02,,57.72,,,,70.94,70.94,,70.94,70.94,70.94,95.39,70.94,35.03,43.67,,,,,57.34,35.03,35.03,35.03,32.43,35.03,53.9,56.74,73.01,77.52,35.03,35.03,35.03,35.03,70.94,56.0,,,,,,
2019-09-30 21:00:00+02:00,,49.27,,49.27,62.93,46.64,,43.8,,49.27,34.38,34.38,43.61,51.75,43.61,49.27,50.47,,68.6,65.0,63.1,,49.25,,,,65.0,65.0,,65.0,65.0,65.0,75.96,65.0,34.38,43.61,,,,,49.27,34.38,34.38,34.38,32.39,34.38,51.38,51.75,63.09,66.92,34.38,34.38,34.38,34.38,65.0,43.8,,,,,,
2019-09-30 22:00:00+02:00,,44.58,,44.58,69.56,43.1,,39.0,,44.58,33.67,33.67,33.83,47.95,33.83,44.58,43.57,,63.82,65.0,59.36,,42.33,,,,65.0,65.0,,65.0,65.0,65.0,72.9,65.0,33.67,33.83,,,,,44.58,33.67,33.67,33.67,32.37,33.67,48.45,47.95,59.35,62.74,33.67,33.67,33.67,33.67,65.0,39.0,,,,,,
2019-09-30 23:00:00+02:00,,34.6,,34.6,61.75,39.29,,30.94,,34.6,32.2,32.2,32.2,46.83,32.2,34.6,33.81,,70.47,51.1,46.78,,33.0,,,,51.1,51.1,,51.1,51.1,51.1,71.0,51.1,32.2,32.2,,,,,34.6,32.2,32.2,32.2,32.2,32.2,49.04,46.83,46.78,54.41,32.2,32.2,32.2,32.2,51.1,46.0,,,,,,
2019-10-01 00:00:00+02:00,,33.09,,33.09,45.79,34.42,,32.13,,33.09,32.08,32.08,32.08,50.59,32.08,33.09,33.77,,70.28,44.48,57.45,,32.29,,,,44.48,44.48,,44.48,44.48,44.48,44.48,44.48,32.08,32.08,,,,,33.09,32.08,32.08,32.08,32.08,32.08,44.78,50.59,57.44,56.23,32.08,32.08,32.08,32.08,44.48,32.13,,,,,,
2019-10-01 01:00:00+02:00,,31.83,,28.58,44.75,32.89,,31.01,,31.58,31.26,31.26,31.26,49.75,31.26,27.72,29.26,,66.08,45.56,52.0,,27.97,,,,45.56,45.56,,45.56,45.56,45.56,45.56,45.56,31.26,31.26,,,,,30.26,31.26,31.26,31.26,31.26,31.26,45.8,49.75,52.0,48.45,31.26,31.26,31.26,31.26,45.56,52.0,,,,,,
2019-10-01 02:00:00+02:00,,30.5,,24.67,42.07,31.71,,29.85,,30.04,30.04,30.04,30.04,48.45,30.04,23.12,25.25,,66.08,43.44,48.12,,24.73,,,,43.44,43.44,,43.44,43.44,43.44,43.44,43.44,30.04,30.04,,,,,27.66,30.04,30.04,30.04,30.04,30.04,45.27,48.45,48.12,44.03,30.04,30.04,30.04,30.04,43.44,48.12,,,,,,
2019-10-01 03:00:00+02:00,,30.2,,-1.81,42.76,31.29,,29.53,,30.2,30.2,30.2,30.2,45.06,30.2,16.46,25.25,,65.8,43.11,48.87,,24.73,,,,43.11,43.11,,43.11,43.11,43.11,43.11,43.11,30.2,30.2,,,,,30.2,30.2,30.2,30.2,30.2,30.2,45.81,45.06,48.86,44.06,30.2,30.2,30.2,30.2,43.11,48.87,,,,,,
2019-10-01 04:00:00+02:00,,30.57,,16.29,43.8,32.43,,30.75,,30.13,30.13,30.13,30.13,44.07,30.13,15.66,24.94,,66.08,43.5,52.99,,24.44,,,,43.5,43.5,,43.5,43.5,43.5,43.5,43.5,30.13,30.13,,,,,25.8,30.81,30.81,30.64,30.64,30.81,50.01,44.07,52.98,45.1,30.13,30.13,30.13,30.13,43.5,52.99,,,,,,
2019-10-01 05:00:00+02:00,,33.01,,2.96,47.04,35.13,,33.33,,33.01,33.01,33.01,33.01,44.58,33.01,21.39,25.28,,70.45,50.3,65.97,,24.73,,,,50.3,50.3,,50.3,50.3,50.3,50.3,50.3,33.01,33.01,,,,,33.01,33.01,33.01,33.01,33.01,33.01,48.28,44.58,65.97,58.46,33.01,33.01,33.01,33.01,50.3,53.4,,,,,,
2019-10-01 06:00:00+02:00,,47.54,,38.4,50.82,46.06,,43.0,,47.47,47.47,47.47,51.06,48.51,51.06,38.51,39.3,,70.58,65.0,69.99,,29.0,,,,65.0,65.0,,65.0,65.0,65.0,65.0,65.0,50.05,51.06,,,,,45.44,34.1,34.1,34.1,33.35,34.1,55.07,48.51,69.99,70.07,34.1,34.1,34.1,47.47,65.0,66.0,,,,,,
2019-10-01 07:00:00+02:00,,50.98,,49.07,66.57,49.75,,48.29,,50.98,50.98,50.98,54.96,50.36,54.96,50.03,48.72,,74.47,70.95,79.35,,35.78,,,,70.95,70.95,,70.95,70.95,70.95,71.0,70.95,54.96,54.96,,,,,50.98,35.24,35.24,35.24,32.31,35.24,58.59,50.36,79.35,75.06,35.24,35.24,35.24,50.98,70.95,67.0,,,,,,
2019-10-01 08:00:00+02:00,,51.06,,50.83,68.72,49.57,,49.29,,51.05,51.05,51.05,56.07,51.28,56.07,50.97,49.35,,74.44,70.95,75.09,,44.71,,,,70.95,70.95,,70.95,70.95,70.95,103.78,70.95,56.07,56.07,,,,,51.04,35.4,35.4,35.4,32.38,35.4,58.15,51.28,75.09,77.02,35.4,35.4,35.4,51.05,70.95,60.8,,,,,,
2019-10-01 09:00:00+02:00,,49.63,,49.63,64.96,46.3,,45.81,,49.63,49.63,49.63,54.91,51.81,54.91,49.63,48.32,,69.97,71.0,74.71,,47.33,,,,71.0,70.95,,71.0,70.95,70.95,78.12,70.95,54.91,54.91,,,,,49.63,35.31,35.31,35.31,32.37,35.31,57.95,51.81,74.71,77.06,35.31,35.31,35.31,49.63,71.0,60.0,,,,,,
2019-10-01 10:00:00+02:00,,46.86,,46.86,61.89,44.6,,43.08,,46.86,46.86,46.86,54.64,50.92,54.64,46.86,45.64,,72.45,70.0,72.91,,43.99,,,,60.34,60.34,,70.0,60.34,60.34,78.12,60.34,54.64,54.64,,,,,46.86,35.21,35.21,35.21,32.31,35.21,54.77,50.92,72.91,76.06,35.21,35.21,35.21,46.86,70.0,59.0,,,,,,
2019-10-01 11:00:00+02:00,,44.92,,44.92,44.79,43.25,,40.45,,44.92,44.92,44.92,53.0,49.75,53.0,44.92,43.75,,70.8,65.0,73.45,,41.83,,,,65.0,53.32,,65.0,53.32,53.32,58.03,53.32,53.0,53.0,,,,,44.92,35.07,35.07,35.07,32.27,35.07,57.26,49.75,73.45,75.75,35.07,35.07,35.07,44.92,65.0,59.3,,,,,,
2019-10-01 12:00:00+02:00,,42.17,,42.17,48.97,41.48,,38.45,,42.17,42.17,42.17,52.21,48.74,52.21,42.17,41.06,,70.49,50.3,71.36,,39.27,,,,50.3,50.3,,50.3,50.3,50.3,50.3,50.3,52.21,52.21,,,,,42.17,34.99,34.99,34.99,32.17,34.99,57.28,48.74,71.37,75.0,34.99,34.99,34.99,42.17,50.3,59.4,,,,,,
2019-10-01 13:00:00+02:00,,41.04,,41.04,48.06,39.49,,36.1,,41.04,41.04,41.04,50.89,46.89,50.89,41.04,39.96,,74.43,55.24,67.49,,38.21,,,,55.24,44.48,,55.24,44.48,44.48,61.0,44.48,50.89,50.89,,,,,41.04,34.87,34.87,34.87,32.14,34.87,56.13,46.89,67.5,73.59,34.87,34.87,34.87,41.04,55.24,59.3,,,,,,
2019-10-01 14:00:00+02:00,,39.49,,39.49,61.91,39.47,,35.8,,39.49,39.49,43.03,50.08,39.49,50.08,39.49,38.45,,70.43,65.0,70.76,,36.77,,,,65.0,47.3,,65.0,47.3,47.3,56.12,47.3,50.08,50.08,,,,,39.49,34.94,34.94,34.94,32.13,34.94,54.88,39.49,70.77,75.03,34.94,34.94,34.94,43.03,65.0,56.0,,,,,,
2019-10-01 15:00:00+02:00,,39.38,,39.38,64.98,40.94,,39.3,,39.38,39.38,43.02,49.36,39.38,49.36,39.38,38.35,,74.43,65.0,70.1,,36.67,,,,65.0,53.32,,65.0,53.32,53.32,75.27,53.32,49.36,49.36,,,,,39.38,34.93,34.93,34.93,32.09,34.93,53.83,39.38,70.11,75.02,34.93,34.93,34.93,43.02,65.0,56.7,,,,,,
2019-10-01 16:00:00+02:00,,42.88,,42.88,69.56,42.06,,44.0,,42.88,42.88,42.88,48.21,42.88,48.21,42.88,41.76,,77.01,67.37,73.47,,39.93,,,,67.37,67.37,,67.37,67.37,67.37,78.12,67.37,48.21,48.21,,,,,42.88,34.91,34.91,34.91,32.08,34.91,51.62,42.88,73.48,77.83,34.91,34.91,34.91,42.88,67.37,54.3,,,,,,
2019-10-01 17:00:00+02:00,,48.6,,47.49,80.3,46.58,,46.89,,48.6,48.2,50.08,50.08,47.02,50.08,47.02,46.11,,83.77,70.95,78.0,,43.85,,,,70.95,70.95,,70.95,70.95,70.95,75.0,70.95,50.08,50.08,,,,,48.2,34.95,34.95,34.95,32.08,34.95,50.26,47.02,78.02,83.02,34.95,34.95,34.95,50.08,70.95,52.9,,,,,,
2019-10-01 18:00:00+02:00,,50.16,,50.16,81.72,50.04,,48.94,,50.16,50.16,54.19,54.19,49.75,54.19,50.16,51.14,,78.5,75.0,105.01,,48.9,,,,75.0,75.0,,75.0,75.0,75.0,94.74,75.0,54.19,54.19,,,,,50.16,34.94,34.94,34.94,32.09,34.94,54.35,49.75,105.03,91.45,34.94,34.94,34.94,54.19,75.0,56.11,,,,,,
2019-10-01 19:00:00+02:00,,54.99,,54.99,75.09,52.12,,53.21,,54.99,54.99,54.99,54.99,51.65,54.99,54.99,56.11,,78.52,77.51,117.88,,53.71,,,,77.51,77.51,,77.51,77.51,77.51,93.74,77.51,54.99,54.99,,,,,54.99,35.09,35.09,35.09,32.14,35.09,58.14,51.65,117.91,100.99,35.09,35.09,35.09,54.99,77.51,67.0,,,,,,
2019-10-01 20:00:00+02:00,,52.92,,52.92,69.55,51.96,,51.4,,52.92,52.92,52.92,45.36,52.92,45.36,52.92,54.17,,76.97,70.95,75.07,,55.65,,,,70.95,70.95,,70.95,70.95,70.95,93.74,70.95,52.92,52.92,,,,,52.92,35.12,35.12,35.12,32.18,35.12,53.09,52.92,75.09,90.06,35.12,35.12,35.12,52.92,70.95,56.11,,,,,,
2019-10-01 21:00:00+02:00,,50.02,,50.02,61.87,45.76,,44.89,,50.02,50.02,50.02,34.52,50.02,34.52,50.02,51.04,,79.06,70.0,65.97,,52.44,,,,70.0,70.0,,70.0,70.0,70.0,78.12,70.0,49.01,49.01,,,,,50.02,34.52,34.52,34.52,32.11,34.52,49.17,50.02,59.01,76.48,34.52,34.52,34.52,49.01,70.0,48.0,,,,,,
2019-10-01 22:00:00+02:00,,45.06,,45.06,45.06,42.24,,40.6,,45.06,45.06,45.06,33.98,45.06,33.98,45.06,43.88,,65.8,59.99,65.72,,45.09,,,,59.99,59.99,,59.99,59.99,59.99,71.0,59.99,43.74,43.74,,,,,45.06,33.98,33.98,33.98,32.05,33.98,45.86,45.06,62.54,67.38,33.98,33.98,33.98,43.74,59.99,50.09,,,,,,
2019-10-01 23:00:00+02:00,,35.57,,35.34,50.89,36.47,,35.21,,35.53,35.44,35.44,32.85,36.97,32.85,35.69,36.42,,0.0,50.0,55.99,,37.42,,,,50.0,50.0,,50.0,50.0,50.0,55.12,50.0,32.85,32.85,,,,,35.44,32.85,32.85,32.85,31.9,32.85,44.71,36.97,52.22,58.08,32.85,32.85,32.85,32.85,50.0,48.6,,,,,,
2019-10-02 00:00:00+02:00,,33.49,,33.49,47.12,35.9,,33.0,,33.49,32.49,32.49,32.49,36.25,32.49,33.49,35.63,,47.44,42.0,42.77,,35.0,,,,42.0,42.0,,42.0,42.0,42.0,42.0,42.0,32.49,32.49,,,,,33.49,33.32,33.32,32.54,32.54,33.32,47.93,36.25,42.79,60.03,32.49,32.49,32.49,32.49,42.0,42.77,,,,,,
2019-10-02 01:00:00+02:00,,32.26,,28.07,46.9,35.3,,32.16,,31.92,31.0,31.0,31.0,35.75,31.0,26.89,30.98,,46.23,41.88,40.29,,31.83,,,,41.88,41.88,,41.88,41.88,41.88,41.88,41.88,31.0,31.0,,,,,30.14,32.2,32.2,32.2,32.2,32.2,48.01,35.75,40.31,52.35,31.0,31.0,31.0,31.0,41.88,40.29,,,,,,
2019-10-02 02:00:00+02:00,,33.01,,25.49,44.97,34.07,,30.45,,32.39,30.94,30.94,30.94,35.07,30.94,23.38,30.35,,41.0,33.01,39.21,,29.72,,,,42.0,42.0,,42.0,42.0,42.0,42.0,42.0,30.94,30.94,,,,,29.25,31.17,31.17,31.17,31.17,31.17,47.96,35.07,39.23,39.57,30.94,30.94,30.94,30.94,33.01,30.95,,,,,,
2019-10-02 03:00:00+02:00,,33.06,,20.36,44.91,33.62,,30.29,,32.03,31.32,31.32,31.32,33.0,31.32,16.89,28.24,,41.0,41.0,38.3,,29.0,,,,41.0,41.0,,41.0,41.0,41.0,41.0,41.0,31.32,31.32,,,,,26.71,31.32,31.32,31.32,31.32,31.32,47.85,33.0,38.32,36.89,31.32,31.32,31.32,31.32,41.0,30.95,,,,,,
2019-10-02 04:00:00+02:00,,34.06,,19.08,46.07,34.63,,30.6,,32.95,29.03,32.2,32.2,34.0,32.2,14.68,27.49,,61.83,41.86,40.29,,28.23,,,,41.86,41.86,,41.86,41.86,41.86,41.86,41.86,32.2,32.2,,,,,26.74,32.2,32.2,32.2,32.2,32.2,47.76,34.0,40.31,36.51,32.2,32.2,32.2,32.2,41.86,40.29,,,,,,
2019-10-02 05:00:00+02:00,,36.46,,20.02,50.18,36.1,,33.2,,35.1,28.2,33.8,33.8,35.86,33.8,15.41,28.99,,66.23,54.18,51.22,,29.16,,,,54.18,54.18,,54.18,54.18,54.18,54.18,54.18,33.8,33.8,,,,,28.2,33.8,33.8,33.8,33.0,33.8,48.06,35.86,51.25,34.67,33.8,33.8,33.8,33.8,54.18,51.22,,,,,,
2019-10-02 06:00:00+02:00,,49.64,,38.15,59.99,48.67,,45.36,,48.61,43.75,48.61,53.03,40.0,50.45,35.0,42.33,,70.49,69.99,61.33,,41.43,,,,69.99,69.99,,69.99,69.99,69.99,69.99,69.99,53.03,53.03,,,,,43.75,34.97,34.97,34.97,33.29,34.97,53.29,40.0,61.36,60.79,34.97,34.97,34.97,48.61,69.99,60.0,,,,,,
2019-10-02 07:00:00+02:00,,52.95,,50.74,69.57,52.4,,54.4,,52.79,51.79,52.79,58.41,50.1,50.81,50.1,50.52,,66.51,72.99,72.05,,44.0,,,,72.99,72.99,,72.99,72.99,72.99,72.99,72.99,58.41,58.41,,,,,51.79,37.1,37.1,35.45,33.61,37.1,58.71,50.1,72.09,67.51,35.45,35.45,37.1,52.79,72.99,63.0,,,,,,
2019-10-02 08:00:00+02:00,,52.66,,52.15,69.57,53.17,,55.9,,52.63,52.4,52.63,62.16,52.0,49.39,52.0,50.68,,66.51,65.0,70.95,,57.77,,,,73.75,70.95,,73.75,70.95,70.95,75.66,70.95,62.16,62.16,,,,,52.4,37.52,37.52,35.77,33.6,37.52,62.51,52.0,70.99,69.09,35.77,35.77,37.52,52.63,65.0,61.4,,,,,,
2019-10-02 09:00:00+02:00,,51.75,,51.75,69.54,52.54,,56.0,,51.75,49.42,51.75,65.53,51.75,47.75,51.75,50.44,,66.01,51.75,66.69,,72.43,,,,90.0,60.22,,90.0,60.22,60.22,73.66,60.22,65.53,65.53,,,,,51.75,37.28,37.28,35.78,33.75,37.28,65.91,51.75,66.73,74.6,35.78,35.78,37.28,51.75,51.75,63.59,,,,,,
2019-10-02 10:00:00+02:00,,50.0,,50.0,69.54,50.88,,53.13,,50.0,49.38,50.0,61.81,50.0,47.81,50.0,48.73,,59.98,50.91,63.56,,78.24,,,,75.21,50.18,,75.21,41.0,50.18,48.56,41.0,61.81,61.81,,,,,50.0,37.05,37.05,35.87,33.58,37.05,62.19,50.0,63.6,71.96,35.87,35.87,37.05,50.0,50.91,63.56,,,,,,
2019-10-02 11:00:00+02:00,,48.66,,43.81,62.4,50.11,,56.0,,48.04,46.38,48.04,48.03,46.83,48.03,46.83,44.89,,59.25,83.91,62.42,,78.24,,,,83.91,44.0,,83.91,37.71,44.0,37.71,37.71,59.43,59.43,,,,,46.38,36.63,36.63,35.91,33.57,36.63,59.81,46.83,62.46,82.71,35.91,35.91,36.63,48.04,83.91,62.42,,,,,,
2019-10-02 12:00:00+02:00,,43.78,,28.35,60.34,48.7,,58.51,,41.4,36.28,41.4,47.79,44.16,47.79,44.16,35.78,,57.78,66.0,58.51,,78.24,,,,66.0,41.0,,66.0,37.2,41.0,37.2,37.2,58.86,58.86,,,,,36.96,36.28,36.28,36.28,33.55,36.28,59.26,44.16,58.55,73.14,36.28,36.28,36.28,41.4,66.0,58.51,,,,,,
2019-10-02 13:00:00+02:00,,38.15,,31.57,62.38,48.61,,58.93,,36.58,35.58,36.58,58.35,42.12,46.49,39.95,35.78,,59.25,67.73,58.93,,78.25,,,,67.73,38.33,,67.73,37.18,38.33,37.18,37.18,58.35,58.35,,,,,34.9,35.58,35.58,35.58,33.54,35.58,58.75,42.12,58.97,71.28,35.58,35.58,35.58,36.58,67.73,58.93,,,,,,
2019-10-02 14:00:00+02:00,,37.07,,33.6,62.41,47.3,,58.61,,35.22,35.22,35.22,59.44,39.9,48.24,36.38,35.47,,59.25,45.91,61.25,,78.24,,,,75.09,41.0,,75.09,37.19,41.0,37.19,37.19,59.44,59.44,,,,,34.47,35.22,35.22,35.22,33.52,35.22,59.87,39.9,61.29,77.22,35.22,35.22,35.22,35.22,45.91,60.92,,,,,,
2019-10-02 15:00:00+02:00,,37.03,,34.02,69.55,46.89,,58.31,,34.92,34.92,34.92,58.85,38.07,48.55,35.75,34.86,,58.28,57.5,64.24,,78.24,,,,75.22,42.76,,75.22,37.22,42.76,37.22,37.22,58.85,58.85,,,,,34.5,34.92,34.92,34.92,33.53,34.92,59.29,38.07,64.28,78.98,34.92,34.92,34.92,34.92,57.5,60.58,,,,,,
2019-10-02 16:00:00+02:00,,36.01,,34.26,69.55,46.74,,57.94,,35.17,34.76,35.17,58.47,38.49,50.41,36.01,35.12,,59.25,57.5,66.13,,71.0,,,,76.0,50.18,,76.0,50.18,50.18,50.18,50.18,58.47,58.47,,,,,34.76,35.17,35.17,35.17,33.54,35.17,58.93,38.49,66.18,81.62,35.17,35.17,35.17,35.17,57.5,61.38,,,,,,
2019-10-02 17:00:00+02:00,,40.51,,40.43,72.53,47.22,,55.0,,40.49,40.47,40.49,58.0,40.55,50.96,40.55,41.44,,66.13,71.0,69.15,,78.24,,,,71.0,70.94,,71.0,70.94,70.94,70.94,70.94,58.0,58.0,,,,,40.47,36.2,36.2,36.2,33.54,36.2,58.48,40.55,69.21,81.5,36.2,36.2,36.2,40.49,71.0,58.59,,,,,,
2019-10-02 18:00:00+02:00,,48.01,,48.01,78.25,48.64,,58.0,,48.01,48.01,48.01,58.91,48.01,58.89,48.01,49.21,,71.21,65.0,70.15,,78.24,,,,71.0,70.96,,71.0,70.96,70.96,70.96,70.96,58.91,58.91,,,,,48.01,36.24,36.24,36.24,33.56,36.24,59.4,48.01,70.2,78.14,36.24,36.24,36.24,48.01,65.0,60.39,,,,,,
2019-10-02 19:00:00+02:00,,51.61,,51.61,83.17,50.91,,58.0,,51.61,51.61,51.61,68.11,51.61,60.6,51.61,53.65,,73.0,75.34,75.87,,78.24,,,,75.34,75.34,,75.34,75.34,75.34,75.66,75.34,68.11,68.11,,,,,51.61,36.67,36.67,36.67,33.59,36.67,68.71,51.61,75.93,83.49,36.67,36.67,36.67,51.61,75.34,69.0,,,,,,
2019-10-02 20:00:00+02:00,,49.19,,45.33,69.57,48.97,,49.01,,48.47,47.16,48.47,50.09,52.1,41.98,51.28,66.31,,66.13,72.99,69.25,,78.24,,,,72.99,72.99,,72.99,72.99,72.99,75.66,72.99,50.09,50.09,,,,,47.16,36.51,36.51,36.51,33.64,36.51,58.98,52.1,69.3,87.01,36.51,36.51,36.51,48.47,72.99,62.38,,,,,,
2019-10-02 21:00:00+02:00,,41.88,,33.12,69.54,46.81,,42.63,,40.21,37.13,40.21,40.21,51.6,37.42,46.87,55.39,,64.26,57.5,62.32,,61.38,,,,65.0,65.0,,65.0,65.0,65.0,65.0,65.0,40.21,40.21,,,,,37.13,35.95,35.95,35.95,33.63,35.95,54.84,51.6,62.37,77.74,35.95,35.95,35.95,40.21,57.5,53.1,,,,,,
2019-10-02 22:00:00+02:00,,37.08,,29.26,60.34,41.57,,37.55,,35.05,34.69,34.69,34.69,49.82,34.69,43.39,44.42,,53.0,56.0,58.04,,47.63,,,,56.0,56.0,,56.0,56.0,56.0,56.0,56.0,34.69,34.69,,,,,34.69,34.69,34.69,34.69,33.61,34.69,51.85,49.82,58.09,71.95,34.69,34.69,34.69,34.69,56.0,52.47,,,,,,
2019-10-02 23:00:00+02:00,,33.36,,24.59,50.16,35.4,,29.8,,31.8,31.8,32.98,32.98,45.08,32.98,38.21,39.08,,66.14,41.0,48.09,,40.06,,,,41.0,41.0,,41.0,41.0,41.0,41.0,41.0,32.98,32.98,,,,,28.75,32.98,32.98,32.98,32.98,32.98,48.19,45.08,48.13,59.92,32.98,32.98,32.98,32.98,41.0,48.09,,,,,,
2019-10-03 00:00:00+02:00,,26.32,,26.0,44.08,31.72,,28.79,,26.21,26.21,33.35,33.35,50.25,33.35,26.61,39.24,,66.16,41.29,40.02,,41.0,,,,41.29,41.29,,41.29,41.29,41.29,41.29,41.29,33.35,33.35,,,,,26.21,33.35,33.35,33.35,33.35,33.35,50.45,50.25,40.05,48.51,33.35,33.35,33.35,33.35,41.29,35.97,,,,,,
2019-10-03 01:00:00+02:00,,26.41,,26.41,40.57,29.22,,27.19,,26.41,26.41,32.29,32.29,49.81,32.29,26.41,33.78,,49.0,40.42,34.6,,35.3,,,,40.42,40.42,,40.42,40.42,40.42,40.42,40.42,32.29,32.29,,,,,26.41,32.29,32.29,32.29,32.29,32.29,50.54,49.81,34.63,42.04,32.29,32.29,32.29,32.29,40.42,27.19,,,,,,
2019-10-03 02:00:00+02:00,,25.3,,25.3,37.13,27.73,,26.69,,25.3,25.3,30.06,30.06,48.4,30.06,25.3,33.3,,43.0,39.98,29.0,,31.61,,,,39.98,39.98,,39.98,39.98,39.98,39.98,39.98,30.06,30.06,,,,,25.3,31.05,31.05,31.05,31.05,31.05,50.56,48.4,29.02,39.67,30.06,30.06,30.06,30.06,39.98,26.69,,,,,,
2019-10-03 03:00:00+02:00,,25.35,,25.35,30.39,26.46,,26.07,,25.35,25.35,30.06,30.06,46.0,30.06,25.35,30.4,,42.79,39.7,28.16,,28.87,,,,39.7,39.7,,39.7,39.7,39.7,39.7,39.7,30.06,30.06,,,,,25.35,31.04,31.04,31.04,31.04,31.04,50.58,46.0,28.18,39.1,30.06,30.06,30.06,30.06,39.7,26.07,,,,,,
2019-10-03 04:00:00+02:00,,26.43,,26.43,39.16,27.66,,26.72,,26.43,26.43,32.93,32.93,46.11,32.93,26.43,29.22,,47.8,40.2,34.57,,28.43,,,,40.2,40.2,,40.2,40.2,40.2,40.2,40.2,32.93,32.93,,,,,26.43,32.93,32.93,32.93,32.93,32.93,50.43,46.11,34.6,40.99,32.93,32.93,32.93,32.93,40.2,26.72,,,,,,
2019-10-03 05:00:00+02:00,,29.31,,29.31,52.56,31.18,,29.76,,29.31,29.31,33.94,46.47,47.37,46.47,29.31,30.32,,63.08,48.68,50.74,,28.13,,,,48.68,48.68,,48.68,48.68,48.68,48.68,48.68,46.47,46.47,,,,,29.31,33.94,33.94,33.94,33.48,33.94,47.02,47.37,50.78,52.47,33.94,33.94,33.94,33.94,48.68,49.2,,,,,,
2019-10-03 06:00:00+02:00,,35.32,,35.32,63.51,36.6,,36.44,,35.32,35.32,35.7,54.81,49.5,54.81,35.32,36.53,,69.27,55.9,60.49,,25.45,,,,55.9,55.9,,55.9,55.9,55.9,55.9,55.9,54.81,54.81,,,,,35.32,35.7,35.7,35.7,34.01,35.7,55.46,49.5,60.54,66.53,35.7,35.7,35.7,35.7,55.9,55.89,,,,,,
2019-10-03 07:00:00+02:00,,47.28,,49.36,69.42,46.01,,44.16,,42.98,42.98,42.98,57.87,50.4,57.87,50.4,51.76,,69.47,67.0,68.2,,25.0,,,,67.0,67.0,,67.0,67.0,67.0,67.0,67.0,57.87,57.87,,,,,49.0,36.8,36.8,36.8,34.09,36.8,58.57,50.4,68.26,73.48,36.8,36.8,36.8,42.98,67.0,59.59,,,,,,
2019-10-03 08:00:00+02:00,,50.01,,50.23,67.52,48.68,,45.32,,49.92,49.92,49.92,59.66,50.98,59.66,50.12,52.23,,70.01,71.43,70.1,,45.0,,,,71.43,71.43,,71.43,37.02,71.43,75.46,71.43,59.66,59.66,,,,,50.5,37.81,37.81,37.81,34.17,37.81,60.39,50.98,70.16,72.99,37.81,37.81,37.81,49.92,71.43,60.7,,,,,,
2019-10-03 09:00:00+02:00,,49.52,,54.27,45.11,48.61,,43.89,,47.89,47.89,47.89,60.77,52.13,60.77,52.13,55.89,,69.27,70.0,70.02,,49.0,,,,70.0,70.0,,70.0,37.02,70.0,75.46,70.0,60.77,60.77,,,,,55.74,37.7,37.7,37.7,34.15,37.7,61.52,52.13,70.08,71.24,37.7,37.7,37.7,47.89,70.0,61.3,,,,,,
2019-10-03 10:00:00+02:00,,48.0,,49.67,45.03,47.72,,43.23,,46.8,46.8,46.8,59.27,50.02,59.27,50.02,51.35,,65.78,64.84,65.08,,35.0,,,,64.84,64.84,,64.84,37.02,64.84,51.46,64.84,59.27,59.27,,,,,49.67,37.55,37.55,37.55,34.14,37.55,60.02,50.02,65.13,67.74,37.55,37.55,37.55,46.8,64.84,61.26,,,,,,
2019-10-03 11:00:00+02:00,,47.62,,47.53,43.17,48.61,,45.0,,47.61,47.61,47.61,60.29,49.1,60.29,47.67,48.94,,59.25,65.0,65.15,,28.15,,,,65.0,65.0,,65.0,37.01,65.0,55.09,65.0,60.29,60.29,,,,,47.57,37.46,37.46,37.46,34.12,37.46,61.05,49.1,65.2,65.07,37.46,37.46,37.46,47.61,65.0,62.38,,,,,,
2019-10-03 12:00:00+02:00,,43.17,,41.8,44.12,45.56,,43.3,,42.93,42.93,42.93,59.83,46.68,59.83,43.93,43.04,,56.88,79.06,61.7,,24.9,,,,60.22,60.22,,60.22,35.32,60.22,44.09,60.22,59.83,59.83,,,,,42.44,37.28,37.28,37.28,34.09,37.28,60.6,46.68,61.75,60.03,37.28,37.28,37.28,42.93,79.06,61.7,,,,,,
2019-10-03 13:00:00+02:00,,38.1,,37.08,45.14,39.07,,41.0,,37.82,37.82,37.82,56.95,45.25,56.95,38.97,38.17,,55.78,75.4,61.08,,24.3,,,,55.67,55.67,,55.67,35.32,55.67,36.06,55.67,56.95,56.95,,,,,37.82,37.09,37.09,37.09,34.07,37.09,58.75,45.25,61.13,60.06,37.09,37.09,37.09,37.82,75.4,60.6,,,,,,
2019-10-03 14:00:00+02:00,,36.74,,36.74,45.12,37.24,,38.4,,36.74,36.74,36.74,54.97,41.86,54.97,36.74,35.98,,55.78,68.0,64.04,,23.0,,,,60.22,60.22,,60.22,35.32,60.22,36.01,60.22,54.97,54.97,,,,,36.74,36.74,36.74,36.74,34.06,36.74,57.94,41.86,64.09,61.05,36.74,36.74,36.74,36.74,68.0,58.8,,,,,,
2019-10-03 15:00:00+02:00,,36.86,,36.86,50.05,37.58,,38.09,,36.86,36.86,36.86,54.55,40.8,54.55,36.86,36.09,,56.9,64.19,67.14,,23.0,,,,64.19,44.0,,64.19,40.04,44.0,44.09,40.04,54.55,54.55,,,,,36.86,36.82,36.82,36.82,34.06,36.82,56.67,40.8,67.19,64.53,36.82,36.82,36.82,36.86,64.19,58.4,,,,,,
2019-10-03 16:00:00+02:00,,40.4,,40.4,46.13,39.5,,40.0,,40.4,40.4,40.4,54.59,41.5,54.59,40.4,39.43,,64.65,64.84,66.6,,22.51,,,,64.84,44.17,,64.84,40.28,44.17,49.01,40.28,54.59,54.59,,,,,40.4,36.84,36.84,36.84,34.06,36.84,56.69,41.5,66.65,66.02,36.84,36.84,36.84,40.4,64.84,57.8,,,,,,
2019-10-03 17:00:00+02:00,,47.93,,47.93,64.63,46.04,,46.0,,47.93,47.93,54.83,54.83,47.93,54.83,47.93,46.93,,68.87,65.0,69.25,,23.0,,,,65.0,55.9,,65.0,50.0,55.9,50.0,50.0,54.83,54.83,,,,,47.93,36.9,36.9,36.9,34.06,36.9,55.58,47.93,69.3,69.85,36.9,36.9,36.9,54.83,65.0,57.2,,,,,,
2019-10-03 18:00:00+02:00,,51.23,,51.23,69.54,52.69,,52.5,,51.23,51.23,58.83,58.83,51.23,58.83,51.23,50.15,,70.47,69.5,72.07,,24.08,,,,69.5,55.9,,69.5,55.9,55.9,55.9,55.9,58.83,58.83,,,,,51.23,36.98,36.98,36.98,34.08,36.98,59.64,51.23,72.12,72.29,36.98,36.98,36.98,58.83,69.5,59.4,,,,,,
2019-10-03 19:00:00+02:00,,55.06,,55.06,69.56,55.86,,57.85,,55.06,55.06,66.33,66.33,55.06,66.33,55.06,53.88,,69.47,71.0,78.09,,25.0,,,,71.0,70.96,,71.0,70.96,70.96,75.46,70.96,66.33,66.33,,,,,55.06,37.14,37.14,37.14,34.12,37.14,67.26,55.06,78.15,77.05,37.14,37.14,37.14,66.33,71.0,66.4,,,,,,
2019-10-03 20:00:00+02:00,,53.53,,53.53,60.09,55.3,,55.1,,53.53,53.53,53.53,53.53,53.53,48.34,53.53,52.38,,70.52,65.0,70.68,,32.0,,,,65.0,60.22,,65.0,60.22,60.22,75.46,60.22,53.53,53.53,,,,,53.53,36.75,36.75,36.75,34.15,36.75,59.34,53.53,70.72,71.89,36.75,36.75,36.75,53.53,65.0,59.4,,,,,,
2019-10-03 21:00:00+02:00,,48.06,,48.06,46.02,49.91,,48.31,,48.06,48.06,48.06,48.06,51.48,42.09,48.06,46.7,,59.25,55.67,65.81,,30.0,,,,54.17,54.17,,55.67,43.09,54.17,70.09,43.09,48.06,48.06,,,,,48.06,36.11,36.11,36.11,34.13,36.11,54.22,51.48,65.86,68.27,36.11,36.11,36.11,48.06,55.67,48.31,,,,,,
2019-10-03 22:00:00+02:00,,45.59,,45.59,43.07,46.29,,44.84,,45.59,45.59,45.59,36.05,49.5,36.05,45.59,44.28,,65.84,45.59,56.41,,23.0,,,,45.59,45.59,,45.59,40.85,45.59,40.85,40.85,45.59,45.59,,,,,45.59,36.05,36.05,36.05,34.11,36.05,53.42,49.5,56.45,58.45,36.05,36.05,36.05,45.59,45.59,44.84,,,,,,
2019-10-03 23:00:00+02:00,,35.93,,35.93,41.38,40.97,,40.26,,35.93,35.93,35.93,35.13,44.07,35.13,35.93,35.04,,70.32,39.7,42.18,,15.65,,,,39.7,39.7,,39.7,39.41,39.7,39.41,39.41,35.93,35.93,,,,,35.93,35.13,35.13,35.13,34.06,35.13,50.68,44.07,42.21,52.44,35.13,35.13,35.13,35.93,39.7,40.26,,,,,,
2019-10-04 00:00:00+02:00,,37.49,,37.49,38.99,37.08,,36.74,,37.49,37.49,37.49,36.37,50.8,36.37,37.49,36.6,,56.46,40.69,47.89,,0.0,,,,40.69,40.69,,40.69,40.69,40.69,40.69,40.69,37.49,37.49,,,,,37.49,36.37,36.37,36.37,33.93,36.37,48.68,50.8,47.9,44.04,36.37,36.37,36.37,37.49,40.69,36.74,,,,,,
2019-10-04 01:00:00+02:00,,35.12,,29.81,32.89,35.04,,35.32,,34.96,34.96,34.96,34.96,50.0,34.96,28.97,29.65,,43.69,40.0,38.32,,0.0,,,,40.0,40.0,,40.0,40.0,40.0,40.0,40.0,34.96,34.96,,,,,30.57,34.96,34.96,34.96,33.75,34.96,48.5,50.0,38.33,39.07,34.96,34.96,34.96,34.96,40.0,35.32,,,,,,
2019-10-04 02:00:00+02:00,,34.01,,25.91,34.94,34.36,,34.28,,33.79,33.79,34.18,34.18,50.15,34.18,24.52,26.58,,39.45,39.6,34.28,,0.0,,,,39.6,39.6,,39.6,39.6,39.6,39.6,39.6,34.18,34.18,,,,,27.42,34.18,34.18,34.18,33.6,34.18,48.5,50.15,34.29,34.55,34.18,34.18,34.18,34.18,39.6,34.28,,,,,,
2019-10-04 03:00:00+02:00,,34.03,,20.57,31.99,34.88,,33.92,,32.9,32.9,33.78,33.78,50.89,33.78,17.15,21.11,,38.13,39.57,33.92,,0.0,,,,39.57,39.57,,39.57,39.57,39.57,39.57,39.57,33.78,33.78,,,,,27.42,33.78,33.78,33.78,33.53,33.78,48.49,50.89,33.93,32.96,33.78,33.78,33.78,33.78,39.57,33.92,,,,,,
2019-10-04 04:00:00+02:00,,34.06,,16.61,37.67,35.07,,35.51,,32.59,32.59,34.71,34.71,51.36,34.71,12.25,17.97,,42.24,39.81,35.51,,0.0,,,,39.81,39.81,,39.81,39.81,39.81,39.81,39.81,34.71,34.71,,,,,25.48,34.71,34.71,34.71,33.58,34.71,47.75,51.36,35.52,34.58,34.71,34.71,34.71,34.71,39.81,35.51,,,,,,
2019-10-04 05:00:00+02:00,,34.64,,21.05,54.54,37.4,,37.37,,33.5,33.5,35.66,46.48,51.75,46.48,17.65,24.7,,63.99,40.54,48.49,,0.0,,,,40.54,40.54,,40.54,40.0,40.54,40.0,40.0,46.48,46.48,,,,,27.94,35.66,35.66,35.66,33.81,35.66,48.89,51.75,48.51,44.48,35.66,35.66,35.66,35.66,40.54,48.49,,,,,,
2019-10-04 06:00:00+02:00,,43.8,,39.21,69.55,45.3,,46.71,,43.33,43.33,43.33,59.34,51.75,59.34,39.32,40.23,,58.88,55.31,59.59,,0.0,,,,46.93,46.93,,55.31,46.93,46.93,46.93,46.93,59.34,59.34,,,,,41.5,37.0,37.0,37.0,34.06,37.0,59.77,51.75,59.62,59.77,37.0,37.0,37.0,43.33,55.31,59.59,,,,,,
2019-10-04 07:00:00+02:00,,48.79,,48.68,69.58,49.54,,51.5,,48.77,48.77,48.77,65.63,54.5,65.63,48.83,49.96,,66.09,78.72,70.43,,15.89,,,,55.0,55.0,,78.72,55.0,55.0,55.0,55.0,65.63,65.63,,,,,48.75,37.76,37.76,37.76,34.22,37.76,66.11,54.5,70.46,70.6,37.76,37.76,37.76,48.77,78.72,65.29,,,,,,
2019-10-04 08:00:00+02:00,,50.06,,50.06,79.52,50.86,,54.0,,50.06,50.06,61.71,67.23,54.53,67.23,50.06,48.88,,67.76,86.57,73.48,,26.44,,,,59.19,59.19,,86.57,45.91,59.19,59.01,45.91,67.23,67.23,,,,,50.06,38.88,38.88,38.88,34.29,38.88,67.72,54.53,73.51,73.21,38.88,38.88,38.88,61.71,86.57,61.88,,,,,,
2019-10-04 09:00:00+02:00,,50.04,,48.15,76.57,51.43,,53.87,,49.87,49.87,67.4,67.4,55.52,67.4,50.6,49.41,,70.52,78.78,73.48,,35.91,,,,78.78,55.0,,78.78,41.95,55.0,41.95,41.95,67.4,67.4,,,,,49.66,38.86,38.86,38.86,34.31,38.86,67.89,55.52,73.51,73.04,38.86,38.86,38.86,67.4,78.78,53.87,,,,,,
2019-10-04 10:00:00+02:00,,48.87,,47.02,78.75,50.01,,52.0,,48.71,48.48,66.72,66.72,54.25,66.49,49.42,48.25,,67.02,77.67,72.67,,35.03,,,,75.27,55.86,,77.67,10.0,55.86,10.0,10.0,66.72,66.72,,,,,48.48,38.88,38.88,38.88,34.31,38.88,67.2,54.25,72.7,69.36,38.88,38.88,38.88,66.72,77.67,52.0,,,,,,
2019-10-04 11:00:00+02:00,,48.9,,47.05,76.21,49.69,,50.1,,48.72,48.33,66.7,66.7,54.05,64.98,49.45,48.28,,70.52,75.0,73.48,,37.45,,,,69.69,48.0,,75.0,10.0,48.0,10.0,10.0,66.7,66.7,,,,,48.33,38.47,38.47,38.47,34.28,38.47,67.18,54.05,73.51,68.25,38.47,38.47,38.47,66.7,75.0,50.1,,,,,,
2019-10-04 12:00:00+02:00,,49.68,,47.01,69.58,47.56,,49.06,,49.41,48.87,57.06,67.14,54.52,61.14,49.41,48.24,,66.07,65.0,74.43,,45.23,,,,65.0,47.32,,65.0,10.0,47.32,10.0,10.0,67.14,67.14,,,,,48.87,38.1,38.1,38.1,34.25,38.1,67.63,54.52,74.46,73.32,38.1,38.1,38.1,57.06,65.0,49.06,,,,,,
2019-10-04 13:00:00+02:00,,47.91,,45.85,69.58,45.9,,45.32,,47.78,46.97,47.78,66.71,54.12,59.77,45.17,46.2,,66.07,66.99,67.16,,44.85,,,,66.99,46.03,,66.99,9.9,46.03,9.9,9.9,66.71,66.71,,,,,46.97,37.92,37.92,37.92,34.22,37.92,67.19,54.12,67.19,72.02,37.92,37.92,37.92,47.78,66.99,45.32,,,,,,
2019-10-04 14:00:00+02:00,,45.57,,42.74,72.33,45.8,,44.78,,45.35,44.2,45.35,64.25,52.27,59.93,41.88,42.84,,59.25,74.5,69.26,,40.86,,,,48.0,48.0,,74.5,10.0,48.0,10.0,10.0,64.25,64.25,,,,,44.2,37.53,37.53,37.53,34.21,37.53,64.72,52.27,69.29,71.46,37.53,37.53,37.53,45.35,74.5,44.78,,,,,,
2019-10-04 15:00:00+02:00,,48.26,,44.24,69.56,46.21,,44.01,,47.93,46.26,47.93,56.91,51.86,56.91,43.04,44.02,,59.25,72.72,69.59,,45.12,,,,72.72,60.22,,72.72,38.01,60.22,38.01,38.01,56.91,56.91,,,,,46.26,37.28,37.28,37.28,34.13,37.28,63.29,51.86,69.62,72.04,37.28,37.28,37.28,47.93,72.72,44.01,,,,,,
2019-10-04 16:00:00+02:00,,50.1,,41.53,69.56,46.96,,44.59,,49.49,46.05,49.49,56.48,51.69,56.48,38.78,40.42,,64.25,75.11,70.7,,42.43,,,,64.31,64.31,,75.11,48.0,64.31,48.0,48.0,56.48,56.48,,,,,46.05,37.24,37.24,37.24,34.07,37.24,59.07,51.69,70.73,72.08,37.24,37.24,37.24,49.49,75.11,44.59,,,,,,
2019-10-04 17:00:00+02:00,,50.09,,49.24,69.56,48.52,,47.5,,50.05,50.05,50.05,58.38,51.51,58.38,49.39,50.52,,70.47,72.72,69.58,,51.78,,,,58.21,58.21,,72.72,58.21,58.21,58.21,58.21,58.38,58.38,,,,,50.05,37.48,37.48,37.48,34.06,37.48,58.8,51.51,69.61,72.84,37.48,37.48,37.48,50.05,72.72,47.5,,,,,,
2019-10-04 18:00:00+02:00,,50.27,,50.27,69.56,49.46,,50.93,,50.27,50.27,50.27,64.17,51.69,64.17,50.27,51.79,,70.51,73.95,72.49,,60.22,,,,73.95,73.95,,73.95,73.95,73.95,75.57,73.95,64.17,64.17,,,,,50.27,37.61,37.61,37.61,34.04,37.61,64.62,51.69,72.52,75.29,37.61,37.61,37.61,50.27,73.95,50.93,,,,,,
2019-10-04 19:00:00+02:00,,53.52,,53.52,69.55,50.3,,52.17,,53.52,53.52,53.52,64.62,53.52,64.62,53.52,56.13,,67.77,75.3,75.12,,77.59,,,,75.3,75.3,,75.3,75.3,75.3,85.77,75.3,64.62,64.62,,,,,53.52,37.69,37.69,37.69,34.07,37.69,65.07,53.52,75.16,83.05,37.69,37.69,37.69,53.52,75.3,61.88,,,,,,
2019-10-04 20:00:00+02:00,,49.22,,49.22,63.78,48.2,,48.89,,49.22,49.22,49.22,49.22,56.52,47.52,49.22,60.58,,66.13,75.0,74.23,,77.59,,,,75.0,75.0,,75.0,75.0,75.0,85.57,75.0,49.22,49.22,,,,,49.22,36.87,36.87,36.87,36.87,36.87,61.85,56.52,74.26,72.79,36.87,36.87,36.87,49.22,75.0,63.6,,,,,,
2019-10-04 21:00:00+02:00,,40.5,,40.5,65.99,41.99,,42.44,,40.5,40.5,40.5,43.3,55.62,43.3,40.5,45.69,,63.85,70.96,62.89,,75.32,,,,70.96,70.96,,70.96,70.96,70.96,75.57,70.96,43.3,43.3,,,,,40.5,36.33,36.33,36.33,36.33,36.33,54.75,55.62,62.92,67.02,36.33,36.33,36.33,40.5,70.96,52.0,,,,,,
2019-10-04 22:00:00+02:00,,35.87,,35.87,51.29,40.07,,38.21,,35.87,35.87,35.87,35.87,52.52,35.87,35.87,44.88,,56.44,61.28,60.0,,49.31,,,,61.28,61.28,,61.28,61.28,61.28,75.28,61.28,35.87,35.87,,,,,35.87,35.87,35.87,35.87,35.87,35.87,53.5,52.52,60.03,60.02,35.87,35.87,35.87,35.87,61.28,54.3,,,,,,
2019-10-04 23:00:00+02:00,,36.14,,36.65,41.85,35.78,,33.18,,34.35,34.35,34.35,34.35,50.28,34.35,37.27,38.12,,66.21,50.0,48.5,,40.02,,,,50.0,50.0,,50.0,50.0,50.0,50.04,50.0,34.35,34.35,,,,,34.9,34.35,34.35,34.35,34.35,34.35,48.88,50.28,48.52,49.73,34.35,34.35,34.35,34.35,50.0,48.5,,,,,,
2019-10-05 00:00:00+02:00,,33.55,,30.71,52.41,31.19,,31.63,,28.3,28.3,34.85,34.85,53.89,34.85,32.97,59.51,,50.49,53.0,55.08,,52.5,,,,53.0,53.0,,53.0,53.0,53.0,53.0,53.0,34.85,34.85,,,,,30.5,34.85,34.85,34.85,34.85,34.85,47.18,53.89,55.08,56.35,34.85,34.85,34.85,34.85,53.0,31.63,,,,,,
2019-10-05 01:00:00+02:00,,32.28,,32.69,38.47,29.61,,29.66,,32.17,32.17,34.32,34.32,51.94,34.32,32.47,50.85,,43.0,52.0,47.76,,49.7,,,,52.0,52.0,,52.0,52.0,52.0,52.0,52.0,34.32,34.32,,,,,32.76,34.32,34.32,34.32,34.32,34.32,47.1,51.94,47.76,49.39,34.32,34.32,34.32,34.32,52.0,29.66,,,,,,
2019-10-05 02:00:00+02:00,,29.28,,29.28,35.06,28.57,,29.6,,29.28,29.28,33.21,33.21,50.12,33.21,29.28,47.15,,41.99,48.34,35.89,,44.98,,,,48.34,48.34,,48.34,48.34,48.34,48.34,48.34,33.21,33.21,,,,,29.28,33.21,33.21,33.21,33.21,33.21,47.24,50.12,35.89,41.21,33.21,33.21,33.21,33.21,48.34,29.6,,,,,,
2019-10-05 03:00:00+02:00,,28.24,,28.28,31.95,27.66,,29.56,,28.24,28.4,32.35,32.35,49.02,32.35,28.27,42.62,,39.99,48.34,34.64,,40.66,,,,48.34,48.34,,48.34,48.34,48.34,48.34,48.34,32.35,32.35,,,,,28.4,32.35,32.35,32.35,32.35,32.35,47.52,49.02,34.64,40.03,32.35,32.35,32.35,32.35,48.34,34.64,,,,,,
2019-10-05 04:00:00+02:00,,27.45,,27.52,34.49,27.5,,29.5,,27.33,29.6,32.21,32.21,48.12,32.21,27.52,41.53,,41.99,45.68,39.07,,39.63,,,,45.68,45.68,,45.68,45.68,45.68,45.68,45.68,32.21,32.21,,,,,29.6,32.21,32.21,32.21,32.21,32.21,45.86,48.12,39.08,40.36,32.21,32.21,32.21,32.21,45.68,39.07,,,,,,
2019-10-05 05:00:00+02:00,,28.46,,28.51,35.4,27.39,,29.63,,28.39,29.8,32.92,32.92,48.12,32.92,28.51,36.03,,45.95,48.34,45.01,,34.38,,,,48.34,48.34,,48.34,48.34,48.34,48.34,48.34,32.92,32.92,,,,,29.8,32.92,32.92,32.92,32.92,32.92,42.98,48.12,45.02,46.49,32.92,32.92,32.92,32.92,48.34,29.63,,,,,,
2019-10-05 06:00:00+02:00,,29.3,,29.3,35.49,31.62,,29.8,,29.3,29.3,33.92,33.92,46.52,33.92,29.3,33.56,,63.94,55.17,49.51,,30.97,,,,55.17,55.17,,55.17,55.17,55.17,55.17,55.17,33.92,33.92,,,,,29.3,33.92,33.92,33.92,33.92,33.92,43.54,46.52,49.51,51.58,33.92,33.92,33.92,33.92,55.17,29.8,,,,,,
2019-10-05 07:00:00+02:00,,31.51,,31.51,41.49,37.09,,32.22,,31.51,31.51,34.49,34.49,49.0,34.49,31.51,38.23,,63.67,62.0,56.79,,28.0,,,,62.0,62.0,,62.0,62.0,62.0,64.01,62.0,34.49,34.49,,,,,31.51,34.49,34.49,34.49,34.49,34.49,48.17,49.0,56.8,57.29,34.49,34.49,34.49,34.49,62.0,32.22,,,,,,
2019-10-05 08:00:00+02:00,,37.03,,37.03,52.41,39.37,,36.23,,37.03,37.03,35.74,36.52,49.17,35.74,37.03,38.14,,63.69,62.0,59.92,,33.48,,,,62.0,62.0,,62.0,62.0,62.0,70.49,62.0,36.52,36.52,,,,,37.03,35.74,35.74,35.74,35.74,35.74,52.05,49.17,59.93,58.68,35.74,35.74,35.74,35.74,62.0,55.44,,,,,,
2019-10-05 09:00:00+02:00,,43.09,,43.4,52.75,40.33,,38.03,,42.95,42.95,42.95,46.84,51.25,41.0,43.25,53.84,,60.62,61.1,67.0,,49.9,,,,59.58,59.58,,59.58,59.58,59.58,76.19,59.58,46.84,46.84,,,,,43.25,36.76,36.76,36.76,36.76,36.76,57.12,51.25,67.01,59.24,36.76,36.76,36.76,42.95,61.1,59.0,,,,,,
2019-10-05 10:00:00+02:00,,39.96,,39.96,49.23,39.91,,37.39,,39.96,39.96,39.96,46.83,50.5,43.37,39.96,59.49,,59.25,66.63,69.43,,44.1,,,,49.22,49.22,,49.22,49.22,49.22,76.19,49.22,46.83,46.83,,,,,39.96,37.46,37.46,37.46,37.46,37.46,56.78,50.5,69.43,59.72,37.46,37.46,37.46,39.96,66.63,58.0,,,,,,
2019-10-05 11:00:00+02:00,,38.65,,40.89,46.11,40.04,,37.39,,37.7,37.7,37.7,46.81,49.0,44.58,39.83,57.24,,59.25,65.0,73.71,,48.7,,,,45.94,45.94,,45.94,45.94,45.94,50.4,45.94,46.81,46.81,,,,,37.7,37.7,37.7,37.7,37.7,37.7,57.12,49.0,73.72,60.77,37.7,37.7,37.7,37.7,65.0,59.59,,,,,,
2019-10-05 12:00:00+02:00,,38.05,,38.65,65.02,39.07,,36.01,,37.18,37.18,37.18,42.14,48.37,42.14,39.42,52.97,,59.25,61.81,67.54,,46.0,,,,40.97,40.97,,40.97,40.97,40.97,40.97,40.97,42.14,42.14,,,,,37.18,37.18,37.18,37.18,37.18,37.18,57.12,48.37,67.55,61.07,37.18,37.18,37.18,37.18,61.81,67.54,,,,,,
2019-10-05 13:00:00+02:00,,36.51,,36.51,43.44,37.82,,34.48,,36.51,36.51,36.51,41.23,49.0,41.23,36.51,44.89,,59.25,55.0,58.97,,42.84,,,,37.99,37.99,,37.99,37.99,37.99,37.99,37.99,41.23,41.23,,,,,36.51,36.51,36.51,36.51,36.51,36.51,54.03,49.0,58.98,60.02,36.51,36.51,36.51,36.51,55.0,58.97,,,,,,
2019-10-05 14:00:00+02:00,,35.24,,35.24,43.46,36.8,,33.65,,35.24,35.24,35.93,40.8,46.07,40.8,35.24,42.65,,58.7,52.0,57.72,,40.7,,,,37.5,37.5,,37.5,37.5,37.5,37.5,37.5,40.8,40.8,,,,,35.24,35.93,35.93,35.93,35.93,35.93,50.93,46.07,57.73,60.01,35.93,35.93,35.93,35.93,52.0,51.99,,,,,,
2019-10-05 15:00:00+02:00,,35.89,,35.89,44.48,37.04,,34.01,,35.89,35.89,36.27,40.32,44.77,40.32,35.89,36.96,,58.89,52.0,58.55,,35.27,,,,39.15,39.15,,39.15,39.15,39.15,39.15,39.15,40.32,40.32,,,,,35.89,36.27,36.27,36.27,36.27,36.27,48.16,44.77,58.55,57.31,36.27,36.27,36.27,36.27,52.0,34.01,,,,,,
2019-10-05 16:00:00+02:00,,38.05,,38.05,66.23,38.02,,35.73,,38.05,38.05,38.05,45.41,42.8,45.41,38.05,43.42,,60.66,52.0,60.06,,41.44,,,,41.51,41.51,,41.51,41.51,41.51,41.51,41.51,45.41,45.41,,,,,38.05,37.21,37.21,37.21,37.21,37.21,48.15,42.8,60.06,61.15,37.21,37.21,37.21,38.05,52.0,35.73,,,,,,
2019-10-05 17:00:00+02:00,,43.59,,43.59,69.57,43.55,,41.92,,43.59,43.59,43.59,46.46,43.59,46.46,43.59,49.89,,76.93,52.0,60.44,,51.16,,,,48.34,48.34,,48.34,48.34,48.34,48.34,48.34,46.46,46.46,,,,,43.59,38.08,38.08,38.08,38.08,38.08,48.16,43.59,60.45,65.49,38.08,38.08,38.08,43.59,52.0,41.92,,,,,,
2019-10-05 18:00:00+02:00,,48.11,,48.11,69.59,49.6,,46.3,,48.11,48.11,48.11,48.11,48.11,48.11,48.11,54.99,,74.48,57.71,69.29,,56.39,,,,57.71,57.71,,57.71,57.71,57.71,75.3,57.71,48.11,48.11,,,,,48.11,38.73,38.73,38.73,38.73,38.73,52.08,48.11,69.3,75.68,38.73,38.73,38.73,48.11,57.71,46.3,,,,,,
2019-10-05 19:00:00+02:00,,52.09,,52.09,69.59,51.02,,50.09,,52.09,52.09,52.09,52.09,52.09,46.46,52.09,58.92,,74.49,74.1,84.45,,60.42,,,,71.19,71.19,,71.19,71.19,71.19,76.19,71.19,52.09,52.09,,,,,52.09,38.93,38.93,38.93,38.93,38.93,52.23,52.09,84.46,79.94,38.93,38.93,38.93,52.09,74.1,50.09,,,,,,
2019-10-05 20:00:00+02:00,,49.75,,49.75,80.1,49.04,,47.01,,49.75,49.75,49.75,49.75,54.12,38.0,49.75,58.12,,76.86,65.0,73.87,,59.59,,,,65.0,65.0,,65.0,65.0,65.0,70.49,65.0,49.75,49.75,,,,,49.75,38.0,38.0,38.0,38.0,38.0,50.75,54.12,73.88,75.12,38.0,38.0,38.0,49.75,65.0,47.01,,,,,,
2019-10-05 21:00:00+02:00,,41.0,,41.0,65.05,43.11,,40.0,,41.0,41.0,41.0,43.54,54.12,43.54,41.0,46.79,,70.52,57.5,64.07,,50.6,,,,57.5,57.5,,57.5,57.5,57.5,76.19,57.5,43.54,43.54,,,,,41.0,37.5,37.5,37.5,37.5,37.5,47.17,54.12,64.08,66.08,37.5,37.5,37.5,41.0,57.5,40.0,,,,,,
2019-10-05 22:00:00+02:00,,40.0,,40.0,52.26,40.04,,37.96,,40.0,40.0,40.0,40.0,51.12,40.0,40.0,41.18,,60.68,52.1,60.88,,43.26,,,,51.83,51.83,,51.83,51.83,51.83,54.01,51.83,40.0,40.0,,,,,40.0,36.99,36.99,36.99,36.99,36.99,43.79,51.12,60.89,61.78,36.99,36.99,36.99,40.0,52.1,37.96,,,,,,
2019-10-05 23:00:00+02:00,,35.9,,35.9,46.8,36.64,,34.89,,35.9,35.9,35.9,35.9,46.77,35.9,35.9,36.81,,0.0,46.74,52.23,,37.75,,,,46.74,46.74,,46.74,46.74,46.74,46.74,46.74,35.9,35.9,,,,,35.9,35.9,35.9,35.9,35.9,35.9,42.62,46.77,52.24,54.94,35.9,35.9,35.9,35.9,46.74,34.89,,,,,,
2019-10-06 00:00:00+02:00,,34.22,,34.22,61.94,33.39,,32.0,,34.22,34.22,35.35,35.35,51.12,35.35,34.22,35.27,,49.74,43.72,55.03,,33.63,,,,43.72,43.72,,43.72,43.72,43.72,43.72,43.72,35.35,35.35,,,,,34.22,35.35,35.35,35.35,35.35,35.35,35.53,51.12,55.04,58.07,35.35,35.35,35.35,35.35,43.72,32.0,,,,,,
2019-10-06 01:00:00+02:00,,28.94,,28.94,55.0,31.79,,30.74,,28.94,28.94,34.64,34.64,50.12,34.64,28.94,29.61,,45.0,41.21,45.84,,28.24,,,,41.21,41.21,,41.21,41.21,41.21,41.21,41.21,34.64,34.64,,,,,28.94,34.64,34.64,34.64,34.64,34.64,34.81,50.12,45.84,50.01,34.64,34.64,34.64,34.64,41.21,30.74,,,,,,
2019-10-06 02:00:00+02:00,,27.43,,27.43,38.09,30.17,,30.71,,27.43,27.43,34.03,34.03,47.51,34.03,27.43,28.07,,38.5,40.48,38.67,,26.77,,,,40.48,40.48,,40.48,40.48,40.48,40.48,40.48,34.03,34.03,,,,,27.43,34.03,34.03,34.03,34.03,34.03,34.2,47.51,38.67,39.07,34.03,34.03,34.03,34.03,40.48,30.71,,,,,,
2019-10-06 03:00:00+02:00,,28.99,,28.99,47.0,29.0,,30.5,,28.99,28.99,33.58,33.58,44.07,33.58,28.99,29.67,,37.53,38.42,34.77,,25.71,,,,38.42,38.42,,38.42,38.42,38.42,38.42,38.42,33.58,33.58,,,,,28.99,33.58,33.58,33.58,33.58,33.58,33.74,44.07,34.78,37.08,33.58,33.58,33.58,33.58,38.42,30.5,,,,,,
2019-10-06 04:00:00+02:00,,27.0,,27.0,37.3,28.38,,30.01,,27.0,33.61,33.61,33.61,43.78,33.61,27.0,27.62,,37.5,38.4,35.08,,25.0,,,,38.4,38.4,,38.4,38.4,38.4,38.4,38.4,33.61,33.61,,,,,27.0,33.61,33.61,33.61,33.61,33.61,33.77,43.78,35.08,37.07,33.61,33.61,33.61,33.61,38.4,30.01,,,,,,
2019-10-06 05:00:00+02:00,,27.08,,27.08,55.01,28.29,,29.6,,27.08,33.85,33.85,33.85,43.6,33.85,27.08,27.71,,47.51,38.4,30.28,,24.85,,,,38.4,38.4,,38.4,38.4,38.4,38.4,38.4,33.85,33.85,,,,,27.08,33.85,33.85,33.85,33.85,33.85,34.02,43.6,40.01,36.0,33.85,33.85,33.85,33.85,38.4,29.6,,,,,,
2019-10-06 06:00:00+02:00,,27.1,,27.1,35.47,28.7,,29.96,,27.1,34.02,34.02,34.02,42.51,34.02,27.1,27.72,,55.0,41.0,31.71,,23.41,,,,41.0,41.0,,41.0,41.0,41.0,41.0,41.0,34.02,34.02,,,,,27.1,34.02,34.02,34.02,34.02,34.02,34.19,42.51,37.99,38.43,34.02,34.02,34.02,34.02,41.0,29.96,,,,,,
2019-10-06 07:00:00+02:00,,28.97,,28.97,41.47,31.07,,30.9,,28.97,34.28,34.28,34.28,43.34,34.28,28.97,29.64,,58.78,42.38,52.23,,25.0,,,,42.38,42.38,,42.38,42.38,42.38,42.38,42.38,34.28,34.28,,,,,28.97,34.28,34.28,34.28,34.28,34.28,34.45,43.34,52.24,48.45,34.28,34.28,34.28,34.28,42.38,30.9,,,,,,
2019-10-06 08:00:00+02:00,,28.33,,28.46,41.4,33.29,,31.85,,28.22,35.03,35.03,35.03,43.33,35.03,28.43,29.08,,58.78,41.3,50.77,,25.0,,,,41.3,41.3,,41.3,41.3,41.3,87.33,41.3,35.03,35.03,,,,,30.0,35.03,35.03,35.03,35.03,35.03,37.33,43.33,50.78,49.2,35.03,35.03,35.03,35.03,41.3,31.85,,,,,,
2019-10-06 09:00:00+02:00,,32.96,,33.18,35.03,35.72,,34.1,,32.83,35.85,35.85,35.85,45.48,35.85,33.09,33.86,,59.25,41.21,57.26,,34.69,,,,41.21,41.21,,41.21,41.21,41.21,52.0,41.21,35.85,35.85,,,,,34.7,35.85,35.85,35.85,35.85,35.85,40.44,45.48,57.27,60.62,35.85,35.85,35.85,35.85,41.21,34.1,,,,,,
2019-10-06 10:00:00+02:00,,34.02,,34.59,36.92,34.33,,34.76,,33.93,36.55,36.55,37.66,47.01,37.66,34.37,39.03,,59.25,41.0,58.97,,40.0,,,,41.0,41.0,,41.0,41.0,41.0,41.0,41.0,37.66,37.66,,,,,36.55,36.55,36.55,36.55,36.55,36.55,40.4,47.01,58.98,63.01,36.55,36.55,36.55,36.55,41.0,46.4,,,,,,
2019-10-06 11:00:00+02:00,,35.89,,36.04,41.43,33.71,,36.0,,35.87,36.52,36.52,40.42,45.01,40.42,35.98,44.2,,59.25,40.2,58.55,,45.3,,,,40.0,40.0,,40.0,40.0,40.0,40.0,40.0,40.42,40.42,,,,,36.52,36.52,36.52,36.52,36.52,36.52,40.61,45.01,58.56,61.59,36.52,36.52,36.52,36.52,40.2,46.4,,,,,,
2019-10-06 12:00:00+02:00,,34.1,,34.5,42.48,33.15,,34.0,,33.96,36.08,36.08,40.58,45.71,40.58,34.33,42.93,,59.25,43.4,52.31,,44.0,,,,38.68,38.68,,38.68,38.68,38.68,38.68,38.68,40.58,40.58,,,,,36.08,36.08,36.08,36.08,36.08,36.08,40.77,45.71,52.32,58.06,36.08,36.08,36.08,36.08,43.4,34.0,,,,,,
2019-10-06 13:00:00+02:00,,30.51,,31.32,40.08,30.89,,30.8,,30.2,35.69,35.69,39.06,47.21,39.06,30.95,45.9,,59.25,35.8,41.99,,47.03,,,,35.8,35.8,,35.8,35.8,35.8,35.8,35.8,39.06,39.06,,,,,34.55,35.69,35.69,35.69,35.69,35.69,42.17,47.21,42.0,57.15,35.69,35.69,35.69,35.69,35.8,30.8,,,,,,
2019-10-06 14:00:00+02:00,,28.48,,28.54,43.44,29.72,,30.16,,28.03,35.43,35.43,35.88,43.35,35.88,28.03,38.25,,49.99,36.95,45.69,,41.3,,,,36.95,36.95,,36.95,36.95,36.95,36.95,36.95,35.88,35.88,,,,,33.0,35.43,35.43,35.43,35.43,35.43,39.64,43.35,45.69,56.63,35.43,35.43,35.43,35.43,36.95,30.16,,,,,,
2019-10-06 15:00:00+02:00,,29.0,,29.0,54.48,29.47,,30.76,,29.0,35.47,35.47,35.58,40.01,35.58,29.0,36.71,,59.25,36.98,47.0,,38.54,,,,36.98,36.98,,36.98,36.98,36.98,36.98,36.98,35.58,35.58,,,,,29.0,35.47,35.47,35.47,35.47,35.47,38.59,40.01,47.01,58.02,35.47,35.47,35.47,35.47,36.98,30.76,,,,,,
2019-10-06 16:00:00+02:00,,28.92,,28.92,69.54,30.56,,31.6,,28.92,32.59,35.74,38.5,39.33,38.5,28.92,44.31,,59.25,43.4,59.0,,46.52,,,,40.84,40.84,,40.84,40.84,40.84,40.84,40.84,38.5,38.5,,,,,28.92,35.74,35.74,35.74,35.74,35.74,38.68,39.33,59.01,58.51,35.74,35.74,35.74,35.74,43.4,31.6,,,,,,
2019-10-06 17:00:00+02:00,,32.99,,20.0,79.15,36.42,,37.1,,32.99,35.46,36.64,41.02,39.12,36.64,26.41,44.81,,70.38,41.6,66.36,,47.05,,,,41.6,41.6,,41.6,41.6,41.6,41.6,41.6,41.02,41.02,,,,,35.46,36.64,36.64,36.64,36.64,36.64,41.21,39.12,66.37,65.4,36.64,36.64,36.64,36.64,41.6,37.1,,,,,,
2019-10-06 18:00:00+02:00,,38.09,,38.09,69.58,41.74,,42.1,,38.09,38.09,46.94,46.94,39.96,41.72,38.09,56.09,,70.7,47.56,75.02,,58.88,,,,47.56,47.56,,47.56,47.56,47.56,87.33,47.56,46.94,46.94,,,,,38.09,37.71,37.71,37.71,37.71,37.71,47.16,39.96,75.03,75.03,37.71,37.71,37.71,46.94,47.56,42.1,,,,,,
2019-10-06 19:00:00+02:00,,43.35,,43.35,69.57,45.76,,45.85,,43.35,43.35,52.19,52.19,43.35,39.58,43.35,67.69,,76.87,62.0,88.2,,69.37,,,,62.0,62.0,,62.0,62.0,62.0,87.33,62.0,52.19,52.19,,,,,43.35,39.42,39.42,39.42,39.42,39.42,52.43,43.35,88.21,85.05,39.42,39.42,39.42,52.19,62.0,45.85,,,,,,
2019-10-06 20:00:00+02:00,,38.41,,38.41,76.53,42.04,,43.14,,38.41,38.41,38.41,43.93,51.0,37.26,38.41,65.84,,74.48,60.0,73.5,,67.48,,,,60.0,60.0,,60.0,60.0,60.0,86.49,60.0,43.93,43.93,,,,,38.41,37.26,37.26,37.26,37.26,37.26,51.58,51.0,73.51,72.02,37.26,37.26,37.26,38.41,60.0,43.14,,,,,,
2019-10-06 21:00:00+02:00,,34.93,,34.93,69.57,38.56,,37.37,,34.93,34.93,36.09,43.94,52.12,38.54,34.93,45.43,,70.51,51.09,73.5,,46.95,,,,51.09,51.09,,51.09,51.09,51.09,86.49,51.09,43.94,43.94,,,,,34.93,36.09,36.09,36.09,36.09,36.09,46.76,52.12,73.51,69.13,36.09,36.09,36.09,36.09,51.09,37.37,,,,,,
2019-10-06 22:00:00+02:00,,35.36,,35.36,69.54,37.55,,37.01,,35.36,35.36,35.36,35.36,50.29,35.36,35.36,41.61,,66.07,47.09,62.55,,36.08,,,,47.09,47.09,,47.09,47.09,47.09,76.19,47.09,35.36,35.36,,,,,35.36,35.36,35.36,35.36,35.36,35.36,38.85,50.29,62.56,66.29,35.36,35.36,35.36,35.36,47.09,37.01,,,,,,
2019-10-06 23:00:00+02:00,,34.06,,34.06,44.27,35.07,,33.14,,34.06,34.39,34.39,34.39,47.36,34.39,34.06,36.57,,63.92,43.4,57.0,,28.98,,,,41.0,41.0,,41.0,41.0,41.0,76.19,41.0,34.39,34.39,,,,,34.06,34.39,34.39,34.39,34.39,34.39,35.53,47.36,57.01,60.02,34.39,34.39,34.39,34.39,43.4,33.14,,,,,,
2019-10-07 00:00:00+02:00,,28.99,,28.99,22.55,31.58,,31.59,,28.99,33.39,33.39,33.39,51.0,33.39,28.99,29.86,,70.09,44.79,36.11,,5.0,,,,44.79,44.79,,44.79,44.79,44.79,44.79,44.79,33.39,33.39,,,,,28.99,33.39,33.39,33.39,33.39,33.39,51.93,51.0,36.12,58.98,33.39,33.39,33.39,33.39,44.79,31.59,,,,,,
2019-10-07 01:00:00+02:00,,27.07,,27.07,22.55,31.04,,31.0,,27.07,33.28,33.28,33.28,47.57,33.28,27.07,27.69,,63.82,44.0,31.99,,-0.51,,,,44.0,44.0,,44.0,44.0,44.0,44.0,44.0,33.28,33.28,,,,,27.07,33.28,33.28,33.28,33.28,33.28,51.5,47.57,31.99,52.74,33.28,33.28,33.28,33.28,44.0,31.0,,,,,,
2019-10-07 02:00:00+02:00,,27.0,,27.0,22.54,30.87,,31.1,,27.0,33.22,33.22,33.22,45.0,33.22,27.0,27.6,,63.81,42.26,31.1,,-0.94,,,,42.26,42.26,,42.26,42.26,42.26,42.26,42.26,33.22,33.22,,,,,27.0,33.22,33.22,33.22,33.22,33.22,51.0,45.0,31.1,38.53,33.22,33.22,33.22,33.22,42.26,31.1,,,,,,
2019-10-07 03:00:00+02:00,,28.19,,26.32,22.55,30.95,,31.0,,27.99,33.34,33.34,33.34,44.0,33.34,25.77,26.33,,63.81,42.05,31.0,,-1.0,,,,42.05,42.05,,42.05,42.05,42.05,42.05,42.05,33.34,33.34,,,,,27.19,33.34,33.34,33.34,33.34,33.34,51.01,44.0,31.0,37.47,33.34,33.34,33.34,33.34,42.05,31.0,,,,,,
2019-10-07 04:00:00+02:00,,27.26,,25.45,26.04,32.95,,32.13,,27.06,27.06,34.19,34.19,44.0,34.19,24.91,25.44,,63.84,42.07,33.83,,-1.0,,,,42.07,42.07,,42.07,42.07,42.07,42.07,42.07,34.19,34.19,,,,,26.28,34.19,34.19,34.19,34.19,34.19,51.3,44.0,33.84,39.74,34.19,34.19,34.19,34.19,42.07,32.13,,,,,,
2019-10-07 05:00:00+02:00,,30.23,,30.23,64.01,36.44,,36.2,,30.23,30.23,36.16,36.16,43.01,36.16,30.23,29.47,,66.22,44.8,44.88,,-0.93,,,,44.8,44.8,,44.8,44.8,44.8,44.8,44.8,36.16,36.16,,,,,30.23,36.16,36.16,36.16,36.16,36.16,49.77,43.01,44.89,58.97,36.16,36.16,36.16,36.16,44.8,36.2,,,,,,
2019-10-07 06:00:00+02:00,,50.89,,47.68,70.0,49.45,,51.8,,50.62,50.62,57.69,57.69,47.54,57.69,47.54,46.32,,78.18,60.46,57.9,,-0.9,,,,60.46,60.46,,60.46,60.46,60.46,60.46,60.46,57.69,57.69,,,,,47.88,37.82,37.82,37.82,37.82,37.82,57.95,47.54,57.91,73.89,37.82,37.82,37.82,57.69,60.46,57.9,,,,,,
2019-10-07 07:00:00+02:00,,56.49,,56.49,102.18,55.88,,58.6,,56.49,56.49,71.01,71.01,56.0,66.81,56.49,55.02,,76.93,72.99,75.37,,25.0,,,,72.99,72.99,,72.99,72.99,72.99,75.31,72.99,71.01,71.01,,,,,56.49,48.56,48.56,37.58,37.58,48.56,69.56,56.0,75.38,85.04,37.58,37.58,56.23,71.01,72.99,58.6,,,,,,
2019-10-07 08:00:00+02:00,,59.86,,59.86,97.2,57.11,,62.6,,59.86,59.86,71.07,71.07,55.1,68.17,59.86,56.03,,76.93,79.82,87.06,,46.15,,,,79.82,79.82,,79.82,79.82,79.82,93.0,79.82,71.07,71.07,,,,,59.86,57.95,57.95,39.45,39.45,57.95,70.71,55.1,87.07,85.05,39.45,39.45,59.86,71.07,79.82,62.6,,,,,,
2019-10-07 09:00:00+02:00,,56.51,,56.51,70.05,55.16,,57.0,,56.51,56.51,71.02,71.02,55.89,65.67,56.51,54.85,,78.25,75.88,82.1,,52.46,,,,75.88,75.88,,75.88,75.88,75.88,102.34,75.88,71.02,71.02,,,,,56.51,54.7,54.7,41.38,41.38,54.7,70.71,55.89,82.1,85.0,41.38,41.38,56.51,71.02,75.88,57.0,,,,,,
2019-10-07 10:00:00+02:00,,53.08,,53.08,70.04,52.09,,51.5,,53.08,53.08,70.73,70.73,53.08,70.73,53.08,51.5,,78.34,73.13,73.25,,49.28,,,,73.13,73.13,,73.13,73.13,73.13,73.13,73.13,70.73,70.73,,,,,53.08,51.38,51.38,44.39,44.39,51.38,70.72,53.08,73.25,85.01,44.39,44.39,53.08,70.73,73.13,51.5,,,,,,
2019-10-07 11:00:00+02:00,,51.75,,51.75,70.03,51.45,,49.97,,51.75,51.75,70.41,70.41,51.75,70.41,51.75,50.2,,78.24,71.46,71.39,,48.05,,,,71.46,71.46,,71.46,71.46,71.46,74.9,71.46,70.41,70.41,,,,,51.75,43.62,43.62,43.62,43.62,43.62,70.72,51.75,71.4,83.03,43.62,43.62,51.75,70.41,71.46,49.97,,,,,,
2019-10-07 12:00:00+02:00,,49.91,,49.91,90.1,49.84,,48.52,,49.91,49.91,69.94,69.94,49.91,69.69,49.91,48.4,,78.24,60.46,68.04,,46.34,,,,60.46,60.46,,60.46,60.46,60.46,60.46,60.46,69.94,69.94,,,,,49.91,41.81,41.81,41.81,41.81,41.81,70.24,49.91,68.04,84.58,41.81,41.81,49.91,69.94,60.46,48.52,,,,,,
2019-10-07 13:00:00+02:00,,48.8,,48.8,95.06,49.52,,47.82,,48.8,48.8,68.3,68.3,48.8,68.03,48.8,47.31,,78.25,63.4,60.05,,45.31,,,,63.4,63.4,,63.4,63.4,63.4,63.4,63.4,68.3,68.3,,,,,48.8,41.42,41.42,41.42,41.42,41.42,68.6,48.8,60.05,71.05,41.42,41.42,48.8,68.3,63.4,47.82,,,,,,
2019-10-07 14:00:00+02:00,,47.57,,47.57,95.05,48.86,,46.74,,47.57,47.57,64.9,64.9,47.57,64.9,47.57,46.11,,76.92,67.43,60.44,,44.17,,,,67.43,67.43,,67.43,67.43,67.43,67.43,67.43,64.9,64.9,,,,,47.57,40.98,40.98,40.98,40.98,40.98,65.18,47.57,60.44,71.35,40.98,40.98,47.57,64.9,67.43,46.74,,,,,,
2019-10-07 15:00:00+02:00,,48.04,,48.04,95.05,48.89,,49.0,,48.04,48.04,64.18,64.18,48.04,63.3,48.04,46.54,,76.9,68.43,60.44,,44.0,,,,68.43,68.43,,68.43,68.43,68.43,84.34,68.43,64.18,64.18,,,,,48.04,40.91,40.91,40.91,40.91,40.91,64.46,48.04,60.44,70.84,40.91,40.91,48.04,64.18,68.43,49.0,,,,,,
2019-10-07 16:00:00+02:00,,48.78,,48.78,75.65,50.6,,53.73,,48.78,48.78,64.83,64.83,48.78,64.83,48.78,47.25,,78.25,70.0,65.62,,30.0,,,,70.0,70.0,,70.0,70.0,70.0,84.34,70.0,64.83,64.83,,,,,48.78,40.9,40.9,40.9,40.9,40.9,65.11,48.78,65.62,72.97,40.9,40.9,48.78,64.83,70.0,53.73,,,,,,
2019-10-07 17:00:00+02:00,,51.5,,51.5,95.03,53.1,,57.91,,51.5,51.5,67.77,67.77,51.5,67.77,51.5,50.02,,84.4,70.63,69.29,,37.0,,,,70.63,70.63,,70.63,70.63,70.63,76.34,70.63,67.77,67.77,,,,,51.5,40.88,40.88,40.88,40.88,40.88,68.06,51.5,69.29,75.49,40.88,40.88,51.5,67.77,70.63,57.91,,,,,,
2019-10-07 18:00:00+02:00,,54.91,,54.91,85.05,55.62,,66.89,,54.91,54.91,72.42,72.42,54.91,72.42,54.91,54.22,,76.89,70.63,71.48,,46.26,,,,70.63,70.63,,70.63,70.63,70.63,82.55,70.63,72.42,72.42,,,,,54.91,40.98,40.98,40.98,40.98,40.98,72.74,54.91,71.48,80.18,40.98,40.98,54.91,72.42,70.63,66.89,,,,,,
2019-10-07 19:00:00+02:00,,61.76,,61.76,80.22,58.76,,74.5,,61.76,61.76,75.28,75.28,57.51,71.52,61.76,59.95,,74.59,75.0,75.23,,46.26,,,,75.0,75.0,,75.0,75.0,75.0,94.55,75.0,75.28,75.28,,,,,61.76,41.41,41.41,40.97,40.97,41.41,75.6,57.51,75.23,85.99,40.97,40.97,61.76,75.28,75.0,74.5,,,,,,
2019-10-07 20:00:00+02:00,,53.38,,52.44,70.02,55.44,,65.89,,52.0,51.93,69.26,69.26,56.0,51.3,54.81,53.18,,74.51,69.1,67.18,,48.0,,,,69.1,69.1,,69.1,69.1,69.1,103.55,69.1,69.26,69.26,,,,,51.93,40.94,40.94,40.49,40.49,40.94,69.55,56.0,67.18,80.43,40.49,40.49,51.3,69.26,69.1,65.89,,,,,,
2019-10-07 21:00:00+02:00,,43.69,,42.24,46.42,49.51,,52.09,,43.46,43.46,56.77,56.77,56.0,46.44,44.4,43.07,,74.47,55.89,52.23,,41.34,,,,55.89,55.89,,55.89,55.89,55.89,94.55,55.89,56.77,56.77,,,,,43.03,38.6,38.6,38.6,38.6,38.6,57.02,56.0,52.23,66.06,38.6,38.6,38.6,56.77,55.89,52.09,,,,,,
2019-10-07 22:00:00+02:00,,40.12,,39.02,44.02,43.07,,47.0,,39.18,39.18,51.84,51.84,51.25,45.35,41.01,39.77,,74.41,49.31,50.01,,33.01,,,,49.31,49.31,,49.31,49.31,49.31,76.34,49.31,51.84,51.84,,,,,38.86,37.31,37.31,37.31,37.31,37.31,53.0,51.25,50.01,63.56,37.31,37.31,37.31,51.84,49.31,47.0,,,,,,
2019-10-07 23:00:00+02:00,,33.07,,27.71,43.03,37.29,,40.06,,28.44,28.44,35.81,35.81,47.72,35.81,32.77,28.24,,74.41,46.15,43.06,,27.0,,,,46.15,46.15,,46.15,46.15,46.15,54.57,46.15,35.81,35.81,,,,,27.6,35.81,35.81,35.81,35.81,35.81,48.82,47.72,43.06,59.53,35.81,35.81,35.81,35.81,46.15,43.06,,,,,,
2019-10-08 00:00:00+02:00,,30.64,,30.64,42.93,33.15,,32.7,,30.64,30.64,35.68,35.68,57.5,35.68,30.64,31.14,,65.8,45.05,40.09,,20.0,,,,45.05,45.05,,45.05,45.05,45.05,45.05,45.05,35.68,35.68,,,,,30.64,35.67,35.67,35.68,35.68,35.67,47.45,57.5,40.09,47.25,35.68,35.68,35.68,35.68,45.05,32.7,,,,,,
2019-10-08 01:00:00+02:00,,27.93,,27.93,38.05,34.87,,29.01,,27.93,27.93,34.91,34.91,55.91,34.91,27.93,28.39,,63.83,40.2,35.12,,-0.1,,,,44.0,44.0,,44.0,44.0,44.0,44.0,44.0,34.91,34.91,,,,,27.93,34.74,34.74,34.91,34.91,34.91,47.23,55.91,35.12,41.99,34.91,34.91,34.91,34.91,40.2,29.01,,,,,,
2019-10-08 02:00:00+02:00,,25.0,,25.0,35.7,34.34,,25.45,,25.0,25.0,34.35,34.35,54.63,34.35,25.0,25.4,,47.0,31.95,29.09,,-1.0,,,,41.14,41.14,,41.14,41.14,41.14,41.14,41.14,34.35,34.35,,,,,25.0,33.88,33.88,34.35,34.35,34.35,47.23,54.63,29.09,37.65,34.35,34.35,34.35,34.35,31.95,25.45,,,,,,
2019-10-08 03:00:00+02:00,,22.98,,22.98,34.83,27.18,,23.96,,22.98,22.98,34.03,34.03,54.23,34.03,22.98,23.35,,47.0,24.93,28.17,,-1.0,,,,42.0,42.0,,42.0,42.0,42.0,42.0,42.0,34.03,34.03,,,,,22.98,33.87,33.87,34.03,34.03,34.03,47.23,54.23,28.17,36.4,34.03,34.03,34.03,34.03,24.93,23.96,,,,,,
2019-10-08 04:00:00+02:00,,22.13,,21.04,35.78,27.9,,23.69,,22.02,22.02,34.41,34.41,53.67,34.41,20.71,21.05,,47.0,24.98,32.75,,-1.0,,,,42.0,42.0,,42.0,42.0,42.0,42.0,42.0,34.41,34.41,,,,,21.55,33.95,33.95,34.41,34.41,34.41,46.96,53.67,32.75,38.35,34.41,34.41,34.41,34.41,24.98,23.69,,,,,,
2019-10-08 05:00:00+02:00,,32.0,,24.42,41.28,34.03,,33.01,,24.5,24.5,36.1,42.91,52.89,42.91,24.39,23.64,,63.58,44.46,44.12,,-1.0,,,,44.46,44.46,,44.46,44.46,44.46,44.46,44.46,36.1,42.91,,,,,24.5,34.47,34.47,36.1,36.1,34.84,47.29,52.89,44.11,46.07,36.1,36.1,36.1,36.1,44.46,33.01,,,,,,
2019-10-08 06:00:00+02:00,,36.08,,30.52,52.52,41.0,,55.0,,30.52,30.52,61.2,69.94,52.72,69.94,30.52,31.01,,59.25,53.96,59.04,,-1.0,,,,53.96,53.96,,53.96,53.96,53.96,53.96,53.96,61.2,69.94,,,,,30.52,35.98,35.98,36.91,36.91,35.98,61.33,52.72,59.03,62.03,36.91,36.91,36.91,61.2,53.96,55.0,,,,,,
2019-10-08 07:00:00+02:00,,46.0,,44.62,64.11,48.83,,57.24,,42.12,42.12,60.18,72.78,56.0,72.78,47.21,43.14,,69.1,67.0,73.5,,22.0,,,,61.33,60.71,,67.0,60.71,60.71,60.71,60.71,72.78,72.78,,,,,42.15,37.87,37.87,37.87,37.87,37.87,60.31,56.0,73.5,70.87,37.87,37.87,37.87,60.18,67.0,57.24,,,,,,
2019-10-08 08:00:00+02:00,,47.92,,47.38,70.0,49.77,,59.5,,47.19,47.19,65.58,74.33,56.65,74.33,49.8,48.28,,74.48,72.99,75.06,,28.0,,,,72.99,64.14,,72.99,64.14,64.14,64.14,64.14,74.33,74.33,,,,,47.19,44.3,44.3,41.68,41.68,44.3,65.74,56.65,75.05,74.01,41.68,41.68,44.3,65.58,72.99,59.5,,,,,,
2019-10-08 09:00:00+02:00,,47.97,,48.38,68.17,49.47,,57.55,,43.04,43.04,65.78,72.78,57.64,72.78,50.85,49.3,,73.82,70.0,74.75,,47.35,,,,70.0,52.57,,70.0,52.57,52.57,52.57,52.57,72.78,72.78,,,,,45.08,43.04,43.04,41.38,41.38,43.04,65.94,57.64,74.74,74.04,41.38,41.38,43.04,65.78,70.0,57.55,,,,,,
2019-10-08 10:00:00+02:00,,47.0,,47.98,70.0,48.63,,56.0,,40.16,40.16,56.77,73.55,55.14,73.55,49.13,47.63,,71.35,67.0,70.2,,45.75,,,,50.33,48.41,,67.0,48.41,48.41,48.41,48.41,73.55,73.55,,,,,41.49,40.16,40.16,40.16,40.16,40.16,56.92,55.14,70.2,70.93,40.16,40.16,40.16,56.77,67.0,56.0,,,,,,
2019-10-08 11:00:00+02:00,,44.75,,42.27,60.85,48.34,,56.55,,38.73,38.73,57.26,72.74,54.23,72.74,50.01,40.86,,71.0,72.1,70.34,,39.0,,,,50.33,47.18,,67.0,47.18,47.18,47.18,47.18,72.74,72.74,,,,,39.93,38.73,38.73,38.73,38.73,38.73,57.41,54.23,70.34,70.03,38.73,38.73,38.73,57.26,72.1,56.55,,,,,,
2019-10-08 12:00:00+02:00,,43.49,,38.01,54.38,46.92,,56.8,,37.54,37.54,57.29,71.73,54.98,71.73,49.07,36.74,,66.13,77.1,73.5,,31.0,,,,50.15,47.18,,50.15,47.18,47.18,47.18,47.18,71.73,71.73,,,,,36.34,37.54,37.54,37.54,37.54,37.54,57.45,54.98,73.5,68.06,37.54,37.54,37.54,57.29,77.1,56.8,,,,,,
2019-10-08 13:00:00+02:00,,39.7,,35.77,55.69,47.02,,56.0,,36.95,36.95,60.05,69.61,54.48,69.61,46.9,34.43,,63.85,89.05,73.97,,29.0,,,,50.33,47.14,,50.33,47.14,47.14,47.14,47.14,69.61,69.61,,,,,35.77,36.95,36.95,36.95,36.95,36.95,60.23,54.48,73.97,68.03,36.95,36.95,36.95,60.05,89.05,56.0,,,,,,
2019-10-08 14:00:00+02:00,,38.26,,33.0,70.01,46.1,,56.0,,36.2,36.2,60.19,70.72,52.94,70.72,43.53,31.76,,61.75,75.04,73.5,,24.91,,,,58.25,48.14,,58.25,48.14,48.14,48.14,48.14,63.09,70.72,,,,,33.0,36.2,36.2,36.54,36.54,36.2,60.37,52.94,73.5,68.01,36.54,36.54,36.54,60.19,75.04,56.0,,,,,,
2019-10-08 15:00:00+02:00,,36.92,,35.16,70.02,46.09,,54.16,,36.3,36.3,58.47,72.72,52.1,72.72,38.59,33.99,,64.19,70.52,72.23,,25.0,,,,68.35,57.2,,68.35,57.2,57.2,57.2,57.2,58.47,72.72,,,,,35.31,36.53,36.53,36.53,36.53,36.53,58.65,52.1,72.22,69.04,36.53,36.53,36.53,58.47,70.52,54.16,,,,,,
2019-10-08 16:00:00+02:00,,36.32,,36.05,70.02,45.96,,53.0,,36.28,36.28,56.25,69.69,51.49,69.69,36.43,34.84,,66.08,74.0,75.79,,25.0,,,,74.0,70.63,,74.0,70.63,70.63,70.63,70.63,57.01,69.69,,,,,36.2,37.56,37.56,37.56,37.56,37.56,56.43,51.49,75.78,70.79,37.56,37.56,37.56,56.25,74.0,53.0,,,,,,
2019-10-08 17:00:00+02:00,,40.62,,40.62,70.04,45.94,,50.46,,40.62,40.62,56.18,69.49,52.81,69.49,40.62,39.37,,73.81,75.0,76.5,,33.0,,,,75.0,75.0,,75.0,75.0,75.0,75.0,75.0,56.18,69.49,,,,,40.62,39.11,39.11,39.11,39.11,39.11,56.36,52.81,76.49,73.56,39.11,39.11,39.11,56.18,75.0,50.46,,,,,,
2019-10-08 18:00:00+02:00,,45.06,,44.62,82.93,47.63,,54.93,,44.44,44.44,60.98,75.53,53.16,75.53,45.69,45.46,,73.81,80.43,75.09,,43.67,,,,80.43,80.43,,80.43,80.43,80.43,80.43,80.43,60.98,74.36,,,,,44.44,43.02,43.02,40.42,40.42,43.02,61.18,53.16,128.88,78.84,40.42,40.42,43.02,60.98,80.43,54.93,,,,,,
2019-10-08 19:00:00+02:00,,50.39,,50.36,90.06,50.53,,55.91,,50.15,50.15,57.28,72.53,54.98,72.53,50.61,51.3,,74.55,99.61,84.19,,48.97,,,,99.61,99.61,,99.61,99.61,99.61,99.61,99.61,57.28,72.53,,,,,50.15,42.02,42.02,40.35,40.35,42.02,57.47,54.98,126.35,86.02,40.35,40.35,42.02,57.28,99.61,55.91,,,,,,
2019-10-08 20:00:00+02:00,,42.81,,39.29,70.05,49.6,,53.2,,37.5,37.5,55.71,55.71,58.97,55.71,48.76,49.53,,73.81,84.49,75.97,,47.89,,,,84.49,84.49,,84.49,84.49,84.49,84.49,84.49,55.71,55.71,,,,,37.5,37.88,37.88,37.88,37.88,37.88,55.91,58.69,75.97,79.08,37.88,37.88,37.88,55.71,84.49,53.2,,,,,,
2019-10-08 21:00:00+02:00,,35.25,,30.0,70.04,41.38,,43.3,,33.16,33.16,35.93,45.9,57.79,45.9,38.88,39.49,,69.24,75.05,69.29,,38.86,,,,75.05,75.05,,75.05,75.05,75.05,75.05,75.05,35.93,45.9,,,,,33.16,35.93,35.93,35.93,35.93,35.93,47.94,57.79,69.28,74.0,35.93,35.93,35.93,35.93,75.05,43.3,,,,,,
2019-10-08 22:00:00+02:00,,34.0,,32.02,70.04,41.09,,34.6,,28.5,28.5,34.9,44.71,51.6,44.71,40.26,39.02,,65.97,72.1,66.05,,37.49,,,,63.99,63.99,,63.99,63.99,63.99,63.99,63.99,34.9,44.71,,,,,28.5,34.9,34.9,34.9,34.9,34.9,48.68,51.6,66.05,68.98,34.9,34.9,34.9,34.9,72.1,34.6,,,,,,
2019-10-08 23:00:00+02:00,,29.02,,31.07,56.81,38.96,,28.03,,24.24,26.3,33.62,33.62,47.1,33.62,32.65,31.64,,66.29,54.3,51.84,,27.0,,,,52.36,52.36,,52.36,52.36,52.36,52.36,52.36,33.62,33.62,,,,,26.3,33.62,33.62,33.62,33.62,33.62,47.86,47.1,51.83,58.06,33.62,33.62,33.62,33.62,54.3,49.1,,,,,,
2019-10-09 00:00:00+02:00,,24.27,,24.19,43.06,31.93,,27.06,,24.19,24.19,34.17,34.17,48.8,34.17,24.47,23.82,,51.0,49.26,46.49,,24.48,,,,49.26,49.26,,49.26,49.26,49.26,49.26,49.26,34.17,34.17,,,,,24.19,34.17,34.17,34.17,34.17,34.17,48.67,48.8,46.48,48.99,34.17,34.17,34.17,34.17,49.26,45.8,,,,,,
2019-10-09 01:00:00+02:00,,23.63,,23.63,22.55,31.04,,24.5,,23.63,23.63,34.07,34.07,45.05,34.07,23.63,23.0,,48.84,47.2,37.56,,22.01,,,,47.2,47.2,,47.2,47.2,47.2,47.2,47.2,34.07,34.07,,,,,23.63,34.07,34.07,34.07,34.07,34.07,46.13,45.05,37.55,45.96,34.07,34.07,34.07,34.07,47.2,24.5,,,,,,
2019-10-09 02:00:00+02:00,,22.25,,22.25,22.54,31.33,,22.8,,22.25,22.25,33.87,33.87,43.14,33.87,22.25,21.65,,46.7,46.6,24.9,,20.72,,,,46.6,46.6,,46.6,46.6,46.6,46.6,46.6,33.87,33.87,,,,,22.25,33.87,33.87,33.87,33.87,33.87,44.97,43.14,24.89,29.03,33.87,33.87,33.87,33.87,46.6,22.8,,,,,,
2019-10-09 03:00:00+02:00,,19.44,,19.44,22.54,30.1,,20.3,,19.44,19.44,33.87,33.87,42.15,33.87,19.44,18.92,,46.25,46.53,21.54,,18.1,,,,46.53,46.53,,46.53,46.53,46.53,46.53,46.53,33.87,33.87,,,,,19.44,33.87,33.87,33.87,33.87,33.87,45.21,42.15,21.54,27.44,33.87,33.87,33.87,33.87,46.53,20.3,,,,,,
2019-10-09 04:00:00+02:00,,21.92,,21.92,22.55,27.13,,21.17,,21.92,21.92,34.06,34.06,41.07,34.06,21.92,21.32,,50.85,46.94,22.79,,20.41,,,,46.94,46.94,,46.94,46.94,46.94,46.94,46.94,34.06,34.06,,,,,21.92,34.06,34.06,34.06,34.06,34.06,46.33,41.07,22.78,28.03,34.06,34.06,34.06,34.06,46.94,21.17,,,,,,
2019-10-09 05:00:00+02:00,,25.22,,25.22,51.44,32.08,,31.9,,25.22,25.22,35.05,48.67,40.99,48.67,25.22,24.47,,63.95,48.24,40.04,,23.42,,,,48.24,48.24,,48.24,48.24,48.24,48.24,48.24,35.05,48.67,,,,,25.22,35.05,35.05,35.05,35.05,35.05,47.53,40.99,40.02,47.09,35.05,35.05,35.05,35.05,48.24,40.04,,,,,,
2019-10-09 06:00:00+02:00,,40.98,,31.0,70.01,38.21,,43.2,,30.87,31.0,55.41,66.58,41.82,66.58,31.47,30.61,,66.0,60.46,59.0,,24.48,,,,60.46,60.46,,60.46,60.46,60.46,60.46,60.46,55.41,55.41,,,,,31.0,36.54,36.54,36.54,36.54,36.54,55.66,41.82,58.97,60.08,36.54,36.54,36.54,55.41,60.46,59.0,,,,,,
2019-10-09 07:00:00+02:00,,44.63,,43.51,71.26,46.03,,46.2,,44.22,44.22,57.94,66.31,50.21,66.31,45.73,44.47,,70.5,72.51,73.52,,29.6,,,,72.51,72.51,,72.51,72.51,72.51,72.51,72.51,57.94,57.94,,,,,43.51,38.67,38.67,38.67,38.67,38.67,58.21,50.21,73.48,71.23,38.67,38.67,38.67,57.94,72.51,46.2,,,,,,
2019-10-09 08:00:00+02:00,,46.66,,46.06,72.95,47.31,,46.71,,45.51,45.51,60.3,67.92,52.73,67.92,48.41,47.08,,70.52,70.9,75.05,,47.22,,,,70.9,70.9,,70.9,70.9,70.9,80.35,70.9,67.52,67.52,,,,,45.73,45.51,45.51,39.43,39.43,45.51,60.59,52.73,75.0,76.52,39.43,39.43,45.51,60.3,70.9,46.71,,,,,,
2019-10-09 09:00:00+02:00,,47.42,,47.31,70.04,47.03,,47.41,,47.06,47.06,62.4,66.35,53.16,66.35,47.89,48.35,,69.32,70.0,70.4,,50.96,,,,70.0,70.0,,70.0,70.0,70.0,80.35,70.0,62.4,62.4,,,,,47.06,47.06,47.06,39.28,39.28,47.06,62.69,53.16,70.36,73.32,39.28,39.28,47.06,62.4,70.0,47.41,,,,,,
2019-10-09 10:00:00+02:00,,44.77,,44.08,47.93,47.36,,46.34,,42.62,42.62,59.54,65.5,50.85,65.5,47.63,46.61,,66.18,70.0,63.8,,48.15,,,,59.43,59.43,,70.0,59.43,59.43,75.27,59.43,59.54,59.54,,,,,42.62,42.62,42.62,39.2,39.2,42.62,59.83,50.85,63.41,69.99,39.2,39.2,42.62,59.54,70.0,46.34,,,,,,
2019-10-09 11:00:00+02:00,,42.83,,44.03,41.93,47.36,,46.84,,38.9,40.49,60.47,65.0,48.5,65.0,46.27,44.98,,66.07,59.34,62.78,,46.11,,,,47.04,47.04,,59.34,47.04,47.04,51.0,47.04,60.47,60.47,,,,,40.49,39.19,39.19,39.19,39.19,39.19,60.76,48.5,62.52,69.92,39.19,39.19,39.19,60.47,59.34,46.84,,,,,,
2019-10-09 12:00:00+02:00,,40.93,,37.4,45.6,46.32,,46.28,,37.37,37.37,61.09,66.08,50.22,66.08,39.47,38.37,,62.33,47.67,57.97,,36.75,,,,47.67,47.04,,47.67,47.04,47.04,48.24,47.04,61.09,61.09,,,,,37.4,37.88,37.88,37.88,37.88,37.88,61.39,50.22,57.93,64.13,37.88,37.88,37.88,61.09,47.67,46.28,,,,,,
2019-10-09 13:00:00+02:00,,40.98,,35.44,55.44,45.93,,45.56,,36.1,36.1,61.39,63.63,52.1,63.63,37.25,36.19,,62.21,48.61,60.91,,34.68,,,,48.61,45.0,,48.61,45.0,45.0,46.01,45.0,61.39,61.39,,,,,35.7,36.89,36.89,36.89,36.89,36.89,61.69,52.1,60.86,64.21,36.89,36.89,36.89,61.39,48.61,45.56,,,,,,
2019-10-09 14:00:00+02:00,,40.96,,35.09,66.4,45.74,,45.81,,35.65,35.65,53.25,62.69,48.35,62.69,36.15,35.12,,63.38,65.35,67.0,,33.66,,,,65.35,46.01,,65.35,46.01,46.01,46.01,46.01,61.33,61.33,,,,,35.49,36.67,36.67,36.67,36.67,36.67,61.63,48.35,66.95,67.33,36.67,36.67,36.67,53.25,65.35,45.81,,,,,,
2019-10-09 15:00:00+02:00,,40.9,,35.25,69.58,45.4,,45.28,,35.25,35.25,57.83,59.92,46.94,59.92,35.25,34.25,,63.93,66.18,71.41,,32.82,,,,66.18,47.26,,66.18,47.26,47.26,75.26,47.26,57.83,57.83,,,,,35.25,36.42,36.42,36.42,36.42,36.42,58.12,46.94,71.35,69.24,36.42,36.42,36.42,57.83,66.18,45.28,,,,,,
2019-10-09 16:00:00+02:00,,34.09,,33.49,70.04,45.13,,44.53,,33.49,33.49,57.8,60.57,46.9,60.57,33.49,34.09,,70.43,70.0,76.08,,32.68,,,,70.0,57.42,,70.0,57.42,57.42,77.33,57.42,57.8,57.8,,,,,33.49,36.52,36.52,36.52,36.52,36.52,58.09,46.9,76.01,70.54,36.52,36.52,36.52,57.8,70.0,44.53,,,,,,
2019-10-09 17:00:00+02:00,,40.73,,40.73,85.06,44.98,,45.16,,40.73,40.73,61.39,64.98,46.95,64.98,40.73,41.45,,70.8,70.63,81.77,,39.74,,,,70.63,70.63,,70.63,70.63,70.63,80.35,70.63,61.39,61.39,,,,,40.73,37.6,37.6,37.6,37.6,37.6,61.7,46.95,81.7,69.99,37.6,37.6,37.6,61.39,70.63,45.16,,,,,,
2019-10-09 18:00:00+02:00,,45.15,,45.08,85.08,44.78,,47.3,,45.14,45.14,67.66,70.66,47.09,70.66,45.21,46.0,,74.51,70.5,78.46,,44.11,,,,70.5,70.5,,70.5,70.5,70.5,100.0,70.5,67.66,67.66,,,,,45.1,43.05,43.05,38.26,38.26,43.05,68.01,47.09,78.39,72.3,38.26,38.26,43.05,67.66,70.5,65.4,,,,,,
2019-10-09 19:00:00+02:00,,51.53,,51.44,85.02,48.09,,61.98,,51.44,51.44,64.7,68.32,51.8,68.32,51.8,52.71,,72.67,73.18,80.38,,49.58,,,,73.18,73.18,,73.18,73.18,73.18,119.33,73.18,64.7,64.7,,,,,51.44,45.2,45.2,38.21,38.21,45.2,65.03,51.8,80.3,79.96,38.21,38.21,50.64,64.7,73.18,65.1,,,,,,
2019-10-09 20:00:00+02:00,,43.95,,43.27,71.17,41.64,,51.0,,43.27,43.27,56.49,56.49,55.23,56.49,45.94,50.08,,78.6,67.08,71.72,,49.0,,,,67.08,67.08,,67.08,67.08,67.08,108.35,67.08,56.49,56.49,,,,,43.27,38.13,38.13,38.13,38.13,38.13,56.79,55.23,71.65,72.05,38.13,38.13,38.13,56.49,67.08,58.2,,,,,,
2019-10-09 21:00:00+02:00,,38.13,,38.13,61.56,38.11,,40.0,,38.13,38.13,46.08,50.4,53.72,50.4,38.13,44.83,,78.4,59.34,61.5,,43.0,,,,59.34,59.34,,59.34,59.34,59.34,80.35,59.34,50.4,50.4,,,,,38.13,36.83,36.83,36.83,36.83,36.83,51.04,53.72,61.44,68.0,36.83,36.83,36.83,46.08,59.34,53.12,,,,,,
2019-10-09 22:00:00+02:00,,34.2,,34.2,42.98,37.87,,33.3,,34.2,34.2,35.41,47.36,47.48,47.36,34.2,35.03,,78.4,47.04,50.04,,33.61,,,,47.04,47.04,,47.04,47.04,47.04,62.35,47.04,47.36,47.36,,,,,34.2,35.41,35.41,35.41,35.41,35.41,50.23,47.48,49.99,57.52,35.41,35.41,35.41,35.41,47.04,50.04,,,,,,
2019-10-09 23:00:00+02:00,,28.09,,28.04,40.91,33.64,,27.9,,28.08,28.08,34.1,35.02,44.02,35.02,28.12,28.6,,63.93,44.96,35.41,,26.17,,,,44.96,44.96,,44.96,44.96,44.96,44.96,44.96,35.02,35.02,,,,,28.08,34.1,34.1,34.1,34.1,34.1,49.19,44.02,35.37,49.39,34.1,34.1,34.1,34.1,44.96,35.41,,,,,,
2019-10-10 00:00:00+02:00,,23.88,,23.88,35.21,30.33,,24.32,,23.88,23.88,33.49,33.49,44.04,33.49,23.88,23.22,,63.1,43.55,37.91,,22.24,,,,43.55,43.55,,43.55,43.55,43.55,43.55,43.55,33.49,33.49,,,,,23.88,33.49,33.49,33.49,33.49,33.49,46.41,44.04,37.88,47.02,33.49,33.49,33.49,33.49,43.55,24.32,,,,,,
2019-10-10 01:00:00+02:00,,22.75,,22.79,27.44,29.65,,22.81,,22.73,22.93,33.14,33.14,41.44,33.14,22.77,22.16,,49.5,43.55,29.44,,20.08,,,,43.55,43.55,,43.55,43.55,43.55,43.55,43.55,33.14,33.14,,,,,22.93,33.14,33.14,33.14,33.14,33.14,47.02,41.44,29.41,42.62,33.14,33.14,33.14,33.14,43.55,22.81,,,,,,
2019-10-10 02:00:00+02:00,,21.63,,21.64,22.55,29.3,,21.82,,21.61,21.77,32.98,32.98,40.0,32.98,21.61,21.06,,43.9,43.45,29.4,,20.08,,,,43.45,43.45,,43.45,43.45,43.45,43.45,43.45,32.98,32.98,,,,,21.77,32.98,32.98,32.98,32.98,32.98,47.19,40.0,29.37,38.09,32.98,32.98,32.98,32.98,43.45,21.82,,,,,,
2019-10-10 03:00:00+02:00,,18.27,,18.27,22.55,23.45,,19.77,,18.26,18.39,32.96,32.96,39.25,32.96,18.26,17.81,,43.9,43.35,29.46,,17.0,,,,43.35,43.35,,43.35,43.35,43.35,43.35,43.35,32.96,32.96,,,,,18.39,32.96,32.96,32.96,32.96,32.96,47.19,39.25,29.42,39.09,32.96,32.96,32.96,32.96,43.35,19.77,,,,,,
2019-10-10 04:00:00+02:00,,18.97,,18.86,39.11,23.76,,21.35,,18.95,18.95,33.44,33.44,38.75,33.44,18.82,18.38,,60.79,43.45,37.09,,17.52,,,,43.45,43.45,,43.45,43.45,43.45,43.45,43.45,33.44,33.44,,,,,18.95,33.44,33.44,33.44,33.44,33.44,47.2,38.75,37.05,42.94,33.44,33.44,33.44,33.44,43.45,21.35,,,,,,
2019-10-10 05:00:00+02:00,,22.2,,22.2,55.02,30.8,,24.01,,22.2,22.2,34.49,50.32,38.83,50.32,22.2,21.71,,63.2,57.41,56.44,,21.17,,,,43.71,43.71,,43.71,43.71,43.71,43.71,43.71,36.04,50.32,,,,,22.2,34.49,34.49,34.49,34.49,34.49,47.02,38.83,58.91,48.08,34.49,34.49,34.49,34.49,57.41,24.01,,,,,,
2019-10-10 06:00:00+02:00,,34.73,,34.73,65.55,37.23,,33.9,,34.73,34.73,55.02,62.36,40.23,62.36,34.73,33.9,,66.04,60.46,62.55,,30.97,,,,60.46,60.46,,60.46,60.46,60.46,60.46,60.46,55.04,55.04,,,,,34.73,35.74,35.74,35.74,35.74,35.74,55.3,40.23,62.48,66.07,35.74,35.74,35.74,55.02,60.46,40.0,,,,,,
2019-10-10 07:00:00+02:00,,45.97,,45.97,86.46,44.52,,42.43,,45.97,45.97,57.14,65.03,47.53,65.03,45.97,45.06,,76.0,86.06,82.63,,42.8,,,,67.73,67.73,,67.73,67.73,67.73,88.97,67.73,57.14,57.14,,,,,45.97,37.57,37.57,37.41,37.41,37.57,57.44,47.53,82.52,75.09,37.41,37.41,37.57,57.14,86.06,42.43,,,,,,
2019-10-10 08:00:00+02:00,,47.8,,47.15,85.19,46.0,,42.4,,47.74,47.74,60.07,66.03,48.01,66.03,48.01,48.64,,74.71,82.2,80.08,,47.1,,,,70.0,62.0,,70.0,62.0,62.0,90.59,62.0,60.07,60.07,,,,,47.65,42.84,42.84,38.92,38.92,42.84,60.39,48.01,79.98,75.99,38.92,38.92,42.84,60.07,82.2,42.4,,,,,,
2019-10-10 09:00:00+02:00,,44.55,,43.88,70.04,46.08,,41.53,,44.0,44.0,60.07,66.1,50.0,66.1,45.84,45.73,,74.1,71.97,80.04,,50.17,,,,70.0,50.28,,70.0,50.28,50.28,88.97,50.28,60.07,60.07,,,,,44.1,39.66,39.66,39.19,39.19,39.66,60.4,50.0,79.94,75.46,39.19,39.19,39.66,60.07,71.97,41.53,,,,,,
2019-10-10 10:00:00+02:00,,34.05,,29.62,70.04,44.96,,35.01,,29.95,38.5,59.61,66.28,46.16,66.28,44.01,43.31,,76.8,102.0,83.3,,45.11,,,,47.66,47.66,,66.24,47.66,47.66,62.97,47.66,59.61,59.61,,,,,38.5,37.59,37.59,37.59,37.59,37.59,59.94,46.16,83.19,76.06,37.59,37.59,37.59,59.61,102.0,35.01,,,,,,
2019-10-10 11:00:00+02:00,,31.29,,24.97,70.02,42.07,,31.28,,26.33,35.7,59.38,64.98,45.03,64.98,43.15,42.52,,70.39,118.27,88.16,,43.18,,,,45.0,45.0,,53.06,45.0,45.0,88.97,45.0,59.38,59.38,,,,,35.7,36.79,36.79,36.79,36.79,36.79,59.72,45.03,88.03,76.01,36.79,36.79,36.79,59.38,118.27,31.28,,,,,,
2019-10-10 12:00:00+02:00,,28.92,,20.0,70.04,38.59,,28.01,,25.23,31.25,57.69,64.0,46.21,64.0,37.78,37.26,,74.41,151.0,87.4,,35.18,,,,43.47,43.47,,43.47,43.47,43.47,55.0,43.47,57.69,57.69,,,,,31.25,35.42,35.42,36.09,36.09,35.42,58.02,46.21,87.27,76.92,36.09,36.09,36.09,57.69,151.0,28.01,,,,,,
2019-10-10 13:00:00+02:00,,26.71,,24.08,70.04,38.65,,26.95,,23.45,34.04,44.73,61.66,47.68,61.66,35.93,35.48,,70.28,96.08,78.98,,33.45,,,,43.45,42.49,,43.45,42.49,42.49,48.24,42.49,57.04,57.04,,,,,34.04,35.17,35.17,35.81,35.81,35.17,57.38,47.68,78.86,76.02,35.81,35.81,35.81,44.73,96.08,26.95,,,,,,
2019-10-10 14:00:00+02:00,,26.19,,23.14,70.03,38.56,,25.8,,23.41,30.0,35.27,61.48,46.05,61.48,34.06,33.67,,70.2,82.2,74.51,,30.35,,,,50.55,43.19,,50.55,43.19,43.19,55.0,43.19,57.06,57.06,,,,,30.0,34.88,34.88,35.27,35.27,34.88,56.99,46.05,74.4,75.98,35.27,35.27,35.27,35.27,82.2,25.8,,,,,,
2019-10-10 15:00:00+02:00,,26.4,,24.86,78.52,38.41,,26.96,,23.83,34.67,35.21,59.26,47.51,59.26,33.68,34.95,,74.42,69.56,73.51,,29.48,,,,55.56,45.0,,55.56,45.0,45.0,87.94,45.0,56.15,56.15,,,,,31.89,34.67,34.67,35.21,35.21,34.67,56.5,47.51,73.39,75.89,35.21,35.21,35.21,35.21,69.56,26.96,,,,,,
2019-10-10 16:00:00+02:00,,27.19,,27.04,70.04,38.25,,28.2,,26.38,26.38,35.22,58.79,47.77,58.79,29.37,30.51,,78.18,86.04,78.98,,28.66,,,,66.56,55.0,,66.56,55.0,55.0,88.97,55.0,56.23,56.23,,,,,29.16,35.22,35.22,35.22,35.22,35.22,56.58,47.77,78.85,78.86,35.22,35.22,35.22,35.22,86.04,28.2,,,,,,
2019-10-10 17:00:00+02:00,,37.02,,36.95,84.02,38.35,,34.13,,36.95,36.95,43.35,65.56,50.51,65.56,37.21,38.7,,78.25,96.02,78.98,,30.38,,,,67.0,67.0,,67.0,67.0,67.0,70.22,67.0,56.56,56.56,,,,,36.95,36.01,36.01,36.01,36.01,36.01,56.92,50.51,78.85,80.26,36.01,36.01,36.01,43.35,96.02,34.13,,,,,,
2019-10-10 18:00:00+02:00,,43.38,,43.3,89.22,44.84,,40.4,,43.3,43.3,60.53,70.74,50.51,70.74,43.61,45.41,,78.24,99.23,84.25,,31.0,,,,70.62,70.62,,70.62,70.62,70.62,111.2,70.62,60.53,60.53,,,,,43.3,36.73,36.73,36.73,36.73,36.73,60.93,50.51,84.1,79.26,36.73,36.73,36.73,60.53,99.23,61.3,,,,,,
2019-10-10 19:00:00+02:00,,49.47,,47.79,91.94,46.49,,48.0,,47.79,47.79,56.94,69.63,54.69,69.63,54.45,56.77,,78.2,151.0,96.88,,33.44,,,,74.0,74.0,,74.0,74.0,74.0,121.84,74.0,56.94,56.94,,,,,47.79,37.08,37.08,37.08,37.08,37.08,57.32,54.69,96.71,83.87,37.08,37.08,37.08,56.94,151.0,60.51,,,,,,
2019-10-10 20:00:00+02:00,,43.41,,40.62,94.95,45.57,,42.1,,41.78,41.78,41.78,51.84,59.13,51.84,48.01,50.12,,74.48,116.09,89.94,,43.0,,,,72.43,72.43,,72.43,72.43,72.43,121.84,72.43,51.84,51.84,,,,,41.78,36.26,36.26,36.26,36.26,36.26,54.85,59.13,89.78,77.35,36.26,36.26,36.26,41.78,116.09,56.9,,,,,,
2019-10-10 21:00:00+02:00,,31.11,,27.28,78.37,40.78,,33.01,,29.0,29.0,34.95,50.38,57.79,50.38,36.93,38.6,,70.52,67.0,72.3,,34.0,,,,67.0,67.0,,67.0,67.0,67.0,103.73,67.0,50.38,50.38,,,,,29.0,34.95,34.95,34.95,34.95,34.95,50.73,57.79,72.17,70.9,34.95,34.95,34.95,34.95,67.0,49.8,,,,,,
2019-10-10 22:00:00+02:00,,30.21,,28.39,86.43,38.09,,29.19,,28.39,28.39,33.91,44.75,52.22,44.75,35.07,36.46,,63.77,101.1,73.51,,29.44,,,,47.66,47.66,,47.66,47.66,47.66,90.59,47.66,44.75,44.75,,,,,28.39,33.91,33.91,33.91,33.91,33.91,46.62,52.22,73.37,75.48,33.91,33.91,33.91,33.91,101.1,29.19,,,,,,
2019-10-10 23:00:00+02:00,,25.58,,25.23,64.04,37.04,,23.54,,25.23,25.23,32.6,32.6,47.69,32.6,26.63,26.64,,66.19,74.08,64.5,,24.07,,,,46.0,46.0,,46.0,46.0,46.0,46.0,46.0,32.6,32.6,,,,,25.23,32.6,32.6,32.6,32.6,32.6,47.31,47.69,64.38,62.62,32.6,32.6,32.6,32.6,74.08,47.45,,,,,,
2019-10-11 00:00:00+02:00,,23.86,,23.07,65.09,30.1,,23.52,,23.75,23.75,32.05,32.05,52.45,32.05,24.25,24.38,,65.83,47.75,51.21,,0.0,,,,47.75,47.75,,47.75,47.75,47.75,47.75,47.75,32.05,32.05,,,,,23.54,32.11,32.11,32.88,32.88,32.11,48.57,52.45,51.13,51.02,32.05,32.05,32.05,32.05,47.75,46.0,,,,,,
2019-10-11 01:00:00+02:00,,24.6,,22.44,55.08,29.98,,22.68,,22.34,22.34,28.89,28.89,51.24,28.89,22.64,22.77,,65.58,45.0,43.77,,-1.0,,,,45.0,45.0,,45.0,45.0,45.0,45.0,45.0,28.89,28.89,,,,,22.34,32.41,32.41,32.81,32.81,32.41,46.5,51.24,43.71,45.02,28.89,28.89,28.89,28.89,45.0,43.77,,,,,,
2019-10-11 02:00:00+02:00,,17.65,,17.65,46.91,30.05,,21.6,,17.65,17.65,24.23,24.23,47.4,24.23,17.65,17.74,,65.34,44.62,37.46,,-1.0,,,,44.62,44.62,,44.62,44.62,44.62,44.62,44.62,24.23,24.23,,,,,17.65,31.83,31.83,32.78,32.78,31.83,44.77,47.4,37.4,42.43,24.23,24.23,24.23,24.23,44.62,37.46,,,,,,
2019-10-11 03:00:00+02:00,,12.57,,12.57,46.95,30.07,,18.38,,12.57,12.57,25.3,25.3,45.65,25.3,12.57,12.63,,65.33,44.62,40.18,,0.0,,,,44.62,44.62,,44.62,44.62,44.62,44.62,44.62,25.3,25.3,,,,,12.57,31.69,31.69,32.78,32.78,31.69,45.27,45.65,40.12,40.89,25.3,25.3,25.3,25.3,44.62,40.18,,,,,,
2019-10-11 04:00:00+02:00,,26.09,,14.54,46.93,29.93,,20.0,,14.54,14.54,32.27,32.27,45.96,32.27,14.54,14.62,,65.36,44.78,43.06,,13.54,,,,44.78,44.78,,44.78,44.78,44.78,44.78,44.78,32.27,32.27,,,,,14.54,32.27,32.27,32.81,32.81,32.27,46.51,45.96,42.99,41.15,32.27,32.27,32.27,32.27,44.78,43.06,,,,,,
2019-10-11 05:00:00+02:00,,29.11,,20.11,54.39,31.75,,23.48,,20.15,20.15,32.92,54.99,45.07,54.99,20.15,20.16,,69.32,48.33,47.71,,18.67,,,,48.33,48.33,,48.33,48.33,48.33,48.33,48.33,32.92,50.24,,,,,20.17,32.92,32.92,32.92,32.92,32.92,48.58,45.07,47.64,47.07,32.92,32.92,32.92,32.92,48.33,47.71,,,,,,
2019-10-11 06:00:00+02:00,,27.01,,25.91,70.04,32.28,,32.7,,26.04,26.04,34.01,66.29,45.07,66.29,25.91,26.04,,64.22,68.64,68.57,,24.71,,,,68.64,68.64,,68.64,68.64,68.64,68.64,68.64,50.3,50.3,,,,,25.94,34.01,34.01,34.01,34.01,34.01,54.87,45.07,68.47,63.07,34.01,34.01,34.01,34.01,68.64,58.36,,,,,,
2019-10-11 07:00:00+02:00,,38.7,,38.63,78.72,41.14,,39.14,,38.69,38.69,38.69,66.26,51.39,66.26,38.74,40.8,,70.52,70.9,73.68,,32.66,,,,70.62,70.62,,70.62,70.62,70.62,70.62,70.62,51.89,51.89,,,,,38.66,35.43,35.43,35.43,35.43,35.43,55.58,51.39,73.58,73.03,35.43,35.43,35.43,38.69,70.9,39.14,,,,,,
2019-10-11 08:00:00+02:00,,41.4,,40.02,79.06,43.78,,45.2,,40.84,40.84,40.84,65.75,52.45,65.75,43.05,45.34,,70.52,75.11,73.99,,45.13,,,,75.11,50.0,,75.11,50.0,50.0,121.84,50.0,53.78,53.78,,,,,40.84,36.92,36.92,36.92,36.92,36.92,54.12,52.45,73.88,73.28,36.92,36.92,36.92,40.84,75.11,47.34,,,,,,
2019-10-11 09:00:00+02:00,,37.5,,37.39,65.08,40.57,,42.5,,37.42,37.42,37.42,64.92,53.01,64.92,37.69,47.23,,69.3,70.0,68.92,,47.02,,,,70.0,49.08,,70.0,49.08,49.08,103.73,49.08,53.78,53.78,,,,,37.42,36.22,36.22,36.22,36.22,36.22,54.13,53.01,68.82,70.94,36.22,36.22,36.22,37.42,70.0,48.62,,,,,,
2019-10-11 10:00:00+02:00,,39.94,,34.03,58.38,35.9,,37.0,,33.9,33.9,35.1,64.64,51.24,64.64,34.1,48.3,,66.07,70.42,65.0,,47.02,,,,70.42,47.75,,70.42,47.75,47.75,79.3,47.75,54.01,54.01,,,,,34.03,35.1,35.1,35.1,35.1,35.1,54.36,51.24,64.91,66.08,35.1,35.1,35.1,35.1,70.42,37.0,,,,,,
2019-10-11 11:00:00+02:00,,39.95,,32.79,41.95,34.6,,31.36,,30.41,30.41,34.98,62.05,48.68,62.05,32.79,44.75,,66.07,65.78,57.0,,42.49,,,,65.78,44.47,,65.78,44.47,44.47,62.3,44.47,54.15,54.15,,,,,36.13,34.98,34.98,34.98,34.98,34.98,54.5,48.68,56.92,63.06,34.98,34.98,34.98,34.98,65.78,31.36,,,,,,
2019-10-11 12:00:00+02:00,,39.9,,33.12,41.94,33.97,,29.75,,23.59,23.59,34.75,59.95,49.0,59.95,30.6,38.06,,64.16,48.1,52.06,,35.27,,,,46.82,43.71,,46.82,43.71,43.71,75.23,43.71,54.13,54.13,,,,,35.9,34.75,34.75,34.75,34.75,34.75,54.49,49.0,51.99,62.03,34.75,34.75,34.75,34.75,48.1,29.75,,,,,,
2019-10-11 13:00:00+02:00,,34.0,,26.74,42.76,34.0,,25.62,,22.93,22.93,34.42,57.79,47.0,57.79,26.39,36.53,,66.13,44.82,50.02,,33.86,,,,44.82,42.77,,44.82,42.77,42.77,55.0,42.77,54.17,54.17,,,,,33.32,34.42,34.42,34.42,34.42,34.42,54.53,47.0,49.95,61.08,34.42,34.42,34.42,34.42,44.82,25.62,,,,,,
2019-10-11 14:00:00+02:00,,29.09,,23.99,63.0,34.21,,24.55,,21.77,21.77,34.14,55.67,45.0,55.67,23.95,33.44,,64.06,58.82,51.74,,31.0,,,,58.82,44.1,,58.82,44.1,44.1,52.6,44.1,53.56,53.56,,,,,31.55,34.14,34.14,34.14,34.14,34.14,53.92,45.0,51.67,63.09,34.14,34.14,34.14,34.14,58.82,24.55,,,,,,
2019-10-11 15:00:00+02:00,,29.04,,22.77,70.01,29.92,,24.7,,22.11,22.11,33.85,56.33,43.56,56.33,22.8,29.62,,67.21,70.0,61.94,,27.99,,,,70.0,45.0,,70.0,45.0,45.0,73.3,45.0,50.43,51.82,,,,,27.94,33.85,33.85,33.85,33.85,33.85,50.77,43.56,61.85,66.01,33.85,33.85,33.85,33.85,70.0,24.7,,,,,,
2019-10-11 16:00:00+02:00,,30.42,,23.89,70.03,29.84,,36.0,,23.8,23.8,33.79,60.2,44.2,60.2,23.95,29.59,,69.27,70.0,66.48,,28.0,,,,70.0,70.0,,70.0,70.0,70.0,82.0,70.0,49.5,50.3,,,,,24.9,33.79,33.79,33.79,33.79,33.79,49.84,44.2,66.39,70.01,33.79,33.79,33.79,33.79,70.0,36.0,,,,,,
2019-10-11 17:00:00+02:00,,30.38,,30.38,80.29,29.98,,39.0,,30.38,30.38,34.19,59.32,45.16,59.32,30.38,32.19,,74.19,70.63,72.75,,32.0,,,,70.63,70.63,,70.63,70.63,70.63,70.63,70.63,49.04,50.3,,,,,30.38,34.19,34.19,34.19,34.19,34.19,49.37,45.16,72.66,75.15,34.19,34.19,34.19,34.19,70.63,40.73,,,,,,
2019-10-11 18:00:00+02:00,,33.65,,33.65,85.04,35.9,,42.0,,33.65,33.65,34.76,60.2,46.42,60.2,33.65,39.8,,78.22,70.9,73.03,,39.72,,,,70.9,70.9,,70.9,70.9,70.9,103.67,70.9,51.9,51.9,,,,,33.65,34.76,34.76,34.76,34.76,34.76,52.25,46.42,73.37,80.02,34.76,34.76,34.76,34.76,70.9,52.5,,,,,,
2019-10-11 19:00:00+02:00,,37.04,,34.71,86.45,38.37,,42.0,,34.92,34.92,34.92,53.06,52.18,56.26,41.99,51.19,,73.76,75.24,85.01,,51.0,,,,75.24,75.24,,75.24,75.24,75.24,122.84,75.24,53.06,53.06,,,,,34.92,34.92,34.92,34.92,34.92,34.92,53.42,52.18,84.9,89.92,34.92,34.92,34.92,34.92,75.24,54.9,,,,,,
2019-10-11 20:00:00+02:00,,32.51,,30.08,78.05,35.9,,34.68,,31.19,31.19,34.26,49.87,54.69,46.66,36.1,50.22,,73.76,70.9,71.37,,52.51,,,,70.9,70.9,,70.9,70.9,70.9,122.84,70.9,49.87,49.87,,,,,31.19,34.26,34.26,34.26,34.26,34.26,50.22,54.69,71.27,80.8,34.26,34.26,34.26,34.26,70.9,50.79,,,,,,
2019-10-11 21:00:00+02:00,,24.8,,24.8,74.05,31.74,,24.96,,24.8,24.8,33.61,34.25,53.05,34.25,24.8,37.65,,69.21,66.95,60.87,,41.0,,,,66.95,66.95,,66.95,66.95,66.95,102.3,66.95,33.61,34.25,,,,,24.8,33.61,33.61,33.61,33.61,33.61,49.12,53.05,60.79,69.03,33.61,33.61,33.61,33.61,66.95,33.76,,,,,,
2019-10-11 22:00:00+02:00,,23.43,,23.53,63.33,33.62,,24.6,,22.98,22.98,32.81,32.81,46.05,32.81,24.24,36.39,,64.19,49.67,56.0,,36.26,,,,49.67,49.67,,49.67,49.67,49.67,72.67,49.67,32.81,32.81,,,,,24.0,32.81,32.81,32.91,32.91,32.81,51.12,46.05,55.93,66.31,32.81,32.81,32.81,32.81,49.67,46.7,,,,,,
2019-10-11 23:00:00+02:00,,17.92,,22.0,61.01,31.7,,21.01,,12.94,12.94,27.55,27.55,47.14,27.55,26.75,30.72,,59.29,47.52,48.0,,31.36,,,,47.52,47.52,,47.52,47.52,47.52,48.33,47.52,27.55,27.55,,,,,23.0,30.33,30.33,32.83,32.83,30.33,49.85,47.14,47.94,60.04,27.55,27.55,27.55,27.55,47.52,48.0,,,,,,
2019-10-12 00:00:00+02:00,,24.31,,17.8,56.92,28.3,,19.18,,0.47,0.47,0.47,32.74,47.1,32.74,14.19,28.44,,56.49,57.87,53.04,,29.61,,,,57.87,57.87,,57.87,57.87,57.87,57.87,57.87,32.74,32.74,,,,,17.8,32.74,32.74,32.9,32.9,32.74,39.76,47.1,52.96,54.08,32.74,32.74,32.74,32.74,57.87,35.56,,,,,,
2019-10-12 01:00:00+02:00,,25.02,,21.4,56.8,27.97,,23.1,,0.03,0.03,0.03,32.65,44.63,32.65,15.09,23.95,,57.31,51.7,50.17,,25.97,,,,51.7,51.7,,51.7,51.7,51.7,51.7,51.7,32.65,32.65,,,,,21.4,32.65,32.65,32.8,32.8,32.65,33.4,44.63,50.1,50.08,32.65,32.65,32.65,32.65,51.7,32.2,,,,,,
2019-10-12 02:00:00+02:00,,26.52,,14.7,56.2,27.79,,24.09,,-4.91,-2.66,-2.66,32.25,41.01,32.25,9.44,31.92,,56.24,44.1,40.56,,32.22,,,,44.1,51.48,,44.1,51.48,51.48,51.48,51.48,32.25,32.25,,,,,22.0,32.25,32.25,32.74,32.74,32.25,32.41,41.01,40.51,45.92,32.25,32.25,32.25,32.25,44.1,28.9,,,,,,
2019-10-12 03:00:00+02:00,,2.77,,9.25,53.82,13.56,,13.8,,0.09,0.09,0.09,30.91,38.7,30.91,7.15,34.26,,53.15,40.1,37.05,,34.83,,,,40.1,44.01,,40.1,44.01,44.01,44.01,44.01,30.91,30.91,,,,,22.7,32.08,32.08,32.72,32.72,32.08,31.07,38.7,37.0,45.02,30.91,30.91,30.91,30.91,40.1,26.8,,,,,,
2019-10-12 04:00:00+02:00,,7.53,,11.71,51.4,12.89,,13.25,,5.8,5.8,5.8,32.2,38.45,32.2,10.34,35.92,,53.21,38.41,37.01,,36.0,,,,38.41,44.01,,38.41,44.01,44.01,44.01,44.01,32.2,32.2,,,,,20.8,32.2,32.2,32.71,32.71,32.2,32.37,38.45,36.96,44.02,32.2,32.2,32.2,32.2,38.41,29.0,,,,,,
2019-10-12 05:00:00+02:00,,26.06,,13.39,56.78,17.95,,22.35,,10.79,10.79,10.79,32.58,37.6,32.58,13.39,37.28,,60.94,41.61,47.04,,36.15,,,,41.61,51.48,,41.61,51.48,51.48,51.48,51.48,32.58,32.58,,,,,24.9,32.58,32.58,32.81,32.81,32.58,32.74,37.6,46.98,47.88,32.58,32.58,32.58,32.58,41.61,31.5,,,,,,
2019-10-12 06:00:00+02:00,,25.55,,21.4,56.78,21.85,,21.0,,19.47,19.47,32.9,32.9,37.25,32.9,21.4,41.51,,69.22,57.4,52.08,,40.1,,,,57.4,59.48,,57.4,59.48,59.48,59.48,59.48,32.9,32.9,,,,,25.0,32.9,32.9,32.97,32.97,32.9,40.31,37.25,52.01,53.84,32.9,32.9,32.9,32.9,57.4,21.0,,,,,,
2019-10-12 07:00:00+02:00,,25.18,,26.75,50.02,25.82,,23.45,,24.44,24.44,33.25,33.25,38.0,33.25,26.2,38.78,,70.29,61.26,61.01,,39.6,,,,61.26,61.26,,61.26,61.26,61.26,61.26,61.26,33.25,33.25,,,,,32.18,33.25,33.25,33.25,33.25,33.25,42.99,38.0,60.93,61.09,33.25,33.25,33.25,33.25,61.26,23.45,,,,,,
2019-10-12 08:00:00+02:00,,26.56,,24.83,56.78,28.52,,30.0,,23.47,23.47,33.78,38.01,38.5,38.01,24.53,30.78,,69.36,47.87,68.96,,31.31,,,,47.87,47.87,,47.87,47.87,47.87,122.84,47.87,33.78,38.01,,,,,29.65,33.58,33.58,33.78,33.78,33.58,45.45,38.5,68.87,63.07,33.78,33.78,33.78,33.78,47.87,45.58,,,,,,
2019-10-12 09:00:00+02:00,,28.57,,33.96,48.02,28.94,,32.75,,22.96,22.96,34.6,44.7,42.27,44.7,29.5,38.61,,63.98,45.24,61.18,,40.99,,,,45.24,47.48,,45.24,47.48,47.48,122.84,47.48,34.6,44.7,,,,,37.19,34.45,34.45,34.6,34.6,34.45,46.44,42.27,61.1,62.27,34.6,34.6,34.6,34.6,45.24,49.0,,,,,,
2019-10-12 10:00:00+02:00,,34.08,,37.15,41.09,30.01,,31.0,,12.75,12.75,35.24,44.73,46.02,44.73,28.54,46.62,,57.36,37.55,52.67,,48.58,,,,37.55,37.7,,37.55,37.7,37.7,121.84,37.7,44.73,44.73,,,,,39.9,34.97,34.97,35.24,35.24,34.97,45.0,46.02,52.6,56.38,35.24,35.24,35.24,35.24,37.55,44.2,,,,,,
2019-10-12 11:00:00+02:00,,34.08,,32.34,38.04,28.9,,30.0,,7.49,7.49,34.97,43.65,40.37,43.65,25.26,48.16,,43.45,36.13,46.11,,50.2,,,,36.13,36.13,,36.13,36.13,36.13,108.53,36.13,43.65,43.65,,,,,37.4,34.79,34.79,34.97,34.97,34.79,45.8,40.37,46.05,51.49,34.97,34.97,34.97,34.97,36.13,45.3,,,,,,
2019-10-12 12:00:00+02:00,,34.02,,29.25,35.59,28.83,,26.38,,10.13,10.13,34.48,35.28,38.45,35.28,24.51,44.34,,41.0,35.1,42.1,,46.22,,,,35.1,36.0,,35.1,36.0,36.0,103.54,36.0,35.28,35.28,,,,,41.0,34.48,34.48,34.48,34.48,34.48,44.44,38.45,42.05,49.43,34.48,34.48,34.48,34.48,35.1,42.1,,,,,,
2019-10-12 13:00:00+02:00,,29.06,,23.03,31.08,28.09,,24.1,,5.83,5.83,34.1,36.39,37.1,36.39,18.55,41.02,,40.11,32.79,40.01,,42.76,,,,32.79,34.28,,32.79,34.28,34.28,107.18,34.28,36.39,36.39,,,,,36.3,34.1,34.1,34.1,34.1,34.1,40.8,37.1,39.95,48.98,34.1,34.1,34.1,34.1,32.79,40.01,,,,,,
2019-10-12 14:00:00+02:00,,26.51,,26.71,36.61,27.39,,19.0,,20.29,20.29,33.68,35.2,35.6,35.2,25.12,35.79,,40.03,33.1,40.2,,37.31,,,,33.1,34.29,,33.1,34.29,34.29,103.54,34.29,33.68,35.2,,,,,34.5,33.68,33.68,33.68,33.68,33.68,41.0,35.6,40.15,47.77,33.68,33.68,33.68,33.68,33.1,19.0,,,,,,
2019-10-12 15:00:00+02:00,,26.07,,27.97,40.82,27.91,,24.4,,24.64,24.64,33.62,37.39,30.04,37.39,26.9,33.61,,43.79,33.92,44.03,,35.04,,,,33.92,37.01,,33.92,37.01,37.01,110.43,37.01,33.62,37.39,,,,,32.4,33.47,33.47,33.62,33.62,33.47,38.44,30.04,43.97,50.43,33.62,33.62,33.62,33.62,33.92,24.4,,,,,,
2019-10-12 16:00:00+02:00,,29.4,,30.72,44.03,28.78,,28.5,,28.93,28.93,33.91,40.4,30.0,40.4,30.0,34.42,,59.19,38.1,53.06,,35.89,,,,37.32,37.32,,37.32,37.32,37.32,110.43,37.32,37.25,40.4,,,,,32.43,33.53,33.53,33.91,33.91,33.53,37.46,30.0,52.99,53.92,33.91,33.91,33.91,33.91,38.1,33.21,,,,,,
2019-10-12 17:00:00+02:00,,35.79,,32.23,56.77,36.58,,33.04,,35.74,35.74,35.74,45.57,30.74,45.57,30.24,39.79,,69.24,42.9,58.06,,47.46,,,,42.9,42.9,,42.9,42.9,42.9,122.84,42.9,38.24,45.57,,,,,35.82,34.66,34.66,35.74,35.74,34.66,38.45,30.74,57.99,55.2,35.74,35.74,35.74,35.74,42.9,33.04,,,,,,
2019-10-12 18:00:00+02:00,,42.07,,38.41,56.79,41.99,,40.81,,42.07,42.07,42.07,58.94,36.25,58.94,36.25,53.59,,73.54,56.29,66.15,,55.89,,,,56.29,56.29,,56.29,56.29,56.29,123.84,56.29,46.2,58.94,,,,,41.98,35.13,35.13,37.47,37.47,35.13,46.46,36.25,66.07,69.02,37.47,37.47,37.47,42.07,56.29,45.3,,,,,,
2019-10-12 19:00:00+02:00,,44.65,,44.65,56.77,46.28,,45.0,,44.65,44.65,44.65,51.92,44.65,51.92,44.65,66.06,,71.0,62.2,65.93,,68.89,,,,62.2,62.2,,62.2,62.2,62.2,123.84,62.2,51.92,51.92,,,,,44.65,35.3,35.3,37.85,37.85,35.3,52.22,44.65,65.85,76.24,37.85,37.85,37.85,44.65,62.2,51.1,,,,,,
2019-10-12 20:00:00+02:00,,40.13,,40.13,54.04,44.1,,42.61,,40.13,40.13,40.13,44.76,46.02,44.76,40.13,59.45,,67.0,58.14,62.11,,71.1,,,,58.14,58.14,,58.14,58.14,58.14,123.84,58.14,44.76,44.76,,,,,40.13,35.13,35.13,37.0,37.0,35.13,45.02,46.02,62.03,63.53,37.0,37.0,37.0,40.13,58.14,42.61,,,,,,
2019-10-12 21:00:00+02:00,,33.15,,33.15,50.01,39.41,,36.74,,33.15,33.15,34.57,42.75,46.05,42.75,33.15,45.55,,59.48,49.5,52.03,,55.48,,,,49.5,49.5,,49.5,49.5,49.5,123.84,49.5,42.75,42.75,,,,,33.15,34.57,34.57,34.57,34.57,34.57,43.0,46.05,51.97,57.65,34.57,34.57,34.57,34.57,49.5,36.74,,,,,,
2019-10-12 22:00:00+02:00,,33.59,,33.59,39.52,38.96,,35.0,,33.59,33.59,33.61,33.61,38.7,33.61,33.59,38.22,,58.27,38.52,36.5,,58.46,,,,38.52,38.52,,38.52,38.52,38.52,122.84,38.52,33.61,33.61,,,,,33.59,33.61,33.61,33.61,33.61,33.61,44.41,38.7,36.46,55.04,33.61,33.61,33.61,33.61,38.52,35.0,,,,,,
2019-10-12 23:00:00+02:00,,31.53,,31.53,30.07,34.65,,31.5,,31.53,31.53,32.58,32.58,37.89,32.58,31.53,34.16,,66.19,37.89,31.5,,49.59,,,,37.89,37.89,,37.89,37.89,37.89,121.84,37.89,32.58,32.58,,,,,31.53,32.58,32.58,32.63,32.63,32.58,45.49,37.89,31.46,50.08,32.58,32.58,32.58,32.58,37.89,31.5,,,,,,
2019-10-13 00:00:00+02:00,,31.44,,31.44,38.07,29.78,,31.0,,31.44,31.44,31.44,33.4,35.86,33.4,31.44,49.74,,66.47,36.13,36.61,,51.11,,,,36.13,38.88,,36.13,38.88,38.88,122.84,38.88,33.4,33.4,,,,,31.44,33.4,33.4,33.4,33.4,33.4,37.39,35.86,36.63,43.15,33.4,33.4,33.4,33.4,36.13,31.0,,,,,,
2019-10-13 01:00:00+02:00,,25.66,,25.66,32.08,28.79,,28.1,,25.66,25.66,25.66,33.38,34.1,33.38,25.66,43.26,,63.49,35.4,33.91,,46.4,,,,35.4,44.4,,35.4,44.4,44.4,105.43,44.4,33.38,33.38,,,,,25.66,33.38,33.38,33.38,33.38,33.38,33.67,34.1,33.93,37.8,33.38,33.38,33.38,33.38,35.4,28.1,,,,,,
2019-10-13 02:00:00+02:00,,24.05,,24.05,27.09,26.83,,26.8,,24.05,24.05,33.26,33.26,32.5,33.26,24.05,49.29,,47.0,35.4,28.58,,51.02,,,,35.4,36.86,,35.4,36.86,36.86,99.0,36.86,33.26,33.26,,,,,24.05,33.26,33.26,33.26,33.26,33.26,33.54,32.5,28.59,32.11,33.26,33.26,33.26,33.26,35.4,26.8,,,,,,
2019-10-13 03:00:00+02:00,,24.57,,17.47,24.86,26.88,,27.78,,24.11,24.11,33.29,33.29,31.0,33.29,15.18,43.26,,46.81,35.4,27.78,,44.52,,,,35.4,35.4,,35.4,35.4,35.4,99.0,35.4,33.29,33.29,,,,,21.1,33.29,33.29,33.29,33.29,33.29,33.58,31.0,27.8,30.63,33.29,33.29,33.29,33.29,35.4,27.78,,,,,,
2019-10-13 04:00:00+02:00,,25.12,,15.98,24.6,26.45,,26.04,,25.12,25.12,33.41,33.41,30.0,33.41,11.32,30.82,,46.9,35.36,26.06,,33.47,,,,35.36,35.36,,35.36,35.36,35.36,99.0,35.36,33.41,33.41,,,,,24.62,33.41,33.41,33.41,33.41,33.41,33.7,30.0,26.07,31.63,33.41,33.41,33.41,33.41,35.36,26.04,,,,,,
2019-10-13 05:00:00+02:00,,25.8,,18.12,27.04,25.57,,26.26,,25.29,25.29,33.83,33.83,31.99,33.83,15.65,27.61,,43.85,35.4,28.0,,33.37,,,,35.4,36.88,,35.4,36.88,36.88,99.0,36.88,33.83,33.83,,,,,22.04,33.83,33.83,33.83,33.83,33.83,34.13,31.99,28.02,35.54,33.83,33.83,33.83,33.83,35.4,26.26,,,,,,
2019-10-13 06:00:00+02:00,,26.08,,15.37,34.06,27.1,,25.0,,25.82,33.8,33.8,33.8,32.5,33.8,11.27,22.68,,62.3,35.91,32.07,,31.0,,,,35.91,37.7,,35.91,37.7,37.7,107.18,37.7,33.8,33.8,,,,,22.08,33.8,33.8,33.8,33.8,33.8,34.1,32.5,32.09,39.18,33.8,33.8,33.8,33.8,35.91,25.0,,,,,,
2019-10-13 07:00:00+02:00,,28.83,,23.88,32.45,26.63,,27.41,,28.37,34.31,34.31,34.31,33.6,34.31,22.21,27.54,,66.45,36.0,39.37,,30.79,,,,36.0,44.4,,36.0,44.4,44.4,108.53,44.4,34.31,34.31,,,,,26.22,34.31,34.31,34.31,34.31,34.31,39.3,33.6,39.4,44.93,34.31,34.31,34.31,34.31,36.0,27.41,,,,,,
2019-10-13 08:00:00+02:00,,27.85,,27.85,28.03,27.48,,28.31,,27.85,35.07,35.07,35.07,33.75,35.07,27.85,28.49,,67.99,34.78,40.02,,30.0,,,,34.78,47.87,,34.78,47.87,47.87,108.53,47.87,35.07,35.07,,,,,27.85,35.07,35.07,35.07,35.07,35.07,40.26,33.75,40.04,44.18,35.07,35.07,35.07,35.07,34.78,28.31,,,,,,
2019-10-13 09:00:00+02:00,,26.58,,26.58,30.5,27.08,,28.1,,26.58,35.8,35.8,36.49,35.25,36.49,26.58,30.79,,62.3,35.4,36.92,,32.42,,,,35.4,47.48,,35.4,47.48,47.48,108.53,47.48,36.49,36.49,,,,,26.58,35.29,35.29,35.8,35.8,35.29,43.06,35.25,36.94,44.85,35.8,35.8,35.8,35.8,35.4,28.1,,,,,,
2019-10-13 10:00:00+02:00,,25.1,,25.1,31.8,25.1,,26.7,,25.1,36.33,36.33,41.01,35.55,41.01,25.1,39.74,,62.3,35.46,34.89,,41.85,,,,35.46,35.46,,35.46,35.46,35.46,108.53,35.46,41.01,41.01,,,,,25.1,35.48,35.48,36.33,36.33,35.48,43.41,35.55,34.91,44.0,36.33,36.33,36.33,36.33,35.46,26.7,,,,,,
2019-10-13 11:00:00+02:00,,24.0,,24.0,25.45,24.76,,24.8,,24.0,36.32,36.32,39.08,35.45,39.08,24.0,47.78,,62.3,35.4,34.02,,50.33,,,,35.4,35.4,,35.4,35.4,35.4,107.18,35.4,39.08,39.08,,,,,24.0,35.36,35.36,36.32,36.32,35.36,43.33,35.45,34.04,41.48,36.32,36.32,36.32,36.32,35.4,24.8,,,,,,
2019-10-13 12:00:00+02:00,,23.08,,23.08,26.09,25.62,,22.4,,23.08,35.12,36.27,36.94,35.25,36.94,23.08,48.12,,55.0,35.09,33.63,,50.69,,,,35.09,35.09,,35.09,35.09,35.09,107.18,35.09,36.94,36.94,,,,,23.08,35.12,35.12,36.27,36.27,35.12,42.58,35.25,33.65,39.72,36.27,36.27,36.27,36.27,35.09,22.4,,,,,,
2019-10-13 13:00:00+02:00,,14.76,,15.79,29.0,18.35,,14.1,,12.12,35.0,35.9,35.9,35.25,35.9,14.61,50.28,,36.0,33.41,34.35,,52.96,,,,33.41,33.41,,33.41,33.41,33.41,98.43,33.41,35.9,35.9,,,,,21.8,35.0,35.0,35.9,35.9,35.0,42.58,35.25,34.37,36.82,35.9,35.9,35.9,35.9,33.41,14.1,,,,,,
2019-10-13 14:00:00+02:00,,6.32,,9.85,30.09,15.83,,19.1,,4.77,34.63,35.82,35.82,34.9,35.82,8.52,41.77,,35.07,33.44,34.87,,44.0,,,,33.44,33.44,,33.44,33.44,33.44,98.43,33.44,35.82,35.82,,,,,21.8,34.63,34.63,35.82,35.82,34.63,40.7,34.9,34.89,37.16,35.82,35.82,35.82,35.82,33.44,19.1,,,,,,
2019-10-13 15:00:00+02:00,,11.01,,13.19,31.83,14.71,,21.4,,10.02,34.17,35.8,35.81,33.7,35.81,12.3,34.15,,57.85,35.36,36.59,,35.99,,,,35.36,35.36,,35.36,35.36,35.36,103.73,35.36,35.81,35.81,,,,,21.8,34.17,34.17,35.8,35.8,34.17,40.52,33.7,36.61,38.01,35.8,35.8,35.8,35.8,35.36,21.4,,,,,,
2019-10-13 16:00:00+02:00,,21.29,,21.29,51.36,23.11,,21.8,,21.29,21.29,35.98,37.72,33.7,37.72,21.29,33.22,,58.79,40.1,46.29,,35.0,,,,38.7,38.7,,38.7,38.7,38.7,107.18,38.7,37.72,37.72,,,,,21.29,34.17,34.17,35.98,35.98,34.17,39.56,33.7,46.32,42.36,35.98,35.98,35.98,35.98,40.1,21.8,,,,,,
2019-10-13 17:00:00+02:00,,27.94,,27.94,58.84,28.38,,25.9,,27.94,27.94,36.94,40.51,35.0,40.51,27.94,40.18,,59.2,49.97,53.79,,42.34,,,,45.62,45.62,,45.62,45.62,45.62,108.53,45.62,40.51,40.51,,,,,27.94,34.38,34.38,36.94,36.94,34.38,40.88,35.0,53.82,45.42,36.94,36.94,36.94,36.94,49.97,43.0,,,,,,
2019-10-13 18:00:00+02:00,,30.0,,30.0,75.81,33.45,,32.6,,30.0,34.92,37.36,44.78,36.8,44.78,30.0,51.74,,70.52,71.26,71.25,,54.52,,,,59.04,59.04,,59.04,59.04,59.04,83.12,59.04,44.78,44.78,,,,,30.0,34.92,34.92,37.36,37.36,34.92,45.2,36.8,71.3,55.06,37.36,37.36,37.36,37.36,71.26,49.4,,,,,,
2019-10-13 19:00:00+02:00,,33.47,,47.5,70.05,37.93,,45.0,,28.47,37.4,37.4,44.72,49.08,44.72,40.09,68.44,,69.99,75.02,73.35,,70.41,,,,70.17,70.17,,70.17,70.17,70.17,83.12,70.17,44.72,44.72,,,,,47.5,35.49,35.49,37.4,37.4,35.49,45.14,49.08,73.4,67.34,37.4,37.4,37.4,37.4,75.02,51.02,,,,,,
2019-10-13 20:00:00+02:00,,28.71,,46.64,58.84,34.0,,38.0,,22.45,32.4,35.92,40.18,56.01,40.18,41.24,61.39,,65.71,70.7,67.04,,65.0,,,,67.0,67.0,,67.0,67.0,67.0,83.12,67.0,40.18,40.18,,,,,32.4,34.84,34.84,35.92,35.92,34.84,42.09,56.01,67.09,63.09,35.92,35.92,35.92,35.92,70.7,47.6,,,,,,
2019-10-13 21:00:00+02:00,,21.53,,35.0,50.04,30.9,,27.3,,17.39,17.39,27.6,35.83,56.41,35.83,29.09,45.45,,59.19,58.76,57.19,,55.0,,,,58.76,58.76,,58.76,58.76,58.76,83.12,58.76,35.48,35.83,,,,,25.1,34.39,34.39,35.48,35.48,34.39,42.19,56.41,57.23,54.3,35.48,35.48,35.48,35.48,58.76,42.6,,,,,,
2019-10-13 22:00:00+02:00,,21.0,,36.8,42.15,30.36,,25.8,,16.51,16.51,16.51,34.81,53.52,34.81,33.69,37.6,,58.94,46.48,43.16,,58.2,,,,46.48,46.48,,46.48,46.48,46.48,83.12,46.48,34.81,34.81,,,,,21.6,33.91,33.91,34.81,34.81,33.91,46.17,53.52,43.19,49.91,34.81,34.81,34.81,34.81,46.48,35.41,,,,,,
2019-10-13 23:00:00+02:00,,10.8,,27.81,39.39,30.02,,23.0,,4.02,4.02,4.02,33.8,50.09,33.8,29.23,28.42,,60.12,36.0,32.25,,45.0,,,,36.0,36.0,,36.0,36.0,36.0,107.18,36.0,33.8,33.8,,,,,20.0,33.79,33.79,33.8,33.8,33.79,46.3,50.09,32.27,41.26,33.8,33.8,33.8,33.8,36.0,23.0,,,,,,
2019-10-14 00:00:00+02:00,,28.0,,33.36,36.6,28.05,,23.72,,-8.25,-8.25,31.75,31.75,41.01,31.75,32.46,34.09,,65.52,40.1,30.07,,35.08,,,,42.44,42.93,,42.18,42.93,42.93,99.33,42.93,31.75,31.75,,,,,26.2,31.75,31.75,33.05,33.05,31.75,34.24,41.01,30.09,38.91,31.75,31.75,31.75,31.75,40.1,23.72,,,,,,
2019-10-14 01:00:00+02:00,,28.02,,23.1,42.98,28.02,,23.68,,3.17,3.17,10.17,28.96,35.55,28.96,15.21,28.01,,63.93,38.8,27.99,,29.52,,,,38.8,43.32,,38.8,43.32,43.32,99.0,43.32,28.96,28.96,,,,,26.2,31.7,31.7,32.95,32.95,31.7,29.24,35.55,28.02,33.09,28.96,28.96,28.96,28.96,38.8,23.68,,,,,,
2019-10-14 02:00:00+02:00,,12.27,,21.8,39.78,23.08,,24.44,,9.31,9.31,9.31,28.18,34.45,28.18,16.56,31.85,,63.91,35.09,24.44,,33.55,,,,35.09,43.15,,35.09,43.15,43.15,76.52,43.15,28.18,28.18,,,,,24.0,31.51,31.51,32.89,32.89,31.51,28.45,34.45,24.46,29.07,28.18,28.18,28.18,28.18,35.09,24.44,,,,,,
2019-10-14 03:00:00+02:00,,15.17,,15.17,42.94,22.49,,20.17,,15.17,15.17,15.17,30.04,33.57,30.04,15.17,34.11,,63.81,34.0,23.12,,35.06,,,,34.0,42.93,,34.0,42.93,42.93,76.52,42.93,30.04,30.04,,,,,15.17,31.52,31.52,32.88,32.88,31.52,30.33,33.57,23.14,29.56,30.04,30.04,30.04,30.04,34.0,20.17,,,,,,
2019-10-14 04:00:00+02:00,,16.0,,16.0,51.94,22.2,,21.2,,16.0,16.0,16.0,31.74,32.58,31.74,16.0,33.14,,65.62,35.09,29.29,,34.06,,,,35.09,43.15,,35.09,43.15,43.15,76.52,43.15,31.74,31.74,,,,,16.0,31.74,31.74,32.92,32.92,31.74,32.17,32.58,29.31,32.12,31.74,31.74,31.74,31.74,35.09,21.2,,,,,,
2019-10-14 05:00:00+02:00,,24.63,,24.63,56.42,30.61,,24.49,,24.63,24.63,25.42,48.11,32.07,48.11,24.63,34.08,,68.2,42.44,40.96,,34.38,,,,42.44,43.15,,42.44,43.15,43.15,99.0,43.15,33.18,48.11,,,,,24.63,33.18,33.18,33.18,33.18,33.18,39.99,32.07,50.48,40.77,33.18,33.18,33.18,33.18,42.44,36.27,,,,,,
2019-10-14 06:00:00+02:00,,36.06,,36.06,69.58,41.88,,40.73,,36.06,35.27,35.27,64.17,36.06,64.17,36.06,36.93,,78.11,68.87,67.92,,35.58,,,,68.87,68.87,,68.87,68.87,68.87,103.83,68.87,35.27,52.92,,,,,36.06,34.83,34.83,35.27,35.27,34.83,52.24,36.06,67.97,60.64,35.27,35.27,35.27,35.27,68.87,53.07,,,,,,
2019-10-14 07:00:00+02:00,,48.92,,48.92,112.52,51.27,,50.8,,48.92,39.02,39.02,58.92,48.92,58.92,48.92,50.13,,78.17,100.49,110.34,,47.88,,,,71.64,71.64,,71.64,71.64,71.64,107.23,71.64,53.0,53.0,,,,,48.92,36.01,36.01,38.08,38.08,36.01,51.9,48.92,110.42,70.09,39.02,39.02,39.02,39.02,100.49,50.8,,,,,,
2019-10-14 08:00:00+02:00,,50.24,,50.24,117.62,53.5,,52.82,,50.24,50.24,50.24,58.99,50.24,58.99,50.24,51.51,,71.64,80.04,102.98,,49.17,,,,72.43,72.43,,72.43,72.43,72.43,107.23,72.43,58.99,58.99,,,,,50.24,36.51,36.51,39.76,39.23,36.51,56.82,50.24,103.06,72.76,39.76,39.76,50.24,50.24,80.04,52.82,,,,,,
2019-10-14 09:00:00+02:00,,50.09,,50.57,76.43,51.28,,51.04,,49.6,49.6,49.6,60.39,50.39,60.39,50.39,57.74,,70.16,71.46,71.8,,60.42,,,,71.46,71.46,,71.46,71.46,71.46,107.23,71.46,60.39,60.39,,,,,56.06,36.16,36.16,39.49,39.23,36.16,57.21,50.39,71.86,70.95,39.49,39.49,49.6,49.6,71.46,51.04,,,,,,
2019-10-14 10:00:00+02:00,,48.95,,50.3,70.04,50.07,,47.4,,48.34,48.34,48.34,59.94,49.58,59.94,49.58,55.48,,68.33,62.64,69.07,,56.85,,,,62.64,62.64,,62.64,62.64,62.64,103.83,62.64,59.94,59.94,,,,,53.85,36.16,36.16,39.57,39.14,36.16,57.25,49.58,69.13,68.03,39.57,39.57,48.34,48.34,62.64,47.4,,,,,,
2019-10-14 11:00:00+02:00,,48.0,,48.0,69.54,48.97,,45.22,,48.0,48.0,48.0,58.22,48.0,58.22,48.0,49.48,,65.76,60.68,65.03,,50.68,,,,60.68,60.68,,60.68,60.68,60.68,103.73,60.68,58.22,58.22,,,,,48.0,35.9,35.9,39.36,38.41,35.9,57.85,48.0,65.08,65.26,39.42,39.42,48.0,48.0,60.68,45.22,,,,,,
2019-10-14 12:00:00+02:00,,45.25,,45.25,60.19,48.02,,43.7,,45.25,45.25,45.25,56.62,45.25,56.62,45.25,46.66,,68.13,47.7,61.93,,47.78,,,,47.7,47.7,,47.7,47.7,47.7,103.73,47.7,56.62,56.62,,,,,45.25,35.61,35.61,39.08,37.81,35.61,57.14,45.25,61.98,66.11,39.56,39.56,45.25,45.25,47.7,43.7,,,,,,
2019-10-14 13:00:00+02:00,,43.0,,43.0,55.09,47.36,,42.4,,43.0,43.0,43.0,56.19,43.0,56.19,43.0,44.36,,67.99,47.7,60.95,,47.67,,,,47.7,47.7,,47.7,47.7,47.7,99.0,47.7,56.19,56.19,,,,,43.0,35.75,35.75,38.76,37.83,35.75,56.71,43.0,61.0,64.92,39.59,39.59,43.0,43.0,47.7,42.4,,,,,,
2019-10-14 14:00:00+02:00,,39.5,,39.5,64.47,45.35,,40.41,,39.5,39.5,39.5,55.95,39.5,55.95,39.5,40.61,,65.67,61.06,64.04,,42.55,,,,61.06,61.06,,61.06,61.06,61.06,99.0,61.06,55.95,55.95,,,,,39.5,35.44,35.44,39.5,37.74,35.44,56.46,39.5,64.09,62.99,39.5,39.5,39.5,39.5,61.06,40.41,,,,,,
2019-10-14 15:00:00+02:00,,42.19,,40.79,69.55,46.08,,41.65,,42.19,43.23,43.23,54.72,40.8,54.72,40.8,41.95,,70.1,69.0,69.14,,43.94,,,,69.0,69.0,,69.0,69.0,69.0,103.83,69.0,54.72,54.72,,,,,43.18,34.96,34.96,39.51,35.61,34.96,55.22,40.8,69.2,66.62,39.69,39.69,43.23,43.23,69.0,41.65,,,,,,
2019-10-14 16:00:00+02:00,,46.86,,42.28,69.58,47.02,,44.52,,46.86,55.98,55.98,55.98,39.99,55.98,39.99,43.5,,78.13,71.46,73.08,,45.58,,,,71.46,71.46,,71.46,71.46,71.46,103.83,71.46,55.98,55.98,,,,,46.34,34.98,34.98,39.44,35.96,34.98,56.49,39.99,73.15,68.91,39.8,39.8,55.98,55.98,71.46,44.52,,,,,,
2019-10-14 17:00:00+02:00,,49.0,,43.94,86.46,49.02,,49.4,,49.0,60.06,60.06,60.06,41.49,60.06,41.49,47.05,,84.43,71.64,73.06,,49.19,,,,71.64,71.64,,71.64,71.64,71.64,107.23,71.64,60.06,60.06,,,,,48.39,34.99,34.99,39.04,36.02,34.99,60.61,41.49,73.13,72.23,39.79,39.79,60.06,60.06,71.64,49.4,,,,,,
2019-10-14 18:00:00+02:00,,50.09,,50.09,113.18,51.18,,52.9,,50.09,70.91,70.91,70.91,47.5,70.91,50.09,51.79,,96.0,73.99,126.1,,54.18,,,,73.99,73.99,,73.99,73.99,73.99,122.84,73.99,70.91,70.91,,,,,50.09,35.15,35.15,39.53,36.84,35.15,71.56,47.5,126.21,76.91,42.27,42.27,70.91,70.91,73.99,52.9,,,,,,
2019-10-14 19:00:00+02:00,,52.79,,52.79,99.03,53.73,,57.5,,52.79,70.92,70.92,70.92,52.19,70.92,52.79,60.61,,106.0,75.06,85.94,,63.36,,,,75.06,75.06,,75.06,75.06,75.06,123.84,75.06,70.92,70.92,,,,,52.79,35.33,35.33,39.52,36.94,35.33,71.56,52.19,86.01,84.07,40.96,40.96,70.92,70.92,75.06,65.2,,,,,,
2019-10-14 20:00:00+02:00,,48.93,,48.93,86.85,47.43,,46.87,,48.93,53.04,53.04,53.04,50.44,53.04,48.93,55.04,,87.03,71.46,73.07,,57.52,,,,71.46,71.46,,71.46,71.46,71.46,122.84,71.46,53.04,53.04,,,,,48.93,35.08,35.08,39.0,37.76,35.08,58.51,50.44,73.13,76.94,39.0,39.0,53.04,53.04,71.46,59.6,,,,,,
2019-10-14 21:00:00+02:00,,37.01,,37.01,77.02,39.1,,39.9,,37.01,44.19,44.19,44.19,50.09,44.19,37.01,38.31,,86.3,67.0,67.09,,47.74,,,,67.0,67.0,,67.0,67.0,67.0,121.84,67.0,44.19,44.19,,,,,37.01,34.91,34.91,39.35,37.3,34.91,54.47,50.09,67.15,67.5,39.35,39.35,44.19,44.19,67.0,39.9,,,,,,
2019-10-14 22:00:00+02:00,,32.89,,33.96,69.56,35.45,,35.2,,32.51,36.6,36.6,36.6,39.96,36.6,33.36,36.72,,86.1,47.7,52.08,,47.74,,,,47.7,47.7,,47.7,47.7,47.7,103.83,47.7,36.6,36.6,,,,,35.0,34.55,34.55,36.6,36.6,34.55,52.23,39.96,52.13,54.79,36.6,36.6,36.6,36.6,47.7,52.08,,,,,,
2019-10-14 23:00:00+02:00,,25.19,,25.15,53.66,32.21,,30.65,,25.18,33.94,34.62,34.62,35.55,34.62,25.22,25.96,,69.05,42.93,45.09,,39.66,,,,42.93,42.93,,42.93,42.93,42.93,99.0,42.93,34.62,34.62,,,,,25.18,33.94,33.94,34.62,34.62,33.94,44.23,35.55,45.13,51.56,34.62,34.62,34.62,34.62,42.93,45.09,,,,,,
2019-10-15 00:00:00+02:00,,26.0,,26.0,52.58,36.35,,31.17,,26.0,26.0,34.41,34.41,31.95,34.41,26.0,34.12,,74.44,44.0,44.76,,35.52,,,,44.0,44.0,,44.0,44.0,44.0,76.52,44.0,34.41,34.41,,,,,26.0,34.41,34.41,34.41,34.41,34.41,49.39,31.95,44.8,46.21,34.41,34.41,34.41,34.41,44.0,44.76,,,,,,
2019-10-15 01:00:00+02:00,,25.72,,25.72,49.92,36.02,,29.2,,25.72,25.72,34.06,34.06,29.07,34.06,25.72,28.72,,74.42,42.28,42.01,,29.9,,,,42.28,42.28,,42.28,42.28,42.28,74.0,42.28,34.06,34.06,,,,,25.72,34.06,34.06,34.06,34.06,34.06,49.18,31.5,42.04,41.98,34.06,34.06,34.06,34.06,42.28,42.01,,,,,,
2019-10-15 02:00:00+02:00,,25.0,,25.0,45.93,35.43,,26.5,,25.0,25.0,33.86,33.86,25.0,33.86,25.0,36.13,,70.0,41.28,38.26,,36.71,,,,41.79,41.79,,41.28,41.79,41.79,46.07,41.79,33.86,33.86,,,,,25.0,33.86,33.86,33.86,33.86,33.86,49.13,31.26,38.29,39.74,33.86,33.86,33.86,33.86,41.28,38.26,,,,,,
2019-10-15 03:00:00+02:00,,24.27,,24.27,44.98,34.3,,25.53,,24.27,24.27,33.84,33.84,24.27,33.84,24.27,36.19,,69.99,40.57,37.83,,36.76,,,,40.57,40.57,,40.57,40.57,40.57,46.07,40.57,33.84,33.84,,,,,24.27,33.84,33.84,33.84,33.84,33.84,49.0,30.75,37.86,37.44,33.84,33.84,33.84,33.84,40.57,31.01,,,,,,
2019-10-15 04:00:00+02:00,,25.0,,25.0,47.92,34.26,,25.95,,25.0,25.0,34.13,34.13,25.0,34.13,25.0,36.14,,67.99,41.28,40.03,,37.18,,,,41.28,41.28,,41.28,41.28,41.28,46.07,41.28,34.13,34.13,,,,,25.0,33.9,33.9,34.13,34.13,33.9,49.18,30.7,40.06,38.2,34.13,34.13,34.13,34.13,41.28,40.03,,,,,,
2019-10-15 05:00:00+02:00,,29.99,,29.99,69.54,36.24,,29.74,,29.99,29.99,35.18,44.73,29.99,44.73,29.99,35.32,,68.54,44.0,50.43,,36.73,,,,44.0,44.0,,44.0,44.0,44.0,64.45,44.0,35.18,44.73,,,,,29.99,34.53,34.53,35.18,35.18,34.53,47.93,31.26,58.32,46.34,35.18,35.18,35.18,35.18,44.0,29.74,,,,,,
2019-10-15 06:00:00+02:00,,40.61,,40.61,88.91,44.86,,40.9,,40.61,40.61,40.61,60.0,40.61,60.0,40.61,41.94,,66.1,61.06,73.89,,43.61,,,,61.06,61.06,,61.06,61.06,61.06,76.52,61.06,53.97,53.97,,,,,40.61,35.59,35.59,38.22,38.2,35.59,54.11,40.61,73.95,67.38,40.61,40.61,40.61,40.61,61.06,40.9,,,,,,
2019-10-15 07:00:00+02:00,,52.64,,52.64,93.53,49.65,,49.6,,52.64,52.64,52.64,60.37,52.5,60.37,52.64,54.39,,74.41,71.46,78.54,,51.37,,,,71.46,71.46,,71.46,71.46,71.46,103.83,71.46,60.37,60.37,,,,,52.64,35.86,35.86,39.94,38.64,35.86,53.67,52.5,78.6,90.06,52.64,52.64,52.64,52.64,71.46,49.6,,,,,,
2019-10-15 08:00:00+02:00,,55.21,,55.21,82.97,51.59,,51.2,,55.21,55.21,55.21,62.23,52.19,62.23,55.21,57.05,,74.43,71.46,75.04,,59.29,,,,71.46,71.46,,71.46,71.46,71.46,103.83,71.46,62.23,62.23,,,,,55.21,35.96,35.96,42.35,38.69,35.96,55.79,52.19,75.1,87.02,55.21,55.21,55.21,55.21,71.46,51.2,,,,,,
2019-10-15 09:00:00+02:00,,54.8,,54.8,75.73,51.96,,50.5,,54.8,54.8,54.8,60.52,52.51,60.52,54.8,56.64,,70.0,71.46,71.82,,58.85,,,,71.46,71.46,,71.46,71.46,71.46,103.73,71.46,60.52,60.52,,,,,54.8,35.86,35.86,41.76,38.72,35.86,57.85,52.51,71.87,74.26,54.8,54.8,54.8,54.8,71.46,50.5,,,,,,
2019-10-15 10:00:00+02:00,,51.76,,51.76,75.91,49.81,,47.5,,51.76,51.76,51.76,56.1,50.39,56.1,51.76,53.51,,68.89,69.53,68.29,,55.59,,,,69.53,61.16,,69.53,61.16,61.16,90.0,61.16,56.1,56.1,,,,,51.76,35.86,35.86,40.97,38.42,35.86,56.24,50.39,68.34,70.09,51.76,51.76,51.76,51.76,69.53,47.5,,,,,,
2019-10-15 11:00:00+02:00,,50.62,,50.62,61.91,49.03,,46.89,,50.62,50.62,50.62,57.66,49.0,57.66,50.62,52.34,,65.93,67.0,65.92,,54.37,,,,67.0,52.16,,67.0,52.16,52.16,77.0,52.16,57.66,57.66,,,,,50.62,35.77,35.77,39.92,38.32,35.77,57.81,49.0,65.97,68.43,50.62,50.62,50.62,50.62,67.0,46.89,,,,,,
2019-10-15 12:00:00+02:00,,47.9,,47.9,61.89,47.56,,44.5,,47.9,47.9,47.9,57.71,46.3,57.71,47.9,49.53,,59.19,47.9,60.95,,50.21,,,,47.9,47.48,,47.9,47.48,47.48,72.0,47.48,57.71,57.71,,,,,47.9,35.72,35.72,39.86,38.23,35.72,57.85,46.3,60.99,63.56,47.9,47.9,47.9,47.9,47.9,44.5,,,,,,
2019-10-15 13:00:00+02:00,,46.64,,46.64,61.89,46.58,,43.0,,46.64,46.64,46.64,57.61,45.27,57.61,46.64,47.13,,59.19,46.73,59.67,,47.76,,,,46.73,46.7,,46.73,46.7,46.7,69.45,46.7,57.61,57.61,,,,,46.64,35.75,35.75,39.77,38.22,35.75,57.76,45.27,59.71,64.02,46.64,46.64,46.64,46.64,46.73,43.0,,,,,,
2019-10-15 14:00:00+02:00,,44.58,,44.58,61.91,44.08,,40.6,,44.58,44.58,44.58,57.57,43.0,57.57,44.58,44.03,,65.22,67.0,61.47,,42.98,,,,67.0,47.7,,67.0,47.7,47.7,75.0,47.7,57.57,57.57,,,,,44.58,35.7,35.7,39.3,37.95,35.7,57.72,43.0,61.51,65.82,44.58,44.58,44.58,44.58,67.0,40.6,,,,,,
2019-10-15 15:00:00+02:00,,45.43,,45.0,69.58,44.07,,42.01,,45.38,45.38,45.38,54.91,42.0,54.91,44.87,44.32,,66.07,67.0,66.79,,41.78,,,,67.0,55.85,,67.0,55.85,55.85,77.0,55.85,54.91,54.91,,,,,45.19,35.63,35.63,38.8,38.01,35.63,55.05,42.0,66.83,71.05,45.38,45.38,45.38,45.38,67.0,42.01,,,,,,
2019-10-15 16:00:00+02:00,,48.23,,45.99,69.58,46.76,,45.2,,47.96,47.96,47.96,54.61,43.58,54.61,45.33,46.06,,70.41,70.51,71.99,,43.41,,,,70.51,61.26,,70.51,61.26,61.26,103.83,61.26,54.61,54.61,,,,,46.98,35.67,35.67,38.21,38.21,35.67,54.75,43.58,72.03,73.61,45.67,45.67,47.96,47.96,70.51,45.2,,,,,,
2019-10-15 17:00:00+02:00,,53.1,,51.56,82.98,49.33,,49.32,,53.1,53.1,54.41,54.41,46.64,54.41,51.02,52.42,,75.15,71.0,75.05,,49.39,,,,71.0,71.0,,71.0,71.0,71.0,103.83,71.0,54.41,54.41,,,,,52.37,35.55,35.55,38.26,38.26,35.55,54.55,46.64,75.09,81.08,47.27,47.27,53.1,54.41,71.0,49.32,,,,,,
2019-10-15 18:00:00+02:00,,58.33,,58.33,107.95,52.34,,53.37,,58.33,58.33,58.56,58.56,50.54,58.56,58.33,60.41,,84.4,71.54,100.05,,49.95,,,,71.54,71.54,,71.54,71.54,71.54,122.84,71.54,58.56,58.56,,,,,58.33,35.57,35.57,38.27,38.27,35.57,58.71,50.54,100.1,96.27,46.88,46.88,58.55,58.56,71.54,53.37,,,,,,
2019-10-15 19:00:00+02:00,,67.95,,67.95,85.98,58.09,,59.01,,67.95,67.95,67.73,67.73,54.5,67.73,67.95,70.61,,78.19,74.0,78.03,,49.92,,,,74.0,74.0,,74.0,74.0,74.0,122.84,74.0,67.73,67.73,,,,,67.95,35.67,35.67,38.25,38.25,35.67,67.81,54.5,78.08,97.3,44.5,44.5,67.73,67.73,74.0,59.41,,,,,,
2019-10-15 20:00:00+02:00,,55.29,,55.29,78.93,52.04,,51.94,,55.29,55.29,55.29,53.26,55.29,53.26,55.29,57.71,,74.48,67.0,71.57,,49.92,,,,67.0,67.0,,67.0,67.0,67.0,122.84,67.0,53.26,53.26,,,,,55.29,35.66,35.66,38.23,38.23,35.66,55.52,55.29,71.61,82.05,41.97,41.97,53.26,55.29,67.0,57.33,,,,,,
2019-10-15 21:00:00+02:00,,45.97,,45.97,71.97,42.74,,43.29,,45.97,45.97,45.97,48.01,50.54,48.01,45.97,47.66,,69.24,60.06,64.97,,44.86,,,,60.06,60.06,,60.06,60.06,60.06,106.0,60.06,48.01,48.01,,,,,45.97,35.51,35.51,38.27,38.27,35.51,49.01,50.54,65.01,72.17,39.65,39.65,39.65,45.97,60.06,43.29,,,,,,
2019-10-15 22:00:00+02:00,,40.14,,39.5,65.92,38.9,,37.6,,39.95,39.95,38.52,38.52,41.49,38.52,40.76,42.26,,69.32,46.73,50.08,,39.77,,,,46.73,46.73,,46.73,46.73,46.73,107.23,46.73,38.52,38.52,,,,,39.5,35.15,35.15,37.33,37.33,35.15,54.02,41.49,50.1,62.0,37.93,37.93,37.93,38.52,46.73,37.6,,,,,,
2019-10-15 23:00:00+02:00,,33.53,,29.85,53.99,32.24,,30.37,,32.46,32.46,34.06,34.06,40.0,34.06,37.09,36.71,,69.31,42.18,40.09,,34.53,,,,42.18,42.18,,42.18,42.18,42.18,94.0,42.18,34.06,34.06,,,,,29.85,34.03,34.03,34.06,34.06,34.03,52.88,40.0,40.11,47.81,34.06,34.06,34.06,34.06,42.18,30.37,,,,,,
2019-10-16 00:00:00+02:00,,34.81,,34.81,41.74,34.28,,32.5,,34.81,34.81,34.81,34.81,41.07,34.81,34.81,51.89,,68.07,42.86,46.06,,30.95,,,,42.86,42.86,,42.86,42.86,42.86,79.25,42.86,34.81,34.81,,,,,34.81,34.81,34.81,34.81,34.81,34.81,43.51,41.07,46.04,43.1,34.81,34.81,34.81,34.81,42.86,32.5,,,,,,
2019-10-16 01:00:00+02:00,,33.02,,33.02,42.52,30.75,,29.2,,33.02,34.11,34.11,34.11,35.99,34.11,33.02,43.29,,70.06,39.43,40.91,,30.03,,,,39.43,39.43,,39.43,39.43,39.43,76.25,39.43,34.11,34.11,,,,,33.02,34.11,34.11,34.11,34.11,34.11,43.51,35.99,40.89,40.95,34.11,34.11,34.11,34.11,39.43,29.2,,,,,,
2019-10-16 02:00:00+02:00,,29.25,,29.25,39.22,27.92,,26.5,,29.25,33.97,33.97,33.97,34.4,33.97,29.25,39.23,,67.99,38.62,36.96,,30.91,,,,38.62,38.62,,38.62,38.62,38.62,74.48,38.62,33.97,33.97,,,,,29.25,33.97,33.97,33.97,33.97,33.97,43.52,34.4,36.94,35.48,33.97,33.97,33.97,33.97,38.62,26.5,,,,,,
2019-10-16 03:00:00+02:00,,28.4,,28.4,35.74,26.82,,25.2,,28.4,33.98,33.98,33.98,34.11,33.98,28.4,35.74,,67.99,38.29,34.99,,31.46,,,,38.29,38.29,,38.29,38.29,38.29,65.25,38.29,33.98,33.98,,,,,28.4,33.98,33.98,33.98,33.98,33.98,43.53,34.11,34.97,34.77,33.98,33.98,33.98,33.98,38.29,25.2,,,,,,
2019-10-16 04:00:00+02:00,,29.07,,28.42,41.69,27.82,,26.52,,29.0,34.43,34.43,34.43,34.3,34.43,28.23,30.91,,67.99,38.64,37.05,,30.0,,,,38.64,38.64,,38.64,38.64,38.64,70.25,38.64,34.43,34.43,,,,,28.7,34.43,34.43,34.43,34.43,34.43,43.53,34.3,44.35,35.41,34.43,34.43,34.43,34.43,38.64,26.52,,,,,,
2019-10-16 05:00:00+02:00,,31.72,,29.16,50.2,30.85,,30.1,,31.45,35.44,35.44,40.08,34.67,40.08,28.41,30.11,,70.15,40.53,47.32,,29.23,,,,40.53,40.53,,40.53,40.53,40.53,74.48,40.53,35.44,40.08,,,,,30.3,35.26,35.26,35.44,35.44,35.26,43.53,34.67,62.66,43.43,35.44,35.44,35.44,35.44,40.53,30.1,,,,,,
2019-10-16 06:00:00+02:00,,38.68,,38.68,73.08,38.05,,38.23,,38.68,44.6,44.6,55.48,38.68,55.48,38.68,39.81,,66.11,57.59,62.94,,37.05,,,,49.96,49.96,,49.96,49.96,49.96,78.48,49.96,52.07,52.07,,,,,38.68,36.22,36.22,38.91,38.91,36.22,52.25,38.68,88.31,62.8,44.6,44.6,44.6,44.6,57.59,38.23,,,,,,
2019-10-16 07:00:00+02:00,,49.97,,49.97,103.53,48.99,,47.9,,49.97,59.55,59.55,59.55,49.97,59.55,49.97,51.44,,70.47,75.0,126.22,,48.76,,,,71.46,71.46,,71.46,71.46,71.46,103.41,71.46,59.55,59.55,,,,,49.97,36.86,36.86,39.64,39.64,36.86,59.76,49.97,126.16,74.43,42.48,42.48,59.55,59.55,75.0,47.9,,,,,,
2019-10-16 08:00:00+02:00,,51.3,,51.3,87.33,50.41,,49.22,,51.3,63.46,63.46,63.46,51.3,63.46,51.3,52.95,,70.44,75.0,103.36,,53.49,,,,75.0,75.0,,75.0,75.0,75.0,102.41,75.0,63.46,63.46,,,,,51.3,36.72,36.72,39.81,39.81,36.72,63.69,51.3,103.31,72.24,41.87,41.87,63.46,63.46,75.0,49.22,,,,,,
2019-10-16 09:00:00+02:00,,50.14,,50.14,70.45,49.64,,48.1,,50.14,61.86,61.86,61.86,50.14,61.86,50.14,51.97,,68.75,71.64,75.38,,56.0,,,,71.64,71.64,,71.64,71.64,71.64,101.41,71.64,61.86,61.86,,,,,50.14,36.66,36.66,39.83,39.83,36.66,62.09,50.14,75.34,68.87,40.83,40.83,61.86,61.86,71.64,48.1,,,,,,
2019-10-16 10:00:00+02:00,,46.99,,46.99,69.54,46.64,,45.1,,46.99,59.56,59.56,59.56,46.99,59.56,46.99,51.25,,61.54,61.26,69.13,,53.49,,,,61.26,61.26,,61.26,61.26,61.26,103.41,61.26,59.56,59.56,,,,,46.99,36.66,36.66,39.75,39.75,36.66,59.79,46.99,69.1,63.13,40.27,40.27,59.56,59.56,61.26,45.1,,,,,,
2019-10-16 11:00:00+02:00,,43.16,,42.59,57.09,45.13,,42.5,,42.92,58.07,58.07,58.07,43.67,58.07,43.67,44.92,,59.15,57.59,63.44,,46.9,,,,52.62,49.58,,52.62,49.58,49.58,103.25,49.58,58.07,58.07,,,,,42.59,36.62,36.62,39.45,39.45,36.62,58.31,43.67,63.41,61.39,40.75,40.75,58.07,58.07,57.59,42.5,,,,,,
2019-10-16 12:00:00+02:00,,38.46,,34.23,45.26,41.72,,40.09,,37.55,56.61,56.61,56.61,40.57,56.61,40.57,41.73,,61.5,72.09,58.9,,43.57,,,,43.31,43.31,,43.31,43.31,43.31,92.48,43.31,56.61,56.61,,,,,36.0,36.22,36.22,39.27,39.27,36.22,56.84,40.57,58.88,62.95,40.53,40.53,56.61,56.61,72.09,40.09,,,,,,
2019-10-16 13:00:00+02:00,,37.6,,34.4,50.06,40.41,,38.69,,37.01,54.32,54.32,54.32,39.0,54.32,39.0,40.11,,59.15,57.59,55.83,,41.88,,,,43.19,43.19,,43.19,43.19,43.19,93.25,43.19,54.32,54.32,,,,,36.0,36.09,36.09,39.11,39.11,36.09,54.54,39.0,55.8,62.49,44.85,44.85,54.32,54.32,57.59,38.69,,,,,,
2019-10-16 14:00:00+02:00,,36.22,,35.95,60.85,40.53,,38.36,,36.17,52.02,52.02,52.02,36.34,52.02,36.34,37.37,,59.15,63.03,58.9,,39.03,,,,46.77,46.77,,46.77,46.77,46.77,83.25,46.77,52.02,52.02,,,,,36.09,36.09,36.09,38.8,38.8,36.09,52.24,36.34,58.88,60.66,39.85,39.85,52.02,52.02,63.03,38.36,,,,,,
2019-10-16 15:00:00+02:00,,40.97,,37.05,68.63,41.48,,41.56,,36.98,51.17,51.17,51.17,37.25,51.17,37.25,38.3,,61.5,70.92,64.06,,40.0,,,,56.05,52.74,,56.05,52.74,52.74,93.25,52.74,51.17,51.17,,,,,36.98,36.02,36.02,38.72,38.72,36.02,51.4,37.25,64.04,65.87,39.98,39.98,51.17,51.17,70.92,41.56,,,,,,
2019-10-16 16:00:00+02:00,,38.08,,38.0,69.58,43.08,,40.76,,38.06,44.84,44.84,48.62,38.11,48.62,38.11,39.18,,69.33,67.0,71.56,,40.93,,,,67.0,67.0,,67.0,67.0,67.0,101.41,67.0,48.62,48.62,,,,,38.03,36.45,36.45,39.34,39.34,36.45,48.83,38.11,71.53,70.05,39.98,39.98,44.84,44.84,67.0,40.76,,,,,,
2019-10-16 17:00:00+02:00,,46.99,,46.99,72.08,46.66,,45.2,,46.99,51.8,51.8,51.8,46.99,51.8,46.99,48.44,,78.24,71.46,75.01,,49.41,,,,71.46,71.46,,71.46,71.46,71.46,103.31,71.46,51.8,51.8,,,,,46.99,36.48,36.48,39.33,39.33,36.48,52.04,46.99,74.97,75.75,39.48,39.48,51.8,51.8,71.46,45.2,,,,,,
2019-10-16 18:00:00+02:00,,50.07,,50.07,69.56,50.06,,50.02,,50.07,56.99,56.99,56.99,50.07,56.99,50.07,54.2,,84.26,86.07,115.7,,56.64,,,,72.29,72.29,,72.29,72.29,72.29,122.84,72.29,56.99,56.99,,,,,50.07,36.54,36.54,38.98,38.98,36.54,57.26,50.07,115.66,98.05,38.98,38.98,56.99,56.99,86.07,50.02,,,,,,
2019-10-16 19:00:00+02:00,,51.41,,53.89,86.43,52.61,,54.6,,49.95,49.95,49.95,56.05,55.0,56.05,55.0,75.3,,84.42,75.0,85.01,,71.5,,,,75.0,75.0,,75.0,75.0,75.0,85.31,75.0,56.05,56.05,,,,,47.43,36.49,36.49,38.67,38.67,36.49,56.31,55.0,84.98,84.98,38.67,38.67,49.95,49.95,75.0,54.7,,,,,,
2019-10-16 20:00:00+02:00,,47.74,,55.05,69.56,48.75,,46.3,,45.01,45.01,45.01,45.01,55.05,45.01,55.05,78.11,,76.87,75.0,72.05,,74.18,,,,75.0,75.0,,75.0,75.0,75.0,85.31,75.0,45.01,45.01,,,,,40.0,36.3,36.3,38.38,38.38,36.3,49.91,55.05,72.02,74.07,38.38,38.38,45.01,45.01,75.0,46.3,,,,,,
2019-10-16 21:00:00+02:00,,39.52,,45.59,67.62,41.94,,38.3,,37.07,37.07,37.07,40.07,53.01,40.07,45.59,52.59,,69.24,71.64,62.1,,49.95,,,,71.64,71.64,,71.64,71.64,71.64,122.84,71.64,40.07,40.07,,,,,33.06,35.36,35.36,37.07,37.07,35.36,40.27,53.01,62.08,65.18,37.07,37.07,37.07,37.07,71.64,38.3,,,,,,
2019-10-16 22:00:00+02:00,,37.82,,43.93,47.39,41.44,,33.78,,35.44,35.44,35.44,35.44,46.96,35.44,44.06,45.26,,66.09,57.5,54.23,,42.99,,,,52.74,52.74,,52.74,52.74,52.74,103.31,52.74,35.44,35.44,,,,,33.86,34.97,34.97,35.44,35.44,34.97,39.68,46.96,54.21,52.22,35.44,35.44,35.44,35.44,57.5,33.78,,,,,,
2019-10-16 23:00:00+02:00,,32.73,,30.87,44.56,37.07,,27.9,,30.87,33.12,33.12,33.12,44.03,33.12,38.01,37.26,,69.34,45.98,48.02,,35.4,,,,45.98,45.98,,45.98,45.98,45.98,93.25,45.98,33.12,33.12,,,,,30.87,33.12,33.12,33.25,33.25,33.12,42.1,44.03,48.0,47.09,33.12,33.12,33.12,33.12,45.98,27.9,,,,,,
2019-10-17 00:00:00+02:00,,31.97,,29.36,53.51,34.29,,28.01,,27.65,33.85,33.85,33.85,44.07,33.85,29.02,40.3,,70.09,45.0,46.08,,25.73,,,,45.0,45.0,,45.0,45.0,45.0,95.0,45.0,33.85,33.85,,,,,27.65,33.85,33.85,33.85,33.85,33.85,44.23,44.07,46.05,45.07,33.85,33.85,33.85,33.85,45.0,28.01,,,,,,
2019-10-17 01:00:00+02:00,,28.1,,28.1,50.17,29.92,,26.86,,28.1,33.29,33.29,33.29,38.07,33.29,28.1,35.81,,67.97,42.66,43.91,,25.86,,,,42.66,42.66,,42.66,42.66,42.66,73.18,42.66,33.29,33.29,,,,,28.1,33.29,33.29,33.29,33.29,33.29,42.11,38.07,43.89,42.95,33.29,33.29,33.29,33.29,42.66,26.86,,,,,,
2019-10-17 02:00:00+02:00,,26.6,,26.6,48.22,29.55,,25.92,,26.6,32.85,32.85,32.85,35.99,32.85,26.6,36.17,,67.97,41.98,39.54,,15.0,,,,41.98,41.98,,41.98,41.98,41.98,73.18,41.98,32.85,32.85,,,,,26.6,32.85,32.85,32.85,32.85,32.85,41.03,35.99,39.52,38.7,32.85,32.85,32.85,32.85,41.98,25.92,,,,,,
2019-10-17 03:00:00+02:00,,26.34,,26.34,46.07,28.33,,25.7,,26.34,32.8,32.8,32.8,35.99,32.8,26.34,36.19,,67.97,41.81,38.99,,10.86,,,,41.81,41.81,,41.81,41.81,41.81,73.18,41.81,32.8,32.8,,,,,26.34,32.8,32.8,32.8,32.8,32.8,43.31,35.99,38.96,38.01,32.8,32.8,32.8,32.8,41.81,25.7,,,,,,
2019-10-17 04:00:00+02:00,,28.43,,28.43,47.27,29.51,,27.01,,28.43,33.05,33.59,33.59,35.99,33.59,28.43,31.8,,67.99,41.98,41.1,,5.0,,,,41.98,41.98,,41.98,41.98,41.98,73.18,41.98,33.59,33.59,,,,,28.43,33.59,33.59,33.59,33.59,33.59,43.64,35.99,41.07,40.42,33.59,33.59,33.59,33.59,41.98,27.01,,,,,,
2019-10-17 05:00:00+02:00,,31.29,,31.29,67.58,33.48,,31.14,,31.29,31.29,34.6,41.88,38.07,41.88,31.29,32.21,,69.31,46.1,49.9,,6.0,,,,46.1,46.1,,46.1,46.1,46.1,73.51,46.1,34.6,41.88,,,,,31.29,34.6,34.6,34.6,34.6,34.6,45.48,38.07,49.87,49.35,34.6,34.6,34.6,34.6,46.1,31.14,,,,,,
2019-10-17 06:00:00+02:00,,40.89,,39.9,63.86,43.45,,41.1,,40.5,40.5,40.5,70.07,44.33,70.07,41.94,40.89,,76.13,60.0,60.39,,11.0,,,,60.0,60.0,,60.0,60.0,60.0,103.73,60.0,52.29,52.29,,,,,39.74,36.65,36.31,36.65,36.65,36.65,54.6,44.33,60.35,71.12,36.65,36.65,36.65,40.5,60.0,41.1,,,,,,
2019-10-17 07:00:00+02:00,,52.13,,52.13,69.58,52.33,,52.4,,52.13,52.13,52.13,69.38,52.13,69.38,52.13,50.85,,78.21,72.0,72.38,,27.0,,,,72.0,72.0,,72.0,72.0,72.0,107.23,72.0,53.29,53.29,,,,,52.13,37.95,36.69,38.14,38.14,37.95,53.57,52.13,72.33,95.02,38.14,38.14,52.13,52.13,72.0,52.4,,,,,,
2019-10-17 08:00:00+02:00,,54.42,,54.42,70.52,55.03,,55.2,,54.42,55.76,55.76,69.66,54.42,69.66,54.42,55.64,,78.15,71.64,74.09,,38.0,,,,71.64,71.64,,71.64,71.64,71.64,107.23,71.64,58.53,58.53,,,,,54.42,38.26,36.71,38.91,38.91,38.26,58.85,54.42,74.04,89.01,38.91,38.91,55.76,55.76,71.64,55.2,,,,,,
2019-10-17 09:00:00+02:00,,54.03,,54.03,72.85,55.4,,54.41,,54.03,55.36,55.36,69.96,54.03,69.96,54.03,55.26,,74.41,71.46,72.34,,52.72,,,,71.46,71.46,,71.46,71.46,71.46,105.11,71.46,57.77,57.77,,,,,54.03,38.37,36.8,39.71,39.71,38.37,58.08,54.03,72.29,73.04,39.71,39.71,55.36,55.36,71.46,54.41,,,,,,
2019-10-17 10:00:00+02:00,,52.27,,51.64,69.57,52.87,,52.73,,51.97,53.24,53.24,67.3,53.0,67.3,53.0,52.97,,70.19,62.38,65.73,,50.54,,,,62.38,62.38,,62.38,62.38,62.38,101.63,62.38,56.91,56.91,,,,,51.43,38.27,36.78,39.93,39.93,38.27,57.21,53.0,65.68,68.37,39.93,39.93,53.24,53.24,62.38,52.73,,,,,,
2019-10-17 11:00:00+02:00,,51.46,,52.19,69.54,50.96,,51.2,,51.11,51.11,52.36,65.51,52.19,65.51,52.19,50.95,,66.18,68.2,64.48,,48.6,,,,55.34,55.34,,55.34,55.34,55.34,99.51,55.34,58.0,58.0,,,,,50.43,38.05,36.74,39.67,39.67,38.05,58.31,52.19,64.44,64.43,39.67,39.67,52.36,52.36,68.2,51.2,,,,,,
2019-10-17 12:00:00+02:00,,48.7,,48.7,69.33,48.76,,48.0,,48.7,48.7,49.9,66.21,48.7,66.21,48.7,47.42,,65.95,61.76,61.01,,45.21,,,,48.7,48.7,,48.7,48.7,48.7,91.18,48.7,56.89,56.89,,,,,48.7,37.8,36.6,39.54,39.54,37.8,57.19,48.7,60.96,61.04,39.54,39.54,49.9,49.9,61.76,48.0,,,,,,
2019-10-17 13:00:00+02:00,,45.03,,43.0,68.03,46.29,,45.0,,44.39,46.49,46.49,64.55,46.48,64.55,46.48,41.7,,65.73,62.13,60.08,,39.76,,,,46.48,46.48,,46.48,46.48,46.48,91.18,46.48,55.84,55.84,,,,,43.0,37.71,36.76,39.57,39.57,37.71,56.14,46.48,60.04,59.1,39.57,39.57,46.49,46.49,62.13,45.0,,,,,,
2019-10-17 14:00:00+02:00,,43.56,,41.45,66.16,45.13,,43.42,,42.91,46.45,46.45,57.84,45.04,57.84,45.04,40.21,,64.98,57.49,63.2,,38.33,,,,48.7,48.7,,48.7,48.7,48.7,91.18,48.7,57.84,57.84,,,,,41.45,37.5,36.67,38.9,38.9,37.5,58.16,45.04,63.15,59.08,38.9,38.9,46.45,46.45,57.49,43.42,,,,,,
2019-10-17 15:00:00+02:00,,45.09,,44.53,69.56,46.06,,44.42,,45.01,46.12,46.12,54.44,44.35,54.44,44.35,43.33,,68.89,63.02,67.33,,41.3,,,,63.02,63.02,,63.02,63.02,63.02,91.18,63.02,54.44,54.44,,,,,44.77,37.47,36.67,37.8,37.8,37.47,58.09,44.35,67.28,65.38,37.8,37.8,46.12,46.12,63.02,44.42,,,,,,
2019-10-17 16:00:00+02:00,,50.13,,47.33,73.2,47.4,,47.47,,49.76,55.79,55.79,55.79,46.42,55.79,46.42,45.36,,74.41,71.02,70.27,,42.06,,,,71.02,71.02,,71.02,71.02,71.02,105.11,71.02,55.79,55.79,,,,,48.53,37.54,36.7,37.78,37.78,37.54,56.09,46.42,70.22,69.09,37.78,37.78,55.79,55.79,71.02,47.47,,,,,,
2019-10-17 17:00:00+02:00,,52.05,,51.65,79.99,51.97,,52.54,,52.0,58.98,58.98,68.2,51.52,68.2,51.52,50.35,,78.25,72.02,75.06,,49.14,,,,72.02,72.02,,72.02,72.02,72.02,120.0,72.02,58.98,58.98,,,,,51.83,37.6,36.73,37.74,37.74,37.6,59.3,51.52,75.0,77.0,37.74,37.74,58.98,58.98,72.02,52.54,,,,,,
2019-10-17 18:00:00+02:00,,56.62,,56.62,95.03,55.66,,57.79,,56.62,65.15,65.15,67.37,53.88,67.37,56.62,55.34,,84.44,75.0,99.39,,55.0,,,,75.0,75.0,,75.0,75.0,75.0,85.25,75.0,65.15,65.15,,,,,56.62,37.59,36.81,38.77,38.77,37.59,65.51,53.88,99.31,100.05,38.77,38.77,65.15,65.15,75.0,57.79,,,,,,
2019-10-17 19:00:00+02:00,,63.96,,63.96,92.53,61.53,,62.8,,63.96,63.96,63.96,63.96,57.44,63.96,63.96,65.53,,84.21,79.0,89.56,,62.58,,,,79.0,79.0,,79.0,79.0,79.0,114.25,79.0,63.96,63.96,,,,,63.96,37.56,36.84,40.21,40.21,37.56,64.31,57.44,89.49,88.08,40.21,40.21,63.96,63.96,79.0,62.8,,,,,,
2019-10-17 20:00:00+02:00,,54.43,,54.34,69.57,54.3,,54.1,,54.41,54.41,54.41,54.41,54.5,54.41,54.5,55.85,,78.28,75.0,75.17,,58.53,,,,75.0,75.0,,75.0,75.0,75.0,115.63,75.0,54.41,54.41,,,,,54.34,37.31,36.8,39.99,39.99,37.31,58.93,54.5,75.1,76.95,39.99,39.99,54.41,54.41,75.0,54.1,,,,,,
2019-10-17 21:00:00+02:00,,45.61,,45.53,69.56,46.08,,44.28,,45.59,45.59,45.59,45.59,52.56,45.59,45.67,46.81,,74.42,71.02,67.97,,49.05,,,,71.02,71.02,,71.02,71.02,71.02,85.25,71.02,45.59,45.59,,,,,45.53,36.89,36.68,39.49,39.49,36.89,53.05,52.56,67.91,71.02,39.83,39.83,45.59,45.59,71.02,44.28,,,,,,
2019-10-17 22:00:00+02:00,,39.7,,38.25,63.36,41.29,,39.9,,39.34,39.34,39.34,39.34,45.88,39.34,40.74,39.85,,65.38,68.1,59.43,,37.93,,,,60.01,60.01,,60.01,60.01,60.01,103.25,60.01,39.34,39.34,,,,,38.6,36.49,36.49,38.29,38.29,36.49,50.07,45.88,59.38,60.37,39.34,39.34,39.34,39.34,68.1,39.9,,,,,,
2019-10-17 23:00:00+02:00,,35.42,,33.45,54.46,34.85,,33.8,,35.11,35.58,35.58,35.58,45.04,35.58,36.35,35.57,,66.2,48.47,49.04,,34.0,,,,48.47,48.47,,48.47,48.47,48.47,103.63,48.47,35.58,35.58,,,,,34.44,35.58,35.58,35.58,35.58,35.58,45.76,45.04,49.0,48.13,35.58,35.58,35.58,35.58,48.47,33.8,,,,,,
2019-10-18 00:00:00+02:00,,33.15,,33.15,50.16,33.83,,33.1,,33.15,35.81,35.81,35.81,45.21,35.81,33.15,34.25,,68.0,49.34,47.32,,35.0,,,,49.34,49.34,,49.34,49.34,49.34,94.54,49.34,35.81,35.81,,,,,33.15,35.81,35.81,35.81,35.81,35.81,43.93,45.21,47.29,45.84,35.81,35.81,35.81,35.81,49.34,33.1,,,,,,
2019-10-18 01:00:00+02:00,,31.05,,31.05,43.98,31.71,,32.78,,31.05,35.62,35.62,35.62,39.57,35.62,31.05,34.9,,66.06,42.47,44.08,,35.66,,,,42.47,49.75,,42.47,49.75,49.75,75.96,49.75,35.62,35.62,,,,,31.05,35.62,35.62,35.62,35.62,35.62,43.89,39.57,44.05,44.97,35.62,35.62,35.62,35.62,42.47,32.78,,,,,,
2019-10-18 02:00:00+02:00,,28.31,,28.31,41.89,29.7,,30.6,,28.31,35.43,35.43,35.43,36.59,35.43,28.31,36.97,,65.66,41.82,40.78,,36.02,,,,41.82,49.75,,41.82,49.75,49.75,75.96,49.75,35.43,35.43,,,,,28.31,35.43,35.43,35.43,35.43,35.43,43.96,36.59,40.75,40.54,35.43,35.43,35.43,35.43,41.82,30.6,,,,,,
2019-10-18 03:00:00+02:00,,29.8,,25.95,48.28,29.08,,29.85,,29.32,35.47,35.47,35.47,36.0,35.47,24.6,37.02,,65.65,41.67,40.67,,36.06,,,,41.82,49.34,,41.67,49.34,49.34,75.96,49.34,35.47,35.47,,,,,27.5,35.47,35.47,35.47,35.47,35.47,43.9,36.0,40.65,38.04,35.47,35.47,35.47,35.47,41.67,29.85,,,,,,
2019-10-18 04:00:00+02:00,,31.06,,23.42,49.68,29.59,,30.58,,30.11,35.71,35.71,35.71,36.59,35.71,20.69,35.82,,65.68,41.82,41.7,,34.89,,,,41.82,49.34,,41.82,49.34,49.34,75.96,49.34,35.71,35.71,,,,,26.4,35.71,35.71,35.71,35.71,35.71,43.49,36.59,41.67,40.95,35.71,35.71,35.71,35.71,41.82,30.58,,,,,,
2019-10-18 05:00:00+02:00,,34.04,,26.6,66.99,32.34,,33.87,,33.11,36.35,36.35,45.82,41.07,45.82,23.96,33.56,,66.09,47.73,49.63,,32.69,,,,47.73,47.73,,47.73,47.73,47.73,85.0,47.73,45.82,45.82,,,,,29.58,36.35,36.35,36.35,36.35,36.35,45.94,41.07,49.6,48.0,36.35,36.35,36.35,36.35,47.73,33.87,,,,,,
2019-10-18 06:00:00+02:00,,38.2,,38.2,78.39,39.07,,39.6,,38.2,38.2,38.2,70.61,44.03,70.61,38.2,39.33,,74.41,64.8,71.31,,38.3,,,,64.8,64.8,,64.8,64.8,64.8,103.73,64.8,64.13,64.13,,,,,38.2,38.2,38.2,38.2,38.2,38.2,64.3,44.03,71.27,69.48,38.2,38.2,38.2,38.2,64.8,39.6,,,,,,
2019-10-18 07:00:00+02:00,,47.81,,46.04,68.12,48.04,,48.4,,47.58,52.3,52.3,69.31,49.05,69.31,48.39,47.4,,78.25,71.64,70.1,,48.14,,,,71.64,71.64,,71.64,71.64,71.64,103.73,71.64,64.12,64.12,,,,,47.04,39.0,39.0,39.73,39.73,39.0,61.18,49.05,70.05,82.4,39.73,39.73,52.3,52.3,71.64,48.4,,,,,,
2019-10-18 08:00:00+02:00,,51.46,,51.46,67.06,49.26,,50.63,,51.46,65.14,65.14,69.95,51.46,69.95,51.46,53.21,,78.33,72.45,72.11,,54.6,,,,72.45,72.45,,72.45,72.45,72.45,102.54,72.45,65.14,65.14,,,,,51.46,39.11,39.11,39.82,39.82,39.11,65.32,51.46,72.07,78.39,39.82,39.82,65.14,65.14,72.45,50.63,,,,,,
2019-10-18 09:00:00+02:00,,47.97,,47.0,67.03,48.58,,49.3,,47.7,57.5,57.5,69.93,52.54,69.93,48.62,57.89,,74.41,71.5,70.86,,60.55,,,,71.5,71.5,,71.5,71.5,71.5,97.43,71.5,64.1,64.1,,,,,47.0,39.04,39.04,39.78,39.78,39.04,62.1,52.54,70.82,71.86,39.78,39.78,57.5,57.5,71.5,49.3,,,,,,
2019-10-18 10:00:00+02:00,,43.04,,38.7,67.01,47.06,,45.76,,41.79,62.0,62.0,69.3,52.54,69.3,46.04,56.2,,69.39,67.0,69.21,,58.79,,,,67.0,67.0,,67.0,67.0,67.0,95.0,67.0,62.24,62.24,,,,,38.7,38.97,38.47,39.69,39.69,38.97,62.42,52.54,69.16,66.03,39.69,39.69,62.0,62.0,67.0,45.76,,,,,,
2019-10-18 11:00:00+02:00,,44.05,,35.17,62.67,45.57,,43.6,,38.69,41.94,41.94,69.92,52.34,69.92,43.27,51.99,,66.17,61.26,63.08,,55.68,,,,61.26,61.26,,61.26,61.26,61.26,93.96,61.26,64.14,64.14,,,,,36.0,38.85,37.79,39.53,39.53,38.85,64.32,52.34,63.04,63.76,39.53,39.53,41.94,41.94,61.26,43.6,,,,,,
2019-10-18 12:00:00+02:00,,38.07,,27.76,58.81,42.02,,39.2,,33.96,37.66,38.31,67.42,51.56,67.42,45.94,47.48,,62.62,53.01,61.01,,55.11,,,,49.06,49.06,,49.06,49.06,49.06,97.96,49.06,64.19,64.19,,,,,27.76,38.31,37.66,38.31,38.31,38.31,64.37,51.56,60.97,60.63,38.31,38.31,38.31,38.31,53.01,39.2,,,,,,
2019-10-18 13:00:00+02:00,,38.05,,26.6,46.2,38.82,,38.3,,30.41,37.79,37.93,64.9,50.8,64.9,39.87,40.95,,65.98,53.01,60.1,,55.0,,,,48.83,48.83,,48.83,48.83,48.83,90.54,48.83,64.9,64.9,,,,,26.6,37.93,37.79,37.93,37.93,37.93,65.09,50.8,60.06,61.37,37.93,37.93,37.93,37.93,53.01,38.3,,,,,,
2019-10-18 14:00:00+02:00,,35.07,,26.6,50.18,37.79,,34.51,,30.49,37.09,37.54,65.34,47.85,65.34,36.09,37.06,,65.98,61.06,60.42,,54.76,,,,61.06,61.06,,61.06,61.06,61.06,95.0,61.06,64.19,64.19,,,,,27.26,37.54,37.09,37.54,37.54,37.54,64.38,47.85,60.38,60.45,37.54,37.54,37.54,37.54,61.06,34.51,,,,,,
2019-10-18 15:00:00+02:00,,35.02,,26.6,58.83,37.83,,36.9,,30.5,30.5,36.65,64.93,44.07,64.93,34.85,35.79,,66.21,67.0,67.35,,53.0,,,,67.0,67.0,,67.0,67.0,67.0,97.96,67.0,64.14,64.14,,,,,28.1,36.65,36.47,36.65,36.65,36.65,64.33,44.07,67.31,66.24,36.65,36.65,36.65,36.65,67.0,36.9,,,,,,
2019-10-18 16:00:00+02:00,,35.04,,27.3,66.99,38.34,,40.18,,30.78,30.78,36.64,64.12,44.03,64.12,34.45,35.39,,70.45,71.64,75.01,,47.0,,,,71.64,71.64,,71.64,71.64,71.64,97.44,71.64,64.12,64.12,,,,,28.78,36.64,36.44,36.64,36.64,36.64,64.3,44.03,74.96,70.28,36.64,36.64,36.64,36.64,71.64,40.18,,,,,,
2019-10-18 17:00:00+02:00,,38.08,,35.07,67.01,42.56,,43.2,,37.52,37.52,37.61,69.21,45.01,69.21,39.47,40.55,,78.23,71.64,73.98,,54.76,,,,71.64,71.64,,71.64,71.64,71.64,119.84,71.64,60.42,60.42,,,,,36.42,37.61,37.61,37.61,37.61,37.61,60.6,45.01,73.93,73.31,37.61,37.61,37.61,37.61,71.64,43.2,,,,,,
2019-10-18 18:00:00+02:00,,46.07,,32.55,67.02,46.28,,46.01,,39.61,39.61,39.51,65.42,46.61,65.42,46.61,48.86,,84.44,72.45,78.09,,64.72,,,,72.45,72.45,,72.45,72.45,72.45,87.7,72.45,60.81,60.81,,,,,36.79,39.51,38.0,39.51,39.51,39.51,60.99,46.61,78.03,90.91,39.51,39.51,39.51,39.51,72.45,46.01,,,,,,
2019-10-18 19:00:00+02:00,,42.83,,37.03,67.03,46.5,,48.01,,39.09,39.09,38.25,60.38,52.68,60.38,52.68,69.52,,93.0,75.0,76.03,,72.66,,,,75.0,75.0,,75.0,75.0,75.0,121.7,75.0,60.38,60.38,,,,,37.03,38.25,38.25,38.25,38.25,38.25,60.56,52.68,75.97,85.94,38.25,38.25,38.25,38.25,75.0,52.11,,,,,,
2019-10-18 20:00:00+02:00,,39.57,,29.9,67.01,45.07,,42.9,,34.98,34.98,35.82,53.52,51.83,53.52,51.83,54.93,,78.26,72.45,72.63,,75.0,,,,72.45,72.45,,72.45,72.45,72.45,87.7,72.45,53.52,53.52,,,,,29.9,35.82,35.82,35.82,35.82,35.82,54.75,51.83,72.58,74.81,35.82,35.82,35.82,35.82,72.45,57.0,,,,,,
2019-10-18 21:00:00+02:00,,34.09,,29.0,66.99,38.04,,35.4,,30.29,30.29,35.04,51.51,50.49,51.51,40.65,41.78,,69.25,71.39,70.01,,63.23,,,,71.39,71.39,,71.39,71.39,71.39,105.11,71.39,50.4,51.51,,,,,29.0,35.04,35.04,35.58,35.49,35.04,50.55,50.49,69.96,68.85,35.04,35.04,35.04,35.04,71.39,46.59,,,,,,
2019-10-18 22:00:00+02:00,,34.68,,30.0,58.81,38.05,,33.28,,30.42,30.42,34.56,45.09,43.66,45.09,40.82,41.96,,66.07,60.96,58.98,,58.0,,,,60.96,60.96,,60.96,60.96,60.96,105.11,60.96,45.09,45.09,,,,,27.8,34.56,34.56,35.37,35.37,34.56,45.23,43.66,58.94,57.92,34.56,34.56,34.56,34.56,60.96,47.32,,,,,,
2019-10-18 23:00:00+02:00,,32.71,,27.9,50.18,35.63,,31.01,,29.99,29.99,33.61,33.61,40.43,33.61,40.43,39.65,,69.35,44.53,48.47,,41.44,,,,44.53,44.53,,44.53,44.53,44.53,99.54,44.53,33.61,33.61,,,,,27.9,33.61,33.61,35.33,35.33,33.61,44.3,40.43,48.43,48.06,33.61,33.61,33.61,33.61,44.53,31.01,,,,,,
2019-10-19 00:00:00+02:00,,27.04,,27.04,50.2,31.3,,27.01,,27.04,27.04,35.03,36.05,50.29,36.05,27.04,41.77,,68.79,55.7,51.96,,43.37,,,,55.7,55.7,,55.7,55.7,55.7,103.73,55.7,36.05,36.05,,,,,27.04,35.03,35.03,35.03,35.03,35.03,39.91,50.29,51.94,51.43,35.03,35.03,35.03,35.03,55.7,27.01,,,,,,
2019-10-19 01:00:00+02:00,,27.56,,27.56,50.17,29.94,,27.01,,27.56,27.56,34.03,34.03,49.12,34.03,27.56,36.1,,66.07,47.09,46.31,,37.85,,,,47.09,60.96,,47.09,60.96,60.96,88.0,60.96,34.03,34.03,,,,,27.56,34.41,34.41,34.51,34.51,34.41,41.29,49.12,46.29,46.32,34.03,34.03,34.03,34.03,47.09,27.01,,,,,,
2019-10-19 02:00:00+02:00,,25.4,,25.4,45.36,27.8,,26.16,,25.4,25.4,32.01,32.01,44.85,32.01,25.4,40.51,,65.57,44.2,43.04,,41.45,,,,44.2,49.87,,44.2,49.87,49.87,95.0,49.87,32.01,32.01,,,,,25.4,34.24,34.24,34.42,34.42,34.24,42.18,44.85,43.02,39.84,32.01,32.01,32.01,32.01,44.2,26.16,,,,,,
2019-10-19 03:00:00+02:00,,23.9,,23.9,42.63,26.69,,25.49,,23.9,23.9,31.18,31.18,42.0,31.18,23.9,37.65,,65.56,43.0,40.09,,38.52,,,,43.0,49.7,,43.0,49.7,49.7,95.0,49.7,31.18,31.18,,,,,23.9,34.18,34.18,34.36,34.36,34.18,42.29,42.0,40.07,37.65,31.18,31.18,31.18,31.18,43.0,25.49,,,,,,
2019-10-19 04:00:00+02:00,,24.2,,24.2,42.58,25.58,,25.1,,24.2,24.2,31.31,34.87,41.65,34.87,24.2,30.96,,65.67,43.0,40.14,,31.68,,,,43.0,49.7,,43.0,49.7,49.7,95.0,49.7,34.87,34.87,,,,,24.2,34.24,34.24,34.26,34.26,34.24,41.92,41.65,40.12,37.51,31.31,31.31,31.31,31.31,43.0,25.1,,,,,,
2019-10-19 05:00:00+02:00,,25.09,,25.09,48.24,25.9,,27.0,,25.09,25.09,31.27,38.69,40.15,38.69,25.09,30.39,,66.07,43.38,42.22,,31.1,,,,43.38,49.87,,43.38,49.87,49.87,86.77,49.87,38.69,38.69,,,,,25.09,34.3,34.3,34.3,34.3,34.3,38.84,40.15,42.2,44.63,31.27,31.27,31.27,31.27,43.38,27.0,,,,,,
2019-10-19 06:00:00+02:00,,26.89,,26.89,66.99,29.47,,28.01,,26.89,26.89,26.89,42.74,38.49,42.74,26.89,33.01,,59.15,54.29,50.07,,33.76,,,,54.29,54.29,,54.29,54.29,54.29,101.57,54.29,42.74,42.74,,,,,26.89,34.77,34.77,34.77,34.77,34.77,42.86,38.49,50.05,50.05,33.49,33.49,33.49,33.49,54.29,28.01,,,,,,
2019-10-19 07:00:00+02:00,,34.02,,29.7,79.95,33.12,,30.0,,29.7,29.7,29.7,44.74,40.56,44.74,29.7,38.84,,66.16,61.26,73.0,,39.73,,,,61.26,61.26,,61.26,61.26,61.26,117.77,61.26,44.74,44.74,,,,,29.7,34.55,34.55,34.55,34.55,34.55,46.82,40.56,72.97,60.41,33.01,33.01,33.01,33.01,61.26,30.0,,,,,,
2019-10-19 08:00:00+02:00,,35.01,,32.97,67.03,36.54,,33.9,,32.97,32.97,33.76,44.76,40.57,44.76,33.0,34.03,,66.15,65.0,73.4,,36.63,,,,65.0,65.0,,65.0,65.0,65.0,119.84,65.0,44.76,44.76,,,,,32.97,34.76,34.76,34.76,34.76,34.76,55.61,40.57,73.36,63.99,33.76,33.76,33.76,33.76,65.0,33.9,,,,,,
2019-10-19 09:00:00+02:00,,35.14,,35.14,67.03,37.79,,37.5,,35.14,35.14,35.14,46.56,46.34,46.56,35.14,48.68,,66.07,68.2,71.29,,50.99,,,,62.48,62.48,,62.48,62.48,62.48,119.84,62.48,46.56,46.56,,,,,35.14,35.87,35.87,35.14,35.14,35.87,57.52,46.34,71.26,59.66,35.14,35.14,35.14,35.14,68.2,37.5,,,,,,
2019-10-19 10:00:00+02:00,,36.0,,36.0,66.99,38.72,,37.5,,36.0,36.0,36.0,44.77,47.51,44.77,36.0,57.93,,66.07,74.54,65.36,,59.23,,,,49.87,49.87,,49.87,49.87,49.87,101.06,49.87,44.77,44.77,,,,,36.0,36.49,36.49,36.0,36.0,36.49,57.51,47.51,65.33,58.25,36.0,36.0,36.0,36.0,74.54,37.5,,,,,,
2019-10-19 11:00:00+02:00,,36.53,,36.53,64.95,38.78,,37.0,,36.53,36.53,36.53,42.29,44.16,42.29,36.53,54.54,,66.15,68.1,60.0,,56.38,,,,43.72,43.72,,43.72,43.72,43.72,95.77,43.72,42.29,42.29,,,,,36.53,36.53,36.53,36.53,36.53,36.53,57.43,44.16,59.97,56.75,36.53,36.53,36.53,36.53,68.1,37.0,,,,,,
2019-10-19 12:00:00+02:00,,35.2,,35.2,42.01,36.8,,34.1,,35.2,35.2,35.2,43.55,43.37,43.55,35.2,48.29,,66.03,62.0,55.02,,50.58,,,,40.53,40.53,,40.53,40.53,40.53,95.0,40.53,43.55,43.55,,,,,35.2,35.97,35.97,35.2,35.2,35.97,57.52,43.37,54.99,52.07,35.2,35.2,35.2,35.2,62.0,34.1,,,,,,
2019-10-19 13:00:00+02:00,,34.08,,34.08,42.08,35.52,,31.55,,34.08,34.08,34.78,42.7,42.96,42.7,34.08,39.8,,59.15,42.0,48.5,,41.68,,,,40.0,40.0,,40.0,40.0,40.0,90.0,40.0,42.7,42.7,,,,,34.08,35.2,35.2,35.11,34.92,35.2,57.07,42.96,48.48,51.5,34.78,34.78,34.78,34.78,42.0,31.55,,,,,,
2019-10-19 14:00:00+02:00,,33.3,,33.3,43.08,35.0,,31.02,,33.3,33.3,34.6,40.15,40.56,40.15,33.3,35.29,,59.05,41.1,48.22,,36.96,,,,40.0,40.0,,40.0,40.0,40.0,87.77,40.0,40.15,40.15,,,,,33.3,34.91,34.91,34.91,34.6,34.91,55.15,40.56,48.2,50.59,34.6,34.6,34.6,34.6,41.1,31.02,,,,,,
2019-10-19 15:00:00+02:00,,33.07,,33.07,62.59,33.39,,31.45,,33.07,33.07,34.62,36.64,37.62,36.64,33.07,34.16,,63.06,47.1,55.59,,35.77,,,,40.28,40.28,,40.28,40.28,40.28,101.77,40.28,36.64,36.64,,,,,33.07,34.78,34.78,34.78,34.78,34.78,54.21,37.62,55.56,53.86,34.62,34.62,34.62,34.62,47.1,31.45,,,,,,
2019-10-19 16:00:00+02:00,,35.04,,35.04,68.91,35.85,,34.0,,35.04,35.04,35.68,36.9,36.25,36.9,35.04,36.04,,70.32,51.0,64.0,,37.74,,,,41.14,41.14,,41.14,41.14,41.14,101.06,41.14,36.9,36.9,,,,,35.04,35.68,35.68,35.68,35.68,35.68,54.3,36.25,63.97,61.41,35.68,35.68,35.68,35.68,51.0,34.0,,,,,,
2019-10-19 17:00:00+02:00,,38.48,,38.48,97.91,38.57,,38.64,,38.48,38.48,38.48,44.77,38.48,44.77,38.48,39.76,,74.43,49.7,72.01,,41.62,,,,49.7,49.7,,49.7,49.7,49.7,120.84,49.7,44.77,44.77,,,,,38.48,37.6,37.6,37.55,37.55,37.6,46.84,38.48,71.97,69.87,37.55,37.55,37.6,38.48,49.7,38.64,,,,,,
2019-10-19 18:00:00+02:00,,44.08,,44.08,110.1,44.05,,44.07,,44.08,44.08,44.08,46.92,44.08,46.92,44.08,51.86,,77.0,68.04,95.26,,53.0,,,,65.0,65.0,,65.0,65.0,65.0,120.66,65.0,46.92,46.92,,,,,44.08,38.48,38.48,37.51,37.51,38.48,53.65,44.08,95.21,76.26,37.51,37.51,38.48,44.08,68.04,44.07,,,,,,
2019-10-19 19:00:00+02:00,,47.9,,47.9,80.39,46.75,,45.91,,47.9,47.9,47.9,47.9,47.9,44.8,47.9,67.34,,73.19,71.33,73.4,,68.81,,,,71.33,71.33,,71.33,71.33,71.33,121.84,71.33,47.9,47.9,,,,,47.9,38.37,38.37,37.42,37.42,38.37,53.62,47.9,73.36,71.68,37.42,37.42,38.37,47.9,71.33,45.91,,,,,,
2019-10-19 20:00:00+02:00,,39.19,,39.19,75.63,44.12,,42.2,,39.19,39.19,39.17,39.17,50.99,39.17,39.19,57.69,,70.5,68.19,69.93,,58.95,,,,65.92,65.92,,65.92,65.92,65.92,118.66,65.92,39.17,39.17,,,,,39.19,37.93,37.93,37.07,37.07,37.93,45.83,50.99,69.9,65.22,37.07,37.07,37.07,39.17,68.19,42.2,,,,,,
2019-10-19 21:00:00+02:00,,35.06,,35.06,66.99,38.05,,36.47,,35.06,35.06,35.08,39.66,50.01,39.66,35.06,40.56,,69.25,68.1,61.62,,42.46,,,,55.37,55.37,,55.37,55.37,55.37,86.66,55.37,39.66,39.66,,,,,35.06,35.86,35.86,35.08,35.08,35.86,43.34,50.01,61.58,55.27,35.08,35.08,35.08,35.08,68.1,36.47,,,,,,
2019-10-19 22:00:00+02:00,,35.05,,35.05,39.08,37.75,,35.8,,35.05,35.05,35.05,35.05,42.15,35.05,35.05,41.81,,69.34,40.79,44.2,,42.71,,,,40.79,40.79,,40.79,40.79,40.79,103.73,40.79,35.05,35.05,,,,,35.05,35.36,35.36,35.05,35.05,35.36,37.79,42.15,44.18,47.87,35.05,35.05,35.05,35.05,40.79,35.8,,,,,,
2019-10-19 23:00:00+02:00,,33.18,,33.18,35.19,36.02,,32.01,,33.18,33.18,33.18,33.18,40.56,33.18,33.18,39.44,,69.31,40.15,34.59,,40.29,,,,40.15,40.15,,40.15,40.15,40.15,91.77,40.15,33.18,33.18,,,,,33.18,34.72,34.72,34.26,34.26,34.72,42.62,40.56,34.57,40.59,33.18,33.18,33.18,33.18,40.15,32.01,,,,,,
2019-10-20 00:00:00+02:00,,29.99,,29.99,38.01,30.74,,29.58,,29.99,29.99,29.99,29.99,37.0,29.99,29.99,30.78,,67.99,39.88,40.1,,31.54,,,,39.88,39.88,,39.88,39.88,39.88,80.77,39.88,29.99,29.99,,,,,29.99,36.52,36.52,34.7,34.7,36.52,30.24,37.0,40.08,42.06,29.99,29.99,29.99,29.99,39.88,29.58,,,,,,
2019-10-20 01:00:00+02:00,,26.01,,26.01,36.37,29.91,,28.0,,26.01,26.01,26.01,26.01,35.1,26.01,26.01,26.69,,67.98,37.04,32.67,,27.35,,,,37.04,37.08,,37.04,37.08,37.08,74.77,37.08,26.01,26.01,,,,,26.01,35.97,35.97,34.58,34.58,35.97,26.23,35.1,32.65,35.24,26.01,26.01,26.01,26.01,37.04,28.0,,,,,,
2019-10-20 02:00:00+02:00,,27.01,,27.01,31.35,27.62,,26.4,,27.01,27.01,27.01,27.01,33.33,27.01,27.01,27.72,,67.71,37.81,30.02,,28.4,,,,37.81,37.81,,37.81,37.81,37.81,74.77,37.81,27.01,27.01,,,,,27.01,35.64,35.64,34.46,34.46,35.64,27.23,33.33,30.01,30.56,27.01,27.01,27.01,27.01,37.81,26.4,,,,,,
2019-10-20 03:00:00+02:00,,26.9,,26.9,31.34,27.2,,26.4,,26.9,26.9,26.9,26.9,32.42,26.9,26.9,27.6,,66.07,26.9,27.78,,27.1,,,,37.45,37.45,,37.45,37.45,37.45,74.77,37.45,26.9,26.9,,,,,26.9,35.62,35.62,34.42,34.42,35.62,29.59,32.42,27.76,28.9,26.9,26.9,26.9,26.9,26.9,26.4,,,,,,
2019-10-20 04:00:00+02:00,,26.51,,26.51,31.36,27.05,,26.41,,26.51,26.51,26.51,26.51,32.3,26.51,26.51,27.13,,66.07,26.51,27.01,,26.5,,,,36.55,36.55,,36.55,36.55,36.55,74.77,36.55,26.51,26.51,,,,,26.51,35.73,35.73,34.37,34.37,35.73,26.73,32.3,27.0,28.72,26.51,26.51,26.51,26.51,26.51,26.41,,,,,,
2019-10-20 05:00:00+02:00,,26.3,,26.3,31.31,27.19,,26.34,,26.3,26.3,26.3,30.97,32.42,30.97,26.3,26.92,,67.99,26.3,29.07,,26.29,,,,36.93,36.93,,36.93,36.93,36.93,74.77,36.93,30.97,30.97,,,,,26.3,35.81,35.81,34.38,34.38,35.81,31.22,32.42,29.05,29.96,30.97,30.97,30.97,30.97,26.3,26.34,,,,,,
2019-10-20 06:00:00+02:00,,27.03,,27.03,34.99,29.32,,27.8,,27.03,27.03,27.03,27.69,34.16,27.69,27.03,27.67,,68.0,39.7,31.91,,27.02,,,,39.7,39.7,,39.7,39.7,39.7,74.77,39.7,27.69,27.69,,,,,27.03,36.05,36.05,34.4,34.4,36.05,27.93,34.16,31.89,32.73,27.69,27.69,27.69,27.69,39.7,27.8,,,,,,
2019-10-20 07:00:00+02:00,,29.94,,29.94,37.55,31.86,,29.51,,29.94,29.94,29.94,33.41,35.02,33.41,29.94,30.65,,70.08,40.28,44.42,,29.21,,,,40.28,40.28,,40.28,40.28,40.28,86.06,40.28,33.41,33.41,,,,,29.94,36.13,36.13,34.37,34.37,36.13,33.7,35.02,44.4,45.04,33.41,33.41,33.41,33.41,40.28,29.51,,,,,,
2019-10-20 08:00:00+02:00,,31.74,,31.74,37.14,33.03,,31.1,,31.74,31.74,34.57,34.57,35.1,34.57,31.74,31.01,,70.07,40.3,44.06,,29.56,,,,40.3,40.3,,40.3,40.3,40.3,86.06,40.3,34.57,34.57,,,,,31.74,36.1,36.1,34.57,34.57,36.1,46.34,35.1,44.04,45.93,34.57,34.57,34.57,34.57,40.3,31.1,,,,,,
2019-10-20 09:00:00+02:00,,36.37,,36.37,37.04,35.97,,34.6,,36.37,36.37,36.37,41.77,37.62,41.77,36.37,37.35,,68.0,41.1,43.98,,36.46,,,,39.7,39.7,,39.7,39.7,39.7,80.77,39.7,41.77,41.77,,,,,36.37,37.06,37.06,36.37,36.37,37.06,44.19,37.62,43.96,45.98,36.37,36.37,36.37,36.37,41.1,34.6,,,,,,
2019-10-20 10:00:00+02:00,,37.47,,37.47,33.98,35.34,,35.5,,37.47,37.47,37.47,43.33,41.2,43.33,37.47,39.07,,68.0,41.1,45.02,,40.0,,,,40.53,40.53,,40.53,40.53,40.53,80.77,40.53,43.33,43.33,,,,,37.47,37.47,37.47,37.47,37.47,37.47,44.58,41.2,37.98,45.95,37.47,37.47,37.47,37.47,41.1,35.5,,,,,,
2019-10-20 11:00:00+02:00,,38.32,,38.32,35.74,36.56,,35.66,,38.32,38.32,38.32,43.98,41.67,43.98,38.32,44.18,,68.0,41.1,46.01,,43.12,,,,40.38,40.38,,40.38,40.38,40.38,85.77,40.38,43.98,43.98,,,,,38.32,38.09,38.09,38.09,38.09,38.09,44.59,41.67,35.49,45.94,38.09,38.09,38.09,38.32,41.1,35.66,,,,,,
2019-10-20 12:00:00+02:00,,37.9,,37.9,32.94,35.6,,34.61,,37.9,37.9,37.9,44.04,42.53,44.04,37.9,43.97,,67.99,39.63,43.11,,42.91,,,,39.63,39.63,,39.63,39.63,39.63,74.77,39.63,44.04,44.04,,,,,37.9,37.9,37.9,37.9,37.9,37.9,44.42,42.53,37.69,44.4,37.9,37.9,37.9,37.9,39.63,34.61,,,,,,
2019-10-20 13:00:00+02:00,,35.02,,35.02,30.69,33.92,,31.1,,35.02,35.02,36.43,44.71,45.51,44.71,35.02,45.35,,65.61,35.93,37.84,,43.2,,,,35.93,35.93,,35.93,35.93,35.93,54.0,35.93,44.71,44.71,,,,,35.02,36.43,36.43,36.43,36.43,36.43,45.09,45.51,34.32,41.05,36.43,36.43,36.43,36.43,35.93,31.1,,,,,,
2019-10-20 14:00:00+02:00,,31.04,,31.04,30.64,32.49,,30.19,,31.04,31.04,36.33,44.7,44.82,44.7,31.04,40.0,,58.11,36.02,37.95,,38.1,,,,36.02,36.02,,36.02,36.02,36.02,48.01,36.02,44.7,44.7,,,,,31.04,36.33,36.33,36.33,36.33,36.33,45.08,44.82,35.18,39.05,36.33,36.33,36.33,36.33,36.02,30.19,,,,,,
2019-10-20 15:00:00+02:00,,32.8,,32.8,36.24,32.28,,29.87,,32.8,32.8,36.39,44.04,41.55,44.04,32.8,39.46,,59.15,37.5,40.97,,37.59,,,,37.5,37.5,,37.5,37.5,37.5,70.77,37.5,44.04,44.04,,,,,32.8,36.39,36.39,36.39,36.39,36.39,44.42,41.55,40.94,39.9,36.39,36.39,36.39,36.39,37.5,29.87,,,,,,
2019-10-20 16:00:00+02:00,,35.73,,35.73,44.28,33.54,,33.35,,35.73,35.73,36.92,44.28,37.82,44.28,35.73,37.33,,59.15,40.53,46.19,,35.56,,,,40.53,40.53,,40.53,40.53,40.53,40.53,40.53,44.28,44.28,,,,,35.73,36.92,36.92,36.92,36.92,36.92,44.66,37.82,46.17,49.98,36.92,36.92,36.92,36.92,40.53,33.35,,,,,,
2019-10-20 17:00:00+02:00,,40.38,,40.38,51.28,38.77,,39.18,,40.38,40.38,40.38,48.67,40.38,48.67,40.38,42.11,,74.0,40.6,52.38,,40.11,,,,40.6,40.97,,40.6,40.97,40.97,40.97,40.97,46.37,48.67,,,,,40.38,38.29,38.29,38.29,38.29,38.29,46.77,40.38,52.35,67.08,38.29,38.29,38.29,40.38,40.6,39.18,,,,,,
2019-10-20 18:00:00+02:00,,47.58,,47.58,55.78,45.04,,45.27,,47.58,48.75,48.75,53.83,47.58,53.83,47.58,51.09,,74.5,49.87,69.18,,48.65,,,,49.87,49.87,,49.87,49.87,49.87,49.87,49.87,53.83,53.83,,,,,47.58,38.91,38.91,39.38,39.04,38.91,55.62,47.58,69.14,75.08,39.38,39.38,39.38,48.75,49.87,45.27,,,,,,
2019-10-20 19:00:00+02:00,,51.06,,51.06,59.76,47.59,,49.1,,51.06,51.06,51.06,51.06,51.06,42.08,51.06,68.4,,78.27,62.41,68.04,,65.14,,,,68.34,68.34,,62.41,68.34,68.34,71.77,68.34,51.06,51.06,,,,,51.06,39.02,39.02,39.98,38.87,39.02,55.4,51.06,68.0,75.95,39.98,39.98,39.98,51.06,62.41,49.1,,,,,,
2019-10-20 20:00:00+02:00,,47.1,,47.1,55.77,44.58,,45.07,,47.1,47.1,47.1,47.1,53.74,39.64,47.1,57.64,,70.51,64.1,68.57,,60.42,,,,64.1,64.1,,64.1,64.1,64.1,71.77,64.1,47.1,47.1,,,,,47.1,38.99,38.99,39.64,38.57,38.99,55.12,53.74,68.53,70.01,39.64,39.64,39.64,47.1,64.1,45.07,,,,,,
2019-10-20 21:00:00+02:00,,39.62,,39.62,53.33,39.53,,39.72,,39.62,39.62,39.62,39.62,56.14,39.62,39.62,41.99,,69.26,54.29,56.08,,44.0,,,,54.29,61.06,,54.29,61.06,61.06,61.06,61.06,39.62,39.62,,,,,39.62,38.5,38.5,38.94,37.72,38.5,46.77,56.14,56.04,58.75,38.94,38.94,38.94,39.62,54.29,39.72,,,,,,
2019-10-20 22:00:00+02:00,,38.09,,38.09,39.72,38.02,,38.06,,38.09,38.09,38.07,38.07,55.07,38.07,38.09,39.56,,66.1,40.38,41.28,,40.47,,,,40.38,49.46,,40.38,49.46,49.46,49.46,49.46,38.07,38.07,,,,,38.09,38.07,38.07,38.07,37.09,38.07,41.3,55.07,41.25,46.25,38.07,38.07,38.07,38.07,40.38,38.06,,,,,,
2019-10-20 23:00:00+02:00,,36.0,,36.0,33.38,34.87,,34.3,,36.0,36.0,36.02,36.02,51.31,36.02,36.0,37.16,,66.04,37.52,34.91,,38.01,,,,37.52,38.55,,37.52,38.55,38.55,38.55,38.55,36.02,36.02,,,,,36.0,36.02,36.02,36.02,36.02,36.02,37.08,51.31,34.89,43.33,36.02,36.02,36.02,36.02,37.52,34.3,,,,,,
2019-10-21 00:00:00+02:00,,30.34,,30.34,37.53,31.89,,29.75,,30.34,30.34,30.34,32.9,55.05,32.9,30.34,31.1,,62.78,35.82,34.6,,29.6,,,,35.82,46.98,,35.82,46.98,46.98,46.98,46.98,32.9,32.9,,,,,30.34,36.48,36.48,36.48,34.36,36.48,51.81,55.05,34.58,35.93,32.9,32.9,32.9,32.9,35.82,29.75,,,,,,
2019-10-21 01:00:00+02:00,,27.11,,27.11,33.57,28.96,,29.0,,27.11,27.11,27.11,32.39,53.99,32.39,27.11,27.87,,62.78,30.35,33.52,,28.5,,,,30.35,46.16,,30.35,46.16,46.16,46.16,46.16,32.39,32.39,,,,,27.11,36.32,36.32,36.32,34.33,36.32,39.91,53.99,33.5,31.02,32.39,32.39,32.39,32.39,30.35,29.0,,,,,,
2019-10-21 02:00:00+02:00,,26.28,,26.28,29.5,27.98,,27.3,,26.28,26.28,26.28,32.72,53.99,32.72,26.28,27.12,,39.0,28.65,30.75,,27.74,,,,28.65,44.42,,28.65,44.42,44.42,44.42,44.42,32.72,32.72,,,,,26.28,36.33,36.33,36.33,34.35,36.33,39.91,53.99,30.73,28.02,32.72,32.72,32.72,32.72,28.65,27.3,,,,,,
2019-10-21 03:00:00+02:00,,25.79,,25.79,29.52,26.76,,26.39,,25.79,25.79,25.79,33.54,54.11,33.54,25.79,26.61,,37.0,27.71,31.53,,27.23,,,,27.71,44.19,,27.71,44.19,44.19,44.19,44.19,33.54,33.54,,,,,25.79,36.36,36.36,36.36,34.39,36.36,40.11,54.11,31.51,27.97,33.54,33.54,33.54,33.54,27.71,26.39,,,,,,
2019-10-21 04:00:00+02:00,,25.7,,25.7,28.59,27.01,,26.7,,25.7,25.7,25.7,35.69,53.99,35.69,25.7,26.53,,39.5,28.0,32.06,,27.14,,,,28.0,44.19,,28.0,44.19,44.19,44.19,44.19,35.69,35.69,,,,,25.7,36.48,36.48,36.48,35.69,36.48,39.89,53.99,32.04,28.04,35.69,35.69,35.69,35.69,28.0,26.7,,,,,,
2019-10-21 05:00:00+02:00,,26.39,,26.39,33.55,30.09,,30.02,,26.39,26.39,26.39,43.4,53.49,43.4,26.39,27.23,,62.84,36.65,41.99,,27.86,,,,36.65,44.6,,36.65,44.6,44.6,44.6,44.6,43.4,43.4,,,,,26.39,37.58,37.58,37.58,37.58,37.58,43.78,53.49,46.23,36.04,37.58,37.58,37.58,37.58,36.65,30.02,,,,,,
2019-10-21 06:00:00+02:00,,38.01,,38.01,50.98,40.78,,44.21,,38.01,38.64,39.24,55.52,55.05,55.52,38.01,38.95,,66.07,52.95,64.12,,37.99,,,,47.22,47.22,,47.22,47.22,47.22,47.22,47.22,55.52,55.52,,,,,38.01,38.64,38.64,39.24,39.24,38.64,56.0,55.05,65.14,58.95,39.24,39.24,39.24,39.24,52.95,44.21,,,,,,
2019-10-21 07:00:00+02:00,,51.93,,51.93,66.99,54.93,,53.0,,51.93,51.93,53.21,60.37,55.5,60.37,51.93,50.77,,69.26,80.05,74.52,,51.96,,,,63.0,63.0,,63.0,63.0,63.0,63.0,63.0,60.37,60.37,,,,,51.93,39.56,39.56,44.31,42.34,39.56,60.9,55.5,74.47,69.93,44.31,44.31,51.93,53.21,80.05,53.0,,,,,,
2019-10-21 08:00:00+02:00,,52.43,,52.43,66.99,55.06,,55.5,,52.43,52.43,53.72,64.42,55.5,64.42,52.43,51.11,,69.3,61.16,73.39,,53.58,,,,61.16,61.16,,61.16,61.16,61.16,88.91,61.16,64.42,64.42,,,,,52.43,39.75,39.75,51.54,43.65,39.75,64.98,55.5,73.33,70.2,51.54,51.54,53.72,53.72,61.16,55.5,,,,,,
2019-10-21 09:00:00+02:00,,52.1,,52.4,63.98,54.0,,53.16,,51.96,51.96,56.09,66.63,56.57,66.63,52.4,51.22,,66.15,58.31,70.05,,77.97,,,,58.31,58.31,,58.31,58.31,58.31,73.91,58.31,66.63,66.63,,,,,51.84,39.79,39.79,54.47,43.95,39.79,67.22,56.57,70.0,67.05,54.47,54.47,56.09,56.09,58.31,53.16,,,,,,
2019-10-21 10:00:00+02:00,,50.78,,51.8,61.9,52.9,,50.53,,50.32,50.32,51.56,65.24,55.49,65.24,51.8,51.17,,59.15,51.8,64.6,,86.04,,,,51.8,51.8,,51.8,51.8,51.8,54.0,51.8,65.24,65.24,,,,,49.6,39.63,39.63,50.61,44.4,39.63,66.19,55.49,64.55,62.97,50.61,50.61,50.61,51.56,51.8,50.53,,,,,,
2019-10-21 11:00:00+02:00,,50.89,,52.17,54.98,52.04,,47.9,,50.32,50.32,51.56,64.37,54.01,64.37,52.17,50.99,,56.77,52.17,59.29,,92.0,,,,52.17,52.17,,52.17,52.17,52.17,52.17,52.17,64.37,64.37,,,,,49.43,39.36,39.36,44.47,44.0,39.36,67.46,54.01,59.24,59.47,50.32,50.32,50.32,51.56,52.17,47.9,,,,,,
2019-10-21 12:00:00+02:00,,46.09,,47.23,56.59,49.66,,45.26,,45.57,45.57,45.57,60.39,53.49,60.39,47.23,46.16,,56.77,48.91,56.02,,89.29,,,,47.23,47.23,,47.23,47.23,47.23,47.23,47.23,60.39,60.39,,,,,44.75,39.35,39.35,42.94,42.94,39.35,67.5,53.49,55.97,54.9,45.57,45.57,45.57,45.57,48.91,45.26,,,,,,
2019-10-21 13:00:00+02:00,,45.53,,45.88,61.87,47.92,,43.85,,44.14,44.14,44.14,61.85,53.99,61.85,46.15,45.1,,56.77,63.04,58.82,,85.0,,,,46.15,46.15,,46.15,46.15,46.15,46.15,46.15,61.85,61.85,,,,,43.73,39.24,39.24,40.95,40.95,39.24,67.49,53.99,58.77,54.17,44.14,44.14,44.14,44.14,63.04,43.85,,,,,,
2019-10-21 14:00:00+02:00,,45.37,,45.2,61.88,47.57,,42.94,,45.21,45.21,45.21,60.89,52.86,60.89,45.21,44.18,,57.77,50.91,59.82,,92.98,,,,49.47,49.47,,49.47,49.47,49.47,49.47,49.47,60.89,60.89,,,,,45.16,39.01,39.01,40.33,40.33,39.01,67.34,52.86,59.76,56.9,45.21,45.21,45.21,45.21,50.91,42.94,,,,,,
2019-10-21 15:00:00+02:00,,47.71,,47.71,61.91,48.81,,44.31,,47.71,47.71,47.71,57.65,51.35,57.65,47.71,46.62,,62.85,52.13,68.03,,74.0,,,,51.0,51.0,,51.0,51.0,51.0,70.63,51.0,57.65,57.65,,,,,47.71,39.06,39.06,39.78,39.78,39.06,65.25,51.35,67.96,62.12,47.71,47.71,47.71,47.71,52.13,44.31,,,,,,
2019-10-21 16:00:00+02:00,,50.03,,50.03,66.99,49.43,,46.73,,50.03,50.03,50.03,58.51,51.35,58.51,50.03,48.88,,69.27,58.31,71.51,,70.0,,,,58.31,58.31,,58.31,58.31,58.31,73.91,58.31,58.51,58.51,,,,,50.03,39.15,39.15,39.86,39.86,39.15,64.89,51.35,71.44,68.06,40.67,40.67,40.67,50.03,58.31,46.73,,,,,,
2019-10-21 17:00:00+02:00,,54.11,,54.11,67.01,52.53,,50.3,,54.11,54.11,54.11,61.73,54.11,61.73,54.11,54.63,,74.48,60.0,78.07,,75.53,,,,60.0,60.0,,60.0,60.0,60.0,75.31,60.0,61.73,61.73,,,,,54.11,39.2,39.2,39.95,39.95,39.2,65.14,54.11,78.0,70.93,40.17,40.17,54.11,54.11,60.0,50.3,,,,,,
2019-10-21 18:00:00+02:00,,58.02,,58.02,102.16,56.99,,55.73,,58.02,58.02,59.45,66.72,58.02,66.72,58.02,59.4,,74.56,82.28,97.93,,96.0,,,,73.63,73.63,,73.63,73.63,73.63,81.0,73.63,66.72,66.72,,,,,58.02,39.34,39.34,40.0,40.0,39.34,68.08,58.02,97.84,75.01,45.08,45.08,58.02,59.45,82.28,55.73,,,,,,
2019-10-21 19:00:00+02:00,,66.51,,66.51,71.51,62.86,,62.81,,66.51,66.51,66.51,66.51,60.46,64.97,66.51,68.58,,75.01,73.0,85.02,,106.82,,,,73.0,73.0,,73.0,73.0,73.0,93.91,73.0,66.51,66.51,,,,,66.51,39.4,39.4,39.98,39.98,39.4,68.09,60.46,84.93,73.06,40.24,40.24,40.24,66.51,73.0,62.81,,,,,,
2019-10-21 20:00:00+02:00,,54.42,,59.88,67.0,55.02,,53.5,,52.2,52.2,52.2,52.2,59.88,43.99,59.88,61.48,,74.5,65.0,73.39,,102.27,,,,65.0,65.0,,65.0,65.0,65.0,87.91,65.0,52.2,52.2,,,,,52.2,39.27,39.27,39.27,39.27,39.27,67.52,59.88,73.31,70.99,39.27,39.27,39.27,52.2,65.0,53.5,,,,,,
2019-10-21 21:00:00+02:00,,49.08,,49.1,66.98,47.86,,43.84,,49.02,49.02,49.02,49.02,56.11,43.59,49.25,50.41,,77.01,51.71,64.82,,65.0,,,,51.71,51.71,,51.71,51.71,51.71,73.91,51.71,49.02,49.02,,,,,48.9,38.96,38.96,38.96,38.96,38.96,58.39,56.11,64.75,65.23,38.96,38.96,38.96,49.02,51.71,43.84,,,,,,
2019-10-21 22:00:00+02:00,,44.1,,44.7,61.88,43.73,,39.46,,43.0,43.0,43.0,40.38,51.52,40.38,46.98,45.89,,65.5,54.0,55.26,,87.64,,,,46.98,46.98,,46.98,46.98,46.98,70.63,46.98,43.0,43.0,,,,,40.92,38.15,38.15,38.15,38.15,38.15,55.38,51.52,55.2,52.96,38.15,38.15,38.15,43.0,54.0,39.46,,,,,,
2019-10-21 23:00:00+02:00,,38.05,,38.23,48.66,36.87,,33.7,,37.24,37.24,37.24,36.86,44.19,36.86,40.18,39.24,,40.0,44.95,42.81,,44.15,,,,44.95,45.15,,44.95,45.15,45.15,45.15,45.15,36.86,36.86,,,,,35.68,36.86,36.86,36.86,36.86,36.86,48.3,44.19,42.77,45.38,36.86,36.86,36.86,36.86,44.95,33.7,,,,,,
2019-10-22 00:00:00+02:00,,40.13,,40.39,46.28,37.06,,36.42,,39.79,39.79,39.79,38.84,52.25,34.68,40.97,40.0,,49.75,43.67,40.6,,39.54,,,,43.67,43.67,,43.67,43.67,43.67,43.67,43.67,38.84,38.84,,,,,38.82,38.38,38.38,34.68,34.68,38.38,45.68,52.25,40.56,46.04,34.68,34.68,34.68,38.84,43.67,36.42,,,,,,
2019-10-22 01:00:00+02:00,,35.88,,35.88,44.8,34.37,,33.5,,35.88,35.88,35.88,35.02,51.05,34.36,35.88,35.04,,65.0,41.1,38.28,,35.9,,,,41.1,45.15,,41.1,45.15,45.15,45.15,45.15,35.02,35.02,,,,,35.88,37.07,37.07,34.36,34.36,37.07,46.61,51.05,38.24,42.73,34.36,34.36,34.36,35.02,41.1,33.5,,,,,,
2019-10-22 02:00:00+02:00,,34.64,,34.64,38.92,33.19,,32.48,,34.64,34.64,34.64,33.81,47.0,33.81,34.64,34.8,,46.81,39.86,35.64,,34.0,,,,39.86,43.21,,39.86,43.21,43.21,43.21,43.21,33.81,33.81,,,,,34.64,35.79,35.79,33.81,33.81,35.79,46.77,47.0,35.6,36.72,33.81,33.81,33.81,33.81,39.86,32.48,,,,,,
2019-10-22 03:00:00+02:00,,31.84,,31.84,39.08,33.03,,31.32,,31.84,31.84,31.84,31.84,45.03,31.84,31.84,32.53,,43.66,39.79,34.87,,31.78,,,,39.79,42.98,,39.79,42.98,42.98,42.98,42.98,31.84,31.84,,,,,31.84,35.71,35.71,33.1,33.1,35.71,47.56,45.03,34.83,34.59,31.84,31.84,31.84,31.84,39.79,31.32,,,,,,
2019-10-22 04:00:00+02:00,,33.72,,33.41,43.36,33.25,,32.06,,33.69,33.69,33.69,33.69,44.5,33.69,33.32,32.51,,43.0,40.77,37.85,,31.78,,,,40.77,42.98,,40.77,42.98,42.98,42.98,42.98,33.69,33.69,,,,,33.55,35.74,35.74,33.69,33.69,35.74,46.04,44.5,37.81,36.07,33.69,33.69,33.69,33.69,40.77,32.06,,,,,,
2019-10-22 05:00:00+02:00,,36.2,,36.2,50.21,36.38,,36.0,,36.2,36.2,36.2,36.2,45.0,36.2,36.2,35.33,,49.25,43.67,46.0,,33.71,,,,43.67,43.67,,43.67,43.67,43.67,43.67,43.67,36.2,36.2,,,,,36.2,37.4,37.4,34.58,34.58,37.4,52.69,45.0,45.95,47.47,34.58,34.58,34.58,36.2,43.67,36.0,,,,,,
2019-10-22 06:00:00+02:00,,46.99,,46.99,64.06,46.41,,46.4,,46.99,46.99,46.99,59.05,46.99,52.67,46.99,39.58,,69.33,46.99,57.05,,37.78,,,,46.99,46.99,,46.99,46.99,46.99,46.99,46.99,59.05,59.05,,,,,46.99,38.65,38.65,35.71,35.71,38.65,59.19,46.99,56.99,64.0,35.71,35.71,35.71,46.99,46.99,51.25,,,,,,
2019-10-22 07:00:00+02:00,,56.43,,56.43,68.02,57.41,,57.07,,56.43,56.43,56.43,60.87,56.43,49.92,56.43,46.55,,69.28,56.43,62.45,,45.52,,,,56.43,56.43,,56.43,56.43,56.43,56.43,56.43,60.87,60.87,,,,,56.43,39.1,39.1,36.78,36.78,39.1,61.01,56.43,62.39,68.52,36.78,36.78,36.78,56.43,56.43,57.07,,,,,,
2019-10-22 08:00:00+02:00,,61.3,,61.3,68.03,59.06,,59.2,,61.3,61.3,61.3,64.56,57.8,49.31,61.3,59.18,,66.07,61.3,62.81,,56.5,,,,61.3,61.3,,61.3,61.3,61.3,81.0,61.3,64.56,64.56,,,,,61.3,39.23,39.23,37.21,37.21,39.23,66.06,57.8,62.74,67.05,37.21,37.21,37.21,61.3,61.3,59.2,,,,,,
2019-10-22 09:00:00+02:00,,60.0,,60.0,58.85,56.05,,56.2,,60.0,60.0,60.0,62.49,57.88,48.55,60.0,58.51,,59.15,60.0,59.18,,61.43,,,,60.0,60.0,,60.0,60.0,60.0,78.41,60.0,62.49,62.49,,,,,60.0,39.19,39.19,36.73,36.73,39.19,67.13,57.88,59.11,62.02,36.73,36.73,36.73,60.0,60.0,59.18,,,,,,
2019-10-22 10:00:00+02:00,,55.49,,55.49,58.83,53.82,,52.0,,55.49,55.49,55.49,62.45,55.49,48.75,55.49,54.1,,57.17,55.49,55.52,,55.52,,,,55.49,50.58,,55.49,50.58,50.58,50.58,50.58,62.45,62.45,,,,,55.49,39.06,39.06,36.43,36.43,39.06,66.05,55.49,55.47,56.09,36.43,36.43,36.43,55.49,55.49,52.0,,,,,,
2019-10-22 11:00:00+02:00,,52.72,,52.72,58.23,51.54,,50.73,,52.72,52.72,52.72,62.41,52.72,46.7,52.72,51.03,,52.0,52.72,52.44,,52.37,,,,52.72,48.58,,52.72,48.58,48.58,48.58,48.58,62.41,62.41,,,,,52.72,39.0,39.0,35.78,35.78,39.0,66.52,52.72,52.39,53.47,35.78,35.78,35.78,52.72,52.72,50.73,,,,,,
2019-10-22 12:00:00+02:00,,47.0,,48.75,54.1,48.01,,46.19,,46.35,46.35,46.35,62.41,48.75,44.74,48.75,43.38,,44.7,47.0,49.05,,45.61,,,,47.0,47.0,,47.0,47.0,47.0,47.0,47.0,62.41,62.41,,,,,44.82,38.68,38.68,35.72,35.72,38.68,69.35,48.75,48.99,49.28,35.52,35.52,35.52,46.35,47.0,46.19,,,,,,
2019-10-22 13:00:00+02:00,,44.48,,46.25,53.32,46.07,,43.5,,43.67,43.67,43.67,60.01,46.25,44.75,46.25,36.06,,45.8,46.07,46.82,,37.92,,,,46.07,45.15,,46.07,45.15,45.15,45.15,45.15,60.01,60.01,,,,,40.0,38.59,38.59,35.69,35.69,38.59,69.34,46.25,46.77,49.99,34.88,34.88,34.88,43.67,46.07,43.5,,,,,,
2019-10-22 14:00:00+02:00,,44.47,,45.51,55.02,45.43,,43.38,,43.99,43.99,43.99,62.42,45.51,42.09,45.51,35.56,,43.13,45.51,47.67,,35.62,,,,45.51,45.51,,45.51,45.51,45.51,45.51,45.51,62.42,62.42,,,,,42.0,38.46,38.46,35.65,35.65,38.46,68.68,45.51,47.62,50.89,34.66,34.66,34.66,43.99,45.51,43.38,,,,,,
2019-10-22 15:00:00+02:00,,43.85,,44.26,58.8,45.15,,44.97,,43.66,43.66,43.66,52.99,44.26,42.64,44.26,35.13,,51.22,47.17,54.04,,34.4,,,,47.17,47.17,,47.17,47.17,47.17,47.17,47.17,52.99,52.99,,,,,42.88,38.41,38.41,35.53,35.53,38.41,65.61,44.26,53.98,58.25,34.71,34.71,34.71,43.66,47.17,44.97,,,,,,
2019-10-22 16:00:00+02:00,,46.24,,46.24,60.2,48.03,,48.01,,46.24,46.24,46.24,52.99,46.24,43.88,46.24,35.92,,59.15,49.45,58.88,,35.18,,,,49.45,49.45,,49.45,49.45,49.45,65.66,49.45,52.99,52.99,,,,,46.24,38.24,38.24,35.37,35.37,38.24,61.37,46.24,58.82,62.02,34.89,34.89,34.89,46.24,49.45,48.01,,,,,,
2019-10-22 17:00:00+02:00,,51.93,,51.93,68.01,53.23,,54.67,,51.93,51.93,51.93,58.04,49.55,48.17,51.93,50.22,,69.7,54.88,63.48,,48.01,,,,54.88,54.88,,54.88,54.88,54.88,54.88,54.88,58.04,58.04,,,,,51.93,38.21,38.21,35.33,35.33,38.21,60.92,49.55,63.41,62.96,35.33,35.33,35.33,51.93,54.88,60.11,,,,,,
2019-10-22 18:00:00+02:00,,60.0,,60.0,68.05,59.24,,59.55,,60.0,60.0,60.0,62.42,51.42,49.1,60.0,58.42,,73.66,60.0,69.84,,55.87,,,,60.0,60.0,,60.0,60.0,60.0,78.41,60.0,62.42,62.42,,,,,60.0,38.46,38.46,35.65,35.65,38.46,67.31,51.42,69.77,74.82,35.65,35.65,35.65,60.0,60.0,67.6,,,,,,
2019-10-22 19:00:00+02:00,,65.47,,65.47,72.11,65.68,,66.1,,65.47,65.47,65.47,65.47,54.88,46.94,65.47,66.8,,74.54,65.47,72.08,,63.88,,,,65.47,65.47,,65.47,65.47,65.47,78.41,65.47,65.47,65.47,,,,,65.47,38.65,38.65,35.37,35.37,38.65,67.39,54.88,72.0,75.03,35.37,35.37,35.37,65.47,65.47,66.1,,,,,,
2019-10-22 20:00:00+02:00,,53.46,,54.82,68.01,55.47,,55.7,,52.95,52.95,52.95,34.15,54.82,34.15,54.82,53.39,,71.58,54.97,66.23,,52.31,,,,54.97,54.97,,54.97,54.97,54.97,75.32,54.97,52.95,52.95,,,,,51.97,38.46,38.46,35.33,35.33,38.46,68.13,54.82,66.16,68.83,34.15,34.15,34.15,52.95,54.97,60.11,,,,,,
2019-10-22 21:00:00+02:00,,46.72,,47.65,58.82,46.93,,47.53,,46.34,46.34,46.34,32.02,49.73,32.02,47.65,46.37,,62.05,48.96,56.69,,45.0,,,,48.96,48.96,,48.96,48.96,48.96,48.96,48.96,46.34,46.34,,,,,45.15,38.06,38.06,35.27,35.27,38.06,60.07,49.73,56.64,62.36,32.02,32.02,32.02,46.34,48.96,47.53,,,,,,
2019-10-22 22:00:00+02:00,,41.86,,43.78,58.82,42.59,,43.01,,41.16,41.16,41.16,20.25,43.78,20.25,43.78,42.6,,51.0,44.49,51.08,,41.76,,,,44.49,44.49,,44.49,44.49,44.49,44.49,44.49,41.16,41.16,,,,,39.5,37.61,37.61,35.24,35.24,37.61,59.06,43.78,51.03,55.68,20.25,20.25,20.25,41.16,44.49,43.01,,,,,,
2019-10-22 23:00:00+02:00,,37.48,,38.61,46.34,37.31,,37.64,,37.15,36.5,36.5,2.85,38.38,2.85,38.38,37.46,,39.9,43.21,40.5,,34.85,,,,43.21,43.21,,43.21,43.21,43.21,43.21,43.21,36.25,36.25,,,,,36.48,36.5,36.5,35.02,35.02,36.5,55.32,38.38,40.46,43.85,2.85,2.85,2.85,36.25,43.21,37.64,,,,,,
2019-10-23 00:00:00+02:00,,35.66,,35.79,42.75,36.02,,36.48,,35.61,35.52,35.52,16.16,37.3,16.16,35.78,36.5,,41.77,45.53,41.27,,34.91,,,,45.53,45.53,,45.53,45.53,45.53,45.53,45.53,34.76,34.76,,,,,35.52,36.7,36.7,34.63,34.63,36.7,49.7,37.64,41.26,40.78,16.16,16.16,16.16,34.76,45.53,36.48,,,,,,
2019-10-23 01:00:00+02:00,,32.31,,32.31,40.05,32.52,,33.2,,32.31,32.31,32.31,16.95,33.5,16.95,32.31,32.96,,39.36,44.79,38.0,,30.67,,,,44.79,44.79,,44.79,44.79,44.79,44.79,44.79,31.54,31.54,,,,,32.31,35.84,35.84,35.73,34.71,35.84,49.31,35.85,37.99,37.16,16.95,16.95,16.95,31.54,44.79,33.2,,,,,,
2019-10-23 02:00:00+02:00,,31.36,,31.36,34.94,30.89,,31.5,,31.36,31.36,31.36,17.06,32.43,17.06,31.36,31.99,,35.38,41.3,35.97,,27.58,,,,41.3,41.3,,41.3,41.3,41.3,41.3,41.3,30.61,30.61,,,,,31.36,35.82,35.82,35.82,34.68,35.82,46.66,32.43,35.97,33.09,17.06,17.06,17.06,30.61,41.3,31.5,,,,,,
2019-10-23 03:00:00+02:00,,30.09,,30.09,31.91,30.06,,30.4,,30.09,30.09,30.09,24.57,32.0,24.57,30.09,30.71,,30.33,38.96,33.42,,25.58,,,,38.96,38.96,,38.96,38.96,38.96,38.96,38.96,29.37,29.37,,,,,30.09,35.86,35.86,35.86,34.65,35.86,45.91,32.0,33.42,32.02,24.57,24.57,24.57,29.37,38.96,30.4,,,,,,
2019-10-23 04:00:00+02:00,,30.39,,30.39,37.58,31.5,,32.8,,30.39,30.39,30.39,30.39,31.4,30.39,30.39,31.01,,37.16,39.22,36.05,,25.0,,,,39.22,39.22,,39.22,39.22,39.22,39.22,39.22,30.39,30.39,,,,,30.39,35.95,35.95,35.95,34.69,35.95,48.85,31.4,36.05,33.69,30.39,30.39,30.39,30.39,39.22,36.05,,,,,,
2019-10-23 05:00:00+02:00,,35.03,,33.84,44.69,33.35,,35.18,,34.92,34.92,34.92,34.92,33.5,34.92,33.5,34.18,,43.76,42.0,38.56,,25.0,,,,42.0,42.0,,42.0,42.0,42.0,42.0,42.0,34.92,34.92,,,,,34.4,36.62,36.62,36.62,34.92,36.62,52.12,33.5,45.18,39.16,34.92,34.92,34.92,34.92,42.0,35.18,,,,,,
2019-10-23 06:00:00+02:00,,40.7,,40.7,50.2,41.95,,43.5,,40.7,40.7,40.7,52.09,40.7,49.53,40.7,39.64,,66.16,48.94,47.24,,25.0,,,,48.94,48.94,,48.94,48.94,48.94,48.94,48.94,52.09,52.09,,,,,40.7,38.36,38.36,38.06,38.06,38.36,59.59,40.7,57.79,48.67,38.06,38.06,38.06,40.7,48.94,47.24,,,,,,
2019-10-23 07:00:00+02:00,,52.4,,52.4,63.94,51.33,,53.8,,52.4,52.4,52.4,62.82,51.36,50.6,52.4,50.66,,60.26,60.96,55.06,,30.32,,,,60.96,60.96,,60.96,60.96,60.96,60.96,60.96,62.82,62.82,,,,,52.4,39.34,39.34,39.34,39.34,39.34,63.0,51.36,60.43,57.78,39.34,39.34,39.34,52.4,60.96,55.06,,,,,,
2019-10-23 08:00:00+02:00,,59.77,,59.77,63.96,56.81,,58.1,,59.77,59.77,59.77,63.02,53.25,51.27,59.77,57.81,,59.15,67.32,59.77,,42.0,,,,67.32,67.32,,67.32,49.38,67.32,49.38,67.32,63.02,63.02,,,,,59.77,39.23,39.23,39.23,39.23,39.23,66.28,53.25,62.43,58.97,39.23,39.23,39.23,59.77,67.32,58.1,,,,,,
2019-10-23 09:00:00+02:00,,57.12,,57.12,58.84,54.7,,56.9,,57.12,57.12,57.12,62.86,56.01,52.97,57.12,55.64,,59.0,61.06,58.12,,45.0,,,,61.06,61.06,,61.06,49.1,61.06,49.1,61.06,62.86,62.86,,,,,57.12,39.18,39.18,39.18,39.18,39.18,66.35,55.26,58.14,57.66,39.18,39.18,39.18,57.12,61.06,56.9,,,,,,
2019-10-23 10:00:00+02:00,,54.11,,54.11,50.4,52.6,,53.53,,54.11,54.11,54.11,62.58,54.11,58.41,54.11,52.71,,53.69,54.11,53.71,,38.18,,,,54.11,54.11,,54.11,45.17,54.11,45.17,54.11,62.58,62.58,,,,,54.11,39.28,39.28,39.28,39.28,39.28,62.76,54.11,53.74,52.85,39.28,39.28,39.28,54.11,54.11,53.53,,,,,,
2019-10-23 11:00:00+02:00,,51.23,,51.23,47.05,50.33,,50.25,,51.23,51.23,51.23,62.85,51.23,62.85,51.23,49.55,,51.0,51.23,51.61,,38.18,,,,51.23,51.23,,51.23,30.0,51.23,30.0,51.23,62.85,62.85,,,,,51.23,38.99,38.99,38.99,38.99,38.99,66.76,51.23,51.64,50.87,38.99,38.99,38.99,51.23,51.23,50.25,,,,,,
2019-10-23 12:00:00+02:00,,45.26,,42.01,46.77,45.02,,44.12,,44.48,44.48,44.48,63.03,47.25,63.03,47.25,40.81,,46.0,47.25,46.19,,32.81,,,,47.25,47.25,,47.25,10.0,47.25,10.0,47.25,63.03,63.03,,,,,42.01,38.79,38.79,38.79,38.79,38.79,66.99,47.25,46.22,45.88,38.79,38.79,38.79,44.48,47.25,44.12,,,,,,
2019-10-23 13:00:00+02:00,,43.63,,39.46,49.03,43.85,,42.5,,42.55,42.55,42.55,62.84,46.35,62.84,46.35,38.17,,45.02,46.35,44.08,,31.0,,,,46.35,46.35,,46.35,9.0,46.35,9.0,46.35,62.84,62.84,,,,,39.46,38.19,38.19,38.19,38.19,38.19,66.83,46.35,44.11,43.96,38.19,38.19,38.19,42.55,46.35,42.5,,,,,,
2019-10-23 14:00:00+02:00,,43.17,,38.71,50.41,43.75,,42.01,,41.94,41.94,41.94,62.81,46.29,57.1,46.29,37.61,,45.38,46.29,43.59,,26.0,,,,46.29,46.29,,46.29,10.0,46.29,10.0,46.29,62.81,62.81,,,,,38.87,38.12,38.12,38.12,38.12,38.12,66.85,46.29,43.62,44.58,38.12,38.12,38.12,41.94,46.29,42.01,,,,,,
2019-10-23 15:00:00+02:00,,43.94,,40.4,51.04,43.64,,42.57,,43.26,43.26,43.26,60.05,45.65,52.16,45.65,37.99,,46.99,46.53,44.7,,26.0,,,,46.53,46.53,,46.53,46.53,46.53,46.53,46.53,60.05,60.05,,,,,41.8,38.38,38.38,38.38,38.38,38.38,66.82,45.65,44.73,46.94,38.38,38.38,38.38,43.26,46.53,42.57,,,,,,
2019-10-23 16:00:00+02:00,,45.87,,45.87,53.47,45.8,,45.94,,45.87,45.87,47.0,60.03,45.87,55.13,45.87,42.98,,59.15,48.05,48.69,,26.24,,,,48.05,48.05,,48.05,48.05,48.05,48.05,48.05,60.03,60.03,,,,,45.87,38.4,38.4,38.4,38.4,38.4,66.11,45.87,51.52,51.85,38.4,38.4,38.4,47.0,48.05,45.94,,,,,,
2019-10-23 17:00:00+02:00,,50.67,,50.67,63.96,49.07,,50.37,,50.67,50.67,50.67,64.56,50.67,64.56,50.67,49.23,,65.82,52.0,53.98,,37.86,,,,52.0,52.0,,52.0,52.0,52.0,52.0,52.0,64.56,64.56,,,,,50.67,38.98,38.98,38.98,38.98,38.98,65.13,50.67,58.89,57.09,38.98,38.98,38.98,50.67,52.0,53.98,,,,,,
2019-10-23 18:00:00+02:00,,53.49,,53.49,87.35,53.92,,55.7,,53.49,53.49,53.49,67.1,53.49,67.1,53.49,52.13,,70.51,63.03,66.72,,49.61,,,,60.96,60.96,,60.96,60.96,60.96,60.96,60.96,67.1,67.1,,,,,53.49,39.5,39.5,39.5,39.5,39.5,67.3,53.49,84.14,66.06,39.5,39.5,39.5,53.49,63.03,66.72,,,,,,
2019-10-23 19:00:00+02:00,,55.31,,55.49,74.94,55.59,,59.25,,55.23,55.23,55.23,62.85,55.49,62.85,55.49,56.67,,70.51,68.59,70.05,,53.49,,,,68.59,68.59,,68.59,68.59,68.59,68.59,68.59,62.85,62.85,,,,,55.1,39.54,39.54,39.54,39.54,39.54,66.71,55.49,84.14,65.31,39.54,39.54,39.54,53.91,68.59,59.25,,,,,,
2019-10-23 20:00:00+02:00,,47.79,,52.09,58.85,45.62,,46.82,,45.91,45.91,45.91,52.07,55.84,44.76,52.24,53.36,,66.13,55.73,59.2,,51.64,,,,54.57,54.57,,54.57,54.57,54.57,54.57,54.57,52.07,52.07,,,,,40.45,39.16,39.16,39.16,39.16,39.16,66.47,55.84,60.79,58.34,39.16,39.16,39.16,44.81,55.73,59.2,,,,,,
2019-10-23 21:00:00+02:00,,39.72,,40.96,58.8,39.26,,39.1,,39.16,39.16,39.16,52.08,54.34,44.72,41.09,41.97,,58.78,53.1,51.24,,43.67,,,,49.1,49.1,,49.1,49.1,49.1,49.1,49.1,52.08,52.08,,,,,38.17,38.22,38.22,38.22,38.22,38.22,57.98,54.34,51.31,52.08,38.22,38.22,38.22,38.22,53.1,39.1,,,,,,
2019-10-23 22:00:00+02:00,,37.96,,38.42,40.93,36.78,,35.3,,37.38,37.38,37.34,52.02,48.0,43.8,38.53,39.36,,52.0,46.0,39.04,,40.4,,,,46.0,46.0,,46.0,46.0,46.0,46.0,46.0,52.02,52.02,,,,,37.38,37.34,37.34,37.34,37.34,37.34,55.01,48.0,39.09,45.55,37.34,37.34,37.34,37.34,46.0,35.3,,,,,,
2019-10-23 23:00:00+02:00,,34.74,,33.89,39.95,33.31,,31.4,,34.41,34.41,34.45,34.45,41.69,34.45,35.62,34.72,,70.1,44.89,33.59,,33.17,,,,44.89,44.89,,44.89,44.89,44.89,44.89,44.89,34.45,34.45,,,,,33.75,34.96,34.96,34.96,34.45,34.96,50.1,41.69,33.64,39.95,34.45,34.45,34.45,34.45,44.89,31.4,,,,,,
2019-10-24 00:00:00+02:00,,33.61,,33.69,45.08,31.79,,31.62,,33.59,33.59,34.23,34.23,41.81,34.23,33.66,34.69,,49.11,38.07,40.02,,35.42,,,,38.07,38.07,,38.07,38.07,38.07,38.07,38.07,34.23,34.23,,,,,33.55,34.23,34.23,34.23,34.23,34.23,49.65,41.81,40.09,40.82,34.23,34.23,34.23,34.23,38.07,31.62,,,,,,
2019-10-24 01:00:00+02:00,,31.04,,31.04,43.95,29.07,,29.02,,31.04,31.04,32.95,32.95,39.21,32.95,31.04,31.96,,42.19,36.71,36.5,,32.0,,,,36.71,36.71,,36.71,36.71,36.71,36.71,36.71,32.95,32.95,,,,,31.04,32.95,32.95,32.95,32.95,32.95,52.17,39.21,37.88,37.76,32.95,32.95,32.95,32.95,36.71,29.02,,,,,,
2019-10-24 02:00:00+02:00,,30.02,,30.02,38.34,28.35,,28.1,,30.02,30.02,32.19,32.19,37.57,32.19,30.02,33.37,,39.5,30.02,30.19,,31.72,,,,31.47,31.47,,31.47,31.47,31.47,31.47,31.47,32.19,32.19,,,,,30.02,32.19,32.19,32.19,32.19,32.19,53.42,37.57,30.24,32.23,32.19,32.19,32.19,32.19,30.02,30.19,,,,,,
2019-10-24 03:00:00+02:00,,29.41,,29.41,35.93,27.77,,27.0,,29.41,29.41,32.13,32.13,36.35,32.13,29.41,36.14,,38.89,29.41,28.7,,34.36,,,,30.38,30.38,,30.38,30.38,30.38,30.38,30.38,32.13,32.13,,,,,29.41,32.13,32.13,32.13,32.13,32.13,53.72,36.35,30.05,31.28,32.13,32.13,32.13,32.13,29.41,28.7,,,,,,
2019-10-24 04:00:00+02:00,,30.06,,30.06,42.92,27.43,,28.0,,30.06,30.06,32.92,32.92,35.91,32.92,30.06,35.81,,42.5,31.72,30.99,,34.06,,,,31.72,31.72,,31.72,31.72,31.72,31.72,31.72,32.92,32.92,,,,,30.06,32.92,32.92,32.92,32.92,32.92,50.59,35.91,36.82,33.1,32.92,32.92,32.92,32.92,31.72,28.0,,,,,,
2019-10-24 05:00:00+02:00,,32.89,,32.89,61.11,30.91,,31.38,,32.89,32.89,34.47,48.8,37.06,48.8,32.89,35.86,,66.31,38.0,44.07,,34.11,,,,38.0,38.0,,38.0,38.0,38.0,38.0,38.0,48.8,48.8,,,,,32.89,34.47,34.47,34.47,34.47,34.47,49.41,37.06,44.49,43.01,34.47,34.47,34.47,34.47,38.0,31.38,,,,,,
2019-10-24 06:00:00+02:00,,39.55,,39.55,85.58,36.52,,37.8,,39.55,39.55,37.97,58.92,39.55,58.92,39.55,40.57,,66.55,74.04,69.5,,38.59,,,,44.25,44.25,,44.25,44.25,44.25,44.25,44.25,58.92,58.92,,,,,39.55,37.97,37.97,37.97,37.97,37.97,59.06,39.55,69.61,56.36,37.97,37.97,37.97,37.97,74.04,37.8,,,,,,
2019-10-24 07:00:00+02:00,,48.98,,48.98,86.45,44.57,,48.0,,48.98,48.98,48.98,59.65,48.98,59.65,48.98,50.24,,84.2,71.47,66.58,,47.8,,,,52.31,52.31,,52.31,52.31,52.31,52.31,52.31,59.65,59.65,,,,,48.98,39.82,39.26,39.82,39.82,39.82,59.79,48.98,66.68,65.0,39.82,39.82,39.82,47.81,71.47,48.0,,,,,,
2019-10-24 08:00:00+02:00,,54.11,,54.11,85.83,49.27,,51.2,,54.11,54.11,54.11,59.93,54.11,59.93,54.11,55.65,,78.11,74.43,69.82,,52.95,,,,60.0,60.0,,60.0,60.0,60.0,60.0,60.0,59.93,59.93,,,,,54.11,40.15,39.34,40.15,40.15,40.15,60.08,54.11,69.92,66.61,40.15,40.15,40.15,52.81,74.43,51.2,,,,,,
2019-10-24 09:00:00+02:00,,54.11,,54.11,67.03,49.87,,49.84,,54.11,54.11,54.11,60.08,54.11,60.08,54.11,58.43,,70.24,65.08,63.09,,59.75,,,,56.79,56.79,,56.79,56.79,56.79,56.79,56.79,60.08,60.08,,,,,54.11,40.1,39.23,40.1,40.1,40.1,60.22,54.11,63.18,62.8,40.1,40.1,40.1,52.81,65.08,49.84,,,,,,
2019-10-24 10:00:00+02:00,,51.08,,51.08,76.01,48.34,,47.46,,51.08,51.08,51.08,59.7,51.48,59.7,51.08,57.86,,63.25,68.02,59.99,,56.41,,,,52.08,52.08,,52.08,52.08,52.08,52.08,52.08,59.7,59.7,,,,,51.08,40.1,39.59,40.1,40.1,40.1,59.85,51.48,60.07,58.23,40.1,40.1,40.1,49.85,68.02,47.46,,,,,,
2019-10-24 11:00:00+02:00,,46.93,,46.93,59.83,45.84,,43.36,,46.93,46.93,46.93,57.54,46.93,57.54,46.93,49.75,,58.38,68.01,56.43,,50.89,,,,48.54,48.54,,48.54,48.54,48.54,48.54,48.54,57.54,57.54,,,,,46.93,39.96,39.45,39.96,39.96,39.96,62.0,46.93,56.51,56.42,39.96,39.96,39.96,45.81,68.01,43.36,,,,,,
2019-10-24 12:00:00+02:00,,44.04,,43.66,59.84,40.87,,38.24,,43.94,43.94,43.94,60.05,44.44,60.05,44.36,45.46,,58.78,68.09,56.01,,46.51,,,,44.36,44.36,,44.36,44.36,44.36,44.36,44.36,60.05,60.05,,,,,43.66,39.72,39.4,39.72,39.72,39.72,61.86,44.44,56.08,52.73,39.72,39.72,39.72,42.88,68.09,38.24,,,,,,
2019-10-24 13:00:00+02:00,,40.56,,40.39,60.93,39.68,,37.0,,40.52,40.52,40.11,62.03,42.5,62.03,40.67,41.67,,50.5,68.07,56.09,,42.64,,,,44.63,44.63,,44.63,44.63,44.63,44.63,44.63,62.03,62.03,,,,,40.39,39.54,39.1,39.54,39.54,39.54,62.17,42.5,56.17,51.67,39.54,39.54,39.54,39.54,68.07,37.0,,,,,,
2019-10-24 14:00:00+02:00,,38.01,,37.89,60.98,38.02,,36.17,,38.0,38.0,38.41,58.86,38.65,58.86,38.0,38.94,,58.78,68.04,56.1,,39.84,,,,46.97,46.97,,46.97,46.97,46.97,46.97,46.97,58.86,58.86,,,,,37.97,38.41,38.41,38.41,38.41,38.41,59.96,39.21,56.17,51.85,38.41,38.41,38.41,38.41,68.04,36.17,,,,,,
2019-10-24 15:00:00+02:00,,36.78,,36.78,60.9,38.27,,36.91,,36.78,36.78,37.69,56.39,37.35,56.39,36.78,37.68,,70.11,64.08,58.82,,36.76,,,,48.05,48.05,,48.05,48.05,48.05,48.05,48.05,56.39,56.39,,,,,36.78,37.69,37.69,37.69,37.69,37.69,59.83,41.77,58.9,55.69,37.69,37.69,37.69,37.69,64.08,36.91,,,,,,
2019-10-24 16:00:00+02:00,,38.15,,37.51,62.74,39.01,,39.41,,38.07,38.07,38.07,57.02,38.35,55.56,37.34,36.7,,63.25,68.07,58.82,,36.39,,,,48.77,48.77,,48.77,48.77,48.77,48.77,48.77,57.02,57.02,,,,,37.81,38.07,38.07,38.07,38.07,38.07,59.32,42.0,58.9,58.08,38.07,38.07,38.07,38.07,68.07,39.41,,,,,,
2019-10-24 17:00:00+02:00,,39.9,,39.9,64.94,42.75,,44.2,,39.9,39.9,39.9,59.66,42.86,59.66,39.9,40.86,,75.4,68.01,70.02,,41.83,,,,55.0,55.0,,55.0,55.0,55.0,55.0,55.0,59.66,59.66,,,,,39.9,39.31,39.31,39.31,39.31,39.31,59.8,42.86,70.1,63.02,39.31,39.31,39.31,39.31,68.01,44.2,,,,,,
2019-10-24 18:00:00+02:00,,43.57,,43.59,64.97,45.42,,47.5,,43.55,43.55,43.55,63.98,48.01,63.98,43.59,44.76,,84.26,60.0,75.26,,46.95,,,,60.0,60.0,,60.0,60.0,60.0,60.0,60.0,63.98,63.98,,,,,43.41,39.73,39.73,39.73,39.73,39.73,66.89,48.01,75.35,74.55,39.73,39.73,39.73,42.51,60.0,56.88,,,,,,
2019-10-24 19:00:00+02:00,,44.38,,47.57,64.96,45.11,,49.34,,42.1,42.1,42.1,57.0,55.05,57.0,50.26,51.46,,75.44,68.09,77.04,,53.98,,,,66.19,66.19,,66.19,66.19,66.19,66.19,66.19,57.0,57.0,,,,,38.13,39.47,39.39,39.47,39.47,39.47,60.31,55.05,77.13,73.14,39.47,39.47,39.47,41.09,68.09,49.34,,,,,,
2019-10-24 20:00:00+02:00,,35.8,,35.67,59.87,37.74,,38.75,,35.75,35.75,36.85,36.85,58.97,36.85,35.93,52.0,,73.31,79.08,73.01,,54.99,,,,57.0,57.0,,57.0,57.0,57.0,57.0,57.0,36.85,36.85,,,,,35.67,36.85,36.85,36.85,36.85,36.85,59.83,58.97,73.09,68.84,36.85,36.85,36.85,36.85,79.08,60.0,,,,,,
2019-10-24 21:00:00+02:00,,30.07,,30.07,59.84,34.97,,33.01,,30.07,30.07,35.65,35.65,57.5,35.65,30.07,40.42,,59.15,70.54,64.48,,47.0,,,,47.25,47.25,,47.25,47.25,47.25,47.25,47.25,35.65,35.65,,,,,30.07,35.65,35.65,35.65,35.65,35.65,55.29,57.5,64.55,58.35,35.65,35.65,35.65,35.65,70.54,33.01,,,,,,
2019-10-24 22:00:00+02:00,,30.4,,30.9,41.99,35.16,,29.86,,30.21,30.21,34.57,34.57,54.85,34.57,30.9,33.65,,58.88,58.1,52.15,,48.15,,,,44.25,44.25,,44.25,44.25,44.25,44.25,44.25,34.57,34.57,,,,,30.21,34.57,34.57,34.57,34.57,34.57,52.14,54.85,52.21,52.13,34.57,34.57,34.57,34.57,58.1,29.86,,,,,,
2019-10-24 23:00:00+02:00,,29.04,,27.6,36.99,29.86,,27.01,,26.03,26.03,31.06,31.06,48.06,31.06,31.1,31.82,,59.15,42.23,44.0,,33.4,,,,42.23,42.23,,42.23,42.23,42.23,42.23,42.23,31.06,31.06,,,,,26.03,33.88,33.88,33.88,33.88,33.88,49.58,48.06,44.05,42.55,31.06,31.06,31.06,31.06,42.23,44.0,,,,,,
2019-10-25 00:00:00+02:00,,29.08,,33.0,44.88,30.33,,28.89,,25.92,25.92,25.92,30.68,51.0,30.68,30.95,43.94,,36.6,38.77,41.01,,43.0,,,,38.77,38.77,,38.77,38.77,38.77,38.77,38.77,30.68,30.68,,,,,27.0,35.23,35.23,30.68,30.68,35.23,43.72,51.0,41.06,46.01,30.68,30.68,30.68,30.68,38.77,41.01,,,,,,
2019-10-25 01:00:00+02:00,,25.27,,25.27,42.47,28.22,,26.2,,25.27,25.27,25.27,28.29,51.48,28.29,25.27,36.01,,36.88,36.33,37.09,,36.97,,,,36.33,36.99,,36.33,36.99,36.99,36.99,36.99,28.29,28.29,,,,,25.27,34.94,34.94,28.96,28.96,34.94,46.68,51.48,37.13,39.79,28.29,28.29,28.29,28.29,36.33,26.2,,,,,,
2019-10-25 02:00:00+02:00,,29.73,,25.2,36.86,25.63,,25.35,,25.2,25.2,25.2,25.2,45.03,25.2,25.2,40.33,,31.5,29.99,28.54,,41.41,,,,29.99,29.99,,29.99,29.99,29.99,29.99,29.99,25.2,25.2,,,,,25.2,34.4,34.4,28.83,28.83,34.4,46.66,45.03,28.57,33.94,25.2,25.2,25.2,25.2,29.99,28.54,,,,,,
2019-10-25 03:00:00+02:00,,24.6,,24.42,35.94,24.09,,23.93,,24.42,24.42,24.42,24.42,41.44,24.42,24.42,41.58,,28.5,30.0,28.58,,40.69,,,,30.0,36.99,,30.0,36.99,36.99,36.99,36.99,24.42,24.42,,,,,24.42,34.33,34.33,28.85,28.85,34.33,45.63,41.44,28.6,33.03,24.42,24.42,24.42,24.42,30.0,23.93,,,,,,
2019-10-25 04:00:00+02:00,,25.2,,25.2,43.03,24.11,,24.25,,25.2,25.2,25.2,26.07,39.61,26.07,25.2,36.0,,33.44,32.67,36.43,,35.24,,,,32.67,32.67,,32.67,32.67,32.67,32.67,32.67,26.07,26.07,,,,,25.2,34.37,34.37,28.96,28.96,34.37,45.65,39.61,36.46,34.49,26.07,26.07,26.07,26.07,32.67,36.43,,,,,,
2019-10-25 05:00:00+02:00,,29.08,,28.22,50.16,28.13,,28.01,,28.22,28.22,28.3,36.1,42.11,36.1,28.22,34.84,,66.47,39.04,45.94,,34.0,,,,39.04,40.87,,39.04,40.87,40.87,40.87,40.87,36.1,36.1,,,,,28.22,34.36,34.36,32.4,32.4,34.36,48.83,42.11,45.98,46.01,32.4,32.4,32.4,32.4,39.04,28.01,,,,,,
2019-10-25 06:00:00+02:00,,36.06,,36.06,50.21,36.75,,35.57,,36.06,36.06,35.98,53.92,44.57,53.92,36.06,37.09,,73.36,42.88,59.79,,38.07,,,,42.88,42.88,,42.88,42.88,42.88,42.88,42.88,53.92,53.92,,,,,36.06,35.98,35.98,35.98,35.98,35.98,55.32,44.57,59.85,64.08,35.98,35.98,35.98,35.98,42.88,58.6,,,,,,
2019-10-25 07:00:00+02:00,,47.9,,47.9,105.04,45.7,,45.44,,47.9,47.9,47.9,58.33,51.23,50.32,47.9,48.93,,75.36,68.05,100.06,,50.22,,,,47.9,47.9,,47.9,47.9,47.9,47.9,47.9,58.33,58.33,,,,,47.9,38.82,38.82,38.82,38.82,38.82,58.46,51.23,100.16,69.09,38.82,38.82,38.82,38.82,68.05,55.45,,,,,,
2019-10-25 08:00:00+02:00,,51.62,,51.73,85.08,49.51,,48.8,,51.52,51.52,51.52,61.24,53.1,50.5,51.89,53.0,,75.36,63.1,74.99,,55.72,,,,51.89,51.89,,51.89,51.89,51.89,68.1,51.89,61.24,61.24,,,,,51.52,39.0,39.0,39.0,39.0,39.0,61.39,53.1,75.06,68.41,39.0,39.0,39.0,39.0,63.1,60.22,,,,,,
2019-10-25 09:00:00+02:00,,48.0,,51.24,59.1,46.06,,46.41,,46.68,46.68,46.68,62.64,53.1,49.22,51.24,53.6,,66.93,63.1,73.59,,83.7,,,,51.24,51.24,,51.24,51.24,51.24,74.93,51.24,62.64,62.64,,,,,46.68,38.92,38.92,38.92,38.92,38.92,62.79,53.1,73.66,61.97,38.92,38.92,38.92,38.92,63.1,58.17,,,,,,
2019-10-25 10:00:00+02:00,,44.49,,44.49,58.84,43.6,,42.5,,44.49,44.49,44.49,57.05,52.24,47.76,44.49,56.03,,59.15,58.1,61.39,,81.04,,,,44.49,44.49,,44.49,44.49,44.49,74.93,44.49,57.05,57.05,,,,,44.49,38.93,38.93,38.93,38.93,38.93,59.04,52.24,61.45,59.41,38.93,38.93,38.93,38.93,58.1,59.32,,,,,,
2019-10-25 11:00:00+02:00,,41.11,,41.65,58.82,43.04,,37.75,,39.76,39.76,39.76,53.2,48.81,46.73,42.92,49.11,,58.48,58.55,57.77,,87.0,,,,42.92,42.92,,42.92,42.92,42.92,73.5,42.92,53.2,53.2,,,,,39.76,38.49,38.49,38.49,38.49,38.49,64.82,48.81,57.83,56.99,38.49,38.49,38.49,38.49,58.55,37.75,,,,,,
2019-10-25 12:00:00+02:00,,37.89,,38.52,58.82,41.1,,34.7,,35.65,35.65,35.65,58.85,47.01,44.77,40.98,42.91,,50.58,60.46,57.77,,79.29,,,,40.98,40.98,,40.98,40.98,40.98,72.0,40.98,58.85,58.85,,,,,35.65,35.65,35.65,35.65,35.65,35.65,64.78,47.01,57.83,57.03,35.65,35.65,35.65,35.65,60.46,34.7,,,,,,
2019-10-25 13:00:00+02:00,,36.91,,37.18,58.81,37.69,,33.8,,36.07,36.07,36.07,53.17,46.5,40.73,38.02,38.84,,46.22,58.09,56.05,,75.0,,,,40.45,40.45,,40.45,40.45,40.45,58.0,40.45,53.17,53.17,,,,,36.07,36.07,36.07,36.07,36.07,36.07,60.23,46.5,56.11,56.06,36.07,36.07,36.07,36.07,58.09,33.8,,,,,,
2019-10-25 14:00:00+02:00,,34.78,,34.78,58.8,36.7,,33.09,,34.78,34.78,34.78,53.15,44.57,43.93,34.78,35.78,,47.8,44.2,51.62,,64.0,,,,40.76,40.76,,40.76,40.76,40.76,58.0,40.76,53.15,53.15,,,,,34.78,34.78,34.78,34.78,34.78,34.78,58.94,44.57,51.67,55.1,34.78,34.78,34.78,34.78,44.2,33.09,,,,,,
2019-10-25 15:00:00+02:00,,35.33,,35.33,58.8,35.38,,34.7,,35.33,35.33,35.33,53.14,44.5,44.72,35.33,36.36,,59.99,44.79,58.82,,56.98,,,,41.48,41.48,,41.48,41.48,41.48,69.5,41.48,53.14,53.14,,,,,35.33,35.33,35.33,35.33,35.33,35.33,59.0,44.5,58.88,59.0,35.33,35.33,35.33,35.33,44.79,34.7,,,,,,
2019-10-25 16:00:00+02:00,,36.92,,36.92,58.81,37.88,,36.87,,36.92,36.92,36.92,53.12,44.57,45.28,36.92,37.83,,58.48,58.1,62.39,,53.29,,,,42.92,42.92,,42.92,42.92,42.92,74.93,42.92,53.12,53.12,,,,,36.92,36.03,36.03,36.03,36.03,36.03,59.43,44.57,62.45,60.0,36.03,36.03,36.03,36.03,58.1,36.87,,,,,,
2019-10-25 17:00:00+02:00,,43.83,,43.83,65.1,40.94,,42.3,,43.83,43.83,43.83,59.82,46.01,52.89,43.83,44.92,,66.95,58.1,73.32,,63.44,,,,45.38,45.38,,45.38,45.38,45.38,74.93,45.38,59.82,59.82,,,,,43.83,37.29,37.29,37.18,37.18,37.29,59.97,46.01,73.39,68.32,37.18,37.18,37.29,37.29,58.1,42.3,,,,,,
2019-10-25 18:00:00+02:00,,48.11,,48.11,85.04,43.07,,44.4,,48.11,48.11,48.11,63.22,51.23,54.77,48.11,49.3,,73.36,63.1,90.09,,72.0,,,,50.73,50.73,,50.73,50.73,50.73,68.8,50.73,63.22,63.22,,,,,48.11,38.27,38.27,37.83,37.83,38.27,67.78,51.23,90.17,77.12,37.83,37.83,38.27,38.27,63.1,44.4,,,,,,
2019-10-25 19:00:00+02:00,,48.88,,46.69,81.07,43.94,,45.0,,48.24,48.16,48.16,53.11,56.51,48.79,51.09,55.12,,73.36,68.02,90.02,,92.62,,,,63.14,63.14,,53.0,63.14,63.14,81.0,63.14,53.11,53.11,,,,,46.69,38.02,38.02,37.6,37.6,38.02,71.31,56.51,90.11,76.17,37.6,37.6,38.02,38.02,68.02,45.0,,,,,,
2019-10-25 20:00:00+02:00,,39.32,,36.05,58.82,36.59,,37.26,,38.03,38.03,38.03,34.58,60.16,34.58,43.04,47.28,,67.0,58.1,69.46,,92.27,,,,43.7,56.0,,43.7,56.0,56.0,60.8,56.0,34.58,34.58,,,,,36.05,37.21,37.21,34.58,34.58,37.21,67.43,60.16,69.53,68.41,34.58,34.58,34.58,34.58,58.1,37.26,,,,,,
2019-10-25 21:00:00+02:00,,34.11,,33.21,56.28,34.29,,32.3,,33.21,33.21,33.21,33.21,57.79,33.21,36.66,41.69,,59.15,54.03,58.81,,56.9,,,,45.44,45.44,,40.55,45.44,45.44,74.93,45.44,33.21,33.21,,,,,33.21,34.75,34.75,33.21,33.21,34.75,59.03,57.79,58.87,60.17,33.21,33.21,33.21,33.21,54.03,32.3,,,,,,
2019-10-25 22:00:00+02:00,,32.87,,30.35,45.06,34.1,,30.01,,30.35,30.35,30.35,30.35,52.5,30.35,40.34,41.23,,51.13,40.34,41.01,,75.0,,,,40.7,41.0,,40.34,41.0,41.0,58.0,41.0,30.35,30.35,,,,,30.35,34.37,34.37,30.35,30.35,34.37,58.29,52.5,41.05,51.29,30.35,30.35,30.35,30.35,40.34,30.01,,,,,,
2019-10-25 23:00:00+02:00,,30.06,,25.51,37.09,31.8,,26.83,,25.51,25.51,25.51,25.51,46.07,25.51,37.29,38.12,,70.12,38.91,38.06,,40.05,,,,39.43,39.43,,38.91,39.43,39.43,39.43,39.43,25.51,25.51,,,,,25.51,34.32,34.32,29.07,29.07,34.32,53.74,46.07,38.09,41.98,25.51,25.51,25.51,25.51,38.91,26.83,,,,,,
2019-10-26 00:00:00+02:00,,30.09,,32.86,47.85,30.1,,24.26,,23.54,23.54,23.54,23.54,50.03,23.54,28.98,44.01,,58.78,37.66,42.9,,45.03,,,,37.66,37.66,,37.66,37.66,37.66,37.66,37.66,23.54,23.54,,,,,25.8,34.4,34.4,28.77,28.77,34.4,48.52,50.03,42.88,41.58,23.54,23.54,23.54,23.54,37.66,24.26,,,,,,
2019-10-26 01:00:00+02:00,,36.04,,26.0,40.49,28.2,,24.22,,18.84,18.84,18.84,18.84,47.0,18.84,24.58,34.67,,40.52,36.04,38.15,,36.34,,,,36.04,36.04,,36.04,36.04,36.04,36.04,36.04,18.84,18.84,,,,,26.0,34.35,34.35,28.62,28.62,34.35,46.16,47.0,38.13,38.21,18.84,18.84,18.84,18.84,36.04,24.22,,,,,,
2019-10-26 02:00:00+02:00,,32.93,,22.38,37.44,24.38,,18.7,,19.89,19.89,19.89,19.89,42.01,19.89,22.62,35.83,,37.26,32.93,31.92,,37.55,,,,32.93,32.93,,32.93,32.93,32.93,32.93,32.93,19.89,19.89,,,,,23.9,34.35,34.35,28.67,28.67,34.35,45.82,42.01,31.9,30.92,19.89,19.89,19.89,19.89,32.93,18.7,,,,,,
2019-10-26 03:00:00+02:00,,31.07,,18.39,30.93,20.99,,18.0,,15.78,15.78,15.78,15.78,39.5,15.78,18.67,42.31,,34.97,32.6,30.94,,42.4,,,,32.6,32.91,,32.6,32.91,32.91,32.91,32.91,15.78,15.78,,,,,20.0,34.6,34.6,28.77,28.77,34.6,46.71,39.5,30.92,28.93,15.78,15.78,15.78,15.78,32.6,18.0,,,,,,
2019-10-26 04:00:00+02:00,,30.06,,13.53,32.18,19.94,,16.74,,8.55,8.55,8.55,8.55,39.21,8.55,13.84,44.64,,33.86,32.6,32.07,,42.5,,,,32.6,32.92,,32.6,32.92,32.92,32.92,32.92,8.55,8.55,,,,,17.0,35.07,35.07,29.01,29.01,35.07,46.73,39.21,32.05,33.49,8.55,8.55,8.55,8.55,32.6,16.74,,,,,,
2019-10-26 05:00:00+02:00,,32.09,,21.69,36.46,22.53,,19.31,,15.84,15.84,15.84,15.84,38.99,15.84,21.15,43.89,,36.85,32.88,36.54,,41.78,,,,32.88,32.95,,32.88,32.95,32.95,32.95,32.95,15.84,15.84,,,,,23.9,35.69,35.69,29.32,29.32,35.69,46.87,38.99,36.52,40.02,15.84,15.84,15.84,15.84,32.88,19.31,,,,,,
2019-10-26 06:00:00+02:00,,32.28,,25.2,40.0,26.45,,24.24,,14.62,14.62,14.62,35.71,39.21,14.62,22.1,40.12,,50.0,40.0,47.84,,39.06,,,,37.66,37.66,,37.66,37.66,37.66,37.66,37.66,35.71,35.71,,,,,25.2,35.96,35.96,30.05,30.05,35.96,47.74,39.21,47.81,45.8,14.62,14.62,14.62,14.62,40.0,24.24,,,,,,
2019-10-26 07:00:00+02:00,,45.68,,26.8,47.59,29.99,,28.8,,24.61,24.61,24.61,24.61,42.5,24.61,28.24,40.87,,70.23,45.68,61.56,,39.86,,,,45.68,45.68,,45.68,45.68,45.68,45.68,45.68,24.61,24.61,,,,,26.8,36.0,36.0,32.11,32.11,36.0,47.73,42.5,61.52,60.11,24.61,24.61,24.61,24.61,45.68,28.8,,,,,,
2019-10-26 08:00:00+02:00,,44.1,,31.5,53.19,32.21,,30.5,,29.36,29.36,29.36,35.8,44.58,29.36,32.14,36.97,,70.21,58.2,67.02,,37.81,,,,44.82,44.82,,44.82,44.82,44.82,60.97,44.82,35.8,35.8,,,,,31.5,37.31,37.31,32.58,32.58,37.31,55.06,44.58,66.98,60.02,29.36,29.36,29.36,29.36,58.2,30.5,,,,,,
2019-10-26 09:00:00+02:00,,42.5,,33.46,41.99,32.74,,31.17,,25.92,25.92,33.28,33.28,48.01,33.28,31.41,49.39,,62.32,54.32,57.86,,51.75,,,,42.5,42.5,,42.5,42.5,42.5,42.5,42.5,33.28,33.28,,,,,36.13,37.33,37.33,33.91,33.91,37.33,57.84,48.01,57.83,58.03,33.28,33.28,33.28,33.28,54.32,31.17,,,,,,
2019-10-26 10:00:00+02:00,,37.19,,26.6,41.4,31.48,,29.1,,22.9,29.32,34.15,34.15,46.54,34.15,26.42,58.28,,58.88,43.38,49.88,,59.61,,,,37.19,37.19,,37.19,37.19,37.19,37.19,37.19,34.15,34.15,,,,,29.32,37.41,37.41,34.21,34.21,37.41,59.88,46.54,49.86,50.84,34.15,34.15,34.15,34.15,43.38,29.1,,,,,,
2019-10-26 11:00:00+02:00,,36.09,,23.98,34.4,31.54,,30.45,,20.24,29.0,34.53,34.53,43.78,34.53,23.42,58.39,,70.07,40.0,40.04,,59.72,,,,34.32,34.32,,34.32,34.32,34.32,34.32,34.32,34.53,34.53,,,,,29.0,37.11,37.11,34.53,34.53,37.11,59.31,43.78,40.02,45.04,34.53,34.53,34.53,34.53,40.0,30.45,,,,,,
2019-10-26 12:00:00+02:00,,35.5,,10.0,32.1,30.7,,27.95,,4.83,26.8,34.46,34.46,43.17,34.46,30.47,56.18,,62.23,39.0,37.01,,57.46,,,,32.91,32.91,,32.91,32.91,32.91,32.91,32.91,34.46,34.46,,,,,26.8,36.8,36.8,34.46,34.46,36.8,57.73,43.17,36.99,44.38,34.46,34.46,34.46,34.46,39.0,37.01,,,,,,
2019-10-26 13:00:00+02:00,,30.84,,15.5,30.08,26.74,,28.07,,1.37,31.8,34.52,34.52,43.76,34.52,24.13,50.89,,58.88,39.0,30.98,,48.44,,,,30.84,30.84,,30.84,30.84,30.84,30.84,30.84,34.52,34.52,,,,,31.8,35.95,35.95,34.52,34.52,35.95,56.24,43.76,30.96,39.07,34.52,34.52,34.52,34.52,39.0,28.07,,,,,,
2019-10-26 14:00:00+02:00,,31.13,,19.3,32.97,24.02,,27.64,,3.96,31.8,34.59,34.59,42.89,34.59,15.95,40.92,,49.7,31.13,30.98,,38.95,,,,31.13,31.13,,31.13,31.13,31.13,31.13,31.13,34.59,34.59,,,,,31.8,36.55,36.55,34.59,34.59,36.55,55.02,42.89,30.96,37.88,34.59,34.59,34.59,34.59,31.13,27.64,,,,,,
2019-10-26 15:00:00+02:00,,30.07,,22.58,38.52,23.28,,23.94,,19.73,27.0,34.73,34.73,39.85,34.73,22.32,33.95,,52.16,39.0,39.57,,32.31,,,,32.88,32.88,,32.88,32.88,32.88,32.88,32.88,34.73,34.73,,,,,27.0,36.17,36.17,34.73,34.73,36.17,55.06,39.85,39.54,42.02,34.73,34.73,34.73,34.73,39.0,23.94,,,,,,
2019-10-26 16:00:00+02:00,,34.77,,26.14,53.2,26.96,,25.3,,24.17,30.54,35.71,35.71,39.26,35.71,25.91,31.53,,57.21,40.0,53.03,,32.24,,,,36.5,36.5,,36.5,36.5,36.5,56.0,36.5,35.71,35.71,,,,,30.54,35.98,35.98,35.71,35.71,35.98,55.14,39.26,53.0,51.0,35.71,35.71,35.71,35.71,40.0,25.3,,,,,,
2019-10-26 17:00:00+02:00,,33.06,,30.86,56.78,30.13,,31.1,,28.01,37.02,37.02,37.02,42.3,37.02,30.02,37.4,,69.78,48.87,74.93,,36.45,,,,40.08,43.69,,40.08,43.69,43.69,43.69,43.69,37.02,37.02,,,,,36.22,37.45,37.45,37.02,37.02,37.45,52.92,42.3,74.88,66.07,37.02,37.02,37.02,37.02,48.87,31.1,,,,,,
2019-10-26 18:00:00+02:00,,36.95,,37.02,56.8,33.04,,37.78,,36.55,37.97,37.97,38.08,46.44,38.08,36.87,49.07,,78.19,62.75,94.89,,47.84,,,,52.47,67.65,,52.47,67.65,67.65,72.31,67.65,38.08,38.08,,,,,37.97,38.48,38.48,37.97,37.97,38.48,56.12,46.44,94.83,79.94,37.97,37.97,37.97,37.97,62.75,37.78,,,,,,
2019-10-26 19:00:00+02:00,,37.37,,37.37,56.8,36.31,,38.0,,37.37,37.37,37.37,37.37,55.73,37.37,37.37,57.84,,75.44,68.05,95.92,,59.14,,,,63.08,73.84,,60.0,73.84,73.84,73.84,73.84,37.37,37.37,,,,,37.37,38.47,38.47,37.37,37.37,38.47,55.11,55.73,95.86,79.21,37.37,37.37,37.37,37.37,68.05,38.0,,,,,,
2019-10-26 20:00:00+02:00,,33.35,,30.12,56.79,33.94,,33.82,,27.18,35.77,35.77,35.77,59.82,35.77,29.37,46.22,,70.56,57.17,71.33,,47.26,,,,55.23,73.65,,55.23,73.65,73.65,73.65,73.65,35.77,35.77,,,,,35.77,37.9,37.9,35.77,35.77,37.9,50.93,59.82,71.28,70.08,35.77,35.77,35.77,35.77,57.17,33.82,,,,,,
2019-10-26 21:00:00+02:00,,31.53,,28.14,56.75,29.07,,26.0,,23.17,35.05,35.05,35.05,58.97,35.05,26.76,38.08,,59.15,43.9,59.09,,39.2,,,,43.0,61.26,,43.0,61.26,61.26,61.26,61.26,35.05,35.05,,,,,35.05,37.33,37.33,35.05,35.05,37.33,48.81,58.97,59.06,59.1,35.05,35.05,35.05,35.05,43.9,26.0,,,,,,
2019-10-26 22:00:00+02:00,,36.01,,28.49,38.04,30.04,,25.56,,26.12,31.82,33.96,33.96,55.06,33.96,27.99,32.86,,43.8,38.0,39.1,,34.41,,,,38.0,40.74,,38.0,40.74,40.74,40.74,40.74,33.96,33.96,,,,,31.82,36.88,36.88,33.96,33.96,36.88,51.16,55.06,39.07,45.21,33.96,33.96,33.96,33.96,38.0,25.56,,,,,,
2019-10-26 23:00:00+02:00,,33.08,,26.92,36.08,27.85,,24.13,,12.38,26.81,26.81,32.72,51.98,32.72,27.0,27.7,,59.15,37.69,35.64,,29.0,,,,37.69,37.91,,37.69,37.91,37.91,37.91,37.91,32.72,32.72,,,,,26.81,36.85,36.85,32.72,32.72,36.85,45.99,51.98,35.62,39.61,32.72,32.72,32.72,32.72,37.69,24.13,,,,,,
2019-10-27 00:00:00+02:00,,34.06,,20.61,28.06,28.78,,10.0,,0.03,32.21,32.21,32.21,49.0,32.21,29.62,38.19,,38.13,37.59,40.52,,,,,,37.59,41.54,,37.59,41.54,41.54,41.54,41.54,32.21,32.21,,,,,32.21,37.23,37.23,32.21,32.21,37.23,47.31,49.0,40.52,43.92,32.21,32.21,32.21,32.21,37.59,10.0,,,,,,
2019-10-27 01:00:00+02:00,,32.01,,26.3,22.55,23.01,,18.71,,-34.57,27.11,27.11,31.68,43.95,31.68,27.3,27.93,,29.81,36.64,37.32,,,,,,36.64,36.64,,36.64,36.64,36.64,36.64,36.64,31.68,31.68,,,,,27.11,37.12,37.12,31.68,31.68,37.12,33.7,43.95,37.33,35.96,31.68,31.68,31.68,31.68,36.64,18.71,,,,,,
2019-10-27 02:00:00+02:00,,31.07,,14.25,22.53,16.06,,19.36,,-29.97,9.04,9.04,31.46,42.81,31.46,21.13,25.76,,30.0,35.0,22.0,,,,,,35.0,36.07,,35.0,36.07,36.07,36.07,36.07,31.46,31.46,,,,,25.0,37.11,37.11,31.46,31.46,37.11,31.72,42.81,22.0,18.97,31.46,31.46,31.46,31.46,35.0,19.36,,,,,,
2019-10-27 02:00:00+01:00,,31.05,,25.81,22.54,16.03,,19.38,,-9.97,0.05,0.05,31.49,42.95,31.49,11.58,26.48,,30.0,34.53,21.02,,,,,,34.53,36.06,,34.53,36.06,36.06,36.06,36.06,31.49,31.49,,,,,25.7,37.11,37.11,31.49,31.49,37.11,31.75,42.95,21.03,18.96,31.49,31.49,31.49,31.49,34.53,19.38,,,,,,
2019-10-27 03:00:00+01:00,,31.04,,22.76,22.53,15.51,,17.21,,0.12,0.12,0.12,31.12,41.78,31.12,14.03,22.16,,30.0,33.02,17.59,,,,,,33.02,36.05,,33.02,36.05,36.05,36.05,36.05,31.12,31.12,,,,,22.86,37.08,37.08,31.36,31.36,37.08,31.38,41.78,17.59,14.05,31.12,31.12,31.12,31.12,33.02,17.21,,,,,,
2019-10-27 04:00:00+01:00,,31.03,,16.41,22.54,13.88,,14.35,,5.5,5.5,5.5,31.66,39.99,31.66,12.9,15.97,,59.88,33.02,18.23,,,,,,33.02,36.07,,33.02,36.07,36.07,36.07,36.07,31.66,31.66,,,,,16.47,37.0,37.0,31.66,31.66,37.0,31.93,39.99,18.23,12.9,31.66,31.66,31.66,31.66,33.02,14.35,,,,,,
2019-10-27 05:00:00+01:00,,18.06,,19.24,22.54,16.24,,9.0,,17.28,17.28,17.28,32.94,39.98,32.94,18.37,18.8,,70.68,33.03,21.02,,,,,,33.03,36.07,,33.03,36.07,36.07,36.07,36.07,32.94,32.94,,,,,19.39,37.09,37.09,32.94,32.94,37.09,33.22,39.98,21.03,14.06,32.94,32.94,32.94,32.94,33.03,9.0,,,,,,
2019-10-27 06:00:00+01:00,,31.04,,21.04,22.54,23.0,,14.19,,20.54,20.54,33.83,33.83,41.86,33.83,21.04,21.53,,84.43,36.11,29.73,,,,,,36.11,36.16,,36.11,36.16,36.16,36.16,36.16,33.83,33.83,,,,,21.04,36.96,36.96,33.83,33.83,36.96,34.12,41.86,29.73,37.25,33.83,33.83,33.83,33.83,36.11,14.19,,,,,,
2019-10-27 07:00:00+01:00,,31.03,,26.7,22.53,27.74,,18.18,,25.09,25.09,34.67,34.67,43.19,34.67,26.26,26.88,,83.75,35.1,34.05,,,,,,35.1,36.07,,35.1,36.07,36.07,36.07,36.07,34.67,34.67,,,,,26.7,35.43,35.43,34.67,34.67,35.43,43.7,43.19,34.05,43.96,34.67,34.67,34.67,34.67,35.1,18.18,,,,,,
2019-10-27 08:00:00+01:00,,31.02,,29.0,22.51,29.41,,22.0,,28.85,28.85,35.24,35.24,42.67,35.24,29.04,29.72,,77.74,38.0,34.06,,,,,,35.0,35.0,,35.0,35.0,35.0,50.0,35.0,35.24,35.24,,,,,28.98,35.97,35.97,35.24,35.24,35.97,49.14,42.67,34.06,43.94,35.24,35.24,35.24,35.24,38.0,22.0,,,,,,
2019-10-27 09:00:00+01:00,,31.03,,30.56,22.51,28.16,,27.45,,28.91,28.91,36.1,36.1,43.01,36.1,30.11,34.73,,66.0,35.24,36.04,,,,,,35.24,35.24,,35.24,35.24,35.24,50.0,35.24,36.1,36.1,,,,,33.7,36.59,36.59,36.1,36.1,36.59,47.41,43.01,36.04,43.97,36.1,36.1,36.1,36.1,35.24,36.04,,,,,,
2019-10-27 10:00:00+01:00,,30.14,,38.37,22.52,28.62,,27.83,,27.95,27.95,36.7,36.7,43.21,36.7,33.68,39.38,,26.4,34.99,36.12,,,,,,34.99,34.99,,34.99,34.99,34.99,34.99,34.99,36.7,36.7,,,,,36.07,37.26,37.26,36.7,36.7,37.26,47.4,43.21,36.12,44.0,36.7,36.7,36.7,36.7,34.99,36.12,,,,,,
2019-10-27 11:00:00+01:00,,30.71,,34.42,22.51,29.77,,33.0,,30.0,30.0,36.66,36.66,43.2,36.66,32.34,40.14,,18.77,39.0,33.0,,,,,,33.83,33.83,,33.83,33.83,33.83,33.83,33.83,36.66,36.66,,,,,30.0,37.1,37.1,36.66,36.66,37.1,49.34,43.2,33.0,43.98,36.66,36.66,36.66,36.66,39.0,33.0,,,,,,
2019-10-27 12:00:00+01:00,,30.45,,40.49,22.52,29.04,,31.5,,28.44,28.44,36.2,36.2,43.21,36.2,35.17,41.56,,2.0,39.0,33.05,,,,,,35.19,35.19,,35.19,35.19,35.19,35.19,35.19,36.2,36.2,,,,,28.44,36.93,36.93,36.2,36.2,36.93,49.6,43.21,33.05,43.97,36.2,36.2,36.2,36.2,39.0,31.5,,,,,,
2019-10-27 13:00:00+01:00,,29.42,,35.43,22.54,27.83,,28.09,,28.0,28.0,36.04,36.04,45.57,36.04,32.61,38.21,,0.0,34.55,29.74,,,,,,34.55,34.55,,34.55,34.55,34.55,34.55,34.55,36.04,36.04,,,,,28.0,36.47,36.47,36.04,36.04,36.47,47.59,45.57,29.74,43.93,36.04,36.04,36.04,36.04,34.55,28.09,,,,,,
2019-10-27 14:00:00+01:00,,28.0,,28.0,38.32,25.18,,26.0,,28.0,28.0,36.37,36.37,46.12,36.37,28.0,37.05,,2.0,35.87,30.02,,,,,,35.87,35.87,,35.87,35.87,35.87,35.87,35.87,36.37,36.37,,,,,28.0,36.37,36.37,36.37,36.37,36.37,47.44,46.12,30.02,33.49,36.37,36.37,36.37,36.37,35.87,26.0,,,,,,
2019-10-27 15:00:00+01:00,,31.1,,31.1,51.18,27.38,,30.7,,31.1,31.1,37.14,37.14,44.08,37.14,31.1,41.69,,58.56,39.51,34.07,,,,,,39.51,39.51,,39.51,39.51,39.51,53.69,39.51,37.14,37.14,,,,,31.1,37.14,37.14,37.14,37.14,37.14,47.36,44.08,34.07,29.09,37.14,37.14,37.14,37.14,39.51,34.07,,,,,,
2019-10-27 16:00:00+01:00,,36.3,,36.3,56.28,31.36,,34.01,,36.3,36.3,38.49,42.02,44.07,42.02,36.3,41.22,,70.43,43.5,44.93,,,,,,42.23,42.23,,42.23,42.23,42.23,72.29,42.23,42.02,42.02,,,,,36.3,38.49,38.49,38.49,38.49,38.49,47.43,44.07,44.93,41.35,38.49,38.49,38.49,38.49,43.5,44.93,,,,,,
2019-10-27 17:00:00+01:00,,44.44,,44.44,65.5,40.39,,41.0,,44.44,44.44,44.44,44.44,46.77,44.44,44.44,48.5,,78.23,53.1,73.38,,,,,,44.44,61.26,,44.44,61.26,61.26,70.01,61.26,44.44,44.44,,,,,44.44,40.52,40.52,40.52,40.52,40.52,49.67,46.77,73.38,59.91,40.52,40.52,40.52,44.44,53.1,59.75,,,,,,
2019-10-27 18:00:00+01:00,,46.87,,53.34,56.27,44.82,,44.0,,45.9,42.53,44.73,44.73,50.15,44.73,49.34,75.73,,70.68,57.83,70.09,,,,,,57.83,71.01,,57.83,71.01,71.01,71.01,71.01,44.73,44.73,,,,,42.53,41.06,41.06,41.06,41.06,41.06,49.74,50.15,70.09,62.92,41.06,41.06,41.06,44.73,57.83,70.09,,,,,,
2019-10-27 19:00:00+01:00,,44.79,,41.32,56.27,44.89,,44.0,,41.32,41.32,40.33,40.33,55.52,40.33,55.52,70.65,,70.52,58.0,60.66,,,,,,58.0,73.65,,58.0,73.65,73.65,73.65,73.65,40.33,40.33,,,,,41.32,40.33,40.33,40.33,40.33,40.33,48.42,55.52,60.67,72.32,40.33,40.33,40.33,40.33,58.0,60.66,,,,,,
2019-10-27 20:00:00+01:00,,37.75,,48.77,56.25,39.66,,41.0,,36.06,36.06,38.52,38.52,56.85,38.52,42.24,52.12,,70.51,54.87,54.48,,,,,,54.87,73.65,,54.87,73.65,73.65,74.29,73.65,38.52,38.52,,,,,36.06,38.52,38.52,38.52,38.52,38.52,47.36,56.85,54.48,62.37,38.52,38.52,38.52,38.52,54.87,41.0,,,,,,
2019-10-27 21:00:00+01:00,,34.06,,34.06,51.15,35.85,,35.9,,34.06,34.06,37.58,37.58,56.51,37.58,34.06,37.03,,66.67,43.6,41.72,,,,,,43.6,61.26,,43.6,61.26,61.26,72.29,61.26,37.58,37.58,,,,,34.06,37.58,37.58,37.58,37.58,37.58,46.19,56.51,41.73,45.07,37.58,37.58,37.58,37.58,43.6,35.9,,,,,,
2019-10-27 22:00:00+01:00,,32.14,,29.85,49.03,35.81,,34.79,,29.85,29.85,29.85,36.55,53.19,36.55,40.0,40.96,,59.15,40.0,34.82,,,,,,40.0,47.69,,40.0,47.69,47.69,58.69,47.69,36.55,36.55,,,,,29.85,37.26,37.26,36.55,36.55,37.26,44.33,53.19,34.82,43.97,36.55,36.55,36.55,36.55,40.0,34.79,,,,,,
2019-10-27 23:00:00+01:00,,27.92,,34.5,42.0,32.9,,24.09,,25.82,25.82,25.82,35.03,53.0,35.03,34.5,33.71,,53.5,37.01,25.45,,,,,,37.01,39.05,,37.01,39.05,39.05,39.05,39.05,35.03,35.03,,,,,25.82,36.95,36.95,35.03,35.03,36.95,44.39,53.0,25.45,37.31,35.03,35.03,35.03,35.03,37.01,24.09,,,,,,
2019-10-28 00:00:00+01:00,,28.08,,32.32,40.62,32.97,,26.1,,26.4,26.4,26.4,35.48,52.98,35.48,32.42,33.2,,52.46,34.8,32.25,,33.99,,,,34.8,40.39,,34.8,40.39,40.39,40.39,40.39,35.48,35.48,,,,,26.4,37.15,37.15,35.48,35.48,37.15,47.92,52.98,32.25,38.09,35.48,35.48,35.48,35.48,34.8,26.1,,,,,,
2019-10-28 01:00:00+01:00,,27.79,,31.38,32.39,30.72,,25.96,,26.6,26.6,35.36,35.36,51.88,35.36,31.38,35.79,,36.91,31.38,27.89,,36.65,,,,31.38,37.21,,31.38,37.21,37.21,37.21,37.21,35.36,35.36,,,,,26.6,36.26,36.26,35.36,35.36,36.26,46.47,51.88,27.89,34.47,35.36,35.36,35.36,35.36,31.38,25.96,,,,,,
2019-10-28 02:00:00+01:00,,27.69,,30.53,38.03,30.06,,25.26,,26.9,26.9,35.5,35.5,48.39,35.5,30.0,32.23,,43.42,30.0,25.26,,33.0,,,,30.0,36.86,,30.0,36.86,36.86,36.86,36.86,35.5,35.5,,,,,26.9,35.92,35.92,35.5,35.5,35.92,46.09,48.39,25.26,30.02,35.5,35.5,35.5,35.5,30.0,25.26,,,,,,
2019-10-28 03:00:00+01:00,,27.64,,27.64,40.58,30.01,,25.58,,27.64,27.64,35.74,35.74,46.05,35.74,27.64,29.31,,42.35,27.64,25.58,,30.0,,,,27.64,36.79,,27.64,36.79,36.79,36.79,36.79,35.74,35.74,,,,,27.64,35.92,35.92,35.74,35.74,35.92,45.52,46.05,25.58,29.22,35.74,35.74,35.74,35.74,27.64,25.58,,,,,,
2019-10-28 04:00:00+01:00,,27.93,,27.93,42.99,30.08,,24.81,,27.93,27.93,36.96,36.96,45.57,36.96,27.93,28.8,,43.42,27.93,27.81,,28.11,,,,27.93,36.78,,27.93,36.78,36.78,36.78,36.78,36.96,36.96,,,,,27.93,36.96,36.96,36.96,36.96,36.96,46.73,45.57,27.82,36.57,36.96,36.96,36.96,36.96,27.93,24.81,,,,,,
2019-10-28 05:00:00+01:00,,34.03,,31.29,50.18,33.29,,26.8,,30.97,30.97,38.45,46.92,49.14,46.92,31.45,32.2,,43.05,34.75,40.48,,31.43,,,,34.75,38.79,,34.75,38.79,38.79,38.79,38.79,38.45,46.92,,,,,30.97,38.45,38.45,38.45,38.45,38.45,43.72,49.14,47.31,43.94,38.45,38.45,38.45,38.45,34.75,26.8,,,,,,
2019-10-28 06:00:00+01:00,,40.37,,41.17,55.06,46.19,,36.01,,40.0,40.0,40.0,54.99,51.88,54.99,41.44,40.5,,57.88,45.01,75.21,,38.59,,,,45.01,45.01,,45.01,45.01,45.01,45.01,45.01,54.99,54.99,,,,,39.27,40.0,40.0,40.0,40.0,40.0,55.49,51.88,75.21,65.78,40.0,40.0,40.0,40.0,45.01,36.01,,,,,,
2019-10-28 07:00:00+01:00,,49.83,,53.34,69.05,51.12,,45.59,,48.47,48.47,48.47,58.16,53.34,58.16,53.34,52.13,,57.88,68.01,67.07,,49.67,,,,53.34,53.34,,53.34,53.34,53.34,53.34,53.34,58.16,58.16,,,,,48.47,40.99,40.99,40.99,40.99,40.99,58.69,53.34,67.07,82.49,40.99,40.99,40.99,48.47,68.01,45.59,,,,,,
2019-10-28 08:00:00+01:00,,48.57,,55.49,69.05,52.33,,48.01,,45.93,45.93,45.93,59.82,55.49,59.82,55.49,54.22,,57.88,73.09,72.67,,51.67,,,,55.49,55.49,,55.49,55.49,55.49,55.49,55.49,59.82,59.82,,,,,45.93,42.37,42.37,42.37,42.37,42.37,60.36,55.49,72.68,72.08,42.37,42.37,42.37,45.93,73.09,48.01,,,,,,
2019-10-28 09:00:00+01:00,,48.92,,55.66,63.94,51.13,,44.2,,44.01,44.01,44.01,64.4,55.66,64.4,55.66,54.39,,57.88,68.09,62.49,,53.09,,,,55.66,55.66,,55.66,55.66,55.66,55.66,55.66,64.4,64.4,,,,,44.01,42.14,42.14,42.14,42.14,42.14,64.99,55.66,62.49,67.3,42.14,42.14,42.14,44.01,68.09,44.2,,,,,,
2019-10-28 10:00:00+01:00,,48.96,,54.0,63.91,49.91,,44.0,,43.06,43.06,43.06,63.42,54.8,63.42,54.8,55.46,,58.48,68.03,60.02,,56.78,,,,54.62,54.62,,54.62,54.62,54.62,54.62,54.62,63.42,63.42,,,,,43.06,41.68,41.68,41.68,41.68,41.68,64.0,54.8,60.02,61.91,41.68,41.68,41.68,43.06,68.03,44.0,,,,,,
2019-10-28 11:00:00+01:00,,49.93,,48.62,59.85,49.95,,44.0,,42.33,42.33,42.33,64.4,53.19,64.4,51.1,49.93,,56.1,73.0,62.9,,51.12,,,,51.0,51.0,,51.0,51.0,51.0,51.0,51.0,64.4,64.4,,,,,42.33,40.97,40.97,40.97,40.97,40.97,64.99,53.19,62.91,60.4,40.97,40.97,40.97,42.33,73.0,44.0,,,,,,
2019-10-28 12:00:00+01:00,,48.0,,49.74,63.95,48.23,,42.01,,40.58,40.58,40.58,59.78,54.11,57.47,52.28,51.08,,56.1,79.9,70.52,,52.3,,,,48.0,48.0,,48.0,48.0,48.0,48.0,48.0,59.78,59.78,,,,,40.58,40.58,40.58,40.58,40.58,40.58,60.32,54.11,70.52,62.95,40.58,40.58,40.58,40.58,79.9,42.01,,,,,,
2019-10-28 13:00:00+01:00,,48.95,,48.43,63.96,48.72,,42.24,,43.28,43.28,43.28,54.49,53.19,54.49,50.9,49.74,,53.5,79.9,71.95,,50.92,,,,50.9,50.9,,50.9,50.9,50.9,50.9,50.9,54.49,54.49,,,,,42.27,40.92,40.92,40.92,40.92,40.92,65.6,53.19,71.96,64.74,40.92,40.92,40.92,43.28,79.9,42.24,,,,,,
2019-10-28 14:00:00+01:00,,49.91,,50.43,69.05,49.51,,43.6,,48.83,48.83,48.83,52.39,53.0,51.53,53.0,51.79,,58.88,73.0,77.07,,50.55,,,,53.0,53.0,,53.0,53.0,53.0,53.0,53.0,52.39,52.39,,,,,48.83,40.89,40.89,40.89,40.89,40.89,61.14,53.0,77.08,67.04,40.89,40.89,40.89,48.83,73.0,43.6,,,,,,
2019-10-28 15:00:00+01:00,,51.92,,50.76,69.07,51.06,,45.01,,51.42,51.42,51.42,59.73,53.34,59.73,53.34,52.13,,75.37,68.07,71.48,,49.67,,,,58.0,58.0,,58.0,58.0,58.0,58.0,58.0,59.73,59.73,,,,,50.55,40.89,40.89,40.89,40.89,40.89,60.28,53.34,71.49,73.03,40.89,40.89,40.89,51.42,68.07,45.01,,,,,,
2019-10-28 16:00:00+01:00,,54.99,,54.99,96.48,52.83,,48.0,,54.99,54.99,54.99,68.32,54.99,68.32,54.99,56.31,,78.15,73.09,95.38,,53.66,,,,61.26,61.26,,61.26,61.26,61.26,61.26,61.26,68.32,68.32,,,,,54.99,41.07,41.07,41.07,41.07,41.07,68.95,54.99,95.39,82.0,41.07,41.07,41.07,54.99,73.09,48.0,,,,,,
2019-10-28 17:00:00+01:00,,61.23,,61.23,115.02,57.1,,53.0,,61.23,61.23,61.23,65.7,60.16,65.7,61.23,63.14,,78.21,100.06,114.04,,60.17,,,,61.26,61.26,,61.26,61.26,61.26,71.0,61.26,65.7,65.7,,,,,61.23,41.59,41.59,40.68,40.68,41.59,70.09,58.94,114.05,96.18,40.68,40.68,48.73,61.23,100.06,53.0,,,,,,
2019-10-28 18:00:00+01:00,,63.62,,63.62,110.01,61.42,,57.26,,63.62,63.62,63.62,63.62,61.23,63.62,63.62,82.82,,70.48,130.01,103.93,,78.92,,,,63.62,63.62,,63.62,63.62,63.62,75.18,63.62,63.62,63.62,,,,,63.62,41.51,41.51,40.04,40.04,41.51,67.19,58.94,103.94,95.49,40.04,40.04,41.51,63.62,130.01,57.26,,,,,,
2019-10-28 19:00:00+01:00,,58.4,,57.39,99.99,60.49,,55.94,,57.39,57.39,57.39,56.02,61.5,48.92,61.5,74.36,,78.22,100.03,98.93,,71.57,,,,61.5,61.5,,61.5,61.5,61.5,75.18,61.5,56.02,56.02,,,,,57.39,40.87,40.87,39.75,39.75,40.87,67.21,60.25,98.94,88.92,39.75,39.75,40.87,56.02,100.03,55.94,,,,,,
2019-10-28 20:00:00+01:00,,51.03,,57.83,70.08,52.5,,48.0,,48.69,48.69,48.69,47.53,59.49,43.99,58.0,59.39,,75.38,80.04,78.55,,56.59,,,,58.0,59.24,,58.0,59.24,59.24,75.18,59.24,47.53,47.53,,,,,48.69,40.5,40.5,39.76,39.76,40.5,68.21,59.49,78.56,74.52,39.76,39.76,40.5,47.53,80.04,48.0,,,,,,
2019-10-28 21:00:00+01:00,,42.59,,45.31,63.96,48.52,,40.43,,41.62,41.62,41.62,41.89,57.79,41.89,45.44,46.53,,70.42,68.05,70.05,,44.34,,,,50.9,50.9,,50.9,50.9,50.9,71.0,50.9,41.89,41.89,,,,,41.52,40.2,40.2,40.2,40.2,40.2,58.65,57.79,70.06,67.95,40.2,40.2,40.2,40.62,68.05,40.43,,,,,,
2019-10-28 22:00:00+01:00,,40.47,,40.0,63.94,46.2,,40.4,,40.23,40.23,39.33,39.33,54.81,39.33,41.25,41.08,,59.15,73.0,63.12,,39.15,,,,46.42,46.42,,46.42,46.42,46.42,46.42,46.42,39.33,39.33,,,,,39.66,39.33,39.33,39.33,39.33,39.33,58.8,54.81,63.13,53.06,39.33,39.33,39.33,39.33,73.0,40.4,,,,,,
2019-10-28 23:00:00+01:00,,36.86,,36.0,50.16,41.99,,36.01,,36.55,36.55,37.45,37.45,50.48,37.45,37.84,36.98,,52.54,43.48,42.91,,34.0,,,,42.3,42.3,,42.3,42.3,42.3,42.3,42.3,37.45,37.45,,,,,35.85,37.45,37.45,37.45,37.45,37.45,50.64,50.48,42.91,45.03,37.45,37.45,37.45,37.45,43.48,36.01,,,,,,
2019-10-29 00:00:00+01:00,,37.05,,36.92,41.07,40.94,,37.0,,37.02,37.02,37.02,37.02,53.1,37.02,37.18,38.06,,41.5,40.82,42.93,,28.0,,,,40.72,40.87,,40.72,40.87,40.87,40.87,40.87,37.02,37.02,,,,,36.92,37.02,37.02,37.02,37.02,37.02,46.57,53.1,42.94,42.33,37.02,37.02,37.02,37.02,40.82,37.0,,,,,,
2019-10-29 01:00:00+01:00,,36.63,,36.5,40.9,38.0,,35.4,,36.6,36.6,36.6,36.6,51.0,36.6,36.76,37.64,,37.69,40.0,39.42,,28.0,,,,40.0,40.0,,40.0,40.0,40.0,40.0,40.0,36.6,36.6,,,,,36.5,36.6,36.6,36.6,36.6,36.6,46.97,51.0,39.42,39.22,36.6,36.6,36.6,36.6,40.0,35.4,,,,,,
2019-10-29 02:00:00+01:00,,35.83,,35.83,38.06,36.92,,34.97,,35.83,35.83,35.83,35.83,48.3,35.83,35.83,36.95,,36.08,35.83,37.45,,25.39,,,,35.83,35.83,,35.83,35.83,35.83,35.83,35.83,35.83,35.83,,,,,35.83,35.83,35.83,35.83,35.83,35.83,45.82,48.3,37.46,35.8,35.83,35.83,35.83,35.83,35.83,34.97,,,,,,
2019-10-29 03:00:00+01:00,,35.23,,35.16,40.93,35.99,,34.48,,35.22,35.22,35.22,35.22,47.28,35.22,35.26,36.11,,36.13,36.14,37.68,,23.58,,,,36.14,36.14,,36.14,36.14,36.14,36.14,36.14,35.22,35.22,,,,,35.2,35.22,35.22,35.22,35.22,35.22,46.67,47.28,37.68,35.33,35.22,35.22,35.22,35.22,36.14,34.48,,,,,,
2019-10-29 04:00:00+01:00,,35.17,,35.17,42.55,36.7,,34.72,,35.17,35.17,36.06,36.06,47.05,36.06,35.17,36.01,,43.5,37.55,39.04,,19.01,,,,37.55,37.55,,37.55,37.55,37.55,37.55,37.55,36.06,36.06,,,,,35.17,36.06,36.06,36.06,36.06,36.06,46.97,47.05,39.04,37.77,36.06,36.06,36.06,36.06,37.55,34.72,,,,,,
2019-10-29 05:00:00+01:00,,36.0,,36.0,46.04,38.95,,37.32,,36.0,36.0,38.15,46.11,49.03,40.03,36.0,36.87,,52.53,43.96,43.02,,19.01,,,,40.6,40.6,,40.6,40.6,40.6,40.6,40.6,46.11,46.11,,,,,36.0,38.15,38.15,38.15,38.15,38.15,48.6,49.03,43.02,44.06,38.15,38.15,38.15,38.15,43.96,37.32,,,,,,
2019-10-29 06:00:00+01:00,,43.26,,43.26,50.17,48.7,,46.22,,43.26,43.26,43.26,51.34,49.35,50.39,43.26,42.28,,66.94,60.87,58.87,,20.8,,,,45.03,45.03,,45.03,45.03,45.03,45.03,45.03,51.34,51.34,,,,,43.26,40.22,40.22,39.75,39.75,40.22,54.58,49.35,58.87,69.72,39.75,39.75,40.22,43.26,60.87,46.22,,,,,,
2019-10-29 07:00:00+01:00,,53.5,,53.5,66.47,57.47,,55.95,,53.5,53.5,53.5,58.67,54.54,48.69,53.5,52.29,,75.37,68.02,68.87,,28.41,,,,53.5,53.5,,53.5,53.5,53.5,53.5,53.5,58.67,58.67,,,,,53.5,40.94,40.94,40.41,40.41,40.94,58.87,54.54,68.86,77.01,40.41,40.41,40.94,53.5,68.02,55.95,,,,,,
2019-10-29 08:00:00+01:00,,55.81,,55.81,66.49,60.58,,58.41,,55.81,55.81,55.81,66.46,55.81,49.61,55.81,54.17,,66.94,70.1,75.99,,50.86,,,,58.0,58.0,,58.0,58.0,58.0,58.0,58.0,66.46,66.46,,,,,55.81,41.53,41.53,40.59,40.59,41.53,66.7,55.81,75.99,78.26,40.59,40.59,41.53,55.81,70.1,58.41,,,,,,
2019-10-29 09:00:00+01:00,,55.01,,55.01,66.5,57.89,,56.61,,55.01,55.01,55.01,66.47,55.07,49.98,55.01,53.78,,59.9,65.68,69.17,,51.23,,,,55.05,55.05,,55.05,55.05,55.05,55.05,55.05,66.47,66.47,,,,,55.01,41.38,41.38,40.86,40.86,41.38,66.7,55.07,69.17,74.93,40.86,40.86,41.38,55.01,65.68,56.61,,,,,,
2019-10-29 10:00:00+01:00,,51.92,,50.37,65.56,54.29,,52.58,,51.56,51.56,51.56,65.05,54.11,50.25,52.94,51.75,,59.15,52.94,73.0,,49.3,,,,52.94,52.94,,52.94,52.94,52.94,52.94,52.94,65.05,65.05,,,,,50.37,41.32,41.32,41.32,41.32,41.32,66.7,54.11,73.0,75.0,41.32,41.32,41.32,51.56,52.94,52.58,,,,,,
2019-10-29 11:00:00+01:00,,51.81,,50.27,66.47,54.08,,50.28,,51.46,51.46,51.46,51.46,53.99,49.73,52.83,51.65,,66.43,52.94,74.01,,49.2,,,,48.08,48.08,,52.83,48.08,48.08,48.08,48.08,51.46,51.46,,,,,50.27,41.03,41.03,41.03,41.03,41.03,67.07,53.99,74.0,75.02,41.03,41.03,41.03,51.46,52.94,50.28,,,,,,
2019-10-29 12:00:00+01:00,,49.77,,45.12,69.54,51.69,,48.01,,47.32,47.32,47.32,56.02,54.21,47.68,49.77,46.37,,66.94,50.03,73.38,,44.16,,,,49.77,48.08,,49.77,48.08,48.08,48.08,48.08,56.02,56.02,,,,,45.1,41.03,41.03,41.03,41.03,41.03,66.72,54.21,73.37,75.05,41.03,41.03,41.03,47.32,50.03,48.01,,,,,,
2019-10-29 13:00:00+01:00,,49.02,,46.64,69.55,52.25,,48.05,,47.75,47.75,47.75,54.06,53.31,46.89,49.02,47.94,,59.15,49.02,68.75,,44.94,,,,48.08,48.08,,49.02,48.08,48.08,48.08,48.08,54.06,54.06,,,,,46.64,41.03,41.03,41.03,41.03,41.03,66.73,53.31,68.74,75.06,41.03,41.03,41.03,47.75,49.02,48.05,,,,,,
2019-10-29 14:00:00+01:00,,52.3,,52.3,69.58,52.98,,49.34,,52.3,52.3,52.3,54.01,52.62,46.44,52.3,51.14,,70.33,52.3,64.6,,39.0,,,,52.3,52.3,,52.3,52.3,52.3,52.3,52.3,54.01,54.01,,,,,52.3,40.91,40.91,40.91,40.91,40.91,66.25,52.62,64.59,75.95,40.91,40.91,40.91,52.3,52.3,49.34,,,,,,
2019-10-29 15:00:00+01:00,,55.01,,55.01,77.93,55.02,,50.74,,55.01,55.01,55.01,55.01,55.01,51.86,55.01,53.8,,78.18,58.0,69.03,,40.44,,,,58.0,58.0,,58.0,58.0,58.0,58.0,58.0,55.01,55.01,,,,,55.01,40.98,40.98,40.98,40.98,40.98,61.1,55.01,69.02,79.1,40.98,40.98,40.98,55.01,58.0,50.74,,,,,,
2019-10-29 16:00:00+01:00,,57.2,,57.2,66.52,57.25,,53.8,,57.2,57.2,57.2,57.2,57.2,55.0,57.2,55.94,,84.43,67.63,71.27,,40.0,,,,59.24,59.24,,59.24,59.24,59.24,59.24,59.24,57.2,57.2,,,,,57.2,41.37,41.37,41.37,41.37,41.37,66.73,57.2,71.26,85.96,41.37,41.37,41.37,57.2,67.63,53.8,,,,,,
2019-10-29 17:00:00+01:00,,62.44,,62.44,66.48,65.45,,61.15,,62.44,62.44,62.44,62.44,60.23,62.44,62.44,64.0,,84.49,70.2,88.87,,60.11,,,,62.44,62.44,,62.44,62.44,62.44,74.87,62.44,62.44,62.44,,,,,62.44,41.44,41.44,41.44,41.44,41.44,67.12,60.23,109.86,104.95,41.44,41.44,41.44,62.44,70.2,61.15,,,,,,
2019-10-29 18:00:00+01:00,,66.18,,66.18,66.48,66.2,,63.61,,66.18,66.18,66.18,64.74,61.23,64.74,66.18,69.58,,75.45,70.2,85.89,,67.06,,,,66.18,66.18,,66.18,66.18,66.18,75.18,66.18,64.74,64.74,,,,,66.18,41.49,41.49,41.49,41.49,41.49,65.0,61.23,85.88,100.05,41.49,41.49,41.49,64.74,70.2,63.61,,,,,,
2019-10-29 19:00:00+01:00,,60.75,,60.75,66.51,60.51,,59.5,,60.75,60.75,60.75,59.18,60.75,48.99,60.75,62.71,,76.92,67.92,73.38,,61.15,,,,61.26,61.26,,61.26,61.26,61.26,75.18,61.26,59.18,59.18,,,,,60.75,41.01,41.01,41.01,41.01,41.01,61.9,60.75,73.36,95.05,41.01,41.01,41.01,59.29,67.92,59.5,,,,,,
2019-10-29 20:00:00+01:00,,53.93,,53.85,61.41,50.99,,50.26,,53.91,53.91,53.91,54.02,58.97,40.57,54.01,55.37,,75.44,65.05,62.65,,51.25,,,,54.01,54.01,,54.01,54.01,54.01,75.18,54.01,54.02,54.02,,,,,53.85,40.57,40.57,40.57,40.57,40.57,58.91,58.97,62.64,67.79,40.57,40.57,40.57,53.91,65.05,50.26,,,,,,
2019-10-29 21:00:00+01:00,,45.95,,45.76,55.92,46.14,,43.31,,45.91,45.91,45.91,45.91,58.02,42.45,46.08,47.24,,66.44,55.12,56.12,,38.96,,,,46.08,46.08,,46.08,46.08,46.08,55.48,46.08,45.91,45.91,,,,,45.76,40.52,40.52,40.52,40.52,40.52,55.6,58.02,56.11,58.82,40.52,40.52,40.52,45.91,55.12,43.31,,,,,,
2019-10-29 22:00:00+01:00,,41.25,,40.12,45.07,45.32,,40.22,,40.91,40.91,40.91,39.93,54.85,39.93,42.34,41.42,,62.01,43.19,46.14,,29.0,,,,43.19,43.19,,43.19,43.19,43.19,60.87,43.19,39.93,39.93,,,,,40.12,39.93,39.93,39.93,39.93,39.93,54.07,54.85,46.13,51.41,39.93,39.93,39.93,39.93,43.19,40.22,,,,,,
2019-10-29 23:00:00+01:00,,39.23,,36.93,44.53,41.58,,37.22,,38.62,38.62,38.62,38.62,48.68,38.62,40.97,39.39,,66.93,40.97,39.99,,24.62,,,,40.97,40.97,,40.97,40.97,40.97,40.97,40.97,38.62,38.62,,,,,37.34,38.62,38.62,38.62,38.62,38.62,49.2,48.68,39.98,42.51,38.62,38.62,38.62,38.62,40.97,37.22,,,,,,
2019-10-30 00:00:00+01:00,,38.06,,37.45,34.95,38.89,,37.8,,37.92,37.92,38.44,38.44,49.0,38.44,38.46,36.57,,61.42,38.46,39.05,,26.81,,,,38.46,38.46,,38.46,38.46,38.46,38.46,38.46,38.44,38.44,,,,,37.45,38.44,38.44,38.44,38.44,38.44,47.18,49.0,39.04,40.92,38.44,38.44,38.44,38.44,38.46,37.8,,,,,,
2019-10-30 01:00:00+01:00,,37.02,,35.14,32.09,37.26,,36.97,,36.86,37.6,37.6,37.6,47.01,37.6,36.86,35.38,,66.09,37.02,36.97,,13.3,,,,37.02,37.02,,37.02,37.02,37.02,37.02,37.02,37.6,37.6,,,,,36.39,37.6,37.6,37.6,37.6,37.6,47.1,47.01,36.97,37.48,37.6,37.6,37.6,37.6,37.02,36.97,,,,,,
2019-10-30 02:00:00+01:00,,36.14,,36.14,30.65,36.68,,36.01,,36.14,37.34,37.34,37.34,44.44,37.34,36.14,35.4,,58.7,36.14,36.01,,21.81,,,,36.14,36.14,,36.14,36.14,36.14,36.14,36.14,37.34,37.34,,,,,36.14,37.34,37.34,37.34,37.34,37.34,47.05,44.44,36.01,35.03,37.34,37.34,37.34,37.34,36.14,36.01,,,,,,
2019-10-30 03:00:00+01:00,,35.58,,35.58,30.12,36.4,,35.3,,35.58,36.98,36.98,36.98,42.18,36.98,35.58,34.84,,57.39,35.58,35.3,,5.2,,,,35.58,35.58,,35.58,35.58,35.58,35.58,35.58,36.98,36.98,,,,,35.58,36.98,36.98,36.98,36.98,36.98,46.64,42.18,35.3,34.11,36.98,36.98,36.98,36.98,35.58,35.3,,,,,,
2019-10-30 04:00:00+01:00,,36.15,,36.15,29.97,36.48,,35.7,,36.15,36.15,37.91,37.91,41.21,37.91,36.15,35.31,,57.39,36.15,35.7,,5.1,,,,36.15,36.15,,36.15,36.15,36.15,36.15,36.15,37.91,37.91,,,,,36.15,37.91,37.91,37.91,37.79,37.91,47.07,41.21,35.7,35.91,37.91,37.91,37.91,37.91,36.15,35.7,,,,,,
2019-10-30 05:00:00+01:00,,38.44,,36.24,33.57,38.35,,37.2,,38.25,38.25,39.42,51.44,43.43,51.44,38.25,35.39,,57.39,38.44,40.23,,0.0,,,,38.25,38.25,,38.25,38.25,38.25,38.25,38.25,51.44,51.44,,,,,37.72,39.42,39.42,38.38,38.38,39.42,51.73,43.43,40.23,40.87,39.42,39.42,39.42,39.42,38.44,37.2,,,,,,
2019-10-30 06:00:00+01:00,,47.44,,40.93,45.98,46.97,,46.61,,46.67,46.67,46.67,58.92,46.67,58.92,46.67,35.4,,57.39,47.44,47.1,,12.68,,,,46.67,46.67,,46.67,46.67,46.67,46.67,46.67,58.92,58.92,,,,,44.9,41.0,41.0,38.63,38.63,41.0,59.26,46.67,47.1,49.32,41.0,41.0,41.0,46.67,47.44,46.61,,,,,,
2019-10-30 07:00:00+01:00,,54.12,,54.12,59.57,54.49,,57.07,,54.12,54.12,54.12,65.08,54.12,65.08,54.12,45.02,,57.39,54.23,57.99,,26.01,,,,54.12,54.12,,54.12,54.12,54.12,54.12,54.12,65.08,65.08,,,,,54.12,42.21,42.21,41.77,41.77,42.21,65.46,54.12,57.99,60.62,42.21,42.21,42.21,54.12,54.23,57.07,,,,,,
2019-10-30 08:00:00+01:00,,57.6,,57.6,60.87,56.64,,58.58,,57.6,57.6,57.6,64.11,57.6,64.11,57.6,49.9,,57.9,57.6,62.46,,35.0,,,,57.6,57.6,,57.6,57.6,57.6,57.6,57.6,64.11,64.11,,,,,57.6,43.16,43.16,41.85,41.85,43.16,68.75,57.6,62.46,64.14,43.16,43.16,43.16,57.6,57.6,58.58,,,,,,
2019-10-30 09:00:00+01:00,,54.5,,53.92,53.93,54.55,,55.2,,54.37,54.37,54.37,65.01,54.82,65.01,54.82,52.66,,57.39,54.82,58.95,,47.48,,,,54.82,54.82,,54.82,54.82,54.82,54.82,54.82,65.01,65.01,,,,,53.92,42.54,42.54,41.02,41.02,42.54,70.66,54.82,58.95,61.06,42.54,42.54,42.54,54.37,54.82,55.2,,,,,,
2019-10-30 10:00:00+01:00,,51.67,,45.69,50.02,51.87,,50.8,,50.39,50.39,50.39,61.31,55.07,61.31,55.07,47.03,,57.04,68.09,58.44,,42.28,,,,55.07,55.07,,55.07,55.07,55.07,55.07,55.07,61.31,61.31,,,,,45.5,41.96,41.96,40.39,40.39,41.96,68.64,55.07,58.44,60.13,41.96,41.96,41.96,50.39,68.09,50.8,,,,,,
2019-10-30 11:00:00+01:00,,50.74,,42.48,50.17,51.77,,49.0,,48.92,48.92,48.92,60.78,55.07,60.78,55.07,43.73,,57.04,73.0,58.86,,41.57,,,,55.07,55.07,,55.07,55.07,55.07,55.07,55.07,60.78,60.78,,,,,42.48,41.12,41.12,40.35,40.35,41.12,70.59,55.07,58.86,56.52,41.12,41.12,41.12,48.92,73.0,49.0,,,,,,
2019-10-30 12:00:00+01:00,,49.99,,39.1,60.85,51.1,,47.08,,47.31,47.31,47.31,60.79,55.0,60.79,55.0,38.19,,57.04,78.03,60.04,,36.3,,,,55.0,55.0,,55.0,55.0,55.0,55.0,55.0,60.79,60.79,,,,,39.21,40.5,40.5,40.5,40.5,40.5,70.81,55.0,60.04,57.58,40.5,40.5,40.5,47.31,78.03,47.08,,,,,,
2019-10-30 13:00:00+01:00,,49.98,,39.04,63.92,51.05,,47.5,,46.37,46.37,46.37,61.36,53.0,61.36,53.0,38.13,,57.04,74.0,65.01,,36.24,,,,53.0,53.0,,53.0,53.0,53.0,53.0,53.0,61.36,61.36,,,,,39.2,40.49,40.49,40.49,40.49,40.49,70.83,53.0,65.01,59.12,40.49,40.49,40.49,46.37,74.0,47.5,,,,,,
2019-10-30 14:00:00+01:00,,52.64,,40.12,63.93,51.93,,50.81,,49.95,49.95,49.95,59.95,53.68,59.95,53.68,40.75,,57.39,68.02,62.38,,38.73,,,,53.68,53.68,,53.68,53.68,53.68,53.68,53.68,59.95,59.95,,,,,41.88,40.54,40.54,40.3,40.3,40.54,69.89,53.68,62.38,60.08,40.3,40.3,40.54,49.95,68.02,50.81,,,,,,
2019-10-30 15:00:00+01:00,,54.77,,47.53,63.93,53.92,,54.05,,54.03,54.03,54.03,60.71,54.03,55.0,54.03,46.43,,61.32,59.51,65.05,,42.28,,,,57.9,57.9,,57.9,57.9,57.9,57.9,57.9,60.71,60.71,,,,,52.31,40.75,40.75,39.81,39.81,40.75,68.37,54.03,65.05,64.99,39.81,39.81,40.75,54.03,59.51,54.05,,,,,,
2019-10-30 16:00:00+01:00,,56.17,,56.17,65.01,57.1,,57.7,,56.17,56.17,56.17,62.47,56.17,62.47,56.17,54.36,,75.44,58.5,63.93,,42.28,,,,58.5,58.5,,58.5,58.5,58.5,58.5,58.5,62.47,62.47,,,,,56.17,41.0,41.0,39.68,39.68,41.0,70.6,56.17,73.37,73.02,39.68,39.68,41.0,56.17,58.5,57.7,,,,,,
2019-10-30 17:00:00+01:00,,61.57,,61.57,66.99,62.06,,63.58,,61.57,61.57,61.57,61.57,58.95,54.98,61.57,60.15,,76.91,68.02,69.03,,42.28,,,,61.57,61.57,,61.57,61.57,61.57,61.57,61.57,61.57,61.57,,,,,61.57,41.31,41.31,39.41,39.41,41.31,72.18,58.95,93.03,84.02,39.41,39.41,41.31,61.57,68.02,63.58,,,,,,
2019-10-30 18:00:00+01:00,,66.7,,66.7,66.98,65.11,,66.19,,66.7,66.7,66.7,65.1,59.91,54.48,66.7,67.44,,75.47,66.7,69.96,,42.28,,,,66.7,66.7,,66.7,66.7,66.7,76.5,66.7,65.1,65.1,,,,,66.7,41.1,41.1,39.11,39.11,41.1,67.13,59.91,73.37,80.32,39.11,39.11,41.1,65.1,66.7,66.19,,,,,,
2019-10-30 19:00:00+01:00,,60.0,,60.0,63.95,59.08,,61.7,,60.0,60.0,60.0,60.0,60.0,41.96,60.0,58.79,,84.4,66.23,70.18,,42.28,,,,60.0,60.0,,60.0,60.0,60.0,76.5,60.0,60.0,60.0,,,,,60.0,40.73,40.73,38.94,38.94,40.73,68.37,60.0,71.27,71.46,38.94,38.94,40.73,60.0,66.23,61.7,,,,,,
2019-10-30 20:00:00+01:00,,53.95,,52.33,63.94,52.09,,53.99,,53.59,53.59,53.59,53.59,56.85,40.0,55.0,53.9,,76.91,57.9,60.96,,42.28,,,,55.0,55.0,,55.0,55.0,55.0,76.5,55.0,53.59,53.59,,,,,52.12,40.0,40.0,38.79,38.79,40.0,67.78,56.85,60.97,65.25,38.79,38.79,40.0,53.59,57.9,53.99,,,,,,
2019-10-30 21:00:00+01:00,,44.92,,43.42,45.09,46.64,,44.78,,44.61,44.61,44.61,43.54,55.5,39.56,45.63,44.72,,61.32,45.63,48.72,,42.28,,,,45.63,45.63,,45.63,45.63,45.63,54.9,45.63,43.54,43.54,,,,,43.42,39.56,39.56,38.85,38.85,39.56,58.5,55.5,48.73,52.03,38.85,38.85,39.56,43.54,45.63,44.78,,,,,,
2019-10-30 22:00:00+01:00,,42.42,,39.76,41.89,43.99,,41.17,,41.79,41.79,41.79,38.32,48.72,38.32,44.0,40.95,,58.48,44.0,42.61,,39.12,,,,44.0,44.0,,44.0,44.0,44.0,47.01,44.0,38.32,38.32,,,,,39.76,38.32,38.32,38.32,38.32,38.32,56.49,48.72,42.61,47.97,38.32,38.32,38.32,38.32,44.0,41.17,,,,,,
2019-10-30 23:00:00+01:00,,38.66,,32.9,33.72,40.63,,37.5,,37.47,37.47,37.47,36.57,44.63,36.57,42.17,33.89,,66.63,41.0,38.75,,32.2,,,,42.17,42.17,,42.17,42.17,42.17,42.17,42.17,36.57,36.57,,,,,32.9,36.76,36.76,36.57,36.57,36.76,50.76,44.63,38.75,42.96,36.57,36.57,36.57,36.57,41.0,37.5,,,,,,
2019-10-31 00:00:00+01:00,,36.74,,34.25,22.54,36.4,,34.96,,36.2,36.2,36.2,36.2,45.0,36.2,38.48,35.35,,61.56,38.48,36.92,,33.66,,,,38.48,38.48,,38.48,38.48,38.48,38.48,38.48,36.2,36.2,,,,,34.25,36.2,36.2,36.2,36.2,36.2,43.81,45.0,36.92,40.97,36.2,36.2,36.2,36.2,38.48,34.96,,,,,,
2019-10-31 01:00:00+01:00,,35.22,,34.23,22.52,35.29,,34.18,,34.98,34.98,34.98,34.98,45.0,34.98,35.97,35.18,,56.9,35.22,34.18,,33.49,,,,35.97,35.97,,35.97,35.97,35.97,35.97,35.97,34.98,34.98,,,,,34.23,35.36,35.36,34.98,34.98,35.36,43.37,45.0,34.18,35.94,34.98,34.98,34.98,34.98,35.22,34.18,,,,,,
2019-10-31 02:00:00+01:00,,33.95,,33.87,22.51,34.25,,33.2,,33.94,33.94,33.94,33.94,39.1,33.94,33.97,34.82,,56.69,33.95,33.2,,33.15,,,,33.97,33.97,,33.97,33.97,33.97,33.97,33.97,33.94,33.94,,,,,33.92,35.04,35.04,33.94,33.94,35.04,43.49,39.1,33.21,33.93,33.94,33.94,33.94,33.94,33.95,33.2,,,,,,
2019-10-31 03:00:00+01:00,,33.16,,33.16,22.5,34.06,,32.98,,33.16,33.16,33.16,33.16,38.1,33.16,33.16,33.4,,56.69,33.16,32.98,,31.79,,,,33.16,33.16,,33.16,33.16,33.16,33.16,33.16,33.16,33.16,,,,,33.16,34.26,34.26,33.16,33.16,34.26,43.12,38.1,32.99,33.98,33.16,33.16,33.16,33.16,33.16,32.98,,,,,,
2019-10-31 04:00:00+01:00,,33.95,,32.83,22.51,34.15,,33.75,,33.86,33.86,34.85,34.85,38.1,34.85,32.54,32.41,,57.0,33.95,33.75,,30.86,,,,33.95,33.95,,33.95,33.95,33.95,33.95,33.95,34.85,34.85,,,,,33.37,34.85,34.85,34.85,34.85,34.85,41.44,38.1,33.76,35.14,34.85,34.85,34.85,34.85,33.95,33.75,,,,,,
2019-10-31 05:00:00+01:00,,36.07,,34.1,22.54,36.25,,34.91,,35.84,35.84,37.86,45.72,39.5,45.72,35.84,35.06,,66.68,36.07,39.22,,33.37,,,,36.07,36.07,,36.07,36.07,36.07,36.07,36.07,45.72,45.72,,,,,35.23,37.86,37.86,37.86,37.86,37.86,45.91,39.5,39.22,39.08,37.86,37.86,37.86,37.86,36.07,34.91,,,,,,
2019-10-31 06:00:00+01:00,,42.69,,39.9,36.53,41.46,,40.33,,41.98,41.98,41.98,54.92,44.57,54.92,42.69,38.92,,61.32,42.69,46.09,,37.04,,,,42.69,42.69,,42.69,42.69,42.69,42.69,42.69,54.92,54.92,,,,,39.9,39.86,39.86,39.68,39.68,39.86,58.5,44.57,46.1,44.12,39.68,39.68,39.86,39.86,42.69,40.33,,,,,,
2019-10-31 07:00:00+01:00,,47.15,,45.19,44.98,49.35,,48.02,,46.68,46.68,46.68,55.98,53.2,54.97,48.41,43.9,,61.32,48.41,54.95,,41.79,,,,48.41,48.41,,48.41,48.41,48.41,48.41,48.41,55.98,55.98,,,,,45.19,41.09,41.09,40.02,40.02,41.09,58.99,53.2,54.96,52.9,40.02,40.02,41.09,45.56,48.41,48.02,,,,,,
2019-10-31 08:00:00+01:00,,50.1,,44.56,46.08,49.09,,47.64,,48.37,48.37,48.37,55.92,55.5,54.94,55.5,43.47,,70.52,63.79,66.02,,41.37,,,,55.5,55.5,,55.5,55.5,55.5,55.5,55.5,55.92,55.92,,,,,44.56,41.55,41.55,40.23,40.23,41.55,63.57,55.5,66.03,58.96,40.23,40.23,41.55,47.21,55.5,47.64,,,,,,
2019-10-31 09:00:00+01:00,,47.96,,45.39,45.21,47.21,,44.02,,45.21,45.21,45.21,55.94,55.35,54.16,55.35,46.69,,70.52,65.19,57.95,,48.0,,,,55.35,55.35,,55.35,55.35,55.35,55.35,55.35,55.94,55.94,,,,,45.21,41.26,41.26,40.32,40.32,41.26,65.7,55.35,57.97,55.98,40.32,40.32,41.26,44.12,55.35,44.02,,,,,,
2019-10-31 10:00:00+01:00,,49.96,,46.01,44.27,48.6,,40.95,,40.52,40.52,40.52,55.94,54.35,52.4,50.0,47.32,,70.52,50.0,58.86,,48.87,,,,50.0,50.0,,50.0,50.0,50.0,50.0,50.0,55.94,55.94,,,,,40.52,40.52,40.52,40.51,40.51,40.52,60.83,54.35,58.88,56.03,40.51,40.51,40.52,40.52,50.0,40.95,,,,,,
2019-10-31 11:00:00+01:00,,49.49,,41.45,43.26,49.34,,39.25,,40.1,40.1,40.1,53.68,53.2,53.68,49.49,42.64,,70.52,49.49,58.27,,45.98,,,,49.49,49.49,,49.49,49.49,49.49,49.49,49.49,53.68,53.68,,,,,38.82,40.1,40.1,40.1,40.1,40.1,64.9,53.2,58.28,51.95,40.1,40.1,40.1,40.1,49.49,39.25,,,,,,
2019-10-31 12:00:00+01:00,,48.48,,37.19,44.24,49.59,,37.35,,39.38,39.38,39.38,53.62,52.5,50.79,48.48,38.26,,70.52,48.48,58.86,,47.0,,,,48.48,48.48,,48.48,48.48,48.48,48.48,48.48,53.62,53.62,,,,,37.04,39.38,39.38,39.38,39.38,39.38,63.6,52.5,58.88,49.97,39.38,39.38,39.38,39.38,48.48,37.35,,,,,,
2019-10-31 13:00:00+01:00,,48.06,,40.4,44.91,49.08,,37.72,,40.15,40.15,40.15,53.68,49.0,50.57,48.06,41.55,,61.62,48.06,62.02,,45.95,,,,48.06,48.06,,48.06,48.06,48.06,48.06,48.06,53.68,53.68,,,,,38.09,40.15,40.15,40.15,40.15,40.15,61.43,49.0,62.04,50.66,40.15,40.15,40.15,40.15,48.06,37.72,,,,,,
2019-10-31 14:00:00+01:00,,48.1,,43.7,46.05,48.58,,41.34,,43.95,43.95,43.95,53.65,48.1,50.67,48.1,44.95,,61.32,48.1,64.81,,45.95,,,,48.1,48.1,,48.1,48.1,48.1,48.1,48.1,53.65,53.65,,,,,42.71,40.57,40.57,40.48,40.48,40.57,60.02,48.1,64.83,53.67,40.48,40.48,40.57,42.9,48.1,41.34,,,,,,
2019-10-31 15:00:00+01:00,,48.13,,46.7,47.6,49.17,,45.17,,47.75,47.75,47.75,53.63,49.08,52.46,49.08,48.04,,70.52,51.0,68.32,,49.1,,,,51.0,51.0,,51.0,51.0,51.0,51.0,51.0,53.63,53.63,,,,,46.7,40.83,40.83,40.37,40.37,40.83,59.1,49.08,68.35,57.95,40.37,40.37,40.83,46.61,51.0,45.17,,,,,,
2019-10-31 16:00:00+01:00,,51.08,,51.08,57.28,51.74,,48.88,,51.08,51.08,51.08,55.91,51.08,55.91,51.08,52.4,,75.44,77.15,83.67,,53.0,,,,55.9,55.9,,55.9,55.9,55.9,55.9,55.9,55.91,55.91,,,,,51.08,41.27,41.27,40.05,40.05,41.27,64.85,51.08,83.7,59.7,40.05,40.05,41.27,51.08,55.9,48.88,,,,,,
2019-10-31 17:00:00+01:00,,56.01,,56.01,64.35,54.79,,54.2,,56.01,56.01,56.01,56.01,56.01,56.01,56.01,57.46,,75.49,106.05,100.03,,59.27,,,,59.18,59.18,,59.18,59.18,59.18,63.0,59.18,56.01,56.01,,,,,56.01,41.69,41.69,40.21,40.21,41.69,70.53,56.01,100.06,64.25,40.21,40.21,41.69,56.01,59.18,54.2,,,,,,
2019-10-31 18:00:00+01:00,,57.01,,61.18,59.87,56.79,,57.0,,55.44,55.44,55.44,55.44,59.69,55.44,61.18,62.95,,70.46,68.05,76.2,,70.49,,,,61.18,61.18,,61.18,61.18,61.18,76.35,61.18,55.44,55.44,,,,,55.44,41.6,41.6,40.1,40.1,41.6,69.25,59.69,76.23,65.09,40.1,40.1,41.6,55.44,61.18,57.0,,,,,,
2019-10-31 19:00:00+01:00,,52.99,,59.82,47.69,52.53,,53.83,,50.35,50.35,50.35,53.67,60.0,44.73,60.0,61.56,,75.5,61.16,63.97,,65.0,,,,61.16,61.16,,61.16,61.16,61.16,76.35,61.16,53.67,53.67,,,,,46.97,41.23,41.23,40.12,40.12,41.23,59.08,60.0,63.99,60.57,40.12,40.12,41.23,50.35,61.16,53.83,,,,,,
2019-10-31 20:00:00+01:00,,50.04,,53.11,41.98,49.02,,48.0,,47.93,47.93,47.93,58.05,56.26,40.71,55.82,54.66,,75.44,55.82,50.99,,55.85,,,,55.82,55.82,,55.82,55.82,55.82,76.35,55.82,58.05,58.05,,,,,44.9,40.71,40.71,40.07,40.07,40.71,59.55,56.26,51.01,56.45,40.07,40.07,40.71,47.93,55.82,48.0,,,,,,
2019-10-31 21:00:00+01:00,,43.45,,42.25,36.02,41.66,,40.71,,43.12,43.12,43.12,51.1,53.55,40.56,44.41,43.49,,78.8,44.41,45.93,,44.43,,,,44.41,44.41,,44.41,44.41,44.41,61.35,44.41,51.1,51.1,,,,,42.08,40.56,40.56,40.07,40.07,40.56,51.35,53.55,45.95,48.35,40.07,40.07,40.56,43.12,44.41,40.71,,,,,,
2019-10-31 22:00:00+01:00,,40.45,,39.09,24.97,40.7,,38.19,,40.0,40.0,39.68,47.78,46.05,39.68,42.0,40.24,,78.8,42.0,41.54,,41.11,,,,42.0,42.0,,42.0,42.0,42.0,49.93,42.0,47.78,47.78,,,,,38.93,39.68,39.68,39.68,39.68,39.68,50.76,46.05,41.56,42.92,39.68,39.68,39.68,39.68,42.0,38.19,,,,,,
2019-10-31 23:00:00+01:00,,37.88,,37.44,29.92,37.95,,34.35,,37.23,37.23,37.54,37.54,40.0,37.54,40.0,38.54,,58.0,40.0,36.81,,38.29,,,,40.0,40.0,,40.0,40.0,40.0,40.0,40.0,37.54,37.54,,,,,36.04,37.54,37.54,37.54,37.54,37.54,43.35,40.0,36.83,38.96,37.54,37.54,37.54,37.54,40.0,34.35,,,,,,
2019-11-01 00:00:00+01:00,,35.94,,35.94,23.92,35.38,,33.03,,35.94,35.94,36.51,36.51,42.1,36.51,35.94,37.02,,56.56,40.29,37.86,,35.44,,,,40.29,40.29,,40.29,40.29,40.29,40.29,40.29,36.51,36.51,,,,,35.94,37.13,37.13,36.51,36.51,37.13,39.18,42.1,37.88,38.88,36.51,36.51,36.51,36.51,40.29,33.03,,,,,,
2019-11-01 01:00:00+01:00,,33.49,,33.49,23.04,34.04,,31.81,,33.49,33.49,34.88,34.88,40.18,34.88,33.49,34.49,,68.78,39.0,33.89,,33.57,,,,39.0,39.28,,39.0,39.28,39.28,39.28,39.28,34.88,34.88,,,,,33.49,35.55,35.55,34.88,34.88,35.55,35.01,40.18,33.91,36.01,34.88,34.88,34.88,34.88,39.0,31.81,,,,,,
2019-11-01 02:00:00+01:00,,28.99,,28.99,22.54,32.4,,30.53,,28.99,28.99,34.51,34.51,32.4,34.51,28.99,29.77,,65.79,38.28,32.53,,28.97,,,,38.28,38.28,,38.28,38.28,38.28,38.28,38.28,34.51,34.51,,,,,28.99,35.44,35.44,34.51,34.51,35.44,34.63,32.4,32.54,32.12,34.51,34.51,34.51,34.51,38.28,30.53,,,,,,
2019-11-01 03:00:00+01:00,,27.12,,27.12,22.54,31.1,,30.81,,27.12,27.12,34.42,34.42,30.01,34.42,27.12,27.93,,41.93,35.8,31.81,,27.19,,,,35.8,37.9,,35.8,37.9,37.9,37.9,37.9,34.42,34.42,,,,,27.12,35.43,35.43,34.42,34.42,35.43,34.54,30.01,31.83,30.66,34.42,34.42,34.42,34.42,35.8,30.81,,,,,,
2019-11-01 04:00:00+01:00,,26.17,,26.17,22.55,29.97,,30.95,,26.17,26.17,35.57,35.57,29.1,35.57,26.17,26.86,,56.74,35.8,31.67,,26.15,,,,35.8,37.9,,35.8,37.9,37.9,37.9,37.9,35.57,35.57,,,,,26.17,35.57,35.57,35.57,35.57,35.57,35.7,29.1,31.69,33.02,35.57,35.57,35.57,35.57,35.8,30.95,,,,,,
2019-11-01 05:00:00+01:00,,26.14,,26.14,27.71,29.5,,31.18,,26.14,26.14,37.38,47.06,28.9,47.06,26.14,26.84,,56.87,36.02,34.53,,26.13,,,,36.02,36.02,,36.02,36.02,36.02,36.02,36.02,37.38,47.06,,,,,26.14,37.38,37.38,37.38,37.38,37.38,37.52,28.9,34.55,36.33,37.38,37.38,37.38,37.38,36.02,31.18,,,,,,
2019-11-01 06:00:00+01:00,,29.1,,29.1,38.07,30.69,,32.19,,29.1,38.51,38.51,51.36,29.1,51.36,29.1,29.87,,55.64,37.24,33.06,,28.3,,,,37.24,37.9,,37.24,37.9,37.9,37.9,37.9,38.51,49.83,,,,,29.1,38.51,38.51,38.51,38.51,38.51,38.64,29.1,33.08,38.38,38.51,38.51,38.51,38.51,37.24,32.19,,,,,,
2019-11-01 07:00:00+01:00,,33.09,,32.95,56.71,31.39,,34.0,,32.86,34.92,39.83,54.99,32.86,54.99,32.86,36.1,,65.89,38.05,41.71,,33.87,,,,38.05,38.05,,38.05,38.05,38.05,38.05,38.05,39.84,49.85,,,,,34.92,39.83,39.83,39.83,39.83,39.83,39.98,32.86,41.73,44.48,39.83,39.83,39.83,39.83,38.05,34.0,,,,,,
2019-11-01 08:00:00+01:00,,35.17,,33.43,68.42,33.33,,33.22,,35.01,35.01,40.17,64.95,33.0,64.95,33.0,34.41,,56.74,57.87,53.38,,38.14,,,,37.9,37.9,,37.9,37.9,37.9,37.9,37.9,48.74,49.87,,,,,34.27,40.17,40.17,40.17,40.17,40.17,46.42,33.0,53.41,45.38,40.17,40.17,40.17,40.17,40.2,33.22,,,,,,
2019-11-01 09:00:00+01:00,,35.07,,35.07,69.57,32.86,,33.3,,35.07,35.07,39.87,49.33,35.07,49.33,35.07,36.26,,58.0,83.1,56.0,,64.78,,,,40.72,40.72,,40.72,40.72,40.72,40.72,40.72,42.75,49.33,,,,,35.07,39.87,39.87,39.87,39.87,39.87,45.39,35.07,56.03,47.0,39.87,39.87,39.87,39.87,40.72,33.3,,,,,,
2019-11-01 10:00:00+01:00,,33.78,,33.57,69.55,31.38,,32.5,,33.01,38.46,39.74,48.18,33.01,48.18,33.01,41.23,,59.27,112.23,52.19,,70.49,,,,41.67,41.67,,41.67,41.67,41.67,41.67,41.67,44.92,48.18,,,,,38.46,39.74,39.74,39.74,39.74,39.74,45.08,33.01,58.89,49.04,39.74,39.74,39.74,39.74,41.67,32.5,,,,,,
2019-11-01 11:00:00+01:00,,34.04,,34.04,53.12,31.54,,31.99,,34.04,34.04,35.09,46.34,34.04,46.34,34.04,40.67,,56.74,115.85,55.76,,70.49,,,,41.67,41.67,,41.67,41.67,41.67,41.67,41.67,42.15,46.34,,,,,34.04,39.41,39.41,39.41,39.41,39.41,42.3,34.04,58.89,48.07,39.41,39.41,39.41,39.41,41.67,31.99,,,,,,
2019-11-01 12:00:00+01:00,,35.9,,35.9,69.58,31.88,,31.73,,35.9,35.9,35.9,46.34,35.9,46.34,35.9,41.01,,56.74,120.0,57.59,,70.48,,,,42.75,42.75,,42.75,42.75,42.75,42.75,42.75,38.91,46.34,,,,,35.9,38.91,38.91,38.91,38.91,38.91,39.04,35.9,60.03,49.04,38.91,38.91,38.91,38.91,42.75,31.73,,,,,,
2019-11-01 13:00:00+01:00,,33.43,,33.43,69.56,30.84,,31.29,,33.43,33.43,33.43,50.42,33.43,50.42,33.43,40.66,,56.74,110.04,50.03,,70.49,,,,41.61,41.61,,41.61,41.61,41.61,41.61,41.61,39.83,48.9,,,,,33.43,38.78,38.78,38.78,38.78,38.78,39.96,33.43,58.89,44.53,38.78,38.78,38.78,38.78,41.61,31.29,,,,,,
2019-11-01 14:00:00+01:00,,31.5,,31.5,74.44,30.75,,31.5,,31.5,31.5,31.5,51.07,31.5,51.07,31.5,41.47,,56.74,110.82,50.79,,66.0,,,,41.0,41.0,,41.0,41.0,41.0,41.0,41.0,38.44,48.83,,,,,31.5,38.44,38.44,38.44,38.44,38.44,38.57,31.5,59.43,46.13,38.44,38.44,38.44,38.44,41.0,31.5,,,,,,
2019-11-01 15:00:00+01:00,,31.72,,30.47,81.08,29.71,,31.53,,31.52,31.52,31.52,54.91,30.09,54.91,30.09,40.53,,56.15,113.83,53.84,,56.79,,,,44.01,44.01,,44.01,44.01,44.01,44.01,44.01,38.05,49.82,,,,,31.52,38.05,38.05,38.05,38.05,38.05,38.18,30.09,69.54,47.08,38.05,38.05,38.05,38.05,44.01,31.53,,,,,,
2019-11-01 16:00:00+01:00,,31.8,,30.39,63.95,29.85,,31.83,,31.59,31.59,38.62,56.96,30.0,56.96,30.0,35.67,,56.73,120.02,66.72,,51.25,,,,46.08,46.08,,46.08,46.08,46.08,48.0,46.08,48.74,49.84,,,,,31.59,38.62,38.62,38.62,38.62,38.62,38.75,30.0,109.37,50.94,38.62,38.62,38.62,38.62,46.08,31.83,,,,,,
2019-11-01 17:00:00+01:00,,38.94,,32.34,69.54,32.85,,35.37,,38.94,38.94,39.19,54.97,30.07,54.97,30.07,49.95,,56.48,120.01,79.91,,55.0,,,,51.46,51.46,,51.46,51.46,51.46,75.77,51.46,46.72,49.84,,,,,38.0,39.19,39.19,39.19,39.19,39.19,42.16,30.07,135.03,68.09,39.19,39.19,39.19,39.19,51.46,35.37,,,,,,
2019-11-01 18:00:00+01:00,,38.08,,38.08,65.02,35.39,,37.28,,38.08,38.08,39.02,53.72,38.08,53.72,38.08,62.72,,69.16,83.22,70.7,,64.09,,,,46.11,57.66,,46.11,57.66,57.66,75.77,57.66,40.71,49.85,,,,,38.08,39.02,39.02,39.02,39.02,39.02,40.84,38.08,126.19,69.03,39.02,39.02,39.02,39.02,46.11,37.28,,,,,,
2019-11-01 19:00:00+01:00,,37.01,,37.01,65.0,35.99,,35.21,,37.01,37.01,38.23,44.35,37.01,44.35,37.01,51.1,,74.98,120.02,79.9,,55.53,,,,41.61,61.16,,41.61,61.16,61.16,75.77,61.16,38.23,44.35,,,,,37.01,38.23,38.23,38.23,38.23,38.23,38.36,37.01,105.16,68.02,38.23,38.23,38.23,38.23,41.61,35.21,,,,,,
2019-11-01 20:00:00+01:00,,31.98,,31.98,63.94,31.59,,32.02,,31.98,31.98,37.31,37.31,31.98,37.31,31.98,47.27,,59.97,126.55,92.07,,45.0,,,,43.08,61.06,,43.08,61.06,61.06,75.77,61.06,37.31,37.31,,,,,31.98,37.31,37.31,37.31,37.31,37.31,37.43,31.98,92.12,68.03,37.31,37.31,37.31,37.31,43.08,32.02,,,,,,
2019-11-01 21:00:00+01:00,,30.11,,30.11,42.82,29.37,,28.97,,30.11,30.11,36.26,36.26,30.22,36.26,30.11,37.73,,56.48,120.04,60.29,,35.31,,,,42.74,53.71,,42.74,53.71,53.71,53.71,53.71,36.26,36.26,,,,,30.11,36.26,36.26,36.26,36.26,36.26,36.38,30.22,60.33,59.82,36.26,36.26,36.26,36.26,42.74,28.97,,,,,,
2019-11-01 22:00:00+01:00,,30.49,,30.49,32.76,29.52,,27.92,,30.49,30.49,34.04,34.04,30.49,34.04,30.49,36.46,,55.64,83.02,47.46,,35.0,,,,41.24,41.69,,41.24,41.69,41.69,61.0,41.69,34.04,34.04,,,,,30.49,35.81,35.81,34.04,34.04,35.81,34.16,30.49,52.98,50.95,34.04,34.04,34.04,34.04,41.24,27.92,,,,,,
2019-11-01 23:00:00+01:00,,27.03,,27.34,29.26,28.17,,25.83,,26.89,28.06,30.78,30.78,29.5,30.78,27.2,28.98,,40.0,35.8,37.84,,28.24,,,,35.8,40.42,,35.8,40.42,40.42,40.42,40.42,30.78,30.78,,,,,28.06,34.93,34.93,33.54,33.54,34.93,30.88,29.5,37.86,42.01,30.78,30.78,30.78,30.78,35.8,25.83,,,,,,
2019-11-02 00:00:00+01:00,,26.37,,27.96,37.51,27.92,,24.59,,25.79,31.5,31.5,31.5,27.31,31.5,27.31,46.48,,44.0,34.74,37.27,,46.24,,,,34.74,37.27,,34.74,37.27,37.27,37.27,37.27,31.08,31.5,,,,,31.5,36.89,36.89,32.89,32.89,36.89,27.71,27.31,37.3,37.02,31.5,31.5,31.5,31.5,34.74,24.59,,,,,,
2019-11-02 01:00:00+01:00,,25.21,,26.12,24.9,25.88,,23.01,,24.71,30.07,30.07,30.07,25.8,30.07,25.8,36.92,,40.26,25.21,30.92,,37.84,,,,31.6,37.27,,31.6,37.27,37.27,37.27,37.27,30.07,30.07,,,,,30.07,36.91,36.91,32.71,32.71,36.91,25.04,25.8,30.93,28.06,30.07,30.07,30.07,30.07,25.21,23.01,,,,,,
2019-11-02 02:00:00+01:00,,24.55,,24.93,22.94,22.63,,21.3,,24.37,26.1,28.01,28.01,24.78,28.01,24.78,26.89,,35.54,24.55,26.71,,27.56,,,,30.11,35.07,,30.11,35.07,35.07,35.07,35.07,28.01,28.01,,,,,26.1,36.75,36.75,32.77,32.77,36.75,24.79,24.78,26.73,24.97,28.01,28.01,28.01,28.01,24.55,21.3,,,,,,
2019-11-02 03:00:00+01:00,,19.97,,20.94,22.54,22.08,,19.95,,19.44,25.0,27.0,27.0,20.6,27.0,20.6,25.75,,35.36,19.97,23.2,,26.4,,,,30.7,34.63,,30.7,34.63,34.63,34.63,34.63,27.0,27.0,,,,,25.0,36.64,36.64,32.56,32.56,36.64,21.62,20.6,23.22,21.04,27.0,27.0,27.0,27.0,19.97,19.95,,,,,,
2019-11-02 04:00:00+01:00,,18.99,,18.99,22.54,22.09,,19.69,,18.99,18.99,28.06,28.06,18.99,28.06,18.99,19.56,,36.8,18.99,24.5,,22.0,,,,31.3,34.63,,31.3,34.63,34.63,34.63,34.63,28.06,28.06,,,,,18.99,36.52,36.52,32.55,32.55,36.52,22.87,18.99,24.51,20.05,28.06,28.06,28.06,28.06,18.99,19.69,,,,,,
2019-11-02 05:00:00+01:00,,21.86,,21.86,23.81,22.97,,21.78,,21.86,21.86,30.1,30.1,21.86,30.1,21.86,22.43,,41.36,21.86,27.78,,23.09,,,,33.11,34.19,,33.11,34.19,34.19,34.19,34.19,28.08,30.1,,,,,21.86,36.63,36.63,32.61,32.61,36.63,25.96,21.86,27.8,25.9,30.1,30.1,30.1,30.1,21.86,21.78,,,,,,
2019-11-02 06:00:00+01:00,,24.21,,24.64,23.19,27.09,,23.51,,24.01,25.98,34.43,34.43,24.47,34.43,24.47,25.28,,46.0,24.21,28.01,,26.19,,,,38.23,38.23,,38.23,38.23,38.23,38.23,38.23,33.05,34.43,,,,,25.98,36.9,36.9,34.43,34.43,36.9,27.16,24.47,28.03,34.39,34.43,34.43,34.43,34.43,24.21,23.51,,,,,,
2019-11-02 07:00:00+01:00,,26.78,,28.89,30.48,29.62,,26.0,,25.81,35.7,35.7,35.7,28.03,35.7,28.03,34.82,,56.47,42.24,44.44,,33.23,,,,42.24,42.24,,42.24,42.24,42.24,42.89,42.24,35.7,35.7,,,,,35.7,36.9,36.9,35.7,35.7,36.9,36.53,28.03,44.47,46.17,35.7,35.7,35.7,35.7,42.24,26.0,,,,,,
2019-11-02 08:00:00+01:00,,28.26,,29.85,32.68,31.73,,29.37,,27.38,36.59,36.59,36.59,29.34,36.59,29.34,35.45,,56.74,43.97,48.21,,34.01,,,,43.97,43.97,,43.97,43.97,43.97,44.99,43.97,36.59,36.59,,,,,36.59,37.8,37.8,36.59,36.59,37.8,49.11,29.34,48.24,55.97,36.59,36.59,36.59,36.59,43.97,29.37,,,,,,
2019-11-02 09:00:00+01:00,,31.09,,33.0,29.91,32.52,,35.68,,30.28,37.95,37.95,37.95,32.17,37.95,32.17,39.07,,56.74,45.0,46.03,,38.2,,,,45.0,45.0,,45.0,45.0,45.0,45.0,45.0,37.95,37.95,,,,,37.95,38.94,38.94,37.95,37.95,38.94,49.87,32.17,46.06,55.95,37.95,37.95,37.95,37.95,45.0,46.03,,,,,,
2019-11-02 10:00:00+01:00,,29.63,,32.12,30.1,30.54,,35.52,,28.59,38.43,38.43,38.43,31.04,38.43,31.04,42.35,,56.47,45.14,45.3,,43.44,,,,45.14,45.14,,45.14,45.14,45.14,45.14,45.14,38.43,38.43,,,,,38.43,39.29,39.29,38.43,38.43,39.29,50.84,31.04,45.33,53.93,38.43,38.43,38.43,38.43,45.14,45.3,,,,,,
2019-11-02 11:00:00+01:00,,28.79,,30.72,28.9,30.9,,38.1,,27.56,37.1,38.17,38.17,30.0,38.17,30.0,41.77,,56.47,54.0,43.91,,42.84,,,,54.0,54.0,,54.0,54.0,54.0,54.0,54.0,38.17,38.17,,,,,37.1,38.33,38.33,38.17,38.17,38.33,50.96,30.0,43.94,51.72,38.17,38.17,38.17,38.17,54.0,38.1,,,,,,
2019-11-02 12:00:00+01:00,,29.5,,29.66,30.63,32.93,,38.07,,29.41,30.3,37.47,37.47,29.6,37.47,29.6,45.71,,59.92,43.27,42.05,,44.7,,,,43.27,43.27,,43.27,43.27,43.27,43.27,43.27,37.47,37.47,,,,,30.3,37.54,37.54,37.47,37.47,37.54,52.85,29.6,42.08,49.79,37.47,37.47,37.47,37.47,43.27,38.07,,,,,,
2019-11-02 13:00:00+01:00,,29.1,,28.06,30.11,32.54,,36.89,,27.1,30.0,37.11,37.11,27.9,37.11,27.9,46.41,,56.74,40.26,40.5,,45.38,,,,40.26,40.26,,40.26,40.26,40.26,40.26,40.26,37.11,37.11,,,,,30.0,37.11,37.11,37.11,37.11,37.11,52.79,27.9,40.53,46.11,37.11,37.11,37.11,37.11,40.26,36.89,,,,,,
2019-11-02 14:00:00+01:00,,29.04,,26.97,30.29,31.14,,35.0,,26.69,27.6,37.04,37.04,26.89,37.04,26.89,43.27,,56.74,42.89,42.22,,41.83,,,,42.89,42.89,,42.89,42.89,42.89,42.89,42.89,37.04,37.04,,,,,27.6,37.04,37.04,37.04,37.04,37.04,52.79,26.89,42.24,45.93,37.04,37.04,37.04,37.04,42.89,35.0,,,,,,
2019-11-02 15:00:00+01:00,,27.94,,27.94,34.69,30.52,,33.2,,27.94,27.94,37.29,37.29,27.94,37.29,27.94,41.3,,65.97,43.27,47.92,,40.34,,,,43.27,43.27,,43.27,43.27,43.27,51.0,43.27,37.29,37.29,,,,,27.94,37.29,37.29,37.29,37.29,37.29,52.84,27.94,47.96,51.19,37.29,37.29,37.29,37.29,43.27,33.2,,,,,,
2019-11-02 16:00:00+01:00,,30.0,,30.0,40.18,31.28,,34.0,,30.0,30.0,38.42,38.88,30.0,38.88,30.0,34.8,,75.55,45.57,57.89,,35.7,,,,45.57,45.57,,45.57,45.57,45.57,75.72,45.57,38.42,38.88,,,,,30.0,38.42,38.42,38.42,38.42,38.42,54.32,30.0,57.93,59.49,38.42,38.42,38.42,38.42,45.57,34.0,,,,,,
2019-11-02 17:00:00+01:00,,33.91,,33.91,45.55,36.13,,37.9,,33.91,33.91,38.93,43.51,33.91,43.51,33.91,48.72,,75.56,56.33,58.43,,48.0,,,,56.33,56.33,,56.33,56.33,56.33,73.09,56.33,38.93,43.51,,,,,33.91,38.93,38.93,38.93,38.93,38.93,55.91,33.91,58.47,69.94,38.93,38.93,38.93,38.93,56.33,37.9,,,,,,
2019-11-02 18:00:00+01:00,,39.44,,39.44,43.06,40.32,,40.78,,39.44,39.44,39.44,42.45,39.44,42.45,39.44,69.59,,75.56,54.47,54.0,,71.41,,,,54.47,54.47,,54.47,54.47,54.47,68.09,54.47,39.44,42.45,,,,,39.44,39.44,39.44,39.44,39.44,39.44,53.55,39.44,54.04,65.04,39.44,39.44,39.44,39.44,54.47,40.78,,,,,,
2019-11-02 19:00:00+01:00,,33.94,,36.29,43.8,38.26,,39.0,,33.14,37.31,37.31,37.62,35.05,37.62,35.05,58.82,,75.5,54.0,55.79,,61.83,,,,54.0,54.0,,54.0,54.0,54.0,81.11,54.0,37.31,37.62,,,,,37.31,38.54,38.54,37.31,37.31,38.54,54.27,35.05,55.83,62.18,37.31,37.31,37.31,37.31,54.0,39.0,,,,,,
2019-11-02 20:00:00+01:00,,30.78,,33.3,33.99,32.28,,33.03,,29.71,36.88,36.88,36.88,32.06,36.88,32.06,46.62,,69.28,45.0,45.93,,47.84,,,,45.0,45.14,,45.0,45.14,45.14,53.09,45.14,36.88,36.88,,,,,36.88,38.4,38.4,36.88,36.88,38.4,48.13,32.06,45.96,56.7,36.88,36.88,36.88,36.88,45.0,33.03,,,,,,
2019-11-02 21:00:00+01:00,,27.85,,27.85,25.93,30.96,,29.21,,27.85,27.85,36.36,36.36,29.23,36.36,27.85,43.03,,65.98,40.2,38.29,,44.17,,,,40.26,40.26,,40.26,40.26,40.26,75.72,40.26,36.36,36.36,,,,,27.85,37.58,37.58,36.36,36.36,37.58,49.07,29.23,38.31,45.39,36.36,36.36,36.36,36.36,40.2,29.21,,,,,,
2019-11-02 22:00:00+01:00,,28.81,,28.81,22.54,30.13,,29.5,,28.81,28.81,35.19,35.19,28.81,35.19,28.81,42.79,,69.1,28.81,31.11,,43.91,,,,36.66,36.66,,36.66,36.66,36.66,36.66,36.66,35.19,35.19,,,,,28.81,38.09,38.09,35.19,35.19,38.09,49.11,28.81,31.13,41.08,35.19,35.19,35.19,35.19,28.81,29.5,,,,,,
2019-11-02 23:00:00+01:00,,26.91,,27.61,22.51,28.59,,25.52,,26.62,29.0,33.91,33.91,27.31,33.91,27.31,38.17,,58.3,26.91,27.99,,38.2,,,,31.3,31.3,,31.3,31.3,31.3,31.3,31.3,33.91,33.91,,,,,29.0,37.4,37.4,34.32,34.32,37.4,46.54,27.31,21.03,35.07,33.91,33.91,33.91,33.91,26.91,25.52,,,,,,
2019-11-03 00:00:00+01:00,,15.65,,16.89,18.01,22.68,,17.65,,15.1,21.0,34.52,34.52,16.45,34.52,16.45,47.19,,67.59,15.65,18.26,,45.09,,,,24.94,24.94,,24.94,24.94,24.94,24.94,24.94,34.52,34.52,,,,,21.0,37.26,37.26,34.89,34.89,37.26,38.28,16.45,18.27,31.01,34.52,34.52,34.52,34.52,15.65,17.65,,,,,,
2019-11-03 01:00:00+01:00,,9.24,,14.03,12.37,19.47,,15.72,,9.13,25.7,32.91,32.91,12.45,32.91,12.45,47.09,,57.82,9.24,15.72,,45.0,,,,22.16,22.16,,22.16,22.16,22.16,22.16,22.16,32.91,32.91,,,,,25.7,37.69,37.69,34.61,34.61,37.69,33.15,12.45,15.72,21.55,32.91,32.91,32.91,32.91,9.24,15.72,,,,,,
2019-11-03 02:00:00+01:00,,5.76,,11.9,10.74,16.49,,13.63,,5.4,26.7,30.43,30.43,9.0,30.43,9.81,37.19,,56.2,5.76,13.63,,35.54,,,,11.18,11.18,,11.18,11.18,11.18,11.18,11.18,30.43,30.43,,,,,26.7,37.61,37.61,34.59,34.59,37.61,30.65,9.0,13.63,16.53,30.43,30.43,30.43,30.43,5.76,13.63,,,,,,
2019-11-03 03:00:00+01:00,,1.88,,9.16,10.08,14.41,,11.88,,1.4,26.7,29.28,29.28,6.66,29.28,6.66,30.67,,55.37,1.88,11.88,,29.31,,,,9.0,9.0,,9.0,9.0,9.0,9.0,9.0,29.28,29.28,,,,,26.7,37.45,37.45,34.54,34.54,37.45,29.49,6.66,11.88,14.36,29.28,29.28,29.28,29.28,1.88,11.88,,,,,,
2019-11-03 04:00:00+01:00,,5.89,,7.22,10.06,13.92,,11.8,,4.49,25.0,30.44,30.44,6.77,30.44,7.13,26.65,,65.6,5.89,11.8,,26.35,,,,7.13,7.13,,7.13,7.13,7.13,7.13,7.13,30.44,30.44,,,,,25.0,37.34,37.34,34.57,34.57,37.34,30.66,6.77,11.8,13.5,30.44,30.44,30.44,30.44,5.89,11.8,,,,,,
2019-11-03 05:00:00+01:00,,10.73,,10.78,10.26,16.84,,15.0,,9.57,25.86,31.65,31.65,6.2,31.65,10.73,26.59,,75.02,10.73,15.0,,26.35,,,,10.73,10.73,,10.73,10.73,10.73,10.73,10.73,31.65,31.65,,,,,25.86,37.2,37.2,34.76,34.76,37.2,31.87,6.2,15.0,16.55,31.65,31.65,31.65,31.65,10.73,15.0,,,,,,
2019-11-03 06:00:00+01:00,,14.27,,13.6,11.44,19.83,,17.99,,13.6,33.48,33.48,33.48,7.62,33.48,13.6,29.15,,75.02,14.27,17.99,,27.86,,,,14.27,14.27,,14.27,14.27,14.27,14.27,14.27,33.48,33.48,,,,,28.35,37.07,37.07,35.48,34.84,37.07,33.72,7.62,17.99,20.52,33.48,33.48,33.48,33.48,14.27,17.99,,,,,,
2019-11-03 07:00:00+01:00,,20.0,,20.0,18.04,22.68,,22.0,,19.45,34.43,34.43,34.43,8.77,34.43,20.0,34.77,,68.78,20.0,22.0,,32.46,,,,20.0,20.0,,20.0,20.0,20.0,20.0,20.0,34.43,34.43,,,,,25.4,37.37,37.37,35.8,34.67,37.37,40.1,8.77,22.0,28.98,34.43,34.43,34.43,34.43,20.0,22.0,,,,,,
2019-11-03 08:00:00+01:00,,24.2,,24.2,19.33,25.82,,25.88,,24.2,35.88,35.88,35.88,9.0,35.88,24.2,24.78,,59.76,24.2,25.88,,26.89,,,,24.2,24.2,,24.2,5.99,24.2,5.99,24.2,35.88,35.88,,,,,24.2,37.48,37.48,36.37,35.88,37.48,41.27,9.0,25.88,31.42,35.88,35.88,35.88,35.88,24.2,25.88,,,,,,
2019-11-03 09:00:00+01:00,,29.11,,29.11,19.34,29.09,,30.7,,29.11,36.88,36.88,36.88,14.8,36.88,29.11,32.45,,52.49,29.11,30.7,,33.33,,,,29.11,29.11,,29.11,4.99,29.11,4.99,29.11,36.88,36.88,,,,,29.11,37.96,37.96,36.88,36.88,37.96,37.14,14.8,29.89,35.0,36.88,36.88,36.88,36.88,29.11,30.7,,,,,,
2019-11-03 10:00:00+01:00,,30.02,,28.43,10.19,29.6,,32.38,,30.02,37.59,37.59,37.59,17.2,37.59,27.96,37.67,,44.63,30.02,32.38,,38.69,,,,35.66,35.66,,35.66,4.99,35.66,4.99,20.0,37.59,37.59,,,,,29.73,38.08,38.08,37.59,37.59,38.08,37.86,17.2,27.45,37.13,37.59,37.59,37.59,37.59,30.02,32.38,,,,,,
2019-11-03 11:00:00+01:00,,35.19,,29.38,9.86,31.76,,35.08,,35.19,38.14,38.14,38.14,16.73,38.14,27.63,41.11,,40.75,35.19,35.08,,42.23,,,,36.83,36.83,,36.83,4.49,36.83,4.49,10.0,38.14,38.14,,,,,34.11,38.14,38.14,38.14,38.14,38.14,38.41,16.73,30.35,37.26,38.14,38.14,38.14,38.14,35.19,35.08,,,,,,
2019-11-03 12:00:00+01:00,,37.76,,37.76,22.43,33.35,,35.31,,37.76,38.69,38.69,38.69,17.7,38.69,37.76,43.19,,25.7,37.76,35.31,,44.38,,,,37.76,37.76,,37.76,4.49,37.76,4.49,10.0,38.69,38.69,,,,,37.76,38.69,38.69,38.69,38.69,38.69,43.07,17.7,35.16,38.94,38.69,38.69,38.69,38.69,37.76,35.31,,,,,,
2019-11-03 13:00:00+01:00,,36.17,,33.16,22.51,33.09,,34.08,,36.97,38.09,38.09,38.09,19.2,38.09,32.04,47.25,,15.45,36.17,34.08,,48.54,,,,36.17,36.17,,36.17,4.49,36.17,4.49,10.0,38.09,38.09,,,,,36.26,38.09,38.09,38.09,38.09,38.09,48.86,19.2,34.08,36.07,38.09,38.09,38.09,38.09,36.17,34.08,,,,,,
2019-11-03 14:00:00+01:00,,35.77,,29.87,22.52,29.92,,33.39,,37.32,38.23,38.23,38.23,19.66,38.23,27.75,47.7,,36.93,35.77,33.39,,49.0,,,,35.77,35.77,,35.77,4.49,35.77,4.49,10.0,38.23,38.23,,,,,35.92,38.23,38.23,38.23,38.23,38.23,47.47,19.66,33.39,32.36,38.23,38.23,38.23,38.23,35.77,33.39,,,,,,
2019-11-03 15:00:00+01:00,,35.09,,32.4,22.53,30.2,,34.9,,36.52,38.54,38.54,38.54,18.53,38.54,28.43,46.57,,55.77,35.09,34.9,,46.79,,,,35.09,35.09,,35.09,35.09,35.09,35.09,35.09,38.54,38.54,,,,,35.98,38.54,38.54,38.54,38.54,38.54,47.17,18.53,34.9,35.01,38.54,38.54,38.54,38.54,35.09,34.9,,,,,,
2019-11-03 16:00:00+01:00,,38.01,,31.37,39.92,32.12,,36.03,,39.76,39.76,39.76,43.51,20.01,43.51,28.9,42.4,,82.82,38.01,36.1,,44.62,,,,37.07,37.07,,37.07,37.07,37.07,37.07,37.07,39.76,43.51,,,,,38.19,39.76,39.76,39.76,39.76,39.76,50.03,20.01,36.1,35.37,39.76,39.76,39.76,39.76,38.01,36.03,,,,,,
2019-11-03 17:00:00+01:00,,41.21,,41.11,39.7,38.32,,41.85,,41.24,41.24,41.24,46.29,25.02,46.29,41.07,52.82,,82.89,41.21,49.04,,55.0,,,,41.07,41.07,,41.07,41.07,41.07,41.07,41.07,41.24,46.29,,,,,41.22,41.24,41.24,40.42,40.42,41.24,50.0,25.02,49.04,47.14,40.42,40.42,41.24,41.24,41.21,41.85,,,,,,
2019-11-03 18:00:00+01:00,,42.83,,42.83,39.02,41.54,,44.5,,42.83,42.83,42.83,45.27,30.91,45.27,42.83,76.44,,65.76,42.83,47.94,,82.0,,,,42.83,42.83,,42.83,42.83,42.83,42.83,42.83,41.8,45.27,,,,,42.83,41.46,41.46,40.68,40.68,41.46,50.03,30.91,47.94,46.8,40.68,40.68,41.46,41.8,42.83,44.5,,,,,,
2019-11-03 19:00:00+01:00,,41.04,,41.04,26.69,41.58,,42.0,,41.04,41.04,41.04,40.86,39.96,40.86,41.04,62.54,,54.65,41.04,47.83,,75.0,,,,41.04,41.04,,41.04,41.04,41.04,41.04,41.04,40.86,40.86,,,,,41.04,40.86,40.86,40.39,40.39,40.86,50.0,39.96,47.83,47.22,40.39,40.39,40.86,40.86,41.04,42.0,,,,,,
2019-11-03 20:00:00+01:00,,38.29,,38.29,22.54,37.09,,38.7,,38.29,39.24,39.24,39.24,38.29,39.24,38.29,50.96,,54.78,38.29,42.01,,55.0,,,,38.29,38.29,,38.29,38.29,38.29,38.29,38.29,39.24,39.24,,,,,38.29,39.42,39.42,39.24,39.24,39.42,50.04,38.29,42.02,42.04,39.24,39.24,39.24,39.24,38.29,38.7,,,,,,
2019-11-03 21:00:00+01:00,,34.3,,34.3,22.53,33.4,,34.0,,34.3,37.43,37.43,37.43,34.3,37.43,34.3,46.26,,52.18,34.3,39.96,,48.71,,,,34.3,34.3,,34.3,34.3,34.3,34.3,34.3,37.43,37.43,,,,,34.3,38.4,38.4,37.43,37.43,38.4,49.07,34.3,39.96,38.99,37.43,37.43,37.43,37.43,34.3,34.0,,,,,,
2019-11-03 22:00:00+01:00,,31.37,,31.37,22.52,32.41,,32.2,,31.37,35.86,35.86,35.86,31.37,35.86,31.37,46.42,,34.03,31.37,32.2,,48.88,,,,31.37,31.37,,31.37,31.37,31.37,31.37,31.37,35.86,35.86,,,,,31.37,38.41,38.41,35.86,35.86,38.41,45.7,31.37,32.2,34.06,35.86,35.86,35.86,35.86,31.37,32.2,,,,,,
2019-11-03 23:00:00+01:00,,26.46,,26.46,16.58,28.65,,28.15,,26.46,34.1,34.1,34.1,26.46,34.1,26.46,41.22,,42.0,26.46,28.15,,43.41,,,,26.46,26.46,,26.46,26.46,26.46,26.46,26.46,34.1,34.1,,,,,26.46,38.17,38.17,34.1,34.1,38.17,45.78,26.46,28.15,26.97,34.1,34.1,34.1,34.1,26.46,28.15,,,,,,
2019-11-04 00:00:00+01:00,,26.68,,26.68,19.53,23.72,,24.52,,26.68,26.68,34.76,34.76,12.1,34.76,26.68,38.72,,31.0,26.68,24.52,,40.77,,,,26.68,26.68,,26.68,26.68,26.68,26.68,26.68,34.76,34.76,,,,,26.68,37.46,37.46,34.76,34.76,37.46,46.98,12.1,24.52,21.33,34.76,34.76,34.76,34.76,26.68,24.52,,,,,,
2019-11-04 01:00:00+01:00,,24.94,,24.94,12.97,20.97,,21.35,,24.94,24.94,34.56,34.56,8.45,34.56,24.94,43.89,,23.32,24.94,21.35,,44.14,,,,24.94,24.94,,24.94,24.94,24.94,24.94,24.94,34.56,34.56,,,,,24.94,37.42,37.42,34.56,34.56,37.42,46.96,8.45,21.36,17.27,34.56,34.56,34.56,34.56,24.94,21.35,,,,,,
2019-11-04 02:00:00+01:00,,22.51,,22.51,10.9,19.46,,19.77,,22.51,22.51,34.6,34.6,5.95,34.6,22.51,42.04,,21.38,22.51,19.77,,41.19,,,,22.51,22.51,,22.51,22.51,22.51,22.51,22.51,34.6,34.6,,,,,22.51,37.35,37.35,34.6,34.6,37.35,46.94,5.95,19.77,15.58,34.6,34.6,34.6,34.6,22.51,19.77,,,,,,
2019-11-04 03:00:00+01:00,,23.1,,15.02,10.16,16.62,,18.13,,22.28,22.28,34.46,34.46,5.95,34.46,13.64,37.57,,17.09,23.1,18.13,,38.62,,,,13.64,13.64,,13.64,13.64,13.64,13.64,13.64,34.46,34.46,,,,,18.82,37.45,37.45,34.46,34.46,37.45,46.93,5.95,18.13,15.09,34.46,34.46,34.46,34.46,23.1,18.13,,,,,,
2019-11-04 04:00:00+01:00,,23.94,,13.15,14.71,18.48,,19.71,,22.85,22.85,35.47,35.47,5.95,35.47,11.32,31.27,,19.42,23.94,19.71,,31.64,,,,11.32,11.32,,11.32,11.32,11.32,11.32,11.32,35.47,35.47,,,,,18.26,37.65,37.65,35.47,35.47,37.65,44.55,5.95,19.71,15.36,35.47,35.47,35.47,35.47,23.94,19.71,,,,,,
2019-11-04 05:00:00+01:00,,26.59,,21.19,22.52,22.5,,26.7,,26.1,26.1,36.37,38.09,8.0,38.09,20.0,28.51,,34.3,26.59,26.7,,30.0,,,,20.0,20.0,,20.0,20.0,20.0,20.0,20.0,36.37,38.09,,,,,23.81,38.04,38.04,36.37,36.37,38.04,49.32,8.0,26.7,20.47,36.37,36.37,36.37,36.37,26.59,26.7,,,,,,
2019-11-04 06:00:00+01:00,,35.5,,35.5,25.95,35.03,,35.28,,35.5,35.5,39.51,51.04,14.5,51.04,35.5,36.49,,57.38,35.5,35.28,,37.26,,,,35.5,35.5,,35.5,35.5,35.5,35.5,35.5,39.51,51.04,,,,,35.5,39.51,39.51,39.51,39.51,39.51,54.62,14.5,35.27,34.24,39.51,39.51,39.51,39.51,35.5,35.28,,,,,,
2019-11-04 07:00:00+01:00,,43.56,,43.56,38.56,44.01,,45.09,,43.56,43.56,43.56,53.63,30.0,53.63,43.56,45.74,,54.98,43.56,45.09,,46.98,,,,43.56,43.56,,43.56,43.56,43.56,43.56,43.56,43.56,53.63,,,,,43.56,41.65,41.65,41.65,41.65,41.65,56.74,30.0,51.99,47.06,41.65,41.65,41.65,43.56,43.56,45.09,,,,,,
2019-11-04 08:00:00+01:00,,45.35,,45.35,37.6,46.07,,47.9,,45.35,45.35,45.35,52.41,38.49,52.41,45.35,46.29,,69.27,45.37,48.05,,47.54,,,,45.37,45.37,,45.37,5.0,45.37,5.0,5.0,45.35,52.41,,,,,45.35,43.25,43.25,43.25,43.25,43.25,59.86,38.49,56.36,51.91,43.25,43.25,43.25,45.35,45.37,48.05,,,,,,
2019-11-04 09:00:00+01:00,,45.07,,45.07,31.17,44.79,,45.64,,45.07,45.07,45.07,50.65,41.48,50.65,45.07,46.34,,69.26,45.07,48.05,,49.9,,,,45.07,45.07,,45.07,3.0,45.07,3.0,3.0,50.02,50.65,,,,,45.07,43.61,43.61,44.04,44.04,43.61,59.86,41.48,50.26,50.04,44.04,44.04,44.04,45.07,45.07,48.05,,,,,,
2019-11-04 10:00:00+01:00,,43.97,,43.97,23.27,44.02,,42.92,,43.97,43.97,43.97,49.93,39.1,49.93,43.97,45.21,,55.07,43.97,42.92,,47.55,,,,43.97,43.97,,43.97,0.0,43.97,0.0,0.0,48.1,49.93,,,,,43.97,42.64,42.64,43.01,43.01,42.64,59.39,39.1,42.91,47.9,43.01,43.01,43.01,43.97,43.97,42.92,,,,,,
2019-11-04 11:00:00+01:00,,43.33,,43.33,26.04,44.53,,42.5,,43.33,43.33,43.33,49.59,37.0,49.59,43.33,44.38,,55.06,43.33,42.92,,46.67,,,,43.33,43.33,,43.33,0.0,43.33,0.0,0.0,48.08,49.59,,,,,43.33,42.25,42.25,42.25,42.25,42.25,59.85,37.0,42.91,48.33,42.25,42.25,42.25,43.33,43.33,42.92,,,,,,
2019-11-04 12:00:00+01:00,,41.71,,41.71,35.47,43.96,,43.7,,41.71,41.71,41.71,48.72,34.66,48.72,41.71,42.73,,55.07,41.71,44.61,,44.93,,,,41.71,41.71,,41.71,0.0,41.71,0.0,0.0,48.08,48.72,,,,,41.71,41.71,41.71,41.71,41.71,41.71,59.77,34.66,44.6,45.93,41.71,41.71,41.71,41.71,41.71,44.61,,,,,,
2019-11-04 13:00:00+01:00,,43.65,,43.65,40.54,44.03,,43.79,,43.65,42.26,43.65,49.05,33.32,49.05,43.65,44.72,,55.06,43.65,44.82,,45.9,,,,43.65,43.65,,43.65,0.0,43.65,0.0,0.0,49.05,49.05,,,,,43.65,42.26,42.26,42.26,42.26,42.26,60.32,33.32,44.8,45.79,42.26,42.26,42.26,43.65,43.65,44.82,,,,,,
2019-11-04 14:00:00+01:00,,44.39,,44.39,41.97,45.28,,45.2,,44.39,42.22,44.39,49.05,30.4,49.05,44.39,45.35,,55.07,44.39,45.2,,43.56,,,,44.39,44.39,,44.39,1.0,44.39,1.0,1.0,49.05,49.05,,,,,44.39,42.22,42.22,42.22,42.22,42.22,58.97,30.4,45.18,48.68,42.22,42.22,42.22,44.39,44.39,45.2,,,,,,
2019-11-04 15:00:00+01:00,,46.38,,46.38,43.09,47.2,,47.7,,46.38,42.42,46.38,51.06,31.4,51.06,46.38,47.39,,55.79,46.48,49.71,,45.0,,,,46.48,46.48,,46.48,5.99,46.48,5.99,5.99,48.08,51.06,,,,,46.38,42.42,42.42,42.42,42.42,42.42,59.37,31.4,49.69,49.9,42.42,42.42,42.42,46.38,46.48,49.71,,,,,,
2019-11-04 16:00:00+01:00,,48.19,,46.06,46.28,48.59,,49.9,,48.19,48.19,48.19,53.64,33.32,53.64,45.38,46.37,,65.11,48.19,55.07,,44.28,,,,46.53,46.53,,46.53,46.53,46.53,46.53,46.53,49.09,53.64,,,,,47.89,43.19,43.19,43.5,43.5,43.19,60.31,33.32,55.04,53.26,43.5,43.5,43.5,48.19,48.19,55.07,,,,,,
2019-11-04 17:00:00+01:00,,52.89,,52.89,45.26,52.42,,56.2,,52.89,51.53,52.89,53.61,37.99,53.61,52.89,54.21,,75.49,52.89,60.96,,50.0,,,,52.89,52.89,,52.89,52.89,52.89,76.93,52.89,52.89,53.61,,,,,52.89,43.38,43.38,44.28,44.28,43.38,60.31,37.99,60.93,62.32,44.28,44.28,51.53,52.89,52.89,60.96,,,,,,
2019-11-04 18:00:00+01:00,,52.92,,52.92,45.95,53.08,,55.72,,52.92,48.39,52.92,52.92,45.03,52.92,52.92,61.62,,69.22,52.92,58.47,,58.82,,,,52.92,52.92,,52.92,52.92,52.92,76.93,52.92,52.92,52.92,,,,,52.92,43.02,43.02,43.94,43.94,43.02,59.83,45.03,58.44,62.58,43.94,43.94,43.94,52.92,52.92,58.47,,,,,,
2019-11-04 19:00:00+01:00,,48.91,,48.91,41.26,50.93,,51.21,,48.91,43.24,48.91,48.91,48.83,48.91,48.91,52.22,,69.25,48.91,53.07,,52.62,,,,48.91,48.91,,48.91,48.91,48.91,48.91,48.91,48.91,48.91,,,,,48.91,42.65,42.65,42.65,42.65,42.65,60.3,48.83,53.04,58.0,42.65,42.65,42.65,48.91,48.91,53.07,,,,,,
2019-11-04 20:00:00+01:00,,44.21,,44.21,33.68,44.91,,43.63,,44.21,43.15,43.15,43.23,44.21,43.23,44.21,55.71,,67.61,44.21,43.63,,50.0,,,,44.21,44.21,,44.21,44.21,44.21,76.93,44.21,43.23,43.23,,,,,44.21,41.69,41.69,41.69,41.69,41.69,59.02,44.21,43.61,49.97,41.69,41.69,41.69,43.15,44.21,43.63,,,,,,
2019-11-04 21:00:00+01:00,,37.95,,37.95,26.02,40.95,,36.04,,37.95,37.95,40.0,40.0,37.95,40.0,37.95,45.88,,65.22,41.04,36.04,,37.0,,,,41.04,41.04,,41.04,41.04,41.04,61.0,41.04,40.0,40.0,,,,,37.95,40.0,40.0,40.0,40.0,40.0,52.25,37.95,36.01,36.51,40.0,40.0,40.0,40.0,41.04,36.04,,,,,,
2019-11-04 22:00:00+01:00,,35.5,,35.5,24.0,37.45,,33.8,,35.5,35.5,35.5,38.98,32.4,38.98,35.5,37.15,,60.1,37.2,33.8,,35.0,,,,37.2,37.2,,37.2,37.2,37.2,37.2,37.2,38.98,38.98,,,,,35.5,39.44,39.44,38.98,38.98,39.44,48.75,32.4,33.77,33.54,38.98,38.98,38.98,38.98,37.2,33.8,,,,,,
2019-11-04 23:00:00+01:00,,30.0,,30.0,22.55,34.3,,28.88,,30.0,30.0,30.0,36.6,27.01,36.6,30.0,32.16,,57.61,30.0,28.88,,29.0,,,,30.0,30.0,,30.0,30.0,30.0,30.0,30.0,36.6,36.6,,,,,30.0,39.5,39.5,36.6,36.6,39.5,48.5,27.01,28.86,28.82,36.6,36.6,36.6,36.6,30.0,28.88,,,,,,
2019-11-05 00:00:00+01:00,,26.5,,26.5,22.51,30.42,,29.89,,26.5,26.5,26.5,37.08,21.53,37.08,26.5,34.83,,57.36,26.5,29.89,,28.89,,,,26.5,26.5,,26.5,26.5,26.5,26.5,26.5,37.08,37.08,,,,,26.5,39.64,39.64,37.08,37.08,39.64,49.23,21.53,11.77,32.44,37.08,37.08,37.08,37.08,26.5,29.89,,,,,,
2019-11-05 01:00:00+01:00,,25.64,,25.64,22.51,28.44,,28.93,,25.64,25.64,25.64,36.57,14.0,36.57,25.64,37.06,,57.34,25.64,28.93,,27.79,,,,25.64,25.64,,25.64,25.64,25.64,25.64,25.64,36.57,36.57,,,,,25.64,39.51,39.51,36.57,36.57,39.51,49.7,14.0,10.7,27.22,36.57,36.57,36.57,36.57,25.64,28.93,,,,,,
2019-11-05 02:00:00+01:00,,25.97,,25.97,22.51,27.04,,26.95,,25.97,25.97,25.97,36.37,9.99,36.37,25.97,32.63,,57.34,25.97,26.95,,26.54,,,,25.97,25.97,,25.97,25.97,25.97,25.97,25.97,36.37,36.37,,,,,25.97,39.49,39.49,36.37,36.37,39.49,49.82,9.99,6.3,22.73,36.37,36.37,36.37,36.37,25.97,26.95,,,,,,
2019-11-05 03:00:00+01:00,,24.99,,24.99,22.52,25.34,,25.99,,24.99,24.99,24.99,36.48,9.1,36.48,24.99,32.29,,57.74,24.99,25.99,,26.23,,,,24.99,24.99,,24.99,24.99,24.99,24.99,24.99,36.48,36.48,,,,,24.99,39.53,39.53,36.48,36.48,39.53,49.79,9.1,10.51,19.73,36.48,36.48,36.48,36.48,24.99,25.99,,,,,,
2019-11-05 04:00:00+01:00,,26.04,,26.04,22.54,25.92,,26.97,,26.04,26.04,26.04,37.85,8.45,37.85,26.04,26.95,,65.69,26.04,26.97,,25.07,,,,26.04,26.04,,26.04,26.04,26.04,26.04,26.04,37.85,37.85,,,,,26.04,39.72,39.72,37.85,37.85,39.72,48.8,8.45,15.76,21.93,37.85,37.85,37.85,37.85,26.04,26.97,,,,,,
2019-11-05 05:00:00+01:00,,27.94,,27.94,38.32,29.29,,29.59,,27.94,27.94,27.94,48.55,13.62,48.55,27.94,28.91,,66.09,27.94,29.59,,15.0,,,,27.94,27.94,,27.94,27.94,27.94,27.94,27.94,48.55,48.55,,,,,27.94,40.62,40.62,40.62,40.62,40.62,48.73,13.62,29.56,25.95,40.62,40.62,40.62,40.62,27.94,29.59,,,,,,
2019-11-05 06:00:00+01:00,,38.92,,38.92,48.96,38.22,,38.56,,38.92,38.92,38.92,64.85,19.99,64.85,38.92,40.11,,58.73,38.92,38.56,,28.0,,,,38.92,38.92,,38.92,38.92,38.92,38.92,38.92,55.34,64.85,,,,,38.92,41.42,41.42,41.42,41.42,41.42,55.32,19.99,38.53,36.36,41.42,41.42,41.42,41.42,38.92,38.56,,,,,,
2019-11-05 07:00:00+01:00,,45.52,,45.52,56.02,47.9,,48.35,,45.52,45.52,45.52,65.27,30.0,65.27,45.52,46.78,,69.15,45.52,48.35,,30.62,,,,45.52,45.52,,45.52,45.52,45.52,45.52,45.52,59.86,65.27,,,,,45.52,43.02,43.02,45.1,45.1,43.02,59.84,30.0,48.3,48.41,45.1,45.1,45.1,45.52,45.52,48.35,,,,,,
2019-11-05 08:00:00+01:00,,47.97,,47.97,55.38,49.47,,50.15,,47.97,47.97,47.97,68.04,35.0,68.04,47.97,46.91,,74.88,47.97,50.15,,38.9,,,,47.97,47.97,,47.97,5.0,47.97,5.0,5.0,68.04,68.04,,,,,47.97,46.3,46.3,46.3,46.3,46.3,61.44,35.0,50.09,50.26,46.3,46.3,47.97,47.97,47.97,50.15,,,,,,
2019-11-05 09:00:00+01:00,,47.43,,47.43,45.63,49.07,,49.34,,47.43,47.43,47.43,48.31,35.01,48.31,47.43,46.51,,66.29,47.43,49.34,,42.48,,,,48.0,48.0,,48.0,0.01,48.0,0.01,0.01,47.43,48.31,,,,,47.43,45.39,45.39,45.39,45.39,45.39,59.43,35.01,44.59,49.82,45.39,45.39,47.43,47.43,47.43,49.34,,,,,,
2019-11-05 10:00:00+01:00,,47.98,,47.98,42.17,48.1,,47.36,,47.98,47.98,47.98,47.98,33.42,47.98,47.98,47.97,,66.26,47.98,47.36,,48.94,,,,49.57,49.57,,49.57,0.0,49.57,0.0,0.0,47.98,47.98,,,,,47.98,44.48,44.48,45.3,45.3,44.48,59.15,33.42,41.58,48.11,45.3,45.3,47.98,47.98,47.98,47.36,,,,,,
2019-11-05 11:00:00+01:00,,48.43,,48.43,40.99,47.96,,47.28,,48.43,48.43,48.43,48.43,32.69,48.43,48.43,47.49,,56.29,48.43,47.28,,48.45,,,,49.89,49.89,,49.89,0.0,49.89,0.0,0.0,48.43,48.43,,,,,48.43,43.95,43.95,44.96,44.96,43.95,59.44,32.69,39.92,46.33,44.96,44.96,48.43,48.43,48.43,47.28,,,,,,
2019-11-05 12:00:00+01:00,,46.96,,46.96,42.76,47.09,,47.4,,46.96,46.96,46.96,49.63,31.25,49.63,46.96,46.47,,56.2,46.96,47.4,,47.41,,,,46.96,46.96,,46.96,0.0,46.96,0.0,0.0,49.63,49.63,,,,,46.96,43.67,43.67,44.84,43.47,43.67,59.42,31.25,41.13,46.05,44.84,44.84,46.96,46.96,46.96,47.4,,,,,,
2019-11-05 13:00:00+01:00,,48.34,,48.34,45.07,47.65,,47.94,,48.34,48.34,48.34,61.57,30.01,61.57,48.34,48.26,,56.2,48.34,47.94,,50.43,,,,48.34,48.34,,48.34,0.0,48.34,0.0,0.0,61.57,61.57,,,,,48.34,43.45,43.45,44.76,43.54,43.45,61.53,30.01,44.99,46.08,44.76,44.76,48.34,48.34,48.34,47.94,,,,,,
2019-11-05 14:00:00+01:00,,49.91,,49.91,53.08,49.29,,48.85,,49.91,49.91,49.91,59.53,28.0,59.53,49.91,48.95,,69.16,49.91,48.85,,51.15,,,,50.0,50.0,,50.0,0.0,50.0,0.0,0.0,59.53,59.53,,,,,49.91,43.37,43.37,44.67,44.67,43.37,59.48,28.0,48.79,48.1,44.67,44.67,49.91,49.91,49.91,48.85,,,,,,
2019-11-05 15:00:00+01:00,,50.0,,50.0,58.02,50.6,,50.71,,50.0,50.0,50.0,59.76,28.05,59.76,50.0,51.13,,74.88,50.0,50.71,,52.15,,,,50.0,50.0,,50.0,4.49,50.0,4.49,4.49,59.76,59.76,,,,,50.0,43.14,43.14,43.14,43.14,43.14,59.71,28.05,50.64,52.02,43.14,43.14,50.0,50.0,50.0,50.71,,,,,,
2019-11-05 16:00:00+01:00,,50.04,,50.04,59.16,51.94,,52.5,,50.04,50.04,51.27,67.47,30.5,67.47,50.04,51.44,,76.98,50.04,54.15,,53.74,,,,50.04,48.07,,50.04,48.07,48.07,48.07,48.07,67.47,67.47,,,,,50.04,43.43,43.43,43.43,43.43,43.43,67.41,30.5,54.07,55.09,43.43,43.43,51.27,51.27,50.04,54.15,,,,,,
2019-11-05 17:00:00+01:00,,60.71,,60.71,63.95,55.63,,59.19,,60.71,60.71,60.71,68.06,36.99,68.06,60.71,62.59,,76.98,60.71,60.95,,65.39,,,,60.71,60.71,,60.71,60.71,60.71,60.71,60.71,68.06,68.06,,,,,60.71,46.27,46.27,46.27,46.27,46.27,67.99,36.99,60.86,61.61,46.27,46.27,60.71,60.71,60.71,59.19,,,,,,
2019-11-05 18:00:00+01:00,,62.89,,62.89,63.94,57.11,,60.51,,62.89,62.89,62.89,63.35,45.0,63.35,62.89,68.91,,75.03,62.89,60.68,,92.34,,,,62.89,62.89,,62.89,62.89,62.89,62.89,62.89,63.35,63.35,,,,,62.89,47.53,47.53,47.53,47.53,47.53,63.29,45.0,60.59,63.05,47.53,47.53,62.89,62.89,62.89,60.51,,,,,,
2019-11-05 19:00:00+01:00,,52.3,,52.3,52.0,53.18,,55.74,,52.3,52.3,52.3,51.05,48.01,51.05,52.3,58.49,,77.01,52.3,55.74,,102.99,,,,52.3,52.3,,52.3,52.3,52.3,76.93,52.3,51.05,51.05,,,,,52.3,46.56,46.56,46.56,46.56,46.56,59.37,48.01,55.66,58.86,46.56,46.56,46.56,51.05,52.3,55.74,,,,,,
2019-11-05 20:00:00+01:00,,47.56,,47.56,42.93,48.14,,48.5,,47.56,47.56,47.56,46.42,47.56,46.42,47.56,55.78,,76.97,47.56,48.5,,72.0,,,,47.56,47.56,,47.56,47.56,47.56,76.93,47.56,46.42,46.42,,,,,47.56,44.92,44.92,44.92,44.92,44.92,58.88,47.56,44.18,50.76,44.92,44.92,44.92,46.42,47.56,48.5,,,,,,
2019-11-05 21:00:00+01:00,,43.3,,43.3,36.97,42.89,,41.94,,43.3,43.3,43.3,42.38,43.3,42.38,43.3,44.84,,74.88,43.3,41.94,,64.32,,,,43.3,43.3,,43.3,43.3,43.3,61.0,43.3,42.38,42.38,,,,,43.3,42.38,42.38,42.38,42.38,42.38,55.87,43.3,28.77,43.87,42.38,42.38,42.38,42.38,43.3,41.94,,,,,,
2019-11-05 22:00:00+01:00,,41.21,,41.21,30.94,40.36,,38.0,,41.21,41.21,41.21,41.21,41.21,41.21,41.21,44.06,,74.88,41.21,38.0,,85.0,,,,41.21,41.21,,41.21,41.21,41.21,41.21,41.21,41.21,41.21,,,,,41.21,41.21,41.21,41.21,41.21,41.21,53.8,41.21,33.01,40.03,41.21,41.21,41.21,41.21,41.21,38.0,,,,,,
2019-11-05 23:00:00+01:00,,38.3,,38.3,22.55,36.33,,33.34,,38.3,38.65,39.57,39.57,38.3,39.57,38.3,40.77,,59.59,38.3,33.34,,51.65,,,,38.3,38.3,,38.3,38.3,38.3,38.3,38.3,39.57,39.57,,,,,38.3,39.57,39.57,39.57,39.57,39.57,48.65,38.3,21.0,36.45,39.57,39.57,39.57,39.57,38.3,33.34,,,,,,
2019-11-06 00:00:00+01:00,,36.97,,36.97,29.96,36.32,,34.2,,36.97,40.4,40.4,40.4,36.97,40.4,36.97,38.24,,59.19,36.97,34.2,,49.71,,,,36.97,36.97,,36.97,36.97,36.97,36.97,36.97,40.4,40.4,,,,,36.97,40.4,40.4,40.4,40.4,40.4,46.72,36.97,34.14,20.48,40.4,40.4,40.4,40.4,36.97,34.2,,,,,,
2019-11-06 01:00:00+01:00,,35.75,,35.75,26.56,34.99,,32.73,,35.75,39.99,39.99,39.99,35.75,39.99,35.75,38.95,,59.16,35.75,32.73,,40.89,,,,35.75,35.75,,35.75,35.75,35.75,35.75,35.75,39.99,39.99,,,,,35.75,39.99,39.99,39.99,39.99,39.99,47.79,35.75,29.6,20.49,39.99,39.99,39.99,39.99,35.75,32.73,,,,,,
2019-11-06 02:00:00+01:00,,34.27,,34.27,24.55,34.14,,31.86,,34.27,39.97,39.97,39.97,34.27,39.97,34.27,35.44,,59.14,34.27,31.86,,37.07,,,,34.27,34.27,,34.27,34.27,34.27,34.27,34.27,39.97,39.97,,,,,34.27,39.97,39.97,39.97,39.97,39.97,46.05,34.27,27.95,20.51,39.97,39.97,39.97,39.97,34.27,31.86,,,,,,
2019-11-06 03:00:00+01:00,,33.79,,33.79,23.6,32.79,,30.93,,33.79,40.2,40.2,40.2,33.79,40.2,33.79,38.4,,59.14,33.79,30.93,,40.18,,,,33.79,33.79,,33.79,33.79,33.79,33.79,33.79,40.2,40.2,,,,,33.79,40.2,40.2,40.2,40.2,40.2,45.98,33.79,27.84,20.5,40.2,40.2,40.2,40.2,33.79,30.93,,,,,,
2019-11-06 04:00:00+01:00,,34.45,,34.45,26.04,33.71,,32.32,,34.45,41.03,41.03,41.03,34.45,41.03,34.45,37.17,,59.3,34.45,32.32,,38.89,,,,34.45,34.45,,34.45,34.45,34.45,34.45,34.45,41.03,41.03,,,,,34.45,41.03,41.03,41.03,41.03,41.03,45.18,34.45,32.27,20.5,41.03,41.03,41.03,41.03,34.45,32.32,,,,,,
2019-11-06 05:00:00+01:00,,37.74,,37.74,28.67,35.44,,34.5,,37.74,40.38,41.39,59.92,37.74,59.92,37.74,39.0,,56.23,37.74,34.5,,40.82,,,,37.74,37.74,,37.74,37.74,37.74,37.74,37.74,49.23,59.92,,,,,37.74,41.39,41.39,41.39,41.39,41.39,49.32,37.74,34.45,20.5,41.39,41.39,41.39,41.39,37.74,34.5,,,,,,
2019-11-06 06:00:00+01:00,,45.63,,45.63,39.86,45.72,,45.91,,45.63,45.63,45.63,59.04,42.84,59.04,45.63,46.81,,59.98,45.63,45.91,,49.0,,,,45.63,45.63,,45.63,45.63,45.63,45.63,45.63,58.93,58.93,,,,,45.63,45.63,44.62,45.63,45.63,45.63,59.03,42.84,45.84,20.5,45.63,45.63,45.63,45.63,45.63,45.91,,,,,,
2019-11-06 07:00:00+01:00,,55.77,,55.77,44.47,52.81,,53.13,,55.77,55.77,55.77,64.94,44.0,64.94,55.77,57.2,,59.56,55.77,53.13,,59.89,,,,55.77,55.77,,55.77,55.77,55.77,55.77,55.77,61.15,61.15,,,,,55.77,55.77,55.77,55.77,41.52,55.77,61.26,44.0,53.05,20.5,55.77,55.77,55.77,55.77,55.77,53.13,,,,,,
2019-11-06 08:00:00+01:00,,57.77,,57.77,49.27,56.05,,57.0,,57.77,59.68,59.68,78.65,44.84,78.65,57.77,59.42,,54.99,57.77,57.0,,62.22,,,,57.77,57.77,,57.77,57.77,57.77,57.77,57.77,78.65,78.65,,,,,57.77,59.68,59.68,59.68,42.71,59.68,78.8,44.84,56.92,20.5,59.68,59.68,59.68,59.68,57.77,57.0,,,,,,
2019-11-06 09:00:00+01:00,,56.92,,56.92,46.38,55.78,,56.09,,56.92,56.92,56.92,56.92,45.21,56.92,56.92,58.54,,54.71,56.92,56.09,,77.39,,,,56.92,56.92,,56.92,56.92,56.92,56.92,56.92,56.92,56.92,,,,,56.92,56.92,56.92,56.92,43.7,56.92,74.45,45.21,56.01,20.5,56.92,56.92,56.92,56.92,56.92,56.09,,,,,,
2019-11-06 10:00:00+01:00,,56.8,,56.8,47.82,54.77,,54.96,,56.8,56.8,56.8,56.8,42.84,56.8,56.8,58.64,,46.86,56.8,54.96,,81.0,,,,56.8,56.8,,56.8,56.8,56.8,56.8,56.8,56.8,56.8,,,,,56.8,56.8,56.8,56.8,43.23,56.8,62.93,42.84,54.88,20.51,56.8,56.8,56.8,56.8,56.8,54.96,,,,,,
2019-11-06 11:00:00+01:00,,56.44,,56.44,47.92,54.69,,54.53,,56.44,56.44,56.44,56.44,41.76,56.44,56.44,58.01,,46.5,56.44,54.53,,65.81,,,,56.44,56.44,,56.44,56.44,56.44,56.44,56.44,56.44,56.44,,,,,56.44,56.44,56.44,56.44,42.38,56.44,65.76,41.76,54.45,20.51,56.44,56.44,56.44,56.44,56.44,54.53,,,,,,
2019-11-06 12:00:00+01:00,,54.42,,54.42,45.93,52.71,,52.79,,54.42,54.42,54.42,54.42,40.66,54.42,54.42,55.94,,44.72,54.42,52.79,,65.81,,,,54.42,54.42,,54.42,54.42,54.42,54.42,54.42,54.42,54.42,,,,,54.42,54.42,54.42,54.42,41.78,54.42,63.91,40.66,52.72,20.5,54.42,54.42,54.42,54.42,54.42,52.79,,,,,,
2019-11-06 13:00:00+01:00,,55.8,,55.8,48.57,53.12,,52.8,,55.8,55.8,55.8,64.98,40.38,64.98,55.8,57.34,,45.5,55.8,52.8,,65.34,,,,55.8,55.8,,55.8,55.8,55.8,55.8,55.8,64.98,64.98,,,,,55.8,55.8,55.8,55.8,41.91,55.8,65.12,40.38,52.73,20.51,55.8,55.8,55.8,55.8,55.8,52.8,,,,,,
2019-11-06 14:00:00+01:00,,57.28,,57.28,57.78,53.61,,53.95,,57.28,57.28,57.28,61.18,37.59,61.18,57.28,58.85,,54.75,57.28,53.95,,61.7,,,,57.28,57.28,,57.28,57.28,57.28,57.28,57.28,61.18,61.18,,,,,57.28,57.28,57.28,57.28,42.28,57.28,61.31,37.59,53.88,20.5,57.28,57.28,57.28,57.28,57.28,53.95,,,,,,
2019-11-06 15:00:00+01:00,,57.39,,57.39,57.8,54.43,,56.2,,57.39,57.39,57.39,64.99,37.59,64.99,57.39,58.94,,55.09,57.39,56.2,,61.33,,,,57.39,57.39,,57.39,57.39,57.39,57.39,57.39,64.99,64.99,,,,,57.39,57.39,57.39,57.39,42.75,57.39,65.13,37.59,56.13,20.51,57.39,57.39,57.39,57.39,57.39,56.2,,,,,,
2019-11-06 16:00:00+01:00,,60.71,,60.71,64.94,58.06,,58.4,,60.71,60.71,60.71,75.38,40.9,75.38,60.71,62.35,,65.19,60.71,59.95,,64.64,,,,60.71,60.71,,60.71,60.71,60.71,78.53,60.71,75.38,75.38,,,,,60.71,60.71,60.71,60.71,60.71,60.71,75.55,40.9,59.88,20.49,60.71,60.71,60.71,60.71,60.71,58.4,,,,,,
2019-11-06 17:00:00+01:00,,76.08,,76.08,64.46,68.13,,68.5,,76.08,76.25,76.25,77.59,42.18,77.59,76.08,78.16,,67.46,76.08,69.92,,75.53,,,,76.08,76.08,,76.08,76.08,76.08,94.53,76.08,77.59,77.59,,,,,76.08,76.25,76.25,76.25,76.25,76.25,77.76,42.18,69.83,20.5,76.25,76.25,76.25,76.25,76.08,68.5,,,,,,
2019-11-06 18:00:00+01:00,,87.12,,87.12,65.43,72.0,,70.88,,87.12,87.12,87.12,88.08,45.3,88.08,87.12,95.39,,67.46,87.12,72.06,,97.71,,,,76.08,76.08,,76.08,76.08,76.08,99.34,76.08,88.08,88.08,,,,,87.12,84.33,84.33,80.75,80.75,84.33,88.28,45.3,71.97,20.51,80.75,80.75,87.12,87.12,87.12,70.88,,,,,,
2019-11-06 19:00:00+01:00,,65.0,,65.0,55.22,61.79,,60.88,,65.0,65.0,65.0,62.48,46.51,62.92,65.0,72.95,,67.44,65.0,61.61,,74.74,,,,65.0,65.0,,65.0,65.0,65.0,100.34,65.0,62.48,62.48,,,,,65.0,62.92,62.92,62.92,62.92,62.92,73.6,46.51,61.54,20.5,62.92,62.92,62.92,63.44,65.0,60.88,,,,,,
2019-11-06 20:00:00+01:00,,54.47,,54.47,45.86,53.89,,53.89,,54.47,54.47,54.47,53.17,46.05,52.73,54.47,63.43,,67.4,54.47,53.89,,65.0,,,,54.47,54.47,,54.47,54.47,54.47,94.53,54.47,53.17,53.17,,,,,54.47,52.73,52.73,52.73,52.73,52.73,59.33,46.05,53.83,20.51,52.73,52.73,52.73,53.17,54.47,53.89,,,,,,
2019-11-06 21:00:00+01:00,,47.52,,47.52,40.26,47.91,,46.46,,47.52,47.52,47.52,47.52,44.0,47.52,47.52,49.24,,55.09,47.52,46.46,,50.47,,,,47.52,47.52,,47.52,47.52,47.52,78.53,47.52,47.52,47.52,,,,,47.52,46.22,46.22,46.22,46.22,46.22,56.11,44.0,46.4,20.49,46.22,46.22,46.22,47.52,47.52,46.46,,,,,,
2019-11-06 22:00:00+01:00,,44.59,,44.59,36.03,45.96,,43.16,,44.59,44.59,43.53,43.53,40.66,43.53,44.59,47.51,,53.68,44.59,43.16,,49.89,,,,44.59,44.59,,44.59,44.59,44.59,51.53,44.59,43.53,43.53,,,,,44.59,43.53,43.53,43.53,43.53,43.53,54.79,40.66,43.11,20.49,43.53,43.53,43.53,43.53,44.59,43.16,,,,,,
2019-11-06 23:00:00+01:00,,40.3,,40.3,32.83,42.29,,38.84,,40.3,40.3,41.39,41.39,39.17,41.39,40.3,41.33,,51.0,40.3,38.84,,42.0,,,,40.3,40.3,,40.3,40.3,40.3,40.3,40.3,41.39,41.39,,,,,40.3,41.39,41.39,41.39,41.39,41.39,48.57,39.17,38.79,20.51,41.39,41.39,41.39,41.39,40.3,38.84,,,,,,
2019-11-07 00:00:00+01:00,,39.07,,39.07,33.2,38.28,,37.84,,39.07,41.97,41.97,41.97,39.07,41.97,39.07,46.37,,45.0,39.07,37.84,,45.35,,,,39.07,39.07,,39.07,39.07,39.07,39.07,39.07,41.97,41.97,,,,,39.07,41.97,41.97,41.97,41.97,41.97,44.87,39.07,37.79,37.03,41.97,41.97,41.97,41.97,39.07,37.84,,,,,,
2019-11-07 01:00:00+01:00,,35.95,,35.95,30.55,36.09,,36.01,,35.95,41.14,41.14,41.14,35.95,41.14,35.95,49.17,,36.87,35.95,36.01,,46.08,,,,35.95,35.95,,35.95,35.95,35.95,35.95,35.95,41.14,41.14,,,,,35.95,41.14,41.14,41.14,41.14,41.14,46.05,35.95,35.96,34.95,41.14,41.14,41.14,41.14,35.95,36.01,,,,,,
2019-11-07 02:00:00+01:00,,33.4,,33.4,26.89,34.64,,34.1,,33.4,40.68,40.68,40.68,33.4,40.68,33.4,40.5,,28.77,33.4,34.1,,38.75,,,,33.4,33.4,,33.4,33.4,33.4,33.4,33.4,40.68,40.68,,,,,33.4,40.68,40.68,40.68,40.68,40.68,45.81,33.4,34.05,32.97,40.68,40.68,40.68,40.68,33.4,34.1,,,,,,
2019-11-07 03:00:00+01:00,,32.67,,32.67,27.99,33.71,,33.01,,32.67,40.97,40.97,40.97,32.67,40.97,32.67,39.35,,36.45,32.67,33.01,,37.65,,,,32.67,32.67,,32.67,32.67,32.67,32.67,32.67,40.97,40.97,,,,,32.67,40.97,40.97,40.97,40.97,40.97,46.75,32.67,32.96,31.93,40.97,40.97,40.97,40.97,32.67,33.01,,,,,,
2019-11-07 04:00:00+01:00,,32.98,,32.32,28.18,33.24,,34.0,,32.98,42.11,42.11,42.11,32.11,42.11,32.11,33.8,,37.7,32.11,34.0,,32.33,,,,32.11,32.11,,32.11,32.11,32.11,32.11,32.11,42.11,42.11,,,,,32.9,42.11,42.11,42.11,42.11,42.11,44.94,32.11,33.95,31.92,42.11,42.11,42.11,42.11,32.11,34.0,,,,,,
2019-11-07 05:00:00+01:00,,35.22,,34.87,40.41,36.34,,36.38,,35.3,42.59,43.06,58.25,34.73,58.25,34.73,35.42,,56.46,35.22,36.38,,33.89,,,,35.22,35.22,,35.22,35.22,35.22,35.22,35.22,48.47,48.47,,,,,35.25,43.06,42.59,43.06,43.06,43.06,48.65,34.73,36.33,35.01,43.06,43.06,43.06,43.06,35.22,36.38,,,,,,
2019-11-07 06:00:00+01:00,,42.62,,41.6,44.66,42.39,,43.15,,42.62,43.9,45.68,64.15,41.25,64.15,41.25,41.08,,57.37,42.62,43.15,,39.29,,,,42.62,42.62,,42.62,42.62,42.62,42.62,42.62,55.07,55.07,,,,,42.49,45.68,43.9,45.68,41.36,45.68,55.27,41.25,43.08,42.06,45.68,45.68,45.68,45.68,42.62,43.15,,,,,,
2019-11-07 07:00:00+01:00,,48.12,,48.12,46.92,51.02,,51.01,,48.12,53.9,53.9,70.63,45.22,70.63,48.12,48.74,,58.36,48.12,51.01,,46.6,,,,48.12,48.12,,48.12,48.12,48.12,48.12,48.12,59.23,59.23,,,,,48.12,53.9,49.71,53.9,43.77,53.9,59.46,45.22,50.93,51.02,53.9,53.9,53.9,53.9,48.12,51.01,,,,,,
2019-11-07 08:00:00+01:00,,51.29,,51.29,46.06,53.23,,51.7,,51.29,52.99,58.65,70.98,45.6,70.98,51.29,52.35,,58.45,51.29,51.7,,53.77,,,,51.29,51.29,,51.29,51.29,51.29,51.29,51.29,65.64,65.64,,,,,51.29,58.65,52.99,58.65,54.5,58.65,60.01,45.6,51.62,51.99,58.65,58.65,58.65,58.65,51.29,51.7,,,,,,
2019-11-07 09:00:00+01:00,,48.56,,48.56,44.3,51.59,,49.6,,48.56,50.17,52.87,52.87,45.88,52.87,48.56,49.71,,55.43,48.56,49.6,,51.06,,,,48.56,48.56,,48.56,48.56,48.56,48.56,48.56,52.87,52.87,,,,,48.56,52.87,50.17,52.87,52.87,52.87,58.95,45.88,49.53,49.28,52.87,52.87,52.87,52.87,48.56,49.6,,,,,,
2019-11-07 10:00:00+01:00,,47.54,,47.54,42.71,49.88,,47.62,,47.54,49.11,49.49,51.02,43.94,51.02,47.54,48.87,,55.23,47.54,47.62,,51.42,,,,47.54,47.54,,47.54,47.54,47.54,47.54,47.54,51.02,51.02,,,,,47.54,49.49,49.11,49.49,42.3,49.49,58.76,43.94,47.55,48.0,49.49,49.49,49.49,49.49,47.54,47.62,,,,,,
2019-11-07 11:00:00+01:00,,46.36,,46.36,41.1,48.24,,45.88,,46.36,47.89,47.89,51.03,41.25,51.03,46.36,47.48,,54.76,46.36,46.97,,48.75,,,,46.36,46.36,,46.36,46.36,46.36,46.36,46.36,51.03,51.03,,,,,46.36,47.89,47.89,47.89,42.17,47.89,59.24,41.25,46.9,46.93,47.89,47.89,47.89,47.89,46.36,46.97,,,,,,
2019-11-07 12:00:00+01:00,,43.91,,43.91,43.71,45.18,,44.01,,43.91,45.36,47.15,52.52,40.01,52.52,43.91,44.97,,53.97,43.91,46.45,,46.17,,,,43.91,43.91,,43.91,43.91,43.91,43.91,43.91,52.52,52.52,,,,,43.91,47.15,45.36,47.15,41.78,47.15,59.45,40.01,46.37,45.86,47.15,47.15,47.15,47.15,43.91,46.45,,,,,,
2019-11-07 13:00:00+01:00,,44.57,,44.57,50.17,45.02,,44.01,,44.57,46.04,46.83,59.47,37.86,59.47,44.57,45.65,,45.0,44.57,47.18,,46.0,,,,44.57,44.57,,44.57,44.57,44.57,44.57,44.57,59.47,59.47,,,,,44.57,46.83,46.04,46.83,41.94,46.83,59.71,37.86,47.1,46.61,46.83,46.83,46.83,46.83,44.57,47.18,,,,,,
2019-11-07 14:00:00+01:00,,45.61,,45.61,51.42,46.69,,45.91,,45.61,46.73,46.73,59.95,35.48,59.95,45.61,46.58,,66.22,45.61,47.97,,45.0,,,,45.61,45.61,,45.61,45.61,45.61,45.61,45.61,59.95,59.95,,,,,45.61,46.73,46.73,46.73,46.73,46.73,60.19,35.48,47.89,47.04,46.73,46.73,46.73,46.73,45.61,47.97,,,,,,
2019-11-07 15:00:00+01:00,,46.83,,46.83,54.31,47.3,,46.58,,46.83,46.83,47.42,64.92,35.01,64.92,46.83,47.84,,58.19,46.83,49.34,,45.7,,,,46.83,46.83,,46.83,46.83,46.83,46.83,46.83,63.6,63.6,,,,,46.83,47.42,46.83,47.42,47.42,47.42,60.29,35.01,49.26,48.24,47.42,47.42,47.42,47.42,46.83,46.58,,,,,,
2019-11-07 16:00:00+01:00,,48.68,,48.68,58.11,48.82,,48.75,,48.68,48.68,49.88,74.98,38.01,74.98,48.68,49.74,,59.05,50.52,53.15,,48.65,,,,50.52,50.52,,50.52,50.52,50.52,50.52,50.52,74.98,74.98,,,,,48.68,49.88,48.68,49.88,49.88,49.88,74.93,38.01,71.18,51.13,49.88,49.88,49.88,49.88,50.52,53.15,,,,,,
2019-11-07 17:00:00+01:00,,51.17,,51.17,66.81,52.93,,53.29,,51.17,51.17,52.43,74.93,40.01,74.93,51.17,55.76,,61.58,56.86,63.9,,54.54,,,,60.81,60.81,,56.86,60.81,60.81,75.91,60.81,74.93,74.93,,,,,51.17,52.43,51.17,52.43,52.43,52.43,75.24,40.01,71.18,58.95,52.43,52.43,52.43,52.43,56.86,55.11,,,,,,
2019-11-07 18:00:00+01:00,,49.95,,54.99,63.94,54.29,,53.2,,48.19,48.19,48.19,66.57,43.94,66.57,54.99,63.78,,58.79,54.99,61.67,,65.36,,,,54.99,60.81,,54.99,60.81,60.81,81.91,60.81,66.57,66.57,,,,,48.19,48.19,48.19,48.19,48.19,48.19,65.84,43.94,64.46,59.98,48.19,48.19,48.19,48.19,54.99,53.2,,,,,,
2019-11-07 19:00:00+01:00,,48.09,,49.7,56.6,52.94,,49.84,,46.72,46.72,46.72,51.07,45.45,51.07,52.2,58.24,,66.29,52.2,53.47,,59.81,,,,62.0,62.0,,52.2,62.0,62.0,85.01,62.0,51.07,51.07,,,,,46.72,46.72,46.2,46.72,46.72,46.72,59.48,45.45,53.37,51.93,46.72,46.72,46.72,46.72,52.2,53.47,,,,,,
2019-11-07 20:00:00+01:00,,45.05,,45.05,43.6,48.67,,42.41,,44.98,44.98,44.98,45.32,45.27,45.32,45.27,51.27,,59.06,45.05,46.0,,52.58,,,,46.83,46.83,,46.75,46.83,46.83,85.01,46.83,45.32,45.32,,,,,44.98,44.98,42.94,44.98,44.98,44.98,59.47,45.27,45.91,44.93,44.98,44.98,44.98,44.98,45.05,42.41,,,,,,
2019-11-07 21:00:00+01:00,,38.33,,37.8,36.1,44.87,,37.09,,37.8,37.8,43.39,45.95,40.0,45.95,40.0,47.23,,58.18,38.33,40.26,,46.18,,,,45.0,45.0,,44.47,45.0,45.0,81.91,45.0,45.95,45.95,,,,,37.8,43.39,42.01,43.39,43.39,43.39,56.72,40.0,40.18,40.03,43.39,43.39,43.39,43.39,38.33,37.09,,,,,,
2019-11-07 22:00:00+01:00,,38.42,,41.09,34.96,42.01,,35.57,,37.55,37.55,42.13,42.13,38.0,42.13,41.09,46.76,,42.0,38.42,37.13,,45.71,,,,41.09,41.09,,41.09,41.09,41.09,41.09,41.09,42.13,42.13,,,,,37.3,42.13,41.61,42.13,42.13,42.13,53.38,38.0,37.06,36.32,42.13,42.13,42.13,42.13,38.42,35.57,,,,,,
2019-11-07 23:00:00+01:00,,36.18,,34.1,30.76,37.1,,33.49,,35.33,35.33,41.27,41.27,33.03,41.27,38.99,44.1,,58.96,36.18,33.67,,42.08,,,,38.99,38.99,,38.99,38.99,38.99,38.99,38.99,41.27,41.27,,,,,34.1,41.27,41.27,41.27,41.27,41.27,48.88,33.03,33.61,32.65,41.27,41.27,41.27,41.27,36.18,33.67,,,,,,
2019-11-08 00:00:00+01:00,,33.82,,36.84,32.6,35.91,,33.56,,32.8,32.8,39.91,39.91,36.94,39.91,36.94,37.79,,57.48,33.82,33.56,,36.93,,,,40.0,40.0,,40.0,40.0,40.0,40.0,40.0,39.91,39.91,,,,,30.82,39.91,39.91,39.91,39.91,39.91,47.16,36.94,33.55,33.98,39.91,39.91,39.91,39.91,33.82,33.56,,,,,,
2019-11-08 01:00:00+01:00,,33.59,,35.64,29.85,34.76,,32.3,,32.91,32.91,39.4,39.4,30.21,39.4,35.64,38.23,,29.84,33.59,32.3,,37.0,,,,35.64,35.64,,35.64,35.64,35.64,35.64,35.64,39.4,39.4,,,,,31.6,39.4,39.4,39.4,39.4,39.4,47.75,30.21,32.29,31.69,39.4,39.4,39.4,39.4,33.59,32.3,,,,,,
2019-11-08 02:00:00+01:00,,32.07,,32.07,28.24,32.73,,31.11,,32.07,32.07,39.2,39.2,29.53,39.2,32.07,38.19,,26.15,32.07,31.11,,36.43,,,,32.07,32.07,,32.07,32.07,32.07,32.07,32.07,39.2,39.2,,,,,32.07,39.2,39.2,39.2,39.2,39.2,47.21,29.53,31.1,29.58,39.2,39.2,39.2,39.2,32.07,31.11,,,,,,
2019-11-08 03:00:00+01:00,,31.82,,31.82,30.05,32.08,,30.81,,31.82,31.82,39.23,39.23,28.9,39.23,31.82,41.71,,25.8,31.82,30.81,,39.79,,,,31.82,31.82,,31.82,31.82,31.82,31.82,31.82,39.23,39.23,,,,,31.82,39.23,39.23,39.23,39.23,39.23,47.12,28.9,30.8,29.04,39.23,39.23,39.23,39.23,31.82,30.81,,,,,,
2019-11-08 04:00:00+01:00,,33.19,,33.19,33.77,32.22,,31.79,,33.19,33.19,39.89,39.89,28.8,39.89,33.19,40.41,,30.0,33.19,31.79,,38.54,,,,33.19,33.19,,33.19,33.19,33.19,33.19,33.19,39.89,39.89,,,,,33.19,39.89,39.89,39.89,39.89,39.89,47.09,28.8,31.78,29.95,39.89,39.89,39.89,39.89,33.19,31.79,,,,,,
2019-11-08 05:00:00+01:00,,35.22,,35.22,39.88,35.24,,34.75,,35.22,35.22,41.96,77.84,29.5,77.84,35.22,37.73,,43.1,35.22,34.75,,36.86,,,,36.75,36.75,,36.75,36.75,36.75,36.75,36.75,46.8,48.02,,,,,35.22,41.96,40.7,41.96,41.96,41.96,48.13,29.5,34.74,33.84,41.96,41.96,41.96,41.96,35.22,34.75,,,,,,
2019-11-08 06:00:00+01:00,,45.09,,45.22,50.91,43.95,,43.19,,45.05,45.05,45.05,66.44,31.5,66.44,45.22,46.27,,54.7,45.09,43.73,,44.12,,,,45.56,45.56,,45.56,45.56,45.56,45.56,45.56,53.44,53.44,,,,,44.9,45.05,42.57,45.05,45.05,45.05,53.59,31.5,43.72,42.94,45.05,45.05,45.05,45.05,45.09,43.73,,,,,,
2019-11-08 07:00:00+01:00,,51.91,,52.33,53.63,51.1,,52.0,,51.78,51.78,51.78,79.21,39.24,79.21,52.33,52.83,,58.86,52.33,52.4,,55.23,,,,52.33,52.33,,52.33,52.33,52.33,52.33,52.33,56.26,56.26,,,,,51.49,51.78,51.78,51.78,51.78,51.78,56.42,39.24,52.39,52.13,51.78,51.78,51.78,51.78,52.33,52.0,,,,,,
2019-11-08 08:00:00+01:00,,54.32,,54.32,54.73,54.17,,54.75,,54.32,54.32,54.32,95.98,42.39,95.98,54.32,53.05,,59.54,54.32,55.15,,55.67,,,,73.43,73.43,,73.43,42.54,73.43,42.54,42.54,59.75,59.75,,,,,54.32,54.32,54.32,54.32,54.32,54.32,58.31,42.39,55.13,55.14,54.32,54.32,54.32,54.32,54.32,54.75,,,,,,
2019-11-08 09:00:00+01:00,,55.62,,55.64,51.52,53.26,,54.17,,55.62,55.62,55.62,55.62,42.11,55.62,56.04,57.12,,59.54,55.62,54.17,,65.09,,,,74.56,74.56,,74.56,10.0,74.56,10.0,10.0,55.62,55.62,,,,,55.41,55.62,55.62,55.62,55.62,55.62,57.38,42.11,54.16,52.29,55.62,55.62,55.62,55.62,55.62,54.17,,,,,,
2019-11-08 10:00:00+01:00,,54.94,,55.04,50.72,52.96,,52.58,,54.94,54.94,54.94,54.94,39.69,54.94,55.2,56.5,,58.01,54.94,52.58,,69.14,,,,59.0,59.0,,59.0,4.99,59.0,4.99,4.99,54.94,54.94,,,,,54.81,54.94,54.94,54.94,54.94,54.94,56.89,39.69,52.57,53.22,54.94,54.94,54.94,54.94,54.94,52.58,,,,,,
2019-11-08 11:00:00+01:00,,53.95,,54.04,48.39,52.06,,51.96,,53.95,53.95,53.95,53.95,36.61,53.95,54.2,55.49,,67.13,53.95,51.96,,73.2,,,,61.0,61.0,,61.0,1.01,61.0,1.01,1.01,53.95,53.95,,,,,53.82,53.95,53.95,53.95,53.95,53.95,57.83,36.61,51.95,53.3,53.95,53.95,53.95,53.95,53.95,51.96,,,,,,
2019-11-08 12:00:00+01:00,,52.44,,52.44,53.16,50.95,,50.89,,52.44,52.44,52.44,52.44,35.09,52.44,52.44,53.69,,57.63,52.44,50.89,,76.95,,,,52.44,52.44,,52.44,0.0,52.44,0.0,0.0,52.44,52.44,,,,,52.44,52.44,52.44,52.44,52.44,52.44,58.19,35.09,50.88,49.99,52.44,52.44,52.44,52.44,52.44,50.89,,,,,,
2019-11-08 13:00:00+01:00,,52.52,,52.52,54.74,51.07,,51.21,,52.52,52.52,52.52,58.62,34.33,58.62,52.52,53.77,,57.86,52.52,51.21,,76.98,,,,52.52,52.52,,52.52,0.0,52.52,0.0,0.0,58.62,58.62,,,,,52.52,52.26,52.26,52.26,52.26,52.26,58.76,34.33,51.2,51.39,52.26,52.26,52.26,52.52,52.52,51.21,,,,,,
2019-11-08 14:00:00+01:00,,53.01,,53.01,54.75,51.42,,51.28,,53.01,53.01,53.01,57.68,31.5,57.68,53.01,54.28,,57.82,53.01,51.28,,69.99,,,,57.32,57.32,,57.32,4.49,57.32,4.49,4.49,57.68,57.68,,,,,53.01,52.41,52.41,52.41,52.41,52.41,57.82,31.5,51.27,50.89,52.41,52.41,52.41,53.01,53.01,51.28,,,,,,
2019-11-08 15:00:00+01:00,,52.19,,52.19,55.03,52.91,,52.96,,52.19,52.19,52.19,58.15,32.0,58.15,52.19,53.44,,58.61,52.19,52.96,,69.25,,,,59.9,59.9,,59.9,24.97,59.9,24.97,24.97,58.15,58.15,,,,,52.19,48.42,48.42,48.42,48.42,48.42,58.29,32.0,52.95,52.37,48.42,48.42,48.42,52.19,52.19,52.96,,,,,,
2019-11-08 16:00:00+01:00,,54.3,,54.3,58.02,54.55,,55.09,,54.3,54.3,54.3,58.8,36.61,58.8,54.3,55.77,,67.2,54.3,56.55,,65.09,,,,60.0,60.0,,60.0,60.0,60.0,60.0,60.0,58.8,58.8,,,,,54.3,48.01,48.01,48.01,48.01,48.01,58.94,36.61,56.54,57.62,48.01,48.01,48.01,54.3,54.3,55.09,,,,,,
2019-11-08 17:00:00+01:00,,66.47,,66.47,65.23,63.56,,61.95,,66.47,66.47,66.47,66.47,41.89,66.47,66.47,68.56,,67.23,66.47,63.26,,71.89,,,,66.47,66.47,,66.47,66.47,66.47,66.47,66.47,66.47,66.47,,,,,66.47,48.98,48.98,48.98,48.98,48.98,66.63,41.89,63.25,64.59,48.98,48.98,48.98,66.47,66.47,61.95,,,,,,
2019-11-08 18:00:00+01:00,,59.98,,70.58,65.83,65.86,,63.71,,59.98,59.98,59.98,59.98,46.01,59.98,65.0,81.75,,69.05,59.98,63.99,,85.72,,,,65.0,65.0,,65.0,65.0,65.0,65.0,65.0,59.98,59.98,,,,,59.98,47.04,47.04,47.04,47.04,47.04,60.12,46.01,63.97,65.96,47.04,47.04,47.04,59.98,59.98,63.71,,,,,,
2019-11-08 19:00:00+01:00,,51.97,,52.22,54.4,56.01,,56.1,,51.97,51.97,51.97,50.73,48.39,50.73,62.01,66.47,,67.21,51.97,56.1,,76.92,,,,62.01,62.01,,62.01,62.01,62.01,81.36,62.01,50.73,50.73,,,,,51.97,46.02,46.02,46.02,46.02,46.02,57.55,48.39,56.08,58.02,46.02,46.02,46.02,50.73,51.97,56.1,,,,,,
2019-11-08 20:00:00+01:00,,47.6,,52.1,45.97,50.01,,49.4,,46.94,46.94,46.94,46.94,49.39,46.94,49.39,54.97,,67.2,47.6,49.4,,58.71,,,,52.17,52.17,,52.17,52.17,52.17,81.36,52.17,46.94,46.94,,,,,46.41,44.93,44.93,44.93,44.93,44.93,54.84,49.39,49.38,49.66,44.93,44.93,44.93,46.94,47.6,49.4,,,,,,
2019-11-08 21:00:00+01:00,,43.83,,45.26,42.37,45.9,,43.96,,43.83,43.83,43.83,43.83,44.51,43.83,44.51,50.22,,67.13,43.83,43.96,,51.4,,,,48.86,48.86,,48.86,48.86,48.86,58.36,48.86,43.83,43.83,,,,,43.69,43.83,43.83,43.83,43.83,43.83,47.85,44.51,41.06,43.52,43.83,43.83,43.83,43.83,43.83,43.96,,,,,,
2019-11-08 22:00:00+01:00,,44.28,,44.86,40.48,44.13,,41.65,,44.28,44.28,42.98,42.98,44.58,42.98,44.58,48.74,,58.88,44.28,41.65,,49.0,,,,46.0,46.0,,46.0,46.0,46.0,46.0,46.0,42.98,42.98,,,,,43.8,42.98,42.98,42.98,42.98,42.98,47.53,44.58,41.64,38.57,42.98,42.98,42.98,42.98,44.28,41.65,,,,,,
2019-11-08 23:00:00+01:00,,39.34,,39.34,37.84,39.96,,36.51,,39.34,39.34,40.64,40.64,42.55,40.64,42.55,43.59,,58.54,39.34,36.51,,40.89,,,,43.19,43.19,,43.19,43.19,43.19,43.19,43.19,40.64,40.64,,,,,39.34,40.64,40.64,40.64,40.64,40.64,47.65,42.55,33.38,34.59,40.64,40.64,40.64,40.64,39.34,36.51,,,,,,
2019-11-09 00:00:00+01:00,,42.63,,42.63,42.89,41.05,,38.8,,42.63,42.63,41.91,41.91,42.63,41.91,42.63,52.0,,57.23,42.63,38.8,,43.29,,,,42.63,42.63,,42.63,42.63,42.63,42.63,42.63,41.91,41.91,,,,,42.63,41.91,41.91,41.91,41.91,41.91,43.41,42.63,34.77,38.7,41.91,41.91,41.91,41.91,42.63,38.8,,,,,,
2019-11-09 01:00:00+01:00,,39.78,,39.78,40.81,39.32,,36.17,,39.78,39.78,40.5,40.5,39.78,40.5,39.78,56.04,,57.53,36.1,36.17,,38.29,,,,39.78,39.78,,39.78,39.78,39.78,39.78,39.78,40.5,40.5,,,,,39.78,40.5,40.5,40.5,40.5,40.5,43.15,39.78,28.73,36.12,40.5,40.5,40.5,40.5,36.1,36.17,,,,,,
2019-11-09 02:00:00+01:00,,38.81,,38.81,39.37,38.51,,34.55,,38.81,38.81,39.78,39.78,38.81,39.78,38.81,52.61,,57.53,36.1,34.55,,37.24,,,,38.81,38.81,,38.81,38.81,38.81,38.81,38.81,39.78,39.78,,,,,38.81,39.78,39.78,39.78,39.78,39.78,43.33,38.81,30.25,34.23,39.78,39.78,39.78,39.78,36.1,34.55,,,,,,
2019-11-09 03:00:00+01:00,,36.94,,36.94,38.24,38.02,,34.01,,36.94,39.24,39.24,39.24,36.94,39.24,36.94,43.55,,57.42,36.94,34.01,,37.24,,,,36.94,36.94,,36.94,36.94,36.94,36.94,36.94,39.24,39.24,,,,,36.94,39.24,39.24,39.24,39.24,39.24,43.32,36.94,30.46,32.64,39.24,39.24,39.24,39.24,36.94,34.01,,,,,,
2019-11-09 04:00:00+01:00,,36.2,,36.2,38.15,37.46,,34.0,,36.2,36.2,39.3,39.3,36.2,39.3,36.2,37.4,,57.53,36.2,34.0,,35.57,,,,36.2,36.2,,36.2,36.2,36.2,36.2,36.2,39.3,39.3,,,,,36.2,39.3,39.3,39.3,39.3,39.3,43.32,36.2,33.97,32.17,39.3,39.3,39.3,39.3,36.2,34.0,,,,,,
2019-11-09 05:00:00+01:00,,36.13,,36.13,38.81,37.24,,34.47,,36.13,39.49,39.49,39.49,36.13,39.49,36.13,37.33,,55.34,36.13,34.47,,35.51,,,,37.8,37.8,,37.8,37.8,37.8,37.8,37.8,39.49,39.49,,,,,36.13,39.49,39.49,39.49,39.49,39.49,43.33,36.13,34.44,34.16,39.49,39.49,39.49,39.49,36.13,34.47,,,,,,
2019-11-09 06:00:00+01:00,,39.57,,39.57,40.51,39.0,,35.93,,39.57,39.57,40.54,40.54,39.57,40.54,39.57,40.89,,55.23,39.57,35.93,,37.24,,,,42.66,42.66,,42.66,42.66,42.66,42.66,42.66,40.54,40.54,,,,,39.57,40.54,40.54,40.54,40.54,40.54,44.51,39.57,35.9,35.14,40.54,40.54,40.54,40.54,39.57,35.93,,,,,,
2019-11-09 07:00:00+01:00,,41.56,,41.56,36.95,42.08,,39.42,,41.56,41.56,41.56,41.56,41.56,41.56,41.56,49.05,,55.34,41.56,39.42,,46.64,,,,43.76,44.13,,43.76,44.13,44.13,44.13,44.13,41.56,41.56,,,,,41.56,41.56,41.56,41.56,41.56,41.56,46.42,41.56,39.39,39.66,41.56,41.56,41.56,41.56,41.56,39.42,,,,,,
2019-11-09 08:00:00+01:00,,42.02,,42.02,39.38,45.4,,42.04,,42.02,42.02,42.02,42.02,42.02,42.02,42.02,43.12,,57.89,42.02,42.04,,41.0,,,,42.65,45.01,,42.65,45.01,45.01,45.01,45.01,42.02,42.02,,,,,42.02,42.02,42.02,42.02,42.02,42.02,47.96,42.02,42.0,42.09,42.02,42.02,42.02,42.02,42.02,42.04,,,,,,
2019-11-09 09:00:00+01:00,,44.57,,44.57,40.32,46.06,,44.0,,44.57,44.57,44.57,44.57,44.57,44.57,44.57,46.4,,57.6,44.57,44.0,,43.73,,,,44.57,44.57,,44.57,44.57,44.57,44.57,44.57,44.57,44.57,,,,,44.57,44.57,44.57,44.57,44.57,44.57,53.2,44.57,43.96,43.5,44.57,44.57,44.57,44.57,44.57,44.0,,,,,,
2019-11-09 10:00:00+01:00,,44.15,,44.15,38.38,45.08,,43.5,,44.15,44.15,44.15,44.15,44.15,44.15,44.15,52.47,,57.23,44.15,43.5,,49.88,,,,44.15,44.15,,44.15,44.15,44.15,44.15,44.15,44.15,44.15,,,,,44.15,44.15,44.15,44.15,44.15,44.15,53.3,44.15,41.56,42.11,44.15,44.15,44.15,44.15,44.15,43.5,,,,,,
2019-11-09 11:00:00+01:00,,42.55,,42.55,38.53,43.51,,42.5,,42.55,42.55,43.1,43.1,42.55,43.1,42.55,53.04,,57.23,42.55,42.5,,50.43,,,,42.55,42.55,,42.55,42.55,42.55,42.55,42.55,43.1,43.1,,,,,42.55,43.1,42.55,43.1,43.1,43.1,53.3,42.55,41.56,41.37,43.1,43.1,43.1,43.1,42.55,42.5,,,,,,
2019-11-09 12:00:00+01:00,,41.42,,41.42,35.78,40.93,,40.5,,41.42,41.42,42.19,42.19,41.42,42.19,41.42,52.75,,57.98,41.42,40.5,,50.15,,,,41.42,41.42,,41.42,41.42,41.42,41.42,41.42,42.19,42.19,,,,,41.42,42.19,42.0,42.19,42.19,42.19,53.23,41.42,40.46,39.06,42.19,42.19,42.19,42.19,41.42,40.5,,,,,,
2019-11-09 13:00:00+01:00,,40.01,,40.01,33.92,38.57,,38.36,,40.01,40.01,41.33,41.33,40.01,41.33,40.01,56.83,,55.34,40.01,38.59,,52.6,,,,40.01,40.01,,40.01,40.01,40.01,40.01,40.01,41.33,41.33,,,,,40.01,41.33,41.33,41.33,41.33,41.33,48.37,40.01,38.56,37.39,41.33,41.33,41.33,41.33,40.01,38.59,,,,,,
2019-11-09 14:00:00+01:00,,39.96,,39.96,34.36,38.58,,38.38,,39.96,39.96,41.24,41.24,39.96,41.24,39.96,56.63,,55.34,39.96,38.38,,48.78,,,,39.96,43.64,,39.96,43.64,43.64,43.64,43.64,41.24,41.24,,,,,39.96,41.24,41.24,41.24,41.24,41.24,46.35,39.96,38.35,37.44,41.24,41.24,41.24,41.24,39.96,38.38,,,,,,
2019-11-09 15:00:00+01:00,,41.67,,41.67,42.1,40.58,,39.19,,41.67,41.67,41.69,41.69,41.67,41.69,41.67,59.46,,58.83,41.67,41.4,,48.78,,,,41.67,44.93,,41.67,44.93,44.93,44.93,44.93,41.69,41.69,,,,,41.67,41.69,41.67,41.69,41.69,41.69,46.25,41.67,41.36,39.07,41.69,41.69,41.69,41.69,41.67,41.4,,,,,,
2019-11-09 16:00:00+01:00,,43.81,,43.81,48.23,44.95,,43.5,,43.81,43.81,43.81,43.81,41.89,43.81,43.81,48.77,,66.11,43.81,45.35,,46.36,,,,43.81,50.11,,43.81,50.11,50.11,50.11,50.11,43.81,43.81,,,,,43.81,43.81,43.81,43.81,43.81,43.81,48.37,41.89,45.31,43.7,43.81,43.81,43.81,43.81,43.81,43.5,,,,,,
2019-11-09 17:00:00+01:00,,49.95,,49.95,53.36,49.87,,48.27,,49.95,49.95,49.95,48.75,42.43,48.75,49.95,68.67,,66.12,49.95,51.47,,60.8,,,,60.61,60.61,,49.95,60.61,60.61,60.61,60.61,48.75,48.75,,,,,49.95,45.96,45.96,45.96,45.96,45.96,51.63,42.43,51.43,50.55,45.96,45.96,45.96,48.75,49.95,48.27,,,,,,
2019-11-09 18:00:00+01:00,,51.0,,51.0,47.29,50.97,,49.93,,51.0,51.0,51.0,45.24,44.71,45.24,51.0,92.94,,66.11,51.0,50.85,,92.78,,,,60.81,60.81,,51.0,60.81,60.81,60.81,60.81,45.24,45.24,,,,,51.0,45.24,45.24,45.24,45.24,45.24,48.36,44.71,50.81,53.04,45.24,45.24,45.24,45.24,51.0,49.93,,,,,,
2019-11-09 19:00:00+01:00,,48.45,,48.45,46.24,49.13,,46.72,,48.45,48.45,48.45,44.09,45.53,44.09,48.45,78.22,,66.11,48.45,47.2,,80.0,,,,67.53,67.53,,48.45,67.53,67.53,67.53,67.53,44.09,44.09,,,,,48.45,44.09,44.09,44.09,44.09,44.09,47.06,45.53,47.16,49.37,44.09,44.09,44.09,44.09,48.45,46.72,,,,,,
2019-11-09 20:00:00+01:00,,42.75,,42.75,45.21,46.19,,41.85,,42.75,42.75,42.39,41.8,42.75,41.8,42.75,60.18,,58.86,42.75,41.85,,61.44,,,,54.6,54.6,,43.34,54.6,54.6,54.6,54.6,41.8,41.8,,,,,42.75,41.8,41.8,41.8,41.8,41.8,46.47,42.75,41.81,42.5,41.8,41.8,41.8,41.8,42.75,41.85,,,,,,
2019-11-09 21:00:00+01:00,,40.36,,40.36,43.23,43.53,,38.62,,40.36,40.36,40.71,40.71,40.36,40.71,40.36,53.67,,58.68,40.36,38.62,,54.79,,,,44.57,44.57,,42.6,44.57,44.57,44.57,44.57,40.71,40.71,,,,,40.36,40.71,40.71,40.71,40.71,40.71,44.12,40.36,36.75,39.02,40.71,40.71,40.71,40.71,40.36,38.62,,,,,,
2019-11-09 22:00:00+01:00,,39.66,,39.66,41.0,42.66,,38.05,,39.66,39.66,39.66,39.66,39.66,39.66,39.66,51.12,,54.78,39.66,38.05,,52.19,,,,39.66,39.66,,39.66,39.66,39.66,39.66,39.66,39.66,39.66,,,,,39.66,39.66,39.66,39.66,39.66,39.66,45.72,39.66,33.47,37.24,39.66,39.66,39.66,39.66,39.66,38.05,,,,,,
2019-11-09 23:00:00+01:00,,36.67,,36.67,31.63,39.63,,34.93,,36.67,36.67,36.67,36.67,36.67,36.67,36.67,46.57,,58.85,36.67,34.93,,47.54,,,,36.67,36.67,,36.67,36.67,36.67,36.67,36.67,36.67,36.67,,,,,36.67,38.96,38.96,36.67,36.67,38.96,47.37,36.67,22.98,33.66,36.67,36.67,36.67,36.67,36.67,34.93,,,,,,
2019-11-10 00:00:00+01:00,,37.57,,37.57,28.06,39.63,,35.7,,37.57,37.57,38.49,38.49,34.31,38.49,37.57,52.4,,67.13,37.57,35.7,,49.79,,,,37.57,37.57,,37.57,37.57,37.57,37.57,37.57,38.49,38.49,,,,,37.57,39.34,39.34,38.49,38.49,39.34,44.4,34.31,35.68,34.0,38.49,38.49,38.49,38.49,37.57,35.7,,,,,,
2019-11-10 01:00:00+01:00,,35.3,,35.3,25.55,38.19,,34.0,,35.3,35.3,37.47,37.47,33.52,37.47,35.3,53.57,,58.53,35.3,34.0,,50.9,,,,35.3,35.3,,35.3,35.3,35.3,35.3,35.3,37.47,37.47,,,,,35.3,39.25,39.25,37.47,37.47,39.25,43.73,33.52,30.44,30.55,37.47,37.47,37.47,37.47,35.3,34.0,,,,,,
2019-11-10 02:00:00+01:00,,35.13,,35.13,24.9,35.01,,33.7,,35.13,35.13,36.93,36.93,30.1,36.93,35.13,46.41,,40.06,35.13,33.7,,44.1,,,,35.13,35.13,,35.13,35.13,35.13,35.13,35.13,36.93,36.93,,,,,35.13,39.11,39.11,36.93,36.93,39.11,43.28,30.1,20.99,30.82,36.93,36.93,36.93,36.93,35.13,33.7,,,,,,
2019-11-10 03:00:00+01:00,,34.22,,34.22,24.51,33.08,,32.73,,34.22,34.22,36.75,36.75,29.0,36.75,34.22,44.21,,42.32,34.22,32.73,,42.0,,,,34.22,34.22,,34.22,34.22,34.22,34.22,34.22,36.75,36.75,,,,,34.22,39.07,39.07,36.75,36.75,39.07,42.72,29.0,22.99,30.04,36.75,36.75,36.75,36.75,34.22,32.73,,,,,,
2019-11-10 04:00:00+01:00,,33.86,,33.86,23.65,32.84,,32.98,,33.86,33.86,37.27,37.27,29.5,37.27,33.86,41.45,,44.59,33.86,32.98,,40.34,,,,33.86,33.86,,33.86,33.86,33.86,33.86,33.86,37.27,37.27,,,,,33.86,39.1,39.1,37.27,37.27,39.1,43.68,29.5,23.09,30.03,37.27,37.27,37.27,37.27,33.86,32.98,,,,,,
2019-11-10 05:00:00+01:00,,35.01,,35.01,26.04,34.52,,33.86,,35.01,35.01,37.56,37.56,30.1,37.56,35.01,36.21,,44.04,35.01,33.86,,36.96,,,,35.01,35.01,,35.01,35.01,35.01,35.01,35.01,37.56,37.56,,,,,35.01,39.16,39.16,37.56,37.56,39.16,45.87,30.1,33.84,29.72,37.56,37.56,37.56,37.56,35.01,33.86,,,,,,
2019-11-10 06:00:00+01:00,,35.6,,35.6,26.97,38.54,,34.05,,35.6,35.6,37.4,37.4,31.01,37.4,35.6,39.61,,58.56,35.6,34.05,,40.34,,,,35.6,35.6,,35.6,35.6,35.6,35.6,35.6,37.4,37.4,,,,,35.6,39.06,39.06,37.71,37.4,39.06,45.84,31.01,34.03,32.08,37.4,37.4,37.4,37.4,35.6,34.05,,,,,,
2019-11-10 07:00:00+01:00,,37.52,,37.52,21.91,39.03,,36.41,,37.52,38.94,38.94,38.94,32.73,38.94,37.52,44.85,,54.55,37.52,36.41,,44.02,,,,37.52,37.52,,37.52,37.52,37.52,37.52,37.52,38.94,38.94,,,,,37.52,39.15,39.15,38.94,38.94,39.15,45.7,32.73,25.99,34.12,38.94,38.94,38.94,38.94,37.52,36.41,,,,,,
2019-11-10 08:00:00+01:00,,37.52,,37.52,22.51,40.11,,37.5,,37.52,39.97,39.97,39.97,34.03,39.97,37.52,38.55,,54.55,37.52,37.5,,41.1,,,,37.52,37.52,,37.52,37.52,37.52,37.52,37.52,39.97,39.97,,,,,37.52,39.97,39.97,39.97,39.97,39.97,47.85,34.03,37.48,34.76,39.97,39.97,39.97,39.97,37.52,37.5,,,,,,
2019-11-10 09:00:00+01:00,,39.12,,39.12,18.04,41.13,,39.2,,39.12,40.41,40.41,40.41,35.05,40.41,39.12,45.37,,58.97,39.12,39.2,,47.42,,,,39.12,39.12,,39.12,39.12,39.12,39.12,39.12,40.41,40.41,,,,,39.12,40.41,40.41,40.41,40.41,40.41,47.04,35.05,29.18,36.4,40.41,40.41,40.41,40.41,39.12,39.2,,,,,,
2019-11-10 10:00:00+01:00,,38.4,,38.4,7.08,41.03,,39.44,,38.4,40.92,40.92,40.92,35.51,40.92,38.4,53.71,,59.06,38.4,39.44,,56.14,,,,38.4,38.4,,38.4,38.4,38.4,38.4,38.4,40.92,40.92,,,,,38.4,40.92,40.92,40.92,40.92,40.92,47.02,35.51,18.99,36.82,40.92,40.92,40.92,40.92,38.4,39.44,,,,,,
2019-11-10 11:00:00+01:00,,38.84,,38.84,7.67,40.4,,39.5,,38.84,41.0,41.0,41.0,34.15,41.0,38.84,55.93,,67.13,38.84,39.5,,58.85,,,,38.84,38.84,,38.84,38.84,38.84,38.84,38.84,41.0,41.0,,,,,38.84,41.0,41.0,41.0,41.0,41.0,47.02,34.15,18.99,36.77,41.0,41.0,41.0,41.0,38.84,39.5,,,,,,
2019-11-10 12:00:00+01:00,,40.1,,40.1,15.07,40.32,,38.45,,40.1,41.33,41.33,41.33,34.09,41.33,40.1,56.32,,59.07,40.1,38.45,,58.85,,,,40.1,40.1,,40.1,40.1,40.1,40.1,40.1,41.33,41.33,,,,,40.1,41.33,41.33,41.33,41.33,41.33,47.04,34.09,20.99,37.03,41.33,41.33,41.33,41.33,40.1,38.45,,,,,,
2019-11-10 13:00:00+01:00,,37.8,,37.8,22.51,39.5,,37.6,,37.8,40.88,40.88,40.88,34.31,40.88,37.8,57.62,,55.03,37.8,37.6,,60.21,,,,37.8,37.8,,37.8,37.8,37.8,37.8,37.8,40.88,40.88,,,,,37.8,40.88,40.88,40.88,40.88,40.88,47.48,34.31,29.04,35.76,40.88,40.88,40.88,40.88,37.8,37.6,,,,,,
2019-11-10 14:00:00+01:00,,39.68,,39.68,30.97,39.95,,38.9,,39.68,40.97,41.07,41.07,36.75,41.07,39.68,59.87,,56.9,39.68,38.9,,61.07,,,,39.68,39.68,,39.68,39.68,39.68,39.68,39.68,41.07,41.07,,,,,39.68,41.07,41.07,41.07,41.07,41.07,47.48,36.75,38.88,36.4,41.07,41.07,41.07,41.07,39.68,38.9,,,,,,
2019-11-10 15:00:00+01:00,,41.35,,41.35,32.92,43.26,,42.31,,41.35,41.35,42.37,42.37,34.31,42.37,41.35,56.5,,59.06,41.35,42.31,,57.63,,,,44.15,44.15,,41.35,44.15,44.15,44.15,44.15,42.37,42.37,,,,,41.35,42.37,42.37,42.37,42.37,42.37,46.54,34.31,42.28,38.29,42.37,42.37,42.37,42.37,41.35,42.31,,,,,,
2019-11-10 16:00:00+01:00,,46.41,,46.41,46.12,45.49,,45.99,,46.41,46.41,46.41,45.3,36.57,45.3,46.41,48.05,,58.82,46.41,45.99,,49.0,,,,46.41,46.41,,46.41,46.41,46.41,46.41,46.41,45.3,45.3,,,,,46.41,45.3,45.3,45.3,45.3,45.3,46.38,36.57,45.97,42.09,45.3,45.3,45.3,45.3,46.41,45.99,,,,,,
2019-11-10 17:00:00+01:00,,52.17,,52.17,47.0,51.26,,51.0,,52.17,52.17,52.17,50.92,42.75,50.5,52.17,69.93,,67.19,52.17,51.0,,61.78,,,,55.49,55.49,,52.17,55.49,55.49,55.49,55.49,50.92,50.92,,,,,52.17,50.5,50.5,50.5,50.5,50.5,51.14,42.75,50.97,49.91,50.5,50.5,50.5,50.92,52.17,51.0,,,,,,
2019-11-10 18:00:00+01:00,,53.09,,53.09,47.0,53.62,,53.19,,53.09,53.09,53.09,51.82,47.0,51.39,53.09,92.56,,67.2,53.09,53.19,,65.03,,,,58.0,58.0,,53.09,58.0,58.0,58.0,58.0,51.82,51.82,,,,,53.09,51.39,51.39,51.39,51.39,51.39,54.49,47.0,53.16,51.84,51.39,51.39,51.39,51.82,53.09,53.19,,,,,,
2019-11-10 19:00:00+01:00,,52.51,,52.51,46.04,52.85,,52.19,,52.51,52.51,52.51,51.25,52.51,49.42,52.51,73.68,,67.2,52.51,52.19,,53.64,,,,60.0,60.0,,52.51,60.0,60.0,60.0,60.0,51.25,51.25,,,,,52.51,49.42,49.42,49.42,49.42,49.42,53.08,52.51,52.16,50.8,49.42,49.42,49.42,51.25,52.51,52.19,,,,,,
2019-11-10 20:00:00+01:00,,51.01,,51.01,45.92,49.96,,49.46,,51.01,51.01,51.01,49.79,51.01,46.86,51.01,54.8,,67.2,51.01,49.46,,42.72,,,,51.01,51.01,,51.01,51.01,51.01,51.01,51.01,49.79,49.79,,,,,51.01,46.86,46.86,46.86,46.86,46.86,50.0,51.01,49.43,47.85,46.86,46.86,46.86,49.79,51.01,49.46,,,,,,
2019-11-10 21:00:00+01:00,,47.0,,47.0,42.09,46.53,,45.37,,47.0,47.0,47.0,44.84,47.0,44.84,47.0,48.67,,67.13,47.0,45.37,,35.17,,,,47.0,47.0,,47.0,47.0,47.0,47.0,47.0,44.84,44.84,,,,,47.0,44.84,44.84,44.84,44.84,44.84,47.0,47.0,45.34,43.3,44.84,44.84,44.84,44.84,47.0,45.37,,,,,,
2019-11-10 22:00:00+01:00,,44.28,,44.26,38.95,46.09,,43.35,,44.25,44.25,43.27,43.19,45.69,43.19,44.39,45.65,,67.13,44.28,43.35,,31.9,,,,44.39,44.39,,44.39,44.39,44.39,44.39,44.39,43.19,43.19,,,,,44.08,43.19,43.19,43.19,43.19,43.19,43.67,45.69,43.32,42.24,43.19,43.19,43.19,43.19,44.28,43.35,,,,,,
2019-11-10 23:00:00+01:00,,40.14,,39.16,37.91,43.22,,39.76,,39.88,39.88,40.86,40.86,43.39,40.86,41.16,40.4,,67.13,40.14,39.76,,36.54,,,,41.16,41.16,,41.16,41.16,41.16,41.16,41.16,40.86,40.86,,,,,39.0,40.86,40.86,40.86,40.86,40.86,42.64,43.39,39.74,38.19,40.86,40.86,40.86,40.86,40.14,39.76,,,,,,
2019-11-11 00:00:00+01:00,,37.1,,41.7,28.9,39.0,,35.53,,35.66,35.66,40.19,40.19,41.83,40.19,41.83,43.01,,64.89,37.1,35.53,,0.0,,,,41.83,41.83,,41.83,41.83,41.83,41.83,41.83,40.19,40.19,,,,,35.66,40.19,40.19,40.19,40.19,40.19,47.77,41.83,33.58,34.59,40.19,40.19,40.19,40.19,37.1,35.53,,,,,,
2019-11-11 01:00:00+01:00,,36.53,,35.8,26.55,38.09,,34.4,,35.97,35.97,39.84,39.84,38.59,39.84,38.59,39.69,,59.53,36.53,34.4,,0.0,,,,38.59,38.59,,38.59,38.59,38.59,38.59,38.59,39.84,39.84,,,,,35.8,39.84,39.84,39.84,39.84,39.84,46.99,38.59,31.73,32.74,39.84,39.84,39.84,39.84,36.53,34.4,,,,,,
2019-11-11 02:00:00+01:00,,36.07,,35.79,26.2,37.29,,33.31,,36.03,36.03,39.72,39.72,36.2,39.72,36.2,37.22,,59.53,36.07,33.31,,0.0,,,,36.2,36.2,,36.2,36.2,36.2,36.2,36.2,39.72,39.72,,,,,35.94,39.72,39.72,39.72,39.72,39.72,44.53,36.2,29.67,30.67,39.72,39.72,39.72,39.72,36.07,33.31,,,,,,
2019-11-11 03:00:00+01:00,,34.75,,34.75,26.31,36.9,,32.5,,34.75,34.75,39.78,39.78,34.75,39.78,34.75,35.74,,59.53,34.75,32.39,,0.0,,,,34.75,34.75,,34.75,34.75,34.75,34.75,34.75,39.78,39.78,,,,,34.75,39.78,39.78,39.78,39.78,39.78,43.11,34.75,28.96,29.96,39.78,39.78,39.78,39.78,34.75,32.5,,,,,,
2019-11-11 04:00:00+01:00,,34.8,,34.8,29.69,36.77,,33.62,,34.8,34.8,40.1,40.1,34.8,40.1,34.8,34.16,,59.54,34.8,33.62,,0.0,,,,34.8,34.8,,34.8,34.8,34.8,34.8,34.8,40.1,40.1,,,,,34.8,40.1,40.1,40.1,40.1,40.1,43.19,34.8,33.6,30.81,40.1,40.1,40.1,40.1,34.8,33.62,,,,,,
2019-11-11 05:00:00+01:00,,36.58,,36.58,39.66,39.05,,36.12,,36.58,36.58,41.34,41.34,37.19,41.34,36.58,35.89,,60.01,36.58,36.12,,0.0,,,,36.58,36.58,,36.58,36.58,36.58,36.58,36.58,41.34,41.34,,,,,36.58,41.34,40.97,41.34,41.34,41.34,44.48,37.19,36.1,33.53,41.34,41.34,41.34,41.34,36.58,36.12,,,,,,
2019-11-11 06:00:00+01:00,,44.99,,42.68,46.51,45.44,,43.5,,43.42,43.42,43.55,51.88,42.49,51.88,42.49,41.89,,76.95,44.99,43.5,,0.0,,,,44.99,44.99,,44.99,44.99,44.99,44.99,44.99,46.71,51.88,,,,,43.0,43.55,43.42,43.55,43.55,43.55,44.5,42.49,43.48,41.94,43.55,43.55,43.55,43.55,44.99,43.5,,,,,,
2019-11-11 07:00:00+01:00,,47.76,,47.12,53.65,49.4,,50.4,,47.69,47.69,47.69,57.63,46.96,57.63,46.96,48.28,,69.18,47.76,50.4,,20.0,,,,47.76,47.76,,47.76,47.76,47.76,47.76,47.76,57.04,57.63,,,,,47.43,47.69,47.69,47.69,47.69,47.69,47.88,46.96,50.38,50.87,47.69,47.69,47.69,47.69,47.76,50.4,,,,,,
2019-11-11 08:00:00+01:00,,51.0,,51.0,52.7,51.03,,51.5,,51.0,51.0,51.0,61.54,51.0,61.54,51.0,52.59,,67.14,51.0,51.5,,37.0,,,,51.09,51.09,,51.09,51.09,51.09,51.09,51.09,57.06,61.54,,,,,51.0,51.0,51.0,51.0,51.0,51.0,51.2,51.0,51.48,51.55,51.0,51.0,51.0,51.0,51.0,51.5,,,,,,
2019-11-11 09:00:00+01:00,,49.85,,49.85,47.93,50.06,,48.84,,49.85,49.85,49.85,48.64,49.85,48.64,49.85,53.46,,67.14,49.85,48.84,,50.73,,,,51.09,51.09,,51.09,51.09,51.09,51.09,51.09,48.64,48.64,,,,,49.85,48.64,48.64,48.64,48.64,48.64,48.83,49.85,48.82,48.79,48.64,48.64,48.64,48.64,49.85,48.84,,,,,,
2019-11-11 10:00:00+01:00,,48.0,,48.0,52.67,47.73,,46.79,,48.0,48.0,48.0,46.88,48.62,46.88,48.0,55.94,,67.13,48.0,46.79,,54.38,,,,50.71,50.71,,50.71,50.71,50.71,50.71,50.71,46.88,46.88,,,,,48.0,46.88,46.88,46.88,46.88,46.88,47.07,48.62,46.77,47.71,46.88,46.88,46.88,46.88,48.0,46.79,,,,,,
2019-11-11 11:00:00+01:00,,47.47,,47.0,46.27,46.07,,45.32,,47.42,47.29,47.29,46.42,47.63,46.42,47.63,48.96,,67.13,47.47,45.32,,46.47,,,,49.0,49.0,,49.0,49.0,49.0,49.0,49.0,46.42,46.42,,,,,47.29,46.42,46.42,46.42,46.42,46.42,46.6,47.63,45.3,45.27,46.42,46.42,46.42,46.42,47.47,45.32,,,,,,
2019-11-11 12:00:00+01:00,,47.69,,42.7,50.66,44.96,,44.5,,46.0,45.27,45.27,47.54,47.57,47.54,47.57,48.9,,67.13,47.69,44.5,,46.42,,,,47.69,47.69,,47.69,47.69,47.69,47.69,47.69,45.27,45.27,,,,,45.0,45.27,45.27,45.27,45.27,45.27,45.45,47.57,44.49,44.05,45.27,45.27,45.27,45.27,47.69,44.5,,,,,,
2019-11-11 13:00:00+01:00,,47.6,,45.56,52.67,44.75,,44.52,,45.64,45.6,45.6,57.95,45.56,57.95,45.56,47.21,,67.13,47.6,44.52,,44.81,,,,47.6,47.6,,47.6,47.6,47.6,47.6,47.6,46.85,46.85,,,,,45.6,45.6,45.6,45.6,45.6,45.6,47.03,45.56,44.51,44.7,45.6,45.6,45.6,45.6,47.6,44.52,,,,,,
2019-11-11 14:00:00+01:00,,50.02,,43.66,52.69,45.46,,45.91,,44.11,44.11,44.15,58.55,43.66,58.55,43.66,45.31,,67.13,50.02,45.91,,43.01,,,,50.02,50.02,,50.02,50.02,50.02,50.02,50.02,46.34,46.34,,,,,43.77,44.15,44.11,44.15,44.15,44.15,46.52,43.66,52.07,45.65,44.15,44.15,44.15,44.15,50.02,45.91,,,,,,
2019-11-11 15:00:00+01:00,,50.9,,43.73,54.3,45.49,,46.89,,44.62,44.62,44.62,61.62,43.53,61.62,43.53,45.47,,67.13,50.9,46.89,,43.16,,,,51.09,51.09,,51.09,51.09,51.09,51.09,51.09,47.58,47.58,,,,,43.92,44.62,44.62,44.62,44.62,44.62,47.76,43.53,50.18,46.53,44.62,44.62,44.62,44.62,50.9,46.89,,,,,,
2019-11-11 16:00:00+01:00,,50.93,,44.25,62.98,48.84,,49.09,,44.78,44.78,44.78,69.45,44.23,69.45,44.23,45.62,,67.3,53.78,56.92,,43.31,,,,53.78,53.78,,53.78,53.78,53.78,53.78,53.78,57.01,57.01,,,,,44.37,44.78,44.78,44.78,44.78,44.78,52.67,44.23,61.93,53.2,44.78,44.78,44.78,44.78,53.78,49.09,,,,,,
2019-11-11 17:00:00+01:00,,50.01,,48.39,67.52,49.9,,52.09,,48.28,47.99,47.99,60.95,48.39,60.95,48.39,64.03,,69.26,57.11,63.69,,60.8,,,,60.81,60.81,,57.11,60.81,60.81,60.81,60.81,57.04,60.95,,,,,48.39,47.17,47.17,47.17,47.17,47.17,52.85,48.39,66.97,56.95,47.17,47.17,47.17,47.99,57.11,52.09,,,,,,
2019-11-11 18:00:00+01:00,,49.91,,51.31,65.53,51.02,,51.44,,45.39,45.39,45.39,62.76,51.24,62.76,51.24,76.92,,74.89,56.66,58.59,,73.03,,,,60.61,60.61,,56.66,60.61,60.61,60.61,60.61,51.5,51.5,,,,,45.39,45.39,44.05,45.39,45.39,45.39,51.7,51.24,64.3,56.3,45.39,45.39,45.39,45.39,56.66,51.44,,,,,,
2019-11-11 19:00:00+01:00,,45.53,,49.51,58.14,50.68,,48.0,,40.36,40.36,42.69,47.07,52.85,47.07,52.85,65.27,,69.23,52.85,52.12,,63.47,,,,60.71,60.71,,52.85,60.71,60.71,60.71,60.71,42.69,47.07,,,,,40.36,42.69,41.7,42.69,42.69,42.69,46.79,52.85,58.37,51.39,42.69,42.69,42.69,42.69,52.85,48.0,,,,,,
2019-11-11 20:00:00+01:00,,47.93,,36.41,49.26,48.52,,42.47,,35.26,35.26,41.96,41.96,50.25,41.96,50.25,58.18,,77.04,50.25,42.47,,55.23,,,,52.94,52.94,,50.25,52.94,52.94,52.94,52.94,41.96,41.96,,,,,35.26,41.96,40.77,41.96,41.96,41.96,45.12,50.25,49.99,46.23,41.96,41.96,41.96,41.96,50.25,42.47,,,,,,
2019-11-11 21:00:00+01:00,,37.03,,32.18,45.03,46.02,,35.5,,32.8,32.8,40.99,42.1,48.35,42.1,46.7,48.0,,77.4,37.03,36.54,,45.57,,,,46.7,46.7,,46.7,46.7,46.7,46.7,46.7,40.99,42.1,,,,,35.4,40.99,40.81,40.99,40.99,40.99,45.48,48.35,36.54,37.32,40.99,40.99,40.99,40.99,37.03,35.5,,,,,,
2019-11-11 22:00:00+01:00,,35.3,,34.5,35.85,45.44,,32.95,,32.05,32.05,40.39,40.39,45.16,40.39,45.16,46.41,,77.0,35.3,32.95,,41.86,,,,45.16,45.16,,45.16,45.16,45.16,45.16,45.16,40.39,40.39,,,,,34.5,40.39,40.39,40.39,40.39,40.39,46.51,45.16,32.94,32.52,40.39,40.39,40.39,40.39,35.3,32.95,,,,,,
2019-11-11 23:00:00+01:00,,30.61,,34.6,27.92,41.93,,28.89,,26.09,26.09,39.38,39.38,43.01,39.38,41.58,40.77,,59.05,30.61,28.89,,35.0,,,,44.31,44.31,,44.31,44.31,44.31,44.31,44.31,39.38,39.38,,,,,34.6,39.38,39.38,39.38,39.38,39.38,41.14,43.01,28.88,28.37,39.38,39.38,39.38,39.38,30.61,28.89,,,,,,
2019-11-12 00:00:00+01:00,,32.94,,37.46,23.67,39.73,,32.27,,30.9,30.9,36.95,36.95,47.92,36.95,37.57,38.6,,58.47,32.94,32.27,,0.0,,,,41.05,41.05,,41.05,41.05,41.05,41.05,41.05,36.95,36.95,,,,,37.3,39.45,39.45,36.95,36.95,39.45,42.41,47.92,32.26,32.79,36.95,36.95,36.95,36.95,32.94,32.27,,,,,,
2019-11-12 01:00:00+01:00,,36.02,,36.23,25.71,37.67,,30.77,,31.45,31.45,36.6,36.6,43.82,36.6,36.34,37.35,,43.0,36.02,30.77,,0.0,,,,38.12,38.12,,38.12,38.12,38.12,38.12,38.12,36.6,36.6,,,,,36.0,39.33,39.33,36.6,36.6,39.33,41.77,43.82,30.77,30.1,36.6,36.6,36.6,36.6,36.02,30.77,,,,,,
2019-11-12 02:00:00+01:00,,31.96,,34.8,22.79,34.45,,29.73,,30.67,30.67,36.31,36.31,39.64,36.31,34.9,35.87,,36.74,31.96,29.73,,-0.38,,,,35.4,35.4,,35.4,35.4,35.4,35.4,35.4,36.31,36.31,,,,,34.3,39.03,39.03,36.31,36.31,39.03,39.94,39.64,29.72,29.56,36.31,36.31,36.31,36.31,31.96,29.73,,,,,,
2019-11-12 03:00:00+01:00,,30.36,,34.3,23.91,32.11,,29.37,,29.1,29.1,36.35,36.35,38.81,36.35,32.94,33.85,,35.85,30.36,29.37,,-0.5,,,,32.94,32.94,,32.94,32.94,32.94,32.94,32.94,36.35,36.35,,,,,32.6,38.97,38.97,36.35,36.35,38.97,40.94,38.81,29.36,28.66,36.35,36.35,36.35,36.35,30.36,29.37,,,,,,
2019-11-12 04:00:00+01:00,,32.37,,32.77,26.76,31.3,,30.07,,32.3,32.3,38.02,38.02,38.65,38.02,32.53,33.43,,42.91,32.37,30.07,,-1.0,,,,32.53,32.53,,32.53,32.53,32.53,32.53,32.53,38.02,38.02,,,,,32.3,39.13,39.13,38.02,38.02,39.13,39.94,38.65,30.07,29.42,38.02,38.02,38.02,38.02,32.37,30.07,,,,,,
2019-11-12 05:00:00+01:00,,36.07,,35.31,34.99,35.5,,33.87,,35.3,35.3,40.5,55.92,38.81,55.92,35.32,34.64,,59.0,36.07,33.87,,-1.0,,,,40.0,40.0,,40.0,40.0,40.0,40.0,40.0,40.5,55.92,,,,,35.3,40.5,40.5,40.5,40.5,40.5,42.98,38.81,33.86,33.02,40.5,40.5,40.5,40.5,36.07,33.87,,,,,,
2019-11-12 06:00:00+01:00,,48.0,,42.78,44.21,43.27,,43.08,,40.66,40.42,41.25,59.93,42.41,59.93,42.41,41.84,,58.63,48.0,43.08,,-0.52,,,,48.0,48.0,,48.0,48.0,48.0,48.0,48.0,41.25,59.93,,,,,40.42,41.25,41.25,41.25,41.25,41.25,51.12,42.41,43.07,41.09,41.25,41.25,41.25,41.25,48.0,43.08,,,,,,
2019-11-12 07:00:00+01:00,,53.0,,50.52,53.2,51.0,,52.84,,46.35,43.87,43.87,59.21,53.1,59.21,53.1,52.08,,58.47,53.66,52.84,,0.0,,,,53.66,53.66,,53.66,53.66,53.66,53.66,53.66,52.66,59.21,,,,,43.87,43.87,43.04,43.87,43.87,43.87,52.81,53.1,52.82,49.76,43.87,43.87,43.87,43.87,53.66,52.84,,,,,,
2019-11-12 08:00:00+01:00,,55.68,,47.76,55.63,54.76,,55.3,,43.99,43.99,43.99,58.99,55.21,58.99,55.21,54.15,,58.63,55.68,55.3,,34.25,,,,58.5,58.5,,58.5,58.5,58.5,58.5,58.5,57.03,58.99,,,,,43.99,43.99,43.99,43.99,43.99,43.99,57.19,54.01,55.29,52.39,43.99,43.99,43.99,43.99,55.68,55.3,,,,,,
2019-11-12 09:00:00+01:00,,55.71,,48.27,53.2,54.93,,56.01,,43.0,43.0,43.0,48.13,54.92,48.13,54.92,53.87,,58.55,55.71,56.01,,37.06,,,,60.0,60.0,,60.0,60.0,60.0,60.0,60.0,43.0,48.13,,,,,43.0,43.0,43.0,43.0,43.0,43.0,55.86,54.92,55.99,51.11,43.0,43.0,43.0,43.0,55.71,56.01,,,,,,
2019-11-12 10:00:00+01:00,,53.63,,43.38,53.19,54.08,,53.84,,42.41,42.41,42.41,42.41,53.46,42.41,53.46,52.44,,58.13,53.63,53.84,,49.78,,,,57.43,57.43,,57.43,57.43,57.43,57.43,57.43,42.41,42.41,,,,,42.42,42.41,42.41,42.41,42.41,42.41,53.98,53.46,53.83,49.83,42.41,42.41,42.41,42.41,53.63,53.84,,,,,,
2019-11-12 11:00:00+01:00,,52.96,,43.87,53.2,52.73,,53.94,,42.03,42.03,42.03,42.03,51.49,42.03,51.49,50.51,,58.12,52.96,53.94,,47.94,,,,56.0,56.0,,56.0,56.0,56.0,56.0,56.0,42.03,42.03,,,,,42.03,42.03,42.03,42.03,42.03,42.03,55.14,51.49,53.92,48.97,42.03,42.03,42.03,42.03,52.96,53.94,,,,,,
2019-11-12 12:00:00+01:00,,52.85,,46.6,53.19,51.28,,56.02,,40.5,40.5,41.94,45.35,49.51,45.35,50.52,49.56,,57.63,52.85,56.02,,47.04,,,,52.85,50.12,,52.85,50.12,50.12,50.12,50.12,41.94,45.35,,,,,40.5,41.94,41.47,41.94,41.94,41.94,55.51,49.51,55.75,48.04,41.94,41.94,41.94,41.94,52.85,56.02,,,,,,
2019-11-12 13:00:00+01:00,,52.85,,41.01,53.2,51.09,,54.0,,43.79,42.37,42.6,55.49,47.24,55.49,49.72,49.62,,55.04,52.85,54.0,,47.11,,,,52.85,47.0,,52.85,46.3,47.0,46.3,46.3,55.49,55.49,,,,,41.01,42.6,42.37,42.6,42.6,42.6,55.61,47.24,53.25,48.99,42.6,42.6,42.6,42.6,52.85,54.0,,,,,,
2019-11-12 14:00:00+01:00,,52.99,,44.74,53.21,51.09,,56.0,,46.39,43.39,43.39,49.4,44.26,49.4,49.46,50.85,,55.53,52.99,56.0,,48.26,,,,53.66,47.12,,53.66,46.3,47.12,46.3,46.3,49.4,49.4,,,,,44.74,43.39,43.39,43.39,43.39,43.39,55.12,44.26,55.68,49.82,43.39,43.39,43.39,43.39,52.99,56.0,,,,,,
2019-11-12 15:00:00+01:00,,52.08,,51.03,53.22,51.53,,55.95,,51.18,43.98,43.98,54.29,43.47,54.29,51.4,52.84,,58.7,52.08,55.95,,50.16,,,,53.7,50.15,,53.7,48.89,50.15,48.89,48.89,54.29,54.29,,,,,51.04,43.98,43.98,43.98,43.98,43.98,54.39,43.47,55.93,49.9,43.98,43.98,43.98,43.98,52.08,55.95,,,,,,
2019-11-12 16:00:00+01:00,,52.0,,51.05,58.99,53.31,,57.87,,51.08,49.85,49.85,57.08,45.0,57.08,51.2,52.63,,54.6,52.0,57.87,,50.0,,,,57.43,57.43,,57.43,57.43,57.43,57.43,57.43,57.08,57.08,,,,,51.04,48.64,48.64,44.17,44.17,48.64,57.18,45.0,57.85,52.86,44.17,44.17,48.64,49.85,52.0,57.87,,,,,,
2019-11-12 17:00:00+01:00,,59.27,,59.05,62.68,56.67,,58.93,,59.21,57.79,57.79,57.79,50.51,57.79,59.47,61.13,,58.96,59.27,58.93,,58.68,,,,65.0,65.0,,65.0,65.0,65.0,65.0,65.0,57.79,57.79,,,,,59.05,50.98,50.98,43.33,43.33,50.98,58.03,50.51,58.91,56.91,43.33,43.33,50.98,57.79,59.27,58.93,,,,,,
2019-11-12 18:00:00+01:00,,59.99,,65.43,59.94,57.03,,57.32,,58.32,50.0,50.0,50.0,55.03,50.0,64.43,78.93,,58.65,59.99,57.32,,78.75,,,,64.43,64.43,,64.43,64.43,64.43,64.43,64.43,50.0,50.0,,,,,50.0,47.19,47.19,43.08,43.08,47.19,55.66,55.03,57.3,56.92,43.08,43.08,47.19,50.0,59.99,57.32,,,,,,
2019-11-12 19:00:00+01:00,,53.43,,43.0,55.62,55.92,,54.42,,50.42,42.84,42.84,42.84,57.55,42.84,62.85,69.95,,58.15,53.43,54.42,,73.07,,,,62.85,62.85,,62.85,62.85,62.85,62.85,62.85,42.84,42.84,,,,,43.0,42.84,42.84,42.02,42.02,42.84,55.38,55.03,54.4,53.07,42.02,42.02,42.84,42.84,53.43,54.42,,,,,,
2019-11-12 20:00:00+01:00,,49.41,,43.27,53.39,52.9,,50.0,,46.81,41.55,41.55,41.55,57.01,41.55,57.43,60.41,,54.38,49.41,50.0,,61.59,,,,57.43,57.43,,57.43,57.43,57.43,57.43,57.43,41.55,41.55,,,,,41.38,41.55,41.55,41.55,41.55,41.55,53.28,54.54,49.98,49.91,41.55,41.55,41.55,41.55,49.41,50.0,,,,,,
2019-11-12 21:00:00+01:00,,43.72,,41.76,42.2,48.92,,43.75,,40.95,40.95,40.95,40.95,52.3,40.95,52.3,54.23,,45.79,43.72,43.75,,56.74,,,,52.3,52.3,,52.3,52.3,52.3,52.3,52.3,40.95,40.95,,,,,39.64,40.95,40.95,40.95,40.95,40.95,49.05,52.3,43.73,44.67,40.95,40.95,40.95,40.95,43.72,43.75,,,,,,
2019-11-12 22:00:00+01:00,,41.49,,40.0,42.1,46.73,,40.81,,39.26,39.26,40.02,40.02,48.56,40.02,49.03,51.77,,38.89,41.49,40.81,,54.07,,,,49.03,49.03,,49.03,49.03,49.03,49.03,49.03,40.02,40.02,,,,,39.26,40.26,40.26,40.02,40.02,40.26,44.95,48.56,40.73,46.04,40.02,40.02,40.02,40.02,41.49,40.81,,,,,,
2019-11-12 23:00:00+01:00,,38.77,,45.22,33.42,45.08,,36.69,,36.74,36.74,37.64,37.64,44.74,37.64,44.74,46.64,,52.0,37.8,36.69,,47.55,,,,44.74,44.74,,44.74,44.74,44.74,44.74,44.74,37.64,37.64,,,,,34.6,39.25,39.25,37.64,37.64,39.25,43.72,44.74,32.1,38.32,37.64,37.64,37.64,37.64,37.8,36.69,,,,,,
2019-11-13 00:00:00+01:00,,36.04,,34.0,32.27,44.95,,35.2,,34.0,34.0,34.84,34.84,42.92,34.84,42.92,41.99,,39.2,36.04,35.2,,56.57,,,,42.92,42.92,,42.92,42.92,42.92,42.92,42.92,34.84,34.84,,,,,34.0,39.69,39.69,34.84,34.84,39.69,43.92,42.92,35.2,36.46,34.84,34.84,34.84,34.84,36.04,35.2,,,,,,
2019-11-13 01:00:00+01:00,,35.98,,40.3,38.6,42.33,,34.8,,34.83,34.83,34.83,34.83,39.25,34.83,39.25,41.43,,31.11,35.8,34.8,,43.4,,,,39.25,39.25,,39.25,39.25,39.25,39.25,39.25,34.83,34.83,,,,,33.9,39.41,39.41,34.83,34.83,39.41,42.94,39.25,32.0,35.92,34.83,34.83,34.83,34.83,35.8,34.8,,,,,,
2019-11-13 02:00:00+01:00,,35.78,,39.42,31.09,40.35,,34.79,,35.01,35.01,35.01,35.01,37.95,35.01,37.95,40.54,,31.2,35.78,34.79,,42.46,,,,37.95,37.95,,37.95,37.95,37.95,37.95,37.95,35.01,35.01,,,,,34.3,39.02,39.02,35.01,35.01,39.02,42.45,37.95,30.62,34.9,35.01,35.01,35.01,35.01,35.78,34.79,,,,,,
2019-11-13 03:00:00+01:00,,35.35,,37.43,29.92,39.9,,33.65,,35.01,35.01,35.22,35.22,36.32,35.22,36.32,38.49,,31.63,35.35,33.65,,41.0,,,,36.32,36.32,,36.32,36.32,36.32,36.32,36.32,35.22,35.22,,,,,34.68,38.96,38.96,35.22,35.22,38.96,42.91,36.32,33.64,31.92,35.22,35.22,35.22,35.22,35.35,33.65,,,,,,
2019-11-13 04:00:00+01:00,,35.58,,38.74,38.33,39.84,,34.81,,35.13,35.13,38.03,38.03,36.82,38.03,36.82,39.84,,36.01,35.58,34.81,,41.73,,,,36.82,36.82,,36.82,36.82,36.82,36.82,36.82,38.03,38.03,,,,,34.72,39.1,39.1,38.03,38.03,39.1,42.74,36.82,34.8,31.59,38.03,38.03,38.03,38.03,35.58,34.81,,,,,,
2019-11-13 05:00:00+01:00,,37.02,,42.53,43.14,41.49,,38.0,,36.06,36.06,40.75,42.62,39.75,42.62,39.75,41.5,,42.1,37.02,38.0,,42.64,,,,40.0,40.0,,40.0,40.0,40.0,40.0,40.0,42.62,42.62,,,,,34.9,40.75,40.75,40.75,40.75,40.75,46.73,39.75,37.99,35.09,40.75,40.75,40.75,40.75,37.02,38.0,,,,,,
2019-11-13 06:00:00+01:00,,45.13,,47.14,54.09,51.33,,46.95,,40.71,40.71,42.05,54.2,42.15,54.2,49.54,48.48,,56.5,45.13,46.95,,50.53,,,,49.54,49.54,,49.54,49.54,49.54,49.54,49.54,54.2,54.2,,,,,40.71,42.05,42.05,42.05,42.05,42.05,54.22,42.15,46.93,45.96,42.05,42.05,42.05,42.05,45.13,46.95,,,,,,
2019-11-13 07:00:00+01:00,,50.99,,57.09,55.95,59.08,,54.93,,47.7,47.7,47.7,56.06,55.13,56.06,60.0,58.72,,55.47,50.99,54.93,,59.06,,,,60.0,60.0,,60.0,60.0,60.0,60.0,60.0,56.06,56.06,,,,,47.7,46.35,46.35,42.86,42.86,46.35,56.46,48.97,54.91,53.52,42.86,42.86,47.7,47.7,50.99,54.93,,,,,,
2019-11-13 08:00:00+01:00,,60.12,,67.74,55.78,58.91,,58.93,,52.08,52.08,52.08,56.04,57.91,56.04,71.19,69.67,,58.58,60.12,58.93,,70.49,,,,71.19,57.46,,71.19,57.46,57.46,57.46,57.46,56.04,56.04,,,,,52.08,52.08,52.08,43.0,43.0,52.08,58.38,51.69,58.9,55.02,43.0,43.0,52.08,52.08,60.12,58.93,,,,,,
2019-11-13 09:00:00+01:00,,59.36,,70.04,55.77,58.05,,58.02,,51.56,51.56,51.56,51.56,54.79,51.56,70.24,72.04,,58.59,59.36,58.02,,73.65,,,,70.24,52.0,,70.24,52.0,52.0,52.0,52.0,51.56,51.56,,,,,51.56,51.56,51.56,42.93,42.93,51.56,58.48,54.79,57.99,55.64,42.93,42.93,51.56,51.56,59.36,58.02,,,,,,
2019-11-13 10:00:00+01:00,,57.73,,68.04,55.76,58.75,,56.29,,50.12,50.12,50.12,50.12,54.54,50.12,68.25,70.0,,57.89,57.73,56.29,,71.55,,,,68.25,48.54,,68.25,48.54,48.54,48.54,48.54,50.12,50.12,,,,,50.12,50.12,50.12,42.87,42.87,50.12,58.36,54.54,56.26,53.04,42.87,42.87,50.12,50.12,57.73,56.29,,,,,,
2019-11-13 11:00:00+01:00,,56.65,,66.72,55.76,58.94,,55.27,,50.59,50.59,50.59,50.59,53.53,50.59,65.0,66.67,,58.38,56.65,55.27,,68.15,,,,65.0,43.92,,65.0,43.82,43.92,43.82,43.82,50.59,50.59,,,,,50.59,48.97,48.97,43.0,43.0,48.97,58.46,53.53,55.24,51.92,43.0,43.0,50.59,50.59,56.65,55.27,,,,,,
2019-11-13 12:00:00+01:00,,52.64,,62.38,55.75,57.75,,54.7,,48.97,48.97,48.97,48.97,53.24,48.97,62.38,64.18,,58.43,52.64,54.7,,65.59,,,,55.6,40.0,,55.6,40.0,40.0,40.0,40.0,48.97,48.97,,,,,48.97,47.41,47.41,42.96,42.96,47.41,58.9,53.24,54.67,51.09,42.96,42.96,48.97,48.97,52.64,54.7,,,,,,
2019-11-13 13:00:00+01:00,,56.58,,60.46,55.75,57.58,,53.97,,55.12,55.12,55.12,55.12,50.61,55.12,60.46,62.21,,58.56,56.58,53.97,,63.58,,,,60.0,40.0,,60.0,40.0,40.0,40.0,40.0,55.12,55.12,,,,,55.12,53.36,53.36,42.94,42.94,53.36,58.87,50.61,53.94,50.95,42.94,42.94,55.12,55.12,56.58,53.97,,,,,,
2019-11-13 14:00:00+01:00,,57.12,,60.79,55.77,56.52,,55.54,,55.98,55.98,55.98,55.98,45.0,55.98,60.0,63.02,,58.41,57.12,55.54,,64.4,,,,60.0,45.15,,60.0,45.15,45.15,45.15,45.15,55.98,55.98,,,,,55.98,54.19,54.19,43.02,43.02,54.19,58.87,45.0,55.5,53.79,43.02,43.02,55.98,55.98,57.12,55.54,,,,,,
2019-11-13 15:00:00+01:00,,58.89,,60.39,55.77,57.51,,56.45,,58.42,58.42,58.42,58.42,44.12,58.42,60.0,63.02,,58.62,58.89,56.45,,64.4,,,,60.0,54.25,,60.0,54.25,54.25,54.25,54.25,58.42,58.42,,,,,58.42,48.98,48.98,43.29,43.29,48.98,58.47,44.12,52.47,55.1,43.29,43.29,58.42,58.42,58.89,56.45,,,,,,
2019-11-13 16:00:00+01:00,,63.51,,63.51,54.49,58.45,,60.43,,63.51,63.51,63.51,63.51,44.13,63.51,63.51,65.63,,61.62,63.51,60.43,,67.05,,,,63.51,63.51,,63.51,63.51,63.51,63.51,63.51,63.51,63.51,,,,,63.51,55.37,55.37,43.51,43.51,55.37,63.49,44.13,60.39,56.95,43.51,43.51,63.51,63.51,63.51,60.43,,,,,,
2019-11-13 17:00:00+01:00,,67.2,,80.59,62.06,63.33,,65.1,,67.2,67.2,67.2,67.2,50.5,67.2,75.06,93.37,,65.01,67.2,65.1,,95.4,,,,75.06,75.06,,75.06,71.97,75.06,84.49,71.97,67.2,67.2,,,,,80.59,53.3,53.3,43.6,43.6,53.3,67.18,50.5,62.59,65.14,43.6,43.6,67.2,67.2,67.2,65.1,,,,,,
2019-11-13 18:00:00+01:00,,56.09,,80.64,60.19,63.14,,63.5,,56.09,56.09,56.09,56.1,57.03,56.1,80.64,114.86,,66.73,56.09,63.5,,117.35,,,,80.64,80.64,,80.64,71.98,80.64,84.49,71.98,56.1,56.1,,,,,56.09,47.79,47.79,44.78,44.78,47.79,59.39,54.79,62.08,66.69,44.78,44.78,56.09,56.09,56.09,63.5,,,,,,
2019-11-13 19:00:00+01:00,,52.94,,71.56,53.87,57.85,,59.61,,52.94,52.94,52.94,52.94,56.59,52.94,71.56,89.18,,64.16,52.94,59.61,,93.33,,,,71.56,71.56,,71.56,71.56,71.56,84.49,71.56,52.94,52.94,,,,,52.94,47.74,47.74,43.47,43.47,47.74,58.39,56.59,58.74,60.99,43.47,43.47,52.94,52.94,52.94,59.61,,,,,,
2019-11-13 20:00:00+01:00,,49.05,,57.11,46.69,54.94,,53.03,,46.22,46.22,46.22,46.22,56.56,46.22,57.11,73.31,,58.54,49.05,53.03,,74.0,,,,57.11,57.11,,57.11,57.11,57.11,84.49,57.11,46.22,46.22,,,,,46.22,44.74,44.74,43.39,43.39,44.74,57.88,56.56,50.58,52.46,43.39,43.39,46.22,46.22,49.05,53.03,,,,,,
2019-11-13 21:00:00+01:00,,45.43,,52.63,41.72,52.01,,48.97,,42.91,42.91,42.91,43.0,52.63,43.0,52.63,57.48,,58.84,45.43,48.97,,58.72,,,,52.63,52.63,,52.63,52.63,52.63,56.28,52.63,43.0,43.0,,,,,42.91,42.91,42.91,42.91,42.91,42.91,52.67,52.63,41.76,48.01,42.91,42.91,42.91,42.91,45.43,48.97,,,,,,
2019-11-13 22:00:00+01:00,,41.47,,49.42,39.49,50.7,,43.9,,41.47,41.47,41.47,41.47,49.57,41.47,49.57,50.88,,52.89,41.47,43.9,,52.0,,,,49.57,49.57,,49.57,49.57,49.57,49.57,49.57,41.47,41.47,,,,,40.14,41.47,41.47,41.47,41.47,41.47,49.03,49.57,37.76,45.06,41.47,41.47,41.47,41.47,41.47,43.9,,,,,,
2019-11-13 23:00:00+01:00,,38.28,,43.6,43.21,47.76,,40.87,,38.28,38.28,40.72,40.72,45.54,40.72,45.54,44.88,,43.0,38.28,40.87,,42.67,,,,45.54,45.54,,45.54,45.54,45.54,45.54,45.54,40.72,40.72,,,,,38.0,40.72,40.72,40.72,40.72,40.72,44.37,45.54,30.6,41.1,40.72,40.72,40.72,40.72,38.28,40.87,,,,,,
2019-11-14 00:00:00+01:00,,38.24,,36.6,31.99,41.65,,37.5,,37.6,37.6,37.6,40.21,39.6,40.21,39.6,44.49,,45.0,38.24,37.5,,41.13,,,,43.83,43.83,,43.83,43.83,43.83,43.83,43.83,40.21,40.21,,,,,37.02,40.21,40.21,40.21,40.21,40.21,46.91,39.6,37.46,40.87,40.21,40.21,40.21,40.21,38.24,37.5,,,,,,
2019-11-14 01:00:00+01:00,,37.85,,37.84,30.76,39.33,,36.91,,37.85,37.85,37.85,39.9,37.86,39.9,37.86,44.38,,40.53,37.85,36.91,,32.0,,,,42.2,42.2,,42.2,42.2,42.2,42.2,42.2,39.9,39.9,,,,,37.85,39.9,39.9,39.9,39.9,39.9,46.71,37.86,36.87,37.12,39.9,39.9,39.9,39.9,37.85,36.91,,,,,,
2019-11-14 02:00:00+01:00,,36.51,,36.51,30.55,37.83,,36.5,,36.51,36.51,36.51,39.56,36.51,39.56,36.51,44.37,,37.99,36.51,36.5,,20.56,,,,40.36,40.36,,40.36,40.36,40.36,40.36,40.36,39.56,39.56,,,,,36.51,39.56,39.56,39.56,39.56,39.56,45.34,36.51,36.46,35.97,39.56,39.56,39.56,39.56,36.51,36.5,,,,,,
2019-11-14 03:00:00+01:00,,35.37,,35.37,30.38,37.17,,36.25,,35.37,35.37,35.37,39.67,35.37,39.67,35.37,37.36,,38.12,35.37,36.25,,3.0,,,,41.18,41.18,,41.18,41.18,41.18,41.18,41.18,39.67,39.67,,,,,35.37,39.67,39.67,39.67,39.67,39.67,46.01,35.37,36.2,34.77,39.67,39.67,39.67,39.67,35.37,36.25,,,,,,
2019-11-14 04:00:00+01:00,,35.77,,35.77,32.41,38.29,,37.2,,35.77,35.77,35.77,40.19,35.77,40.19,35.77,36.77,,41.97,35.77,37.2,,0.0,,,,41.22,41.22,,41.22,41.22,41.22,41.22,41.22,40.19,40.19,,,,,35.77,40.19,40.19,40.19,40.19,40.19,46.5,35.77,37.16,36.99,40.19,40.19,40.19,40.19,35.77,37.2,,,,,,
2019-11-14 05:00:00+01:00,,38.19,,38.12,35.03,41.46,,39.11,,38.18,38.18,38.18,49.99,38.23,49.99,38.23,39.18,,58.48,38.19,39.11,,5.0,,,,44.55,44.55,,44.55,44.55,44.55,44.55,44.55,41.03,41.03,,,,,38.14,41.03,40.93,41.03,41.03,41.03,48.12,38.23,39.07,39.97,41.03,41.03,41.03,41.03,38.19,39.11,,,,,,
2019-11-14 06:00:00+01:00,,45.66,,43.65,43.57,47.98,,46.54,,45.31,45.31,45.31,54.12,39.81,54.12,46.88,45.85,,58.7,45.66,46.54,,20.56,,,,51.75,51.75,,51.75,51.75,51.75,51.75,51.75,48.41,48.41,,,,,44.42,43.45,43.09,43.45,43.45,43.45,60.05,39.81,46.48,47.99,43.45,43.45,43.45,43.45,45.66,46.54,,,,,,
2019-11-14 07:00:00+01:00,,54.81,,49.98,60.2,56.57,,57.34,,53.7,53.7,53.7,53.17,46.09,53.17,58.26,51.37,,59.97,54.81,57.34,,32.0,,,,58.26,58.26,,58.26,58.26,58.26,58.26,58.26,53.17,53.17,,,,,51.22,49.75,49.75,44.26,44.26,49.75,58.59,46.09,57.27,55.07,44.26,44.26,53.17,53.17,54.81,57.34,,,,,,
2019-11-14 08:00:00+01:00,,54.31,,49.92,63.44,57.88,,58.8,,52.32,52.32,52.32,56.01,51.69,56.01,60.5,51.31,,61.5,54.31,58.8,,46.35,,,,60.5,60.5,,60.5,60.5,60.5,60.5,60.5,56.01,56.01,,,,,52.32,50.64,50.64,44.98,44.98,50.64,58.67,51.69,58.73,57.03,44.98,44.98,52.32,52.32,54.31,58.8,,,,,,
2019-11-14 09:00:00+01:00,,51.91,,49.97,58.15,56.76,,57.4,,49.1,49.1,49.1,49.1,53.24,49.1,60.51,51.37,,62.45,51.91,57.4,,50.1,,,,60.51,60.51,,60.51,60.51,60.51,60.51,60.51,49.1,49.1,,,,,49.1,49.1,49.1,44.41,44.41,49.1,58.72,53.24,57.33,54.41,44.41,44.41,49.1,49.1,51.91,57.4,,,,,,
2019-11-14 10:00:00+01:00,,50.03,,54.05,56.27,56.51,,54.44,,47.24,47.24,47.24,47.24,47.62,47.24,56.8,55.55,,61.44,50.03,54.44,,52.89,,,,56.8,56.8,,56.8,56.8,56.8,56.8,56.8,47.24,47.24,,,,,47.24,47.24,47.24,43.99,43.99,47.24,58.64,47.62,54.37,53.77,43.99,43.99,47.24,47.24,50.03,54.44,,,,,,
2019-11-14 11:00:00+01:00,,50.25,,52.11,56.1,56.91,,53.63,,47.95,47.95,47.95,47.95,46.0,47.95,56.05,53.57,,58.92,50.25,53.63,,51.0,,,,56.05,56.05,,56.05,56.05,56.05,56.05,56.05,47.95,47.95,,,,,47.95,47.95,47.95,43.88,43.88,47.95,59.22,46.0,53.56,53.38,43.88,43.88,47.95,47.95,50.25,53.63,,,,,,
2019-11-14 12:00:00+01:00,,50.03,,48.84,54.59,56.22,,52.2,,48.64,48.64,48.64,48.64,44.12,48.64,53.58,50.2,,57.9,50.03,52.2,,48.0,,,,53.58,53.58,,53.58,53.58,53.58,53.58,53.58,48.64,48.64,,,,,48.64,48.64,48.64,44.65,44.65,48.64,59.23,44.12,52.13,51.72,44.65,44.65,48.64,48.64,50.03,52.2,,,,,,
2019-11-14 13:00:00+01:00,,51.53,,50.62,56.44,56.97,,55.46,,50.62,50.62,50.62,50.62,42.96,50.62,54.26,52.04,,57.88,51.53,55.46,,49.33,,,,54.26,54.26,,54.26,54.26,54.26,54.26,54.26,50.62,50.62,,,,,50.62,49.0,49.0,44.81,44.81,49.0,58.86,42.96,55.39,53.35,44.81,44.81,50.62,50.62,51.53,55.46,,,,,,
2019-11-14 14:00:00+01:00,,54.15,,55.41,58.57,57.01,,56.6,,53.7,53.7,53.7,53.7,40.59,53.7,55.41,54.03,,61.17,54.15,56.6,,48.65,,,,55.41,55.41,,55.41,55.41,55.41,55.41,55.41,53.7,53.7,,,,,53.7,51.98,51.98,44.16,44.16,51.98,58.7,40.59,56.53,55.95,44.16,44.16,53.7,53.7,54.15,56.6,,,,,,
2019-11-14 15:00:00+01:00,,54.96,,57.28,66.77,57.96,,58.84,,54.12,54.12,54.12,54.12,40.51,54.12,57.28,55.85,,64.2,54.96,58.84,,48.65,,,,58.0,58.0,,58.0,58.0,58.0,58.0,58.0,54.12,54.12,,,,,54.12,52.39,52.39,44.15,44.15,52.39,58.76,40.51,58.76,57.29,44.15,44.15,54.12,54.12,54.96,58.84,,,,,,
2019-11-14 16:00:00+01:00,,56.82,,56.15,66.07,61.07,,63.0,,56.15,56.15,56.15,56.15,42.97,56.15,58.92,54.75,,67.3,56.82,63.0,,50.62,,,,62.43,62.43,,62.43,62.43,62.43,83.26,62.43,56.15,56.15,,,,,56.15,54.35,54.35,44.87,44.87,54.35,60.29,42.97,62.92,61.06,44.87,44.87,56.15,56.15,56.82,63.0,,,,,,
2019-11-14 17:00:00+01:00,,58.5,,69.44,69.05,60.99,,62.95,,58.5,59.19,59.19,59.19,48.01,59.19,69.24,67.71,,69.23,58.5,63.85,,60.62,,,,70.0,70.0,,70.0,70.0,70.0,88.77,70.0,59.19,59.19,,,,,61.14,59.19,59.19,44.28,44.28,59.19,59.37,48.01,63.76,65.67,44.28,44.28,59.19,59.19,58.5,62.95,,,,,,
2019-11-14 18:00:00+01:00,,57.63,,74.52,61.27,57.17,,56.19,,49.8,49.8,49.8,49.8,55.01,49.8,78.32,76.6,,68.37,57.63,58.06,,76.78,,,,78.32,78.32,,78.32,78.32,78.32,88.77,78.32,49.8,49.8,,,,,49.8,48.24,48.24,44.56,44.56,48.24,58.26,55.01,57.98,59.82,44.56,44.56,49.8,49.8,57.63,56.19,,,,,,
2019-11-14 19:00:00+01:00,,52.29,,71.29,53.84,56.11,,52.93,,45.1,45.1,45.1,45.06,58.91,45.06,71.08,69.52,,69.22,52.29,54.65,,67.8,,,,71.08,71.08,,71.08,71.08,71.08,93.77,71.08,45.06,45.06,,,,,45.1,45.06,45.06,43.75,43.75,45.06,58.29,56.53,54.58,54.32,43.75,43.75,45.06,45.06,52.29,52.93,,,,,,
2019-11-14 20:00:00+01:00,,47.78,,58.68,44.94,56.74,,45.42,,41.71,42.69,42.73,42.73,58.51,42.73,58.51,57.22,,66.28,47.78,47.99,,54.48,,,,60.51,60.51,,58.51,60.51,60.51,83.26,60.51,42.73,42.73,,,,,42.69,42.73,42.73,42.73,42.73,42.73,58.21,57.56,47.93,50.94,42.73,42.73,42.73,42.73,47.78,45.42,,,,,,
2019-11-14 21:00:00+01:00,,45.82,,54.95,33.91,52.72,,39.0,,38.49,42.05,42.05,42.05,54.79,42.05,54.79,53.59,,59.56,45.82,42.09,,51.02,,,,54.79,54.79,,54.79,54.79,54.79,83.26,54.79,42.05,42.05,,,,,42.05,42.05,42.05,42.05,42.05,42.05,50.57,54.79,42.03,43.12,42.05,42.05,42.05,42.05,45.82,39.0,,,,,,
2019-11-14 22:00:00+01:00,,43.92,,52.59,32.52,49.33,,37.75,,38.65,38.65,38.65,41.06,51.69,41.06,51.69,51.27,,55.32,43.92,39.27,,46.35,,,,51.69,51.69,,51.69,51.69,51.69,51.69,51.69,41.06,41.06,,,,,38.65,41.06,40.9,41.06,41.06,41.06,48.01,51.69,39.22,40.83,41.06,41.06,41.06,41.06,43.92,37.75,,,,,,
2019-11-14 23:00:00+01:00,,40.65,,50.28,29.8,46.31,,34.52,,35.38,35.38,35.38,40.67,46.73,40.67,48.53,49.03,,59.0,40.65,34.97,,38.24,,,,48.53,48.53,,48.53,48.53,48.53,48.53,48.53,40.67,40.67,,,,,35.38,40.67,40.67,40.67,40.67,40.67,43.31,46.73,34.92,35.29,40.67,40.67,40.67,40.67,40.65,34.52,,,,,,
2019-11-15 00:00:00+01:00,,34.02,,46.07,28.55,46.06,,28.54,,29.65,32.4,38.75,38.75,43.01,38.75,46.2,47.28,,59.52,34.02,29.09,,39.0,,,,46.2,46.2,,46.2,46.2,46.2,46.2,46.2,38.75,38.75,,,,,32.4,39.08,39.08,38.75,38.75,39.08,41.39,43.01,29.06,31.06,38.75,38.75,38.75,38.75,34.02,28.54,,,,,,
2019-11-15 01:00:00+01:00,,32.68,,48.34,26.53,43.53,,26.07,,28.38,32.1,37.03,37.03,39.81,37.03,44.5,49.62,,59.52,32.68,26.07,,33.0,,,,44.5,44.5,,44.5,44.5,44.5,44.5,44.5,37.03,37.03,,,,,32.1,38.79,38.79,37.03,37.03,38.79,41.09,39.81,26.04,29.09,37.03,37.03,37.03,37.03,32.68,26.07,,,,,,
2019-11-15 02:00:00+01:00,,31.94,,42.03,22.89,41.88,,24.14,,28.32,30.0,36.64,36.64,38.56,36.64,42.03,43.14,,58.6,31.94,24.14,,28.0,,,,42.03,42.03,,42.03,42.03,42.03,42.03,42.03,36.64,36.64,,,,,30.0,38.6,38.6,36.64,36.64,38.6,39.02,38.56,24.12,25.97,36.64,36.64,36.64,36.64,31.94,24.14,,,,,,
2019-11-15 03:00:00+01:00,,28.8,,37.87,22.53,41.32,,23.64,,25.16,33.0,36.82,36.82,37.98,36.82,37.98,38.87,,59.52,28.8,23.64,,22.19,,,,37.98,37.98,,37.98,37.98,37.98,37.98,37.98,36.82,36.82,,,,,33.0,38.57,38.57,36.82,36.82,38.57,38.7,37.98,23.61,25.04,36.82,36.82,36.82,36.82,28.8,23.64,,,,,,
2019-11-15 04:00:00+01:00,,28.87,,37.46,23.46,40.48,,25.9,,25.41,25.41,37.94,37.94,37.57,37.94,37.57,38.45,,58.77,28.87,25.9,,17.58,,,,37.57,37.57,,37.57,37.57,37.57,37.57,37.57,37.94,37.94,,,,,33.0,38.78,38.78,37.94,37.94,38.78,40.1,37.57,25.87,26.02,37.94,37.94,37.94,37.94,28.87,25.9,,,,,,
2019-11-15 05:00:00+01:00,,32.81,,38.13,29.94,43.68,,30.01,,30.12,30.12,40.02,46.35,38.99,46.35,40.07,39.14,,57.69,32.81,31.21,,15.56,,,,40.07,40.07,,40.07,40.07,40.07,40.07,40.07,40.02,40.02,,,,,33.0,40.02,40.02,40.02,40.02,40.02,40.91,38.99,31.17,30.07,40.02,40.02,40.02,40.02,32.81,30.01,,,,,,
2019-11-15 06:00:00+01:00,,39.05,,48.0,34.98,51.83,,40.22,,34.1,34.1,41.21,64.88,39.96,64.88,50.83,49.28,,58.65,39.05,40.22,,27.21,,,,50.83,50.83,,50.83,50.83,50.83,50.83,50.83,41.21,41.21,,,,,36.1,41.21,41.21,41.21,41.21,41.21,51.53,39.96,40.17,38.49,41.21,41.21,41.21,41.21,39.05,40.22,,,,,,
2019-11-15 07:00:00+01:00,,46.7,,56.1,45.09,57.49,,48.76,,39.73,39.73,42.44,56.46,47.46,56.46,64.49,57.6,,65.75,46.7,48.76,,36.99,,,,60.0,60.0,,60.0,60.0,60.0,60.0,60.0,47.48,47.48,,,,,39.73,42.44,41.37,42.44,42.44,42.44,48.26,47.46,48.7,45.25,42.44,42.44,42.44,42.44,46.7,48.76,,,,,,
2019-11-15 08:00:00+01:00,,49.64,,51.8,46.0,57.04,,50.99,,40.86,40.86,42.42,65.66,50.01,65.66,72.36,50.45,,61.05,49.64,50.99,,39.87,,,,72.36,60.71,,72.36,60.71,60.71,60.71,60.71,51.74,51.74,,,,,40.86,42.42,42.21,42.42,42.42,42.42,51.98,50.01,50.93,45.38,42.42,42.42,42.42,42.42,49.64,50.99,,,,,,
2019-11-15 09:00:00+01:00,,51.91,,57.81,45.93,56.98,,50.58,,35.4,35.4,41.96,43.91,53.01,43.91,74.45,56.31,,58.68,51.91,50.58,,42.55,,,,74.45,57.46,,74.45,57.46,57.46,57.46,57.46,41.96,41.96,,,,,40.61,41.96,41.96,41.96,41.96,41.96,51.51,53.01,50.52,46.02,41.96,41.96,41.96,41.96,51.91,50.58,,,,,,
2019-11-15 10:00:00+01:00,,45.43,,62.0,43.95,57.39,,49.0,,35.76,35.76,41.72,41.72,52.19,41.72,71.13,60.4,,54.55,45.43,49.0,,48.0,,,,71.13,49.0,,71.13,49.0,49.0,49.0,49.0,41.72,41.72,,,,,40.38,41.72,41.72,41.72,41.72,41.72,51.04,52.19,48.94,44.63,41.72,41.72,41.72,41.72,45.43,49.0,,,,,,
2019-11-15 11:00:00+01:00,,50.05,,57.79,41.97,58.15,,49.43,,34.85,34.85,41.64,41.64,51.23,41.64,69.59,56.3,,54.55,50.05,49.43,,47.8,,,,69.59,44.07,,69.59,44.07,44.07,44.07,44.07,41.64,41.64,,,,,40.5,41.64,41.64,41.64,41.64,41.64,52.94,51.23,49.37,44.72,41.64,41.64,41.64,41.64,50.05,49.43,,,,,,
2019-11-15 12:00:00+01:00,,50.33,,62.45,43.03,56.17,,48.88,,36.13,36.13,41.34,44.55,48.97,44.55,70.06,60.85,,55.04,50.33,48.88,,47.64,,,,70.06,43.8,,70.06,43.8,43.8,43.8,43.8,41.34,41.34,,,,,40.02,41.34,41.34,41.34,41.34,41.34,53.63,48.97,48.82,42.44,41.34,41.34,41.34,41.34,50.33,48.88,,,,,,
2019-11-15 13:00:00+01:00,,49.16,,59.45,45.07,56.28,,48.07,,39.68,39.68,41.45,54.17,48.79,54.17,64.4,57.93,,57.5,49.16,48.07,,50.33,,,,64.4,43.8,,64.4,43.8,43.8,43.8,43.8,54.17,54.17,,,,,40.12,41.45,41.45,41.45,41.45,41.45,54.41,48.79,48.01,41.89,41.45,41.45,41.45,41.45,49.16,48.07,,,,,,
2019-11-15 14:00:00+01:00,,47.65,,51.3,46.06,55.92,,47.73,,42.0,42.0,42.0,52.14,46.0,52.14,63.09,52.69,,58.53,47.65,47.73,,50.2,,,,63.09,43.9,,63.09,43.9,43.9,43.9,43.9,52.14,52.14,,,,,42.14,42.0,42.0,42.0,42.0,42.0,52.37,46.0,47.67,43.4,42.0,42.0,42.0,42.0,47.65,47.73,,,,,,
2019-11-15 15:00:00+01:00,,48.19,,56.1,51.32,54.69,,48.97,,45.41,42.75,42.75,54.94,46.0,54.94,56.19,54.67,,66.88,48.19,48.97,,52.08,,,,56.19,49.0,,56.19,49.0,49.0,49.0,49.0,52.08,52.08,,,,,45.41,42.75,42.75,42.75,42.75,42.75,52.31,46.0,48.9,47.01,42.75,42.75,42.75,42.75,48.19,48.97,,,,,,
2019-11-15 16:00:00+01:00,,51.47,,49.2,47.26,55.31,,51.94,,49.0,43.6,43.6,54.34,48.97,54.34,59.17,50.55,,67.23,51.47,51.94,,48.15,,,,59.17,57.43,,59.17,57.43,57.43,57.43,57.43,54.34,54.34,,,,,49.0,43.6,43.6,43.6,43.6,43.6,54.58,48.97,52.57,50.48,43.6,43.6,43.6,43.6,51.47,51.94,,,,,,
2019-11-15 17:00:00+01:00,,60.0,,68.18,57.01,55.48,,54.59,,51.12,44.27,44.27,54.05,54.54,54.05,66.09,67.3,,67.32,60.0,54.59,,64.0,,,,66.09,64.99,,66.09,64.99,64.99,64.99,64.99,54.05,54.05,,,,,61.0,44.27,44.27,44.27,44.27,44.27,54.29,54.54,56.18,57.14,44.27,44.27,44.27,44.27,60.0,54.59,,,,,,
2019-11-15 18:00:00+01:00,,52.75,,73.25,51.01,55.44,,52.0,,45.91,43.41,43.41,52.31,59.3,52.31,73.47,75.25,,67.32,52.75,52.0,,80.0,,,,73.47,64.99,,73.47,64.99,64.99,64.99,64.99,52.31,52.31,,,,,45.91,43.41,43.41,43.41,43.41,43.41,52.53,59.03,51.93,54.04,43.41,43.41,43.41,43.41,52.75,52.0,,,,,,
2019-11-15 19:00:00+01:00,,51.05,,62.27,46.73,55.38,,49.88,,47.21,42.4,42.4,42.4,60.46,42.4,62.45,63.98,,67.32,51.05,49.88,,67.07,,,,62.45,62.45,,62.45,62.45,62.45,62.45,62.45,42.4,42.4,,,,,43.8,42.4,42.4,42.4,42.4,42.4,50.08,60.11,49.81,52.05,42.4,42.4,42.4,42.4,51.05,49.88,,,,,,
2019-11-15 20:00:00+01:00,,46.65,,57.83,44.01,54.06,,45.2,,42.92,41.55,41.55,41.55,58.0,41.55,58.0,59.41,,67.23,46.65,45.2,,62.29,,,,58.0,58.0,,58.0,58.0,58.0,58.0,58.0,41.55,41.55,,,,,42.92,41.55,41.55,41.55,41.55,41.55,47.87,58.0,45.14,48.03,41.55,41.55,41.55,41.55,46.65,45.2,,,,,,
2019-11-15 21:00:00+01:00,,45.99,,51.68,39.74,51.43,,42.2,,43.98,41.35,41.35,41.35,54.24,41.35,51.84,53.11,,59.59,45.99,42.2,,54.35,,,,51.84,51.84,,51.84,51.84,51.84,51.84,51.84,41.35,41.35,,,,,41.35,41.35,41.35,41.35,41.35,41.35,44.69,54.24,42.14,44.49,41.35,41.35,41.35,41.35,45.99,42.2,,,,,,
2019-11-15 22:00:00+01:00,,40.04,,51.87,39.32,51.55,,41.03,,40.04,40.04,40.04,40.04,52.39,40.04,52.39,53.3,,58.74,40.04,41.03,,54.54,,,,51.5,48.04,,51.5,48.04,48.04,48.04,48.04,40.04,40.04,,,,,40.04,40.39,40.39,40.04,40.04,40.39,42.13,52.39,40.98,42.93,40.04,40.04,40.04,40.04,40.04,41.03,,,,,,
2019-11-15 23:00:00+01:00,,38.46,,49.55,36.69,49.07,,36.01,,38.46,38.46,38.46,38.46,49.55,38.46,49.55,50.49,,58.48,38.46,36.01,,49.26,,,,49.55,43.8,,49.55,42.8,43.8,42.8,43.8,38.46,38.46,,,,,38.46,39.97,39.97,38.46,38.46,39.97,43.41,49.55,35.96,38.48,38.46,38.46,38.46,38.46,38.46,36.01,,,,,,
2019-11-16 00:00:00+01:00,,36.98,,36.98,39.96,48.05,,37.27,,36.98,36.98,36.98,36.98,48.07,36.98,45.67,44.64,,41.8,36.98,37.27,,45.69,,,,45.67,45.67,,45.67,45.67,45.67,45.67,45.67,36.98,36.98,,,,,36.98,40.09,40.09,37.16,36.98,40.09,48.51,48.07,37.24,38.48,36.98,36.98,36.98,36.98,36.98,37.27,,,,,,
2019-11-16 01:00:00+01:00,,37.07,,37.07,38.91,43.82,,35.76,,37.07,37.07,37.07,37.07,43.49,37.07,43.49,44.54,,37.8,35.6,35.76,,43.47,,,,43.49,43.49,,43.49,43.49,43.49,43.49,43.49,37.07,37.07,,,,,37.07,40.05,40.05,37.07,37.07,40.05,47.1,43.49,34.86,35.53,37.07,37.07,37.07,37.07,35.6,35.76,,,,,,
2019-11-16 02:00:00+01:00,,36.53,,36.53,36.94,42.22,,35.39,,36.53,36.53,36.53,36.53,40.08,36.53,40.08,43.46,,35.8,35.6,35.39,,42.42,,,,40.08,40.08,,40.08,40.08,40.08,40.08,40.08,36.53,36.53,,,,,36.53,39.99,39.99,37.04,36.53,39.99,44.85,40.08,32.77,35.02,36.53,36.53,36.53,36.53,35.6,35.39,,,,,,
2019-11-16 03:00:00+01:00,,37.19,,37.19,36.92,40.34,,34.01,,37.19,37.19,37.19,37.19,38.99,37.19,37.19,41.0,,33.58,35.6,34.01,,40.01,,,,37.19,37.19,,37.19,37.19,37.19,37.19,37.19,37.19,37.19,,,,,37.19,39.81,39.81,37.19,37.19,39.81,43.61,38.99,31.47,34.07,37.19,37.19,37.19,37.19,35.6,34.01,,,,,,
2019-11-16 04:00:00+01:00,,37.32,,37.32,31.58,39.94,,34.51,,37.32,37.32,37.32,37.32,38.56,37.32,37.32,39.28,,37.58,37.32,34.51,,39.6,,,,37.32,37.32,,37.32,37.32,37.32,37.32,37.32,37.32,37.32,,,,,37.32,39.68,39.68,37.32,37.32,39.68,42.3,38.56,32.37,34.87,37.32,37.32,37.32,37.32,37.32,34.51,,,,,,
2019-11-16 05:00:00+01:00,,37.49,,37.49,36.98,40.74,,35.18,,37.49,37.49,37.49,37.49,39.6,37.49,39.6,40.57,,43.04,37.49,35.18,,39.6,,,,39.64,39.64,,39.64,39.64,39.64,39.64,39.64,37.49,37.49,,,,,37.49,39.65,39.65,37.49,37.49,39.65,45.98,39.6,35.15,34.95,37.49,37.49,37.49,37.49,37.49,35.18,,,,,,
2019-11-16 06:00:00+01:00,,38.42,,38.42,39.88,44.06,,36.9,,38.42,38.42,38.42,38.42,40.14,38.42,40.14,41.12,,54.54,38.42,36.9,,40.12,,,,44.04,44.04,,44.04,44.04,44.04,44.04,44.04,38.42,38.42,,,,,38.42,39.69,39.69,38.42,38.42,39.69,48.45,40.14,36.86,37.96,38.42,38.42,38.42,38.42,38.42,36.9,,,,,,
2019-11-16 07:00:00+01:00,,39.01,,39.01,44.52,47.82,,39.59,,39.01,39.01,39.43,45.78,42.56,45.78,42.56,51.45,,54.54,39.01,39.59,,50.2,,,,46.87,46.87,,46.87,46.87,46.87,46.87,46.87,39.43,45.78,,,,,39.01,40.3,40.3,39.43,39.43,40.3,47.6,42.56,39.06,39.91,39.43,39.43,39.43,39.43,39.01,39.59,,,,,,
2019-11-16 08:00:00+01:00,,42.47,,42.47,43.55,49.76,,40.62,,42.47,42.47,41.11,48.74,43.66,48.74,43.66,43.82,,55.53,42.47,40.62,,44.32,,,,47.26,47.26,,47.26,47.26,47.26,47.26,47.26,41.11,48.74,,,,,42.47,41.11,41.11,41.11,41.11,41.11,48.36,43.66,40.58,40.0,41.11,41.11,41.11,41.11,42.47,40.62,,,,,,
2019-11-16 09:00:00+01:00,,44.82,,43.13,45.35,51.23,,42.55,,43.13,43.13,43.13,49.11,50.16,49.11,50.16,51.4,,54.55,44.82,42.55,,53.11,,,,50.16,50.16,,50.16,50.16,50.16,50.16,50.16,41.75,49.11,,,,,43.13,41.75,41.75,41.75,41.75,41.75,48.18,50.16,41.83,41.17,41.75,41.75,41.75,41.75,44.82,42.55,,,,,,
2019-11-16 10:00:00+01:00,,43.8,,41.51,40.04,51.41,,42.78,,41.51,41.51,41.51,49.17,50.9,49.17,50.9,59.3,,54.55,43.8,42.78,,62.15,,,,50.9,50.9,,50.9,50.9,50.9,50.9,50.9,41.51,49.17,,,,,41.51,41.51,41.51,41.51,41.51,41.51,47.64,50.9,40.42,40.91,41.51,41.51,41.51,41.51,43.8,42.78,,,,,,
2019-11-16 11:00:00+01:00,,43.92,,41.9,39.06,50.69,,42.0,,41.9,41.9,41.08,47.59,50.16,47.59,50.16,63.16,,54.96,43.92,42.0,,66.19,,,,50.16,50.16,,50.16,50.16,50.16,50.16,50.16,41.08,47.59,,,,,41.9,41.08,41.08,41.08,41.08,41.08,47.62,50.16,39.82,41.3,41.08,41.08,41.08,41.08,43.92,42.0,,,,,,
2019-11-16 12:00:00+01:00,,41.5,,38.97,34.75,50.1,,38.21,,38.97,38.97,40.26,47.78,49.27,47.78,49.27,63.93,,55.6,41.5,38.21,,67.0,,,,49.27,49.27,,49.27,49.27,49.27,49.27,49.27,40.26,47.78,,,,,38.97,40.26,40.26,40.26,40.26,40.26,47.68,49.27,38.05,38.02,40.26,40.26,40.26,40.26,41.5,38.21,,,,,,
2019-11-16 13:00:00+01:00,,38.31,,38.94,33.03,49.51,,36.01,,35.15,38.94,39.94,47.92,47.65,47.92,47.65,63.01,,55.59,38.31,36.01,,66.04,,,,47.65,47.65,,47.65,47.65,47.65,47.65,47.65,39.94,47.92,,,,,38.94,40.23,40.23,39.94,39.94,40.23,51.99,47.65,35.21,37.04,39.94,39.94,39.94,39.94,38.31,36.01,,,,,,
2019-11-16 14:00:00+01:00,,37.43,,49.67,38.81,48.79,,35.94,,34.98,40.12,40.12,45.38,42.96,45.38,42.96,63.06,,58.7,37.43,35.94,,66.08,,,,44.14,44.14,,44.14,44.14,44.14,44.14,44.14,40.12,45.38,,,,,40.12,40.27,40.27,40.12,40.12,40.27,48.3,42.96,35.21,37.07,40.12,40.12,40.12,40.12,37.43,35.94,,,,,,
2019-11-16 15:00:00+01:00,,39.05,,47.28,43.07,48.39,,38.08,,37.37,40.19,40.19,51.63,39.81,51.63,42.79,55.68,,58.74,39.05,38.08,,58.35,,,,44.64,44.64,,44.64,44.64,44.64,44.64,44.64,40.19,51.63,,,,,40.19,40.34,40.34,40.19,40.19,40.34,48.38,39.81,38.04,40.28,40.19,40.19,40.19,40.19,39.05,38.08,,,,,,
2019-11-16 16:00:00+01:00,,42.64,,49.66,46.41,49.62,,41.86,,41.25,41.25,41.25,68.53,40.1,68.53,45.79,51.05,,58.59,42.64,43.09,,53.49,,,,47.26,47.26,,47.0,47.26,47.26,47.26,47.26,41.25,68.53,,,,,42.61,41.25,41.25,41.25,41.25,41.25,53.42,40.1,43.05,43.48,41.25,41.25,41.25,41.25,42.64,41.86,,,,,,
2019-11-16 17:00:00+01:00,,45.79,,61.42,46.99,53.94,,45.31,,42.47,42.47,42.47,42.47,46.01,42.47,52.55,69.03,,62.78,45.79,48.31,,90.06,,,,52.55,52.55,,52.55,52.55,52.55,52.55,52.55,42.47,42.47,,,,,43.87,42.47,42.47,42.47,42.47,42.47,53.46,46.01,48.26,49.2,42.47,42.47,42.47,42.47,45.79,45.31,,,,,,
2019-11-16 18:00:00+01:00,,47.12,,71.11,44.48,55.36,,43.78,,42.2,42.2,41.55,41.55,53.46,41.55,57.8,96.52,,62.78,47.12,47.36,,116.53,,,,57.8,57.8,,57.8,57.8,57.8,57.8,57.8,41.55,41.55,,,,,42.2,41.55,41.55,41.55,41.55,41.55,52.87,53.46,47.31,47.12,41.55,41.55,41.55,41.55,47.12,43.78,,,,,,
2019-11-16 19:00:00+01:00,,44.14,,67.62,43.55,54.27,,40.33,,39.32,39.32,39.98,39.98,54.54,39.98,54.54,74.02,,62.78,44.14,44.76,,107.49,,,,54.54,54.54,,54.54,54.54,54.54,54.54,54.54,39.98,39.98,,,,,39.32,40.4,40.4,39.98,39.98,40.4,52.87,54.54,44.71,43.85,39.98,39.98,39.98,39.98,44.14,40.33,,,,,,
2019-11-16 20:00:00+01:00,,40.33,,44.9,32.83,50.66,,37.0,,35.37,37.0,38.63,38.63,51.79,38.63,51.79,63.32,,59.59,40.33,37.34,,76.0,,,,51.79,51.79,,51.79,51.79,51.79,51.79,51.79,38.63,38.63,,,,,37.0,39.89,39.89,38.63,38.63,39.89,49.47,51.79,37.3,39.39,38.63,38.63,38.63,38.63,40.33,37.0,,,,,,
2019-11-16 21:00:00+01:00,,37.82,,34.23,31.44,48.58,,35.91,,34.23,34.23,38.58,38.58,49.27,38.58,49.27,53.3,,58.5,37.82,35.91,,55.84,,,,49.27,49.27,,49.27,49.27,49.27,49.27,49.27,38.58,38.58,,,,,34.23,39.82,39.82,38.58,38.58,39.82,48.05,49.27,35.87,38.68,38.58,38.58,38.58,38.58,37.82,35.91,,,,,,
2019-11-16 22:00:00+01:00,,37.49,,34.3,29.99,47.57,,35.79,,34.3,34.3,37.29,37.29,48.87,37.29,48.87,51.55,,54.54,37.49,35.79,,57.0,,,,48.87,48.87,,48.87,48.87,48.87,48.87,48.87,37.29,37.29,,,,,34.3,39.81,39.81,37.29,37.29,39.81,46.65,48.87,32.46,37.51,37.29,37.29,37.29,37.29,37.49,35.79,,,,,,
2019-11-16 23:00:00+01:00,,34.02,,34.7,27.1,46.0,,32.55,,29.73,29.73,36.44,36.44,47.88,36.44,47.88,49.1,,59.04,34.02,32.55,,51.18,,,,47.88,47.88,,47.88,47.88,47.88,47.88,47.88,36.44,36.44,,,,,34.7,39.47,39.47,36.44,36.44,39.47,43.27,47.88,28.0,34.15,36.44,36.44,36.44,36.44,34.02,32.55,,,,,,
2019-11-17 00:00:00+01:00,,33.24,,45.0,23.09,44.71,,29.97,,29.06,29.06,29.06,34.87,45.07,34.87,45.07,47.52,,40.5,33.24,29.97,,49.73,,,,41.73,41.73,,41.73,41.73,41.73,41.73,41.73,34.87,34.87,,,,,32.9,40.42,40.42,34.87,34.87,40.42,41.84,45.07,29.93,25.62,34.87,34.87,34.87,34.87,33.24,29.97,,,,,,
2019-11-17 01:00:00+01:00,,32.57,,45.0,23.09,42.16,,28.46,,30.96,30.96,30.96,34.45,42.42,34.45,42.42,46.82,,40.5,32.57,28.46,,47.87,,,,40.0,40.0,,40.0,40.0,40.0,40.0,40.0,34.45,34.45,,,,,32.5,40.35,40.35,34.45,34.45,40.35,41.03,42.42,28.43,22.08,34.45,34.45,34.45,34.45,32.57,28.46,,,,,,
2019-11-17 02:00:00+01:00,,33.01,,48.59,26.44,39.4,,28.0,,31.59,31.59,31.59,34.06,39.81,34.06,39.81,51.5,,34.46,33.01,28.0,,48.97,,,,33.09,33.09,,33.09,33.09,33.09,33.09,33.09,34.06,34.06,,,,,34.7,40.28,40.28,34.06,34.06,40.28,40.45,39.81,27.97,24.43,34.06,34.06,34.06,34.06,33.01,28.0,,,,,,
2019-11-17 03:00:00+01:00,,32.23,,43.33,23.09,37.34,,27.13,,32.23,32.23,32.23,33.8,37.4,33.8,37.4,44.97,,30.67,32.23,27.13,,42.76,,,,32.23,32.23,,32.23,32.23,32.23,32.23,32.23,33.8,33.8,,,,,32.23,40.23,40.23,33.8,33.8,40.23,40.39,37.4,27.1,22.35,33.8,33.8,33.8,33.8,32.23,27.13,,,,,,
2019-11-17 04:00:00+01:00,,32.86,,40.25,23.1,36.71,,28.06,,32.86,32.86,32.86,34.15,36.3,34.15,36.3,43.67,,38.52,32.25,28.06,,41.51,,,,32.25,32.25,,32.25,32.25,32.25,32.25,32.25,34.15,34.15,,,,,32.86,40.22,40.22,34.15,34.15,40.22,41.5,36.3,28.02,23.9,34.15,34.15,34.15,34.15,32.25,28.06,,,,,,
2019-11-17 05:00:00+01:00,,33.75,,40.37,23.08,38.08,,28.01,,33.75,33.75,33.75,34.41,36.46,34.41,36.46,41.56,,33.14,33.75,28.01,,39.51,,,,33.75,33.75,,33.75,33.75,33.75,33.75,33.75,34.41,34.41,,,,,33.75,40.25,40.25,34.41,34.41,40.25,40.8,36.46,27.97,24.62,34.41,34.41,34.41,34.41,33.75,28.01,,,,,,
2019-11-17 06:00:00+01:00,,32.49,,40.94,23.03,39.46,,27.81,,32.49,32.49,32.49,34.33,36.5,34.33,36.5,42.15,,33.3,32.49,27.81,,39.76,,,,36.5,36.5,,36.5,36.5,36.5,36.5,36.5,34.33,34.33,,,,,32.49,40.3,40.3,34.33,34.33,40.3,40.47,36.5,27.77,22.93,34.33,34.33,34.33,34.33,32.49,27.81,,,,,,
2019-11-17 07:00:00+01:00,,33.88,,41.17,22.55,41.17,,30.8,,33.88,33.88,34.96,34.96,37.4,34.96,37.4,42.4,,40.56,33.88,30.8,,38.85,,,,37.4,37.4,,37.4,37.4,37.4,37.4,37.4,34.96,34.96,,,,,33.88,40.2,40.2,34.96,34.96,40.2,41.68,37.4,27.26,27.08,34.96,34.96,34.96,34.96,33.88,30.8,,,,,,
2019-11-17 08:00:00+01:00,,36.85,,40.38,24.05,42.68,,34.36,,36.85,36.85,36.85,36.85,38.56,36.85,38.56,39.81,,44.9,36.85,34.36,,38.76,,,,38.56,38.56,,38.56,38.56,38.56,38.56,38.56,36.85,36.85,,,,,36.85,40.28,40.28,36.85,36.85,40.28,43.46,38.56,27.24,30.04,36.85,36.85,36.85,36.85,36.85,34.36,,,,,,
2019-11-17 09:00:00+01:00,,38.81,,43.73,29.03,44.82,,37.75,,38.81,38.81,38.81,38.81,41.19,38.81,41.19,45.02,,50.82,38.81,37.75,,42.79,,,,41.19,41.19,,41.19,41.19,41.19,41.19,41.19,38.81,38.81,,,,,38.81,40.29,40.29,38.81,38.81,40.29,47.77,41.19,24.97,35.7,38.81,38.81,38.81,38.81,38.81,37.75,,,,,,
2019-11-17 10:00:00+01:00,,39.72,,46.75,31.02,45.94,,39.8,,39.72,39.72,39.72,39.72,43.12,39.72,43.12,50.74,,54.55,39.72,39.8,,48.22,,,,43.12,43.12,,43.12,43.12,43.12,43.12,43.12,39.72,39.72,,,,,39.72,40.37,40.37,39.72,39.72,40.37,47.83,43.12,25.29,38.63,39.72,39.72,39.72,39.72,39.72,39.8,,,,,,
2019-11-17 11:00:00+01:00,,40.76,,47.06,32.07,46.08,,41.02,,40.76,40.76,40.76,40.76,43.81,40.76,43.81,52.0,,54.86,40.76,41.02,,49.41,,,,43.81,43.81,,43.81,43.81,43.81,43.81,43.81,40.76,40.76,,,,,40.76,40.76,40.76,40.76,40.76,40.76,49.19,43.81,25.96,39.02,40.76,40.76,40.76,40.76,40.76,41.02,,,,,,
2019-11-17 12:00:00+01:00,,40.15,,48.27,36.08,45.9,,40.95,,40.15,40.15,40.15,40.15,44.08,40.15,44.08,52.7,,54.86,40.15,40.95,,50.08,,,,44.08,44.08,,44.08,44.08,44.08,44.08,44.08,40.15,40.15,,,,,40.15,40.47,40.47,40.15,40.15,40.47,50.54,44.08,30.96,36.93,40.15,40.15,40.15,40.15,40.15,40.95,,,,,,
2019-11-17 13:00:00+01:00,,39.25,,45.59,45.04,45.02,,38.31,,39.25,39.25,40.22,40.22,42.32,40.22,42.32,56.87,,49.9,39.25,38.31,,54.04,,,,42.32,42.32,,42.32,42.32,42.32,42.32,42.32,40.22,40.22,,,,,39.25,40.41,40.41,40.22,40.22,40.41,50.34,42.32,31.06,33.09,40.22,40.22,40.22,40.22,39.25,38.31,,,,,,
2019-11-17 14:00:00+01:00,,39.06,,43.07,44.58,43.7,,37.46,,39.06,39.06,40.26,40.26,41.0,40.26,41.0,51.54,,54.54,39.06,37.46,,48.97,,,,41.0,41.0,,41.0,41.0,41.0,41.0,41.0,40.26,40.26,,,,,39.06,40.35,40.35,40.26,40.26,40.35,47.23,41.0,37.41,30.41,40.26,40.26,40.26,40.26,39.06,37.46,,,,,,
2019-11-17 15:00:00+01:00,,39.83,,42.27,46.44,43.37,,39.0,,39.83,39.99,40.8,40.8,41.01,40.8,41.01,47.67,,54.55,39.83,39.0,,45.91,,,,43.94,43.94,,41.01,43.94,43.94,43.94,43.94,40.8,40.8,,,,,39.83,40.8,40.8,40.8,40.8,40.8,45.57,41.01,38.94,35.09,40.8,40.8,40.8,40.8,39.83,39.0,,,,,,
2019-11-17 16:00:00+01:00,,41.15,,45.0,57.56,44.71,,41.4,,41.15,41.15,41.79,41.79,43.01,41.79,43.01,48.03,,58.65,41.15,43.99,,46.74,,,,44.61,44.61,,43.01,44.61,44.61,44.61,44.61,41.79,41.79,,,,,41.15,41.79,41.79,41.79,41.79,41.79,46.99,43.01,43.93,39.09,41.79,41.79,41.79,41.79,41.15,41.4,,,,,,
2019-11-17 17:00:00+01:00,,46.18,,51.03,61.28,51.27,,45.7,,45.44,45.44,44.79,43.98,48.11,43.98,48.11,69.47,,66.97,46.18,52.53,,67.6,,,,52.55,52.55,,48.11,52.55,52.55,52.55,52.55,43.98,43.98,,,,,45.44,43.98,43.98,43.98,43.98,43.98,47.76,48.11,52.45,44.1,43.98,43.98,43.98,43.98,46.18,45.7,,,,,,
2019-11-17 18:00:00+01:00,,46.08,,63.1,56.87,52.78,,46.19,,43.67,43.67,43.67,43.48,52.75,43.48,52.75,91.38,,62.49,46.08,54.16,,91.65,,,,52.75,52.75,,52.75,52.75,52.75,52.75,52.75,43.48,43.48,,,,,43.67,43.48,43.48,43.48,43.48,43.48,47.69,52.75,54.08,46.6,43.48,43.48,43.48,43.48,46.08,46.19,,,,,,
2019-11-17 19:00:00+01:00,,45.74,,63.1,56.23,52.76,,43.0,,41.92,41.92,41.92,41.92,55.15,41.92,55.15,65.01,,58.58,45.74,49.78,,67.97,,,,58.37,58.37,,55.15,58.37,58.37,58.37,58.37,41.92,41.92,,,,,42.6,41.92,41.92,41.92,41.92,41.92,43.44,55.15,49.7,43.92,41.92,41.92,41.92,41.92,45.74,43.0,,,,,,
2019-11-17 20:00:00+01:00,,41.77,,50.0,55.58,51.51,,40.0,,37.18,40.85,40.85,40.85,52.79,40.85,52.79,54.24,,58.55,41.77,52.45,,56.69,,,,52.79,52.79,,52.79,52.79,52.79,52.79,52.79,40.85,40.85,,,,,40.18,40.85,40.85,40.85,40.85,40.85,45.3,52.79,52.37,39.06,40.85,40.85,40.85,40.85,41.77,40.0,,,,,,
2019-11-17 21:00:00+01:00,,39.02,,40.7,41.48,49.63,,35.9,,35.67,39.97,39.97,39.97,50.73,39.97,48.47,49.8,,58.66,39.02,38.99,,52.05,,,,48.47,48.47,,48.47,48.47,48.47,48.47,48.47,39.97,39.97,,,,,38.6,40.52,40.52,39.97,39.97,40.52,43.45,50.73,38.93,36.53,39.97,39.97,39.97,39.97,39.02,35.9,,,,,,
2019-11-17 22:00:00+01:00,,37.03,,39.4,40.03,48.23,,34.85,,35.06,35.06,35.06,38.64,47.62,38.64,47.62,46.68,,54.86,37.03,34.85,,48.8,,,,47.62,47.62,,47.62,47.62,47.62,47.62,47.62,38.64,38.64,,,,,35.06,40.38,40.38,38.64,38.64,40.38,44.02,47.62,34.8,33.76,38.64,38.64,38.64,38.64,37.03,34.85,,,,,,
2019-11-17 23:00:00+01:00,,32.3,,41.32,28.83,46.41,,28.93,,32.3,32.3,32.3,37.26,43.43,37.26,43.43,42.59,,1.0,32.3,28.93,,44.51,,,,43.43,43.43,,43.43,43.43,43.43,43.43,43.43,37.26,37.26,,,,,32.3,40.28,40.28,37.26,37.26,40.28,42.02,43.43,28.88,29.15,37.26,37.26,37.26,37.26,32.3,28.93,,,,,,
2019-11-18 00:00:00+01:00,,24.76,,24.76,22.53,46.47,,29.57,,24.76,24.76,37.93,37.93,43.28,37.93,43.28,42.45,,43.68,24.76,29.57,,44.36,,,,42.7,42.7,,42.7,42.7,42.7,42.7,42.7,37.93,37.93,,,,,24.76,39.37,39.37,37.93,37.93,39.37,41.01,43.28,29.52,32.91,37.93,37.93,37.93,37.93,24.76,29.57,,,,,,
2019-11-18 01:00:00+01:00,,27.83,,34.0,25.57,42.09,,28.0,,27.83,27.83,27.83,37.24,40.74,37.24,40.74,41.86,,40.09,27.83,28.0,,43.75,,,,40.23,40.23,,40.23,40.23,40.23,40.23,40.23,37.24,37.24,,,,,27.83,39.14,39.14,37.24,37.24,39.14,37.45,40.74,27.95,29.13,37.24,37.24,37.24,37.24,27.83,28.0,,,,,,
2019-11-18 02:00:00+01:00,,26.31,,26.5,23.29,40.09,,25.94,,26.31,26.31,26.31,36.81,39.69,36.81,39.69,42.18,,34.14,26.31,25.94,,44.09,,,,39.69,39.69,,39.69,39.69,39.69,39.69,39.69,36.81,36.81,,,,,26.5,39.06,39.06,36.81,36.81,39.06,36.96,39.69,25.9,27.52,36.81,36.81,36.81,36.81,26.31,25.94,,,,,,
2019-11-18 03:00:00+01:00,,28.16,,28.16,23.27,38.55,,25.74,,28.16,28.16,28.16,36.88,36.89,36.88,36.89,37.9,,32.58,28.16,25.74,,39.62,,,,36.89,36.89,,36.89,36.89,36.89,36.89,36.89,36.88,36.88,,,,,28.16,39.12,39.12,36.88,36.88,39.12,37.03,36.89,25.7,27.53,36.88,36.88,36.88,36.88,28.16,25.74,,,,,,
2019-11-18 04:00:00+01:00,,29.68,,33.1,26.98,39.54,,28.84,,29.68,29.68,29.68,38.67,35.68,38.67,35.68,36.65,,37.9,29.68,28.84,,38.32,,,,35.68,35.68,,35.68,35.68,35.68,35.68,35.68,38.67,38.67,,,,,29.9,39.25,39.25,38.67,38.67,39.25,38.83,35.68,28.79,28.43,38.67,38.67,38.67,38.67,29.68,28.84,,,,,,
2019-11-18 05:00:00+01:00,,35.28,,34.0,37.57,43.17,,34.62,,34.22,34.22,39.91,52.7,39.0,52.7,39.0,40.06,,44.13,35.28,34.77,,41.88,,,,39.0,39.0,,39.0,39.0,39.0,39.0,39.0,39.91,52.7,,,,,34.0,39.91,39.91,39.91,39.91,39.91,41.33,39.0,34.71,34.08,39.91,39.91,39.91,39.91,35.28,34.62,,,,,,
2019-11-18 06:00:00+01:00,,43.27,,40.02,46.52,51.86,,43.41,,41.34,41.34,41.34,62.54,46.05,62.54,49.84,48.85,,57.97,43.27,45.55,,49.87,,,,49.84,49.84,,49.84,49.84,49.84,49.84,49.84,51.38,62.54,,,,,40.02,41.34,41.34,41.34,41.34,41.34,51.59,46.05,45.47,45.13,41.34,41.34,41.34,41.34,43.27,45.55,,,,,,
2019-11-18 07:00:00+01:00,,53.9,,57.29,55.05,58.0,,52.65,,50.23,43.14,43.14,88.16,51.73,88.16,63.99,58.99,,66.95,60.51,57.7,,58.67,,,,60.51,60.51,,60.51,60.51,60.51,60.51,60.51,56.2,88.16,,,,,41.76,43.14,43.14,43.14,43.14,43.14,56.43,51.73,57.6,54.39,43.14,43.14,43.14,43.14,60.51,52.74,,,,,,
2019-11-18 08:00:00+01:00,,53.98,,61.41,57.93,58.29,,53.7,,49.86,44.4,44.4,58.62,51.05,58.62,64.93,63.22,,60.66,64.93,57.55,,66.14,,,,64.93,64.93,,64.93,64.93,64.93,64.93,64.93,58.03,58.03,,,,,45.87,44.4,44.4,44.4,44.4,44.4,58.27,51.05,57.45,55.16,44.4,44.4,44.4,44.4,64.93,53.7,,,,,,
2019-11-18 09:00:00+01:00,,53.67,,61.03,55.22,58.1,,53.73,,49.79,46.37,46.37,52.03,52.19,52.03,64.14,62.83,,60.66,64.14,57.77,,65.73,,,,64.14,64.14,,64.14,64.14,64.14,64.14,64.14,52.03,52.03,,,,,46.37,44.89,44.89,44.89,44.89,44.89,57.06,52.19,57.66,54.4,44.89,44.89,44.89,44.89,64.14,53.73,,,,,,
2019-11-18 10:00:00+01:00,,51.91,,58.32,55.24,58.41,,51.64,,48.38,48.38,48.38,51.3,51.49,51.3,61.3,60.04,,58.41,61.3,54.61,,65.77,,,,61.3,60.71,,61.3,60.71,60.71,60.71,60.71,51.3,51.3,,,,,48.38,44.46,44.46,44.46,44.46,44.46,57.91,51.49,54.51,52.07,44.46,44.46,44.46,44.46,61.3,51.64,,,,,,
2019-11-18 11:00:00+01:00,,51.99,,49.79,55.25,59.44,,50.98,,49.79,49.79,49.79,52.07,50.45,52.07,58.16,56.95,,57.06,58.16,54.69,,64.53,,,,58.16,55.83,,58.16,55.83,55.83,55.83,55.83,52.07,52.07,,,,,49.79,43.97,43.97,43.97,43.97,43.97,58.21,50.45,54.6,52.05,43.97,43.97,43.97,43.97,58.16,50.98,,,,,,
2019-11-18 12:00:00+01:00,,51.01,,48.81,55.91,57.71,,50.46,,48.81,48.81,48.81,53.07,50.47,53.07,57.27,56.08,,54.54,57.27,55.2,,64.53,,,,57.27,55.0,,57.27,55.0,55.0,55.0,55.0,53.07,53.07,,,,,48.81,43.79,43.79,43.79,43.79,43.79,58.23,50.47,55.1,52.05,43.79,43.79,43.79,43.79,57.27,50.46,,,,,,
2019-11-18 13:00:00+01:00,,52.95,,51.58,55.95,57.55,,50.59,,51.58,51.58,51.58,58.06,50.77,58.06,56.95,55.76,,54.0,56.95,55.85,,64.47,,,,56.95,56.95,,56.95,56.95,56.95,56.95,56.95,58.06,58.06,,,,,51.58,43.57,43.57,43.57,43.57,43.57,58.31,50.77,55.74,52.91,43.57,43.57,43.57,43.57,56.95,50.59,,,,,,
2019-11-18 14:00:00+01:00,,52.14,,49.8,60.38,59.91,,51.77,,49.8,49.8,49.8,58.28,50.0,58.28,59.06,57.81,,55.61,59.06,57.35,,59.08,,,,59.06,59.06,,59.06,59.06,59.06,59.06,59.06,58.28,58.28,,,,,49.8,43.6,43.6,43.6,43.6,43.6,58.53,50.0,57.25,53.49,43.6,43.6,43.6,43.6,59.06,51.77,,,,,,
2019-11-18 15:00:00+01:00,,53.99,,52.87,58.95,59.72,,55.0,,52.87,52.87,52.87,63.6,50.45,63.6,57.96,56.74,,58.59,60.0,57.35,,59.4,,,,60.0,60.0,,60.0,60.0,60.0,60.0,60.0,63.6,63.6,,,,,52.87,43.77,43.77,43.77,43.77,43.77,63.88,50.45,57.24,55.07,43.77,43.77,43.77,43.77,60.0,55.0,,,,,,
2019-11-18 16:00:00+01:00,,56.13,,55.0,69.54,59.64,,56.0,,55.0,55.0,55.0,61.69,52.23,61.69,59.58,58.31,,60.66,70.0,70.98,,59.61,,,,70.0,70.0,,70.0,70.0,70.0,70.0,70.0,61.69,61.69,,,,,55.0,44.46,44.46,44.46,44.46,44.46,61.96,52.23,70.85,60.08,44.46,44.46,44.46,53.68,70.0,56.0,,,,,,
2019-11-18 17:00:00+01:00,,60.07,,55.68,68.91,59.08,,55.0,,54.94,54.94,54.94,62.53,54.54,62.53,72.98,74.84,,66.86,75.1,73.93,,76.52,,,,75.24,75.24,,75.1,75.24,75.24,75.24,75.24,62.53,62.53,,,,,54.94,44.35,44.35,44.35,44.35,44.35,62.81,54.54,73.79,64.01,44.35,44.35,44.35,54.94,75.1,55.0,,,,,,
2019-11-18 18:00:00+01:00,,55.7,,67.5,64.99,58.85,,52.4,,43.67,43.67,43.67,58.39,60.52,58.39,85.0,87.16,,66.86,85.0,63.28,,89.12,,,,85.0,85.0,,85.0,85.0,85.0,85.0,85.0,58.39,58.39,,,,,43.67,43.11,43.11,43.11,43.11,43.11,58.65,60.52,63.16,58.27,43.11,43.11,43.11,43.11,85.0,52.4,,,,,,
2019-11-18 19:00:00+01:00,,50.65,,44.2,54.36,58.17,,48.0,,41.62,41.62,41.62,44.62,63.05,44.62,73.59,75.44,,67.28,73.59,62.31,,77.15,,,,73.72,73.72,,73.59,73.72,73.72,73.72,73.72,44.62,44.62,,,,,41.62,41.62,41.62,41.62,41.62,41.62,58.01,63.05,62.19,53.06,41.62,41.62,41.62,41.62,73.59,48.0,,,,,,
2019-11-18 20:00:00+01:00,,43.56,,39.39,54.72,57.39,,42.64,,35.9,39.39,40.7,42.39,62.55,42.39,62.55,64.41,,59.65,43.56,55.42,,62.8,,,,73.54,73.54,,62.55,73.54,73.54,73.54,73.54,42.39,42.39,,,,,39.39,40.7,40.7,40.7,40.7,40.7,58.24,62.55,55.31,48.9,40.7,40.7,40.7,40.7,43.56,42.64,,,,,,
2019-11-18 21:00:00+01:00,,40.23,,28.89,44.31,54.25,,36.89,,35.28,35.3,40.38,40.38,59.15,40.38,59.15,57.85,,55.34,40.23,43.44,,55.08,,,,59.15,59.15,,59.15,59.15,59.15,59.15,59.15,40.38,40.38,,,,,35.3,40.38,40.38,40.38,40.38,40.38,52.82,59.15,43.36,42.02,40.38,40.38,40.38,40.38,40.23,36.89,,,,,,
2019-11-18 22:00:00+01:00,,39.61,,35.0,32.25,53.39,,34.15,,33.89,33.89,39.62,39.62,54.54,39.62,54.54,53.34,,54.54,39.61,39.87,,52.02,,,,53.0,53.0,,53.0,53.0,53.0,53.0,53.0,39.62,39.62,,,,,33.89,39.91,39.91,39.62,39.62,39.91,46.04,54.54,39.15,39.99,39.62,39.62,39.62,39.62,39.61,34.15,,,,,,
2019-11-18 23:00:00+01:00,,36.16,,38.0,28.63,51.78,,31.01,,28.97,32.8,37.11,37.11,53.79,37.11,53.79,51.39,,54.5,36.16,35.25,,48.93,,,,48.2,48.2,,48.2,48.15,48.2,48.15,48.2,37.11,37.11,,,,,32.8,39.68,39.68,37.11,37.11,39.68,43.51,53.79,35.17,35.02,37.11,37.11,37.11,37.11,36.16,31.01,,,,,,
2019-11-19 00:00:00+01:00,,32.56,,24.18,31.09,50.01,,23.73,,27.75,32.3,35.9,35.9,51.52,35.9,51.52,47.91,,47.32,32.56,27.52,,30.18,,,,48.58,48.58,,48.58,42.01,48.58,42.01,48.58,35.9,35.9,,,,,32.3,37.01,37.01,35.9,35.9,37.01,38.83,51.52,27.46,32.0,35.9,35.9,35.9,35.9,32.56,23.73,,,,,,
2019-11-19 01:00:00+01:00,,31.51,,32.8,30.02,47.82,,23.88,,27.35,32.8,34.85,34.85,48.26,34.85,48.26,47.01,,44.28,31.51,26.01,,36.52,,,,45.04,45.04,,45.04,39.69,45.04,39.69,45.04,34.85,34.85,,,,,32.8,36.95,36.95,34.85,34.85,36.95,39.17,48.26,25.96,29.33,34.85,34.85,34.85,34.85,31.51,23.88,,,,,,
2019-11-19 02:00:00+01:00,,28.91,,32.2,22.54,45.03,,23.03,,24.53,32.2,34.31,34.31,45.91,34.31,45.91,44.72,,40.0,28.91,24.72,,34.35,,,,44.42,44.42,,44.42,39.69,44.42,39.69,44.42,34.31,34.31,,,,,32.2,36.75,36.75,34.31,34.31,36.75,39.51,45.91,24.67,28.91,34.31,34.31,34.31,34.31,28.91,23.03,,,,,,
2019-11-19 03:00:00+01:00,,28.38,,32.0,27.09,43.48,,21.97,,24.29,32.0,34.28,34.28,44.29,34.28,44.03,42.89,,40.08,28.38,23.01,,32.6,,,,43.89,43.89,,43.89,39.69,43.89,39.69,43.89,34.28,34.28,,,,,32.0,36.61,36.61,34.28,34.28,36.61,38.96,44.29,22.97,28.41,34.28,34.28,34.28,34.28,28.38,21.97,,,,,,
2019-11-19 04:00:00+01:00,,31.39,,32.0,38.03,43.08,,24.4,,27.73,32.0,35.63,35.63,43.73,35.63,43.73,42.6,,43.73,31.39,26.64,,32.01,,,,43.73,43.73,,43.73,42.01,43.73,42.01,43.73,35.63,35.63,,,,,32.0,36.82,36.82,35.63,35.63,36.82,36.89,43.73,26.58,28.59,35.63,35.63,35.63,35.63,31.39,24.4,,,,,,
2019-11-19 05:00:00+01:00,,35.79,,35.2,50.16,47.22,,29.76,,32.9,35.2,38.16,40.13,45.45,40.13,45.45,41.79,,47.79,35.79,35.71,,30.18,,,,45.45,45.45,,45.45,45.45,45.45,45.45,45.45,40.13,40.13,,,,,35.2,38.16,38.16,38.16,38.16,38.16,40.62,45.45,35.63,32.51,38.16,38.16,38.16,38.16,35.79,29.76,,,,,,
2019-11-19 06:00:00+01:00,,42.31,,38.36,55.74,54.06,,40.44,,38.36,38.36,39.75,46.65,56.12,46.65,56.12,40.99,,57.22,42.31,40.44,,39.0,,,,56.12,56.12,,56.12,56.12,56.12,56.12,56.12,46.65,46.65,,,,,38.36,39.75,39.75,39.75,39.75,39.75,46.7,56.12,40.35,40.52,39.75,39.75,39.75,39.75,42.31,40.44,,,,,,
2019-11-19 07:00:00+01:00,,53.0,,52.59,65.01,59.09,,42.86,,43.32,43.32,41.93,50.66,60.1,50.66,74.84,53.82,,62.91,53.0,53.88,,51.66,,,,63.0,63.0,,63.0,63.0,63.0,63.0,63.0,50.66,50.66,,,,,43.32,41.93,41.93,41.93,41.93,41.93,53.66,60.1,53.76,52.87,41.93,41.93,41.93,41.93,53.0,42.86,,,,,,
2019-11-19 08:00:00+01:00,,54.63,,60.63,66.06,60.18,,44.61,,44.86,44.86,44.86,51.61,60.0,51.61,76.4,62.04,,62.91,54.63,55.1,,59.33,,,,75.0,64.69,,75.0,64.69,64.69,64.69,64.69,51.61,51.61,,,,,44.86,43.42,43.42,43.42,43.42,43.42,56.03,60.0,54.97,53.91,43.42,43.42,43.42,43.78,54.63,44.61,,,,,,
2019-11-19 09:00:00+01:00,,52.5,,66.47,58.42,61.15,,43.0,,41.99,41.99,41.99,41.99,60.9,41.99,75.15,68.02,,66.0,52.5,52.45,,63.0,,,,75.15,62.0,,75.15,62.0,62.0,62.0,62.0,41.99,41.99,,,,,43.38,41.99,41.99,41.99,41.99,41.99,56.94,60.9,52.33,51.28,41.99,41.99,41.99,41.99,52.5,43.0,,,,,,
2019-11-19 10:00:00+01:00,,51.02,,66.89,55.77,72.28,,41.7,,41.7,41.7,41.7,41.7,60.52,41.7,72.4,68.43,,64.18,51.02,50.18,,65.46,,,,72.4,60.71,,72.4,60.71,60.71,60.71,60.71,41.7,41.7,,,,,43.08,41.7,41.7,41.7,41.7,41.7,56.38,60.52,50.06,48.0,41.7,41.7,41.7,41.7,51.02,41.7,,,,,,
2019-11-19 11:00:00+01:00,,50.95,,61.7,55.74,71.41,,41.0,,41.77,41.77,41.77,41.77,60.16,41.77,71.54,64.35,,62.91,50.95,51.32,,62.0,,,,71.54,60.61,,71.54,60.61,60.61,60.61,60.61,41.77,41.77,,,,,43.15,41.77,41.77,41.77,41.77,41.77,57.59,60.16,51.2,47.82,41.77,41.77,41.77,41.77,50.95,41.0,,,,,,
2019-11-19 12:00:00+01:00,,49.16,,55.89,55.76,68.59,,41.04,,41.96,41.96,41.96,41.96,61.14,41.96,66.83,61.2,,62.91,49.16,51.43,,59.96,,,,66.83,60.61,,66.83,60.61,60.61,60.61,60.61,41.96,41.96,,,,,43.35,41.96,41.96,41.96,41.96,41.96,57.66,61.14,51.3,48.91,41.96,41.96,41.96,41.96,49.16,41.04,,,,,,
2019-11-19 13:00:00+01:00,,53.9,,59.01,55.75,67.07,,47.77,,47.97,47.97,43.11,45.6,61.55,45.6,67.2,60.36,,59.54,53.9,52.88,,60.65,,,,67.2,60.51,,67.2,60.51,60.51,60.51,60.51,45.6,45.6,,,,,47.97,43.11,43.11,43.11,43.11,43.11,57.63,61.55,52.75,51.13,43.11,43.11,43.11,43.11,53.9,47.77,,,,,,
2019-11-19 14:00:00+01:00,,57.65,,56.2,59.52,66.18,,50.01,,53.95,53.95,42.87,45.91,60.9,45.91,67.0,58.37,,62.91,57.65,53.46,,60.01,,,,67.0,64.69,,67.0,64.69,64.69,64.69,64.69,45.91,45.91,,,,,54.9,42.87,42.87,42.87,42.87,42.87,57.6,60.9,53.33,53.38,42.87,42.87,42.87,42.87,57.65,50.01,,,,,,
2019-11-19 15:00:00+01:00,,62.74,,62.06,62.44,60.38,,53.82,,61.81,61.81,43.12,49.61,61.6,49.61,65.23,63.48,,65.45,62.74,56.43,,62.22,,,,65.23,65.23,,65.23,65.23,65.23,65.23,65.23,49.61,49.61,,,,,61.81,43.12,43.12,43.12,43.12,43.12,57.56,61.6,56.29,57.06,43.12,43.12,43.12,43.12,62.74,53.82,,,,,,
2019-11-19 16:00:00+01:00,,70.43,,70.43,69.56,61.23,,59.01,,70.43,70.43,56.0,49.66,61.75,49.66,70.43,68.54,,69.24,70.43,62.77,,67.18,,,,70.43,70.43,,70.43,70.43,70.43,70.43,70.43,49.66,49.66,,,,,70.43,43.61,43.61,43.61,43.61,43.61,58.3,61.75,62.61,61.86,43.61,43.61,43.61,49.66,70.43,59.01,,,,,,
2019-11-19 17:00:00+01:00,,80.1,,80.1,69.54,64.91,,65.13,,80.1,80.1,60.3,51.61,61.74,51.61,80.1,81.67,,69.28,80.1,73.2,,78.16,,,,80.1,76.62,,80.1,76.62,76.62,94.03,76.62,53.0,51.61,,,,,80.1,43.58,43.58,43.58,43.58,43.58,60.81,61.74,73.01,73.05,43.58,43.58,43.58,53.0,80.1,65.13,,,,,,
2019-11-19 18:00:00+01:00,,76.09,,76.45,69.54,68.04,,61.26,,76.09,76.09,60.24,49.26,64.3,49.26,99.1,93.37,,69.28,76.09,68.16,,90.84,,,,76.09,76.09,,76.09,76.09,76.09,99.5,76.09,49.26,49.26,,,,,76.09,42.91,42.91,42.91,42.91,42.91,58.49,64.3,67.98,74.22,42.91,42.91,42.91,49.26,76.09,61.26,,,,,,
2019-11-19 19:00:00+01:00,,72.79,,71.82,52.4,59.64,,57.44,,71.91,71.53,56.05,42.0,65.64,42.0,75.49,73.44,,67.32,72.79,60.21,,72.0,,,,73.54,73.54,,73.54,73.54,73.54,102.5,73.54,42.0,42.0,,,,,71.53,42.0,42.0,42.0,42.0,42.0,57.49,65.64,60.05,63.06,42.0,42.0,42.0,42.0,72.79,57.44,,,,,,
2019-11-19 20:00:00+01:00,,58.97,,61.7,50.07,58.73,,53.5,,58.97,58.97,41.63,41.63,64.85,41.63,64.85,63.09,,65.45,58.97,54.5,,61.85,,,,64.85,64.85,,64.85,64.85,64.85,96.03,64.85,41.63,41.63,,,,,58.97,41.63,41.63,41.63,41.63,41.63,57.56,64.85,54.35,58.68,41.63,41.63,41.63,41.63,58.97,53.5,,,,,,
2019-11-19 21:00:00+01:00,,53.1,,47.96,47.49,56.44,,50.7,,53.1,46.95,41.27,41.27,61.6,41.27,61.6,54.13,,59.12,53.1,50.7,,53.08,,,,60.51,60.51,,60.51,60.51,60.51,66.5,60.51,41.27,41.27,,,,,46.95,41.27,41.27,41.27,41.27,41.27,52.79,61.6,46.86,53.31,41.27,41.27,41.27,41.27,53.1,50.7,,,,,,
2019-11-19 22:00:00+01:00,,43.34,,52.04,45.96,56.23,,47.87,,43.34,40.63,40.63,40.63,59.63,40.63,59.63,53.21,,58.73,43.34,47.87,,53.97,,,,52.08,52.08,,52.08,52.08,52.08,52.08,52.08,40.63,40.63,,,,,40.63,40.63,40.63,40.63,40.63,40.63,48.61,59.63,44.34,45.51,40.63,40.63,40.63,40.63,43.34,47.87,,,,,,
2019-11-19 23:00:00+01:00,,39.53,,39.9,36.33,53.03,,42.34,,39.53,39.28,39.28,39.28,58.07,39.28,58.07,48.94,,0.0,39.53,42.34,,47.99,,,,48.89,48.89,,48.89,48.89,48.89,48.89,48.89,39.28,39.28,,,,,38.03,39.28,39.28,39.28,39.28,39.28,45.02,58.07,39.75,41.54,39.28,39.28,39.28,39.28,39.53,42.34,,,,,,
2019-11-20 00:00:00+01:00,,38.77,,36.6,47.68,49.79,,41.51,,38.77,38.77,38.77,38.77,56.94,38.77,56.94,50.17,,39.36,38.77,41.51,,51.33,,,,50.53,50.53,,50.53,50.53,50.53,50.53,50.53,38.77,38.77,,,,,35.5,38.77,38.77,38.77,38.77,38.77,10.81,56.94,41.45,39.05,38.77,38.77,38.77,38.77,38.77,41.51,,,,,,
2019-11-20 01:00:00+01:00,,39.92,,45.58,43.81,48.54,,40.7,,39.92,38.96,38.96,38.96,51.89,38.96,48.38,46.67,,36.5,39.92,40.7,,41.0,,,,48.38,48.38,,48.38,48.38,48.38,48.38,48.38,38.96,38.96,,,,,33.4,38.96,38.96,38.96,38.96,38.96,10.55,51.89,40.64,39.52,38.96,38.96,38.96,38.96,39.92,40.7,,,,,,
2019-11-20 02:00:00+01:00,,39.7,,43.49,34.06,45.01,,39.15,,39.7,38.75,38.75,38.75,47.88,38.75,45.71,44.53,,30.16,39.7,39.15,,40.54,,,,45.71,45.71,,45.71,45.71,45.71,45.71,45.71,38.75,38.75,,,,,33.7,38.75,38.75,38.75,38.75,38.75,10.38,47.88,39.09,37.87,38.75,38.75,38.75,38.75,39.7,39.15,,,,,,
2019-11-20 03:00:00+01:00,,39.73,,42.16,34.58,43.49,,39.4,,39.73,39.1,39.1,39.1,45.45,39.1,44.32,43.18,,27.46,39.73,39.4,,34.0,,,,44.32,44.32,,44.32,44.32,44.32,44.32,44.32,39.1,39.1,,,,,35.28,39.1,39.1,39.1,39.1,39.1,9.84,45.45,39.34,38.16,39.1,39.1,39.1,39.1,39.73,39.4,,,,,,
2019-11-20 04:00:00+01:00,,39.5,,42.4,46.15,43.65,,40.28,,39.5,39.5,39.5,39.5,45.27,39.5,42.4,41.31,,37.58,39.5,40.28,,31.0,,,,42.4,42.4,,42.4,42.4,42.4,42.4,42.4,39.5,39.5,,,,,36.1,39.5,39.5,39.5,39.5,39.5,9.26,45.27,40.21,38.87,39.5,39.5,39.5,39.5,39.5,40.28,,,,,,
2019-11-20 05:00:00+01:00,,40.79,,39.45,50.17,47.28,,44.0,,40.79,40.79,40.79,44.44,45.45,44.44,45.32,40.41,,43.81,40.79,44.0,,31.0,,,,45.32,45.32,,45.32,45.32,45.32,45.32,45.32,44.44,44.44,,,,,38.0,40.79,40.79,40.79,40.79,40.79,10.35,45.45,43.93,45.98,40.79,40.79,40.79,40.79,40.79,44.0,,,,,,
2019-11-20 06:00:00+01:00,,52.54,,49.84,57.41,56.48,,52.75,,51.77,51.77,51.77,50.74,55.52,50.74,55.52,48.43,,57.11,52.54,52.75,,27.21,,,,55.52,55.52,,55.52,55.52,55.52,55.52,55.52,50.74,50.74,,,,,50.05,42.3,42.3,42.3,42.3,42.3,11.82,55.52,52.67,50.8,42.3,42.3,42.3,50.74,52.54,52.75,,,,,,
2019-11-20 07:00:00+01:00,,60.52,,57.18,67.22,69.57,,64.31,,60.52,60.52,60.52,49.77,63.01,49.77,64.63,55.56,,62.09,60.52,64.31,,35.2,,,,64.63,64.63,,64.63,64.63,64.63,64.63,64.63,59.06,49.77,,,,,59.0,45.37,45.37,42.56,41.66,45.37,13.75,63.01,64.21,65.96,44.96,44.96,45.37,59.06,60.52,64.31,,,,,,
2019-11-20 08:00:00+01:00,,68.9,,60.5,74.61,74.96,,69.57,,68.9,68.9,68.9,60.3,63.01,60.3,79.26,56.15,,66.83,68.9,69.57,,46.1,,,,79.26,60.61,,79.26,60.61,60.61,60.61,60.61,67.25,60.3,,,,,65.1,60.3,60.3,43.8,43.8,60.3,15.66,63.01,69.46,69.02,45.46,45.46,60.3,67.25,68.9,69.57,,,,,,
2019-11-20 09:00:00+01:00,,65.93,,62.63,63.27,69.85,,66.84,,65.93,65.93,65.93,47.83,63.75,47.83,70.0,60.87,,65.0,65.93,66.84,,53.81,,,,70.0,50.0,,70.0,50.0,50.0,50.0,50.0,47.83,47.83,,,,,64.45,47.83,47.83,45.29,44.46,47.83,14.13,63.75,66.73,63.01,45.66,45.66,47.83,47.83,65.93,66.84,,,,,,
2019-11-20 10:00:00+01:00,,61.02,,58.9,60.7,66.15,,65.6,,61.02,61.02,61.02,45.81,63.63,45.81,63.63,58.15,,60.74,61.02,65.6,,55.0,,,,63.63,45.18,,63.63,45.18,45.18,45.18,45.18,45.81,45.81,,,,,60.07,45.81,45.81,45.81,45.81,45.81,13.64,63.63,65.49,59.19,45.81,45.81,45.81,45.81,61.02,65.6,,,,,,
2019-11-20 11:00:00+01:00,,60.68,,58.34,57.58,65.45,,64.14,,60.68,60.68,60.68,45.8,63.0,45.8,63.0,56.72,,59.8,60.68,64.14,,54.17,,,,63.0,42.67,,63.0,42.67,42.67,42.67,42.67,45.8,45.8,,,,,59.27,45.8,45.8,45.8,45.8,45.8,13.85,63.0,64.03,59.61,45.8,45.8,45.8,45.8,60.68,64.14,,,,,,
2019-11-20 12:00:00+01:00,,59.12,,56.01,58.77,62.4,,61.17,,59.12,59.12,59.12,47.24,62.22,47.24,62.22,54.45,,62.9,59.12,61.17,,52.0,,,,62.22,41.99,,62.22,41.99,41.99,41.99,41.99,47.24,47.24,,,,,57.23,47.24,47.24,47.24,44.92,47.24,13.47,62.22,61.07,56.69,47.24,47.24,47.24,47.24,59.12,61.17,,,,,,
2019-11-20 13:00:00+01:00,,59.05,,56.68,60.05,63.58,,62.08,,59.05,59.05,59.05,53.07,61.42,53.07,61.42,55.1,,62.09,59.05,62.08,,52.62,,,,61.42,41.99,,61.42,41.99,41.99,41.99,41.99,53.07,53.07,,,,,57.61,46.96,46.96,46.96,46.96,46.96,13.49,61.42,61.98,60.08,46.96,46.96,46.96,53.07,59.05,62.08,,,,,,
2019-11-20 14:00:00+01:00,,59.82,,59.82,65.28,63.05,,62.62,,59.82,59.82,59.82,53.08,59.82,53.08,59.82,55.49,,59.79,59.82,62.62,,52.99,,,,59.82,48.0,,59.82,48.0,48.0,48.0,48.0,53.08,53.08,,,,,59.82,47.44,47.44,47.44,46.03,47.44,13.53,59.82,62.52,62.02,47.44,47.44,47.44,53.08,59.82,62.62,,,,,,
2019-11-20 15:00:00+01:00,,60.69,,60.69,61.05,63.69,,63.16,,60.69,60.69,60.69,58.23,60.69,58.23,60.69,56.65,,62.87,60.69,63.16,,54.09,,,,60.69,53.52,,60.69,53.52,53.52,83.77,53.52,58.23,58.23,,,,,60.69,46.47,46.47,46.47,46.47,46.47,13.6,60.69,63.05,64.6,46.47,46.47,46.47,58.23,60.69,63.16,,,,,,
2019-11-20 16:00:00+01:00,,63.29,,62.22,71.6,69.59,,69.76,,63.29,63.29,63.29,61.77,61.03,61.77,64.34,60.51,,67.26,63.29,69.76,,54.81,,,,64.34,64.34,,64.34,64.34,64.34,83.77,64.34,61.77,61.77,,,,,62.64,46.05,46.05,46.05,46.05,46.05,14.54,61.03,69.64,71.05,46.05,46.05,46.05,61.77,63.29,69.76,,,,,,
2019-11-20 17:00:00+01:00,,71.05,,71.05,71.59,78.0,,75.87,,71.05,71.05,71.05,58.53,61.27,58.53,71.05,69.1,,67.88,71.05,75.87,,58.55,,,,71.05,71.05,,71.05,71.05,71.05,119.99,71.05,59.59,58.53,,,,,71.05,48.12,48.12,47.81,47.34,48.12,13.87,61.27,75.74,78.76,47.81,47.81,48.12,59.59,71.05,75.87,,,,,,
2019-11-20 18:00:00+01:00,,63.5,,57.96,70.14,77.15,,74.2,,63.5,63.5,63.5,53.07,64.0,53.07,70.34,62.86,,68.0,63.5,74.2,,60.0,,,,70.34,70.34,,70.34,70.34,70.34,119.99,70.34,53.07,53.07,,,,,61.06,46.02,46.02,46.02,46.02,46.02,13.43,64.0,74.07,72.45,46.02,46.02,46.02,53.07,63.5,74.2,,,,,,
2019-11-20 19:00:00+01:00,,55.9,,42.34,60.48,70.55,,66.14,,55.9,55.9,55.9,43.85,64.92,43.85,73.0,54.71,,67.32,55.9,66.14,,54.66,,,,73.0,73.0,,73.0,73.0,73.0,119.99,73.0,43.85,43.85,,,,,50.1,43.85,43.85,43.85,43.85,43.85,13.35,64.92,66.03,64.96,43.85,43.85,43.85,43.85,55.9,66.14,,,,,,
2019-11-20 20:00:00+01:00,,53.95,,48.66,44.02,58.21,,54.63,,53.95,48.66,48.66,42.39,61.78,42.39,61.78,56.09,,59.8,53.95,54.63,,53.53,,,,61.78,61.78,,61.78,61.78,61.78,99.36,61.78,42.39,42.39,,,,,48.66,42.39,42.39,42.39,42.39,42.39,13.23,61.78,54.54,53.47,42.39,42.39,42.39,42.39,53.95,54.63,,,,,,
2019-11-20 21:00:00+01:00,,46.96,,37.28,42.03,52.96,,48.01,,45.11,43.55,43.55,41.6,59.96,41.6,54.67,48.87,,57.77,46.96,48.01,,46.64,,,,54.67,54.67,,54.67,54.67,54.67,83.77,54.67,41.6,41.6,,,,,41.62,41.6,41.6,41.6,41.6,41.6,11.85,59.96,45.8,47.3,41.6,41.6,41.6,41.6,46.96,48.01,,,,,,
2019-11-20 22:00:00+01:00,,40.76,,35.4,30.04,52.94,,41.97,,40.76,40.09,40.09,40.09,54.91,40.09,54.91,47.8,,52.33,40.76,41.97,,46.03,,,,51.87,51.87,,51.87,51.87,51.87,83.77,51.87,40.09,40.09,,,,,35.4,40.09,40.09,40.09,40.09,40.09,10.84,54.91,41.83,43.18,40.09,40.09,40.09,40.09,40.76,41.97,,,,,,
2019-11-20 23:00:00+01:00,,38.61,,36.6,22.52,51.36,,38.45,,38.61,38.61,38.61,38.61,51.49,38.61,51.49,39.0,,39.0,38.61,38.45,,35.35,,,,48.8,48.76,,48.8,48.76,48.76,48.76,48.76,38.61,38.61,,,,,36.6,38.61,38.61,38.61,38.61,38.61,9.35,51.49,35.14,39.08,38.61,38.61,38.61,38.61,38.61,38.45,,,,,,
2019-11-21 00:00:00+01:00,,38.62,,35.0,30.97,48.19,,36.92,,38.62,38.45,38.45,38.45,47.88,38.45,47.88,46.86,,41.47,38.62,36.92,,37.45,,,,47.88,47.88,,47.88,47.88,47.88,47.88,47.88,38.45,38.45,,,,,35.0,38.45,38.45,38.45,38.45,38.45,9.75,47.88,36.88,38.02,38.45,38.45,38.45,38.45,38.62,36.92,,,,,,
2019-11-21 01:00:00+01:00,,37.59,,35.0,35.16,45.11,,36.1,,37.59,37.59,37.59,37.59,44.14,37.59,44.14,43.19,,33.0,37.59,36.1,,35.0,,,,44.14,44.14,,44.14,44.14,44.14,44.14,44.14,37.59,37.59,,,,,35.0,37.59,37.59,37.59,37.59,37.59,9.75,44.14,29.07,36.77,37.59,37.59,37.59,37.59,37.59,36.1,,,,,,
2019-11-21 02:00:00+01:00,,37.05,,35.86,30.01,43.98,,34.98,,37.05,37.05,36.97,36.97,42.68,36.97,42.68,43.17,,32.5,37.05,34.98,,32.13,,,,42.68,42.68,,42.68,42.68,42.68,42.68,42.68,36.97,36.97,,,,,35.86,37.05,37.05,36.97,36.97,37.05,10.57,42.68,20.92,33.07,36.97,36.97,36.97,36.97,37.05,34.98,,,,,,
2019-11-21 03:00:00+01:00,,37.67,,41.38,29.72,43.31,,35.18,,37.67,37.67,37.32,37.32,41.5,37.32,41.5,42.53,,33.9,37.67,34.96,,32.13,,,,41.5,41.5,,41.5,41.5,41.5,41.5,41.5,37.32,37.32,,,,,33.5,37.67,37.67,37.32,37.32,37.67,9.76,41.5,20.92,33.14,37.32,37.32,37.32,37.32,37.67,35.18,,,,,,
2019-11-21 04:00:00+01:00,,38.39,,39.01,30.53,42.33,,35.66,,38.39,38.39,38.39,38.39,41.0,38.39,41.0,40.1,,41.0,38.39,35.66,,33.44,,,,41.27,41.27,,41.27,41.27,41.27,41.27,41.27,38.39,38.39,,,,,36.21,38.39,38.39,38.39,38.25,38.39,8.98,41.0,29.94,34.0,38.39,38.39,38.39,38.39,38.39,35.66,,,,,,
2019-11-21 05:00:00+01:00,,39.96,,36.94,42.01,44.83,,38.49,,39.96,39.96,39.96,39.96,43.53,39.96,43.53,42.56,,50.61,39.96,38.49,,34.0,,,,43.53,43.53,,43.53,43.53,43.53,43.53,43.53,39.96,39.96,,,,,38.57,39.96,39.96,39.96,39.11,39.96,9.37,43.53,38.46,38.01,39.96,39.96,39.96,39.96,39.96,38.49,,,,,,
2019-11-21 06:00:00+01:00,,46.72,,43.51,45.92,52.81,,47.64,,45.59,45.59,45.59,46.72,48.97,46.72,51.17,44.88,,58.65,46.72,47.64,,37.0,,,,51.17,51.17,,51.17,51.17,51.17,51.17,51.17,46.72,46.72,,,,,43.51,42.0,42.0,42.0,39.71,42.0,10.87,48.97,47.6,45.91,42.0,42.0,42.0,44.49,46.72,47.64,,,,,,
2019-11-21 07:00:00+01:00,,57.98,,55.44,50.82,58.99,,57.57,,57.98,57.98,57.98,56.59,59.49,56.59,61.87,56.95,,59.59,57.98,57.57,,46.0,,,,60.61,60.61,,60.61,60.61,60.61,60.61,60.61,56.59,56.59,,,,,55.44,44.61,44.61,44.61,40.88,44.61,13.18,59.49,57.53,58.51,44.61,44.61,44.61,56.59,57.98,57.57,,,,,,
2019-11-21 08:00:00+01:00,,58.4,,51.51,55.97,62.89,,62.11,,58.4,58.4,58.4,57.0,60.5,57.0,70.32,50.18,,62.0,58.4,62.11,,46.98,,,,70.32,60.51,,70.32,60.51,60.51,83.66,60.51,57.0,57.0,,,,,51.72,44.51,44.51,44.51,41.7,44.51,13.44,60.5,62.07,62.19,44.51,44.51,44.51,57.0,58.4,62.11,,,,,,
2019-11-21 09:00:00+01:00,,58.93,,54.29,46.85,60.9,,60.11,,58.93,58.93,58.93,43.76,62.04,43.76,66.96,55.75,,59.54,58.93,60.11,,49.0,,,,66.96,51.16,,66.96,51.16,51.16,60.0,51.16,43.76,43.76,,,,,54.29,43.76,43.76,43.76,42.69,43.76,13.62,62.04,59.64,59.53,43.76,43.76,43.76,43.76,58.93,60.11,,,,,,
2019-11-21 10:00:00+01:00,,59.16,,55.0,44.84,58.95,,58.19,,59.16,59.16,59.16,43.26,61.59,43.26,64.38,56.46,,57.98,59.16,58.19,,50.8,,,,64.38,48.0,,64.38,48.0,48.0,48.0,48.0,43.26,43.26,,,,,57.24,43.26,43.26,43.26,41.91,43.26,13.45,61.59,51.9,57.32,43.26,43.26,43.26,43.26,59.16,58.19,,,,,,
2019-11-21 11:00:00+01:00,,59.11,,55.41,45.19,59.05,,58.27,,59.11,59.11,59.11,42.99,61.42,42.99,63.69,56.87,,56.98,59.11,58.27,,51.0,,,,63.69,48.0,,63.69,48.0,48.0,48.0,48.0,42.99,42.99,,,,,57.39,42.99,42.99,42.99,41.59,42.99,13.56,61.42,47.93,56.36,42.99,42.99,42.99,42.99,59.11,58.27,,,,,,
2019-11-21 12:00:00+01:00,,56.28,,53.33,46.47,57.2,,57.77,,56.28,56.28,56.28,43.27,60.56,43.27,60.56,54.72,,56.7,56.28,57.77,,50.8,,,,58.0,48.0,,58.0,48.0,48.0,48.0,48.0,43.27,43.27,,,,,53.33,43.27,43.27,43.27,40.63,43.27,13.45,60.56,47.93,54.49,43.27,43.27,43.27,43.27,56.28,57.77,,,,,,
2019-11-21 13:00:00+01:00,,58.09,,56.92,47.97,57.93,,57.01,,58.09,58.09,58.09,47.36,59.82,47.36,59.82,58.39,,56.87,58.09,57.01,,53.2,,,,59.82,48.0,,59.82,48.0,48.0,48.0,48.0,47.36,47.36,,,,,56.92,43.88,43.88,43.88,41.32,43.88,13.3,59.82,44.99,54.28,43.88,43.88,43.88,47.36,58.09,57.01,,,,,,
2019-11-21 14:00:00+01:00,,57.32,,56.22,47.08,57.33,,56.41,,57.32,57.32,57.32,47.8,59.09,47.8,59.09,57.66,,58.33,57.32,56.41,,55.02,,,,59.09,51.55,,59.09,51.55,51.55,51.55,51.55,47.8,47.8,,,,,56.22,43.61,43.61,43.61,41.63,43.61,13.11,59.09,43.75,53.99,43.61,43.61,43.61,47.8,57.32,56.41,,,,,,
2019-11-21 15:00:00+01:00,,58.13,,59.64,48.13,59.91,,58.0,,58.13,57.04,57.04,50.7,59.64,50.7,59.64,58.19,,60.4,58.13,58.0,,55.53,,,,59.64,59.64,,59.64,59.64,59.64,83.66,59.64,50.7,50.7,,,,,56.51,43.6,43.6,42.62,42.62,43.6,13.11,59.64,44.32,54.32,43.6,43.6,43.6,50.7,58.13,58.0,,,,,,
2019-11-21 16:00:00+01:00,,59.86,,58.7,48.39,61.09,,59.35,,59.86,58.7,58.7,50.63,61.69,50.63,61.69,60.17,,66.0,59.86,59.35,,57.44,,,,63.0,63.0,,63.0,63.0,63.0,83.66,63.0,50.63,50.63,,,,,58.7,43.62,43.62,43.26,43.26,43.62,13.45,61.69,56.11,58.56,43.62,43.62,43.62,50.63,59.86,59.35,,,,,,
2019-11-21 17:00:00+01:00,,63.38,,63.64,47.51,64.32,,63.1,,63.38,63.38,63.38,53.02,63.75,53.02,63.82,65.23,,67.31,63.38,63.1,,62.28,,,,70.0,70.0,,66.92,70.0,70.0,108.23,70.0,53.02,53.02,,,,,63.38,43.72,43.72,42.46,42.46,43.72,13.48,63.75,57.6,64.2,43.72,43.72,43.72,53.02,63.38,63.1,,,,,,
2019-11-21 18:00:00+01:00,,55.58,,63.96,43.81,59.93,,58.0,,55.58,53.11,53.11,50.63,65.35,50.63,67.22,65.54,,63.07,55.58,58.0,,68.89,,,,67.22,67.22,,67.22,67.22,67.22,102.23,67.22,50.63,50.63,,,,,53.11,43.36,43.36,42.22,42.22,43.36,13.31,65.35,50.04,58.94,43.36,43.36,43.36,50.63,55.58,58.0,,,,,,
2019-11-21 19:00:00+01:00,,53.92,,49.78,22.54,57.03,,53.96,,53.92,49.78,49.78,42.56,64.62,42.56,64.62,63.0,,63.07,53.92,53.96,,64.65,,,,66.81,66.81,,64.62,66.81,66.81,119.99,66.81,42.56,42.56,,,,,49.78,42.56,42.56,41.9,41.9,42.56,12.77,64.62,43.76,53.66,42.56,42.56,42.56,42.56,53.92,53.96,,,,,,
2019-11-21 20:00:00+01:00,,51.98,,43.55,22.54,54.95,,47.25,,50.06,43.55,43.55,41.58,61.09,41.58,61.09,59.54,,58.72,51.98,47.25,,56.89,,,,61.09,61.09,,61.09,61.09,61.09,102.96,61.09,41.58,41.58,,,,,43.55,41.58,41.58,41.58,41.58,41.58,11.6,61.09,33.51,46.26,41.58,41.58,41.58,41.58,51.98,47.25,,,,,,
2019-11-21 21:00:00+01:00,,43.77,,40.19,22.54,52.01,,42.1,,43.77,40.19,40.19,40.19,59.82,40.19,53.05,51.7,,58.29,43.77,42.1,,49.4,,,,53.05,53.05,,53.05,53.05,53.05,83.66,53.05,40.19,40.19,,,,,40.19,40.19,40.19,40.19,40.19,40.19,10.85,59.82,10.47,42.54,40.19,40.19,40.19,40.19,43.77,42.1,,,,,,
2019-11-21 22:00:00+01:00,,40.13,,37.92,22.54,51.09,,39.87,,40.13,39.17,39.17,39.17,52.01,39.17,52.01,50.67,,58.42,40.13,39.87,,49.91,,,,52.01,52.01,,52.01,52.01,52.01,60.0,52.01,39.17,39.17,,,,,37.92,39.17,39.17,39.17,39.17,39.17,10.97,52.01,10.47,40.44,39.17,39.17,39.17,39.17,40.13,39.87,,,,,,
2019-11-21 23:00:00+01:00,,37.1,,36.5,22.53,48.22,,36.77,,37.1,37.1,36.65,36.65,48.0,36.65,48.0,46.75,,59.03,37.1,36.77,,45.78,,,,48.0,48.0,,48.0,48.0,48.0,48.0,48.0,36.65,36.65,,,,,36.5,37.71,37.71,36.65,36.65,37.71,10.65,48.0,0.21,37.1,36.65,36.65,36.65,36.65,37.1,36.77,,,,,,
2019-11-22 00:00:00+01:00,,35.3,,48.64,22.53,44.35,,35.0,,35.3,34.45,34.45,34.45,50.54,34.45,48.64,49.74,,46.55,35.3,35.0,,47.29,,,,48.64,48.64,,48.64,48.64,48.64,48.64,48.64,34.45,34.45,,,,,33.5,37.87,37.87,34.45,34.45,37.87,10.01,50.54,10.47,35.55,34.45,34.45,34.45,34.45,35.3,35.0,,,,,,
2019-11-22 01:00:00+01:00,,34.72,,34.5,22.52,40.84,,34.2,,34.72,34.5,33.89,33.89,46.38,33.89,42.79,49.78,,41.79,34.72,34.2,,46.19,,,,44.36,44.36,,42.79,44.36,44.36,44.36,44.36,33.89,33.89,,,,,34.5,37.56,37.56,33.89,33.89,37.56,9.71,46.38,10.47,33.08,33.89,33.89,33.89,33.89,34.72,34.2,,,,,,
2019-11-22 02:00:00+01:00,,35.73,,34.9,22.52,40.05,,34.0,,35.73,34.2,34.2,34.2,39.1,34.2,39.1,44.89,,37.19,35.73,34.0,,42.94,,,,44.01,44.01,,40.0,44.01,44.01,44.01,44.01,34.2,34.2,,,,,34.2,37.48,37.48,34.2,34.2,37.48,9.64,39.1,10.47,31.75,34.2,34.2,34.2,34.2,35.73,34.0,,,,,,
2019-11-22 03:00:00+01:00,,35.94,,33.54,22.53,38.45,,33.78,,35.94,34.5,34.5,34.5,38.17,34.5,38.17,40.81,,39.0,35.94,33.78,,39.04,,,,44.03,44.03,,40.0,44.03,44.03,44.03,44.03,34.5,34.5,,,,,34.5,37.37,37.37,34.5,34.5,37.37,9.48,38.17,13.82,30.98,34.5,34.5,34.5,34.5,35.94,33.78,,,,,,
2019-11-22 04:00:00+01:00,,35.59,,35.28,22.54,38.01,,34.13,,35.59,35.4,35.17,35.17,35.88,35.17,35.88,36.61,,42.21,35.59,34.13,,35.54,,,,44.02,44.02,,39.6,44.02,44.02,44.02,44.02,35.17,35.17,,,,,35.4,37.42,37.42,35.17,35.17,37.42,9.67,35.88,20.95,33.02,35.17,35.17,35.17,35.17,35.59,34.13,,,,,,
2019-11-22 05:00:00+01:00,,37.24,,36.35,41.97,40.19,,36.3,,37.24,37.24,37.47,37.47,38.27,37.47,38.27,39.05,,45.87,37.24,36.3,,38.25,,,,45.08,45.08,,40.8,45.08,45.08,45.08,45.08,37.47,37.47,,,,,36.83,38.3,38.3,37.47,37.47,38.3,10.45,38.27,36.33,37.01,37.47,37.47,37.47,37.47,37.24,36.3,,,,,,
2019-11-22 06:00:00+01:00,,42.78,,47.45,45.55,48.01,,41.23,,41.22,40.23,40.23,41.74,47.59,41.74,47.59,48.56,,57.66,42.78,41.23,,45.52,,,,51.58,51.58,,51.58,51.58,51.58,51.58,51.58,41.74,41.74,,,,,35.41,40.23,40.23,40.23,40.23,40.23,11.56,47.59,41.27,42.86,40.23,40.23,40.23,40.23,42.78,41.23,,,,,,
2019-11-22 07:00:00+01:00,,52.53,,50.77,58.51,53.96,,51.9,,52.1,45.95,45.95,44.43,52.2,44.43,54.0,53.53,,57.79,52.53,51.9,,51.19,,,,54.0,54.0,,54.0,54.0,54.0,83.72,54.0,44.43,44.43,,,,,50.77,42.87,42.87,42.87,42.87,42.87,12.26,52.2,51.94,51.51,42.87,42.87,42.87,44.43,52.53,51.9,,,,,,
2019-11-22 08:00:00+01:00,,52.94,,51.8,59.82,55.54,,52.56,,52.79,51.58,51.58,53.07,53.53,53.07,54.44,53.01,,57.82,52.94,52.56,,55.74,,,,54.44,54.44,,54.44,54.44,54.44,67.29,54.44,53.07,53.07,,,,,51.58,43.16,43.16,43.16,43.16,43.16,12.35,52.85,52.6,52.7,43.16,43.16,43.16,51.52,52.94,52.56,,,,,,
2019-11-22 09:00:00+01:00,,52.06,,49.9,58.24,55.08,,51.16,,51.44,49.9,49.9,42.43,54.0,42.43,54.0,55.11,,55.07,52.06,51.16,,56.61,,,,56.84,56.84,,56.84,56.84,56.84,56.84,56.84,42.43,42.43,,,,,49.9,42.43,42.43,42.43,42.43,42.43,13.11,54.0,51.2,51.09,42.43,42.43,42.43,42.43,52.06,51.16,,,,,,
2019-11-22 10:00:00+01:00,,51.6,,48.69,57.91,55.28,,49.94,,50.9,48.69,48.69,42.34,52.97,42.34,54.08,55.19,,51.3,51.6,49.94,,58.08,,,,54.08,54.08,,54.08,54.08,54.08,54.08,54.08,42.34,42.34,,,,,48.69,42.34,42.34,42.34,42.34,42.34,11.92,52.97,49.98,48.83,42.34,42.34,42.34,42.34,51.6,49.94,,,,,,
2019-11-22 11:00:00+01:00,,50.28,,47.23,55.9,54.49,,47.93,,49.56,47.23,47.23,42.34,51.99,42.34,52.87,53.96,,50.33,50.28,47.93,,56.78,,,,52.87,51.81,,52.87,51.81,51.81,51.81,51.81,42.34,42.34,,,,,47.23,42.34,42.34,42.34,42.34,42.34,13.28,51.99,47.97,47.67,42.34,42.34,42.34,42.34,50.28,47.93,,,,,,
2019-11-22 12:00:00+01:00,,48.79,,45.1,57.91,53.51,,47.5,,47.87,45.1,45.1,42.45,50.44,42.45,51.8,54.71,,48.84,48.79,47.5,,57.56,,,,51.8,51.8,,51.8,51.8,51.8,51.8,51.8,42.45,42.45,,,,,45.1,42.45,42.45,42.45,42.45,42.45,13.0,50.44,46.86,46.43,42.45,42.45,42.45,42.45,48.79,47.5,,,,,,
2019-11-22 13:00:00+01:00,,48.71,,45.22,57.93,51.64,,48.07,,47.98,45.91,45.91,47.71,49.49,47.71,51.08,58.21,,49.2,48.71,48.07,,61.24,,,,51.08,51.08,,51.08,51.08,51.08,51.08,51.08,47.71,47.71,,,,,45.91,42.52,42.52,42.52,42.52,42.52,13.11,49.49,46.05,47.07,42.52,42.52,42.52,45.91,48.71,48.07,,,,,,
2019-11-22 14:00:00+01:00,,49.03,,49.03,52.9,52.09,,48.01,,49.03,49.03,49.03,47.85,44.51,47.85,49.03,59.49,,55.25,49.03,48.01,,62.58,,,,52.16,52.16,,52.16,52.16,52.16,52.16,52.16,47.85,47.85,,,,,49.03,42.36,42.36,42.36,42.36,42.36,13.0,44.51,44.64,47.07,42.36,42.36,42.36,47.85,49.03,48.01,,,,,,
2019-11-22 15:00:00+01:00,,49.5,,49.5,51.82,51.2,,49.32,,49.5,49.5,49.5,53.05,42.48,53.05,49.5,60.55,,55.29,49.5,49.32,,63.69,,,,60.0,60.0,,60.0,60.0,60.0,60.0,60.0,53.05,53.05,,,,,49.5,41.97,41.97,41.97,41.97,41.97,13.0,42.48,45.04,49.49,41.97,41.97,41.97,48.31,49.5,49.32,,,,,,
2019-11-22 16:00:00+01:00,,49.04,,49.04,49.96,52.06,,52.9,,49.04,49.04,49.04,53.0,41.51,53.0,49.04,63.34,,58.64,49.04,52.9,,66.61,,,,63.0,63.0,,63.0,63.0,63.0,66.29,63.0,53.0,53.0,,,,,49.04,42.21,42.21,42.21,42.21,42.21,13.35,41.51,46.08,53.06,42.21,42.21,42.21,47.86,49.04,52.9,,,,,,
2019-11-22 17:00:00+01:00,,51.91,,51.91,51.14,53.66,,54.11,,51.91,51.91,51.91,50.66,44.51,50.66,51.91,72.43,,63.32,51.91,54.11,,76.18,,,,67.0,67.0,,67.0,67.0,67.0,118.99,67.0,50.66,50.66,,,,,51.91,42.15,42.15,42.15,42.15,42.15,12.59,44.51,48.64,57.48,42.15,42.15,42.15,50.66,51.91,54.11,,,,,,
2019-11-22 18:00:00+01:00,,47.11,,43.54,52.09,54.09,,49.43,,45.75,44.65,44.65,47.45,50.69,47.45,51.38,68.83,,64.46,47.11,49.43,,107.4,,,,60.71,60.71,,60.71,60.71,60.71,100.29,60.71,47.45,47.45,,,,,43.45,41.58,41.58,41.58,41.58,41.58,12.93,50.69,45.04,50.75,41.58,41.58,41.58,44.65,47.11,49.43,,,,,,
2019-11-22 19:00:00+01:00,,43.23,,38.08,48.23,53.29,,46.12,,40.81,40.27,40.27,40.27,50.8,40.27,50.8,58.21,,63.32,43.23,46.12,,104.0,,,,57.0,57.0,,57.0,57.0,57.0,90.72,57.0,40.27,40.27,,,,,38.5,40.27,40.27,40.27,40.27,40.27,11.92,50.8,41.27,45.99,40.27,40.27,40.27,40.27,43.23,46.12,,,,,,
2019-11-22 20:00:00+01:00,,41.69,,39.56,47.26,51.49,,41.1,,39.56,39.56,39.56,39.81,48.39,39.81,48.39,59.17,,58.72,41.69,41.1,,66.0,,,,52.52,52.52,,52.52,52.52,52.52,67.29,52.52,39.81,39.81,,,,,39.56,39.56,39.56,39.56,39.56,39.56,11.09,48.39,35.82,43.07,39.56,39.56,39.56,39.56,41.69,41.1,,,,,,
2019-11-22 21:00:00+01:00,,39.27,,42.58,35.93,48.43,,38.9,,39.27,39.27,39.27,39.27,42.58,39.27,42.58,51.95,,54.73,39.27,38.9,,54.62,,,,51.57,51.57,,51.57,51.57,51.57,56.0,51.57,39.27,39.27,,,,,39.27,39.27,39.27,39.27,39.27,39.27,9.9,42.58,29.42,38.4,39.27,39.27,39.27,39.27,39.27,38.9,,,,,,
2019-11-22 22:00:00+01:00,,38.32,,44.22,33.23,45.58,,36.24,,38.32,38.32,38.32,38.32,44.22,38.32,44.22,50.76,,54.45,38.32,36.24,,53.36,,,,47.14,47.14,,47.14,47.14,47.14,47.14,47.14,38.32,38.32,,,,,38.32,38.32,38.32,38.32,38.32,38.32,10.59,44.22,29.12,36.42,38.32,38.32,38.32,38.32,38.32,36.24,,,,,,
2019-11-22 23:00:00+01:00,,35.83,,35.49,26.41,42.18,,32.35,,34.35,35.49,35.49,35.49,41.24,35.49,41.24,43.08,,58.62,35.83,32.35,,45.29,,,,44.49,44.49,,44.49,44.49,44.49,44.49,44.49,35.49,35.49,,,,,35.49,37.13,37.13,35.49,35.49,37.13,9.64,41.24,13.83,33.08,35.49,35.49,35.49,35.49,35.83,32.35,,,,,,
2019-11-23 00:00:00+01:00,,33.1,,31.81,22.54,44.61,,29.11,,32.31,34.36,34.36,34.36,35.47,34.36,35.47,56.71,,47.45,33.1,29.11,,58.0,,,,45.0,45.0,,45.0,45.0,45.0,45.0,45.0,34.36,34.36,,,,,34.36,37.01,37.01,34.36,34.36,38.88,9.85,35.47,29.15,30.99,34.36,34.36,34.36,34.36,33.1,29.11,,,,,,
2019-11-23 01:00:00+01:00,,27.53,,30.79,22.55,42.45,,25.64,,26.97,34.04,34.04,34.04,30.79,34.04,30.79,54.42,,41.28,21.2,25.64,,55.65,,,,40.3,40.3,,40.3,40.3,40.3,40.3,40.3,34.04,34.04,,,,,35.5,36.77,36.77,34.04,34.04,38.9,9.94,30.79,25.68,29.58,34.04,34.04,34.04,34.04,21.2,25.64,,,,,,
2019-11-23 02:00:00+01:00,,26.15,,30.15,22.53,40.39,,24.5,,26.15,33.44,33.44,33.44,29.07,33.44,29.07,46.61,,38.54,23.02,24.5,,47.67,,,,38.5,38.5,,38.5,38.5,38.5,38.5,38.5,33.44,33.44,,,,,35.5,36.67,36.67,33.44,33.44,38.88,9.94,29.07,24.54,26.08,33.44,33.44,33.44,33.44,23.02,24.5,,,,,,
2019-11-23 03:00:00+01:00,,24.44,,28.23,22.52,40.33,,23.49,,24.44,33.17,33.17,33.17,27.17,33.17,27.17,42.05,,38.0,22.57,23.49,,43.0,,,,35.57,35.57,,35.57,35.57,35.57,35.57,35.57,33.17,33.17,,,,,33.17,36.45,36.45,33.17,33.17,38.88,9.59,27.17,23.53,25.51,33.17,33.17,33.17,33.17,22.57,23.49,,,,,,
2019-11-23 04:00:00+01:00,,22.89,,26.01,22.53,38.77,,23.47,,22.89,30.03,33.43,33.43,25.16,33.43,25.16,33.65,,42.0,22.89,23.47,,36.0,,,,32.09,32.09,,32.09,32.09,32.09,32.09,32.09,33.43,33.43,,,,,30.03,36.46,36.46,33.43,33.43,38.87,9.86,25.16,23.51,25.21,33.43,33.43,33.43,33.43,22.89,23.47,,,,,,
2019-11-23 05:00:00+01:00,,24.17,,25.9,22.54,40.64,,24.26,,24.17,24.17,33.94,33.94,25.39,33.94,25.39,29.14,,43.24,24.17,24.26,,34.4,,,,37.6,37.6,,37.6,37.6,37.6,37.6,37.6,33.94,33.94,,,,,28.22,36.73,36.73,33.94,33.94,38.89,9.92,25.39,24.29,25.29,33.94,33.94,33.94,33.94,24.17,24.26,,,,,,
2019-11-23 06:00:00+01:00,,27.27,,29.11,22.53,44.31,,25.53,,26.47,32.39,34.96,34.96,29.11,34.96,29.11,31.47,,50.0,27.27,27.11,,34.4,,,,44.61,44.61,,44.61,44.61,44.61,44.61,44.61,34.96,34.96,,,,,32.39,36.42,36.42,34.96,34.96,38.86,10.72,29.11,27.16,26.56,34.96,34.96,34.96,34.96,27.27,25.53,,,,,,
2019-11-23 07:00:00+01:00,,30.34,,29.83,26.34,47.63,,30.25,,28.14,28.14,36.23,36.23,32.07,36.23,36.4,37.33,,54.9,30.34,33.1,,38.0,,,,49.23,49.23,,45.0,49.23,49.23,49.23,49.23,36.23,36.23,,,,,36.14,37.34,37.34,36.23,36.23,38.89,10.56,32.07,33.15,30.66,36.23,36.23,36.23,36.23,30.34,30.25,,,,,,
2019-11-23 08:00:00+01:00,,34.79,,37.45,27.97,48.06,,33.5,,33.76,33.76,37.41,37.41,30.0,37.41,37.72,38.68,,54.54,34.79,35.14,,40.5,,,,45.76,45.76,,45.76,45.76,45.76,45.76,45.76,37.41,37.41,,,,,37.45,38.3,38.3,37.41,37.41,39.03,11.08,30.0,35.2,32.69,37.41,37.41,37.41,37.41,34.79,33.5,,,,,,
2019-11-23 09:00:00+01:00,,35.02,,44.98,28.98,49.02,,35.94,,30.44,30.44,38.66,38.66,35.55,38.66,45.3,46.46,,54.54,35.02,35.94,,47.49,,,,45.3,45.3,,45.3,45.3,45.3,45.3,45.3,38.66,38.66,,,,,44.98,38.72,38.72,38.66,38.66,39.02,10.97,35.55,35.99,34.06,38.66,38.66,38.66,38.66,35.02,35.94,,,,,,
2019-11-23 10:00:00+01:00,,35.02,,45.62,26.15,49.91,,34.82,,30.31,30.31,39.15,39.15,35.96,39.15,45.0,53.81,,54.54,35.02,35.57,,55.0,,,,45.0,45.0,,45.0,45.0,45.0,45.0,45.0,39.15,39.15,,,,,52.09,39.15,39.15,39.15,39.15,39.15,11.07,35.96,35.62,32.75,39.15,39.15,39.15,39.15,35.02,35.57,,,,,,
2019-11-23 11:00:00+01:00,,35.07,,48.77,26.17,49.06,,34.0,,30.45,30.45,39.16,39.16,35.77,39.16,45.3,54.38,,54.9,35.07,35.14,,56.92,,,,45.3,45.3,,45.3,45.3,45.3,45.3,45.3,39.16,39.16,,,,,52.63,39.16,39.16,39.16,39.16,39.16,11.08,35.77,35.2,32.39,39.16,39.16,39.16,39.16,35.07,35.14,,,,,,
2019-11-23 12:00:00+01:00,,35.3,,50.9,25.62,46.79,,33.5,,29.9,29.9,39.14,39.14,35.49,39.14,46.3,59.72,,54.9,35.3,33.5,,61.03,,,,46.3,46.3,,46.3,46.3,46.3,46.3,46.3,39.14,39.14,,,,,57.8,39.14,39.14,39.14,39.14,39.14,11.07,35.49,33.55,31.01,39.14,39.14,39.14,39.14,35.3,33.5,,,,,,
2019-11-23 13:00:00+01:00,,35.03,,49.19,25.0,46.07,,32.07,,30.62,30.62,39.05,39.05,35.61,39.05,44.13,55.98,,54.9,35.03,32.07,,58.0,,,,44.13,44.13,,44.13,44.13,44.13,44.13,44.13,39.05,39.05,,,,,50.0,39.05,39.05,39.05,39.05,39.05,11.02,35.61,32.12,30.84,39.05,39.05,39.05,39.05,35.03,32.07,,,,,,
2019-11-23 14:00:00+01:00,,35.03,,44.39,24.98,45.05,,31.78,,32.4,32.4,39.04,39.04,35.47,39.04,40.0,55.86,,55.35,35.03,31.78,,57.07,,,,43.59,43.59,,43.59,43.59,43.59,43.59,43.59,39.04,39.04,,,,,49.42,39.04,39.04,39.04,39.04,39.04,10.5,35.47,31.83,29.11,39.04,39.04,39.04,39.04,35.03,31.78,,,,,,
2019-11-23 15:00:00+01:00,,36.39,,45.3,26.63,46.4,,34.75,,34.25,34.25,39.31,39.31,35.26,39.31,40.66,54.39,,57.15,36.39,34.75,,56.92,,,,44.71,44.71,,44.53,44.71,44.71,44.71,44.71,39.31,39.31,,,,,48.23,39.31,39.31,39.31,39.31,39.31,10.5,35.26,34.81,31.56,39.31,39.31,39.31,39.31,36.39,34.75,,,,,,
2019-11-23 16:00:00+01:00,,41.36,,49.84,38.56,50.1,,37.0,,39.01,39.01,39.7,39.7,35.96,39.7,45.23,54.25,,58.73,41.36,40.31,,56.23,,,,47.27,47.27,,47.27,47.27,47.27,47.27,47.27,39.7,39.7,,,,,51.12,39.7,39.7,39.7,39.7,39.7,11.07,35.96,40.38,36.76,39.7,39.7,39.7,39.7,41.36,40.31,,,,,,
2019-11-23 17:00:00+01:00,,44.74,,60.7,42.44,50.45,,40.0,,40.43,40.43,40.35,40.35,40.62,40.35,51.87,66.39,,58.33,44.74,48.42,,70.0,,,,51.87,52.86,,51.87,52.86,52.86,52.86,52.86,40.35,40.35,,,,,61.43,40.35,40.35,40.35,40.35,40.35,11.03,40.62,48.5,41.16,40.35,40.35,40.35,40.35,44.74,48.42,,,,,,
2019-11-23 18:00:00+01:00,,43.98,,59.27,33.91,52.2,,39.91,,40.02,40.02,40.02,40.02,48.85,40.02,52.12,88.66,,58.34,43.98,40.08,,95.67,,,,52.12,52.12,,52.12,52.12,52.12,52.12,52.12,40.02,40.02,,,,,54.0,40.02,40.02,40.02,40.02,40.02,10.61,48.85,40.14,42.7,40.02,40.02,40.02,40.02,43.98,39.91,,,,,,
2019-11-23 19:00:00+01:00,,40.5,,43.39,30.94,51.93,,37.0,,35.58,35.58,38.43,38.43,52.9,38.43,52.9,74.27,,57.85,40.5,38.99,,93.66,,,,56.0,56.0,,52.9,56.0,56.0,56.0,56.0,38.43,38.43,,,,,39.9,38.96,38.96,38.43,38.43,38.96,8.94,52.9,39.05,39.22,38.43,38.43,38.43,38.43,40.5,37.0,,,,,,
2019-11-23 20:00:00+01:00,,36.07,,40.42,28.64,50.47,,35.0,,30.19,30.19,38.11,38.11,50.44,38.11,50.44,62.0,,55.38,36.07,36.94,,74.52,,,,51.27,51.27,,50.44,51.27,51.27,51.27,51.27,38.11,38.11,,,,,37.54,38.78,38.78,38.11,38.11,38.79,10.16,50.44,37.01,37.28,38.11,38.11,38.11,38.11,36.07,35.0,,,,,,
2019-11-23 21:00:00+01:00,,34.32,,42.68,24.48,48.24,,31.99,,28.18,28.18,37.9,37.9,48.9,37.9,48.9,57.92,,55.35,34.32,31.99,,61.03,,,,48.92,48.92,,48.9,48.92,48.92,48.92,48.92,37.9,37.9,,,,,39.9,38.54,38.54,37.9,37.9,38.8,9.4,48.9,32.05,34.49,37.9,37.9,37.9,37.9,34.32,31.99,,,,,,
2019-11-23 22:00:00+01:00,,34.48,,51.68,23.82,47.07,,30.01,,29.6,29.6,36.99,36.99,47.15,36.99,47.15,53.22,,48.36,34.48,30.01,,81.0,,,,47.15,47.15,,47.15,47.15,47.15,47.15,47.15,36.99,36.99,,,,,36.94,38.16,38.16,36.99,36.99,38.79,9.84,47.15,30.06,34.09,36.99,36.99,36.99,36.99,34.48,30.01,,,,,,
2019-11-23 23:00:00+01:00,,31.96,,50.9,22.54,44.2,,25.07,,27.21,27.21,35.53,35.53,44.49,35.53,44.49,52.42,,58.12,31.96,25.07,,60.82,,,,44.49,44.49,,44.49,44.49,44.49,44.49,44.49,35.53,35.53,,,,,36.1,37.29,37.29,35.53,35.53,38.75,9.67,44.49,25.11,29.1,35.53,35.53,35.53,35.53,31.96,25.07,,,,,,
2019-11-24 00:00:00+01:00,,21.66,,54.45,22.53,39.91,,23.71,,13.15,13.15,14.57,33.91,42.65,33.91,42.65,56.03,,53.88,21.66,23.71,,58.65,,,,42.65,42.65,,42.65,42.65,42.65,42.65,42.65,33.91,33.91,,,,,36.6,37.81,37.81,33.91,33.91,39.89,8.68,42.65,23.71,24.18,33.91,33.91,33.91,33.91,21.66,23.71,,,,,,
2019-11-24 01:00:00+01:00,,25.32,,50.79,22.52,36.02,,22.0,,19.22,19.22,19.22,33.32,40.0,33.32,40.0,52.27,,46.0,25.32,22.0,,54.71,,,,37.98,37.98,,37.98,37.98,37.98,37.98,37.98,33.32,33.32,,,,,38.0,38.0,38.0,33.32,33.32,39.67,8.89,40.0,22.0,22.4,33.32,33.32,33.32,33.32,25.32,22.0,,,,,,
2019-11-24 02:00:00+01:00,,20.12,,43.96,22.52,30.55,,22.07,,13.28,13.28,13.28,33.06,35.29,33.06,35.29,47.85,,45.5,20.12,22.07,,50.09,,,,32.0,32.0,,32.0,32.0,32.0,32.0,32.0,33.06,33.06,,,,,36.74,37.95,37.95,33.06,33.06,39.61,8.18,35.29,22.07,22.1,33.06,33.06,33.06,33.06,20.12,22.07,,,,,,
2019-11-24 03:00:00+01:00,,14.89,,35.4,22.52,28.2,,22.3,,14.89,14.89,14.89,33.04,31.95,33.04,31.95,44.62,,46.0,14.89,22.3,,46.7,,,,31.95,31.95,,31.95,31.95,31.95,31.95,31.95,33.04,33.04,,,,,35.4,36.57,36.57,33.04,33.04,39.56,7.69,31.95,22.3,21.62,33.04,33.04,33.04,33.04,14.89,22.3,,,,,,
2019-11-24 04:00:00+01:00,,10.19,,39.6,22.52,26.7,,22.3,,10.19,10.19,10.19,33.1,30.0,33.1,30.0,41.68,,46.0,10.19,22.3,,43.62,,,,30.0,30.0,,30.0,30.0,30.0,30.0,30.0,33.1,33.1,,,,,39.6,37.92,37.92,33.1,33.1,39.62,7.97,30.0,22.3,22.08,33.1,33.1,33.1,33.1,10.19,22.3,,,,,,
2019-11-24 05:00:00+01:00,,15.4,,38.45,22.52,27.3,,22.96,,7.57,7.57,7.57,34.02,30.1,34.02,30.1,39.59,,46.0,15.4,22.96,,41.42,,,,30.1,30.1,,30.1,30.1,30.1,30.1,30.1,34.02,34.02,,,,,38.3,37.68,37.68,34.02,34.02,39.43,8.07,30.1,22.96,23.18,34.02,34.02,34.02,34.02,15.4,22.96,,,,,,
2019-11-24 06:00:00+01:00,,22.98,,39.36,22.53,30.54,,24.72,,19.09,19.09,19.09,34.08,32.77,34.08,32.77,40.52,,46.0,22.98,24.72,,42.4,,,,32.77,32.77,,32.77,32.77,32.77,32.77,32.77,34.08,34.08,,,,,36.43,37.63,37.63,34.08,34.08,39.87,9.24,32.77,24.73,24.74,34.08,34.08,34.08,34.08,22.98,24.72,,,,,,
2019-11-24 07:00:00+01:00,,29.08,,41.61,32.53,30.59,,27.16,,25.48,25.48,25.48,35.05,35.31,35.05,35.31,49.95,,53.88,29.08,27.16,,51.01,,,,39.79,39.79,,39.79,39.79,39.79,39.79,39.79,35.05,35.05,,,,,48.31,38.23,38.23,35.05,35.05,39.97,9.24,35.31,27.16,30.9,35.05,35.05,35.05,35.05,29.08,27.16,,,,,,
2019-11-24 08:00:00+01:00,,32.42,,38.45,37.1,33.02,,32.03,,30.45,30.45,36.6,36.6,35.54,36.6,35.54,46.65,,53.88,32.42,32.03,,47.64,,,,44.53,44.53,,44.53,44.53,44.53,44.53,44.53,36.6,36.6,,,,,45.12,38.3,38.3,36.6,36.6,39.35,8.96,35.54,32.03,33.47,36.6,36.6,36.6,36.6,32.42,32.03,,,,,,
2019-11-24 09:00:00+01:00,,36.08,,42.09,38.17,37.82,,34.16,,34.31,34.31,37.8,37.8,39.49,37.8,39.49,53.61,,53.84,36.08,34.16,,54.61,,,,44.71,44.71,,44.71,44.71,44.71,44.71,44.71,37.8,37.8,,,,,51.85,38.59,38.59,37.8,37.8,39.31,9.76,39.49,34.16,33.93,37.8,37.8,37.8,37.8,36.08,34.16,,,,,,
2019-11-24 10:00:00+01:00,,39.41,,51.82,39.44,40.29,,35.5,,37.55,37.55,38.79,38.79,44.12,38.79,44.12,53.73,,53.89,39.41,35.5,,55.0,,,,44.31,44.31,,44.31,44.31,44.31,44.31,44.31,38.79,38.79,,,,,37.55,38.79,38.79,38.79,38.79,39.45,9.26,44.12,35.5,34.91,38.79,38.79,38.79,38.79,39.41,35.5,,,,,,
2019-11-24 11:00:00+01:00,,41.12,,50.1,40.99,41.08,,37.0,,39.81,39.81,39.81,39.81,44.49,39.81,44.49,56.17,,53.88,41.12,37.0,,57.34,,,,44.52,44.52,,44.52,44.52,44.52,44.52,44.52,39.81,39.81,,,,,39.81,39.81,39.81,39.81,39.81,39.81,10.13,44.49,37.0,35.78,39.81,39.81,39.81,39.81,41.12,37.0,,,,,,
2019-11-24 12:00:00+01:00,,41.35,,51.93,40.56,41.64,,36.57,,39.81,39.81,39.81,39.81,45.32,39.81,45.32,60.09,,53.88,41.35,36.57,,61.35,,,,45.32,45.32,,45.32,45.32,45.32,45.32,45.32,39.81,39.81,,,,,39.81,39.81,39.81,39.81,39.81,39.81,10.18,45.32,36.57,35.9,39.81,39.81,39.81,39.81,41.35,36.57,,,,,,
2019-11-24 13:00:00+01:00,,39.76,,44.32,41.28,40.5,,36.11,,39.76,39.76,39.76,39.76,42.01,39.76,42.01,63.07,,43.9,39.76,36.11,,64.39,,,,44.52,44.52,,44.52,44.52,44.52,44.52,44.52,39.76,39.76,,,,,39.76,39.76,39.76,39.76,39.76,39.76,10.18,42.01,36.11,35.4,39.76,39.76,39.76,39.76,39.76,36.11,,,,,,
2019-11-24 14:00:00+01:00,,40.05,,40.05,42.91,38.78,,37.78,,40.05,40.05,40.05,40.05,40.05,40.05,40.05,62.4,,53.89,40.05,37.78,,59.72,,,,44.52,44.52,,44.52,44.52,44.52,44.52,44.52,40.05,40.05,,,,,40.05,40.05,40.05,40.05,40.05,40.05,10.18,40.05,37.78,36.07,40.05,40.05,40.05,40.05,40.05,37.78,,,,,,
2019-11-24 15:00:00+01:00,,41.68,,41.68,46.0,40.43,,39.75,,41.68,40.68,40.68,40.68,41.68,40.68,41.68,56.21,,54.21,41.68,39.75,,53.4,,,,44.97,44.97,,44.17,44.97,44.97,44.97,44.97,40.68,40.68,,,,,41.68,40.68,40.68,40.68,40.68,40.68,9.79,41.68,39.75,37.67,40.68,40.68,40.68,40.68,41.68,39.75,,,,,,
2019-11-24 16:00:00+01:00,,45.01,,45.01,52.15,42.12,,42.88,,45.01,41.35,41.35,41.35,45.01,41.35,45.01,60.19,,58.12,45.01,47.01,,57.17,,,,45.01,45.01,,45.01,45.01,45.01,45.01,45.01,41.35,41.35,,,,,45.01,41.35,41.35,41.35,41.35,41.35,10.16,45.01,47.02,42.02,41.35,41.35,41.35,41.35,45.01,42.88,,,,,,
2019-11-24 17:00:00+01:00,,50.0,,50.0,54.98,48.22,,46.0,,50.0,41.42,41.42,41.42,46.72,41.42,50.0,83.08,,58.33,50.0,49.02,,71.72,,,,50.0,50.0,,50.0,50.0,50.0,50.0,50.0,41.42,41.42,,,,,50.0,41.42,41.42,41.42,41.42,41.42,10.94,46.72,49.02,47.93,41.42,41.42,41.42,41.42,50.0,46.0,,,,,,
2019-11-24 18:00:00+01:00,,51.77,,51.77,55.29,50.71,,49.03,,51.77,40.96,40.96,40.96,50.0,40.96,51.77,93.51,,57.0,51.77,51.34,,88.81,,,,51.77,51.77,,51.77,51.77,51.77,51.77,51.77,40.96,40.96,,,,,51.77,40.96,40.96,40.96,40.96,40.96,11.12,50.0,51.34,49.59,40.96,40.96,40.96,40.96,51.77,49.03,,,,,,
2019-11-24 19:00:00+01:00,,50.59,,53.7,54.88,50.98,,48.36,,50.11,41.16,41.16,41.16,51.8,41.16,51.8,70.71,,54.4,50.59,50.92,,67.16,,,,51.8,51.8,,51.8,51.8,51.8,51.8,51.8,41.16,41.16,,,,,50.11,41.16,41.16,41.16,41.16,41.16,11.12,51.8,50.93,49.42,41.16,41.16,41.16,41.16,50.59,48.36,,,,,,
2019-11-24 20:00:00+01:00,,49.96,,49.96,50.8,48.95,,44.3,,49.96,40.92,40.92,40.92,49.96,40.92,49.96,58.8,,54.0,49.96,45.62,,51.32,,,,49.96,49.96,,49.96,49.96,49.96,49.96,49.96,40.92,40.92,,,,,49.96,40.92,40.92,40.92,40.92,40.92,10.82,49.96,45.62,45.4,40.92,40.92,40.92,40.92,49.96,44.3,,,,,,
2019-11-24 21:00:00+01:00,,45.7,,45.7,37.47,44.36,,41.17,,45.7,40.63,40.63,40.63,45.7,40.63,45.7,54.95,,49.82,45.7,41.17,,49.22,,,,45.7,45.7,,45.7,45.7,45.7,45.7,45.7,40.63,40.63,,,,,45.7,40.63,40.63,40.63,40.63,40.63,10.06,45.7,41.17,40.16,40.63,40.63,40.63,40.63,45.7,41.17,,,,,,
2019-11-24 22:00:00+01:00,,44.64,,44.64,36.9,42.97,,40.82,,44.64,40.23,40.23,40.23,44.64,40.23,44.64,51.91,,39.94,44.64,40.82,,49.29,,,,44.64,44.64,,44.64,44.64,44.64,44.64,44.64,40.23,40.23,,,,,44.64,40.23,40.23,40.23,40.23,40.23,10.17,44.64,37.3,39.51,40.23,40.23,40.23,40.23,44.64,40.82,,,,,,
2019-11-24 23:00:00+01:00,,39.8,,39.8,30.04,40.65,,37.19,,39.8,39.29,39.26,39.26,39.8,39.26,39.8,48.35,,40.0,39.8,37.19,,45.9,,,,39.8,39.8,,39.8,39.8,39.8,39.8,39.8,39.26,39.26,,,,,39.8,39.29,39.29,39.26,39.26,39.29,9.14,39.8,29.34,36.86,39.26,39.26,39.26,39.26,39.8,37.19,,,,,,
2019-11-25 00:00:00+01:00,,38.19,,38.19,30.95,38.2,,34.8,,38.19,38.19,38.19,38.19,38.19,38.19,38.19,53.44,,31.02,38.19,34.8,,50.73,,,,38.19,38.19,,38.19,38.19,38.19,38.19,38.19,38.19,38.19,,,,,38.19,39.45,39.45,38.19,38.19,40.52,10.71,38.19,34.81,33.14,38.19,38.19,38.19,38.19,38.19,34.8,,,,,,
2019-11-25 01:00:00+01:00,,36.3,,36.3,29.81,35.37,,33.63,,36.3,36.3,36.3,36.3,36.3,36.3,36.3,50.98,,30.0,36.3,33.63,,48.4,,,,36.3,36.3,,36.3,36.3,36.3,36.3,36.3,36.3,36.3,,,,,36.3,38.32,38.32,36.3,36.3,40.48,10.65,36.3,33.63,31.45,36.3,36.3,36.3,36.3,36.3,33.63,,,,,,
2019-11-25 02:00:00+01:00,,36.02,,36.02,28.32,34.03,,32.5,,36.02,36.02,36.02,36.02,36.02,36.02,36.02,45.6,,30.24,36.02,32.5,,43.29,,,,36.02,36.02,,36.02,36.02,36.02,36.02,36.02,36.02,36.02,,,,,36.02,38.33,38.33,36.02,36.02,40.47,10.26,36.02,32.5,30.02,36.02,36.02,36.02,36.02,36.02,32.5,,,,,,
2019-11-25 03:00:00+01:00,,35.4,,35.4,28.93,33.38,,32.2,,35.4,35.4,35.4,35.4,35.4,35.4,35.4,40.8,,28.97,35.4,31.51,,41.63,,,,35.4,35.4,,35.4,35.4,35.4,35.4,35.4,35.4,35.4,,,,,35.4,38.38,38.38,35.4,35.4,40.47,10.23,35.4,31.51,29.03,35.4,35.4,35.4,35.4,35.4,32.2,,,,,,
2019-11-25 04:00:00+01:00,,35.38,,35.38,30.06,33.65,,32.85,,35.38,35.38,36.75,36.75,35.38,36.75,35.38,36.61,,34.93,35.38,32.85,,37.36,,,,35.38,35.38,,35.38,35.38,35.38,35.38,35.38,36.75,36.75,,,,,35.38,39.62,39.62,36.75,36.75,40.49,10.26,35.38,32.85,29.65,36.75,36.75,36.75,36.75,35.38,32.85,,,,,,
2019-11-25 05:00:00+01:00,,37.84,,37.84,42.93,37.24,,37.0,,37.84,37.84,40.65,42.99,37.84,42.99,37.84,38.99,,43.14,37.84,37.0,,39.79,,,,37.84,37.84,,37.84,37.84,37.84,37.84,37.84,40.65,42.99,,,,,37.84,40.65,40.65,40.65,40.65,40.65,10.71,37.84,37.0,33.2,40.65,40.65,40.65,40.65,37.84,37.0,,,,,,
2019-11-25 06:00:00+01:00,,50.0,,50.0,51.91,48.37,,45.09,,50.0,50.0,50.0,48.44,39.99,48.44,50.0,51.36,,55.32,50.0,45.09,,49.98,,,,50.0,50.0,,50.0,50.0,50.0,50.0,50.0,48.44,48.44,,,,,50.0,42.93,42.93,42.93,42.93,42.93,12.66,39.99,45.09,43.94,42.93,42.93,42.93,42.93,50.0,45.09,,,,,,
2019-11-25 07:00:00+01:00,,60.42,,60.42,57.18,54.35,,56.0,,60.42,60.42,60.42,53.75,49.72,53.75,60.42,62.06,,56.72,60.42,56.0,,58.95,,,,60.42,60.42,,60.42,60.42,60.42,60.42,60.42,53.75,53.75,,,,,60.42,43.78,43.78,43.78,43.78,43.78,12.98,49.72,55.99,54.05,43.78,43.78,43.78,43.78,60.42,56.0,,,,,,
2019-11-25 08:00:00+01:00,,58.37,,58.37,61.05,57.93,,58.15,,58.37,58.37,58.37,53.79,51.25,53.79,58.37,57.21,,55.82,58.37,58.15,,58.4,,,,58.37,58.37,,58.37,58.37,58.37,58.37,58.37,53.79,53.79,,,,,58.37,44.36,44.36,44.36,44.36,44.36,13.33,51.25,58.14,56.94,44.36,44.36,44.36,44.36,58.37,58.15,,,,,,
2019-11-25 09:00:00+01:00,,58.42,,58.42,57.18,57.0,,57.18,,58.42,58.42,58.42,43.56,51.79,43.56,58.42,60.0,,56.75,58.42,57.18,,61.25,,,,58.42,58.42,,58.42,58.42,58.42,58.42,58.42,43.56,43.56,,,,,58.42,43.56,43.56,43.56,43.56,43.56,13.39,51.79,57.17,56.34,43.56,43.56,43.56,43.56,58.42,57.18,,,,,,
2019-11-25 10:00:00+01:00,,57.3,,57.3,54.46,54.7,,56.92,,57.3,57.3,57.3,43.53,51.79,43.53,57.3,59.01,,56.75,57.3,56.92,,61.72,,,,57.3,57.3,,57.3,57.3,57.3,57.3,57.3,43.53,43.53,,,,,57.3,43.53,43.53,43.53,43.53,43.53,13.39,51.79,56.9,55.3,43.53,43.53,43.53,43.53,57.3,56.92,,,,,,
2019-11-25 11:00:00+01:00,,58.26,,58.26,47.93,54.33,,56.02,,58.26,58.26,58.26,43.62,50.79,43.62,58.26,60.0,,56.74,57.9,56.02,,62.75,,,,57.9,57.9,,57.9,57.9,57.9,57.9,57.9,43.62,43.62,,,,,58.26,43.62,43.62,43.62,42.75,43.62,13.38,50.79,56.0,53.6,43.62,43.62,43.62,43.62,57.9,56.02,,,,,,
2019-11-25 12:00:00+01:00,,58.77,,58.77,55.65,53.48,,55.6,,58.77,58.77,58.77,46.18,50.55,46.18,58.77,60.52,,56.73,53.7,55.6,,63.3,,,,53.7,53.7,,53.7,53.7,53.7,53.7,53.7,46.18,46.18,,,,,58.77,43.71,43.71,43.71,43.61,43.71,13.4,50.55,55.58,51.79,43.71,43.71,43.71,43.71,53.7,55.6,,,,,,
2019-11-25 13:00:00+01:00,,58.6,,58.6,56.1,53.12,,55.57,,58.6,58.6,58.6,54.94,50.52,54.94,58.6,60.58,,56.74,54.08,55.57,,88.7,,,,54.08,54.08,,54.08,54.08,54.08,54.08,54.08,54.94,54.94,,,,,58.6,43.76,43.76,43.76,43.57,43.76,13.42,50.52,55.55,51.5,43.76,43.76,43.76,43.76,54.08,55.57,,,,,,
2019-11-25 14:00:00+01:00,,57.05,,57.05,57.15,53.05,,56.0,,57.05,57.05,57.05,53.79,49.71,53.79,57.05,58.97,,56.5,57.05,56.0,,68.62,,,,57.05,57.05,,57.05,57.05,57.05,57.05,57.05,53.79,53.79,,,,,57.05,43.91,43.91,43.91,43.91,43.91,13.39,49.71,55.98,51.8,43.91,43.91,43.91,43.91,57.05,56.0,,,,,,
2019-11-25 15:00:00+01:00,,59.23,,59.23,58.5,54.07,,57.7,,59.23,59.23,59.23,58.14,50.1,58.14,59.23,61.22,,58.6,59.23,57.7,,68.62,,,,59.23,59.23,,59.23,59.23,59.23,59.23,59.23,58.14,58.14,,,,,59.23,45.06,45.06,45.06,44.48,45.06,13.52,50.1,57.67,53.04,45.06,45.06,45.06,45.06,59.23,57.7,,,,,,
2019-11-25 16:00:00+01:00,,58.4,,58.4,61.39,55.92,,62.0,,58.4,58.4,58.4,61.36,51.79,61.36,58.4,60.11,,67.26,58.4,62.0,,92.0,,,,60.51,60.51,,58.4,60.51,60.51,60.51,60.51,61.36,61.36,,,,,58.4,46.76,46.76,46.76,44.47,46.76,14.27,51.79,61.97,55.37,46.76,46.76,46.76,46.76,58.4,62.0,,,,,,
2019-11-25 17:00:00+01:00,,63.45,,63.45,64.87,62.16,,64.49,,63.45,63.45,63.45,53.79,53.29,53.79,63.45,75.01,,67.31,63.45,64.49,,115.0,,,,72.0,72.0,,63.45,72.0,72.0,72.0,72.0,53.79,53.79,,,,,63.45,45.96,45.96,53.79,44.31,45.96,14.35,53.29,64.46,60.87,53.79,53.79,53.79,53.79,63.45,64.49,,,,,,
2019-11-25 18:00:00+01:00,,59.36,,59.36,61.4,59.48,,60.23,,59.36,59.36,59.36,53.73,57.57,53.73,59.36,79.38,,67.3,59.36,60.23,,130.92,,,,69.01,69.01,,59.36,69.01,69.01,69.01,69.01,53.73,53.73,,,,,59.36,44.92,44.92,44.92,44.14,44.92,13.56,55.8,60.2,58.97,44.92,44.92,44.92,44.92,59.36,60.23,,,,,,
2019-11-25 19:00:00+01:00,,58.07,,58.07,55.18,55.88,,57.25,,58.07,58.07,58.07,43.57,58.07,43.57,58.07,67.63,,87.02,58.07,57.25,,115.0,,,,74.53,74.53,,58.07,74.53,74.53,84.2,74.53,43.57,43.57,,,,,58.07,43.57,43.57,43.57,43.57,43.57,13.4,55.8,57.22,53.93,43.57,43.57,43.57,43.57,58.07,57.25,,,,,,
2019-11-25 20:00:00+01:00,,53.93,,53.93,54.18,52.13,,51.15,,53.93,53.93,53.93,42.74,53.93,42.74,53.93,70.03,,89.03,53.93,51.15,,78.0,,,,63.07,63.07,,53.93,63.07,63.07,84.2,63.07,42.74,42.74,,,,,53.93,42.74,42.74,42.74,42.74,42.74,13.19,53.93,51.12,49.01,42.74,42.74,42.74,42.74,53.93,51.15,,,,,,
2019-11-25 21:00:00+01:00,,50.17,,50.17,55.94,47.01,,45.1,,50.17,50.17,50.17,42.22,50.17,42.22,50.17,60.68,,82.64,50.17,45.1,,63.53,,,,53.7,53.7,,50.17,53.7,53.7,53.7,53.7,42.22,42.22,,,,,50.17,42.22,42.22,42.22,42.22,42.22,11.98,50.17,39.15,43.53,42.22,42.22,42.22,42.22,50.17,45.1,,,,,,
2019-11-25 22:00:00+01:00,,46.62,,48.1,53.75,46.02,,41.95,,46.36,46.36,46.36,41.44,47.3,41.44,47.3,59.22,,81.51,46.62,41.95,,62.0,,,,51.32,51.32,,47.3,51.32,51.32,51.32,51.32,41.44,41.44,,,,,45.28,41.44,41.44,41.44,41.25,41.44,12.03,47.3,32.45,41.78,41.44,41.44,41.44,41.44,46.62,41.95,,,,,,
2019-11-25 23:00:00+01:00,,42.11,,45.19,31.98,42.8,,37.55,,41.58,41.58,41.58,40.58,43.49,40.58,43.49,47.86,,39.0,42.11,37.55,,50.12,,,,44.2,44.2,,44.2,44.2,44.2,44.2,44.2,40.58,40.58,,,,,39.45,40.58,40.58,40.58,40.58,40.58,10.72,43.49,16.96,38.0,40.58,40.58,40.58,40.58,42.11,37.55,,,,,,
2019-11-26 00:00:00+01:00,,39.07,,39.07,34.14,42.36,,39.14,,39.07,39.07,39.07,40.7,39.07,40.7,39.07,53.7,,40.47,39.07,39.14,,56.47,,,,41.83,41.83,,41.83,41.83,41.83,41.83,41.83,40.7,40.7,,,,,39.07,40.7,40.7,40.7,40.2,40.7,10.54,39.07,36.97,37.05,40.7,40.7,40.7,40.7,39.07,39.14,,,,,,
2019-11-26 01:00:00+01:00,,38.43,,38.43,30.94,40.04,,37.33,,38.43,38.43,38.43,40.04,38.43,40.04,38.43,50.02,,34.83,38.43,37.33,,52.59,,,,38.57,38.57,,38.57,38.57,38.57,38.57,38.57,40.04,40.04,,,,,38.43,40.04,40.04,40.04,39.52,40.56,10.43,38.43,29.3,36.09,40.04,40.04,40.04,40.04,38.43,37.33,,,,,,
2019-11-26 02:00:00+01:00,,36.2,,36.2,26.82,39.98,,36.68,,36.2,36.2,36.2,39.31,36.2,39.31,36.2,50.45,,33.07,36.2,36.68,,50.53,,,,36.2,36.2,,36.2,36.2,36.2,36.2,36.2,39.31,39.31,,,,,36.2,39.31,39.31,39.31,38.77,40.54,10.15,36.2,25.85,36.02,39.31,39.31,39.31,39.31,36.2,36.68,,,,,,
2019-11-26 03:00:00+01:00,,35.91,,35.91,26.1,39.73,,35.77,,35.91,35.91,35.91,38.36,35.91,38.36,35.91,45.05,,33.8,35.91,35.77,,45.0,,,,35.91,35.91,,35.91,35.91,35.91,35.91,35.91,38.36,38.36,,,,,35.91,39.33,39.33,38.36,38.36,40.53,10.39,35.91,26.98,35.02,38.36,38.36,38.36,38.36,35.91,35.77,,,,,,
2019-11-26 04:00:00+01:00,,35.98,,35.98,27.68,38.03,,36.09,,35.98,35.98,35.98,40.24,35.98,40.24,35.98,43.28,,38.9,35.98,36.09,,42.34,,,,35.98,35.98,,35.98,35.98,35.98,35.98,35.98,40.24,40.24,,,,,35.98,40.24,40.24,40.24,38.6,40.53,9.45,35.98,30.98,35.51,40.24,40.24,40.24,40.24,35.98,36.09,,,,,,
2019-11-26 05:00:00+01:00,,38.01,,38.01,32.25,40.87,,38.57,,38.01,38.01,38.01,47.95,38.01,47.95,38.01,39.81,,46.7,38.01,38.57,,38.78,,,,40.32,40.32,,40.32,40.32,40.32,40.32,40.32,47.95,47.95,,,,,38.01,40.93,40.93,40.93,39.28,40.93,11.14,38.01,38.53,37.06,40.93,40.93,40.93,40.93,38.01,38.57,,,,,,
2019-11-26 06:00:00+01:00,,45.21,,45.21,41.22,49.69,,46.54,,45.21,45.21,45.21,57.36,45.21,57.36,45.21,46.21,,58.31,45.21,46.54,,39.8,,,,49.8,49.8,,49.8,49.8,49.8,49.8,49.8,57.36,57.36,,,,,45.21,43.21,43.21,43.21,40.34,43.21,13.33,45.21,46.49,46.34,43.21,43.21,43.21,43.21,45.21,46.54,,,,,,
2019-11-26 07:00:00+01:00,,53.46,,53.36,56.79,54.02,,55.8,,53.44,53.44,53.44,97.67,53.0,97.67,53.52,54.71,,58.59,53.52,55.8,,39.78,,,,53.52,53.52,,53.52,53.52,53.52,53.52,53.52,97.67,97.67,,,,,53.39,46.76,46.76,46.76,39.17,46.76,14.05,48.5,55.73,54.39,46.76,46.76,46.76,46.76,53.52,55.8,,,,,,
2019-11-26 08:00:00+01:00,,54.79,,54.79,60.93,54.99,,56.7,,54.79,54.79,54.79,96.45,54.79,96.45,54.79,56.17,,59.31,54.79,56.7,,53.35,,,,54.79,54.79,,54.79,54.79,54.79,54.79,54.79,96.45,96.45,,,,,54.79,53.03,53.03,53.03,53.03,53.03,14.89,48.6,56.63,56.36,53.03,53.03,53.03,53.03,54.79,56.7,,,,,,
2019-11-26 09:00:00+01:00,,54.58,,54.58,57.69,54.06,,54.6,,54.58,54.58,54.58,48.18,54.58,48.18,54.58,56.2,,56.76,54.58,54.6,,53.63,,,,54.58,54.58,,54.58,54.58,54.58,54.58,54.58,48.18,48.18,,,,,54.58,48.18,48.18,48.18,48.18,48.18,13.5,50.26,54.53,54.88,48.18,48.18,48.18,48.18,54.58,54.6,,,,,,
2019-11-26 10:00:00+01:00,,54.79,,54.79,59.08,53.44,,53.7,,54.79,54.79,54.79,46.87,50.56,46.87,54.79,56.42,,55.95,54.79,53.7,,53.84,,,,54.79,54.79,,54.79,54.79,54.79,54.79,54.79,46.87,46.87,,,,,54.79,46.87,46.87,46.87,46.87,46.87,13.5,50.56,53.63,53.66,46.87,46.87,46.87,46.87,54.79,53.7,,,,,,
2019-11-26 11:00:00+01:00,,54.05,,54.05,54.88,53.01,,53.01,,54.05,54.05,54.05,46.19,48.69,46.19,54.05,55.67,,55.47,54.05,53.01,,53.11,,,,54.05,52.87,,54.05,52.87,52.87,52.87,52.87,46.19,46.19,,,,,54.05,46.19,46.19,46.19,46.19,46.19,13.67,48.69,52.93,53.03,46.19,46.19,46.19,46.19,54.05,53.01,,,,,,
2019-11-26 12:00:00+01:00,,52.91,,52.91,58.25,52.43,,52.53,,52.91,52.91,52.91,49.52,47.59,49.52,52.91,54.28,,55.47,52.91,52.53,,48.4,,,,52.91,52.87,,52.91,52.87,52.87,52.87,52.87,49.52,49.52,,,,,52.91,47.95,47.95,47.95,47.95,47.95,13.55,47.59,52.45,51.89,47.95,47.95,47.95,47.95,52.91,52.53,,,,,,
2019-11-26 13:00:00+01:00,,52.59,,52.59,54.8,52.57,,52.72,,52.59,52.59,52.59,61.15,47.5,61.15,52.59,53.95,,55.47,52.59,52.72,,47.0,,,,52.59,52.59,,52.59,52.59,52.59,52.59,52.59,61.15,61.15,,,,,52.59,47.46,47.46,47.46,47.46,47.46,14.2,47.5,52.63,51.0,47.46,47.46,47.46,47.46,52.59,52.72,,,,,,
2019-11-26 14:00:00+01:00,,52.99,,52.99,58.2,52.5,,52.59,,52.99,52.99,52.99,61.15,45.32,61.15,52.99,54.22,,62.28,52.99,52.59,,47.0,,,,52.99,52.99,,52.99,52.99,52.99,52.99,52.99,61.15,61.15,,,,,52.99,47.41,47.41,47.41,40.67,47.41,14.2,45.32,52.5,51.61,47.41,47.41,47.41,47.41,52.99,52.59,,,,,,
2019-11-26 15:00:00+01:00,,52.34,,52.34,49.63,53.15,,53.97,,52.34,52.34,52.34,82.28,43.69,82.28,52.34,53.56,,59.6,52.34,54.09,,48.4,,,,60.3,60.3,,60.3,60.3,60.3,61.0,60.3,82.28,82.28,,,,,52.34,47.36,47.36,47.36,40.92,47.36,14.69,43.69,53.99,52.94,48.69,48.69,48.69,48.69,52.34,53.97,,,,,,
2019-11-26 16:00:00+01:00,,52.43,,52.43,49.66,53.42,,54.26,,52.43,52.43,52.43,83.84,45.01,83.84,52.43,53.81,,62.45,66.88,63.63,,51.31,,,,66.88,66.88,,66.88,66.88,66.88,102.2,66.88,83.84,83.84,,,,,52.43,49.78,49.78,49.78,43.74,49.78,15.81,45.01,63.52,59.17,49.78,49.78,49.78,49.78,66.88,54.26,,,,,,
2019-11-26 17:00:00+01:00,,54.55,,54.55,61.37,55.69,,57.25,,54.55,54.55,54.55,65.13,46.88,65.13,54.55,68.18,,61.0,70.0,68.59,,65.0,,,,74.71,74.71,,70.0,74.71,74.71,119.99,74.71,65.13,65.13,,,,,54.55,48.2,48.2,48.2,42.77,48.2,15.12,46.88,68.46,62.53,52.97,52.97,52.97,53.24,70.0,57.25,,,,,,
2019-11-26 18:00:00+01:00,,54.52,,54.52,49.53,54.53,,54.0,,54.52,54.52,54.52,59.43,48.5,59.43,54.52,70.98,,66.83,63.5,63.12,,74.47,,,,74.53,74.53,,63.5,74.53,74.53,119.99,74.53,59.43,59.43,,,,,54.52,45.97,45.97,45.97,41.59,45.97,13.72,48.5,63.0,59.07,45.97,45.97,45.97,45.97,63.5,54.0,,,,,,
2019-11-26 19:00:00+01:00,,52.9,,52.9,45.94,53.78,,52.85,,52.9,52.9,52.9,44.94,49.48,44.94,52.9,64.67,,64.75,53.5,59.5,,67.63,,,,74.53,74.53,,53.5,74.53,74.53,119.99,74.53,43.94,44.94,,,,,52.9,43.94,43.94,43.94,43.94,43.94,13.29,49.48,59.38,55.25,43.94,43.94,43.94,43.94,53.5,52.85,,,,,,
2019-11-26 20:00:00+01:00,,47.51,,47.51,42.81,49.33,,47.92,,47.51,47.51,47.51,43.49,47.51,43.49,47.51,66.5,,59.9,51.24,54.72,,67.47,,,,60.81,60.81,,51.24,60.81,60.81,119.99,60.81,43.49,43.49,,,,,47.51,43.49,43.49,43.49,43.49,43.49,13.16,47.51,54.61,49.82,43.49,43.49,43.49,43.49,51.24,47.92,,,,,,
2019-11-26 21:00:00+01:00,,43.53,,43.53,39.21,45.37,,42.74,,43.53,43.53,43.53,42.49,43.53,42.49,43.53,57.63,,57.78,43.53,46.3,,59.0,,,,54.5,54.5,,50.0,54.5,54.5,101.85,54.5,42.49,42.49,,,,,43.53,42.49,42.49,42.49,42.49,42.49,11.98,43.53,46.2,45.14,42.49,42.49,42.49,42.49,43.53,42.74,,,,,,
2019-11-26 22:00:00+01:00,,42.28,,42.28,37.56,46.72,,41.63,,42.28,42.28,42.28,41.27,42.28,41.27,42.28,53.78,,51.0,42.28,43.1,,55.06,,,,49.0,49.0,,46.8,49.0,49.0,71.85,49.0,41.27,41.27,,,,,42.28,41.27,41.27,41.27,41.27,41.27,11.06,42.28,43.0,42.75,41.27,41.27,41.27,41.27,42.28,41.63,,,,,,
2019-11-26 23:00:00+01:00,,37.74,,37.74,33.81,42.68,,37.06,,37.74,37.74,37.74,39.72,37.74,39.72,37.74,51.6,,58.45,37.74,37.06,,50.35,,,,44.9,44.9,,44.9,44.9,44.9,60.0,44.9,39.72,39.72,,,,,37.74,39.72,39.72,39.72,39.72,40.08,10.91,37.74,36.97,38.13,39.72,39.72,39.72,39.72,37.74,37.06,,,,,,
2019-11-27 00:00:00+01:00,,36.2,,36.2,29.03,40.62,,34.88,,36.2,36.2,36.2,38.04,36.2,38.04,36.2,45.56,,41.12,36.2,34.88,,50.35,,,,37.84,37.84,,36.2,37.84,37.84,37.84,37.84,38.04,38.04,,,,,36.2,39.25,39.25,38.04,38.04,39.47,10.32,36.2,27.19,35.32,38.04,38.04,38.04,38.04,36.2,34.88,,,,,,
2019-11-27 01:00:00+01:00,,35.32,,35.32,28.27,38.06,,33.55,,35.32,36.31,36.31,36.31,35.32,36.31,35.32,48.09,,38.5,35.32,33.55,,50.35,,,,35.32,35.32,,35.32,35.32,35.32,35.32,35.32,36.31,36.31,,,,,35.32,39.24,39.24,36.31,36.31,39.39,10.3,35.32,30.32,33.15,36.31,36.31,36.31,36.31,35.32,33.55,,,,,,
2019-11-27 02:00:00+01:00,,32.84,,32.84,27.99,35.59,,32.48,,32.84,35.72,35.72,35.72,32.84,35.72,32.84,48.35,,34.7,32.84,32.48,,50.35,,,,32.84,32.84,,32.84,32.84,32.84,32.84,32.84,35.72,35.72,,,,,32.84,39.38,39.38,35.72,35.72,39.38,10.49,32.84,29.62,31.47,35.72,35.72,35.72,35.72,32.84,32.48,,,,,,
2019-11-27 03:00:00+01:00,,30.23,,30.23,26.07,35.46,,31.18,,30.23,35.9,35.9,35.9,30.23,35.9,30.23,45.54,,36.25,30.23,31.18,,47.67,,,,30.23,30.23,,30.23,30.23,30.23,30.23,30.23,35.9,35.9,,,,,30.23,39.35,39.35,35.9,35.9,39.35,10.47,30.23,28.43,30.75,35.9,35.9,35.9,35.9,30.23,31.18,,,,,,
2019-11-27 04:00:00+01:00,,31.65,,31.65,26.57,35.5,,32.28,,31.65,31.65,31.65,37.8,31.65,37.8,31.65,43.51,,39.15,31.65,32.28,,45.53,,,,31.65,31.65,,31.65,31.65,31.65,31.65,31.65,37.8,37.8,,,,,31.65,39.17,39.17,37.8,37.8,39.38,10.08,31.65,32.2,30.35,37.8,37.8,37.8,37.8,31.65,32.28,,,,,,
2019-11-27 05:00:00+01:00,,34.8,,34.8,38.3,39.71,,35.22,,34.8,34.8,34.8,46.75,33.99,46.75,34.8,43.22,,58.97,34.8,35.22,,45.22,,,,34.8,34.8,,34.8,34.8,34.8,34.8,34.8,46.75,46.75,,,,,34.8,40.31,40.31,40.31,40.31,40.31,10.84,33.99,35.13,33.19,40.31,40.31,40.31,40.31,34.8,35.22,,,,,,
2019-11-27 06:00:00+01:00,,41.94,,41.94,48.06,47.72,,46.0,,41.94,41.94,41.94,59.43,37.11,59.43,41.94,45.64,,67.17,41.94,46.0,,47.75,,,,45.2,45.2,,45.2,45.2,45.2,45.2,45.2,59.43,59.43,,,,,41.94,41.71,41.71,41.71,41.71,41.71,13.78,37.11,45.89,42.25,41.71,41.71,41.71,41.71,41.94,46.0,,,,,,
2019-11-27 07:00:00+01:00,,50.68,,50.68,47.79,49.23,,47.13,,50.68,50.68,50.68,77.11,46.35,77.11,50.68,57.41,,59.6,50.68,50.38,,53.22,,,,50.68,50.68,,50.68,50.68,50.68,84.82,50.68,77.11,77.11,,,,,50.68,43.7,43.7,43.7,43.7,43.7,13.75,46.35,50.25,52.57,43.7,43.7,43.7,43.7,50.68,47.13,,,,,,
2019-11-27 08:00:00+01:00,,50.54,,50.54,47.91,50.4,,48.99,,50.54,50.54,50.54,104.04,50.53,104.04,50.54,52.26,,58.63,54.79,52.44,,61.49,,,,54.79,54.79,,54.79,54.79,54.79,84.82,54.79,104.04,104.04,,,,,50.54,46.11,46.11,46.11,46.11,46.11,17.4,48.6,52.31,55.36,46.11,46.11,46.11,46.11,54.79,48.99,,,,,,
2019-11-27 09:00:00+01:00,,46.84,,49.54,46.92,50.04,,48.2,,46.32,46.32,46.32,50.03,48.56,50.03,48.56,55.03,,55.27,49.7,51.45,,68.33,,,,50.64,50.64,,50.64,50.64,50.64,50.64,50.64,50.03,50.03,,,,,53.21,45.44,45.44,45.44,45.44,45.44,16.17,48.56,51.32,52.34,45.44,45.44,45.44,45.44,49.7,48.2,,,,,,
2019-11-27 10:00:00+01:00,,43.99,,45.95,45.85,49.91,,47.41,,43.94,43.94,43.94,47.37,45.33,47.37,45.33,59.76,,54.54,43.99,49.07,,79.41,,,,50.0,50.0,,50.0,50.0,50.0,50.0,50.0,47.37,47.37,,,,,48.26,43.94,43.94,43.94,43.94,43.94,15.14,45.33,48.94,49.76,43.94,43.94,43.94,43.94,43.99,47.41,,,,,,
2019-11-27 11:00:00+01:00,,43.95,,44.61,46.7,50.03,,46.73,,43.93,43.93,43.93,45.66,44.4,45.66,44.4,59.77,,55.27,43.95,48.05,,80.0,,,,48.33,48.33,,48.33,48.33,48.33,48.33,48.33,45.66,45.66,,,,,45.38,43.93,43.93,43.93,43.93,43.93,16.92,44.4,47.93,49.62,43.93,43.93,43.93,43.93,43.95,46.73,,,,,,
2019-11-27 12:00:00+01:00,,44.12,,44.12,47.73,49.0,,45.3,,44.12,44.12,44.12,54.93,44.12,54.93,44.12,58.84,,55.27,46.31,47.24,,79.41,,,,46.31,46.31,,46.31,46.31,46.31,46.31,46.31,54.93,54.93,,,,,44.12,44.12,44.12,44.12,44.12,44.12,16.2,44.12,47.11,47.51,44.12,44.12,44.12,44.12,46.31,45.3,,,,,,
2019-11-27 13:00:00+01:00,,43.87,,43.87,47.98,49.03,,44.54,,43.87,43.87,43.87,73.69,43.87,73.69,43.87,59.17,,56.98,47.49,47.99,,75.91,,,,47.49,47.49,,47.49,47.49,47.49,47.49,47.49,73.69,73.69,,,,,43.87,43.87,43.87,43.87,43.87,43.87,17.07,43.87,47.86,47.93,43.87,43.87,43.87,43.87,47.49,44.54,,,,,,
2019-11-27 14:00:00+01:00,,49.96,,43.67,54.77,48.45,,43.68,,43.21,43.21,43.21,65.55,43.67,65.55,43.67,60.26,,57.78,49.96,49.78,,73.22,,,,49.96,49.96,,49.96,49.96,49.96,49.96,49.96,65.55,65.55,,,,,43.67,43.21,43.21,43.21,43.21,43.21,15.18,43.67,49.65,48.15,43.21,43.21,43.21,43.21,49.96,43.68,,,,,,
2019-11-27 15:00:00+01:00,,50.64,,43.9,68.54,48.1,,43.73,,43.41,43.41,43.41,71.18,43.9,71.18,43.9,58.75,,58.58,50.64,50.79,,76.17,,,,50.64,50.64,,50.64,50.64,50.64,61.0,50.64,71.18,71.18,,,,,43.9,43.41,43.41,43.41,43.41,43.41,16.49,43.9,50.66,50.31,43.41,43.41,43.41,43.41,50.64,43.73,,,,,,
2019-11-27 16:00:00+01:00,,51.69,,44.46,68.59,49.4,,44.8,,43.71,43.71,43.71,77.01,44.4,77.01,44.4,56.29,,61.02,58.13,59.51,,80.59,,,,58.13,58.13,,58.13,58.13,58.13,84.82,58.13,77.01,77.01,,,,,44.88,43.71,43.71,43.71,43.71,43.71,17.84,44.4,59.36,55.05,43.71,43.71,43.71,43.71,58.13,44.8,,,,,,
2019-11-27 17:00:00+01:00,,50.02,,47.1,68.99,48.98,,46.2,,46.6,46.6,46.6,70.5,47.1,70.5,47.1,77.41,,59.92,60.71,63.92,,107.45,,,,60.71,60.71,,60.71,60.71,60.71,119.99,60.71,70.5,70.5,,,,,47.19,44.44,44.44,44.44,44.44,44.44,16.33,47.1,63.76,61.88,44.44,44.44,44.44,44.44,60.71,46.2,,,,,,
2019-11-27 18:00:00+01:00,,50.89,,50.14,63.3,49.07,,48.0,,43.38,43.38,43.38,59.12,49.99,59.12,49.99,76.19,,62.41,50.89,58.37,,150.0,,,,60.51,60.51,,52.64,60.51,60.51,119.99,60.51,59.12,59.12,,,,,47.72,42.83,42.83,42.83,42.83,42.83,13.69,49.99,58.21,58.99,42.83,42.83,42.83,42.83,50.89,48.0,,,,,,
2019-11-27 19:00:00+01:00,,50.82,,46.43,50.83,47.1,,47.27,,38.96,39.1,39.1,41.96,50.18,41.96,50.18,61.95,,59.65,50.82,53.31,,120.0,,,,58.99,58.99,,50.82,58.99,58.99,119.99,58.99,41.96,41.96,,,,,44.0,41.8,41.8,41.8,41.8,41.8,13.58,50.18,53.17,53.34,41.8,41.8,41.8,41.8,50.82,47.27,,,,,,
2019-11-27 20:00:00+01:00,,48.97,,45.26,46.78,43.93,,44.8,,34.47,41.18,41.18,41.18,46.5,41.18,46.01,61.84,,58.68,48.97,47.0,,95.68,,,,51.2,51.2,,49.88,51.2,51.2,119.99,51.2,41.18,41.18,,,,,42.55,41.18,41.18,41.18,41.18,41.18,13.38,46.5,46.88,48.08,41.18,41.18,41.18,41.18,48.97,44.8,,,,,,
2019-11-27 21:00:00+01:00,,40.04,,40.99,27.96,41.35,,34.7,,33.69,40.71,40.71,40.71,44.98,40.71,41.12,57.62,,56.1,40.04,39.91,,79.27,,,,48.02,48.02,,47.33,48.02,48.02,93.82,48.02,40.71,40.71,,,,,39.4,40.71,40.71,40.71,40.71,40.71,11.52,44.98,39.08,41.57,40.71,40.71,40.71,40.71,40.04,34.7,,,,,,
2019-11-27 22:00:00+01:00,,36.07,,41.5,25.98,44.63,,30.78,,28.6,40.01,40.01,40.01,41.5,40.01,41.5,52.91,,55.36,36.07,35.27,,73.93,,,,44.33,44.33,,44.33,44.33,44.33,84.82,44.33,40.01,40.01,,,,,39.0,40.29,40.29,40.01,40.01,40.29,11.51,41.5,35.18,35.26,40.01,40.01,40.01,40.01,36.07,30.78,,,,,,
2019-11-27 23:00:00+01:00,,29.06,,27.71,22.54,41.52,,25.38,,25.58,38.29,38.29,38.29,36.99,38.29,36.99,47.19,,57.98,29.06,29.43,,60.0,,,,36.99,36.99,,36.99,36.99,36.99,36.99,36.99,38.29,38.29,,,,,38.58,39.86,39.86,38.29,38.29,39.86,10.85,36.99,24.05,31.1,38.29,38.29,38.29,38.29,29.06,25.38,,,,,,
2019-11-28 00:00:00+01:00,,27.57,,32.75,22.54,32.12,,23.96,,25.24,37.9,37.9,37.9,31.73,37.9,31.73,55.88,,51.79,27.57,25.92,,59.0,,,,40.43,40.43,,40.43,40.43,40.43,40.43,40.43,37.9,37.9,,,,,40.34,39.05,39.05,37.9,37.9,39.67,10.6,31.73,25.88,29.3,37.9,37.9,37.9,37.9,27.57,23.96,,,,,,
2019-11-28 01:00:00+01:00,,23.58,,28.93,22.53,27.05,,22.96,,21.23,36.43,36.43,36.43,27.71,36.43,27.71,47.31,,41.75,23.58,22.96,,49.42,,,,34.0,34.0,,34.0,34.0,34.0,34.0,34.0,36.43,36.43,,,,,36.31,37.51,37.51,36.43,36.43,39.54,10.69,27.71,22.92,25.71,36.43,36.43,36.43,36.43,23.58,22.96,,,,,,
2019-11-28 02:00:00+01:00,,10.41,,21.89,22.52,25.01,,16.38,,5.32,35.99,35.99,35.99,19.39,35.99,19.39,43.08,,45.0,10.41,16.98,,45.0,,,,33.39,33.39,,33.39,33.39,33.39,33.39,33.39,35.99,35.99,,,,,34.0,36.89,36.89,35.99,35.99,39.49,10.42,19.39,16.95,22.93,35.99,35.99,35.99,35.99,10.41,16.38,,,,,,
2019-11-28 03:00:00+01:00,,6.4,,14.19,22.52,25.06,,15.7,,1.94,36.18,36.18,36.18,12.56,36.18,12.56,33.08,,45.0,6.4,15.7,,37.79,,,,29.55,29.55,,29.55,29.55,29.55,29.55,29.55,36.18,36.18,,,,,31.95,36.94,36.94,36.18,36.18,39.48,10.34,12.56,15.68,21.78,36.18,36.18,36.18,36.18,6.4,15.7,,,,,,
2019-11-28 04:00:00+01:00,,14.05,,17.89,22.54,25.54,,22.0,,11.75,37.72,37.72,37.72,16.87,37.72,16.87,28.99,,46.0,14.05,22.0,,37.12,,,,30.0,30.0,,30.0,30.0,30.0,30.0,30.0,37.72,37.72,,,,,28.0,37.72,37.72,37.72,37.72,39.53,10.3,16.87,21.96,22.33,37.72,37.72,37.72,37.72,14.05,22.0,,,,,,
2019-11-28 05:00:00+01:00,,36.09,,26.63,34.37,29.06,,32.65,,23.53,40.01,40.01,43.75,26.45,43.75,26.45,27.8,,56.72,36.09,32.92,,37.04,,,,40.0,40.0,,40.0,40.0,40.0,40.0,40.0,43.75,43.75,,,,,28.54,40.01,40.01,40.01,40.01,40.01,10.54,26.45,32.86,28.97,40.01,40.01,40.01,40.01,36.09,32.65,,,,,,
2019-11-28 06:00:00+01:00,,46.96,,35.92,42.66,44.92,,42.77,,29.82,41.02,41.02,54.43,35.92,54.43,35.92,37.03,,56.68,46.96,42.77,,38.69,,,,50.0,50.0,,50.0,50.0,50.0,50.0,50.0,54.43,54.43,,,,,38.02,41.02,41.02,41.02,41.02,41.02,12.6,35.92,42.7,37.92,41.02,41.02,41.02,41.02,46.96,42.77,,,,,,
2019-11-28 07:00:00+01:00,,52.95,,44.25,55.4,48.08,,49.85,,34.14,42.83,42.83,54.64,44.25,54.64,44.25,51.76,,57.93,57.31,50.41,,52.79,,,,57.31,57.31,,57.31,57.31,57.31,61.0,57.31,54.64,54.64,,,,,50.0,42.83,42.83,42.83,42.83,42.83,12.65,44.25,50.33,48.63,42.83,42.83,42.83,42.83,57.31,49.85,,,,,,
2019-11-28 08:00:00+01:00,,51.0,,46.51,61.36,49.62,,51.02,,40.38,43.1,43.1,58.06,46.51,58.06,46.51,52.75,,57.35,60.61,53.26,,64.37,,,,60.61,60.61,,60.61,60.61,44.02,66.59,60.61,58.06,58.06,,,,,50.95,43.1,43.1,43.1,43.1,43.1,13.44,46.51,53.18,52.11,43.1,43.1,43.1,43.1,60.61,51.02,,,,,,
2019-11-28 09:00:00+01:00,,50.97,,46.72,58.96,49.09,,50.73,,39.34,42.73,42.73,42.73,46.72,42.73,46.72,53.76,,55.47,56.99,52.91,,70.38,,,,56.99,56.99,,56.99,56.99,3.0,61.0,56.99,42.73,42.73,,,,,51.93,42.73,42.73,42.73,42.73,42.73,13.43,46.72,52.83,50.33,42.73,42.73,42.73,42.73,56.99,50.73,,,,,,
2019-11-28 10:00:00+01:00,,50.95,,45.09,56.04,48.18,,48.0,,38.52,42.8,42.8,42.8,45.09,42.8,45.09,50.78,,54.75,54.88,51.56,,71.44,,,,54.88,54.88,,54.88,54.88,0.0,54.88,54.88,42.8,42.8,,,,,49.05,42.8,42.8,42.8,42.8,42.8,13.36,45.09,51.48,49.05,42.8,42.8,42.8,42.8,54.88,48.0,,,,,,
2019-11-28 11:00:00+01:00,,50.98,,44.21,45.96,46.67,,46.64,,38.16,42.52,42.52,42.52,44.21,42.52,44.21,51.0,,52.12,53.7,50.53,,71.44,,,,53.7,53.7,,53.7,53.7,0.0,53.7,53.7,42.52,42.52,,,,,49.27,42.52,42.52,42.52,42.52,42.52,13.45,44.21,50.45,48.37,42.52,42.52,42.52,42.52,53.7,46.64,,,,,,
2019-11-28 12:00:00+01:00,,51.8,,43.99,45.99,45.57,,49.35,,35.44,43.29,43.29,43.29,43.99,43.29,43.99,49.31,,48.25,51.8,50.04,,70.52,,,,51.8,51.8,,51.8,51.8,0.0,51.8,51.8,43.29,43.29,,,,,47.2,43.29,43.29,43.29,43.29,43.29,12.92,43.99,49.96,47.77,43.29,43.29,43.29,43.29,51.8,49.35,,,,,,
2019-11-28 13:00:00+01:00,,52.49,,44.77,52.53,45.53,,50.0,,35.24,43.02,43.02,54.93,44.21,54.93,44.21,52.81,,51.09,52.49,50.0,,70.52,,,,52.49,52.49,,52.49,52.49,0.0,52.49,52.49,54.93,54.93,,,,,45.88,43.02,43.02,43.02,43.02,43.02,12.85,44.21,49.93,46.26,43.02,43.02,43.02,43.02,52.49,50.0,,,,,,
2019-11-28 14:00:00+01:00,,52.97,,43.62,55.08,46.74,,49.93,,35.7,42.43,42.43,54.94,43.21,54.94,43.21,54.93,,55.61,56.62,49.93,,70.38,,,,56.62,56.62,,56.62,56.62,0.0,56.62,56.62,54.94,54.94,,,,,44.3,42.43,42.43,42.43,42.43,42.43,12.73,43.21,49.86,48.03,42.43,42.43,42.43,42.43,56.62,49.93,,,,,,
2019-11-28 15:00:00+01:00,,52.97,,46.74,56.37,48.67,,51.91,,36.23,42.08,42.08,55.44,43.8,55.44,43.8,53.72,,53.77,60.81,51.91,,70.38,,,,60.81,60.81,,60.81,60.81,0.0,60.81,60.81,55.44,55.44,,,,,47.39,42.08,42.08,42.08,42.08,42.08,12.83,43.8,51.84,48.73,42.08,42.08,42.08,42.08,60.81,51.91,,,,,,
2019-11-28 16:00:00+01:00,,51.95,,47.2,50.19,49.87,,55.2,,38.05,42.07,42.07,56.53,44.8,56.53,44.8,51.17,,57.88,68.23,60.04,,71.44,,,,68.23,68.23,,68.23,68.23,45.02,68.23,68.23,56.53,56.53,,,,,47.7,42.07,42.07,42.07,42.07,42.07,13.09,44.8,59.96,55.47,42.07,42.07,42.07,42.07,68.23,55.2,,,,,,
2019-11-28 17:00:00+01:00,,52.09,,50.87,54.99,50.65,,51.66,,40.43,42.01,42.01,54.34,50.87,54.34,50.87,71.91,,58.65,74.53,60.98,,105.0,,,,74.53,74.53,,74.53,74.53,74.53,84.59,74.53,54.34,54.34,,,,,60.0,42.01,42.01,42.01,42.01,42.01,13.01,50.87,60.89,59.69,42.01,42.01,42.01,42.01,74.53,51.66,,,,,,
2019-11-28 18:00:00+01:00,,52.93,,55.35,45.96,53.8,,50.48,,40.58,41.58,41.58,53.61,54.0,53.61,54.0,82.15,,58.5,70.85,55.14,,140.0,,,,70.85,70.85,,70.85,70.85,70.85,84.59,70.85,53.61,53.61,,,,,56.1,41.58,41.58,41.58,41.58,41.58,12.72,54.0,55.06,54.37,41.58,41.58,41.58,41.58,70.85,50.48,,,,,,
2019-11-28 19:00:00+01:00,,51.96,,59.79,54.95,53.73,,52.24,,39.95,40.93,40.93,40.93,55.37,40.93,55.37,68.06,,55.59,57.18,54.34,,115.05,,,,70.0,70.0,,60.2,70.0,70.0,84.59,70.0,40.93,40.93,,,,,54.5,40.93,40.93,40.93,40.93,40.93,12.64,55.37,54.26,51.31,40.93,40.93,40.93,40.93,57.18,52.24,,,,,,
2019-11-28 20:00:00+01:00,,51.09,,57.96,50.98,51.28,,45.53,,36.16,40.43,40.43,40.43,51.9,40.43,51.9,61.72,,55.12,51.09,45.53,,83.23,,,,57.23,57.23,,57.23,57.23,57.23,84.59,57.23,40.43,40.43,,,,,59.64,40.43,40.43,40.43,40.43,40.43,11.93,51.9,45.47,48.36,40.43,40.43,40.43,40.43,51.09,45.53,,,,,,
2019-11-28 21:00:00+01:00,,40.01,,54.19,50.52,46.53,,39.49,,30.9,39.88,39.88,39.88,46.76,39.88,46.76,55.86,,48.57,40.01,39.49,,70.38,,,,51.14,51.14,,51.14,51.14,51.14,51.14,51.14,39.88,39.88,,,,,49.9,40.19,40.19,39.88,39.88,40.19,10.55,46.76,39.44,40.09,39.88,39.88,39.88,39.88,40.01,39.49,,,,,,
2019-11-28 22:00:00+01:00,,35.17,,52.22,46.78,45.05,,30.6,,28.46,28.46,28.46,37.79,45.03,37.79,45.03,53.82,,39.47,35.17,36.88,,67.0,,,,47.56,47.56,,47.56,47.56,47.56,47.56,47.56,37.79,37.79,,,,,44.49,40.1,40.1,37.79,37.79,40.1,10.78,45.03,36.83,35.02,37.79,37.79,37.79,37.79,35.17,30.6,,,,,,
2019-11-28 23:00:00+01:00,,32.67,,50.13,22.54,42.08,,24.32,,25.17,25.17,25.17,34.89,43.8,34.89,43.8,51.68,,51.0,32.67,30.09,,54.0,,,,43.8,43.8,,43.8,43.8,43.8,43.8,43.8,34.89,34.89,,,,,40.72,39.42,39.42,35.08,34.89,39.42,10.37,43.8,30.06,30.54,34.89,34.89,34.89,34.89,32.67,24.32,,,,,,
2019-11-29 00:00:00+01:00,,30.63,,43.8,22.51,40.51,,26.42,,23.95,23.95,23.95,34.87,40.12,34.87,40.12,45.29,,34.9,30.63,26.42,,50.73,,,,40.12,40.12,,40.12,40.12,40.12,40.12,40.12,34.87,34.87,,,,,41.57,40.24,40.24,34.87,34.87,40.51,8.07,40.12,26.4,25.11,34.87,34.87,34.87,34.87,30.63,26.42,,,,,,
2019-11-29 01:00:00+01:00,,27.01,,44.17,22.5,35.47,,23.28,,21.27,21.27,21.27,34.08,36.3,34.08,36.3,45.74,,23.0,27.01,23.28,,46.89,,,,36.3,35.0,,36.3,35.0,35.0,35.0,35.0,34.08,34.08,,,,,37.74,38.99,38.99,34.08,34.08,40.44,7.89,36.3,23.27,22.56,34.08,34.08,34.08,34.08,27.01,23.28,,,,,,
2019-11-29 02:00:00+01:00,,19.34,,39.15,8.01,32.09,,18.68,,11.79,11.79,11.79,30.08,33.17,30.08,33.17,46.84,,19.72,19.34,18.68,,48.02,,,,33.17,31.99,,33.17,31.99,31.99,31.99,31.99,30.08,30.08,,,,,37.39,38.62,38.62,33.8,33.8,40.43,6.97,33.17,18.67,17.07,30.08,30.08,30.08,30.08,19.34,18.68,,,,,,
2019-11-29 03:00:00+01:00,,20.58,,37.49,13.44,29.7,,18.85,,14.2,14.2,14.2,30.68,33.14,30.68,29.83,45.29,,20.22,20.58,18.85,,46.43,,,,29.8,29.8,,29.83,29.8,29.8,29.8,29.8,30.68,30.68,,,,,37.49,38.72,38.72,33.69,33.69,40.42,7.11,33.14,18.84,16.77,30.68,30.68,30.68,30.68,20.58,18.85,,,,,,
2019-11-29 04:00:00+01:00,,29.98,,36.4,22.53,30.87,,24.06,,27.56,27.56,27.56,34.27,33.5,34.27,33.5,44.0,,30.24,29.98,24.06,,45.11,,,,32.01,32.01,,33.5,32.01,32.01,32.01,32.01,34.27,34.27,,,,,37.3,38.53,38.53,34.27,34.27,40.46,7.94,33.5,24.05,21.82,34.27,34.27,34.27,34.27,29.98,24.06,,,,,,
2019-11-29 05:00:00+01:00,,32.03,,42.9,40.72,38.61,,32.1,,27.5,27.5,27.5,40.79,38.7,40.79,38.7,44.0,,39.25,32.03,32.1,,45.11,,,,38.7,38.7,,38.7,38.7,38.7,38.7,38.7,40.79,40.79,,,,,36.5,39.87,39.87,38.89,38.89,40.24,9.01,38.7,32.08,29.02,38.89,38.89,38.89,38.89,32.03,32.1,,,,,,
2019-11-29 06:00:00+01:00,,42.43,,46.31,51.09,46.97,,42.92,,39.86,39.86,39.86,51.71,46.31,51.71,46.31,47.36,,56.99,42.43,42.92,,48.55,,,,47.1,47.1,,47.1,47.1,47.1,47.1,47.1,51.71,51.71,,,,,44.35,40.84,40.84,40.84,40.84,40.84,11.98,46.31,42.89,42.39,40.84,40.84,40.84,40.84,42.43,42.92,,,,,,
2019-11-29 07:00:00+01:00,,48.06,,55.7,56.94,54.05,,49.63,,45.08,45.08,45.08,53.91,52.19,53.91,52.19,56.35,,60.78,48.06,49.63,,56.31,,,,53.78,53.78,,53.78,53.78,53.78,53.78,53.78,53.91,53.91,,,,,54.71,42.02,42.02,42.02,42.02,42.02,12.49,52.19,49.6,45.87,42.02,42.02,42.02,42.02,48.06,49.63,,,,,,
2019-11-29 08:00:00+01:00,,48.96,,56.72,56.94,54.61,,50.34,,45.89,45.89,45.89,54.94,52.64,54.94,53.01,58.18,,62.94,48.96,50.34,,61.1,,,,54.27,54.27,,54.27,54.27,54.27,54.27,54.27,54.94,54.94,,,,,56.49,42.49,42.49,42.49,42.49,42.49,12.73,52.64,50.31,49.47,42.49,42.49,42.49,42.49,48.96,50.34,,,,,,
2019-11-29 09:00:00+01:00,,47.41,,59.43,46.86,53.85,,49.3,,42.69,42.69,42.69,43.74,53.63,43.74,53.63,61.22,,59.93,47.41,49.3,,64.28,,,,53.63,53.63,,53.63,53.63,53.63,53.63,53.63,43.74,43.74,,,,,59.43,42.62,42.62,42.62,42.62,42.62,12.3,53.63,49.27,48.08,42.62,42.62,42.62,42.62,47.41,49.3,,,,,,
2019-11-29 10:00:00+01:00,,46.82,,57.94,43.55,54.07,,49.11,,42.42,42.42,42.42,42.42,52.64,42.42,52.64,65.12,,56.83,46.82,49.11,,68.39,,,,52.64,46.15,,52.64,46.15,46.15,46.15,46.15,42.42,42.42,,,,,57.94,42.42,42.42,42.42,42.42,42.42,12.19,52.64,49.08,46.86,42.42,42.42,42.42,42.42,46.82,49.11,,,,,,
2019-11-29 11:00:00+01:00,,46.18,,56.04,42.57,53.94,,48.47,,42.29,42.29,42.29,42.29,52.35,42.29,52.35,57.47,,54.54,46.18,48.47,,61.0,,,,52.35,45.3,,52.35,45.3,45.3,45.3,45.3,42.29,42.29,,,,,50.0,42.29,42.29,42.29,42.29,42.29,12.28,52.35,48.44,45.43,42.29,42.29,42.29,42.29,46.18,48.47,,,,,,
2019-11-29 12:00:00+01:00,,44.2,,51.29,44.85,53.03,,47.89,,41.65,41.65,41.65,43.77,50.53,43.77,50.53,53.51,,49.69,44.2,47.89,,58.83,,,,50.53,45.25,,50.53,45.25,45.25,45.25,45.25,43.77,43.77,,,,,41.65,41.65,41.65,41.65,41.65,41.65,12.2,50.53,47.86,45.38,41.65,41.65,41.65,41.65,44.2,47.89,,,,,,
2019-11-29 13:00:00+01:00,,44.89,,51.43,46.95,53.0,,47.92,,42.22,42.22,42.22,53.15,49.92,53.15,49.92,52.76,,50.36,44.89,47.92,,58.87,,,,49.92,45.25,,49.92,45.25,44.7,45.25,45.25,53.15,53.15,,,,,43.62,42.22,42.22,42.22,42.22,42.22,12.32,49.92,47.89,45.41,42.22,42.22,42.22,42.22,44.89,47.92,,,,,,
2019-11-29 14:00:00+01:00,,48.47,,47.91,53.96,53.33,,47.29,,47.91,42.48,42.48,52.58,50.17,52.58,50.17,51.86,,55.69,48.47,47.29,,57.74,,,,51.7,51.7,,51.7,51.7,51.7,51.7,51.7,52.58,52.58,,,,,47.91,42.48,42.48,42.48,42.48,42.48,12.19,50.17,47.27,45.03,42.48,42.48,42.48,42.48,48.47,47.29,,,,,,
2019-11-29 15:00:00+01:00,,51.04,,51.04,56.82,53.47,,49.79,,51.04,47.56,47.56,53.96,51.04,53.96,51.04,55.35,,58.56,51.04,49.79,,58.12,,,,54.7,54.7,,54.7,54.7,54.7,54.7,54.7,53.96,53.96,,,,,51.04,42.81,42.81,42.81,42.81,42.81,12.51,51.04,49.77,48.86,42.81,42.81,42.81,42.81,51.04,49.79,,,,,,
2019-11-29 16:00:00+01:00,,52.14,,52.14,48.8,54.12,,52.9,,52.14,43.91,43.91,55.04,52.14,55.04,52.14,59.89,,67.25,52.14,52.9,,61.8,,,,60.91,60.91,,60.91,60.91,60.91,71.92,60.91,55.04,55.04,,,,,52.14,43.91,43.91,43.0,43.0,43.91,12.89,52.14,52.87,53.38,43.0,43.0,43.91,43.91,52.14,52.9,,,,,,
2019-11-29 17:00:00+01:00,,54.06,,54.11,53.41,56.52,,56.14,,54.05,52.75,52.75,54.0,54.09,54.0,54.09,83.31,,82.59,54.06,56.14,,85.0,,,,65.45,65.45,,65.45,65.45,65.45,97.27,65.45,54.0,54.0,,,,,54.13,45.02,45.02,42.81,42.81,45.02,13.17,54.09,56.11,57.35,42.81,42.81,45.02,52.75,54.06,56.14,,,,,,
2019-11-29 18:00:00+01:00,,55.7,,57.47,46.96,55.69,,54.01,,55.36,54.03,54.03,54.03,56.53,54.03,56.53,93.87,,82.69,55.7,54.01,,96.23,,,,60.81,60.81,,60.81,60.81,60.81,97.27,60.81,54.03,54.03,,,,,54.03,44.19,44.19,42.64,42.64,44.19,12.55,56.53,53.98,54.72,42.64,42.64,44.19,54.03,55.7,54.01,,,,,,
2019-11-29 19:00:00+01:00,,53.97,,58.23,45.85,54.08,,52.47,,53.11,49.13,49.13,43.43,56.13,43.43,56.13,74.04,,83.0,53.97,52.47,,77.48,,,,56.63,56.63,,56.63,56.63,56.63,102.27,56.63,43.43,43.43,,,,,49.13,43.43,43.43,42.32,42.32,43.43,12.37,56.13,52.44,52.08,42.32,42.32,43.43,43.43,53.97,52.47,,,,,,
2019-11-29 20:00:00+01:00,,52.3,,53.84,44.27,54.06,,49.58,,52.01,42.27,42.27,42.27,53.05,42.27,53.05,66.28,,65.56,52.3,49.58,,63.24,,,,53.05,53.05,,53.05,53.05,53.05,71.92,53.05,42.27,42.27,,,,,50.61,42.27,42.27,42.01,42.01,42.27,11.99,53.05,49.56,49.86,42.01,42.01,42.27,42.27,52.3,49.58,,,,,,
2019-11-29 21:00:00+01:00,,47.25,,51.71,36.91,52.44,,45.01,,46.44,41.41,41.41,41.41,49.27,41.41,49.27,59.84,,60.19,47.25,45.01,,58.49,,,,50.0,50.0,,50.0,50.0,50.0,84.27,50.0,41.41,41.41,,,,,42.78,41.41,41.41,41.41,41.41,41.41,10.43,49.27,44.99,42.96,41.41,41.41,41.41,41.41,47.25,45.01,,,,,,
2019-11-29 22:00:00+01:00,,43.85,,53.03,34.98,49.28,,41.53,,42.24,42.24,40.38,40.38,48.0,40.38,48.0,56.38,,56.65,43.85,41.53,,55.1,,,,48.0,48.0,,48.0,48.0,48.0,48.0,48.0,40.38,40.38,,,,,42.24,40.94,40.94,40.38,40.38,40.94,10.75,48.0,41.51,41.28,40.38,40.38,40.38,40.38,43.85,41.53,,,,,,
2019-11-29 23:00:00+01:00,,41.11,,49.55,32.95,47.16,,37.32,,39.28,39.28,38.33,38.33,45.15,38.33,45.15,50.83,,67.39,41.11,37.32,,48.5,,,,45.15,45.15,,45.15,45.15,45.15,45.15,45.15,38.33,38.33,,,,,39.28,40.57,40.57,38.33,38.33,40.57,10.21,45.15,37.3,37.08,38.33,38.33,38.33,38.33,41.11,37.32,,,,,,
2019-11-30 00:00:00+01:00,,38.02,,50.32,33.93,44.16,,37.6,,36.29,36.29,35.65,35.65,43.0,35.65,43.0,51.76,,46.13,38.02,37.6,,50.44,,,,43.59,43.59,,43.59,43.59,43.59,43.59,43.59,35.65,35.65,,,,,36.29,40.44,40.44,35.65,35.65,40.44,10.65,43.0,31.91,37.52,35.65,35.65,35.65,35.65,38.02,37.6,,,,,,
2019-11-30 01:00:00+01:00,,36.79,,39.42,38.99,40.16,,36.28,,35.96,35.96,35.54,35.54,38.05,35.54,38.05,49.28,,41.1,36.79,36.28,,45.69,,,,38.05,38.05,,38.05,38.05,38.05,38.05,38.05,35.54,35.54,,,,,38.79,40.07,40.07,35.54,35.54,40.27,9.49,38.05,29.98,36.02,35.54,35.54,35.54,35.54,36.79,36.28,,,,,,
2019-11-30 02:00:00+01:00,,36.1,,36.32,38.34,38.29,,35.47,,35.99,35.99,35.22,35.22,36.22,35.22,36.22,51.86,,39.0,36.1,35.47,,40.0,,,,36.22,36.22,,36.22,36.22,36.22,36.22,36.22,35.22,35.22,,,,,36.44,40.05,40.05,35.22,35.22,40.39,9.08,36.22,29.39,31.09,35.22,35.22,35.22,35.22,36.1,35.47,,,,,,
2019-11-30 03:00:00+01:00,,35.39,,35.39,30.55,35.82,,34.59,,35.39,35.39,35.34,35.34,35.39,35.34,35.39,48.11,,35.79,35.39,34.59,,36.0,,,,35.39,35.39,,35.39,35.39,35.39,35.39,35.39,35.34,35.34,,,,,35.39,40.0,40.0,35.34,35.34,40.37,8.96,35.39,28.17,29.98,35.34,35.34,35.34,35.34,35.39,34.59,,,,,,
2019-11-30 04:00:00+01:00,,35.39,,35.39,28.96,35.23,,34.72,,35.39,35.39,35.39,35.39,35.39,35.39,35.39,45.69,,35.0,35.39,34.72,,33.61,,,,35.39,35.39,,35.39,35.39,35.39,35.39,35.39,35.39,35.39,,,,,35.39,40.02,40.02,35.39,35.39,40.37,9.81,35.39,28.29,31.04,35.39,35.39,35.39,35.39,35.39,34.72,,,,,,
2019-11-30 05:00:00+01:00,,36.03,,36.03,28.5,37.65,,36.12,,36.03,36.03,36.03,36.03,36.03,36.03,36.03,41.41,,40.71,36.03,36.12,,33.0,,,,36.03,36.03,,36.03,36.03,36.03,36.03,36.03,36.03,36.03,,,,,36.03,39.99,39.99,36.03,36.03,40.39,10.41,36.03,36.1,31.59,36.03,36.03,36.03,36.03,36.03,36.12,,,,,,
2019-11-30 06:00:00+01:00,,36.56,,36.56,32.97,41.89,,37.2,,36.56,36.56,36.56,36.56,36.56,36.56,36.56,43.42,,44.02,36.56,37.2,,33.0,,,,45.83,45.83,,45.83,45.83,45.83,45.83,45.83,36.56,36.56,,,,,36.56,39.86,39.86,36.56,36.56,40.36,10.97,36.56,37.18,36.84,36.56,36.56,36.56,36.56,36.56,37.2,,,,,,
2019-11-30 07:00:00+01:00,,39.55,,41.01,37.02,43.19,,40.92,,39.07,39.07,39.07,39.07,40.39,39.07,40.39,46.29,,55.54,39.55,40.92,,33.0,,,,52.5,52.5,,52.5,52.5,52.5,52.5,52.5,39.07,39.07,,,,,44.08,40.64,40.64,39.07,39.07,40.64,10.99,40.39,40.9,40.06,39.07,39.07,39.07,39.07,39.55,40.92,,,,,,
2019-11-30 08:00:00+01:00,,42.29,,42.29,45.97,46.4,,43.7,,42.29,42.29,41.03,41.03,40.0,41.03,42.29,44.24,,56.02,42.29,43.7,,40.0,,,,57.0,57.0,,57.0,57.0,57.0,57.0,57.0,41.03,41.03,,,,,42.29,41.03,41.03,39.95,39.95,41.03,11.24,40.0,43.68,42.92,39.95,39.95,41.03,41.03,42.29,43.7,,,,,,
2019-11-30 09:00:00+01:00,,45.35,,45.35,50.97,47.71,,45.7,,45.35,45.35,45.35,41.74,45.35,41.74,45.35,51.51,,56.19,45.35,45.7,,42.21,,,,51.73,51.73,,51.73,51.73,51.73,51.73,51.73,41.74,41.74,,,,,45.35,41.74,41.74,40.0,40.0,41.74,13.14,45.35,45.68,44.96,40.0,40.0,41.74,41.74,45.35,45.7,,,,,,
2019-11-30 10:00:00+01:00,,44.0,,44.0,50.3,46.51,,44.5,,44.0,44.0,44.0,42.09,44.0,42.09,44.0,64.54,,53.0,44.0,44.5,,43.44,,,,50.0,50.0,,50.0,50.0,50.0,50.0,50.0,42.09,42.09,,,,,44.0,42.09,42.09,39.99,39.99,42.09,13.67,44.0,44.48,44.0,39.99,39.99,42.09,42.09,44.0,44.5,,,,,,
2019-11-30 11:00:00+01:00,,42.7,,42.7,51.91,45.48,,44.22,,42.7,42.7,42.7,41.67,42.7,41.67,42.7,65.71,,52.03,42.7,44.22,,46.73,,,,46.73,46.73,,46.73,46.73,46.73,46.73,46.73,41.67,41.67,,,,,42.7,41.67,41.67,40.05,40.05,41.67,14.59,42.7,44.2,43.02,40.05,40.05,41.67,41.67,42.7,44.22,,,,,,
2019-11-30 12:00:00+01:00,,41.5,,41.5,49.85,44.92,,43.02,,41.5,41.5,41.5,41.3,41.5,41.3,41.5,62.07,,52.03,41.5,43.02,,53.5,,,,45.0,45.0,,45.0,45.0,45.0,45.0,45.0,41.3,41.3,,,,,41.5,41.3,41.3,39.98,39.98,41.3,13.97,41.5,43.0,42.65,39.98,39.98,41.3,41.3,41.5,43.02,,,,,,
2019-11-30 13:00:00+01:00,,40.77,,40.77,44.97,44.04,,42.76,,40.77,40.77,40.77,40.77,40.77,40.77,40.77,61.02,,52.03,40.77,42.76,,54.8,,,,44.0,44.0,,44.0,44.0,44.0,44.0,44.0,40.77,40.77,,,,,40.77,40.77,40.77,39.97,39.97,40.77,13.68,40.77,42.74,42.7,39.97,39.97,40.77,40.77,40.77,42.76,,,,,,
2019-11-30 14:00:00+01:00,,41.14,,41.14,45.99,44.25,,42.97,,41.14,41.14,41.14,41.14,41.14,41.14,41.14,60.56,,56.06,41.14,42.97,,57.61,,,,45.83,45.83,,45.17,45.83,45.83,45.83,45.83,41.14,41.14,,,,,41.14,41.14,41.14,39.98,39.98,41.14,13.21,41.14,42.95,43.0,39.98,39.98,41.14,41.14,41.14,42.97,,,,,,
2019-11-30 15:00:00+01:00,,43.02,,43.02,48.68,45.55,,45.05,,43.02,43.02,43.02,41.98,40.56,41.98,43.02,56.46,,56.08,43.02,45.05,,53.45,,,,60.81,60.81,,48.18,60.81,60.81,60.81,60.81,41.98,41.98,,,,,43.02,41.98,41.98,40.05,40.05,41.98,13.41,40.56,45.03,45.45,40.05,40.05,41.98,41.98,43.02,45.05,,,,,,
2019-11-30 16:00:00+01:00,,48.99,,47.0,52.96,49.08,,48.6,,48.99,48.76,48.76,46.07,41.59,46.07,46.04,53.74,,58.0,48.99,51.9,,52.37,,,,66.0,74.53,,50.0,74.53,74.53,83.12,74.53,46.07,46.07,,,,,48.76,46.07,46.07,40.09,40.09,46.07,14.61,41.59,51.88,50.64,40.09,40.09,46.07,46.07,48.99,48.6,,,,,,
2019-11-30 17:00:00+01:00,,52.9,,52.9,51.84,53.11,,53.05,,52.9,52.9,52.9,46.56,42.42,46.56,52.9,72.53,,62.45,52.9,55.04,,68.59,,,,77.65,77.65,,56.07,77.65,77.65,102.96,77.65,46.56,46.56,,,,,52.9,46.56,46.56,40.03,40.03,46.56,14.61,42.42,55.02,54.79,40.03,40.03,46.56,46.56,52.9,53.05,,,,,,
2019-11-30 18:00:00+01:00,,53.1,,53.1,49.94,54.25,,54.0,,53.1,53.1,53.1,45.65,49.75,45.65,53.1,82.15,,63.76,53.1,54.0,,80.05,,,,77.65,77.65,,54.4,77.65,77.65,102.96,77.65,45.65,45.65,,,,,53.1,45.65,45.65,39.96,39.96,45.65,13.42,49.75,51.88,53.87,39.96,39.96,45.65,45.65,53.1,54.0,,,,,,
2019-11-30 19:00:00+01:00,,50.01,,50.01,46.92,53.68,,52.62,,50.01,50.01,50.01,44.0,50.01,44.0,50.01,69.58,,62.67,50.01,52.62,,67.81,,,,79.75,79.75,,52.78,79.75,79.75,118.99,79.75,44.0,44.0,,,,,50.01,44.0,44.0,39.91,39.91,44.0,13.43,50.01,45.81,51.19,39.91,39.91,44.0,44.0,50.01,52.62,,,,,,
2019-11-30 20:00:00+01:00,,47.35,,47.35,39.99,50.0,,47.99,,47.35,47.35,47.35,42.87,47.35,42.87,47.35,64.83,,60.62,47.35,47.99,,63.18,,,,77.65,77.65,,50.0,77.65,77.65,102.96,77.65,42.87,42.87,,,,,47.35,42.87,42.87,39.72,39.72,42.87,12.47,47.35,37.23,49.32,39.72,39.72,42.87,42.87,47.35,47.99,,,,,,
2019-11-30 21:00:00+01:00,,42.42,,42.42,22.54,45.08,,43.0,,42.42,42.42,42.42,41.92,42.42,41.92,42.42,58.67,,57.9,42.42,43.0,,58.36,,,,74.71,74.71,,45.22,74.71,74.71,83.12,74.71,41.92,41.92,,,,,42.42,41.92,41.92,39.3,39.3,41.92,11.27,42.42,12.55,44.78,39.3,39.3,41.92,41.92,42.42,43.0,,,,,,
2019-11-30 22:00:00+01:00,,41.94,,41.94,22.53,45.17,,41.93,,41.94,41.94,41.94,41.32,41.94,41.32,41.94,55.5,,54.54,41.94,41.93,,56.73,,,,62.63,62.63,,45.8,62.63,62.63,83.12,62.63,41.32,41.32,,,,,41.94,41.32,41.32,39.18,39.18,41.32,10.82,41.94,0.21,43.03,39.18,39.18,41.32,41.32,41.94,41.93,,,,,,
2019-11-30 23:00:00+01:00,,40.13,,40.13,22.97,44.73,,39.01,,40.13,40.13,40.13,39.17,40.13,39.17,40.13,51.4,,67.02,40.13,39.01,,52.12,,,,51.0,51.0,,45.54,51.0,51.0,51.0,51.0,39.17,39.17,,,,,40.13,40.75,40.75,38.99,38.99,40.75,10.56,40.13,0.21,38.41,38.99,38.99,39.17,39.17,40.13,39.01,,,,,,
2019-12-01 00:00:00+01:00,,38.55,,38.55,22.55,43.18,,36.29,,38.55,38.55,38.55,38.5,38.55,38.5,38.55,56.32,,51.0,38.55,36.29,,57.64,,,,49.97,51.44,,45.08,51.44,51.44,51.44,51.44,38.5,38.5,,,,,38.55,39.82,39.82,38.5,38.5,39.82,9.66,38.55,19.04,33.02,38.5,38.5,38.5,38.5,38.55,36.29,,,,,,
2019-12-01 01:00:00+01:00,,37.07,,37.07,22.54,41.02,,35.94,,37.07,37.07,37.07,37.07,37.07,37.07,37.07,56.32,,46.1,37.07,35.94,,54.95,,,,46.44,46.44,,42.91,46.44,46.44,46.44,46.44,37.07,37.07,,,,,37.07,39.15,39.15,37.07,37.07,39.15,9.39,37.07,15.69,30.01,37.07,37.07,37.07,37.07,37.07,35.94,,,,,,
2019-12-01 02:00:00+01:00,,36.26,,36.26,22.54,38.19,,35.31,,36.26,36.26,36.26,36.26,36.26,36.26,36.26,50.46,,41.0,36.26,35.31,,51.64,,,,43.15,43.15,,40.0,43.15,43.15,43.15,43.15,36.26,36.26,,,,,36.26,39.09,39.09,36.26,36.26,39.09,9.37,36.26,15.69,27.94,36.26,36.26,36.26,36.26,36.26,35.31,,,,,,
2019-12-01 03:00:00+01:00,,35.93,,35.93,22.55,36.93,,34.67,,35.93,35.93,35.93,35.93,35.93,35.93,35.93,46.12,,41.0,35.93,34.67,,47.19,,,,41.19,41.19,,36.63,41.19,41.19,41.19,41.19,35.93,35.93,,,,,35.93,39.06,39.06,35.93,35.93,39.06,8.97,35.93,16.74,25.6,35.93,35.93,35.93,35.93,35.93,34.67,,,,,,
2019-12-01 04:00:00+01:00,,35.86,,35.86,22.99,36.41,,34.49,,35.86,35.86,35.86,35.86,35.86,35.86,35.86,42.02,,41.0,35.86,34.49,,43.0,,,,41.18,41.18,,35.86,41.18,41.18,41.18,41.18,35.86,35.86,,,,,35.86,39.07,39.07,35.86,35.86,39.07,9.37,35.86,24.27,28.04,35.86,35.86,35.86,35.86,35.86,34.49,,,,,,
2019-12-01 05:00:00+01:00,,35.92,,35.92,26.03,37.07,,34.97,,35.92,35.92,35.92,35.92,35.92,35.92,35.92,41.07,,40.9,35.92,34.97,,42.03,,,,41.19,41.19,,38.12,41.19,41.19,41.19,41.19,35.92,35.92,,,,,35.92,39.1,39.1,35.92,35.92,39.1,9.69,35.92,34.95,29.69,35.92,35.92,35.92,35.92,35.92,34.97,,,,,,
2019-12-01 06:00:00+01:00,,36.13,,36.13,22.53,38.72,,35.05,,36.13,36.13,36.13,36.13,36.13,36.13,36.13,40.59,,39.48,36.13,35.05,,41.54,,,,43.15,43.15,,43.15,43.15,43.15,43.15,43.15,36.13,36.13,,,,,36.13,39.1,39.1,36.13,36.13,39.1,9.95,36.13,23.69,31.06,36.13,36.13,36.13,36.13,36.13,35.05,,,,,,
2019-12-01 07:00:00+01:00,,37.04,,37.04,32.88,42.01,,35.94,,37.04,37.04,37.14,37.14,37.04,37.14,37.04,41.89,,44.5,37.04,35.94,,42.87,,,,44.01,44.01,,43.58,44.01,44.01,44.01,44.01,37.14,37.14,,,,,37.04,39.2,39.2,37.14,37.14,39.2,9.3,37.04,22.8,33.08,37.14,37.14,37.14,37.14,37.04,35.94,,,,,,
2019-12-01 08:00:00+01:00,,38.74,,38.74,37.08,43.74,,38.25,,38.74,38.74,38.74,38.74,38.74,38.74,38.74,39.97,,49.0,38.74,38.25,,41.65,,,,46.44,46.44,,44.5,46.44,46.44,46.44,46.44,38.74,38.74,,,,,38.74,40.02,40.02,38.74,38.74,40.02,10.48,38.74,30.96,37.06,38.74,38.74,38.74,38.74,38.74,38.25,,,,,,
2019-12-01 09:00:00+01:00,,42.12,,42.12,36.88,45.1,,41.2,,42.12,42.12,42.12,41.11,42.12,41.11,42.12,43.46,,48.0,42.12,41.2,,44.48,,,,46.44,46.44,,46.44,46.44,46.44,46.44,46.44,41.11,41.11,,,,,42.12,41.11,41.11,39.61,39.61,41.11,10.76,42.12,34.39,40.57,39.61,39.61,41.11,41.11,42.12,41.2,,,,,,
2019-12-01 10:00:00+01:00,,44.77,,44.77,38.94,46.22,,42.18,,44.77,44.77,44.77,43.11,44.77,43.11,44.77,52.8,,50.32,44.77,42.18,,54.04,,,,46.44,46.44,,46.44,46.44,46.44,46.44,46.44,43.11,43.11,,,,,44.77,43.11,43.11,39.71,39.71,43.11,10.73,44.77,35.43,42.05,39.71,39.71,43.11,43.11,44.77,42.18,,,,,,
2019-12-01 11:00:00+01:00,,48.0,,48.0,41.37,47.1,,43.58,,48.0,48.0,48.0,43.33,48.0,43.33,48.0,52.92,,50.98,48.0,43.58,,55.48,,,,48.0,48.0,,48.0,48.0,48.0,48.0,48.0,43.33,43.33,,,,,48.0,43.33,43.33,39.86,39.86,43.33,11.08,48.0,37.24,44.85,39.86,39.86,43.33,43.33,48.0,43.58,,,,,,
2019-12-01 12:00:00+01:00,,48.15,,48.15,44.4,46.61,,43.5,,48.15,48.15,48.15,43.16,48.15,43.16,48.15,52.98,,48.0,48.15,43.5,,55.54,,,,48.15,48.15,,48.15,48.15,48.15,48.15,48.15,43.16,43.16,,,,,48.15,43.16,43.16,39.75,39.75,43.16,11.04,48.15,38.61,45.02,39.75,39.75,43.16,43.16,48.15,43.5,,,,,,
2019-12-01 13:00:00+01:00,,45.76,,45.76,44.47,45.88,,42.38,,45.76,45.76,45.76,42.87,45.76,42.87,45.76,55.62,,45.0,45.76,42.38,,58.31,,,,45.76,45.76,,45.76,45.76,45.76,45.76,45.76,42.87,42.87,,,,,45.76,42.87,42.87,39.8,39.8,42.87,10.91,45.76,37.25,43.88,39.8,39.8,42.87,42.87,45.76,42.38,,,,,,
2019-12-01 14:00:00+01:00,,44.7,,44.7,48.92,45.84,,42.9,,44.7,44.7,44.7,43.14,44.7,43.14,44.7,56.6,,55.61,44.7,42.9,,59.32,,,,45.84,45.84,,45.84,45.84,45.84,45.84,45.84,43.14,43.14,,,,,44.7,43.14,43.14,39.77,39.77,43.14,10.64,44.7,42.88,42.76,39.77,39.77,43.14,43.14,44.7,42.9,,,,,,
2019-12-01 15:00:00+01:00,,44.98,,44.98,52.87,47.56,,44.16,,44.98,44.98,44.98,43.54,44.98,43.54,44.98,52.46,,58.5,44.98,44.16,,55.0,,,,46.02,46.02,,44.98,46.02,46.02,46.02,46.02,43.54,43.54,,,,,44.98,43.54,43.54,39.87,39.87,43.54,10.96,44.98,44.14,45.26,39.87,39.87,43.54,43.54,44.98,44.16,,,,,,
2019-12-01 16:00:00+01:00,,47.79,,47.79,63.92,49.08,,48.76,,47.79,47.79,47.79,45.09,47.79,45.09,47.79,58.67,,58.98,47.79,50.25,,61.51,,,,48.97,48.97,,47.79,48.97,48.97,48.97,48.97,45.09,45.09,,,,,47.79,45.09,45.09,39.79,39.79,45.09,11.29,47.79,50.23,52.44,39.79,39.79,45.09,45.09,47.79,48.76,,,,,,
2019-12-01 17:00:00+01:00,,50.45,,50.45,63.91,52.7,,52.8,,50.45,50.45,50.45,44.12,50.45,44.12,50.45,73.73,,69.16,50.45,53.98,,77.28,,,,60.51,60.51,,50.45,60.51,60.51,60.51,60.51,44.12,44.12,,,,,50.45,44.12,44.12,40.13,40.13,44.12,11.56,50.45,53.97,54.68,40.13,40.13,44.12,44.12,50.45,52.8,,,,,,
2019-12-01 18:00:00+01:00,,52.4,,52.4,63.13,53.6,,53.81,,52.4,52.4,52.4,43.18,52.4,43.18,52.4,87.66,,63.47,52.4,53.81,,136.96,,,,60.61,60.61,,52.4,60.61,60.61,60.61,60.61,43.18,43.18,,,,,52.4,43.18,43.18,41.57,41.57,43.18,11.61,52.4,53.79,54.12,41.57,41.57,43.18,43.18,52.4,53.81,,,,,,
2019-12-01 19:00:00+01:00,,50.64,,51.38,63.07,52.69,,52.0,,50.64,50.1,50.1,42.19,51.13,42.19,51.13,68.3,,58.99,50.64,52.0,,115.0,,,,60.81,60.81,,52.53,60.81,60.81,60.81,60.81,42.19,42.19,,,,,50.1,42.19,42.19,42.19,42.19,42.19,11.25,51.13,51.98,54.02,42.19,42.19,42.19,42.19,50.64,52.0,,,,,,
2019-12-01 20:00:00+01:00,,47.74,,51.63,61.91,51.18,,49.7,,46.84,43.5,43.5,41.61,50.0,41.61,50.0,57.62,,66.45,47.74,49.7,,76.0,,,,60.71,60.71,,50.0,60.71,60.71,60.71,60.71,41.61,41.61,,,,,43.5,41.61,41.61,41.61,41.61,41.61,11.05,50.0,49.68,52.41,41.61,41.61,41.61,41.61,47.74,49.7,,,,,,
2019-12-01 21:00:00+01:00,,43.33,,42.07,53.93,48.92,,44.1,,42.92,42.07,42.07,40.41,48.33,40.41,44.65,53.98,,61.0,43.33,44.1,,56.58,,,,58.0,58.0,,50.0,58.0,58.0,58.0,58.0,40.41,40.41,,,,,42.07,40.72,40.72,40.41,40.41,40.72,10.72,48.33,44.09,47.5,40.41,40.41,40.41,40.41,43.33,44.1,,,,,,
2019-12-01 22:00:00+01:00,,41.25,,39.9,50.64,46.14,,42.6,,39.9,39.9,39.9,38.94,46.13,38.94,46.13,47.27,,66.65,41.25,42.6,,56.0,,,,46.85,46.85,,46.14,46.85,46.85,46.85,46.85,38.94,38.94,,,,,39.9,40.24,40.24,38.94,38.94,40.24,10.52,46.13,42.59,42.23,38.94,38.94,38.94,38.94,41.25,42.6,,,,,,
2019-12-01 23:00:00+01:00,,38.88,,37.83,48.93,44.02,,38.97,,37.83,37.83,37.83,36.93,42.68,36.93,42.68,41.73,,58.96,38.88,38.97,,49.4,,,,43.18,43.18,,43.18,43.18,43.18,43.18,43.18,36.93,36.93,,,,,37.83,39.56,39.56,36.93,36.93,39.56,9.24,42.68,34.39,38.08,36.93,36.93,36.93,36.93,38.88,38.97,,,,,,
2019-12-02 00:00:00+01:00,,37.44,,36.03,42.56,43.23,,36.79,,36.03,36.03,36.03,36.03,42.7,36.03,42.7,44.61,,58.57,37.44,36.79,,52.65,,,,42.7,42.7,,42.7,42.7,42.7,42.7,42.7,36.03,36.03,,,,,36.03,39.25,39.25,36.03,36.03,39.25,10.49,42.7,36.78,34.97,36.03,36.03,36.03,36.03,37.44,36.79,,,,,,
2019-12-02 01:00:00+01:00,,37.02,,37.44,39.9,40.74,,35.08,,36.93,36.93,36.21,36.21,37.22,36.21,37.22,46.34,,58.51,37.02,35.08,,48.58,,,,37.22,37.22,,37.22,37.22,37.22,37.22,37.22,36.21,36.21,,,,,36.93,39.11,39.11,36.21,36.21,39.11,9.88,37.22,35.07,33.08,36.21,36.21,36.21,36.21,37.02,35.08,,,,,,
2019-12-02 02:00:00+01:00,,35.4,,35.4,30.5,37.98,,32.86,,35.4,35.4,35.4,35.4,35.4,35.4,35.4,48.76,,56.89,35.4,32.86,,51.11,,,,35.4,35.4,,35.4,35.4,35.4,35.4,35.4,35.4,35.4,,,,,35.4,39.01,39.01,35.4,35.4,39.01,9.41,35.4,32.85,31.2,35.4,35.4,35.4,35.4,35.4,32.86,,,,,,
2019-12-02 03:00:00+01:00,,34.46,,34.46,35.26,37.15,,32.45,,34.46,34.46,34.46,34.46,34.46,34.46,34.46,43.38,,53.9,34.46,32.45,,45.47,,,,34.46,34.46,,34.46,34.46,34.46,34.46,34.46,34.46,34.46,,,,,34.46,38.9,38.9,34.46,34.46,38.9,9.07,34.46,32.44,30.37,34.46,34.46,34.46,34.46,34.46,32.45,,,,,,
2019-12-02 04:00:00+01:00,,35.4,,35.4,42.98,37.37,,33.87,,35.4,35.4,35.88,35.88,35.4,35.88,35.4,42.27,,53.9,35.4,33.87,,44.31,,,,35.4,35.4,,35.4,35.4,35.4,35.4,35.4,35.88,35.88,,,,,35.4,38.95,38.95,35.88,35.88,38.95,9.56,35.4,33.86,31.28,35.88,35.88,35.88,35.88,35.4,33.87,,,,,,
2019-12-02 05:00:00+01:00,,36.3,,36.3,50.16,42.1,,37.14,,36.3,36.3,39.92,39.92,36.3,39.92,36.3,40.08,,60.57,36.3,37.14,,42.01,,,,39.15,39.15,,39.15,39.15,39.15,39.15,39.15,39.92,39.92,,,,,36.3,40.01,40.01,39.92,39.92,40.01,10.14,36.3,37.13,35.05,39.92,39.92,39.92,39.92,36.3,37.14,,,,,,
2019-12-02 06:00:00+01:00,,44.85,,44.91,56.29,50.08,,45.0,,44.84,44.72,43.76,53.9,40.2,53.9,44.88,46.14,,61.3,44.85,45.0,,48.37,,,,49.23,49.23,,49.23,49.23,49.23,49.23,49.23,53.9,53.9,,,,,44.72,42.16,41.76,41.59,41.59,42.16,12.55,40.2,44.99,45.09,41.59,41.59,42.16,43.76,44.85,45.0,,,,,,
2019-12-02 07:00:00+01:00,,54.34,,56.6,65.22,58.02,,56.09,,52.97,52.97,52.97,53.94,48.33,53.94,56.77,58.16,,59.52,54.34,56.09,,59.51,,,,56.77,56.77,,56.77,56.77,56.77,56.77,56.77,53.94,53.94,,,,,52.97,45.97,45.97,42.07,42.07,45.97,12.56,48.33,56.08,55.5,42.07,42.07,45.97,52.97,54.34,56.09,,,,,,
2019-12-02 08:00:00+01:00,,55.96,,55.0,66.89,58.44,,55.52,,54.58,54.58,54.58,57.69,49.92,57.69,60.01,58.68,,59.52,55.96,58.5,,65.0,,,,60.01,60.01,,60.01,60.01,60.01,60.01,60.01,57.69,57.69,,,,,55.0,54.58,53.24,43.08,43.08,53.24,13.43,49.43,58.49,57.02,43.08,43.08,54.58,54.58,55.96,58.5,,,,,,
2019-12-02 09:00:00+01:00,,55.94,,54.09,56.2,58.28,,53.32,,54.09,54.09,54.09,57.69,49.96,54.48,60.51,62.0,,61.3,55.94,57.73,,90.53,,,,60.51,60.51,,60.51,60.51,60.51,60.51,60.51,57.69,57.69,,,,,54.09,48.71,48.71,42.85,42.85,48.71,13.43,49.96,57.72,54.73,42.85,42.85,54.09,54.09,55.94,57.73,,,,,,
2019-12-02 10:00:00+01:00,,50.03,,59.2,53.91,58.46,,50.0,,45.9,45.9,45.9,45.9,49.33,45.31,59.38,60.84,,58.53,50.03,52.84,,121.0,,,,59.38,59.38,,59.38,59.38,59.38,59.38,59.38,45.9,45.9,,,,,46.81,45.31,45.31,42.82,42.82,45.31,12.75,49.33,52.83,53.12,42.82,42.82,45.31,45.9,50.03,52.84,,,,,,
2019-12-02 11:00:00+01:00,,47.55,,55.96,46.18,58.47,,48.2,,43.59,43.59,43.59,43.59,48.33,43.59,56.12,57.51,,61.89,47.55,51.13,,115.0,,,,56.12,56.12,,56.12,56.12,56.12,56.12,56.12,43.59,43.59,,,,,45.03,43.59,43.59,42.81,42.81,43.59,12.96,48.33,51.12,51.47,42.81,42.81,43.59,43.59,47.55,51.13,,,,,,
2019-12-02 12:00:00+01:00,,45.26,,45.0,46.79,55.74,,45.67,,41.96,41.96,41.96,55.42,46.13,55.42,53.45,54.1,,58.48,45.26,50.53,,115.0,,,,53.45,53.45,,53.45,53.45,53.45,53.45,53.45,55.42,55.42,,,,,41.96,41.96,41.96,41.96,41.96,41.96,13.23,46.13,50.53,51.03,41.96,41.96,41.96,41.96,45.26,50.53,,,,,,
2019-12-02 13:00:00+01:00,,45.74,,51.99,47.39,55.69,,48.5,,42.87,42.87,42.87,55.03,45.95,55.03,52.14,53.43,,58.51,45.74,50.02,,117.6,,,,52.14,52.14,,52.14,52.14,52.14,52.14,52.14,55.03,55.03,,,,,44.28,42.87,42.87,42.02,42.02,42.87,12.82,45.95,50.02,51.58,42.02,42.02,42.87,42.87,45.74,50.02,,,,,,
2019-12-02 14:00:00+01:00,,49.99,,51.5,50.02,55.77,,50.05,,49.0,49.0,49.0,53.11,45.0,53.11,51.66,52.93,,61.53,49.99,50.05,,99.18,,,,54.0,54.0,,54.0,54.0,54.0,54.0,54.0,53.11,53.11,,,,,49.71,44.82,44.82,42.48,42.48,44.82,12.52,45.0,50.05,51.55,42.48,42.48,44.82,49.0,49.99,50.05,,,,,,
2019-12-02 15:00:00+01:00,,53.01,,53.17,52.3,55.94,,51.36,,52.95,52.95,52.95,54.72,45.0,54.72,53.09,54.64,,65.0,53.01,52.73,,98.0,,,,58.03,58.03,,58.03,58.03,58.03,58.03,58.03,54.72,54.72,,,,,52.95,46.22,46.22,42.82,42.82,46.22,12.95,45.0,52.72,52.86,42.82,42.82,46.22,52.95,53.01,52.73,,,,,,
2019-12-02 16:00:00+01:00,,55.35,,59.3,56.06,56.71,,53.47,,53.93,53.93,53.93,53.93,45.05,53.93,57.43,60.93,,66.45,55.35,59.86,,110.78,,,,60.81,60.81,,60.81,60.81,60.81,60.81,60.81,53.93,53.93,,,,,59.05,49.95,49.95,42.82,42.82,49.95,13.45,45.05,59.86,57.75,42.82,42.82,53.93,53.93,55.35,59.86,,,,,,
2019-12-02 17:00:00+01:00,,58.32,,73.93,58.88,58.03,,58.26,,57.23,57.23,57.23,57.23,48.33,57.23,67.64,76.29,,67.3,58.32,61.01,,153.21,,,,70.0,70.0,,70.0,70.0,70.0,85.07,70.0,57.23,57.23,,,,,73.93,49.03,49.03,42.13,42.13,49.03,13.34,48.33,61.01,62.94,42.13,42.13,57.23,57.23,58.32,58.26,,,,,,
2019-12-02 18:00:00+01:00,,56.0,,72.24,56.26,58.06,,56.27,,55.18,55.18,55.18,54.87,50.0,54.87,65.78,93.89,,67.28,56.0,58.18,,170.2,,,,65.78,65.78,,65.78,65.78,65.78,85.07,65.78,54.87,54.87,,,,,66.22,48.49,48.49,42.32,42.32,48.49,12.79,50.0,58.18,59.44,42.32,42.32,54.87,54.87,56.0,56.27,,,,,,
2019-12-02 19:00:00+01:00,,55.5,,66.94,54.72,57.75,,54.39,,55.5,55.5,55.5,54.17,51.11,45.08,62.62,75.94,,67.29,55.5,54.65,,143.84,,,,62.62,62.62,,62.62,62.62,62.62,85.07,62.62,54.17,54.17,,,,,60.0,45.08,45.08,42.06,42.06,45.08,12.95,51.11,54.65,55.89,42.06,42.06,45.08,54.17,55.5,54.39,,,,,,
2019-12-02 20:00:00+01:00,,54.86,,56.38,46.92,55.76,,50.9,,54.43,54.43,54.43,53.13,51.47,43.4,55.66,78.64,,66.45,54.86,50.9,,103.33,,,,60.51,60.51,,55.66,60.51,60.51,79.84,60.51,53.13,53.13,,,,,54.43,43.4,43.4,41.76,41.76,43.4,12.68,51.47,50.9,52.35,41.76,41.76,43.4,53.13,54.86,50.9,,,,,,
2019-12-02 21:00:00+01:00,,49.33,,49.33,44.58,52.58,,45.14,,49.33,49.33,49.33,48.15,49.33,42.67,49.33,68.04,,59.58,49.33,45.14,,71.31,,,,52.64,52.64,,52.64,52.64,52.64,55.0,52.64,48.15,48.15,,,,,49.33,42.67,42.67,41.62,41.62,42.67,11.39,49.33,45.14,46.07,41.62,41.62,42.67,48.15,49.33,45.14,,,,,,
2019-12-02 22:00:00+01:00,,44.89,,52.5,43.97,52.0,,43.02,,44.89,44.89,44.89,41.62,47.23,41.62,49.77,55.75,,62.6,44.89,43.02,,61.09,,,,49.77,49.77,,49.77,49.77,49.77,49.77,49.77,41.62,41.62,,,,,42.99,41.62,41.62,41.62,41.62,41.62,10.91,47.23,43.02,44.19,41.62,41.62,41.62,41.62,44.89,43.02,,,,,,
2019-12-02 23:00:00+01:00,,40.58,,40.58,42.33,49.93,,38.68,,40.58,40.58,40.58,40.48,43.5,40.48,45.82,46.95,,76.95,40.58,38.68,,49.33,,,,47.43,47.43,,47.43,47.43,47.43,47.43,47.43,40.48,40.48,,,,,40.58,40.48,40.48,40.48,40.48,40.48,9.79,43.5,38.68,38.93,40.48,40.48,40.48,40.48,40.58,38.68,,,,,,
2019-12-03 00:00:00+01:00,,41.26,,44.74,47.0,47.98,,41.07,,40.19,40.19,40.19,39.48,39.06,39.48,44.87,46.01,,71.56,41.26,41.07,,48.19,,,,45.07,45.07,,45.07,45.07,45.07,45.07,45.07,39.48,39.48,,,,,40.04,40.19,40.19,39.48,39.48,40.19,9.21,39.06,41.07,41.52,39.48,39.48,39.48,39.48,41.26,41.07,,,,,,
2019-12-03 01:00:00+01:00,,40.08,,42.77,47.9,44.58,,39.55,,39.74,39.74,39.74,39.14,40.46,39.14,41.68,44.0,,71.55,40.08,39.55,,46.07,,,,43.14,43.14,,43.14,43.14,43.14,43.14,43.14,39.14,39.14,,,,,37.32,39.73,39.73,39.14,39.14,39.73,9.32,40.46,39.55,39.27,39.14,39.14,39.14,39.14,40.08,39.55,,,,,,
2019-12-03 02:00:00+01:00,,39.76,,40.97,44.53,42.62,,38.01,,39.5,39.5,39.5,39.03,38.07,39.03,40.45,42.51,,68.9,39.76,38.01,,44.5,,,,40.45,40.45,,40.45,40.45,40.45,40.45,40.45,39.03,39.03,,,,,38.24,39.51,39.51,39.03,39.03,39.51,9.33,38.07,38.02,38.03,39.03,39.03,39.03,39.03,39.76,38.01,,,,,,
2019-12-03 03:00:00+01:00,,38.57,,38.89,45.0,41.85,,38.05,,38.5,38.5,38.5,38.5,37.85,38.5,38.75,40.03,,68.88,38.57,38.05,,41.17,,,,39.68,39.68,,39.68,39.68,39.68,39.68,39.68,38.5,38.5,,,,,38.16,39.43,39.43,38.5,38.5,39.43,9.32,37.85,38.06,37.62,38.5,38.5,38.5,38.5,38.57,38.05,,,,,,
2019-12-03 04:00:00+01:00,,39.51,,39.58,50.17,41.61,,39.09,,39.49,39.49,39.49,39.49,38.1,39.49,39.55,40.75,,69.12,39.51,39.09,,41.62,,,,39.8,39.8,,39.8,39.8,39.8,39.8,39.8,39.49,39.49,,,,,39.42,39.91,39.91,39.49,39.49,39.91,9.22,38.1,39.1,39.0,39.49,39.49,39.49,39.49,39.51,39.09,,,,,,
2019-12-03 05:00:00+01:00,,42.96,,43.16,50.2,45.08,,42.5,,42.81,42.81,42.81,42.81,42.5,42.81,43.11,44.27,,68.85,42.96,42.5,,45.2,,,,43.42,43.42,,43.42,43.42,43.42,43.42,43.42,42.81,42.81,,,,,42.81,41.46,41.46,40.54,40.54,41.46,9.99,42.5,42.51,43.9,40.84,40.84,41.46,42.81,42.96,42.5,,,,,,
2019-12-03 06:00:00+01:00,,55.07,,55.07,64.96,53.78,,52.18,,55.07,55.07,55.07,57.84,42.49,57.84,55.07,53.98,,73.87,55.07,53.95,,51.28,,,,55.07,55.07,,55.07,55.07,55.07,55.07,55.07,57.84,57.84,,,,,55.07,44.06,44.06,39.93,39.93,44.06,13.5,42.49,53.96,51.74,39.93,39.93,44.06,55.07,55.07,53.95,,,,,,
2019-12-03 07:00:00+01:00,,67.28,,67.28,135.56,59.67,,61.86,,67.28,67.28,67.28,67.28,46.0,67.28,67.28,65.77,,66.73,67.28,69.97,,60.73,,,,67.28,67.28,,67.28,67.28,67.28,67.28,67.28,67.28,67.28,,,,,67.28,67.28,65.13,40.14,40.14,67.28,15.3,46.0,69.99,62.24,40.14,40.14,67.28,67.28,67.28,69.97,,,,,,
2019-12-03 08:00:00+01:00,,76.47,,76.47,135.51,61.93,,64.9,,76.47,76.47,76.47,76.47,49.96,76.47,76.47,75.0,,68.34,76.47,73.04,,72.94,,,,75.05,75.05,,75.05,73.64,75.05,73.64,75.05,76.47,76.47,,,,,76.47,76.47,74.03,41.39,41.39,76.47,16.28,49.96,73.06,63.26,41.39,41.39,76.47,76.47,76.47,73.04,,,,,,
2019-12-03 09:00:00+01:00,,71.0,,71.29,134.51,60.16,,62.92,,71.0,71.0,71.0,71.0,49.98,71.0,71.5,73.5,,65.46,71.0,70.0,,71.47,,,,71.0,71.0,,71.0,71.0,71.0,71.0,71.0,71.0,71.0,,,,,71.0,71.0,48.04,40.99,40.99,71.0,16.47,49.98,70.02,61.8,40.99,40.99,71.0,71.0,71.0,70.0,,,,,,
2019-12-03 10:00:00+01:00,,60.67,,68.72,136.39,58.48,,58.29,,60.49,60.49,60.49,60.49,48.01,60.49,68.72,70.66,,62.7,60.67,63.63,,68.69,,,,60.67,60.67,,60.67,60.67,60.67,60.67,60.67,60.49,60.49,,,,,60.49,60.49,45.99,40.94,40.94,60.49,14.21,48.01,63.65,58.35,40.94,40.94,60.49,60.49,60.67,63.63,,,,,,
2019-12-03 11:00:00+01:00,,60.26,,60.01,127.87,58.08,,56.8,,59.31,59.31,59.31,59.31,49.03,59.31,63.08,61.91,,60.3,60.26,61.7,,60.16,,,,60.0,58.0,,60.0,58.0,58.0,58.0,58.0,59.31,59.31,,,,,59.31,59.31,44.67,40.86,40.86,59.31,14.22,49.03,61.72,56.7,40.86,40.86,59.31,59.31,60.26,61.7,,,,,,
2019-12-03 12:00:00+01:00,,56.21,,56.23,127.87,56.65,,54.22,,55.24,55.24,55.24,60.53,50.53,60.53,59.09,58.02,,60.3,56.21,59.8,,56.36,,,,56.21,56.21,,56.21,56.21,56.21,56.21,56.21,60.53,60.53,,,,,55.24,55.24,44.08,40.87,40.87,55.24,14.14,50.53,59.82,54.37,40.87,40.87,55.24,55.24,56.21,59.8,,,,,,
2019-12-03 13:00:00+01:00,,54.94,,53.52,127.86,56.4,,54.54,,54.5,49.22,53.19,59.94,52.1,59.94,56.25,55.24,,60.3,54.94,59.92,,53.65,,,,55.28,55.28,,55.28,55.28,55.28,55.28,55.28,59.94,59.94,,,,,53.3,46.53,43.6,40.82,40.82,46.53,14.0,52.1,59.94,54.45,40.82,40.82,46.53,53.19,54.94,59.92,,,,,,
2019-12-03 14:00:00+01:00,,56.91,,57.13,127.84,56.0,,55.26,,56.86,49.16,55.49,58.99,52.1,58.99,57.03,58.71,,66.74,56.91,60.78,,55.65,,,,57.03,57.03,,57.03,57.03,57.03,57.03,57.03,58.99,58.99,,,,,56.63,46.06,43.65,41.44,41.44,46.06,13.78,52.1,60.8,54.97,41.44,41.44,46.06,55.49,56.91,60.78,,,,,,
2019-12-03 15:00:00+01:00,,57.94,,58.05,139.76,57.99,,56.21,,57.9,49.13,56.51,60.42,54.33,60.42,58.0,59.73,,68.68,57.94,69.27,,56.59,,,,58.0,58.0,,58.0,58.0,58.0,64.84,58.0,60.42,60.42,,,,,57.59,46.74,45.94,40.68,40.68,46.74,14.11,54.33,69.3,56.79,40.68,40.68,46.74,56.51,57.94,69.27,,,,,,
2019-12-03 16:00:00+01:00,,60.0,,60.0,136.5,59.36,,56.4,,60.0,49.18,58.56,62.42,55.33,62.42,60.0,61.81,,75.19,60.0,100.04,,58.55,,,,60.0,60.0,,60.0,60.0,60.0,98.0,60.0,62.42,62.42,,,,,60.0,49.02,47.89,40.57,40.57,49.02,14.58,55.33,100.08,58.75,40.57,40.57,49.02,58.56,60.0,100.04,,,,,,
2019-12-03 17:00:00+01:00,,66.77,,72.13,139.77,59.06,,60.0,,61.8,55.84,55.84,55.84,57.49,55.84,70.5,74.54,,75.15,66.77,96.69,,70.59,,,,70.5,70.5,,70.5,70.5,70.5,120.06,70.5,55.84,55.84,,,,,71.84,46.4,46.4,40.52,40.52,46.4,13.77,57.49,96.73,64.18,40.52,40.52,46.4,55.84,66.77,60.29,,,,,,
2019-12-03 18:00:00+01:00,,63.17,,75.64,127.83,57.09,,58.0,,49.76,48.57,48.57,53.92,62.72,53.92,75.87,78.2,,71.5,63.17,72.43,,79.54,,,,63.17,63.17,,63.17,63.17,63.17,120.06,63.17,53.92,53.92,,,,,49.9,45.01,45.01,39.97,39.97,45.01,13.31,62.18,72.46,61.14,39.97,39.97,45.01,48.57,63.17,60.21,,,,,,
2019-12-03 19:00:00+01:00,,53.98,,70.53,76.65,57.52,,54.9,,47.32,42.49,42.49,42.49,64.26,42.49,73.38,72.94,,75.66,53.98,63.04,,70.71,,,,60.11,60.11,,60.11,60.11,60.11,120.06,60.11,42.49,42.49,,,,,47.32,42.49,42.49,39.91,39.91,42.49,13.12,62.33,63.06,56.17,39.91,39.91,42.49,42.49,53.98,56.68,,,,,,
2019-12-03 20:00:00+01:00,,53.2,,62.86,69.57,57.04,,53.33,,42.32,41.31,41.31,41.31,63.05,41.31,63.05,65.02,,79.0,53.2,53.59,,61.52,,,,55.6,55.6,,55.6,55.6,55.6,120.06,55.6,41.31,41.31,,,,,42.67,41.31,41.31,39.69,39.69,41.31,12.78,62.81,53.61,51.53,39.69,39.69,41.31,41.31,53.2,53.59,,,,,,
2019-12-03 21:00:00+01:00,,50.07,,58.06,57.06,54.1,,46.75,,40.67,40.67,40.67,39.92,58.24,39.92,58.24,60.07,,78.4,50.07,47.02,,56.82,,,,53.0,53.0,,53.28,53.0,53.0,85.07,53.0,39.92,39.92,,,,,41.48,40.15,40.15,39.17,39.17,40.15,10.88,58.24,47.04,46.72,39.17,39.17,39.92,39.92,50.07,47.02,,,,,,
2019-12-03 22:00:00+01:00,,43.35,,54.78,54.92,52.86,,41.09,,39.27,39.23,39.23,38.32,55.96,38.32,55.96,56.7,,77.05,43.35,44.87,,53.61,,,,50.0,49.0,,50.0,49.0,49.0,64.84,49.0,38.32,38.32,,,,,38.47,39.74,39.74,38.32,38.32,39.74,9.67,55.96,44.89,43.64,38.32,38.32,38.32,38.32,43.35,43.1,,,,,,
2019-12-03 23:00:00+01:00,,43.46,,47.94,40.46,50.15,,38.02,,37.05,37.05,36.16,36.16,54.33,36.16,50.38,49.63,,62.69,43.46,38.69,,46.91,,,,47.76,45.23,,47.76,45.23,45.07,45.23,45.23,36.16,36.16,,,,,37.05,39.04,39.04,36.16,36.16,39.04,8.45,54.33,38.71,38.08,36.16,36.16,36.16,36.16,43.46,38.69,,,,,,
2019-12-04 00:00:00+01:00,,41.26,,48.24,43.65,47.62,,41.1,,35.0,35.0,35.0,35.0,55.76,35.0,48.1,47.37,,54.07,41.26,41.93,,44.79,,,,48.1,48.1,,48.1,48.1,45.27,48.1,48.1,35.0,35.0,,,,,35.0,36.92,36.92,35.0,35.0,39.06,10.47,55.76,41.95,45.59,35.0,35.0,35.0,35.0,41.26,41.93,,,,,,
2019-12-04 01:00:00+01:00,,40.07,,45.53,37.62,45.86,,40.91,,35.0,35.0,35.0,35.0,51.8,35.0,45.4,44.71,,45.0,40.07,40.91,,39.86,,,,45.4,45.4,,45.4,45.4,21.5,45.4,45.4,35.0,35.0,,,,,35.0,36.98,36.98,35.0,35.0,39.04,9.91,51.8,40.93,44.72,35.0,35.0,35.0,35.0,40.07,40.91,,,,,,
2019-12-04 02:00:00+01:00,,40.08,,44.46,29.28,44.38,,38.36,,35.24,35.24,34.62,34.62,48.07,34.62,44.21,43.67,,36.15,40.08,38.36,,32.14,,,,44.21,44.21,,44.21,44.21,10.0,44.21,44.21,34.62,34.62,,,,,35.24,36.91,36.91,34.62,34.62,39.01,9.81,48.07,38.37,39.28,34.62,34.62,34.62,34.62,40.08,38.36,,,,,,
2019-12-04 03:00:00+01:00,,39.08,,42.02,29.56,41.8,,37.21,,35.58,35.58,34.76,34.76,46.83,34.76,42.02,41.39,,33.42,39.08,37.21,,28.0,,,,42.02,42.02,,42.02,42.02,3.0,42.02,42.02,34.76,34.76,,,,,35.58,36.92,36.92,34.76,34.76,39.0,9.82,46.83,37.23,36.31,34.76,34.76,34.76,34.76,39.08,37.21,,,,,,
2019-12-04 04:00:00+01:00,,39.04,,41.01,31.97,41.92,,39.45,,36.87,36.29,35.99,35.99,46.07,35.99,41.01,40.4,,35.64,39.04,39.45,,28.0,,,,41.01,41.01,,41.01,41.01,3.0,41.01,41.01,35.99,35.99,,,,,36.29,37.49,37.49,35.99,35.99,39.01,10.1,46.07,39.46,38.26,35.99,35.99,35.99,35.99,39.04,39.45,,,,,,
2019-12-04 05:00:00+01:00,,41.48,,44.94,43.98,44.73,,41.1,,37.51,37.51,37.51,37.51,46.92,37.51,44.94,43.75,,44.06,41.48,45.72,,28.0,,,,44.94,44.94,,44.94,44.94,3.0,44.94,44.94,37.51,37.51,,,,,36.94,39.21,39.21,37.51,37.51,39.36,10.59,46.92,45.74,45.9,37.51,37.51,37.51,37.51,41.48,45.72,,,,,,
2019-12-04 06:00:00+01:00,,49.49,,50.0,46.94,54.47,,48.71,,42.69,42.69,42.69,45.74,55.52,45.74,55.52,44.98,,68.62,49.49,53.24,,32.14,,,,50.68,50.68,,53.74,49.15,41.05,49.15,50.68,45.74,45.74,,,,,43.26,41.4,41.4,37.37,37.37,41.4,12.25,55.52,53.25,51.08,37.37,37.37,41.4,41.67,49.49,53.24,,,,,,
2019-12-04 07:00:00+01:00,,56.93,,53.4,61.37,59.04,,58.01,,53.4,53.4,53.4,54.61,60.63,54.3,67.8,52.24,,68.45,56.93,61.1,,43.0,,,,60.57,60.57,,60.57,49.15,46.27,49.15,60.57,54.61,54.61,,,,,53.4,43.82,43.82,37.94,37.94,43.82,12.77,58.58,61.12,61.6,37.94,37.94,43.82,53.4,56.93,61.1,,,,,,
2019-12-04 08:00:00+01:00,,62.85,,54.76,61.39,61.94,,62.8,,54.76,54.76,54.76,57.32,59.7,48.03,86.55,52.73,,69.26,62.85,68.15,,48.52,,,,78.99,55.26,,78.99,55.0,45.27,55.0,55.26,57.32,57.32,,,,,54.76,45.03,45.03,38.47,38.47,45.03,13.4,58.89,68.17,70.51,38.47,38.47,45.03,54.76,62.85,68.15,,,,,,
2019-12-04 09:00:00+01:00,,59.0,,58.83,57.91,58.62,,59.78,,51.47,51.47,51.47,58.42,59.0,49.75,75.0,56.77,,69.26,59.0,64.07,,54.94,,,,75.0,49.5,,75.0,49.5,30.0,49.5,49.5,58.42,58.42,,,,,58.01,44.55,44.55,38.65,38.65,44.55,13.66,59.0,64.09,65.27,38.65,38.65,44.55,51.47,59.0,64.07,,,,,,
2019-12-04 10:00:00+01:00,,53.92,,57.85,53.98,57.8,,52.68,,46.34,46.34,46.34,45.22,58.58,43.75,62.12,56.39,,68.4,53.92,59.97,,57.0,,,,61.51,49.05,,61.51,49.05,23.55,49.05,49.05,45.22,45.22,,,,,57.4,43.75,43.75,39.0,39.0,43.75,13.11,58.58,59.98,60.98,39.0,39.0,43.75,45.22,53.92,59.97,,,,,,
2019-12-04 11:00:00+01:00,,52.98,,52.96,52.35,56.43,,50.8,,44.99,44.99,44.99,43.91,57.6,43.32,61.56,52.04,,68.4,59.1,59.61,,53.07,,,,61.15,48.65,,61.15,48.65,3.0,48.65,48.65,43.91,43.91,,,,,52.07,43.32,43.32,39.2,39.2,43.32,13.4,57.6,59.63,59.62,39.2,39.2,43.32,43.91,59.1,59.61,,,,,,
2019-12-04 12:00:00+01:00,,52.92,,51.11,52.45,55.57,,48.35,,43.81,43.81,43.81,58.41,56.76,43.54,66.1,50.31,,68.41,55.0,58.2,,52.31,,,,55.0,48.66,,55.0,48.66,19.55,48.66,48.66,58.41,58.41,,,,,49.9,43.54,43.54,39.45,39.45,43.54,13.66,56.76,58.21,57.06,39.45,39.45,43.54,43.81,55.0,58.2,,,,,,
2019-12-04 13:00:00+01:00,,52.38,,54.0,55.23,56.62,,50.86,,47.99,47.99,47.99,53.67,56.01,42.92,56.63,53.08,,69.26,55.0,60.2,,55.18,,,,55.0,48.67,,55.0,48.67,20.55,48.67,48.67,53.67,53.67,,,,,51.49,42.92,42.92,39.46,39.46,42.92,13.79,56.01,60.21,59.06,39.46,39.46,42.92,47.99,55.0,60.2,,,,,,
2019-12-04 14:00:00+01:00,,56.06,,56.71,66.46,57.08,,53.84,,55.01,53.69,53.69,53.69,54.45,44.97,56.98,55.74,,69.3,56.98,62.51,,56.0,,,,56.98,49.5,,56.98,49.5,30.0,49.5,49.5,53.69,53.69,,,,,56.11,43.09,43.09,39.49,39.49,43.09,13.82,54.45,62.52,61.26,39.49,39.49,43.09,53.69,56.98,62.51,,,,,,
2019-12-04 15:00:00+01:00,,58.3,,58.3,69.58,58.05,,58.4,,58.3,56.9,56.9,56.9,52.58,45.84,58.3,57.48,,69.36,58.3,65.28,,57.11,,,,58.3,58.3,,58.3,51.52,46.27,51.52,58.3,56.9,56.9,,,,,58.3,43.74,43.74,39.53,39.53,43.74,13.77,52.58,65.28,63.68,39.53,39.53,43.74,56.9,58.3,65.28,,,,,,
2019-12-04 16:00:00+01:00,,62.69,,62.69,61.98,62.88,,62.2,,62.69,61.19,61.19,61.19,52.58,46.25,62.69,61.81,,69.26,62.69,75.11,,62.72,,,,62.69,62.69,,62.69,59.72,62.69,59.72,62.69,61.19,61.19,,,,,62.69,43.81,43.81,39.97,39.97,43.81,14.31,52.58,98.38,71.02,39.97,39.97,43.81,61.19,62.69,63.2,,,,,,
2019-12-04 17:00:00+01:00,,72.43,,77.83,69.57,70.71,,68.0,,70.6,70.6,70.6,61.92,55.08,45.79,75.15,76.51,,69.88,75.15,79.99,,77.64,,,,75.15,75.15,,75.15,71.48,75.15,71.48,75.15,61.92,61.92,,,,,77.83,43.29,43.29,39.09,39.09,43.29,14.48,55.08,79.99,77.93,39.09,39.09,43.29,61.92,75.15,68.0,,,,,,
2019-12-04 18:00:00+01:00,,67.43,,77.83,68.08,64.24,,63.0,,60.06,60.06,60.06,58.62,58.0,47.62,81.8,80.66,,69.87,74.82,74.64,,83.83,,,,74.82,74.82,,74.82,74.82,74.82,74.82,74.82,58.62,58.62,,,,,77.51,42.26,42.26,39.13,39.13,42.26,13.91,58.0,74.64,74.15,39.13,39.13,42.26,58.62,74.82,63.0,,,,,,
2019-12-04 19:00:00+01:00,,64.48,,60.1,63.91,59.82,,58.5,,60.1,48.52,48.52,41.26,57.74,41.26,78.08,66.85,,70.0,64.48,69.07,,69.47,,,,64.48,64.48,,64.48,64.48,64.48,64.48,64.48,41.26,41.26,,,,,60.1,41.26,41.26,38.82,38.82,41.26,13.75,57.74,69.07,65.5,38.82,38.82,41.26,41.26,64.48,61.67,,,,,,
2019-12-04 20:00:00+01:00,,56.02,,67.94,61.36,57.09,,55.91,,52.93,40.45,40.45,40.45,57.68,40.45,64.68,66.8,,68.75,58.0,61.17,,66.12,,,,59.79,59.79,,59.79,59.79,59.79,59.79,59.79,40.45,40.45,,,,,52.93,40.45,40.45,38.51,38.51,40.45,13.35,57.68,61.17,58.44,38.51,38.51,40.45,40.45,58.0,56.1,,,,,,
2019-12-04 21:00:00+01:00,,50.71,,51.49,46.51,54.75,,48.18,,49.5,40.01,40.01,38.12,54.11,38.12,54.11,53.37,,59.23,50.71,55.01,,55.25,,,,54.11,54.11,,54.11,54.11,54.11,54.11,54.11,38.12,38.12,,,,,45.0,40.01,40.01,38.12,38.12,40.01,11.4,54.11,55.01,54.08,38.12,38.12,38.12,38.12,50.71,49.7,,,,,,
2019-12-04 22:00:00+01:00,,44.28,,49.81,52.69,54.08,,42.7,,41.7,40.63,40.63,36.43,47.36,36.43,52.35,51.63,,57.64,44.28,52.65,,51.26,,,,51.69,51.69,,51.69,48.0,51.69,48.0,51.69,36.43,36.43,,,,,40.63,39.39,39.39,36.43,36.43,39.39,11.79,47.36,52.65,50.35,36.43,36.43,36.43,36.43,44.28,52.65,,,,,,
2019-12-04 23:00:00+01:00,,41.33,,48.14,47.02,52.66,,40.36,,39.1,37.57,37.57,36.01,45.89,36.01,48.71,47.35,,39.0,41.33,46.2,,45.78,,,,48.71,48.71,,48.71,45.15,48.71,45.15,48.71,36.01,36.01,,,,,37.57,38.81,38.81,36.01,36.01,38.81,10.9,45.89,46.2,44.7,36.01,36.01,36.01,36.01,41.33,46.2,,,,,,
2019-12-05 00:00:00+01:00,,43.51,,52.48,34.4,50.49,,38.13,,36.16,36.16,32.91,32.91,46.17,32.91,50.0,51.14,,43.19,43.51,41.59,,53.4,,,,50.0,50.0,,50.0,38.28,50.0,38.28,50.0,32.91,32.91,,,,,36.16,37.46,37.46,32.91,32.91,37.46,9.12,46.17,41.57,44.73,32.91,32.91,32.91,32.91,43.51,38.4,,,,,,
2019-12-05 01:00:00+01:00,,40.98,,47.25,33.54,47.52,,38.0,,35.73,35.73,31.43,31.43,45.56,31.43,45.56,46.24,,40.5,40.98,38.82,,44.94,,,,45.56,45.56,,45.56,38.27,45.56,38.27,45.56,31.43,31.43,,,,,35.73,36.98,36.98,31.43,31.43,36.98,9.2,45.56,38.8,40.38,31.43,31.43,31.43,31.43,40.98,38.0,,,,,,
2019-12-05 02:00:00+01:00,,39.44,,42.86,32.92,46.0,,37.04,,35.86,35.86,30.38,30.38,42.74,30.38,42.74,41.94,,36.0,39.44,37.23,,39.79,,,,42.74,42.74,,42.74,38.27,42.74,38.27,42.74,30.38,30.38,,,,,35.86,37.04,37.04,30.38,30.38,37.04,8.95,42.74,37.21,39.61,30.38,30.38,30.38,30.38,39.44,37.04,,,,,,
2019-12-05 03:00:00+01:00,,37.87,,39.66,37.09,44.68,,36.67,,35.75,35.75,31.75,31.75,39.54,31.75,39.54,38.81,,35.58,37.87,36.67,,36.82,,,,39.54,39.54,,39.54,38.28,39.54,38.28,39.54,31.75,31.75,,,,,35.75,36.94,36.94,31.75,31.75,36.94,8.96,39.54,36.65,38.48,31.75,31.75,31.75,31.75,37.87,36.67,,,,,,
2019-12-05 04:00:00+01:00,,37.25,,39.26,46.91,44.14,,37.93,,35.56,35.56,33.79,33.79,38.72,33.79,38.72,38.0,,39.33,37.25,37.93,,35.63,,,,38.97,38.97,,38.97,38.28,38.97,38.28,38.97,33.79,33.79,,,,,35.56,37.07,37.07,33.79,33.79,37.07,8.85,38.72,37.91,39.54,33.79,33.79,33.79,33.79,37.25,37.93,,,,,,
2019-12-05 05:00:00+01:00,,39.83,,44.35,50.21,46.74,,39.99,,36.14,36.0,35.29,35.54,43.11,35.54,43.11,37.8,,45.5,39.83,42.91,,31.95,,,,44.56,44.56,,44.56,38.97,44.56,38.97,44.56,35.54,35.54,,,,,36.0,38.42,38.42,35.29,35.29,39.18,8.79,43.11,42.88,44.97,35.29,35.29,35.29,35.29,39.83,42.91,,,,,,
2019-12-05 06:00:00+01:00,,46.98,,56.45,68.62,54.62,,46.8,,42.22,37.14,39.57,45.79,44.34,45.79,53.0,38.48,,62.69,46.98,50.56,,25.0,,,,53.0,53.0,,53.0,49.0,53.0,49.0,53.0,45.79,45.79,,,,,37.14,39.57,39.57,37.46,37.46,39.57,12.2,44.34,50.53,52.48,37.46,37.46,39.57,39.57,46.98,50.56,,,,,,
2019-12-05 07:00:00+01:00,,60.67,,69.97,74.44,60.33,,57.2,,59.59,48.3,48.3,52.1,46.85,46.45,69.97,50.03,,68.69,60.67,67.57,,31.37,,,,60.67,60.67,,60.67,60.67,60.67,60.67,60.67,52.1,52.1,,,,,48.3,41.96,41.96,37.91,37.91,41.96,13.22,46.85,67.53,68.53,37.91,37.91,41.96,48.3,60.67,62.54,,,,,,
2019-12-05 08:00:00+01:00,,66.86,,88.32,76.19,63.18,,58.75,,58.29,54.09,54.09,54.09,47.47,45.16,88.32,60.38,,76.8,66.86,73.07,,37.5,,,,66.86,66.86,,66.86,66.86,66.86,66.86,66.86,54.09,54.09,,,,,58.29,43.36,43.36,38.16,38.16,43.36,13.7,47.47,73.03,74.55,38.16,38.16,43.36,54.09,66.86,73.07,,,,,,
2019-12-05 09:00:00+01:00,,57.18,,73.94,69.61,60.49,,55.21,,51.23,50.0,50.0,52.08,48.13,45.24,67.45,63.87,,76.92,57.18,66.79,,40.63,,,,60.77,60.77,,60.77,60.77,60.77,60.77,60.77,52.08,52.08,,,,,61.66,42.79,42.79,37.94,37.94,42.79,13.7,48.13,66.75,67.47,37.94,37.94,42.79,50.0,57.18,66.79,,,,,,
2019-12-05 10:00:00+01:00,,51.97,,68.37,65.47,61.52,,49.0,,46.15,41.31,41.31,41.31,47.25,41.31,62.03,59.2,,70.66,55.78,59.78,,40.63,,,,60.28,60.28,,60.28,60.28,60.28,60.28,60.28,41.31,41.31,,,,,57.15,41.31,41.31,38.13,38.13,41.31,13.75,47.25,59.74,61.03,38.13,38.13,41.31,41.31,55.78,59.78,,,,,,
2019-12-05 11:00:00+01:00,,48.11,,65.71,56.23,60.44,,43.58,,41.87,40.86,40.86,40.86,46.6,40.86,60.57,47.36,,69.26,60.57,60.09,,37.71,,,,60.57,60.57,,60.57,60.57,60.57,60.57,60.57,40.86,40.86,,,,,45.72,40.86,40.86,38.39,38.39,40.86,13.75,46.6,60.05,58.49,38.39,38.39,40.86,40.86,60.57,60.09,,,,,,
2019-12-05 12:00:00+01:00,,47.06,,62.08,59.85,57.93,,44.44,,41.61,40.61,40.61,52.03,46.17,45.28,58.7,43.46,,69.26,58.7,58.98,,37.5,,,,58.7,58.7,,58.7,58.7,58.7,58.7,58.7,52.03,52.03,,,,,41.95,40.61,40.61,38.3,38.3,40.61,13.72,46.17,58.94,54.88,38.3,38.3,40.61,40.61,58.7,58.98,,,,,,
2019-12-05 13:00:00+01:00,,46.72,,61.14,59.86,58.51,,46.2,,41.52,40.52,40.52,47.47,47.28,45.71,58.0,43.36,,65.98,58.0,60.81,,37.5,,,,58.0,58.0,,58.0,58.0,58.0,58.0,58.0,47.47,47.47,,,,,41.86,40.52,40.52,38.31,38.31,40.52,13.74,47.28,60.77,54.9,38.31,38.31,40.52,40.52,58.0,60.81,,,,,,
2019-12-05 14:00:00+01:00,,50.09,,57.92,67.21,58.71,,50.91,,46.95,40.38,40.38,47.43,46.32,45.75,57.92,41.83,,66.52,57.92,61.92,,36.0,,,,57.92,57.92,,57.92,57.92,57.92,75.34,57.92,47.43,47.43,,,,,40.38,40.38,40.38,38.16,38.16,40.38,13.75,46.32,61.88,58.59,38.16,38.16,40.38,40.38,57.92,61.92,,,,,,
2019-12-05 15:00:00+01:00,,52.71,,52.58,76.23,59.82,,54.67,,50.41,41.37,41.37,53.5,46.32,45.8,58.74,44.27,,67.99,58.74,66.79,,36.0,,,,58.74,58.74,,58.74,58.74,58.74,88.59,58.74,53.5,53.5,,,,,42.74,41.37,41.37,37.99,37.99,41.37,13.65,46.32,66.74,63.08,37.99,37.99,41.37,41.37,58.74,66.79,,,,,,
2019-12-05 16:00:00+01:00,,53.87,,60.0,78.04,60.79,,60.94,,51.47,42.23,42.23,52.03,47.31,42.23,60.4,46.51,,69.47,60.4,70.03,,37.5,,,,60.57,60.57,,60.4,60.57,60.57,91.69,60.57,52.03,52.03,,,,,44.9,42.23,42.23,37.7,37.7,42.23,14.75,47.31,69.99,71.07,37.7,37.7,42.23,42.23,60.4,70.03,,,,,,
2019-12-05 17:00:00+01:00,,52.97,,67.59,76.18,68.08,,59.47,,46.63,42.43,42.43,46.78,51.58,42.43,71.71,66.15,,77.06,71.71,75.9,,51.0,,,,77.98,77.98,,71.71,77.98,77.98,102.9,77.98,46.78,46.78,,,,,44.9,42.43,42.43,37.54,37.54,42.43,13.73,51.58,75.84,79.35,37.54,37.54,42.43,42.43,71.71,75.9,,,,,,
2019-12-05 18:00:00+01:00,,52.47,,66.15,69.63,62.28,,55.92,,43.44,40.41,40.41,46.76,55.49,41.73,79.59,64.74,,76.94,57.1,71.22,,61.41,,,,77.98,77.98,,77.98,77.98,77.98,121.06,77.98,46.76,46.76,,,,,40.41,40.41,39.94,38.04,38.04,40.41,13.36,55.49,71.17,75.76,38.04,38.04,40.41,40.41,57.1,71.22,,,,,,
2019-12-05 19:00:00+01:00,,52.91,,53.13,69.63,60.5,,54.5,,38.15,38.15,38.15,38.15,57.0,38.15,68.89,54.82,,76.93,60.0,66.02,,52.0,,,,75.35,75.35,,68.89,75.35,75.35,121.06,75.35,38.15,38.15,,,,,39.9,38.62,38.62,38.08,38.08,39.01,13.53,57.0,65.97,69.52,38.08,38.08,38.15,38.15,60.0,66.02,,,,,,
2019-12-05 20:00:00+01:00,,47.33,,48.2,67.23,58.01,,50.93,,36.24,36.24,36.24,36.24,58.3,36.24,58.3,49.73,,85.4,58.3,59.07,,47.17,,,,60.47,60.47,,58.3,60.47,60.47,119.06,60.47,36.24,36.24,,,,,39.35,38.44,38.44,36.24,36.24,39.12,12.77,55.69,59.03,58.01,36.24,36.24,36.24,36.24,58.3,57.54,,,,,,
2019-12-05 21:00:00+01:00,,40.08,,47.06,62.91,55.16,,40.21,,34.89,34.89,34.89,34.89,53.05,34.89,53.05,48.56,,73.6,53.05,47.94,,46.0,,,,53.05,53.05,,53.05,53.05,53.05,102.69,53.05,34.89,34.89,,,,,36.45,37.65,37.65,34.89,34.89,37.65,10.32,53.05,45.21,51.39,34.89,34.89,34.89,34.89,53.05,47.94,,,,,,
2019-12-05 22:00:00+01:00,,37.71,,44.87,59.86,52.02,,39.96,,32.79,32.79,32.79,32.79,50.5,32.79,51.71,46.3,,83.9,39.79,43.79,,35.24,,,,51.71,51.71,,51.71,51.71,51.71,88.59,51.71,32.79,32.79,,,,,35.23,36.39,36.39,32.79,32.79,36.39,9.61,50.5,43.76,44.14,32.79,32.79,32.79,32.79,39.79,43.79,,,,,,
2019-12-05 23:00:00+01:00,,31.64,,40.75,42.99,51.01,,35.1,,24.94,24.94,24.94,24.94,48.17,24.94,50.0,42.05,,41.0,31.64,39.03,,30.0,,,,50.0,50.0,,50.0,50.0,50.0,75.37,50.0,24.94,24.94,,,,,32.0,34.68,34.68,31.34,31.34,34.68,9.19,48.17,37.45,40.04,24.94,24.94,24.94,24.94,31.64,39.03,,,,,,
2019-12-06 00:00:00+01:00,,32.34,,33.68,43.41,47.93,,22.79,,25.18,25.18,25.18,25.18,47.32,25.18,47.32,34.59,,48.41,32.34,37.28,,32.97,,,,48.39,48.39,,47.32,48.39,48.39,48.39,48.39,25.18,25.18,,,,,33.55,34.66,34.66,29.41,29.41,34.66,8.75,47.32,37.24,38.16,25.18,25.18,25.18,25.18,32.34,37.28,,,,,,
2019-12-06 01:00:00+01:00,,31.91,,34.04,27.43,44.0,,19.98,,25.03,25.03,25.03,25.03,44.11,25.03,44.11,33.16,,50.0,31.91,34.48,,29.31,,,,45.02,45.02,,44.11,45.02,45.02,45.02,45.02,25.03,25.03,,,,,31.2,35.13,35.13,29.26,29.26,35.13,8.15,44.11,34.44,36.56,25.03,25.03,25.03,25.03,31.91,34.48,,,,,,
2019-12-06 02:00:00+01:00,,28.02,,33.34,37.91,42.02,,16.94,,18.77,18.77,18.77,18.77,42.79,18.77,42.79,33.12,,44.18,28.02,32.33,,26.64,,,,42.79,42.79,,42.79,42.79,42.79,42.79,42.79,18.77,18.77,,,,,22.0,35.67,35.67,29.06,29.06,35.67,7.3,42.79,29.94,33.59,18.77,18.77,18.77,18.77,28.02,32.33,,,,,,
2019-12-06 03:00:00+01:00,,24.47,,30.2,38.26,41.06,,19.01,,13.6,13.6,13.6,18.92,41.76,18.92,41.76,29.43,,41.89,24.47,30.67,,20.0,,,,41.76,41.76,,41.76,41.76,41.76,41.76,41.76,18.92,18.92,,,,,15.4,36.08,36.08,29.09,29.09,36.08,6.99,41.76,30.64,33.07,18.92,18.92,18.92,18.92,24.47,30.67,,,,,,
2019-12-06 04:00:00+01:00,,28.04,,31.78,43.93,40.86,,19.01,,19.14,19.14,19.14,29.03,40.62,29.03,40.62,24.16,,59.89,28.04,33.3,,14.0,,,,41.83,41.83,,41.83,41.83,41.83,41.83,41.83,29.03,29.03,,,,,21.14,35.99,35.99,29.17,29.17,35.99,7.24,40.62,33.26,34.01,29.03,29.03,29.03,29.03,28.04,33.3,,,,,,
2019-12-06 05:00:00+01:00,,35.01,,35.24,50.18,42.62,,25.14,,25.16,25.16,25.16,34.35,41.79,34.35,41.79,28.53,,69.26,35.01,38.33,,13.0,,,,45.02,45.02,,44.72,45.02,45.02,45.02,45.02,34.35,34.35,,,,,27.67,35.23,35.23,34.35,34.35,35.23,8.74,41.79,38.29,36.48,34.35,34.35,34.35,34.35,35.01,38.33,,,,,,
2019-12-06 06:00:00+01:00,,48.98,,32.81,58.99,49.4,,48.0,,30.67,30.67,35.68,37.4,46.94,37.4,46.94,31.97,,75.48,50.0,48.0,,13.0,,,,50.0,50.0,,50.0,50.0,50.0,50.0,50.0,37.4,37.4,,,,,32.9,36.77,36.77,35.68,35.68,38.77,12.02,46.94,47.94,45.8,35.68,35.68,35.68,35.68,50.0,48.0,,,,,,
2019-12-06 07:00:00+01:00,,51.0,,40.7,69.04,56.61,,54.5,,38.86,38.86,38.86,47.15,48.59,42.68,53.38,46.79,,68.41,53.38,58.9,,29.31,,,,60.47,60.47,,53.38,60.47,60.47,67.94,60.47,47.15,47.15,,,,,40.7,38.86,38.86,38.86,38.86,38.86,12.21,48.59,58.83,59.53,38.86,38.86,38.86,38.86,53.38,56.17,,,,,,
2019-12-06 08:00:00+01:00,,50.97,,41.31,69.04,57.04,,54.0,,40.25,40.25,39.99,47.13,48.59,42.75,55.99,50.9,,67.9,60.47,67.47,,48.49,,,,60.47,60.47,,60.47,60.47,60.47,63.17,60.47,47.13,47.13,,,,,41.31,39.99,39.99,39.99,39.99,39.99,13.58,48.59,67.39,62.08,39.99,39.99,39.99,39.99,60.47,67.47,,,,,,
2019-12-06 09:00:00+01:00,,51.0,,49.9,56.82,57.0,,54.73,,37.96,37.96,38.89,46.77,49.51,45.8,56.16,54.88,,65.2,56.16,63.31,,52.29,,,,60.47,60.47,,56.16,60.47,60.47,91.96,60.47,46.77,46.77,,,,,49.9,39.43,39.43,38.89,38.89,39.43,13.71,49.51,63.24,59.75,38.89,38.89,38.89,38.89,56.16,63.31,,,,,,
2019-12-06 10:00:00+01:00,,51.0,,50.8,56.76,54.99,,54.0,,38.92,38.92,38.92,38.92,50.49,38.92,54.44,55.76,,65.2,54.44,56.8,,53.12,,,,54.44,54.44,,54.44,54.44,54.44,86.11,54.44,38.92,38.92,,,,,50.8,39.44,39.44,38.92,38.92,39.44,13.11,50.49,56.74,54.92,38.92,38.92,38.92,38.92,54.44,56.8,,,,,,
2019-12-06 11:00:00+01:00,,50.9,,52.11,55.88,53.97,,52.82,,38.9,38.9,38.9,38.9,48.63,38.9,53.12,53.53,,64.45,53.12,56.2,,51.0,,,,53.12,53.12,,53.12,53.12,53.12,55.0,53.12,38.9,38.9,,,,,48.5,39.34,39.34,38.9,38.9,39.34,13.02,48.63,56.14,54.22,38.9,38.9,38.9,38.9,53.12,56.2,,,,,,
2019-12-06 12:00:00+01:00,,50.98,,50.74,56.79,51.33,,51.02,,37.08,37.08,37.99,54.5,48.5,46.83,50.99,52.13,,65.2,50.99,55.9,,50.11,,,,50.99,50.99,,50.99,50.99,50.99,50.99,50.99,54.5,54.5,,,,,44.55,39.31,39.31,37.99,37.99,39.31,12.74,48.5,55.84,53.26,37.99,37.99,37.99,37.99,50.99,55.9,,,,,,
2019-12-06 13:00:00+01:00,,50.91,,48.17,56.85,51.03,,51.12,,37.79,37.79,37.79,54.52,48.31,45.79,48.31,49.49,,65.2,50.91,56.5,,48.29,,,,50.91,50.91,,50.91,50.91,50.91,50.91,50.91,54.52,54.52,,,,,43.6,39.19,39.19,37.79,37.79,39.19,12.74,48.31,56.44,51.89,37.79,37.79,37.79,37.79,50.91,56.5,,,,,,
2019-12-06 14:00:00+01:00,,51.75,,46.42,58.83,51.37,,51.01,,37.6,37.6,37.6,51.03,46.56,51.03,46.56,47.7,,67.9,51.75,56.75,,46.54,,,,51.75,51.75,,51.75,51.75,51.75,75.37,51.75,51.03,51.03,,,,,40.48,39.18,39.18,37.6,37.6,39.18,12.69,46.56,56.69,52.93,37.6,37.6,37.6,37.6,51.75,56.75,,,,,,
2019-12-06 15:00:00+01:00,,51.93,,43.87,69.03,51.34,,52.18,,35.36,35.36,37.43,54.96,44.0,54.96,44.0,45.07,,69.35,54.17,57.89,,44.0,,,,60.67,60.67,,54.17,60.67,60.67,65.17,60.67,54.96,54.96,,,,,42.25,39.14,39.14,37.43,37.43,39.14,12.85,44.0,57.83,53.06,37.43,37.43,37.43,37.43,54.17,57.89,,,,,,
2019-12-06 16:00:00+01:00,,51.96,,44.85,69.04,51.59,,56.13,,39.4,39.4,39.4,54.1,44.98,54.1,44.98,46.08,,69.78,72.76,62.69,,43.89,,,,60.67,60.67,,60.67,60.67,60.67,119.06,60.67,54.1,54.1,,,,,44.66,39.4,39.4,38.0,38.0,39.4,13.57,44.98,62.62,58.97,38.0,38.0,39.4,39.4,60.67,59.15,,,,,,
2019-12-06 17:00:00+01:00,,51.07,,47.99,66.5,53.01,,57.08,,40.07,40.07,40.07,55.6,51.39,55.6,51.39,52.65,,69.12,60.71,64.98,,54.97,,,,60.71,77.98,,60.71,77.98,77.98,120.06,77.98,55.6,55.6,,,,,44.1,40.07,40.07,37.98,37.98,40.07,12.99,51.39,64.91,62.98,37.98,37.98,40.07,40.07,60.71,57.08,,,,,,
2019-12-06 18:00:00+01:00,,50.0,,50.95,59.95,55.06,,55.02,,37.8,37.8,37.8,54.01,54.6,54.01,54.6,61.74,,69.87,57.27,60.21,,64.72,,,,57.27,77.98,,57.27,77.98,77.98,120.06,77.98,54.01,54.01,,,,,38.99,38.9,38.9,37.8,37.8,39.03,12.75,54.6,60.14,59.97,37.8,37.8,37.8,37.8,57.27,55.02,,,,,,
2019-12-06 19:00:00+01:00,,48.99,,46.09,46.94,54.66,,53.7,,32.82,37.18,37.18,37.18,54.49,37.18,54.49,55.83,,69.87,54.49,56.13,,58.52,,,,54.49,60.79,,54.49,60.79,60.79,121.06,60.79,37.18,37.18,,,,,37.18,38.41,38.41,37.18,37.18,38.41,12.58,54.49,56.07,55.74,37.18,37.18,37.18,37.18,54.49,53.7,,,,,,
2019-12-06 20:00:00+01:00,,48.91,,43.72,46.07,51.35,,48.0,,28.09,35.1,35.83,35.83,52.75,35.83,52.75,54.05,,69.39,52.75,52.14,,56.65,,,,52.75,58.0,,52.75,58.0,58.0,120.06,58.0,35.83,35.83,,,,,35.1,37.85,37.85,35.83,35.83,37.85,11.69,52.75,52.08,52.81,35.83,35.83,35.83,35.83,52.75,48.0,,,,,,
2019-12-06 21:00:00+01:00,,36.1,,41.01,37.0,47.0,,35.1,,26.03,35.4,35.4,35.4,51.06,35.4,47.96,49.15,,68.4,46.1,44.96,,51.51,,,,49.09,49.53,,49.09,49.53,49.53,101.94,49.53,35.4,35.4,,,,,35.98,37.17,37.17,35.4,35.4,37.17,10.1,51.06,44.91,46.24,35.4,35.4,35.4,35.4,46.1,40.23,,,,,,
2019-12-06 22:00:00+01:00,,35.09,,41.43,34.05,46.05,,35.1,,25.81,33.79,33.79,33.79,48.79,33.79,48.79,47.7,,67.9,36.39,41.94,,50.0,,,,49.0,49.0,,49.0,49.0,49.0,67.17,49.0,33.79,33.79,,,,,36.0,37.37,37.37,33.79,33.79,37.37,10.14,48.79,41.9,43.0,33.79,33.79,33.79,33.79,36.39,41.94,,,,,,
2019-12-06 23:00:00+01:00,,28.05,,43.46,30.04,43.66,,25.39,,16.1,16.1,16.1,32.18,47.54,32.18,47.54,46.49,,69.25,28.05,36.97,,47.56,,,,47.54,47.54,,47.54,47.54,47.54,62.0,47.54,32.18,32.18,,,,,33.3,37.34,37.34,32.18,32.18,37.34,9.25,47.54,36.93,36.55,32.18,32.18,32.18,32.18,28.05,36.97,,,,,,
2019-12-07 00:00:00+01:00,,32.1,,36.04,26.95,44.23,,24.87,,14.55,14.55,14.55,29.07,47.68,29.07,46.82,48.03,,63.09,47.66,37.27,,49.09,,,,47.66,50.11,,47.66,50.11,50.11,50.11,50.11,29.07,29.07,,,,,30.7,36.46,36.46,30.84,30.84,36.46,7.57,47.68,37.24,38.97,29.07,29.07,29.07,29.07,47.66,24.87,,,,,,
2019-12-07 01:00:00+01:00,,32.07,,43.63,22.95,42.02,,24.73,,4.16,4.16,4.16,26.94,45.86,26.94,45.86,44.89,,62.62,46.36,34.67,,44.0,,,,46.36,46.36,,46.36,46.36,46.36,46.36,46.36,26.94,26.94,,,,,33.9,36.66,36.66,30.67,30.67,36.66,6.3,45.86,34.65,35.06,26.94,26.94,26.94,26.94,46.36,24.73,,,,,,
2019-12-07 02:00:00+01:00,,32.05,,30.53,22.55,40.44,,23.94,,0.06,0.06,0.06,24.25,43.94,24.25,43.04,42.14,,58.49,33.0,30.75,,40.08,,,,44.04,44.04,,44.04,44.04,44.04,44.04,44.04,24.25,24.25,,,,,30.0,36.54,36.54,30.59,30.59,36.54,5.67,43.94,30.72,32.05,24.25,24.25,24.25,24.25,33.0,27.6,,,,,,
2019-12-07 03:00:00+01:00,,32.06,,26.56,22.54,39.4,,25.16,,-4.97,-2.68,-2.68,23.32,45.07,23.32,38.81,37.99,,37.96,33.0,28.7,,36.14,,,,42.52,42.52,,42.52,42.52,42.52,42.52,42.52,23.32,23.32,,,,,27.86,36.13,36.13,30.7,30.7,36.13,5.45,45.07,28.69,31.56,23.32,23.32,23.32,23.32,33.0,26.4,,,,,,
2019-12-07 04:00:00+01:00,,32.08,,24.57,22.54,38.06,,26.97,,-7.17,-2.71,-2.71,25.01,44.69,25.01,37.24,36.47,,41.76,42.24,30.09,,34.68,,,,43.1,43.1,,43.1,43.1,43.1,43.1,43.1,25.01,25.01,,,,,25.5,35.96,35.96,30.97,30.97,35.96,5.84,44.69,30.07,30.63,25.01,25.01,25.01,25.01,42.24,27.1,,,,,,
2019-12-07 05:00:00+01:00,,33.01,,27.77,35.06,39.04,,25.25,,0.07,0.07,0.07,26.24,44.69,26.24,38.73,37.91,,58.49,45.0,36.93,,36.06,,,,45.0,45.0,,45.0,45.0,45.0,45.0,45.0,26.24,26.24,,,,,31.5,35.19,35.19,31.03,31.03,35.19,6.13,44.69,36.91,36.99,26.24,26.24,26.24,26.24,45.0,25.25,,,,,,
2019-12-07 06:00:00+01:00,,33.03,,41.56,50.18,42.27,,24.98,,-2.44,13.3,31.59,31.59,43.94,31.59,43.68,42.76,,62.7,49.67,39.95,,40.67,,,,49.67,49.67,,49.67,49.67,49.67,49.67,49.67,31.59,31.59,,,,,32.5,35.12,35.12,33.76,31.59,35.12,8.56,43.94,39.93,38.92,31.59,31.59,31.59,31.59,49.67,24.98,,,,,,
2019-12-07 07:00:00+01:00,,33.0,,43.25,65.46,48.14,,34.0,,25.63,26.7,33.66,33.66,47.44,33.66,47.44,46.45,,62.66,48.64,62.18,,43.07,,,,48.64,50.11,,48.64,50.11,50.11,60.0,50.11,33.66,33.66,,,,,33.9,35.94,35.94,33.66,33.66,35.94,9.29,47.44,62.14,48.68,33.66,33.66,33.66,33.66,48.64,34.0,,,,,,
2019-12-07 08:00:00+01:00,,35.08,,41.84,63.93,49.17,,41.53,,27.39,28.28,34.74,34.74,48.54,34.74,48.54,47.53,,66.62,60.94,68.88,,46.3,,,,51.48,58.0,,51.48,58.0,58.0,91.31,58.0,34.74,34.74,,,,,33.0,37.07,37.07,34.74,34.74,37.07,9.3,48.54,68.84,56.94,34.74,34.74,34.74,34.74,51.48,41.53,,,,,,
2019-12-07 09:00:00+01:00,,38.97,,50.06,63.93,50.7,,48.06,,34.18,36.06,36.06,36.06,50.21,36.06,50.21,51.53,,65.2,74.01,82.17,,52.64,,,,50.21,50.21,,50.21,50.21,50.21,75.0,50.21,36.06,36.06,,,,,41.95,37.73,37.73,36.06,36.06,37.73,10.93,50.21,82.12,54.87,36.06,36.06,36.06,36.06,50.21,50.13,,,,,,
2019-12-07 10:00:00+01:00,,40.9,,48.25,63.95,50.32,,48.01,,33.57,34.8,36.3,36.3,50.39,36.3,50.39,56.52,,64.55,72.12,75.73,,57.73,,,,50.39,50.39,,50.39,50.39,50.39,50.39,50.39,36.3,36.3,,,,,39.29,38.04,38.04,36.3,36.3,38.04,10.96,50.39,75.68,55.05,36.3,36.3,36.3,36.3,50.39,50.42,,,,,,
2019-12-07 11:00:00+01:00,,40.41,,40.18,69.04,49.3,,47.81,,36.5,36.5,36.5,36.5,49.71,36.5,49.71,55.38,,62.65,71.03,70.97,,56.57,,,,49.71,49.71,,49.71,49.71,49.71,49.71,49.71,36.5,36.5,,,,,39.16,37.9,37.9,36.5,36.5,37.9,9.27,49.71,70.93,51.0,36.5,36.5,36.5,36.5,49.71,49.1,,,,,,
2019-12-07 12:00:00+01:00,,38.68,,45.35,70.08,47.91,,44.16,,35.01,35.01,35.88,35.88,49.51,35.88,49.51,54.27,,62.66,71.08,74.36,,51.59,,,,49.51,49.51,,49.51,49.51,49.51,49.51,49.51,35.88,35.88,,,,,37.5,37.62,37.62,35.88,35.88,37.62,9.16,49.51,74.31,49.07,35.88,35.88,35.88,35.88,49.51,47.7,,,,,,
2019-12-07 13:00:00+01:00,,36.83,,43.45,73.81,45.56,,40.67,,33.07,33.07,35.57,35.57,48.23,35.57,48.23,50.17,,62.23,71.2,68.88,,47.69,,,,48.23,48.23,,48.23,48.23,48.23,48.23,48.23,35.57,35.57,,,,,36.26,37.46,37.46,35.57,35.57,37.46,9.07,48.23,68.84,47.08,35.57,35.57,35.57,35.57,48.23,42.0,,,,,,
2019-12-07 14:00:00+01:00,,38.53,,44.89,71.73,43.83,,38.1,,35.37,35.37,35.93,35.93,47.08,35.93,47.08,48.33,,63.62,74.03,66.79,,45.94,,,,47.08,47.08,,47.08,47.08,47.08,50.0,47.08,35.93,35.93,,,,,39.08,37.83,37.83,35.93,35.93,37.83,8.9,47.08,66.74,46.94,35.93,35.93,35.93,35.93,47.08,38.9,,,,,,
2019-12-07 15:00:00+01:00,,39.78,,43.17,94.9,44.57,,40.05,,38.03,38.03,38.03,38.03,44.69,38.03,44.69,44.44,,65.2,75.07,90.01,,40.0,,,,49.69,50.11,,49.69,50.11,50.11,87.18,50.11,38.03,38.03,,,,,39.41,38.15,38.15,38.03,38.03,38.15,9.15,44.69,89.95,48.98,38.03,38.03,38.03,38.03,49.69,40.4,,,,,,
2019-12-07 16:00:00+01:00,,41.43,,45.04,69.07,48.09,,45.06,,39.04,39.04,39.04,39.04,45.04,39.04,45.04,46.23,,65.2,115.08,125.4,,37.0,,,,48.39,58.0,,48.39,58.0,58.0,102.9,58.0,39.04,39.04,,,,,44.72,39.04,39.04,39.04,39.04,39.04,10.9,45.04,125.33,59.92,39.04,39.04,39.04,39.04,48.39,45.06,,,,,,
2019-12-07 17:00:00+01:00,,44.27,,50.94,69.06,51.14,,39.0,,41.29,41.29,41.29,40.3,48.8,40.3,48.8,50.09,,69.34,125.01,100.07,,45.0,,,,51.66,68.42,,51.66,68.42,68.42,120.06,68.42,40.3,40.3,,,,,48.46,40.3,40.3,40.01,40.01,40.3,9.41,48.8,100.01,62.44,40.01,40.01,40.3,40.3,51.66,39.0,,,,,,
2019-12-07 18:00:00+01:00,,45.65,,51.61,69.04,52.04,,41.99,,42.68,42.68,42.68,40.48,51.76,40.48,51.76,53.14,,69.77,100.04,100.01,,50.51,,,,52.0,72.11,,52.0,72.11,72.11,120.06,72.11,40.48,40.48,,,,,51.4,40.48,40.48,39.92,39.92,40.48,9.56,51.76,99.95,58.67,39.92,39.92,40.48,40.48,52.0,41.99,,,,,,
2019-12-07 19:00:00+01:00,,42.94,,47.79,69.04,51.95,,40.67,,39.97,39.97,39.01,39.01,50.23,39.01,50.23,49.21,,69.85,77.27,68.88,,45.0,,,,50.23,77.98,,50.23,77.98,77.98,120.06,77.98,39.01,39.01,,,,,43.13,39.01,39.01,39.01,39.01,39.01,9.15,50.23,68.84,58.6,39.01,39.01,39.01,39.01,50.23,40.67,,,,,,
2019-12-07 20:00:00+01:00,,38.21,,42.77,64.38,50.1,,41.27,,35.17,35.17,36.13,36.13,48.4,36.13,48.17,47.19,,69.33,74.21,59.41,,31.0,,,,50.23,60.67,,50.23,60.67,60.67,120.06,60.67,36.13,36.13,,,,,35.17,38.05,38.05,36.13,36.13,38.05,9.3,48.4,59.37,51.9,36.13,36.13,36.13,36.13,50.23,41.27,,,,,,
2019-12-07 21:00:00+01:00,,36.2,,35.05,54.48,47.04,,34.13,,34.21,35.05,35.05,35.05,48.01,35.05,40.89,41.43,,63.67,62.15,49.0,,26.97,,,,49.2,55.0,,49.2,55.0,55.0,102.9,55.0,35.05,35.05,,,,,35.05,37.32,37.32,35.05,35.05,37.32,8.59,48.01,48.97,43.08,35.05,35.05,35.05,35.05,49.2,37.5,,,,,,
2019-12-07 22:00:00+01:00,,35.02,,36.07,50.17,46.04,,29.0,,33.81,34.56,34.56,34.56,46.8,34.56,39.07,38.29,,62.69,48.6,47.8,,10.0,,,,48.6,50.0,,48.6,50.0,50.0,97.0,50.0,34.56,34.56,,,,,36.07,37.26,37.26,34.56,34.56,37.26,8.1,46.8,47.77,40.9,34.56,34.56,34.56,34.56,48.6,29.0,,,,,,
2019-12-07 23:00:00+01:00,,31.68,,30.48,30.0,43.89,,24.17,,28.72,31.98,31.98,31.98,43.5,31.98,43.5,31.51,,62.7,45.0,36.69,,0.0,,,,45.0,49.5,,45.0,49.5,49.5,75.4,49.5,31.98,31.98,,,,,30.48,36.92,36.92,31.98,31.98,36.92,7.47,43.5,36.67,36.04,31.98,31.98,31.98,31.98,45.0,24.17,,,,,,
2019-12-08 00:00:00+01:00,,31.09,,-10.14,48.15,41.46,,0.01,,1.34,25.65,25.65,25.65,44.85,25.65,39.03,21.32,,62.62,42.5,35.58,,-0.25,,,,42.5,54.69,,42.5,54.69,54.69,54.69,54.69,25.65,25.65,,,,,21.97,37.09,37.09,30.25,30.25,37.09,5.99,44.85,37.24,56.05,25.65,25.65,25.65,25.65,42.5,0.01,,,,,,
2019-12-08 01:00:00+01:00,,31.6,,-9.35,42.01,39.93,,2.0,,-0.26,17.77,22.85,22.85,43.94,22.85,35.46,20.15,,62.59,31.6,27.77,,-0.51,,,,40.76,46.35,,40.76,46.35,46.35,46.35,46.35,22.85,22.85,,,,,20.76,36.94,36.94,30.1,30.1,36.94,5.34,43.94,34.65,42.73,22.85,22.85,22.85,22.85,31.6,2.0,,,,,,
2019-12-08 02:00:00+01:00,,31.08,,6.7,22.54,37.68,,4.0,,-11.71,0.1,22.25,22.25,41.41,22.25,33.43,6.88,,62.5,31.08,16.99,,-1.0,,,,40.0,45.44,,40.0,45.44,45.44,45.44,45.44,22.25,22.25,,,,,7.09,36.58,36.58,30.43,30.43,36.58,5.2,41.41,30.73,32.05,22.25,22.25,22.25,22.25,31.08,4.0,,,,,,
2019-12-08 03:00:00+01:00,,32.03,,1.21,22.54,37.51,,15.7,,-14.72,-2.74,22.31,22.31,37.1,22.31,13.59,1.17,,55.0,32.03,15.7,,-1.1,,,,38.89,44.0,,38.89,44.0,44.0,44.0,44.0,22.31,22.31,,,,,1.14,36.61,36.61,30.97,30.97,36.61,5.21,37.1,28.69,32.03,22.31,22.31,22.31,22.31,32.03,15.7,,,,,,
2019-12-08 04:00:00+01:00,,31.6,,-3.13,22.53,35.59,,11.61,,-39.98,-12.16,22.68,22.68,36.3,22.68,15.01,0.01,,54.0,31.6,17.98,,-10.0,,,,38.42,44.0,,38.42,44.0,44.0,44.0,44.0,22.68,22.68,,,,,0.01,36.67,36.67,31.3,31.3,36.67,5.3,36.85,30.08,20.04,22.68,22.68,22.68,22.68,31.6,11.61,,,,,,
2019-12-08 05:00:00+01:00,,32.03,,-7.26,22.54,37.64,,4.19,,-49.91,-15.05,23.76,23.76,36.3,23.76,13.05,0.0,,61.92,32.03,26.49,,-10.0,,,,37.5,45.44,,37.5,45.44,45.44,45.44,45.44,23.76,23.76,,,,,0.0,36.95,36.95,31.43,31.43,36.95,5.55,36.85,36.91,35.12,23.76,23.76,23.76,23.76,32.03,4.19,,,,,,
2019-12-08 06:00:00+01:00,,32.1,,-6.52,22.55,38.53,,20.62,,-50.43,-15.06,14.51,28.48,36.2,28.48,13.67,0.01,,61.92,32.1,27.04,,-11.86,,,,38.5,45.98,,38.5,45.98,45.98,45.98,45.98,28.48,28.48,,,,,0.01,37.01,37.01,35.07,31.46,37.01,6.65,36.2,39.93,56.06,28.48,28.48,28.48,28.48,32.1,20.62,,,,,,
2019-12-08 07:00:00+01:00,,33.02,,-7.08,22.54,40.5,,29.3,,-49.95,-15.04,-2.75,32.28,36.85,32.28,12.63,2.15,,62.5,33.02,32.88,,-10.0,,,,41.62,45.97,,41.62,45.97,45.97,45.97,45.97,32.28,32.28,,,,,2.22,37.28,37.28,35.12,32.28,37.28,7.54,36.85,62.14,59.96,32.28,32.28,32.28,32.28,33.02,29.3,,,,,,
2019-12-08 08:00:00+01:00,,35.05,,1.45,26.94,41.57,,39.0,,-49.91,-13.39,-7.97,34.14,36.85,34.14,18.15,17.74,,58.81,41.22,41.23,,-1.0,,,,41.22,45.99,,41.22,45.99,45.99,45.99,45.99,34.14,34.14,,,,,29.9,37.46,37.46,34.14,34.14,37.46,7.97,36.85,68.84,38.59,34.14,34.14,34.14,34.14,41.22,39.0,,,,,,
2019-12-08 09:00:00+01:00,,43.06,,30.0,27.97,42.66,,43.13,,-49.92,-12.14,-5.4,35.27,37.1,35.27,30.09,30.83,,61.0,43.06,45.83,,-0.3,,,,43.06,45.98,,43.06,45.98,45.98,45.98,45.98,35.27,35.27,,,,,31.75,37.62,37.62,35.27,35.27,37.62,8.24,37.1,82.13,48.02,35.27,35.27,35.27,35.27,43.06,43.13,,,,,,
2019-12-08 10:00:00+01:00,,43.15,,14.39,27.9,42.47,,44.8,,-49.98,-11.0,2.44,35.97,40.0,35.97,36.53,37.43,,62.54,45.94,46.99,,-0.1,,,,45.94,45.94,,45.94,45.94,45.94,45.94,45.94,35.97,35.97,,,,,36.79,38.01,38.01,35.97,35.97,38.01,8.4,40.0,75.69,56.05,35.97,35.97,35.97,35.97,45.94,44.8,,,,,,
2019-12-08 11:00:00+01:00,,43.52,,32.0,30.5,42.93,,47.91,,-35.34,-8.96,7.33,36.38,40.57,36.38,37.17,38.08,,62.45,46.0,50.0,,-0.1,,,,46.0,46.0,,46.0,46.0,46.0,46.0,46.0,36.38,36.38,,,,,36.91,38.13,38.13,36.38,36.38,38.13,8.49,40.57,70.93,56.02,36.38,36.38,36.38,36.38,46.0,47.91,,,,,,
2019-12-08 12:00:00+01:00,,43.04,,24.73,34.12,42.98,,42.0,,-22.41,-6.87,5.56,35.75,39.49,35.75,39.49,40.46,,62.45,45.69,50.02,,0.0,,,,45.69,45.69,,45.69,45.69,45.69,45.69,45.69,35.75,35.75,,,,,36.66,37.87,37.87,35.75,35.75,37.87,8.35,39.49,74.32,56.03,35.75,35.75,35.75,35.75,45.69,42.0,,,,,,
2019-12-08 13:00:00+01:00,,35.06,,28.16,35.84,40.84,,41.0,,-2.01,-2.01,1.15,35.92,42.01,35.92,37.07,39.22,,59.53,44.52,45.1,,10.18,,,,44.52,44.9,,44.52,44.9,44.9,44.9,44.9,35.92,35.92,,,,,36.67,37.89,37.89,35.92,35.92,37.89,8.39,42.01,68.84,48.0,35.92,35.92,35.92,35.92,44.52,41.0,,,,,,
2019-12-08 14:00:00+01:00,,35.01,,24.91,46.0,41.05,,38.0,,-0.08,-0.08,-0.08,35.52,42.0,35.52,32.4,45.11,,61.85,44.64,48.16,,11.86,,,,44.64,45.9,,44.64,45.9,45.9,45.9,45.9,35.52,35.52,,,,,36.83,38.05,38.05,35.52,35.52,38.05,8.29,42.0,66.75,42.95,35.52,35.52,35.52,35.52,44.64,38.0,,,,,,
2019-12-08 15:00:00+01:00,,34.02,,24.0,52.69,42.57,,42.0,,0.35,0.35,5.16,35.52,38.11,35.52,29.78,47.49,,62.68,36.11,50.02,,2.0,,,,46.0,54.69,,46.0,54.69,54.69,54.69,54.69,35.52,35.52,,,,,39.43,38.17,38.17,35.52,35.52,38.17,8.29,38.11,89.96,35.89,35.52,35.52,35.52,35.52,36.11,42.0,,,,,,
2019-12-08 16:00:00+01:00,,35.1,,25.19,66.49,43.73,,70.1,,4.13,4.13,37.45,37.45,38.05,37.45,28.69,39.98,,69.26,49.71,70.1,,15.0,,,,49.71,60.47,,49.71,60.47,60.47,66.18,60.47,37.45,37.45,,,,,38.73,38.23,38.23,37.45,37.45,38.23,8.74,38.05,125.34,53.37,37.45,37.45,37.45,37.45,49.71,70.1,,,,,,
2019-12-08 17:00:00+01:00,,35.08,,49.59,76.23,48.03,,44.43,,15.23,15.23,37.64,37.64,41.1,37.64,38.61,61.07,,69.82,50.26,73.04,,45.0,,,,50.26,73.11,,50.26,73.11,73.11,96.31,73.11,37.64,37.64,,,,,59.16,38.5,38.5,37.64,37.64,38.5,8.89,41.1,100.02,62.15,37.64,37.64,37.64,37.64,50.26,44.43,,,,,,
2019-12-08 18:00:00+01:00,,43.02,,44.0,66.48,48.46,,48.53,,14.0,14.0,36.95,36.95,46.94,36.95,46.74,68.16,,69.33,50.59,70.94,,69.72,,,,50.63,77.98,,50.59,77.98,77.98,102.31,77.98,36.95,36.95,,,,,45.0,38.5,38.5,36.95,36.95,38.5,8.89,46.94,99.96,63.16,36.95,36.95,36.95,36.95,50.59,48.53,,,,,,
2019-12-08 19:00:00+01:00,,35.07,,44.0,66.48,48.31,,64.34,,12.08,12.08,35.84,35.84,48.2,35.84,46.11,59.79,,69.82,50.61,67.98,,58.31,,,,65.01,77.98,,50.61,77.98,77.98,102.18,77.98,35.84,35.84,,,,,43.0,38.41,38.41,35.84,35.84,38.41,8.93,48.2,68.84,58.77,35.84,35.84,35.84,35.84,50.61,64.34,,,,,,
2019-12-08 20:00:00+01:00,,35.01,,35.6,61.4,48.07,,45.0,,0.44,0.44,14.52,34.89,48.6,34.89,44.36,50.59,,68.66,50.0,65.93,,48.16,,,,50.65,77.98,,50.0,77.98,77.98,102.18,77.98,34.89,34.89,,,,,36.2,38.03,38.03,35.52,34.89,38.03,8.82,48.6,59.37,56.03,34.89,34.89,34.89,34.89,50.0,45.0,,,,,,
2019-12-08 21:00:00+01:00,,33.08,,29.41,61.36,46.83,,38.66,,0.07,0.07,7.81,34.08,48.6,34.08,38.59,49.88,,68.64,35.1,50.02,,47.48,,,,47.11,70.0,,47.09,70.0,70.0,97.31,70.0,34.08,34.08,,,,,35.0,37.44,37.44,35.26,34.08,37.44,7.96,48.6,48.97,41.4,34.08,34.08,34.08,34.08,35.1,38.66,,,,,,
2019-12-08 22:00:00+01:00,,34.04,,29.19,52.69,43.96,,36.0,,0.49,0.49,0.49,32.6,44.85,32.6,40.83,41.85,,68.59,44.1,45.83,,30.0,,,,44.1,60.47,,44.1,60.47,60.47,91.31,60.47,32.6,32.6,,,,,34.9,37.37,37.37,35.31,32.6,37.37,7.61,44.85,47.77,49.71,32.6,32.6,32.6,32.6,44.1,36.0,,,,,,
2019-12-08 23:00:00+01:00,,32.09,,23.88,50.17,41.21,,24.87,,-14.72,-6.82,-6.82,6.35,38.05,6.35,36.42,35.63,,62.62,32.09,31.23,,5.0,,,,42.99,54.69,,42.99,54.69,54.69,54.69,54.69,6.35,6.35,,,,,30.6,37.29,37.29,35.41,31.64,37.29,6.06,38.05,36.68,39.6,6.35,6.35,6.35,6.35,32.09,24.87,,,,,,
2019-12-09 00:00:00+01:00,,33.03,,17.17,22.54,39.19,,24.0,,-11.1,-11.1,-11.1,4.32,35.7,4.32,23.33,22.82,,62.41,33.03,33.48,,-1.1,,,,39.88,44.69,,39.88,44.69,44.69,44.69,44.69,4.32,4.32,,,,,22.1,37.28,37.28,31.6,31.6,37.28,5.18,35.7,33.48,27.73,4.32,4.32,4.32,4.32,33.03,24.0,,,,,,
2019-12-09 01:00:00+01:00,,33.01,,14.34,22.54,37.6,,21.59,,-15.1,-15.1,-15.1,3.06,30.0,3.06,19.08,18.66,,61.99,33.01,29.87,,-4.7,,,,37.18,37.18,,37.18,37.18,37.18,37.18,37.18,3.06,3.06,,,,,18.08,37.22,37.22,31.45,31.45,37.22,4.62,30.0,29.87,30.39,3.06,3.06,3.06,3.06,33.01,21.59,,,,,,
2019-12-09 02:00:00+01:00,,32.0,,9.68,22.54,36.17,,21.08,,-16.09,-16.09,-16.09,1.72,28.61,1.72,14.28,13.98,,38.0,32.0,23.02,,-5.04,,,,32.0,32.0,,32.0,32.0,32.0,32.0,32.0,1.72,1.72,,,,,13.54,37.22,37.22,31.36,31.36,37.22,4.47,28.61,23.02,25.03,1.72,1.72,1.72,1.72,32.0,21.08,,,,,,
2019-12-09 03:00:00+01:00,,27.86,,-0.23,22.54,35.23,,20.0,,-14.99,-14.99,-14.99,3.08,28.61,3.08,4.18,0.0,,34.0,27.86,22.42,,-5.99,,,,27.86,27.86,,27.86,27.86,27.86,27.86,27.86,3.08,3.08,,,,,0.0,37.22,37.22,31.43,31.43,37.22,4.6,28.61,22.42,20.06,3.08,3.08,3.08,3.08,27.86,20.0,,,,,,
2019-12-09 04:00:00+01:00,,30.01,,-3.47,44.98,36.03,,23.5,,-12.76,-12.76,-12.76,15.82,28.61,15.82,0.42,-3.37,,54.0,30.01,27.95,,-5.0,,,,30.01,30.01,,30.01,30.01,30.01,30.01,30.01,15.82,15.82,,,,,-3.47,37.41,37.41,31.56,31.56,37.41,4.98,28.61,27.95,20.99,15.82,15.82,15.82,15.82,30.01,23.5,,,,,,
2019-12-09 05:00:00+01:00,,37.0,,0.1,50.19,39.31,,33.5,,-5.85,-5.85,-5.85,34.02,28.97,34.02,5.82,0.1,,62.62,38.9,40.09,,-4.7,,,,38.9,38.9,,38.9,38.9,38.9,38.9,38.9,34.02,34.02,,,,,0.1,37.45,37.45,34.02,34.02,37.45,7.94,28.97,40.09,34.45,34.02,34.02,34.02,34.02,38.9,33.5,,,,,,
2019-12-09 06:00:00+01:00,,48.69,,30.9,61.4,45.5,,46.1,,27.23,27.23,36.37,36.37,33.6,36.37,33.6,29.16,,64.89,48.69,48.76,,-1.0,,,,48.69,48.69,,48.69,48.69,48.69,48.69,48.69,36.37,36.37,,,,,30.0,36.94,36.94,36.37,36.37,37.25,11.09,33.6,48.76,43.14,36.37,36.37,36.37,36.37,48.69,46.21,,,,,,
2019-12-09 07:00:00+01:00,,50.91,,41.9,69.59,48.45,,51.9,,38.57,38.57,38.57,38.57,43.48,38.57,43.48,42.56,,64.89,50.91,55.14,,27.93,,,,50.91,50.91,,50.91,50.91,50.91,89.94,50.91,38.57,38.57,,,,,41.9,38.57,38.57,38.57,38.57,38.57,11.25,43.48,55.14,58.01,38.57,38.57,38.57,38.57,50.91,51.9,,,,,,
2019-12-09 08:00:00+01:00,,50.95,,43.33,69.59,49.5,,49.13,,39.99,39.99,39.99,46.72,45.44,41.72,45.44,44.57,,69.25,52.06,59.05,,39.05,,,,52.06,52.06,,52.06,52.06,52.06,89.94,52.06,46.72,46.72,,,,,43.33,39.99,39.99,39.99,39.99,39.99,12.76,45.44,59.05,65.04,39.99,39.99,39.99,39.99,52.06,56.55,,,,,,
2019-12-09 09:00:00+01:00,,50.99,,46.15,69.08,49.43,,48.0,,39.77,39.77,39.77,46.74,46.25,42.26,46.25,47.48,,67.89,52.06,56.73,,48.52,,,,52.06,52.06,,52.06,52.06,52.06,89.94,52.06,46.74,46.74,,,,,46.15,39.77,39.77,39.77,39.77,39.77,12.98,46.25,56.73,64.9,39.77,39.77,39.77,39.77,52.06,56.73,,,,,,
2019-12-09 10:00:00+01:00,,50.92,,46.21,63.95,49.53,,46.0,,39.58,39.58,39.58,39.58,45.64,39.58,45.64,47.54,,66.56,50.92,55.62,,48.59,,,,50.92,50.92,,50.92,50.92,50.92,65.0,50.92,39.58,39.58,,,,,46.27,39.58,39.58,39.58,39.58,39.58,12.83,45.64,55.62,61.93,39.58,39.58,39.58,39.58,50.92,55.1,,,,,,
2019-12-09 11:00:00+01:00,,50.23,,44.38,61.4,48.1,,44.8,,39.73,39.73,39.73,39.73,44.51,39.73,44.51,45.66,,65.2,50.23,59.15,,48.98,,,,50.07,50.07,,50.07,50.07,45.07,50.07,50.07,39.73,39.73,,,,,44.2,39.73,39.73,39.73,39.73,39.73,13.55,44.51,59.16,61.1,39.73,39.73,39.73,39.73,50.23,59.0,,,,,,
2019-12-09 12:00:00+01:00,,50.02,,41.75,63.92,48.0,,46.0,,39.91,39.91,39.91,46.01,43.06,42.38,43.06,44.18,,65.2,50.02,62.74,,62.94,,,,49.0,49.0,,49.0,49.0,40.0,49.0,49.0,46.01,46.01,,,,,41.23,39.91,39.91,39.91,39.91,39.91,13.56,43.06,62.74,62.77,39.91,39.91,39.91,39.91,50.02,59.94,,,,,,
2019-12-09 13:00:00+01:00,,49.99,,42.0,69.94,47.96,,45.31,,39.93,39.93,39.93,46.02,43.07,42.97,43.07,44.19,,64.89,49.99,65.06,,82.58,,,,49.4,49.4,,49.4,49.4,3.0,49.4,49.4,46.02,46.02,,,,,41.25,39.93,39.93,39.93,39.93,39.93,13.36,43.07,65.06,61.07,39.93,39.93,39.93,39.93,49.99,59.94,,,,,,
2019-12-09 14:00:00+01:00,,50.04,,41.58,70.07,49.04,,45.91,,39.97,39.97,39.97,46.06,41.58,45.75,41.58,42.78,,62.33,50.04,63.01,,82.58,,,,50.04,50.04,,50.04,50.04,45.07,50.04,50.04,46.06,46.06,,,,,41.29,39.97,39.97,39.97,39.97,39.97,13.32,41.58,63.01,61.05,39.97,39.97,39.97,39.97,50.04,59.0,,,,,,
2019-12-09 15:00:00+01:00,,50.95,,41.2,70.91,49.53,,49.71,,39.58,39.58,39.58,46.06,41.2,46.06,41.2,46.03,,64.89,52.06,63.01,,93.69,,,,52.06,52.06,,52.06,52.06,52.06,71.0,52.06,46.06,46.06,,,,,40.89,39.58,39.58,39.58,39.58,39.58,13.54,41.2,63.02,61.03,39.58,39.58,39.58,39.58,52.06,60.0,,,,,,
2019-12-09 16:00:00+01:00,,51.33,,42.56,73.74,50.72,,52.0,,40.17,40.17,40.17,46.08,43.56,46.08,43.56,45.53,,74.67,53.16,68.85,,106.28,,,,53.16,53.16,,53.16,53.16,53.16,67.32,53.16,46.08,46.08,,,,,41.49,40.17,40.17,40.17,40.17,40.17,13.66,43.56,68.86,69.98,40.17,40.17,40.17,40.17,53.16,68.85,,,,,,
2019-12-09 17:00:00+01:00,,52.0,,47.34,69.59,51.99,,57.07,,40.68,40.68,40.68,46.01,46.94,46.01,46.94,72.17,,69.37,56.1,64.46,,136.9,,,,56.1,56.1,,56.1,56.1,56.1,120.06,56.1,46.01,46.01,,,,,47.34,40.68,40.68,40.68,40.68,40.68,13.61,46.94,64.47,74.94,40.68,40.68,40.68,40.68,56.1,59.0,,,,,,
2019-12-09 18:00:00+01:00,,51.95,,46.5,66.49,52.59,,51.5,,39.22,39.22,39.22,46.71,52.17,46.71,52.17,90.25,,69.39,52.7,58.76,,165.0,,,,52.7,52.7,,52.7,52.7,52.7,104.32,52.7,46.71,46.71,,,,,39.84,39.22,39.22,39.22,39.22,39.22,12.22,52.17,58.77,65.98,39.22,39.22,39.22,39.22,52.7,51.5,,,,,,
2019-12-09 19:00:00+01:00,,51.48,,45.98,62.92,52.06,,49.61,,37.95,37.95,37.95,37.95,52.06,37.95,52.06,79.34,,69.4,52.06,56.08,,90.02,,,,52.06,52.06,,52.06,52.06,52.06,64.18,52.06,37.95,37.95,,,,,38.62,37.95,37.95,37.95,37.95,37.95,12.98,52.06,56.09,63.23,37.95,37.95,37.95,37.95,52.06,53.0,,,,,,
2019-12-09 20:00:00+01:00,,50.17,,42.22,58.93,51.07,,48.18,,29.1,29.1,36.94,36.94,50.17,36.94,50.17,71.44,,65.2,50.17,52.08,,64.0,,,,50.17,50.17,,50.17,50.17,50.17,93.32,50.17,36.94,36.94,,,,,34.12,37.19,37.19,36.94,36.94,37.19,10.87,50.17,50.03,57.02,36.94,36.94,36.94,36.94,50.17,52.08,,,,,,
2019-12-09 21:00:00+01:00,,49.0,,40.24,45.04,48.06,,44.68,,25.89,25.89,36.24,36.24,48.35,36.24,48.35,55.43,,64.89,49.0,45.9,,49.93,,,,49.0,49.0,,49.0,49.0,49.0,89.94,49.0,36.24,36.24,,,,,32.6,37.25,37.25,36.24,36.24,37.25,9.96,48.35,43.99,50.18,36.24,36.24,36.24,36.24,49.0,45.9,,,,,,
2019-12-09 22:00:00+01:00,,47.27,,39.5,50.02,45.83,,39.92,,25.31,25.31,25.31,35.04,47.27,35.04,47.27,48.76,,62.66,47.27,45.07,,40.0,,,,47.27,47.27,,47.27,47.27,47.27,71.0,47.27,35.04,35.04,,,,,31.95,37.43,37.43,35.04,35.04,37.43,9.78,47.27,45.08,43.93,35.04,35.04,35.04,35.04,47.27,45.07,,,,,,
2019-12-09 23:00:00+01:00,,37.03,,38.79,37.09,42.23,,25.85,,14.08,14.08,14.08,33.21,43.73,33.21,43.73,44.01,,75.53,37.03,36.9,,28.43,,,,43.73,43.73,,43.73,43.73,3.0,43.73,43.73,33.21,33.21,,,,,30.4,37.14,37.14,33.21,33.21,37.14,8.76,43.73,36.91,39.33,33.21,33.21,33.21,33.21,37.03,36.9,,,,,,
2019-12-10 00:00:00+01:00,,35.02,,37.8,28.99,41.57,,26.73,,26.02,26.02,26.02,30.39,42.67,30.39,42.67,57.45,,69.63,35.02,36.4,,-5.0,,,,42.67,42.67,,42.67,42.67,5.0,42.67,42.67,30.39,30.39,,,,,30.6,37.4,37.4,30.39,30.39,37.4,11.16,42.67,33.49,38.06,30.39,30.39,30.39,30.39,35.02,36.4,,,,,,
2019-12-10 01:00:00+01:00,,33.01,,37.76,24.0,39.97,,26.15,,25.74,25.74,25.74,30.09,39.5,30.09,39.5,53.4,,75.37,33.01,31.99,,-1.0,,,,39.5,39.5,,39.5,39.5,3.0,39.5,39.5,30.09,30.09,,,,,31.0,37.31,37.31,30.09,30.09,37.31,9.79,39.5,29.88,35.03,30.09,30.09,30.09,30.09,33.01,31.99,,,,,,
2019-12-10 02:00:00+01:00,,32.1,,35.13,23.09,38.74,,24.51,,25.85,30.56,30.56,30.56,37.0,30.56,37.0,43.65,,69.43,32.1,29.13,,-5.0,,,,37.0,37.0,,37.0,37.0,3.0,37.0,37.0,30.56,30.56,,,,,31.0,37.16,37.16,30.56,30.56,37.16,7.91,37.0,23.02,31.97,30.56,30.56,30.56,30.56,32.1,29.13,,,,,,
2019-12-10 03:00:00+01:00,,30.88,,34.08,23.09,38.12,,24.65,,28.53,31.45,31.45,31.45,35.41,31.45,35.41,36.26,,69.12,30.88,28.68,,-5.11,,,,35.41,35.41,,35.41,35.41,35.41,35.41,35.41,31.45,31.45,,,,,31.45,37.27,37.27,31.45,31.45,37.27,7.33,35.41,22.43,29.59,31.45,31.45,31.45,31.45,30.88,28.68,,,,,,
2019-12-10 04:00:00+01:00,,32.49,,34.14,25.12,39.02,,27.54,,30.99,31.51,31.51,33.95,35.45,33.95,35.45,36.17,,69.53,32.49,31.3,,-5.19,,,,35.45,35.45,,35.45,35.45,35.45,35.45,35.45,33.95,33.95,,,,,32.09,37.44,37.44,33.95,33.95,37.44,7.91,35.45,27.96,34.72,33.95,33.95,33.95,33.95,32.49,31.3,,,,,,
2019-12-10 05:00:00+01:00,,35.8,,36.83,47.91,42.17,,33.5,,35.51,35.51,38.38,38.8,36.31,38.8,36.31,36.01,,68.66,35.8,37.8,,-5.19,,,,40.0,40.0,,40.0,40.0,40.0,40.0,40.0,38.8,38.8,,,,,34.93,38.38,38.38,38.38,38.38,38.38,9.05,36.31,40.1,41.05,38.38,38.38,38.38,38.38,35.8,37.8,,,,,,
2019-12-10 06:00:00+01:00,,46.11,,46.11,54.95,48.7,,43.8,,46.11,46.11,43.24,49.72,46.11,49.72,46.11,44.91,,69.7,46.11,48.29,,-5.09,,,,46.52,46.52,,46.52,46.52,46.52,46.52,46.52,49.72,49.72,,,,,46.11,40.9,40.9,40.9,40.9,40.9,11.59,46.11,48.77,48.69,40.9,40.9,40.9,43.24,46.11,48.29,,,,,,
2019-12-10 07:00:00+01:00,,53.1,,53.1,64.46,54.93,,55.85,,53.1,53.1,53.1,56.15,53.1,56.15,53.1,51.86,,65.76,53.89,57.22,,-4.99,,,,53.89,53.89,,53.89,53.89,53.89,80.0,53.89,56.15,56.15,,,,,53.1,48.95,48.95,41.28,41.28,48.95,13.09,53.1,55.15,58.45,41.28,41.28,53.0,53.1,53.89,57.22,,,,,,
2019-12-10 08:00:00+01:00,,56.38,,56.38,67.0,57.75,,56.0,,56.38,56.38,56.38,58.43,55.84,58.43,56.38,54.89,,64.49,56.38,60.73,,27.44,,,,56.38,56.38,,56.38,56.38,56.38,85.0,56.38,58.43,58.43,,,,,56.38,54.57,54.57,42.4,42.4,54.57,13.62,55.84,59.06,63.1,42.4,42.4,56.38,56.38,56.38,56.0,,,,,,
2019-12-10 09:00:00+01:00,,54.93,,54.93,64.91,56.34,,55.81,,54.93,54.93,54.93,57.01,54.93,57.01,54.93,53.65,,68.3,54.93,59.02,,32.0,,,,54.93,54.93,,54.93,54.93,54.93,85.0,54.93,57.01,57.01,,,,,54.93,53.18,53.18,42.83,42.83,53.18,13.29,54.93,56.73,59.94,42.83,42.83,54.93,54.93,54.93,59.02,,,,,,
2019-12-10 10:00:00+01:00,,51.0,,51.0,64.43,52.08,,52.78,,51.0,51.0,51.0,51.0,51.0,51.0,51.0,52.2,,68.3,51.0,56.08,,39.0,,,,51.0,51.0,,51.0,51.0,51.0,80.0,51.0,51.0,51.0,,,,,51.0,49.37,49.37,44.71,44.71,49.37,12.6,51.0,55.62,56.37,44.71,44.71,51.0,51.0,51.0,56.08,,,,,,
2019-12-10 11:00:00+01:00,,49.9,,49.9,64.43,51.22,,50.7,,49.9,49.9,49.9,49.9,49.9,49.9,49.9,51.06,,67.95,49.9,55.65,,39.0,,,,49.9,49.9,,49.9,49.9,49.9,80.0,49.9,49.9,49.9,,,,,49.9,46.11,46.11,45.47,45.47,46.11,12.76,49.9,59.16,56.92,45.47,45.47,49.9,49.9,49.9,55.65,,,,,,
2019-12-10 12:00:00+01:00,,47.34,,47.34,64.45,50.41,,49.2,,47.34,47.34,47.34,56.24,47.34,56.24,47.34,48.43,,65.8,47.34,55.4,,46.19,,,,47.34,47.34,,47.34,47.34,47.34,80.0,47.34,56.24,56.24,,,,,47.34,43.79,43.79,44.97,44.97,43.79,13.11,47.34,62.74,58.03,44.97,44.97,47.34,47.34,47.34,55.4,,,,,,
2019-12-10 13:00:00+01:00,,46.99,,46.99,64.91,50.07,,52.64,,46.99,46.99,46.99,56.04,46.99,56.04,46.99,48.07,,65.8,46.99,54.99,,45.85,,,,46.99,46.99,,46.99,46.99,46.99,80.0,46.99,56.04,56.04,,,,,46.99,43.09,43.09,46.37,46.37,43.09,13.07,46.99,65.06,58.9,46.37,46.37,46.99,46.99,46.99,54.99,,,,,,
2019-12-10 14:00:00+01:00,,46.89,,46.8,67.9,49.7,,52.01,,46.87,46.83,46.87,56.28,46.94,56.28,46.94,48.02,,69.28,48.0,56.29,,45.8,,,,48.0,48.0,,48.0,48.0,48.0,80.0,48.0,56.28,56.28,,,,,46.83,42.34,42.34,46.68,46.68,42.34,13.12,46.94,63.01,58.92,46.68,46.68,46.83,46.87,48.0,56.29,,,,,,
2019-12-10 15:00:00+01:00,,47.07,,46.49,69.97,50.75,,55.45,,46.55,46.22,46.55,61.77,46.55,61.77,46.55,47.61,,69.84,50.16,59.08,,45.42,,,,50.16,50.16,,50.16,50.16,50.16,64.02,50.16,61.77,61.77,,,,,46.22,42.17,40.83,46.22,46.22,42.17,14.4,46.55,63.01,62.93,46.22,46.22,46.22,46.55,50.16,59.08,,,,,,
2019-12-10 16:00:00+01:00,,50.0,,46.01,76.2,51.81,,57.34,,45.41,45.41,45.41,66.76,46.67,66.76,46.67,47.19,,70.42,55.0,70.86,,45.03,,,,55.0,55.0,,55.0,55.0,55.0,99.02,55.0,66.76,66.76,,,,,45.41,42.45,40.91,45.38,45.38,42.45,15.78,46.67,68.85,72.47,45.38,45.38,45.41,45.41,55.0,70.86,,,,,,
2019-12-10 17:00:00+01:00,,50.02,,46.15,69.67,52.05,,58.76,,48.96,47.21,48.88,62.71,51.93,62.71,51.93,58.04,,69.38,55.36,69.93,,58.0,,,,55.36,55.36,,55.36,55.36,55.36,120.06,55.36,62.71,62.71,,,,,47.21,41.65,40.48,41.65,41.65,41.65,15.82,51.93,64.46,72.47,41.65,41.65,41.65,48.88,55.36,68.96,,,,,,
2019-12-10 18:00:00+01:00,,50.09,,29.35,67.02,53.6,,56.0,,39.84,36.87,39.92,59.35,53.48,59.35,53.48,60.57,,83.4,53.48,67.91,,63.61,,,,53.48,53.48,,53.48,53.48,53.48,155.0,53.48,59.35,59.35,,,,,32.9,39.92,39.38,39.92,39.92,39.92,15.61,53.48,58.75,70.32,39.92,39.92,39.92,39.92,53.48,67.91,,,,,,
2019-12-10 19:00:00+01:00,,50.0,,28.76,67.02,52.65,,52.91,,36.3,36.3,38.81,39.88,53.15,39.88,53.15,54.34,,83.31,53.15,63.52,,57.08,,,,53.15,53.15,,53.15,53.15,53.15,155.0,53.15,39.88,39.88,,,,,31.3,38.81,38.81,38.81,38.81,38.81,15.1,53.15,56.07,64.47,38.81,38.81,38.81,38.81,53.15,63.52,,,,,,
2019-12-10 20:00:00+01:00,,50.0,,29.82,64.95,50.24,,51.1,,35.22,35.22,37.7,37.7,52.05,37.7,50.02,52.29,,83.5,50.02,56.08,,53.63,,,,50.02,50.02,,50.02,50.02,50.02,119.06,50.02,37.7,37.7,,,,,33.24,37.7,37.7,37.7,37.7,37.7,13.42,52.05,50.01,57.56,37.7,37.7,37.7,37.7,50.02,56.08,,,,,,
2019-12-10 21:00:00+01:00,,46.0,,34.47,56.41,47.26,,41.1,,33.02,33.02,36.9,36.9,49.21,36.9,41.07,47.41,,69.71,46.0,48.89,,48.62,,,,46.0,46.0,,46.0,46.0,46.0,91.93,46.0,36.9,36.9,,,,,35.0,36.9,36.9,36.9,36.9,36.9,11.08,49.21,43.98,52.73,36.9,36.9,36.9,36.9,46.0,48.89,,,,,,
2019-12-10 22:00:00+01:00,,43.44,,31.54,52.49,45.91,,41.02,,29.78,29.78,29.78,35.28,45.44,35.28,39.38,40.26,,80.0,43.44,48.47,,41.29,,,,43.44,43.44,,43.44,43.44,43.44,91.93,43.44,35.28,35.28,,,,,30.1,36.94,36.94,35.28,35.28,36.94,12.05,45.44,45.07,49.01,35.28,35.28,35.28,35.28,43.44,48.47,,,,,,
2019-12-10 23:00:00+01:00,,36.05,,30.53,50.18,42.43,,34.0,,23.83,23.83,23.83,33.0,41.43,33.0,35.26,34.39,,66.6,36.05,42.99,,32.83,,,,40.11,40.11,,40.11,40.11,40.11,40.11,40.11,33.0,33.0,,,,,24.94,36.58,36.58,33.0,33.0,36.84,9.73,41.43,36.9,44.9,33.0,33.0,33.0,33.0,36.05,42.99,,,,,,
2019-12-11 00:00:00+01:00,,36.01,,30.0,50.17,37.36,,36.19,,17.85,17.85,17.85,23.55,39.75,23.55,32.0,31.22,,43.0,36.01,36.19,,32.01,,,,41.78,41.78,,41.78,41.78,41.78,41.78,41.78,23.55,23.55,,,,,30.0,36.42,36.42,24.07,24.07,36.42,9.79,39.75,36.17,38.99,23.55,23.55,23.55,23.55,36.01,36.19,,,,,,
2019-12-11 01:00:00+01:00,,35.02,,25.01,50.16,34.94,,33.49,,2.4,2.4,2.4,14.99,37.94,14.99,36.45,33.21,,62.61,35.02,33.49,,30.58,,,,36.45,36.45,,36.45,36.45,36.45,36.45,36.45,14.99,14.99,,,,,15.1,36.24,36.24,20.88,20.88,36.24,9.34,37.94,33.48,34.16,14.99,14.99,14.99,14.99,35.02,33.49,,,,,,
2019-12-11 02:00:00+01:00,,33.05,,24.98,50.16,33.57,,29.66,,0.09,0.09,0.09,4.33,36.3,4.33,34.09,33.25,,37.9,33.05,31.97,,30.58,,,,34.09,34.09,,34.09,34.09,34.09,34.09,34.09,4.33,4.33,,,,,21.0,36.09,36.09,19.29,19.29,36.09,9.31,36.3,31.95,32.43,4.33,4.33,4.33,4.33,33.05,31.97,,,,,,
2019-12-11 03:00:00+01:00,,32.85,,30.4,50.16,32.8,,28.06,,0.34,0.34,0.34,3.59,35.89,3.59,31.95,31.16,,34.0,32.85,31.96,,28.76,,,,32.85,32.85,,32.85,32.85,32.85,32.85,32.85,3.59,3.59,,,,,30.27,36.23,36.23,18.65,18.65,36.23,9.29,35.89,31.94,31.1,3.59,3.59,3.59,3.59,32.85,31.96,,,,,,
2019-12-11 04:00:00+01:00,,32.87,,30.43,50.17,32.62,,28.9,,20.57,20.57,20.57,20.57,34.82,20.57,31.98,31.19,,43.4,32.87,32.83,,28.76,,,,32.87,32.87,,32.87,32.87,32.87,32.87,32.87,20.57,20.57,,,,,30.31,36.22,36.22,24.59,24.59,36.22,9.27,34.82,32.82,32.51,20.57,20.57,20.57,20.57,32.87,32.83,,,,,,
2019-12-11 05:00:00+01:00,,40.95,,35.08,50.19,36.23,,33.55,,25.92,25.92,25.92,31.94,36.0,31.94,36.0,35.1,,57.76,40.95,40.5,,29.0,,,,40.95,40.95,,40.95,40.95,40.95,40.95,40.95,31.94,31.94,,,,,34.11,35.91,35.91,31.94,31.94,35.91,9.34,36.0,40.49,37.96,31.94,31.94,31.94,31.94,40.95,40.5,,,,,,
2019-12-11 06:00:00+01:00,,48.52,,39.96,51.3,44.14,,46.99,,32.31,32.31,35.68,35.68,41.11,35.68,41.11,40.07,,69.25,48.52,48.39,,30.58,,,,48.52,46.9,,48.52,46.9,46.9,46.9,46.9,35.68,35.68,,,,,37.14,36.4,36.4,35.68,35.68,36.4,12.69,41.11,48.38,46.65,35.68,35.68,35.68,35.68,48.52,48.39,,,,,,
2019-12-11 07:00:00+01:00,,53.75,,54.09,60.89,49.59,,53.91,,37.92,37.92,37.92,52.56,50.0,39.58,53.93,52.56,,68.17,56.23,54.98,,50.22,,,,56.23,56.23,,56.23,56.23,56.23,56.23,56.23,52.56,52.56,,,,,39.17,37.92,37.92,37.92,37.92,37.92,12.57,49.37,54.97,54.62,37.92,37.92,37.92,37.92,56.23,54.98,,,,,,
2019-12-11 08:00:00+01:00,,53.93,,54.66,63.4,52.42,,56.59,,40.95,40.95,40.95,52.51,54.5,39.5,54.5,53.11,,66.52,60.0,59.0,,53.0,,,,60.0,60.0,,60.0,60.0,60.0,60.0,60.0,52.51,52.51,,,,,51.64,39.5,39.5,38.28,38.28,39.5,12.99,49.61,58.98,58.97,38.28,38.28,39.5,39.97,60.0,59.0,,,,,,
2019-12-11 09:00:00+01:00,,53.76,,56.13,63.24,52.31,,55.41,,41.9,41.9,41.9,40.9,54.01,39.65,54.01,54.53,,66.42,57.32,56.08,,57.36,,,,57.32,53.35,,57.32,53.35,53.35,53.35,53.35,40.9,40.9,,,,,53.03,39.65,39.65,38.53,38.53,39.65,12.99,50.61,56.06,56.97,38.53,38.53,39.65,40.9,57.32,56.08,,,,,,
2019-12-11 10:00:00+01:00,,51.03,,56.13,60.86,49.7,,54.0,,44.15,44.15,44.15,39.56,50.23,39.56,53.79,54.52,,65.2,56.0,54.53,,57.36,,,,56.0,48.0,,56.0,48.0,48.0,48.0,48.0,39.56,39.56,,,,,53.03,39.56,39.56,38.57,38.57,39.56,12.68,50.23,54.51,56.07,38.57,38.57,39.56,39.56,56.0,54.53,,,,,,
2019-12-11 11:00:00+01:00,,50.97,,49.38,49.07,49.58,,52.36,,50.4,47.21,47.21,43.02,47.99,39.63,51.9,50.55,,65.2,55.9,53.74,,53.19,,,,55.9,46.0,,55.9,46.0,46.0,46.0,46.0,43.02,43.02,,,,,49.38,39.63,39.63,38.79,38.79,39.63,12.94,47.99,53.72,54.59,38.79,38.79,39.63,43.02,55.9,53.74,,,,,,
2019-12-11 12:00:00+01:00,,50.96,,49.64,53.31,48.67,,51.36,,50.6,49.64,49.64,52.51,45.1,39.74,52.0,50.8,,65.2,52.0,52.33,,53.46,,,,52.0,45.0,,52.0,45.0,45.0,45.0,45.0,52.51,52.51,,,,,49.64,39.74,39.74,38.87,38.87,39.74,12.99,45.1,52.31,55.03,38.87,38.87,39.74,49.64,52.0,52.33,,,,,,
2019-12-11 13:00:00+01:00,,51.82,,51.82,53.1,49.35,,51.98,,51.82,51.82,51.82,51.82,43.01,39.7,51.82,50.46,,65.2,54.17,51.98,,51.85,,,,54.17,46.0,,54.17,46.0,46.0,46.0,46.0,51.82,51.82,,,,,51.82,39.7,39.7,38.97,38.97,39.7,13.05,43.01,51.96,53.94,38.97,38.97,39.7,51.82,54.17,51.98,,,,,,
2019-12-11 14:00:00+01:00,,51.29,,51.29,55.51,49.93,,52.33,,51.29,51.29,51.29,51.29,39.09,39.68,51.29,49.92,,66.52,56.0,52.33,,50.87,,,,56.0,48.0,,56.0,48.0,48.0,48.0,48.0,51.29,51.29,,,,,51.29,39.68,39.68,38.96,38.96,39.68,12.98,39.09,52.31,54.01,38.96,38.96,39.68,51.29,56.0,52.33,,,,,,
2019-12-11 15:00:00+01:00,,51.79,,51.79,49.8,51.38,,54.42,,51.79,51.79,51.79,51.79,39.01,39.87,51.79,50.4,,68.15,56.66,54.42,,48.22,,,,56.66,56.66,,56.66,56.66,56.66,56.66,56.66,51.79,51.79,,,,,51.79,39.87,39.87,39.17,39.17,39.87,13.41,39.01,54.4,54.95,39.17,39.17,39.87,51.79,56.66,54.42,,,,,,
2019-12-11 16:00:00+01:00,,52.86,,52.86,58.18,52.75,,59.72,,52.86,52.86,52.86,52.51,41.05,39.99,52.86,53.91,,67.08,62.07,60.07,,55.0,,,,62.07,62.07,,62.07,62.07,62.07,66.0,62.07,52.51,52.51,,,,,52.86,39.99,39.99,38.9,38.9,39.99,13.69,41.05,60.05,62.1,38.9,38.9,39.99,52.1,62.07,60.07,,,,,,
2019-12-11 17:00:00+01:00,,60.23,,60.23,65.44,53.46,,60.26,,60.23,60.23,60.23,57.87,45.0,39.9,60.23,61.86,,68.78,69.82,60.26,,63.6,,,,69.82,69.82,,69.82,69.82,69.82,85.54,69.82,57.87,57.87,,,,,60.23,39.9,39.9,38.58,38.58,39.9,13.6,45.0,60.24,66.81,38.58,38.58,39.9,58.28,69.82,60.26,,,,,,
2019-12-11 18:00:00+01:00,,56.36,,56.36,52.98,53.41,,57.62,,56.36,56.36,56.36,52.59,46.81,39.79,56.36,60.95,,69.36,63.2,58.19,,65.75,,,,63.2,63.2,,63.2,63.2,63.2,88.31,63.2,52.59,52.59,,,,,56.36,39.79,39.79,38.29,38.29,39.79,13.41,46.81,58.17,65.0,38.29,38.29,39.79,52.59,63.2,58.19,,,,,,
2019-12-11 19:00:00+01:00,,53.67,,53.46,48.92,52.06,,56.0,,53.61,53.46,53.46,39.21,49.03,39.21,53.84,58.18,,68.78,60.77,56.59,,61.29,,,,60.77,60.77,,60.77,60.77,60.77,91.28,60.77,39.21,39.21,,,,,53.46,39.21,39.21,38.37,38.37,39.21,12.99,49.03,56.58,59.74,38.37,38.37,39.21,39.21,60.77,56.59,,,,,,
2019-12-11 20:00:00+01:00,,48.74,,46.71,46.97,49.39,,51.72,,48.3,47.22,47.22,39.0,50.05,39.0,50.05,57.75,,67.88,58.0,52.88,,60.85,,,,58.0,58.0,,58.0,58.0,58.0,85.54,58.0,39.0,39.0,,,,,47.22,39.0,39.0,38.69,38.69,39.0,11.97,50.05,52.86,55.34,38.69,38.69,39.0,39.0,58.0,52.88,,,,,,
2019-12-11 21:00:00+01:00,,46.3,,44.83,43.94,46.45,,43.97,,44.7,44.7,44.7,38.63,45.0,38.63,45.0,47.46,,67.88,52.66,47.04,,50.01,,,,52.66,52.66,,52.66,52.66,52.66,88.31,52.66,38.63,38.63,,,,,44.7,38.63,38.63,38.63,38.63,38.63,11.06,45.0,46.03,49.43,38.63,38.63,38.63,38.63,52.66,47.04,,,,,,
2019-12-11 22:00:00+01:00,,41.67,,42.78,42.92,44.85,,40.6,,41.34,37.63,37.63,37.08,42.24,37.08,42.24,43.71,,66.55,46.6,41.69,,46.07,,,,48.0,48.0,,48.0,48.0,48.0,56.0,48.0,37.08,37.08,,,,,37.63,37.63,37.63,37.08,37.08,37.63,11.2,42.24,41.68,45.7,37.08,37.08,37.08,37.08,46.6,41.69,,,,,,
2019-12-11 23:00:00+01:00,,37.59,,37.51,43.91,41.88,,35.19,,37.17,37.17,37.17,35.72,37.63,35.72,37.63,38.33,,66.61,45.06,36.23,,40.41,,,,46.22,46.22,,46.22,46.22,46.22,46.22,46.22,35.72,35.72,,,,,37.17,37.17,37.17,35.72,35.72,37.17,9.23,37.63,36.22,40.1,35.72,35.72,35.72,35.72,45.06,36.23,,,,,,
2019-12-12 00:00:00+01:00,,37.0,,37.0,31.1,46.24,,37.04,,37.0,37.0,37.0,33.59,37.0,33.59,37.0,42.34,,65.89,37.0,37.52,,45.56,,,,45.93,45.93,,45.93,45.93,45.93,45.93,45.93,33.59,33.59,,,,,37.0,36.84,36.84,33.59,33.59,36.84,10.73,37.0,35.57,39.33,33.59,33.59,33.59,33.59,37.0,37.52,,,,,,
2019-12-12 01:00:00+01:00,,35.83,,35.83,31.08,43.78,,35.63,,35.83,35.83,35.83,34.97,35.83,34.97,35.83,41.33,,61.72,35.83,35.63,,42.41,,,,44.56,44.56,,44.56,44.56,44.56,44.56,44.56,34.97,34.97,,,,,35.83,36.26,36.26,34.97,34.97,36.26,10.14,35.83,33.48,34.78,34.97,34.97,34.97,34.97,35.83,35.63,,,,,,
2019-12-12 02:00:00+01:00,,35.02,,35.02,34.79,41.33,,34.3,,35.02,35.02,35.02,34.31,33.01,34.31,35.02,42.59,,56.0,35.02,34.3,,40.66,,,,43.62,43.62,,43.62,43.62,30.0,43.62,43.62,34.31,34.31,,,,,35.02,35.99,35.99,34.31,34.31,35.99,9.99,33.01,33.48,33.79,34.31,34.31,34.31,34.31,35.02,34.3,,,,,,
2019-12-12 03:00:00+01:00,,34.65,,34.65,35.9,40.88,,33.57,,34.65,34.65,34.65,34.65,30.0,34.65,34.65,39.63,,52.0,34.65,33.57,,37.81,,,,43.17,43.17,,43.17,43.17,0.0,43.17,43.17,34.65,34.65,,,,,34.65,35.37,35.37,34.65,34.65,35.37,10.08,30.0,33.48,32.99,34.65,34.65,34.65,34.65,34.65,33.57,,,,,,
2019-12-12 04:00:00+01:00,,35.18,,35.18,35.95,40.86,,35.3,,35.18,35.18,35.18,35.18,29.77,35.18,35.18,39.58,,62.58,35.18,35.3,,37.75,,,,43.16,43.16,,43.16,43.16,0.0,43.16,43.16,35.18,35.18,,,,,35.18,36.08,36.08,35.18,35.18,36.08,9.9,29.77,35.3,34.61,35.18,35.18,35.18,35.18,35.18,35.3,,,,,,
2019-12-12 05:00:00+01:00,,36.98,,36.98,50.16,43.79,,38.6,,36.98,36.98,36.98,36.98,30.0,36.98,36.98,39.65,,69.26,36.98,41.93,,37.79,,,,44.62,44.62,,44.62,44.62,0.0,44.62,44.62,36.98,36.98,,,,,36.98,36.98,36.98,36.98,36.98,36.98,10.08,30.0,41.92,40.16,36.98,36.98,36.98,36.98,36.98,41.93,,,,,,
2019-12-12 06:00:00+01:00,,49.0,,49.0,49.06,48.57,,45.2,,49.0,49.0,49.0,49.0,33.92,44.04,49.0,50.33,,69.24,49.0,49.04,,47.95,,,,49.0,49.0,,49.0,49.0,0.0,49.0,49.0,49.0,49.0,,,,,49.0,38.96,38.96,37.29,37.29,38.96,11.75,33.92,49.03,48.34,37.29,37.29,38.96,49.0,49.0,49.04,,,,,,
2019-12-12 07:00:00+01:00,,57.64,,57.64,59.86,56.87,,56.0,,57.64,57.64,57.64,56.33,41.96,45.32,57.64,59.07,,65.89,57.64,59.94,,60.43,,,,57.64,57.64,,57.64,57.64,57.37,75.4,57.64,56.33,56.33,,,,,57.64,40.91,40.91,37.7,37.7,40.91,13.16,41.96,59.93,58.55,37.7,37.7,40.91,56.33,57.64,59.94,,,,,,
2019-12-12 08:00:00+01:00,,61.6,,61.6,62.9,61.08,,58.0,,61.6,61.6,61.6,60.12,43.75,60.12,61.6,60.28,,68.68,61.6,65.15,,61.63,,,,61.6,61.6,,61.6,61.6,57.37,88.22,61.6,60.12,60.12,,,,,61.6,41.26,41.26,37.58,37.58,41.26,14.05,43.75,65.14,63.97,37.58,37.58,60.12,60.12,61.6,65.15,,,,,,
2019-12-12 09:00:00+01:00,,60.1,,60.1,59.86,57.86,,57.5,,60.1,60.1,60.1,58.65,44.59,58.65,60.1,61.65,,68.71,60.57,64.0,,66.04,,,,60.57,60.57,,60.57,60.57,43.83,88.22,60.57,58.65,58.65,,,,,60.1,41.01,41.01,38.34,38.34,41.01,13.7,44.59,63.99,62.95,38.34,38.34,58.65,58.65,60.57,64.0,,,,,,
2019-12-12 10:00:00+01:00,,58.58,,54.23,59.86,53.59,,57.61,,54.0,54.0,54.0,52.71,43.8,51.98,54.39,55.82,,69.24,58.58,61.7,,60.63,,,,58.58,58.58,,58.58,58.58,0.0,62.0,58.58,52.71,52.71,,,,,54.0,41.11,41.11,38.33,38.33,41.11,13.62,43.8,61.69,60.01,38.33,38.33,51.98,52.71,58.58,61.7,,,,,,
2019-12-12 11:00:00+01:00,,56.98,,49.9,59.84,51.5,,56.0,,49.69,49.69,49.69,49.69,42.16,49.69,50.04,51.39,,69.25,56.98,63.98,,60.74,,,,56.98,56.98,,56.98,56.98,0.0,56.98,56.98,49.69,49.69,,,,,49.69,40.95,40.95,38.43,38.43,40.95,13.61,42.16,60.99,60.0,38.43,38.43,49.69,49.69,56.98,63.98,,,,,,
2019-12-12 12:00:00+01:00,,53.0,,49.0,59.87,49.92,,56.0,,49.0,49.0,49.0,50.03,41.1,49.0,49.14,50.49,,68.32,53.0,62.9,,56.0,,,,53.0,53.0,,53.0,53.0,0.0,53.0,53.0,50.03,50.03,,,,,49.0,40.89,40.89,38.43,38.43,40.89,13.61,41.1,62.89,59.91,38.43,38.43,49.0,49.0,53.0,62.9,,,,,,
2019-12-12 13:00:00+01:00,,53.94,,46.87,59.86,49.38,,55.13,,47.01,47.01,47.01,50.0,40.75,47.01,47.01,48.33,,68.7,53.94,62.28,,50.49,,,,53.94,49.94,,53.94,49.94,0.0,49.94,49.94,50.0,50.0,,,,,46.87,40.89,40.89,38.76,38.76,40.89,13.62,40.75,62.27,59.66,38.76,38.76,47.01,47.01,53.94,62.28,,,,,,
2019-12-12 14:00:00+01:00,,55.75,,47.15,62.9,49.35,,55.0,,47.19,47.19,47.19,50.03,40.32,47.58,47.29,48.64,,69.27,55.75,60.7,,50.79,,,,55.75,55.75,,55.75,55.75,0.0,55.75,55.75,50.03,50.03,,,,,47.15,40.8,40.8,38.79,38.79,40.8,13.6,40.32,60.69,60.28,38.79,38.79,47.19,47.19,55.75,60.7,,,,,,
2019-12-12 15:00:00+01:00,,57.93,,48.88,62.89,49.38,,56.5,,48.88,48.88,48.88,51.47,40.29,48.88,48.88,50.3,,69.35,58.0,61.97,,51.24,,,,58.0,58.0,,58.0,58.0,43.83,58.0,58.0,51.47,51.47,,,,,48.75,41.03,41.03,38.96,38.96,41.03,13.62,40.29,61.96,64.21,38.96,38.96,48.88,48.88,58.0,61.97,,,,,,
2019-12-12 16:00:00+01:00,,53.0,,47.69,62.9,49.4,,56.0,,47.76,47.76,47.76,51.44,40.75,47.76,47.76,49.25,,74.86,61.53,71.9,,50.15,,,,61.53,61.53,,61.53,61.53,57.37,62.0,61.53,51.44,51.44,,,,,47.69,41.28,41.28,38.02,38.02,41.28,15.64,40.75,71.89,68.05,38.02,38.02,47.76,47.76,61.53,71.9,,,,,,
2019-12-12 17:00:00+01:00,,52.93,,52.15,62.28,51.04,,57.2,,52.13,52.13,52.13,52.13,41.43,52.13,52.15,62.89,,75.17,68.59,69.94,,64.0,,,,68.59,68.59,,68.59,68.59,57.37,68.59,68.59,52.13,52.13,,,,,52.13,41.06,41.06,37.8,37.8,41.06,14.74,41.43,69.93,69.05,37.8,37.8,52.13,52.13,68.59,69.94,,,,,,
2019-12-12 18:00:00+01:00,,52.96,,47.57,60.54,51.39,,54.2,,47.05,47.05,47.05,47.05,43.75,47.05,48.25,60.88,,69.88,60.47,66.4,,62.01,,,,60.47,60.47,,60.47,60.47,60.47,65.59,60.47,47.05,47.05,,,,,47.05,40.88,40.88,37.98,37.98,40.88,13.85,43.75,66.39,63.1,37.98,37.98,47.05,47.05,60.47,66.4,,,,,,
2019-12-12 19:00:00+01:00,,52.98,,40.76,59.83,50.58,,56.36,,41.16,40.36,40.36,40.18,44.59,39.07,44.59,52.55,,69.89,57.37,62.56,,54.73,,,,57.37,57.37,,57.37,57.37,57.37,65.59,57.37,40.18,40.18,,,,,40.36,39.07,39.07,38.04,38.04,39.07,13.78,44.59,62.55,60.13,38.04,38.04,39.07,40.18,57.37,62.56,,,,,,
2019-12-12 20:00:00+01:00,,51.24,,38.89,59.83,48.68,,51.82,,38.48,38.48,37.7,37.7,41.78,37.7,41.78,52.59,,69.39,51.24,57.3,,49.73,,,,51.24,51.24,,51.24,51.24,51.24,88.31,51.24,37.7,37.7,,,,,38.04,37.7,37.7,37.7,37.7,37.7,13.4,41.78,57.29,54.02,37.7,37.7,37.7,37.7,51.24,57.3,,,,,,
2019-12-12 21:00:00+01:00,,48.02,,36.13,47.02,47.31,,46.7,,36.13,36.13,36.91,36.91,37.25,36.91,37.25,49.92,,67.89,48.02,51.28,,47.19,,,,48.02,48.02,,48.02,48.02,48.02,88.31,48.02,36.91,36.91,,,,,36.13,36.91,36.91,36.91,36.91,36.91,12.34,37.25,50.01,48.51,36.91,36.91,36.91,36.91,48.02,51.28,,,,,,
2019-12-12 22:00:00+01:00,,46.46,,35.62,51.14,46.0,,41.64,,35.07,35.07,36.01,36.01,36.71,36.01,36.71,46.89,,74.78,46.46,45.96,,37.41,,,,46.46,46.46,,46.46,46.46,46.46,48.0,46.46,36.01,36.01,,,,,35.07,36.01,36.01,36.01,36.01,36.01,11.91,36.71,45.95,44.33,36.01,36.01,36.01,36.01,46.46,45.96,,,,,,
2019-12-12 23:00:00+01:00,,44.04,,34.98,46.73,44.28,,35.8,,34.27,34.27,34.61,34.61,31.37,34.61,35.87,40.67,,59.4,44.04,41.22,,37.04,,,,44.04,44.04,,44.04,44.04,44.04,44.04,44.04,34.61,34.61,,,,,34.27,35.25,35.25,34.61,34.61,35.25,10.69,31.37,41.22,42.16,34.61,34.61,34.61,34.61,44.04,41.22,,,,,,
2019-12-13 00:00:00+01:00,,40.11,,30.48,50.16,40.37,,28.12,,28.64,28.86,32.66,32.66,21.01,32.66,31.61,50.29,,61.98,40.11,37.66,,35.0,,,,42.3,42.3,,42.3,42.3,42.3,42.3,42.3,32.66,32.66,,,,,30.1,35.1,35.1,32.66,32.66,35.1,10.42,21.01,37.66,42.94,32.66,32.66,32.66,32.66,40.11,37.66,,,,,,
2019-12-13 01:00:00+01:00,,34.55,,28.42,38.01,37.64,,28.93,,27.71,28.42,31.48,31.48,16.5,31.48,28.81,52.03,,66.76,34.55,34.11,,28.04,,,,39.99,39.99,,39.99,39.99,39.99,39.99,39.99,31.48,31.48,,,,,28.42,34.95,34.95,31.48,31.48,34.95,10.34,16.5,34.11,39.8,31.48,31.48,31.48,31.48,34.55,34.11,,,,,,
2019-12-13 02:00:00+01:00,,33.08,,26.95,32.0,37.01,,24.84,,23.34,23.34,23.34,30.76,11.01,30.76,26.95,47.84,,61.98,33.08,32.79,,9.0,,,,36.88,36.88,,36.88,36.88,36.88,36.88,36.88,30.76,30.76,,,,,29.0,34.91,34.91,30.76,30.76,34.91,10.37,11.01,32.78,35.4,30.76,30.76,30.76,30.76,33.08,32.79,,,,,,
2019-12-13 03:00:00+01:00,,33.03,,19.84,34.98,36.76,,24.66,,11.27,11.27,11.27,30.69,7.47,30.69,15.88,40.64,,52.0,33.03,31.41,,0.0,,,,36.85,36.85,,36.85,36.85,30.0,36.85,36.85,30.69,30.69,,,,,19.9,34.91,34.91,30.69,30.69,34.91,10.4,7.47,31.41,34.97,30.69,30.69,30.69,30.69,33.03,31.41,,,,,,
2019-12-13 04:00:00+01:00,,33.03,,18.24,50.16,37.47,,25.47,,16.25,16.25,16.25,33.09,6.25,33.09,17.11,35.22,,61.98,33.03,32.29,,0.0,,,,36.88,36.88,,36.88,36.88,3.0,36.88,36.88,33.09,33.09,,,,,21.0,34.8,34.8,33.09,33.09,34.8,10.38,6.25,32.29,34.98,33.09,33.09,33.09,33.09,33.03,32.29,,,,,,
2019-12-13 05:00:00+01:00,,36.07,,27.56,50.18,39.95,,35.0,,25.05,25.05,25.05,36.56,9.36,36.56,26.32,28.75,,67.34,41.81,40.83,,0.0,,,,41.81,41.81,,41.81,41.81,3.0,41.81,41.81,36.56,36.56,,,,,27.6,35.49,35.49,35.49,35.49,35.49,10.38,9.36,40.83,43.32,35.49,35.49,35.49,35.49,41.81,40.83,,,,,,
2019-12-13 06:00:00+01:00,,46.6,,32.83,57.0,46.75,,41.1,,32.83,32.83,36.35,47.69,20.0,47.69,32.83,34.06,,67.88,46.6,47.63,,11.38,,,,46.6,46.6,,46.6,46.6,43.47,46.6,46.6,47.69,47.69,,,,,32.83,36.35,36.35,36.35,36.35,36.35,11.39,20.0,47.63,47.58,36.35,36.35,36.35,36.35,46.6,47.63,,,,,,
2019-12-13 07:00:00+01:00,,48.15,,39.77,75.01,48.27,,48.51,,39.6,39.6,37.95,50.84,28.21,50.84,39.77,45.51,,75.49,50.44,57.97,,27.44,,,,50.44,50.44,,50.44,50.44,50.44,50.44,50.44,50.84,50.84,,,,,39.77,37.95,37.95,37.95,37.95,37.95,12.75,28.21,57.97,59.13,37.95,37.95,37.95,37.95,50.44,57.97,,,,,,
2019-12-13 08:00:00+01:00,,50.03,,45.0,70.21,48.25,,51.62,,43.99,42.94,42.94,50.35,32.69,50.35,45.0,47.79,,75.53,56.0,62.14,,36.77,,,,56.0,56.0,,56.0,56.0,56.0,56.0,56.0,50.35,50.35,,,,,45.0,39.29,39.29,38.17,38.17,39.29,12.98,32.69,62.14,61.97,38.17,38.17,39.29,42.94,56.0,56.7,,,,,,
2019-12-13 09:00:00+01:00,,49.02,,43.9,70.03,48.19,,53.02,,43.9,39.71,39.71,50.35,34.34,50.35,43.9,52.7,,69.23,60.0,60.15,,50.91,,,,60.0,60.0,,60.0,46.0,57.37,46.0,46.0,50.35,50.35,,,,,43.9,39.71,39.71,38.18,38.18,39.71,13.0,34.34,60.15,60.63,38.18,38.18,39.71,39.71,60.0,58.49,,,,,,
2019-12-13 10:00:00+01:00,,50.03,,40.82,75.02,48.86,,51.92,,40.82,38.91,38.91,38.91,34.96,38.91,40.82,51.61,,66.58,59.63,57.96,,50.0,,,,59.63,48.48,,59.63,45.01,48.48,45.01,45.01,38.91,38.91,,,,,40.82,38.91,38.91,38.16,38.16,38.91,12.85,34.96,57.96,57.79,38.16,38.16,38.91,38.91,59.63,57.96,,,,,,
2019-12-13 11:00:00+01:00,,50.9,,41.48,66.0,48.85,,51.74,,41.65,38.51,38.51,38.51,31.87,38.51,41.48,47.91,,66.19,60.0,58.35,,48.55,,,,60.0,47.35,,60.0,42.89,43.47,42.89,42.89,38.51,38.51,,,,,41.65,38.51,38.51,38.12,38.12,38.51,13.0,31.87,58.35,58.55,38.12,38.12,38.51,38.51,60.0,58.35,,,,,,
2019-12-13 12:00:00+01:00,,49.74,,42.98,70.07,48.47,,51.78,,43.91,38.63,38.63,50.32,30.0,50.32,42.97,45.08,,65.15,55.0,58.17,,45.68,,,,55.0,46.0,,55.0,40.0,43.47,40.0,40.0,50.32,50.32,,,,,43.27,38.63,38.63,38.17,38.17,38.63,13.03,30.0,58.17,55.3,38.17,38.17,38.63,38.63,55.0,58.17,,,,,,
2019-12-13 13:00:00+01:00,,50.9,,38.6,64.03,48.82,,51.5,,43.99,38.55,38.55,45.78,31.84,45.78,37.19,44.41,,64.88,56.0,57.05,,45.0,,,,56.0,45.0,,56.0,40.0,43.47,40.0,40.0,45.78,45.78,,,,,40.8,38.55,38.55,38.23,38.23,38.55,12.89,31.84,57.05,55.03,38.23,38.23,38.55,38.55,56.0,57.05,,,,,,
2019-12-13 14:00:00+01:00,,50.09,,36.38,69.99,48.82,,51.19,,40.7,38.08,38.08,49.16,30.0,49.16,35.35,43.12,,67.72,54.22,55.3,,43.69,,,,54.22,46.0,,54.22,46.0,43.47,46.0,46.0,49.16,49.16,,,,,38.08,38.08,38.08,38.08,38.08,38.08,12.57,30.0,55.3,56.09,38.08,38.08,38.08,38.08,54.22,55.3,,,,,,
2019-12-13 15:00:00+01:00,,50.79,,35.6,62.13,48.86,,51.92,,42.92,38.64,38.64,50.39,29.51,50.39,33.74,43.74,,69.29,53.48,56.55,,44.32,,,,53.48,46.0,,53.48,46.0,46.0,46.0,46.0,50.39,50.39,,,,,38.74,38.64,38.64,38.19,38.19,38.64,12.56,29.51,56.56,57.07,38.19,38.19,38.64,38.64,53.48,56.55,,,,,,
2019-12-13 16:00:00+01:00,,51.93,,37.14,70.03,48.84,,54.0,,45.04,39.25,43.96,50.34,31.44,50.34,35.09,47.9,,68.85,56.01,60.59,,49.71,,,,56.01,54.0,,56.01,54.0,54.0,54.0,54.0,50.34,50.34,,,,,40.55,39.25,39.25,38.15,38.15,39.25,13.33,31.44,60.59,61.07,38.15,38.15,39.25,43.96,56.01,57.81,,,,,,
2019-12-13 17:00:00+01:00,,50.96,,49.57,61.89,48.85,,55.0,,50.88,39.74,49.66,50.32,32.0,50.32,49.05,65.89,,75.64,58.64,60.05,,68.39,,,,58.64,58.64,,58.64,58.64,57.37,58.64,58.64,50.32,50.32,,,,,50.56,39.74,39.74,38.0,38.0,39.74,13.11,32.0,60.05,61.09,38.0,38.0,39.74,49.66,58.64,55.0,,,,,,
2019-12-13 18:00:00+01:00,,50.92,,46.59,55.75,48.25,,52.61,,46.71,41.85,45.59,45.72,36.89,45.72,46.65,66.48,,69.96,53.01,54.67,,94.22,,,,53.01,53.01,,53.01,53.01,53.01,54.0,53.01,45.72,45.72,,,,,46.59,38.99,38.99,37.99,37.99,38.99,12.56,36.89,54.67,58.0,37.99,37.99,38.99,45.59,53.01,52.61,,,,,,
2019-12-13 19:00:00+01:00,,50.0,,43.05,55.74,48.14,,50.57,,43.05,38.51,38.51,38.51,38.0,38.51,43.05,59.01,,69.65,50.0,52.67,,63.99,,,,50.0,50.0,,50.0,50.0,50.0,54.0,50.0,38.51,38.51,,,,,42.79,38.51,38.51,37.96,37.96,38.51,12.56,38.0,52.67,54.03,37.96,37.96,38.51,38.51,50.0,50.57,,,,,,
2019-12-13 20:00:00+01:00,,47.18,,38.58,47.94,47.32,,48.94,,39.02,38.64,38.64,37.4,38.01,37.4,38.58,58.59,,67.89,47.18,51.9,,59.37,,,,47.18,47.18,,47.18,47.18,47.18,47.18,47.18,37.4,37.4,,,,,38.64,37.4,37.4,37.4,37.4,37.4,12.13,38.01,51.9,50.96,37.4,37.4,37.4,37.4,47.18,51.9,,,,,,
2019-12-13 21:00:00+01:00,,36.51,,36.51,38.89,44.3,,42.05,,36.51,36.51,36.51,36.51,36.51,36.51,36.51,45.63,,61.9,36.51,42.05,,46.23,,,,44.26,44.26,,44.26,44.26,44.26,44.26,44.26,36.51,36.51,,,,,36.51,36.58,36.58,36.51,36.51,36.58,9.66,36.51,41.99,46.16,36.51,36.51,36.51,36.51,36.51,42.05,,,,,,
2019-12-13 22:00:00+01:00,,35.04,,35.04,35.01,42.34,,38.84,,35.04,35.04,35.21,35.21,34.51,35.21,35.04,46.6,,45.0,35.04,39.78,,39.51,,,,43.4,43.4,,43.4,43.4,43.4,43.4,43.4,35.21,35.21,,,,,35.04,36.19,36.19,35.21,35.21,36.19,10.39,34.51,39.78,42.68,35.21,35.21,35.21,35.21,35.04,38.84,,,,,,
2019-12-13 23:00:00+01:00,,33.96,,33.96,30.08,39.25,,34.0,,33.96,33.96,33.96,33.96,29.75,33.96,33.96,44.08,,62.67,33.96,34.52,,41.57,,,,40.0,40.0,,40.0,40.0,3.0,40.0,40.0,33.96,33.96,,,,,33.96,35.93,35.93,33.96,33.96,35.93,10.01,29.75,34.52,36.99,33.96,33.96,33.96,33.96,33.96,34.0,,,,,,
2019-12-14 00:00:00+01:00,,34.39,,34.39,30.05,40.42,,32.56,,34.39,34.39,34.39,34.39,26.75,34.39,34.39,47.92,,40.09,34.39,32.56,,36.18,,,,40.9,40.9,,40.9,40.9,3.0,40.9,40.9,34.39,34.39,,,,,34.39,36.58,36.58,34.39,34.39,36.58,8.74,26.75,32.56,36.28,34.39,34.39,34.39,34.39,34.39,32.56,,,,,,
2019-12-14 01:00:00+01:00,,32.06,,30.21,26.73,37.18,,30.87,,29.11,32.62,32.62,32.62,25.21,32.62,29.92,44.16,,34.58,32.06,30.87,,20.63,,,,36.07,36.07,,36.07,34.6,3.0,34.6,36.07,32.62,32.62,,,,,32.62,36.51,36.51,32.62,32.62,36.51,8.67,25.21,30.87,32.81,32.62,32.62,32.62,32.62,32.06,30.87,,,,,,
2019-12-14 02:00:00+01:00,,27.95,,28.66,24.95,35.91,,27.58,,27.6,31.83,31.83,31.83,25.01,31.83,28.47,32.94,,30.0,27.95,27.58,,0.0,,,,34.2,34.2,,34.2,29.55,0.0,29.55,34.2,31.83,31.83,,,,,31.83,36.41,36.41,31.83,31.83,36.41,8.1,25.01,27.58,31.04,31.83,31.83,31.83,31.83,27.95,27.58,,,,,,
2019-12-14 03:00:00+01:00,,25.5,,25.5,23.23,35.04,,24.15,,25.5,25.5,31.05,31.05,23.01,31.05,25.5,26.26,,27.24,25.5,25.09,,0.0,,,,32.67,32.67,,32.67,29.55,0.0,29.55,32.67,31.05,31.05,,,,,25.5,36.39,36.39,31.05,31.05,36.39,7.86,23.01,25.09,29.7,31.05,31.05,31.05,31.05,25.5,24.15,,,,,,
2019-12-14 04:00:00+01:00,,21.92,,21.92,22.55,34.06,,21.47,,21.92,21.92,31.13,31.13,21.92,31.13,21.92,22.41,,26.4,21.92,25.93,,-4.13,,,,30.0,30.0,,30.0,29.55,0.0,29.55,30.0,31.13,31.13,,,,,21.92,36.23,36.23,31.13,31.13,36.23,8.04,21.92,25.93,28.17,31.13,31.13,31.13,31.13,21.92,21.47,,,,,,
2019-12-14 05:00:00+01:00,,25.22,,19.7,24.93,35.69,,23.09,,20.08,20.08,31.77,31.77,19.64,31.77,19.64,20.08,,30.1,25.22,28.23,,-4.67,,,,30.0,30.0,,30.0,29.55,0.0,29.55,30.0,31.77,31.77,,,,,19.92,36.17,36.17,31.77,31.77,36.17,8.5,19.64,28.23,31.02,31.77,31.77,31.77,31.77,25.22,23.09,,,,,,
2019-12-14 06:00:00+01:00,,32.5,,21.27,27.97,40.5,,24.89,,21.91,22.25,32.59,32.59,21.08,32.59,21.08,21.55,,41.65,32.5,31.98,,-4.99,,,,39.1,39.1,,39.1,39.1,3.0,39.1,39.1,32.59,32.59,,,,,22.25,36.08,36.08,32.59,32.59,36.08,8.94,21.08,31.98,36.17,32.59,32.59,32.59,32.59,32.5,31.98,,,,,,
2019-12-14 07:00:00+01:00,,34.05,,26.6,43.9,45.0,,31.33,,26.73,28.15,33.31,33.31,26.46,33.31,26.46,27.27,,61.94,34.05,39.13,,-5.0,,,,43.67,43.67,,43.67,43.67,43.54,43.67,43.67,33.31,33.31,,,,,28.15,36.16,36.16,33.31,33.31,36.16,9.03,26.46,39.13,44.22,33.31,33.31,33.31,33.31,34.05,31.33,,,,,,
2019-12-14 08:00:00+01:00,,41.91,,32.01,43.98,46.67,,36.95,,31.97,34.19,34.19,34.19,28.0,34.19,31.97,32.83,,59.39,41.91,43.8,,7.8,,,,45.1,43.54,,45.1,34.6,43.54,34.6,34.6,34.19,34.19,,,,,33.89,36.36,36.36,34.19,34.19,36.36,10.66,28.0,43.8,48.71,34.19,34.19,34.19,34.19,41.91,36.95,,,,,,
2019-12-14 09:00:00+01:00,,46.51,,32.18,44.93,46.86,,43.33,,30.65,35.26,35.26,35.26,30.0,35.26,32.13,44.28,,62.66,46.51,45.82,,36.0,,,,46.51,45.27,,46.51,34.58,43.54,34.58,34.58,35.26,35.26,,,,,35.56,36.74,36.74,35.26,35.26,36.74,11.06,30.0,45.82,49.08,35.26,35.26,35.26,35.26,46.51,45.82,,,,,,
2019-12-14 10:00:00+01:00,,46.07,,30.75,43.99,46.81,,45.04,,28.99,35.3,35.3,35.3,30.75,35.3,30.75,47.39,,62.67,46.07,46.48,,45.22,,,,46.07,40.0,,46.07,34.55,0.0,34.55,34.55,35.3,35.3,,,,,35.3,36.96,36.96,35.3,35.3,36.96,11.55,30.75,46.48,47.29,35.3,35.3,35.3,35.3,46.07,46.48,,,,,,
2019-12-14 11:00:00+01:00,,46.09,,29.94,44.0,45.04,,44.5,,27.97,35.06,35.06,35.06,29.94,35.06,29.94,46.61,,62.68,46.09,45.82,,44.48,,,,46.09,33.44,,46.09,33.44,0.0,33.44,33.44,35.06,35.06,,,,,35.06,37.0,37.0,35.06,35.06,37.0,11.94,29.94,45.82,47.09,35.06,35.06,35.06,35.06,46.09,45.82,,,,,,
2019-12-14 12:00:00+01:00,,43.01,,30.71,47.05,44.44,,43.95,,23.93,35.48,35.48,35.48,29.32,35.48,29.32,44.43,,61.0,43.01,43.95,,41.81,,,,43.01,43.01,,43.01,34.58,0.0,34.58,34.58,35.48,35.48,,,,,35.48,36.97,36.97,35.48,35.48,36.97,11.94,29.32,43.94,47.92,35.48,35.48,35.48,35.48,43.01,43.95,,,,,,
2019-12-14 13:00:00+01:00,,41.39,,32.22,46.15,44.71,,42.0,,15.23,35.49,35.49,35.49,27.0,35.49,27.0,40.38,,61.0,41.39,43.11,,39.12,,,,41.39,41.39,,41.39,34.6,0.0,34.6,34.6,35.49,35.49,,,,,35.98,37.17,37.17,35.49,35.49,37.17,11.94,27.0,43.11,46.05,35.49,35.49,35.49,35.49,41.39,43.11,,,,,,
2019-12-14 14:00:00+01:00,,44.05,,27.87,49.92,44.15,,42.0,,15.93,35.54,35.54,35.54,26.75,35.54,26.75,40.65,,64.78,44.05,43.28,,41.68,,,,44.05,44.05,,44.05,44.05,0.0,44.05,44.05,35.54,35.54,,,,,35.84,37.03,37.03,35.54,35.54,37.03,10.98,26.75,43.27,47.86,35.54,35.54,35.54,35.54,44.05,43.28,,,,,,
2019-12-14 15:00:00+01:00,,45.41,,27.95,51.14,46.05,,41.78,,17.04,36.02,36.02,36.02,27.95,36.02,27.95,44.85,,67.99,45.41,45.82,,45.98,,,,45.41,45.41,,45.41,45.41,43.54,45.41,45.41,36.02,36.02,,,,,36.02,37.21,37.21,36.02,36.02,37.21,10.79,27.95,45.82,51.48,36.02,36.02,36.02,36.02,45.41,41.78,,,,,,
2019-12-14 16:00:00+01:00,,47.2,,28.12,53.82,47.67,,40.86,,23.84,36.35,36.35,36.35,28.1,36.35,28.1,43.22,,69.37,47.2,50.84,,44.32,,,,47.2,47.2,,47.2,47.2,47.2,47.2,47.2,36.35,36.35,,,,,36.35,37.38,37.38,36.35,36.35,37.38,11.17,28.1,50.84,55.79,36.35,36.35,36.35,36.35,47.2,40.86,,,,,,
2019-12-14 17:00:00+01:00,,36.06,,39.0,55.03,47.63,,42.4,,27.8,36.65,36.65,36.65,30.01,36.65,34.87,62.23,,69.35,52.62,51.98,,63.8,,,,52.62,52.62,,52.62,52.62,52.62,52.62,52.62,36.65,36.65,,,,,40.67,37.62,37.62,36.65,36.65,37.62,10.83,30.01,51.98,59.84,36.65,36.65,36.65,36.65,52.62,42.4,,,,,,
2019-12-14 18:00:00+01:00,,40.98,,40.01,55.31,47.2,,43.07,,29.05,35.77,35.77,35.77,36.99,35.77,36.99,74.29,,68.48,46.41,52.3,,78.03,,,,51.94,52.62,,51.94,52.62,52.62,52.62,52.62,35.77,35.77,,,,,40.01,37.59,37.59,35.77,35.77,37.59,10.4,36.99,52.3,58.1,35.77,35.77,35.77,35.77,46.41,43.07,,,,,,
2019-12-14 19:00:00+01:00,,36.05,,39.0,51.17,46.83,,38.0,,25.83,34.93,34.93,34.93,36.99,34.93,36.99,68.22,,67.15,36.05,47.92,,71.64,,,,50.57,57.37,,50.57,57.37,57.37,57.37,57.37,34.93,34.93,,,,,39.0,37.56,37.56,34.93,34.93,37.56,10.05,36.99,47.92,55.82,34.93,34.93,34.93,34.93,36.05,44.0,,,,,,
2019-12-14 20:00:00+01:00,,34.97,,39.3,40.84,46.76,,35.61,,13.85,33.92,33.92,33.92,32.48,33.92,32.48,55.97,,65.2,34.97,45.82,,58.78,,,,47.77,51.46,,47.77,51.46,51.46,51.46,51.46,33.92,33.92,,,,,39.3,37.33,37.33,33.92,33.92,37.33,10.9,32.48,45.82,54.1,33.92,33.92,33.92,33.92,34.97,45.82,,,,,,
2019-12-14 21:00:00+01:00,,34.02,,35.02,34.26,46.55,,33.04,,15.64,15.64,15.64,33.14,29.94,33.14,29.94,52.01,,61.78,34.02,39.13,,54.62,,,,46.7,46.7,,46.7,46.7,46.7,46.7,46.7,33.14,33.14,,,,,35.02,36.92,36.92,33.14,33.14,36.92,9.47,29.94,39.13,50.02,33.14,33.14,33.14,33.14,34.02,38.6,,,,,,
2019-12-14 22:00:00+01:00,,32.6,,31.7,35.03,45.03,,26.7,,18.15,18.15,18.15,32.17,29.79,32.17,29.79,49.91,,61.89,32.6,35.17,,49.87,,,,45.1,45.1,,45.1,45.1,45.1,45.1,45.1,32.17,32.17,,,,,34.0,37.02,37.02,32.17,32.17,37.02,8.86,29.79,35.17,47.6,32.17,32.17,32.17,32.17,32.6,35.17,,,,,,
2019-12-14 23:00:00+01:00,,13.24,,35.0,33.03,40.72,,24.13,,4.39,4.39,4.39,29.61,29.6,29.61,29.6,44.3,,48.6,13.24,29.22,,44.0,,,,43.14,43.14,,43.14,43.14,43.14,43.14,43.14,29.61,29.61,,,,,35.0,36.85,36.85,29.73,29.73,36.85,6.94,29.6,26.05,37.27,29.61,29.61,29.61,29.61,13.24,24.13,,,,,,
2019-12-15 00:00:00+01:00,,12.95,,26.2,23.09,38.57,,22.81,,0.32,0.32,0.32,30.63,26.2,30.63,26.2,45.44,,35.94,12.95,31.92,,46.57,,,,40.25,40.25,,40.25,40.25,40.25,40.25,40.25,30.63,30.63,,,,,34.9,36.23,36.23,30.63,30.63,36.23,5.69,26.2,31.91,30.06,30.63,30.63,30.63,30.63,12.95,22.81,,,,,,
2019-12-15 01:00:00+01:00,,17.25,,19.73,22.55,34.43,,23.22,,1.52,1.52,1.52,30.16,20.0,30.16,20.0,49.66,,31.16,17.25,25.66,,50.89,,,,35.25,35.25,,35.25,35.25,35.25,35.25,35.25,30.16,30.16,,,,,35.0,36.24,36.24,30.16,30.16,36.24,4.7,20.0,25.66,26.19,30.16,30.16,30.16,30.16,17.25,23.22,,,,,,
2019-12-15 02:00:00+01:00,,17.68,,13.31,22.54,32.52,,22.0,,2.3,2.3,2.3,30.04,10.93,30.04,10.93,43.14,,28.7,17.68,22.0,,44.21,,,,30.0,30.0,,30.0,30.0,30.0,30.0,30.0,30.04,30.04,,,,,29.9,36.2,36.2,30.04,30.04,36.2,4.59,10.93,22.0,22.09,30.04,30.04,30.04,30.04,17.68,22.0,,,,,,
2019-12-15 03:00:00+01:00,,7.75,,8.75,22.52,31.02,,17.21,,3.9,3.9,3.9,30.07,7.56,30.07,7.56,35.23,,27.64,7.75,17.21,,36.1,,,,29.52,29.52,,29.52,29.52,29.52,29.52,29.52,30.07,30.07,,,,,16.54,36.15,36.15,30.07,30.07,36.15,4.3,7.56,17.21,20.55,30.07,30.07,30.07,30.07,7.75,17.21,,,,,,
2019-12-15 04:00:00+01:00,,16.49,,6.01,22.52,28.71,,18.31,,2.2,2.2,2.2,30.38,5.41,30.38,5.41,20.73,,28.78,16.49,18.31,,25.96,,,,28.8,28.8,,28.8,28.8,28.8,28.8,28.8,30.38,30.38,,,,,11.91,36.1,36.1,30.38,30.38,36.1,4.61,5.41,18.31,20.23,30.38,30.38,30.38,30.38,16.49,18.31,,,,,,
2019-12-15 05:00:00+01:00,,28.06,,6.79,22.52,28.39,,21.26,,0.97,15.7,15.7,22.6,5.84,22.6,5.84,16.18,,29.26,28.06,21.26,,26.0,,,,28.96,28.96,,28.96,28.96,28.96,28.96,28.96,19.9,22.6,,,,,15.7,36.05,36.05,29.96,29.96,36.05,4.66,5.84,21.26,25.0,22.6,22.6,22.6,22.6,28.06,21.26,,,,,,
2019-12-15 06:00:00+01:00,,27.07,,11.69,22.53,34.07,,22.71,,-5.12,26.94,26.94,26.94,7.57,26.94,7.57,26.12,,34.98,27.07,22.71,,27.41,,,,30.0,30.0,,30.0,30.0,30.0,30.0,30.0,23.39,26.94,,,,,26.94,36.01,36.01,30.31,30.31,36.01,5.48,7.57,22.71,28.6,26.94,26.94,26.94,26.94,27.07,22.71,,,,,,
2019-12-15 07:00:00+01:00,,30.05,,11.31,22.54,37.17,,23.3,,-4.95,30.57,30.57,30.57,11.31,30.57,11.31,32.55,,57.49,30.05,28.69,,34.16,,,,38.26,38.26,,38.26,38.26,38.26,38.26,38.26,27.26,30.57,,,,,31.58,36.04,36.04,30.57,30.57,36.04,6.39,11.31,28.68,32.23,30.57,30.57,30.57,30.57,30.05,23.3,,,,,,
2019-12-15 08:00:00+01:00,,32.51,,15.97,22.64,39.35,,28.05,,-0.07,29.1,31.68,31.68,15.97,31.68,15.97,28.21,,61.98,32.51,32.07,,29.61,,,,40.0,40.0,,40.0,40.0,40.0,40.0,40.0,31.68,31.68,,,,,29.1,36.18,36.18,31.68,31.68,36.18,7.42,15.97,32.07,34.73,31.68,31.68,31.68,31.68,32.51,28.05,,,,,,
2019-12-15 09:00:00+01:00,,34.03,,23.68,23.6,40.23,,34.0,,0.1,33.44,33.44,33.44,23.68,33.44,23.68,35.2,,58.79,34.03,34.0,,35.36,,,,42.05,42.05,,42.05,42.05,42.05,42.05,42.05,33.44,33.44,,,,,34.15,36.26,36.26,33.44,33.44,36.26,7.84,23.68,34.0,35.69,33.44,33.44,33.44,33.44,34.03,34.0,,,,,,
2019-12-15 10:00:00+01:00,,36.06,,28.03,28.05,39.53,,36.31,,-0.94,30.05,34.28,34.28,28.03,34.28,28.03,45.96,,61.98,40.38,36.31,,43.83,,,,40.38,40.38,,40.38,40.38,40.38,40.38,40.38,34.28,34.28,,,,,35.46,36.63,36.63,34.28,34.28,36.63,8.15,28.03,36.31,38.08,34.28,34.28,34.28,34.28,40.38,36.31,,,,,,
2019-12-15 11:00:00+01:00,,40.1,,28.0,28.1,39.36,,37.04,,8.47,25.01,34.92,34.92,28.0,34.92,28.0,48.33,,65.21,40.1,37.04,,49.51,,,,40.1,40.1,,40.1,40.1,40.1,40.1,40.1,34.92,34.92,,,,,35.45,36.62,36.62,34.92,34.92,36.62,8.18,28.0,37.04,39.08,34.92,34.92,34.92,34.92,40.1,37.04,,,,,,
2019-12-15 12:00:00+01:00,,34.07,,30.1,32.95,40.08,,36.8,,5.83,19.69,34.88,34.88,30.1,34.88,30.1,51.54,,65.11,34.07,36.8,,52.8,,,,42.06,42.06,,42.06,42.06,42.06,42.06,42.06,34.88,34.88,,,,,35.45,36.62,36.62,34.88,34.88,36.62,8.17,30.1,36.8,39.06,34.88,34.88,34.88,34.88,34.07,36.8,,,,,,
2019-12-15 13:00:00+01:00,,39.46,,30.0,28.08,39.49,,34.24,,5.29,9.98,34.81,34.81,30.0,34.81,30.0,47.94,,66.71,39.46,34.24,,49.12,,,,39.46,39.46,,39.46,39.46,39.46,39.46,39.46,34.81,34.81,,,,,35.48,36.66,36.66,34.81,34.81,36.66,8.16,30.0,34.24,37.56,34.81,34.81,34.81,34.81,39.46,34.24,,,,,,
2019-12-15 14:00:00+01:00,,41.08,,29.19,42.92,39.68,,34.75,,10.01,10.01,34.71,34.71,29.19,34.71,29.19,55.44,,60.89,41.08,36.62,,56.79,,,,41.08,41.08,,41.08,41.08,41.08,41.08,41.08,34.71,34.71,,,,,38.06,36.84,36.84,34.71,34.71,36.84,8.14,29.19,36.62,37.1,34.71,34.71,34.71,34.71,41.08,34.75,,,,,,
2019-12-15 15:00:00+01:00,,44.56,,28.0,53.69,40.9,,37.09,,20.82,20.82,35.83,35.83,28.0,35.83,28.0,48.82,,65.2,44.56,41.37,,50.01,,,,44.56,44.56,,44.56,44.56,44.56,44.56,44.56,35.83,35.83,,,,,43.56,37.0,37.0,35.83,35.83,37.0,8.4,28.0,41.36,40.81,35.83,35.83,35.83,35.83,44.56,37.09,,,,,,
2019-12-15 16:00:00+01:00,,47.1,,30.71,51.69,45.91,,40.0,,27.18,27.18,36.71,36.71,30.71,36.71,30.71,47.95,,69.26,47.1,52.32,,49.12,,,,47.1,47.1,,47.1,47.1,47.1,61.89,47.1,36.71,36.71,,,,,34.5,36.76,36.76,36.71,36.71,36.76,8.86,30.71,52.31,50.06,36.71,36.71,36.71,36.71,47.1,40.0,,,,,,
2019-12-15 17:00:00+01:00,,48.98,,36.63,53.66,47.77,,40.74,,33.51,33.51,36.91,36.91,36.63,36.91,36.63,65.93,,76.86,49.46,54.75,,64.39,,,,49.46,49.46,,49.46,49.46,49.46,88.31,49.46,36.91,36.91,,,,,39.1,37.11,37.11,36.91,36.91,37.11,8.98,36.63,54.74,52.79,36.91,36.91,36.91,36.91,49.46,40.74,,,,,,
2019-12-15 18:00:00+01:00,,48.97,,42.01,51.67,47.42,,42.5,,31.36,31.36,36.26,36.26,42.88,36.26,42.88,76.72,,76.87,49.27,55.02,,78.59,,,,49.27,49.27,,49.27,49.27,49.27,88.31,49.27,36.26,36.26,,,,,42.01,37.05,37.05,36.26,36.26,37.05,9.95,42.88,55.01,54.53,36.26,36.26,36.26,36.26,49.27,42.5,,,,,,
2019-12-15 19:00:00+01:00,,48.95,,42.4,50.65,47.01,,42.0,,35.63,35.63,35.63,35.63,43.96,35.63,43.96,60.52,,76.86,50.11,51.99,,62.0,,,,50.11,50.11,,50.11,50.11,50.11,88.31,50.11,35.63,35.63,,,,,42.4,36.98,36.98,35.63,35.63,36.98,9.54,43.96,51.98,50.88,35.63,35.63,35.63,35.63,50.11,42.0,,,,,,
2019-12-15 20:00:00+01:00,,47.61,,37.49,50.63,45.1,,40.04,,34.29,34.29,34.29,34.79,44.59,34.79,38.17,51.55,,69.26,47.61,48.04,,52.8,,,,48.75,48.75,,48.75,48.75,48.75,88.31,48.75,34.79,34.79,,,,,37.49,36.71,36.71,34.79,34.79,36.71,8.82,44.59,48.04,50.01,34.79,34.79,34.79,34.79,47.61,40.04,,,,,,
2019-12-15 21:00:00+01:00,,35.08,,31.4,42.99,40.7,,36.8,,29.1,29.1,29.1,34.36,44.1,34.36,31.4,49.57,,66.58,35.08,36.8,,48.41,,,,46.77,46.77,,46.77,46.77,46.77,86.89,46.77,34.36,34.36,,,,,35.32,36.49,36.49,34.42,34.36,36.49,8.05,44.1,36.8,38.3,34.36,34.36,34.36,34.36,35.08,36.8,,,,,,
2019-12-15 22:00:00+01:00,,34.04,,33.15,35.09,41.07,,34.18,,32.8,32.8,32.8,34.04,39.75,34.04,33.11,47.95,,76.74,34.04,34.18,,47.99,,,,44.5,44.5,,44.5,44.5,44.5,46.02,44.5,34.04,34.04,,,,,33.4,36.25,36.25,34.04,34.04,36.25,7.98,39.75,34.18,37.76,34.04,34.04,34.04,34.04,34.04,34.18,,,,,,
2019-12-15 23:00:00+01:00,,31.7,,35.1,29.2,40.18,,28.71,,29.83,29.83,29.83,32.38,35.1,32.38,35.1,41.0,,61.74,31.7,28.71,,42.0,,,,40.23,40.23,,40.23,40.23,40.23,40.23,40.23,32.38,32.38,,,,,35.1,36.26,36.26,33.01,32.38,36.26,7.59,35.1,27.69,31.2,32.38,32.38,32.38,32.38,31.7,28.71,,,,,,
2019-12-16 00:00:00+01:00,,33.87,,35.23,25.06,35.95,,23.32,,29.46,29.46,29.46,32.87,39.53,32.87,39.53,43.16,,45.4,33.87,31.92,,40.78,,,,39.81,39.81,,39.81,39.81,39.81,39.81,39.81,32.87,32.87,,,,,35.23,36.39,36.39,32.87,32.87,36.39,5.21,39.53,31.92,33.05,32.87,32.87,32.87,32.87,33.87,23.32,,,,,,
2019-12-16 01:00:00+01:00,,31.49,,33.68,22.53,34.1,,23.27,,30.18,30.18,30.18,32.7,33.68,32.7,33.68,41.92,,31.6,31.49,28.01,,39.99,,,,35.0,35.0,,35.0,35.0,35.0,35.0,35.0,32.7,32.7,,,,,33.68,36.07,36.07,32.7,32.7,36.07,4.96,33.68,26.25,30.1,32.7,32.7,32.7,32.7,31.49,23.27,,,,,,
2019-12-16 02:00:00+01:00,,30.91,,30.91,22.52,31.64,,23.25,,30.91,30.91,30.91,32.75,30.91,32.75,30.91,47.77,,26.8,30.91,26.25,,38.03,,,,31.3,31.3,,31.3,31.3,31.3,31.3,31.3,32.75,32.75,,,,,30.91,35.96,35.96,32.75,32.75,35.96,4.97,30.91,20.93,28.43,32.75,32.75,32.75,32.75,30.91,23.25,,,,,,
2019-12-16 03:00:00+01:00,,29.49,,29.49,22.52,31.03,,23.27,,29.49,29.49,29.49,33.47,29.49,33.47,29.49,40.68,,25.0,29.49,23.5,,38.03,,,,30.0,30.0,,30.0,30.0,30.0,30.0,30.0,33.47,33.47,,,,,29.49,35.95,35.95,33.47,33.47,35.95,5.21,29.49,23.16,24.56,33.47,33.47,33.47,33.47,29.49,23.27,,,,,,
2019-12-16 04:00:00+01:00,,29.19,,29.19,22.54,31.8,,23.3,,29.19,29.19,29.19,35.13,29.19,35.13,29.19,38.22,,34.74,29.19,26.84,,36.54,,,,30.0,30.0,,30.0,30.0,30.0,30.0,30.0,35.13,35.13,,,,,29.19,35.93,35.93,35.13,35.13,35.93,6.31,29.19,26.84,27.76,35.13,35.13,35.13,35.13,29.19,23.3,,,,,,
2019-12-16 05:00:00+01:00,,33.06,,31.82,31.08,36.84,,34.68,,31.77,31.77,36.84,45.8,31.88,45.8,31.88,38.12,,62.66,33.06,34.68,,36.46,,,,39.8,39.8,,39.8,39.8,39.8,39.8,39.8,36.84,45.8,,,,,31.77,36.84,36.84,36.84,36.84,36.84,7.95,31.88,34.68,34.24,36.84,36.84,36.84,36.84,33.06,34.68,,,,,,
2019-12-16 06:00:00+01:00,,47.82,,39.16,45.48,46.02,,48.1,,38.87,38.87,38.87,55.53,39.27,55.53,39.27,40.04,,66.71,47.82,48.1,,38.32,,,,47.82,47.82,,47.82,47.82,47.82,47.82,47.82,46.8,55.53,,,,,38.87,38.87,38.87,38.87,38.87,38.87,11.95,39.27,48.1,45.67,38.87,38.87,38.87,38.87,47.82,48.1,,,,,,
2019-12-16 07:00:00+01:00,,50.89,,50.12,56.25,48.99,,53.74,,50.01,50.01,50.01,66.0,45.48,66.0,50.28,56.56,,66.62,50.89,53.74,,46.47,,,,51.23,51.23,,51.23,51.23,51.23,51.23,51.23,52.92,61.14,,,,,50.01,40.55,40.55,40.55,40.55,40.55,12.41,42.94,53.74,53.48,40.55,40.55,40.55,50.01,50.89,53.74,,,,,,
2019-12-16 08:00:00+01:00,,50.67,,45.14,56.26,49.61,,55.4,,44.74,44.43,44.43,61.11,44.6,61.11,47.45,46.1,,65.2,56.17,56.28,,51.88,,,,56.17,56.17,,56.17,56.17,56.17,56.17,56.17,57.5,61.11,,,,,44.43,42.88,42.88,42.88,42.88,42.88,13.49,42.19,61.51,57.31,42.88,42.88,42.88,44.43,56.17,55.4,,,,,,
2019-12-16 09:00:00+01:00,,51.97,,46.45,53.08,49.42,,56.01,,42.0,42.0,42.0,59.48,47.45,59.48,50.36,51.24,,65.2,56.81,56.96,,52.8,,,,56.81,56.81,,56.81,56.81,56.81,56.81,56.81,59.48,59.48,,,,,46.1,42.0,42.0,42.0,42.0,42.0,13.93,42.44,60.06,55.34,42.0,42.0,42.0,42.0,56.81,56.65,,,,,,
2019-12-16 10:00:00+01:00,,52.0,,46.59,51.57,49.25,,55.47,,41.2,41.2,41.2,45.76,45.45,45.76,50.98,51.84,,62.29,52.0,55.47,,54.75,,,,52.0,52.0,,52.0,52.0,52.0,52.0,52.0,45.76,45.76,,,,,42.56,41.2,41.2,41.2,41.2,41.2,12.78,43.94,56.09,52.54,41.2,41.2,41.2,41.2,52.0,55.47,,,,,,
2019-12-16 11:00:00+01:00,,52.0,,48.55,52.91,49.06,,56.92,,41.84,40.83,40.83,45.74,43.94,45.74,49.0,49.78,,61.79,52.0,56.92,,52.62,,,,52.0,50.0,,52.0,50.0,50.0,50.0,50.0,45.74,45.74,,,,,48.0,40.83,40.83,40.83,40.83,40.83,13.12,43.94,56.93,52.13,40.83,40.83,40.83,40.83,52.0,56.92,,,,,,
2019-12-16 12:00:00+01:00,,50.01,,44.48,53.58,48.48,,57.5,,42.11,41.1,41.1,58.56,43.94,58.56,44.61,45.3,,56.89,50.01,57.5,,47.91,,,,50.0,49.29,,50.0,49.29,49.29,49.29,49.29,58.56,58.56,,,,,44.24,41.1,41.1,41.1,41.1,41.1,13.74,43.94,57.51,51.3,41.1,41.1,41.1,41.1,50.01,57.5,,,,,,
2019-12-16 13:00:00+01:00,,50.0,,45.14,56.25,48.51,,55.99,,44.72,41.27,41.27,59.07,43.59,59.07,45.28,45.94,,61.01,50.0,55.99,,48.62,,,,50.0,50.0,,50.0,50.0,50.0,50.0,50.0,59.07,59.07,,,,,44.72,41.27,41.27,41.27,41.27,41.27,13.86,43.59,60.07,51.11,41.27,41.27,41.27,41.27,50.0,55.99,,,,,,
2019-12-16 14:00:00+01:00,,51.96,,46.48,62.4,48.49,,55.5,,46.03,41.41,41.41,57.17,41.98,57.17,46.54,47.27,,62.64,53.3,55.5,,50.06,,,,53.3,53.3,,53.3,53.3,53.3,53.3,53.3,57.17,57.17,,,,,46.03,41.41,41.41,41.41,41.41,41.41,13.41,41.98,66.77,51.49,41.41,41.41,41.41,41.41,53.3,55.5,,,,,,
2019-12-16 15:00:00+01:00,,51.92,,47.7,62.4,49.04,,58.6,,47.34,46.21,46.21,59.58,41.94,59.58,47.74,50.3,,65.2,58.51,59.05,,53.31,,,,58.51,58.51,,58.51,58.51,58.51,58.51,58.51,59.58,59.58,,,,,47.34,42.32,42.32,42.32,42.32,42.32,13.98,41.94,88.95,54.07,42.32,42.32,42.32,46.21,58.51,58.6,,,,,,
2019-12-16 16:00:00+01:00,,50.94,,50.02,62.43,49.24,,59.94,,50.0,46.27,48.8,58.82,41.73,58.82,50.02,51.6,,65.89,59.95,63.49,,54.72,,,,59.95,59.95,,59.95,59.95,59.95,59.95,59.95,58.82,58.82,,,,,50.0,42.66,42.66,41.64,41.64,42.66,13.8,41.73,104.65,60.63,41.64,41.64,42.66,48.8,59.95,59.94,,,,,,
2019-12-16 17:00:00+01:00,,52.01,,52.01,62.4,50.54,,57.0,,52.01,51.68,51.68,57.41,41.94,57.41,52.01,74.68,,66.34,65.0,67.91,,89.73,,,,65.0,65.0,,65.0,65.0,65.0,65.0,65.0,57.41,57.41,,,,,52.01,42.37,42.37,40.99,40.99,42.37,13.47,41.94,98.37,66.55,40.99,40.99,42.37,51.68,65.0,57.0,,,,,,
2019-12-16 18:00:00+01:00,,51.96,,51.96,56.29,49.82,,53.97,,51.96,50.71,50.71,54.94,44.13,54.94,51.96,86.83,,69.35,58.07,60.59,,150.53,,,,58.07,58.07,,58.07,58.07,58.07,58.07,58.07,54.94,54.94,,,,,51.96,41.41,41.41,40.82,40.82,41.41,12.89,44.13,70.96,61.05,40.82,40.82,41.41,50.71,58.07,53.97,,,,,,
2019-12-16 19:00:00+01:00,,49.32,,49.99,56.27,49.05,,52.98,,48.61,46.18,46.18,45.8,46.54,45.8,49.42,72.33,,69.34,54.62,56.14,,99.0,,,,54.62,54.62,,54.62,54.62,54.62,56.0,54.62,45.8,45.8,,,,,47.55,40.68,40.68,40.68,40.68,40.68,12.68,44.59,63.0,58.77,40.68,40.68,40.68,46.18,54.62,52.98,,,,,,
2019-12-16 20:00:00+01:00,,47.86,,45.16,56.26,47.41,,51.42,,43.5,42.17,42.17,40.17,44.97,40.17,44.97,71.23,,69.38,47.86,52.32,,75.73,,,,50.0,50.0,,50.0,50.0,50.0,50.0,50.0,40.17,40.17,,,,,42.17,40.17,40.17,40.17,40.17,40.17,12.34,44.59,52.33,52.9,40.17,40.17,40.17,40.17,47.86,52.32,,,,,,
2019-12-16 21:00:00+01:00,,44.94,,40.28,52.53,44.0,,44.5,,40.1,40.1,40.1,39.14,40.56,39.14,40.56,61.28,,68.79,44.94,47.0,,65.2,,,,48.0,48.0,,48.0,48.0,48.0,48.0,48.0,39.14,39.14,,,,,40.1,39.14,39.14,39.14,39.14,39.14,10.19,40.56,47.01,46.01,39.14,39.14,39.14,39.14,44.94,44.5,,,,,,
2019-12-16 22:00:00+01:00,,39.79,,38.16,46.46,44.36,,40.41,,38.08,38.08,37.86,37.86,38.26,37.86,38.26,49.62,,65.2,39.79,43.28,,65.2,,,,45.5,45.5,,45.5,45.5,45.5,45.5,45.5,37.86,37.86,,,,,38.08,37.86,37.86,37.86,37.86,37.86,10.15,38.26,45.57,43.75,37.86,37.86,37.86,37.86,39.79,40.41,,,,,,
2019-12-16 23:00:00+01:00,,36.0,,36.0,41.07,41.0,,36.0,,36.0,36.0,36.22,36.22,36.0,36.22,36.0,43.81,,69.26,36.0,36.95,,46.67,,,,42.0,42.0,,42.0,42.0,42.0,42.0,42.0,36.22,36.22,,,,,36.0,37.19,37.19,36.22,36.22,37.19,8.51,36.0,36.96,37.49,36.22,36.22,36.22,36.22,36.0,36.0,,,,,,
2019-12-17 00:00:00+01:00,,32.71,,32.71,46.06,40.79,,35.18,,32.71,32.71,32.71,35.68,32.71,35.68,32.71,40.15,,68.92,32.71,35.89,,42.33,,,,39.8,39.8,,39.8,39.8,39.8,39.8,39.8,35.68,35.68,,,,,32.71,36.51,36.51,35.68,35.68,36.51,9.91,32.71,35.9,38.89,35.68,35.68,35.68,35.68,32.71,35.18,,,,,,
2019-12-17 01:00:00+01:00,,31.9,,31.9,43.42,38.01,,33.77,,31.9,34.67,34.67,34.67,31.9,34.67,31.9,40.29,,68.08,31.9,33.77,,41.9,,,,35.0,35.0,,35.0,35.0,35.0,35.0,35.0,34.67,34.67,,,,,31.9,36.43,36.43,34.67,34.67,36.43,9.81,31.9,33.78,36.01,34.67,34.67,34.67,34.67,31.9,33.77,,,,,,
2019-12-17 02:00:00+01:00,,30.5,,30.5,37.93,36.1,,31.74,,30.5,34.66,34.66,34.66,30.5,34.66,30.5,41.07,,65.96,30.5,31.74,,42.73,,,,35.0,35.0,,35.0,35.0,35.0,35.0,35.0,34.66,34.66,,,,,30.5,36.39,36.39,34.66,34.66,36.39,9.58,30.5,31.76,32.58,34.66,34.66,34.66,34.66,30.5,31.74,,,,,,
2019-12-17 03:00:00+01:00,,29.19,,29.19,38.44,36.29,,30.01,,29.19,34.93,34.93,34.93,29.19,34.93,29.19,40.62,,61.99,29.19,30.01,,42.26,,,,31.9,31.9,,31.9,31.9,19.0,31.9,31.9,34.93,34.93,,,,,29.19,36.39,36.39,34.93,34.93,36.39,9.59,29.19,30.02,30.83,34.93,34.93,34.93,34.93,29.19,30.01,,,,,,
2019-12-17 04:00:00+01:00,,29.4,,29.4,45.75,35.35,,31.01,,29.4,36.06,36.06,36.06,29.4,36.06,29.4,40.12,,62.5,29.4,31.01,,41.74,,,,35.0,35.0,,35.0,35.0,35.0,35.0,35.0,36.06,36.06,,,,,29.4,36.33,36.33,36.06,36.06,36.33,9.82,29.4,31.02,30.73,36.06,36.06,36.06,36.06,29.4,31.01,,,,,,
2019-12-17 05:00:00+01:00,,33.09,,31.26,50.17,39.05,,34.5,,31.25,31.27,37.11,45.09,31.25,45.09,31.25,40.1,,66.72,33.09,34.5,,41.73,,,,39.74,39.74,,39.74,39.74,39.74,39.74,39.74,45.09,45.09,,,,,31.27,37.11,37.11,37.11,37.11,37.11,10.95,31.25,34.51,35.2,37.11,37.11,37.11,37.11,33.09,34.5,,,,,,
2019-12-17 06:00:00+01:00,,44.02,,35.74,54.2,46.64,,45.41,,35.74,35.74,37.94,53.15,35.74,53.15,35.74,40.42,,62.22,44.02,45.41,,42.07,,,,45.8,45.8,,45.8,45.8,45.8,45.8,45.8,53.15,53.15,,,,,35.74,37.94,37.94,37.94,37.94,37.94,12.47,35.74,45.43,46.84,37.94,37.94,37.94,37.94,44.02,45.41,,,,,,
2019-12-17 07:00:00+01:00,,48.08,,44.5,60.42,49.61,,52.24,,44.17,44.17,44.17,57.27,44.92,57.27,44.92,47.24,,62.52,48.08,52.43,,49.19,,,,49.0,49.0,,49.0,49.0,49.0,49.0,49.0,57.27,57.27,,,,,44.17,40.54,40.54,40.38,40.38,40.54,13.44,44.6,52.45,52.37,40.38,40.38,40.54,41.82,48.08,52.43,,,,,,
2019-12-17 08:00:00+01:00,,49.5,,49.5,61.92,50.32,,51.0,,49.5,49.5,49.5,57.4,49.5,57.4,49.5,56.57,,62.22,49.5,52.32,,58.9,,,,54.15,54.15,,54.15,54.15,54.15,54.15,54.15,57.4,57.4,,,,,49.5,45.09,45.09,40.45,40.45,45.09,13.46,44.63,52.34,54.82,40.45,40.45,45.09,48.31,49.5,51.0,,,,,,
2019-12-17 09:00:00+01:00,,49.28,,43.01,54.2,49.46,,52.19,,42.35,42.35,42.35,56.7,48.0,56.7,48.0,66.7,,61.0,49.28,52.19,,72.58,,,,50.0,50.0,,50.0,50.0,50.0,50.0,50.0,56.7,56.7,,,,,42.53,41.33,41.33,40.25,40.25,41.33,13.3,46.4,52.21,54.08,40.25,40.25,41.33,41.33,49.28,52.19,,,,,,
2019-12-17 10:00:00+01:00,,48.89,,40.51,52.2,48.85,,51.4,,40.15,40.15,40.15,43.01,48.5,43.01,48.5,65.98,,60.68,48.89,51.4,,79.0,,,,48.89,48.89,,48.89,48.89,48.89,48.89,48.89,43.01,43.01,,,,,39.98,40.15,40.15,40.15,40.15,40.15,13.15,48.5,51.42,52.1,40.15,40.15,40.15,40.15,48.89,51.4,,,,,,
2019-12-17 11:00:00+01:00,,48.69,,38.51,49.96,49.07,,51.35,,38.23,38.23,39.17,43.1,48.06,43.1,48.06,63.61,,60.68,48.69,51.35,,75.0,,,,48.69,46.75,,48.69,46.75,46.75,46.75,46.75,43.1,43.1,,,,,37.92,39.17,39.17,39.17,39.17,39.17,13.28,48.06,51.37,52.21,39.17,39.17,39.17,39.17,48.69,51.35,,,,,,
2019-12-17 12:00:00+01:00,,47.01,,33.54,52.17,48.71,,51.9,,38.88,38.88,38.88,58.21,47.01,58.21,47.01,64.78,,62.54,47.01,51.9,,90.0,,,,47.01,46.1,,47.01,46.1,46.1,46.1,46.1,58.21,58.21,,,,,34.7,38.88,38.88,38.88,38.88,38.88,13.65,47.01,51.92,53.04,38.88,38.88,38.88,38.88,47.01,51.9,,,,,,
2019-12-17 13:00:00+01:00,,47.46,,34.59,52.17,48.73,,51.0,,39.05,39.05,39.05,57.74,46.6,57.74,46.6,61.73,,60.49,47.46,51.0,,92.08,,,,46.6,46.6,,46.6,46.6,46.6,46.6,46.6,57.74,57.74,,,,,35.36,39.05,39.05,39.05,39.05,39.05,13.54,46.6,51.02,52.02,39.05,39.05,39.05,39.05,47.46,51.0,,,,,,
2019-12-17 14:00:00+01:00,,49.28,,38.66,54.21,48.87,,51.12,,39.6,39.6,39.6,56.63,45.23,56.63,45.23,61.48,,62.22,49.28,51.42,,80.27,,,,49.28,49.28,,49.28,49.28,49.28,49.28,49.28,56.63,56.63,,,,,38.0,39.6,39.6,39.6,39.6,39.6,13.27,45.23,51.44,52.04,39.6,39.6,39.6,39.6,49.28,51.42,,,,,,
2019-12-17 15:00:00+01:00,,49.95,,43.03,54.23,48.8,,52.29,,42.52,42.52,42.52,56.67,44.85,56.67,44.85,59.57,,67.89,49.95,53.65,,80.0,,,,53.42,53.42,,53.42,53.42,53.42,53.42,53.42,56.67,56.67,,,,,42.52,41.16,41.16,40.43,40.43,41.16,13.28,44.85,53.68,53.84,40.43,40.43,41.5,41.5,49.95,53.65,,,,,,
2019-12-17 16:00:00+01:00,,49.98,,42.7,54.22,48.78,,51.4,,42.57,42.57,42.57,58.58,46.0,58.58,46.0,64.67,,69.27,50.6,58.18,,90.0,,,,56.5,56.5,,56.5,56.5,56.5,56.5,56.5,58.58,58.58,,,,,42.57,41.42,41.42,40.53,40.53,41.42,13.73,46.0,58.2,57.98,40.53,40.53,41.42,41.55,50.6,51.4,,,,,,
2019-12-17 17:00:00+01:00,,50.08,,49.0,54.0,49.35,,52.24,,42.83,42.83,42.83,57.65,49.35,57.65,49.35,99.33,,68.95,50.08,60.9,,125.0,,,,60.77,60.77,,60.77,60.77,60.77,60.77,60.77,57.65,57.65,,,,,42.83,40.79,40.79,40.49,40.49,40.79,13.51,49.35,60.93,60.38,40.49,40.49,40.79,42.83,50.08,52.24,,,,,,
2019-12-17 18:00:00+01:00,,48.97,,51.18,52.17,49.6,,51.25,,38.79,38.79,38.79,56.69,56.27,56.69,56.27,94.49,,69.36,48.97,51.25,,174.15,,,,56.27,56.27,,56.27,56.27,56.27,56.27,56.27,56.69,56.69,,,,,38.79,38.79,38.79,38.79,38.79,38.79,13.28,56.27,51.27,53.92,38.79,38.79,38.79,38.79,48.97,51.25,,,,,,
2019-12-17 19:00:00+01:00,,48.9,,38.35,52.15,48.78,,48.48,,36.74,36.74,37.96,43.02,55.1,43.02,55.1,72.95,,68.78,48.9,50.0,,119.0,,,,55.1,55.1,,55.1,55.1,55.1,55.1,55.1,43.02,43.02,,,,,36.74,37.96,37.96,37.96,37.96,37.96,12.97,55.1,50.02,51.03,37.96,37.96,37.96,37.96,48.9,50.0,,,,,,
2019-12-17 20:00:00+01:00,,47.56,,34.85,44.94,47.55,,47.05,,33.99,34.2,37.21,37.21,49.78,37.21,49.43,58.9,,68.25,47.56,47.05,,75.84,,,,49.43,49.43,,49.43,49.43,49.43,49.43,49.43,37.21,37.21,,,,,34.2,37.21,37.21,37.21,37.21,37.21,12.4,49.78,47.08,47.29,37.21,37.21,37.21,37.21,47.56,47.05,,,,,,
2019-12-17 21:00:00+01:00,,44.04,,35.48,43.19,41.18,,40.01,,32.69,33.39,37.32,37.32,46.6,37.32,41.55,52.06,,66.56,44.04,40.01,,56.98,,,,46.8,46.8,,46.8,46.8,46.8,46.8,46.8,37.32,37.32,,,,,33.39,37.32,37.32,37.32,37.32,37.32,8.74,46.6,40.03,41.16,37.32,37.32,37.32,37.32,44.04,40.01,,,,,,
2019-12-17 22:00:00+01:00,,35.07,,33.68,44.4,41.53,,35.34,,30.28,31.9,36.93,36.93,43.49,36.93,43.49,46.21,,66.68,35.07,36.09,,51.63,,,,44.91,44.91,,44.91,44.91,44.91,44.91,44.91,36.93,36.93,,,,,31.9,36.93,36.93,36.93,36.93,36.93,11.4,43.49,36.11,37.05,36.93,36.93,36.93,36.93,35.07,35.34,,,,,,
2019-12-17 23:00:00+01:00,,31.38,,34.0,30.04,39.84,,30.51,,28.15,30.1,35.5,35.5,39.5,35.5,39.5,40.82,,68.13,31.38,30.51,,43.62,,,,40.46,40.46,,40.46,40.46,40.46,40.46,40.46,35.5,35.5,,,,,30.1,36.48,36.48,35.5,35.5,36.48,10.98,39.5,30.53,32.11,35.5,35.5,35.5,35.5,31.38,30.51,,,,,,
2019-12-18 00:00:00+01:00,,29.03,,34.03,46.04,38.81,,31.05,,21.95,33.93,33.93,33.93,37.01,33.93,37.01,49.09,,62.57,29.03,31.97,,51.84,,,,37.07,37.07,,37.07,37.07,37.07,37.07,37.07,33.93,33.93,,,,,33.93,36.24,36.24,33.93,33.93,36.24,9.89,37.01,31.98,36.99,33.93,33.93,33.93,33.93,29.03,31.97,,,,,,
2019-12-18 01:00:00+01:00,,27.92,,35.24,39.2,35.45,,27.48,,25.39,25.39,25.39,33.28,32.69,33.28,32.69,42.61,,62.54,27.92,29.49,,42.7,,,,33.0,33.0,,33.0,33.0,3.0,33.0,33.0,33.28,33.28,,,,,30.5,36.19,36.19,33.47,33.28,36.19,8.74,32.69,29.5,32.51,33.28,33.28,33.28,33.28,27.92,29.49,,,,,,
2019-12-18 02:00:00+01:00,,27.54,,31.26,30.05,34.29,,24.24,,26.35,26.35,26.35,32.94,29.67,32.94,29.67,41.15,,56.29,27.54,28.28,,39.48,,,,29.93,29.93,,29.93,29.93,3.0,29.93,29.93,32.94,32.94,,,,,30.0,36.18,36.18,33.35,32.94,36.18,7.72,29.67,28.3,29.88,32.94,32.94,32.94,32.94,27.54,28.28,,,,,,
2019-12-18 03:00:00+01:00,,26.22,,26.75,22.92,33.08,,24.2,,26.04,26.04,26.04,32.95,26.5,32.95,26.5,40.44,,44.99,26.22,27.06,,38.81,,,,30.0,30.0,,30.0,30.0,3.0,30.0,30.0,32.95,32.95,,,,,26.83,36.21,36.21,33.35,32.95,36.21,7.72,26.5,27.07,29.08,32.95,32.95,32.95,32.95,26.22,27.06,,,,,,
2019-12-18 04:00:00+01:00,,28.39,,28.39,37.72,33.01,,26.46,,28.39,28.39,28.39,34.16,26.5,34.16,28.39,36.45,,59.99,28.39,29.19,,34.97,,,,29.99,29.99,,29.99,29.99,3.0,29.99,29.99,34.16,34.16,,,,,28.39,36.29,36.29,34.16,34.16,36.29,8.12,26.5,29.2,29.93,34.16,34.16,34.16,34.16,28.39,29.19,,,,,,
2019-12-18 05:00:00+01:00,,33.01,,30.3,50.17,36.92,,31.13,,30.19,30.19,30.19,42.0,28.1,42.0,30.3,31.68,,62.67,33.01,33.66,,30.41,,,,36.2,36.2,,36.2,36.2,30.0,36.2,36.2,36.75,42.0,,,,,30.22,36.75,36.75,36.75,36.75,36.75,9.0,28.1,43.47,33.91,36.75,36.75,36.75,36.75,33.01,31.13,,,,,,
2019-12-18 06:00:00+01:00,,40.47,,36.46,53.74,43.47,,43.0,,36.19,36.19,37.61,53.52,33.0,53.52,36.59,37.21,,71.74,40.47,44.73,,29.21,,,,45.0,45.0,,45.0,45.0,45.0,45.0,45.0,48.68,53.52,,,,,36.19,37.61,37.61,37.61,37.61,37.61,11.4,33.0,45.87,43.01,37.61,37.61,37.61,37.61,40.47,44.73,,,,,,
2019-12-18 07:00:00+01:00,,48.98,,49.27,58.93,48.56,,50.73,,42.05,42.05,40.63,57.66,44.6,57.66,48.98,50.25,,68.18,48.98,50.94,,28.54,,,,48.98,48.98,,48.98,48.98,48.98,48.98,48.98,57.66,57.66,,,,,42.05,39.95,39.95,39.95,39.95,39.95,12.3,40.1,52.36,50.19,39.95,39.95,39.95,40.52,48.98,50.73,,,,,,
2019-12-18 08:00:00+01:00,,49.93,,52.16,58.62,50.73,,51.47,,47.45,47.45,47.45,53.56,49.1,53.56,51.4,54.33,,68.2,49.93,51.9,,35.55,,,,51.4,51.4,,51.4,51.4,51.4,51.4,51.4,52.97,53.56,,,,,52.1,40.76,40.76,40.76,40.76,40.76,12.41,43.1,51.94,51.91,40.76,40.76,40.76,46.32,49.93,51.47,,,,,,
2019-12-18 09:00:00+01:00,,49.43,,52.08,53.72,50.4,,51.91,,45.71,41.19,41.19,57.48,48.78,57.48,50.8,61.48,,61.0,49.43,51.91,,41.33,,,,50.8,50.8,,50.8,50.8,50.8,50.8,50.8,57.48,57.48,,,,,51.97,41.19,41.19,41.19,41.19,41.19,12.37,44.1,51.95,50.6,41.19,41.19,41.19,41.19,49.43,51.91,,,,,,
2019-12-18 10:00:00+01:00,,48.91,,49.04,52.98,49.35,,51.2,,44.48,40.63,40.63,41.43,45.6,41.43,49.69,57.37,,60.28,48.91,51.2,,41.35,,,,49.69,49.69,,49.69,49.69,49.69,49.69,49.69,41.43,41.43,,,,,44.48,40.63,40.63,40.63,40.63,40.63,11.99,45.35,51.25,50.91,40.63,40.63,40.63,40.63,48.91,51.2,,,,,,
2019-12-18 11:00:00+01:00,,48.37,,48.04,51.65,48.61,,50.61,,48.14,40.18,40.18,43.01,43.35,43.01,48.37,49.19,,60.28,48.37,50.61,,39.5,,,,48.37,48.37,,48.37,48.37,48.37,48.37,48.37,43.01,43.01,,,,,48.03,40.18,40.18,40.18,40.18,40.18,12.43,43.35,50.66,49.94,40.18,40.18,40.18,40.18,48.37,50.61,,,,,,
2019-12-18 12:00:00+01:00,,46.63,,46.5,51.67,48.03,,50.42,,46.45,39.88,39.88,54.14,41.07,54.14,46.63,47.42,,60.99,46.63,50.42,,35.55,,,,46.63,46.63,,46.63,46.63,46.63,46.63,46.63,54.14,54.14,,,,,46.31,39.88,39.88,39.88,39.88,39.88,12.69,41.07,50.47,49.09,39.88,39.88,39.88,39.88,46.63,50.42,,,,,,
2019-12-18 13:00:00+01:00,,47.07,,46.76,52.94,47.72,,50.04,,46.79,39.8,39.8,53.55,40.1,53.55,46.79,47.81,,61.01,47.07,50.04,,35.0,,,,47.07,47.07,,47.07,47.07,47.07,47.07,47.07,53.55,53.55,,,,,46.69,39.8,39.8,39.8,39.8,39.8,12.76,40.1,50.1,49.1,39.8,39.8,39.8,39.8,47.07,50.04,,,,,,
2019-12-18 14:00:00+01:00,,48.36,,47.78,53.7,48.62,,51.0,,47.85,46.7,46.7,53.53,39.14,53.53,47.84,48.73,,62.66,48.36,51.0,,35.0,,,,48.36,48.36,,48.36,48.36,48.36,48.36,48.36,53.53,53.53,,,,,47.65,39.88,39.88,39.88,39.88,39.88,12.84,39.14,51.05,50.01,39.88,39.88,39.88,46.7,48.36,51.0,,,,,,
2019-12-18 15:00:00+01:00,,48.95,,46.45,53.71,50.08,,52.32,,47.9,46.75,46.75,53.86,39.14,53.86,46.05,46.82,,66.52,48.95,52.32,,35.0,,,,49.0,49.0,,49.0,49.0,49.0,49.0,49.0,53.86,53.86,,,,,46.75,40.06,40.06,40.06,40.06,40.06,13.07,39.14,52.38,52.1,40.06,40.06,40.06,46.75,48.95,52.32,,,,,,
2019-12-18 16:00:00+01:00,,51.0,,47.98,59.56,52.22,,55.82,,51.0,50.39,50.39,53.59,40.31,53.59,46.29,48.93,,65.2,51.0,58.01,,35.0,,,,51.0,51.0,,51.0,51.0,51.0,51.0,51.0,53.59,53.59,,,,,50.39,40.43,40.43,39.79,39.79,40.43,13.8,40.1,58.08,55.5,39.79,39.79,40.43,49.78,51.0,55.82,,,,,,
2019-12-18 17:00:00+01:00,,54.19,,54.19,54.2,54.13,,57.0,,54.19,54.19,54.19,53.56,43.1,53.56,54.19,55.49,,67.51,54.19,59.07,,41.35,,,,56.03,56.03,,56.03,56.03,56.03,56.03,56.03,53.56,53.56,,,,,54.19,40.61,40.61,39.2,39.2,40.61,13.73,43.1,59.14,59.06,39.2,39.2,40.61,52.89,54.19,57.0,,,,,,
2019-12-18 18:00:00+01:00,,51.0,,51.0,53.33,54.17,,54.57,,51.0,51.0,51.0,53.58,46.47,53.58,51.0,52.19,,69.34,51.0,56.65,,50.09,,,,51.0,51.0,,51.0,51.0,51.0,51.0,51.0,53.58,53.58,,,,,51.0,40.25,40.25,38.94,38.94,40.25,13.62,43.35,56.72,53.84,38.94,38.94,40.25,49.78,51.0,54.57,,,,,,
2019-12-18 19:00:00+01:00,,46.3,,46.3,51.65,50.99,,52.41,,46.3,46.3,46.3,43.04,46.3,43.04,46.3,47.22,,67.46,46.3,52.94,,44.89,,,,49.69,49.69,,49.69,49.69,49.69,49.69,49.69,43.04,43.04,,,,,46.3,39.87,39.87,38.76,38.76,39.87,13.63,44.35,53.0,50.17,38.76,38.76,39.87,43.04,46.3,52.41,,,,,,
2019-12-18 20:00:00+01:00,,43.85,,43.85,51.66,47.76,,48.28,,43.85,43.85,43.85,39.17,43.85,39.17,43.85,54.07,,62.53,43.85,49.44,,39.77,,,,45.53,45.53,,45.53,45.53,45.53,45.53,45.53,39.17,39.17,,,,,43.85,39.17,39.17,38.69,38.69,39.17,13.53,43.85,49.51,48.04,38.69,38.69,39.17,39.17,43.85,48.28,,,,,,
2019-12-18 21:00:00+01:00,,39.15,,39.15,43.48,41.58,,41.5,,39.15,39.15,38.73,38.05,39.15,38.05,39.15,46.57,,62.39,39.15,41.5,,38.11,,,,44.16,44.16,,44.16,44.16,44.16,44.16,44.16,38.05,38.05,,,,,39.15,38.05,38.05,38.05,38.05,38.05,12.33,39.15,41.56,43.14,38.05,38.05,38.05,38.05,39.15,41.5,,,,,,
2019-12-18 22:00:00+01:00,,35.9,,35.9,42.45,43.58,,38.8,,35.9,35.9,36.33,36.33,35.9,36.33,35.9,36.62,,62.69,35.9,39.14,,34.0,,,,43.7,43.7,,43.7,43.7,43.7,43.7,43.7,36.33,36.33,,,,,35.9,37.09,37.09,36.33,36.33,37.09,12.0,35.9,39.19,39.24,36.33,36.33,36.33,36.33,35.9,38.8,,,,,,
2019-12-18 23:00:00+01:00,,34.01,,31.92,31.77,39.33,,35.1,,32.19,32.19,33.78,33.78,28.1,33.78,31.87,30.93,,66.62,34.01,35.1,,25.77,,,,36.2,36.2,,36.2,36.2,36.2,36.2,36.2,33.78,33.78,,,,,31.97,36.24,36.24,33.78,33.78,36.24,10.78,28.1,35.15,36.14,33.78,33.78,33.78,33.78,34.01,35.1,,,,,,
2019-12-19 00:00:00+01:00,,29.08,,20.13,25.3,36.19,,29.01,,29.08,29.08,34.54,34.54,15.0,34.54,15.0,20.62,,62.6,29.08,31.71,,19.7,,,,39.08,39.08,,39.08,39.08,39.08,39.08,39.08,34.54,34.54,,,,,27.38,36.07,36.07,34.54,34.54,36.07,9.89,15.0,31.75,41.49,34.54,34.54,34.54,34.54,29.08,29.01,,,,,,
2019-12-19 01:00:00+01:00,,26.41,,14.97,22.93,32.3,,27.13,,26.41,26.41,34.3,34.3,8.66,34.3,8.66,15.33,,62.59,26.41,28.72,,0.0,,,,38.15,38.15,,38.15,38.15,38.15,38.15,38.15,34.3,34.3,,,,,24.36,35.91,35.91,34.3,34.3,35.91,42.11,8.66,28.75,37.95,34.3,34.3,34.3,34.3,26.41,27.13,,,,,,
2019-12-19 02:00:00+01:00,,26.72,,13.54,22.54,30.13,,26.25,,26.72,27.71,33.92,33.92,5.95,33.92,6.41,13.87,,37.27,26.72,26.25,,0.0,,,,33.15,33.15,,33.15,33.15,33.15,33.15,33.15,33.92,33.92,,,,,24.36,35.57,35.57,33.92,33.92,35.57,42.07,5.95,26.28,34.92,33.92,33.92,33.92,33.92,26.72,26.25,,,,,,
2019-12-19 03:00:00+01:00,,24.8,,11.44,22.53,29.64,,24.89,,24.8,24.8,34.37,34.37,4.28,34.37,4.28,11.71,,35.66,24.8,26.42,,11.19,,,,32.46,32.46,,32.46,32.46,32.46,32.46,32.46,34.37,34.37,,,,,22.4,35.44,35.44,34.37,34.37,35.44,42.13,4.28,26.45,30.0,34.37,34.37,34.37,34.37,24.8,24.89,,,,,,
2019-12-19 04:00:00+01:00,,28.01,,7.61,22.54,28.44,,25.73,,25.97,25.97,35.27,35.27,2.27,35.27,2.27,7.8,,55.79,28.01,29.01,,7.45,,,,33.15,33.15,,33.15,33.15,33.15,33.15,33.15,35.27,35.27,,,,,15.66,35.57,35.57,35.27,35.27,35.57,41.6,2.27,29.04,31.39,35.27,35.27,35.27,35.27,28.01,25.73,,,,,,
2019-12-19 05:00:00+01:00,,28.99,,11.45,50.2,34.67,,28.88,,27.24,27.24,36.39,41.09,5.1,41.09,6.73,11.72,,62.69,33.01,33.13,,12.03,,,,39.07,39.07,,39.07,39.07,39.07,39.07,39.07,41.09,41.09,,,,,18.27,36.39,36.39,36.39,36.39,36.39,42.85,5.1,48.21,40.88,36.39,36.39,36.39,36.39,33.01,28.88,,,,,,
2019-12-19 06:00:00+01:00,,31.73,,30.28,52.17,43.03,,38.85,,31.56,31.56,37.1,53.56,7.19,53.56,29.87,30.5,,66.77,31.73,39.08,,28.06,,,,45.11,45.11,,45.11,45.11,45.11,45.11,45.11,53.56,53.56,,,,,30.84,37.1,37.1,37.1,37.1,37.1,53.56,7.19,51.98,45.17,37.1,37.1,37.1,37.1,31.73,38.85,,,,,,
2019-12-19 07:00:00+01:00,,40.0,,40.0,57.45,44.05,,44.52,,40.0,40.0,40.0,57.13,27.0,57.13,40.0,47.13,,68.46,52.0,47.09,,33.0,,,,52.0,52.0,,52.0,52.0,52.0,52.0,52.0,57.13,57.13,,,,,40.0,38.92,38.72,38.92,38.92,38.92,57.13,20.05,68.96,48.95,38.92,38.92,38.92,40.0,52.0,44.52,,,,,,
2019-12-19 08:00:00+01:00,,42.95,,42.95,52.18,46.52,,46.12,,42.95,42.95,42.95,58.54,32.27,58.54,42.95,44.57,,65.2,55.6,50.11,,40.29,,,,55.6,55.6,,55.6,55.6,55.6,55.6,55.6,58.54,58.54,,,,,42.95,40.09,40.09,40.09,40.09,40.09,58.54,25.87,52.4,51.95,40.09,40.09,40.09,42.95,55.6,46.12,,,,,,
2019-12-19 09:00:00+01:00,,42.92,,39.62,50.63,46.3,,45.48,,39.62,39.62,39.62,57.7,35.74,57.7,39.62,43.48,,65.21,44.1,50.03,,43.86,,,,59.95,59.95,,59.95,59.95,59.95,59.95,59.95,57.7,57.7,,,,,39.62,39.62,39.44,39.62,39.62,39.62,58.55,30.01,50.1,53.05,39.62,39.62,39.62,39.62,44.1,45.48,,,,,,
2019-12-19 10:00:00+01:00,,39.97,,37.79,50.63,46.16,,44.74,,37.86,37.86,38.04,43.02,34.18,43.02,37.78,46.42,,62.87,39.97,48.07,,48.45,,,,55.0,55.0,,55.0,55.0,55.0,55.0,55.0,43.02,43.02,,,,,37.86,38.04,38.04,38.04,38.04,38.04,57.14,32.05,48.13,51.08,38.04,38.04,38.04,38.04,39.97,44.74,,,,,,
2019-12-19 11:00:00+01:00,,44.1,,37.69,43.94,45.1,,43.93,,37.69,37.69,37.69,44.99,31.99,44.99,37.69,47.94,,62.87,44.1,45.91,,50.43,,,,55.6,55.6,,55.6,55.6,55.6,55.6,55.6,44.99,44.99,,,,,37.69,37.69,37.69,37.69,37.69,37.69,57.21,31.8,45.97,50.06,37.69,37.69,37.69,37.69,44.1,43.93,,,,,,
2019-12-19 12:00:00+01:00,,42.91,,36.87,44.18,44.1,,43.06,,36.87,36.87,37.57,54.31,30.0,54.31,36.87,48.36,,62.67,46.1,44.39,,50.87,,,,51.6,51.6,,51.6,51.6,51.6,51.6,51.6,54.31,54.31,,,,,36.87,37.57,37.57,37.57,37.57,37.57,57.21,30.0,44.45,49.06,37.57,37.57,37.57,37.57,46.1,43.06,,,,,,
2019-12-19 13:00:00+01:00,,39.97,,37.05,48.6,44.07,,41.9,,37.41,37.41,37.67,55.26,28.8,55.26,36.92,51.7,,61.0,44.1,43.93,,58.51,,,,50.0,50.0,,50.0,50.0,50.0,50.0,50.0,55.26,55.26,,,,,37.11,37.67,37.67,37.67,37.67,37.67,58.52,28.8,43.98,49.21,37.67,37.67,37.67,37.67,44.1,41.9,,,,,,
2019-12-19 14:00:00+01:00,,39.98,,35.96,50.65,45.69,,41.95,,38.01,38.01,38.01,56.04,26.42,56.04,35.33,52.46,,62.38,39.98,44.07,,65.0,,,,56.0,56.0,,56.0,56.0,56.0,56.0,56.0,56.04,56.04,,,,,36.8,38.01,38.01,38.01,38.01,38.01,56.47,26.42,45.34,48.96,38.01,38.01,38.01,38.01,39.98,41.95,,,,,,
2019-12-19 15:00:00+01:00,,40.16,,32.75,52.18,46.57,,43.67,,38.72,38.72,38.72,56.33,25.92,56.33,29.94,47.0,,64.89,40.16,45.74,,57.73,,,,60.0,60.0,,60.0,60.0,60.0,60.0,60.0,56.33,56.33,,,,,38.72,38.72,38.72,38.72,38.72,38.72,56.33,25.92,48.0,50.27,38.72,38.72,38.72,38.72,40.16,43.67,,,,,,
2019-12-19 16:00:00+01:00,,42.42,,31.56,52.19,47.39,,43.73,,40.46,39.49,39.49,57.14,26.5,57.14,27.88,49.35,,64.89,44.1,48.95,,75.0,,,,59.74,59.74,,59.74,59.74,59.74,93.32,59.74,57.14,57.14,,,,,39.49,39.49,39.49,39.49,39.49,39.49,57.14,26.5,56.18,54.25,39.49,39.49,39.49,39.49,44.1,43.73,,,,,,
2019-12-19 17:00:00+01:00,,40.31,,40.31,50.63,46.08,,44.01,,40.31,40.31,40.31,53.55,28.8,53.55,40.31,67.09,,65.2,52.0,49.94,,117.83,,,,75.0,75.0,,75.0,75.0,75.0,94.36,75.0,53.55,53.55,,,,,40.31,39.36,39.36,39.36,39.36,39.36,55.48,28.8,52.55,58.53,39.36,39.36,39.36,39.36,52.0,44.01,,,,,,
2019-12-19 18:00:00+01:00,,39.91,,39.91,45.54,45.67,,42.89,,39.91,39.91,39.91,53.58,32.92,53.58,39.91,63.44,,65.19,43.94,47.54,,205.25,,,,55.6,60.67,,55.6,60.67,60.67,94.36,60.67,53.58,53.58,,,,,39.91,38.81,38.81,38.81,38.81,38.81,55.11,32.92,47.6,51.65,38.81,38.81,38.81,38.95,43.94,42.89,,,,,,
2019-12-19 19:00:00+01:00,,39.91,,38.97,42.63,45.59,,40.0,,38.95,38.95,37.96,37.96,34.89,37.96,38.97,54.16,,67.68,39.91,43.58,,169.97,,,,47.59,60.77,,47.59,60.77,60.77,94.36,60.77,37.96,37.96,,,,,38.97,37.96,37.96,37.96,37.96,37.96,54.08,34.89,43.64,49.51,37.96,37.96,37.96,37.96,39.91,40.0,,,,,,
2019-12-19 20:00:00+01:00,,36.01,,35.67,41.37,43.02,,35.5,,35.69,35.69,36.93,36.93,35.67,36.93,35.67,54.63,,64.89,36.01,38.04,,107.34,,,,46.51,60.44,,46.31,60.44,60.44,94.36,60.44,36.93,36.93,,,,,35.68,36.93,36.93,36.93,36.93,36.93,51.73,35.67,38.09,45.9,36.93,36.93,36.93,36.93,36.01,35.5,,,,,,
2019-12-19 21:00:00+01:00,,35.88,,31.61,31.98,41.05,,32.94,,35.09,35.09,35.95,35.95,30.0,35.95,30.0,47.27,,62.68,35.88,33.23,,84.9,,,,46.51,56.0,,44.25,56.0,56.0,64.95,56.0,35.95,35.95,,,,,35.09,36.48,36.48,35.95,35.95,36.48,46.08,30.0,33.28,39.62,35.95,35.95,35.95,35.95,35.88,32.94,,,,,,
2019-12-19 22:00:00+01:00,,33.99,,28.29,28.9,40.02,,31.0,,32.95,34.14,34.14,34.14,26.21,34.14,26.21,45.74,,65.2,33.99,32.28,,58.51,,,,43.66,44.92,,43.66,44.92,44.92,65.0,44.92,34.14,34.14,,,,,34.14,36.49,36.49,34.14,34.14,36.49,48.77,26.21,32.32,34.95,34.14,34.14,34.14,34.14,33.99,31.0,,,,,,
2019-12-19 23:00:00+01:00,,27.59,,27.4,24.93,37.02,,26.01,,27.22,30.4,30.4,32.83,9.19,32.83,27.22,39.94,,62.19,27.59,28.02,,42.52,,,,43.45,44.0,,43.45,44.0,44.0,44.0,44.0,32.83,32.83,,,,,30.4,36.25,36.25,32.83,32.83,36.25,46.75,9.19,28.05,31.33,32.83,32.83,32.83,32.83,27.59,26.01,,,,,,
2019-12-20 00:00:00+01:00,,26.56,,26.56,26.05,33.72,,22.59,,26.56,26.56,32.33,32.33,4.72,32.33,26.56,30.07,,62.19,26.56,28.75,,45.7,,,,34.15,37.62,,34.15,37.62,37.62,37.62,37.62,32.33,32.33,,,,,26.56,36.11,36.11,32.33,32.33,36.11,42.18,4.72,28.79,31.1,32.33,32.33,32.33,32.33,26.56,22.59,,,,,,
2019-12-20 01:00:00+01:00,,26.07,,21.73,22.54,32.08,,22.96,,25.95,25.95,25.95,32.25,2.3,32.25,19.08,29.48,,59.12,26.07,24.02,,37.91,,,,32.2,36.73,,32.2,36.73,36.73,36.73,36.73,32.25,32.25,,,,,25.95,35.95,35.95,32.25,32.25,35.95,37.44,2.3,24.05,30.26,32.25,32.25,32.25,32.25,26.07,22.96,,,,,,
2019-12-20 02:00:00+01:00,,24.1,,13.73,22.54,30.16,,20.29,,23.3,23.3,23.3,32.26,2.3,32.26,7.09,29.35,,55.79,24.1,20.58,,36.0,,,,30.0,30.0,,30.0,30.0,30.0,30.0,30.0,32.26,32.26,,,,,25.78,35.92,35.92,32.26,32.26,35.92,32.83,2.3,20.61,24.9,32.26,32.26,32.26,32.26,24.1,20.29,,,,,,
2019-12-20 03:00:00+01:00,,19.01,,8.03,22.54,29.88,,18.17,,19.01,19.01,31.94,31.94,2.3,31.94,2.39,25.15,,50.25,19.01,18.17,,35.01,,,,30.0,30.0,,30.0,30.0,30.0,30.0,30.0,31.94,31.94,,,,,16.54,35.73,35.73,31.94,31.94,35.73,31.94,2.3,18.2,21.85,31.94,31.94,31.94,31.94,19.01,18.17,,,,,,
2019-12-20 04:00:00+01:00,,24.59,,9.63,22.55,29.96,,21.01,,24.59,24.59,33.8,33.8,1.76,33.8,1.76,25.95,,35.53,24.59,21.01,,35.01,,,,30.0,30.0,,30.0,30.0,30.0,30.0,30.0,33.8,33.8,,,,,21.22,35.91,35.91,33.8,33.8,35.91,38.61,1.76,21.04,24.03,33.8,33.8,33.8,33.8,24.59,21.01,,,,,,
2019-12-20 05:00:00+01:00,,26.05,,12.7,50.17,33.6,,25.0,,25.03,25.84,35.99,35.99,2.3,35.99,5.13,30.04,,59.12,26.05,25.06,,35.0,,,,33.8,33.8,,33.8,33.8,33.8,33.8,33.8,35.99,35.99,,,,,29.21,35.99,35.99,35.99,35.99,35.99,35.99,2.3,25.09,28.08,35.99,35.99,35.99,35.99,26.05,25.0,,,,,,
2019-12-20 06:00:00+01:00,,27.62,,27.19,51.63,39.03,,30.03,,26.92,34.1,36.68,40.72,2.3,40.72,26.92,35.07,,59.72,27.62,30.39,,36.0,,,,43.9,43.9,,43.9,43.9,43.9,43.9,43.9,40.72,40.72,,,,,34.1,36.68,36.68,36.68,36.68,36.68,48.63,2.3,30.43,34.26,36.68,36.68,36.68,36.68,27.62,30.03,,,,,,
2019-12-20 07:00:00+01:00,,33.26,,32.92,51.64,44.71,,35.1,,32.57,37.56,37.56,50.06,10.5,50.06,32.57,50.48,,65.11,33.26,37.25,,45.42,,,,46.0,46.0,,46.0,46.0,46.0,46.0,46.0,50.06,50.06,,,,,37.56,37.56,37.56,37.56,37.56,37.56,50.06,10.5,38.34,41.35,37.56,37.56,37.56,37.56,33.26,35.1,,,,,,
2019-12-20 08:00:00+01:00,,35.73,,35.44,51.61,42.08,,37.5,,35.4,38.13,38.13,51.16,20.0,51.16,35.4,43.87,,65.11,35.73,37.5,,53.82,,,,50.0,50.0,,50.0,50.0,50.0,50.0,50.0,51.16,51.16,,,,,39.39,38.13,38.13,38.13,38.13,38.13,51.16,20.0,45.07,42.7,38.13,38.13,38.13,38.13,35.73,37.5,,,,,,
2019-12-20 09:00:00+01:00,,34.04,,33.33,50.7,38.81,,36.57,,33.01,38.05,38.05,51.32,23.85,51.32,33.01,50.55,,65.11,34.1,36.57,,84.3,,,,49.0,49.0,,49.0,49.0,49.0,49.0,49.0,51.32,51.32,,,,,44.9,38.05,38.05,38.05,38.05,38.05,51.32,23.85,44.91,41.42,38.05,38.05,38.05,38.05,34.1,36.57,,,,,,
2019-12-20 10:00:00+01:00,,31.51,,30.86,48.59,44.38,,34.0,,30.67,37.94,37.94,38.05,24.51,38.05,30.67,56.11,,65.11,33.0,34.0,,93.56,,,,45.11,45.11,,45.11,45.11,45.11,45.11,45.11,38.05,38.05,,,,,39.19,37.94,37.94,37.94,37.94,37.94,50.81,24.51,41.5,39.12,37.94,37.94,37.94,37.94,33.0,34.0,,,,,,
2019-12-20 11:00:00+01:00,,31.56,,30.72,42.22,44.77,,33.0,,30.04,37.94,37.94,38.88,24.18,38.88,30.04,58.55,,61.01,31.56,33.0,,90.0,,,,46.45,44.0,,46.45,44.0,44.0,44.0,44.0,38.88,38.88,,,,,47.0,37.94,37.94,37.94,37.94,37.94,52.49,24.18,39.2,39.64,37.94,37.94,37.94,37.94,31.56,33.0,,,,,,
2019-12-20 12:00:00+01:00,,29.07,,28.33,36.51,42.68,,32.49,,28.17,37.77,37.77,50.1,23.29,50.1,28.17,59.72,,66.17,29.07,32.49,,90.0,,,,42.8,42.8,,42.8,42.8,42.8,42.8,42.8,50.1,50.1,,,,,39.02,37.77,37.77,37.77,37.77,37.77,52.02,23.29,38.37,38.38,37.77,37.77,37.77,37.77,29.07,32.49,,,,,,
2019-12-20 13:00:00+01:00,,29.49,,28.62,36.61,42.47,,32.08,,26.84,37.59,37.59,46.81,23.01,46.81,26.84,55.73,,60.8,29.49,32.62,,90.0,,,,42.6,42.15,,42.6,42.15,34.34,42.15,42.15,46.81,46.81,,,,,54.0,37.59,37.59,37.59,37.59,37.59,52.49,23.01,34.65,37.35,37.59,37.59,37.59,37.59,29.49,32.08,,,,,,
2019-12-20 14:00:00+01:00,,28.76,,28.27,36.58,42.98,,32.54,,27.0,37.49,37.49,49.7,21.78,49.7,27.0,49.73,,61.0,28.76,32.54,,67.0,,,,44.0,44.0,,44.0,44.0,44.0,44.0,44.0,49.7,49.7,,,,,44.9,37.49,37.49,37.49,37.49,37.49,51.14,21.78,35.72,35.73,37.49,37.49,37.49,37.49,28.76,32.54,,,,,,
2019-12-20 15:00:00+01:00,,31.35,,30.09,37.27,43.07,,33.23,,30.28,33.07,37.42,52.93,22.5,52.93,28.69,41.17,,60.15,31.35,33.23,,59.25,,,,44.4,44.4,,44.4,44.4,44.4,44.4,44.4,52.93,52.93,,,,,38.66,37.42,37.42,37.42,37.42,37.42,52.93,22.5,41.29,37.66,37.42,37.42,37.42,37.42,31.35,33.23,,,,,,
2019-12-20 16:00:00+01:00,,34.01,,33.62,44.84,37.6,,35.51,,33.51,37.46,37.46,50.6,23.04,50.6,33.51,44.57,,60.16,34.1,36.03,,61.0,,,,45.42,45.42,,45.42,45.42,45.42,45.42,45.42,50.6,50.6,,,,,38.69,37.46,37.46,37.46,37.46,37.46,54.48,23.04,51.98,39.74,37.46,37.46,37.46,37.46,34.1,35.51,,,,,,
2019-12-20 17:00:00+01:00,,37.29,,42.11,42.14,38.58,,36.84,,37.29,37.45,37.45,50.01,24.38,50.01,40.33,60.6,,56.08,37.29,38.09,,96.68,,,,51.0,51.0,,51.0,51.0,51.0,51.0,51.0,50.01,50.01,,,,,49.9,37.45,37.45,37.45,37.45,37.45,53.73,24.38,45.37,41.88,37.45,37.45,37.45,37.45,37.29,36.84,,,,,,
2019-12-20 18:00:00+01:00,,37.48,,37.95,37.53,37.96,,35.1,,37.48,37.48,37.48,50.01,27.37,50.01,37.8,59.52,,60.03,37.48,35.98,,145.0,,,,45.85,45.85,,45.85,45.85,45.85,45.85,45.85,50.01,50.01,,,,,38.71,37.48,37.48,37.48,37.48,37.48,51.6,27.37,41.71,39.66,37.48,37.48,37.48,37.48,37.48,35.1,,,,,,
2019-12-20 19:00:00+01:00,,37.0,,37.0,33.92,40.33,,34.99,,37.0,37.0,37.0,37.0,30.0,37.0,37.0,51.36,,59.21,37.0,34.99,,107.75,,,,45.42,45.42,,45.42,45.42,45.42,45.42,45.42,37.0,37.0,,,,,37.0,37.0,37.0,37.0,37.0,37.0,50.15,30.0,41.71,39.08,37.0,37.0,37.0,37.0,37.0,34.99,,,,,,
2019-12-20 20:00:00+01:00,,34.01,,34.01,27.95,38.59,,32.57,,34.01,34.01,36.16,36.16,32.51,36.16,34.01,49.77,,58.78,34.01,32.73,,72.02,,,,43.45,43.45,,43.45,43.45,43.45,43.45,43.45,36.16,36.16,,,,,34.01,36.16,36.16,36.16,36.16,36.16,48.27,32.51,32.77,36.21,36.16,36.16,36.16,36.16,34.01,32.57,,,,,,
2019-12-20 21:00:00+01:00,,28.08,,28.3,24.58,38.32,,29.73,,27.33,34.96,35.78,35.78,27.99,35.78,27.99,48.83,,58.77,28.08,29.73,,55.0,,,,42.45,42.45,,42.45,42.45,42.45,42.45,42.45,35.78,35.78,,,,,34.96,36.12,36.12,35.78,35.78,36.12,50.49,27.99,29.77,33.45,35.78,35.78,35.78,35.78,28.08,29.73,,,,,,
2019-12-20 22:00:00+01:00,,27.26,,29.08,22.55,35.1,,27.7,,26.97,32.0,34.38,34.38,24.51,34.38,28.37,44.57,,60.79,27.26,28.89,,49.12,,,,37.54,37.54,,37.54,37.54,37.54,37.54,37.54,34.38,34.38,,,,,32.0,35.79,35.79,34.38,34.38,35.79,47.35,24.51,28.92,32.11,34.38,34.38,34.38,34.38,27.26,27.7,,,,,,
2019-12-20 23:00:00+01:00,,27.15,,28.17,22.52,31.23,,25.01,,26.82,29.9,32.69,32.69,17.0,32.69,27.73,39.85,,61.99,27.15,25.31,,42.99,,,,27.73,27.73,,27.73,27.73,27.73,27.73,27.73,32.69,32.69,,,,,29.9,35.45,35.45,32.69,32.69,35.45,46.37,17.0,25.34,29.99,32.69,32.69,32.69,32.69,27.15,25.01,,,,,,
2019-12-21 00:00:00+01:00,,19.22,,18.8,22.53,31.97,,25.05,,18.11,27.4,27.4,27.4,2.38,27.4,18.11,55.44,,40.5,19.22,26.56,,56.79,,,,27.0,27.0,,27.0,27.0,0.0,27.0,27.0,27.4,27.4,,,,,27.4,35.55,35.55,32.07,32.07,35.55,38.46,2.38,26.57,29.42,27.4,27.4,27.4,27.4,19.22,25.05,,,,,,
2019-12-21 01:00:00+01:00,,14.9,,14.61,22.53,26.83,,22.53,,13.61,27.5,29.08,29.08,2.3,29.08,13.99,50.39,,28.72,14.9,22.53,,51.62,,,,14.9,14.9,,14.9,14.9,0.0,14.9,14.9,29.08,29.08,,,,,27.5,35.39,35.39,31.77,31.77,35.39,32.54,2.3,22.54,25.05,29.08,29.08,29.08,29.08,14.9,22.53,,,,,,
2019-12-21 02:00:00+01:00,,10.0,,10.0,22.52,21.92,,19.51,,10.0,10.0,29.03,29.03,2.3,29.03,10.0,45.7,,26.71,10.0,19.51,,46.82,,,,10.0,10.0,,10.0,10.0,0.0,10.0,10.0,29.03,29.03,,,,,10.0,35.16,35.16,31.44,31.44,35.16,30.86,2.3,19.52,21.06,29.03,29.03,29.03,29.03,10.0,19.51,,,,,,
2019-12-21 03:00:00+01:00,,10.0,,12.4,22.51,20.56,,18.0,,9.15,30.83,30.83,30.83,2.3,30.83,9.15,36.91,,23.99,10.0,18.0,,37.82,,,,10.0,10.0,,10.0,10.0,0.0,10.0,10.0,30.83,30.83,,,,,30.83,35.0,35.0,31.31,31.31,35.0,30.83,2.3,18.01,20.01,30.83,30.83,30.83,30.83,10.0,18.0,,,,,,
2019-12-21 04:00:00+01:00,,10.0,,9.75,22.53,20.48,,19.5,,7.82,31.67,31.67,31.67,2.3,31.67,7.82,32.76,,26.25,10.0,19.5,,34.39,,,,10.0,10.0,,10.0,10.0,0.0,10.0,10.0,31.67,31.67,,,,,31.67,35.0,35.0,31.67,31.67,35.0,33.21,0.28,19.51,20.11,31.67,31.67,31.67,31.67,10.0,19.5,,,,,,
2019-12-21 05:00:00+01:00,,14.45,,14.23,22.53,21.66,,21.93,,12.83,30.6,31.26,31.26,2.3,31.26,12.83,31.52,,32.0,12.83,21.93,,33.1,,,,12.83,12.83,,12.83,12.83,0.0,12.83,12.83,31.26,31.26,,,,,30.6,35.18,35.18,31.4,31.4,35.18,37.53,0.01,21.94,22.02,31.26,31.26,31.26,31.26,12.83,21.93,,,,,,
2019-12-21 06:00:00+01:00,,21.95,,21.46,22.54,30.07,,22.72,,21.36,29.9,33.01,33.01,2.3,33.01,21.36,30.81,,42.28,21.95,22.72,,32.58,,,,21.95,21.95,,21.95,21.95,2.0,21.95,21.95,33.01,33.01,,,,,29.9,34.56,34.56,33.01,33.01,34.56,38.64,0.03,22.73,24.75,33.01,33.01,33.01,33.01,21.95,22.72,,,,,,
2019-12-21 07:00:00+01:00,,27.95,,27.57,24.97,33.17,,27.86,,27.48,33.93,33.93,33.93,2.3,33.93,27.48,35.21,,58.9,27.95,30.32,,36.09,,,,30.0,30.0,,30.0,30.0,3.0,30.0,30.0,33.93,33.93,,,,,34.18,35.31,35.31,33.93,33.93,35.31,39.38,0.05,37.3,30.91,33.93,33.93,33.93,33.93,27.95,27.86,,,,,,
2019-12-21 08:00:00+01:00,,33.0,,30.12,32.33,33.93,,34.6,,31.23,31.23,34.69,34.69,2.3,34.69,29.57,42.63,,59.75,33.0,36.54,,42.65,,,,33.47,33.47,,33.47,33.47,33.47,33.47,33.47,34.69,34.69,,,,,30.98,35.15,35.15,34.69,34.69,35.15,45.71,0.12,45.9,34.63,34.69,34.69,34.69,34.69,33.0,34.6,,,,,,
2019-12-21 09:00:00+01:00,,35.91,,31.56,36.53,35.1,,36.05,,35.9,35.9,35.9,35.9,2.3,35.9,29.31,44.85,,59.75,36.03,38.48,,47.03,,,,36.03,36.03,,36.03,36.03,36.03,36.03,36.03,35.9,35.9,,,,,34.76,35.91,35.91,35.9,35.9,35.91,49.99,2.3,47.99,36.4,35.9,35.9,35.9,35.9,36.03,36.05,,,,,,
2019-12-21 10:00:00+01:00,,36.21,,25.98,29.84,35.28,,35.0,,35.94,36.0,36.0,36.0,2.3,36.0,19.8,46.03,,58.9,36.21,39.35,,48.35,,,,36.21,36.21,,36.21,36.21,36.21,36.21,36.21,36.0,36.0,,,,,36.0,36.18,36.18,36.0,36.0,36.18,52.15,2.3,47.99,35.6,36.0,36.0,36.0,36.0,36.21,35.0,,,,,,
2019-12-21 11:00:00+01:00,,36.21,,26.48,31.38,35.72,,35.0,,35.99,36.32,36.32,36.32,2.3,36.32,21.01,49.17,,60.22,36.21,39.34,,51.65,,,,36.21,36.21,,36.21,36.21,30.0,36.21,36.21,36.32,36.32,,,,,36.32,36.32,36.32,36.32,36.32,36.32,53.68,2.3,45.89,35.04,36.32,36.32,36.32,36.32,36.21,35.0,,,,,,
2019-12-21 12:00:00+01:00,,36.41,,25.16,31.52,33.3,,34.0,,36.07,36.23,36.23,36.23,2.3,36.23,18.9,46.83,,58.12,36.41,38.55,,57.97,,,,35.3,35.3,,35.3,35.3,35.3,35.3,35.3,36.23,36.23,,,,,36.23,36.25,36.25,36.23,36.23,36.25,53.51,2.3,45.89,33.45,36.23,36.23,36.23,36.23,36.41,34.0,,,,,,
2019-12-21 13:00:00+01:00,,36.07,,24.21,30.79,33.79,,33.8,,35.95,35.95,36.16,36.16,2.3,36.16,17.51,51.01,,50.0,36.07,37.55,,60.0,,,,33.9,33.9,,33.9,33.9,33.9,33.9,33.9,36.16,36.16,,,,,35.0,36.16,36.16,36.16,36.16,36.16,53.8,2.3,45.89,33.09,36.16,36.16,36.16,36.16,36.07,33.8,,,,,,
2019-12-21 14:00:00+01:00,,36.39,,22.42,31.65,33.94,,33.89,,36.21,36.21,36.78,36.78,2.3,36.78,14.41,47.17,,58.79,36.39,35.61,,59.56,,,,36.25,36.25,,36.25,36.25,36.25,36.25,36.25,36.78,36.78,,,,,35.6,36.78,36.78,36.78,36.78,36.78,53.44,2.3,41.28,32.78,36.78,36.78,36.78,36.78,36.39,33.89,,,,,,
2019-12-21 15:00:00+01:00,,37.34,,22.02,28.8,35.96,,35.5,,36.99,36.99,37.43,37.43,2.3,37.43,13.37,52.24,,59.82,37.34,37.48,,57.0,,,,37.34,37.34,,37.34,37.34,37.34,37.34,37.34,37.43,37.43,,,,,36.99,37.43,37.43,37.43,37.43,37.43,55.18,2.3,47.99,33.08,37.43,37.43,37.43,37.43,37.34,35.5,,,,,,
2019-12-21 16:00:00+01:00,,39.88,,22.68,43.91,37.76,,37.4,,39.83,39.39,39.39,38.17,2.3,38.17,13.45,53.48,,66.52,39.88,42.93,,60.88,,,,39.88,39.88,,39.88,39.88,39.88,39.88,39.88,38.17,38.17,,,,,36.95,38.17,38.17,38.17,38.17,38.17,59.64,2.3,51.97,36.6,38.17,38.17,38.17,38.17,39.88,37.4,,,,,,
2019-12-21 17:00:00+01:00,,42.2,,30.01,41.52,39.02,,39.22,,42.2,42.2,42.2,38.29,2.3,38.29,23.55,63.54,,60.69,43.0,41.94,,90.63,,,,43.0,43.0,,43.0,43.0,43.0,75.43,43.0,38.29,38.29,,,,,39.93,38.29,38.29,38.29,38.29,38.29,59.59,2.3,41.95,40.01,38.29,38.29,38.29,38.29,43.0,39.22,,,,,,
2019-12-21 18:00:00+01:00,,37.76,,37.76,35.38,40.01,,39.31,,37.76,37.76,37.76,37.76,2.3,37.76,37.76,71.14,,58.88,41.84,40.7,,200.0,,,,41.84,41.84,,41.84,41.84,41.84,85.16,41.84,37.76,37.76,,,,,37.76,37.76,37.76,37.76,37.76,37.76,53.41,2.3,40.72,39.47,37.76,37.76,37.76,37.76,41.84,39.31,,,,,,
2019-12-21 19:00:00+01:00,,36.92,,36.92,31.86,37.56,,36.74,,36.92,36.92,36.92,36.92,3.3,36.92,36.92,64.85,,58.88,42.99,38.6,,135.0,,,,42.99,42.99,,42.99,42.99,42.99,85.16,42.99,36.92,36.92,,,,,36.92,36.92,36.92,36.92,36.92,36.92,54.8,3.3,38.61,38.71,36.92,36.92,36.92,36.92,42.99,36.74,,,,,,
2019-12-21 20:00:00+01:00,,32.0,,25.3,27.26,35.27,,33.24,,31.98,31.98,35.9,35.9,5.26,35.9,21.74,56.15,,58.88,32.0,35.16,,81.0,,,,37.53,37.53,,37.53,37.53,37.53,58.0,37.53,35.9,35.9,,,,,31.0,35.91,35.91,35.9,35.9,35.91,53.28,5.26,35.17,35.06,35.9,35.9,35.9,35.9,32.0,33.24,,,,,,
2019-12-21 21:00:00+01:00,,30.37,,20.56,22.53,34.2,,27.54,,30.2,30.2,35.66,35.66,3.88,35.66,14.96,53.81,,58.69,30.37,27.54,,60.88,,,,35.15,35.15,,35.15,35.15,35.15,35.15,35.15,35.66,35.66,,,,,30.2,35.66,35.66,35.66,35.66,35.66,51.43,3.88,27.55,29.74,35.66,35.66,35.66,35.66,30.37,27.54,,,,,,
2019-12-21 22:00:00+01:00,,28.15,,28.17,22.52,32.47,,26.51,,28.01,29.0,35.11,35.11,2.3,35.11,27.8,56.14,,37.18,28.15,26.51,,58.99,,,,29.15,29.15,,29.15,29.15,29.15,29.15,29.15,35.11,35.11,,,,,29.0,35.21,35.21,35.11,35.11,35.21,45.73,2.3,26.52,27.56,35.11,35.11,35.11,35.11,28.15,26.51,,,,,,
2019-12-21 23:00:00+01:00,,23.04,,19.78,22.5,24.5,,21.97,,23.04,29.0,34.2,34.2,2.3,34.2,19.78,49.23,,0.0,23.04,21.97,,50.54,,,,23.04,23.04,,23.04,23.04,23.04,23.04,23.04,34.2,34.2,,,,,29.0,34.78,34.78,34.2,34.2,34.78,37.76,2.3,21.98,24.26,34.2,34.2,34.2,34.2,23.04,21.97,,,,,,
2019-12-22 00:00:00+01:00,,18.43,,18.43,18.77,21.18,,15.71,,18.43,18.43,33.76,33.76,0.51,33.76,18.43,54.96,,39.0,18.43,15.71,,56.03,,,,25.0,25.0,,25.0,25.0,25.0,25.0,25.0,33.76,33.76,,,,,18.43,36.1,36.1,33.76,33.76,36.1,42.92,0.51,15.72,19.32,33.76,33.76,33.76,33.76,18.43,15.71,,,,,,
2019-12-22 01:00:00+01:00,,10.0,,10.62,18.0,13.93,,10.5,,8.39,24.0,33.61,33.61,0.51,33.61,8.39,54.96,,26.56,10.0,10.5,,49.0,,,,10.0,10.0,,10.0,10.0,10.0,10.0,10.0,33.61,33.61,,,,,24.0,36.0,36.0,33.61,33.61,36.0,41.95,0.5,10.5,12.16,33.61,33.61,33.61,33.61,10.0,10.5,,,,,,
2019-12-22 02:00:00+01:00,,12.2,,9.0,6.37,8.88,,6.16,,12.2,18.1,33.34,33.34,0.5,33.34,9.0,58.46,,22.84,12.2,6.16,,41.87,,,,12.2,12.2,,12.2,12.2,12.2,12.2,12.2,33.34,33.34,,,,,18.1,35.93,35.93,33.34,33.34,35.93,39.03,0.01,6.16,9.07,33.34,33.34,33.34,33.34,12.2,6.16,,,,,,
2019-12-22 03:00:00+01:00,,8.0,,8.99,6.31,7.39,,3.08,,5.52,28.5,33.18,33.18,0.1,33.18,5.52,45.01,,20.23,8.0,3.08,,39.77,,,,8.0,8.0,,8.0,8.0,8.0,8.0,8.0,33.18,33.18,,,,,28.5,35.93,35.93,33.18,33.18,35.93,37.92,0.01,3.08,7.64,33.18,33.18,33.18,33.18,8.0,3.08,,,,,,
2019-12-22 04:00:00+01:00,,6.76,,7.77,6.29,6.49,,3.03,,4.25,27.5,33.08,33.08,0.1,33.08,4.25,40.96,,23.13,6.76,3.03,,37.0,,,,6.76,6.76,,6.76,6.76,6.76,6.76,6.76,33.08,33.08,,,,,27.5,35.94,35.94,33.08,33.08,35.94,37.31,0.01,3.03,8.0,33.08,33.08,33.08,33.08,6.76,3.03,,,,,,
2019-12-22 05:00:00+01:00,,8.0,,8.84,6.22,7.91,,5.83,,6.58,23.0,32.61,32.61,0.1,32.61,5.25,33.4,,22.97,8.0,5.83,,32.72,,,,8.0,8.0,,8.0,8.0,8.0,8.0,8.0,32.61,32.61,,,,,23.0,35.98,35.98,32.61,32.61,35.98,39.01,0.01,5.83,8.05,32.61,32.61,32.61,32.61,8.0,5.83,,,,,,
2019-12-22 06:00:00+01:00,,9.9,,11.42,14.17,9.13,,9.01,,9.31,29.0,33.26,33.26,0.2,33.26,6.86,32.72,,22.54,9.9,9.01,,31.29,,,,9.9,9.9,,9.9,9.9,9.9,9.9,9.9,33.26,33.26,,,,,29.0,35.96,35.96,33.72,33.26,35.96,39.86,0.01,9.01,10.5,33.26,33.26,33.26,33.26,9.9,9.01,,,,,,
2019-12-22 07:00:00+01:00,,20.01,,13.31,21.5,16.52,,14.5,,19.42,33.77,33.77,33.77,0.5,33.77,7.59,39.5,,40.0,20.01,14.5,,37.0,,,,20.01,20.01,,20.01,20.01,20.01,20.01,20.01,33.77,33.77,,,,,26.5,36.17,36.17,33.77,33.77,36.17,39.86,0.01,14.5,16.45,33.77,33.77,33.77,33.77,20.01,14.5,,,,,,
2019-12-22 08:00:00+01:00,,28.07,,25.13,22.51,22.22,,22.5,,28.07,35.02,35.02,35.02,0.51,35.02,8.97,39.14,,59.01,28.07,22.5,,37.43,,,,28.07,28.07,,28.07,28.07,28.07,28.07,28.07,35.02,35.02,,,,,31.0,36.18,36.18,35.02,35.02,36.18,40.19,0.01,21.94,23.15,35.02,35.02,35.02,35.02,28.07,22.5,,,,,,
2019-12-22 09:00:00+01:00,,33.04,,23.26,22.53,28.48,,29.49,,33.04,36.22,36.22,36.22,1.02,36.22,8.78,46.01,,59.1,33.04,29.49,,44.0,,,,33.04,33.04,,33.04,33.04,33.04,33.04,33.04,36.22,36.22,,,,,35.0,36.48,36.48,36.22,36.22,36.48,45.06,0.01,29.07,31.06,36.22,36.22,36.22,36.22,33.04,29.49,,,,,,
2019-12-22 10:00:00+01:00,,35.64,,27.32,22.53,29.99,,30.5,,35.64,37.15,37.15,37.15,2.3,37.15,9.58,52.57,,60.0,35.64,30.5,,50.28,,,,35.64,35.64,,35.64,28.09,35.64,28.09,28.09,37.15,37.15,,,,,38.71,37.15,37.15,37.15,37.15,37.15,46.71,0.2,30.5,31.36,37.15,37.15,37.15,37.15,35.64,30.5,,,,,,
2019-12-22 11:00:00+01:00,,37.6,,28.66,22.54,31.39,,32.28,,37.6,37.6,37.6,37.6,2.3,37.6,10.65,48.47,,60.0,37.6,32.28,,51.02,,,,37.6,37.6,,37.6,20.0,37.6,20.0,20.0,37.6,37.6,,,,,40.14,37.6,37.6,37.6,37.6,37.6,46.73,1.0,32.29,33.23,37.6,37.6,37.6,37.6,37.6,32.28,,,,,,
2019-12-22 12:00:00+01:00,,37.54,,25.84,22.55,32.15,,32.81,,37.54,37.54,37.54,37.54,2.05,37.54,20.17,49.42,,59.15,37.54,32.81,,50.79,,,,37.54,37.54,,37.54,25.15,37.54,25.15,25.15,37.54,37.54,,,,,35.0,37.54,37.54,37.54,37.54,37.54,46.78,2.05,32.81,32.29,37.54,37.54,37.54,37.54,37.54,32.81,,,,,,
2019-12-22 13:00:00+01:00,,37.08,,23.33,22.54,29.87,,31.88,,37.08,37.08,37.08,37.08,2.3,37.08,15.61,51.62,,59.11,37.08,31.88,,53.06,,,,35.76,35.76,,35.76,35.76,35.76,35.76,35.76,37.08,37.08,,,,,35.89,37.08,37.08,37.08,37.08,37.08,47.19,2.3,31.88,30.07,37.08,37.08,37.08,37.08,37.08,31.88,,,,,,
2019-12-22 14:00:00+01:00,,37.33,,22.03,22.55,30.89,,31.23,,37.33,37.33,37.33,37.33,2.3,37.33,13.76,50.57,,59.15,37.33,31.23,,49.56,,,,36.33,36.33,,36.33,36.33,36.33,36.33,36.33,37.33,37.33,,,,,36.14,37.33,37.33,37.33,37.33,37.33,47.2,2.3,31.23,29.07,37.33,37.33,37.33,37.33,37.33,31.23,,,,,,
2019-12-22 15:00:00+01:00,,37.09,,19.81,22.99,31.74,,32.61,,37.09,37.09,37.65,37.65,1.1,37.65,12.55,49.37,,69.21,37.09,32.61,,47.24,,,,37.09,37.09,,37.09,37.09,37.09,37.09,37.09,37.65,37.65,,,,,38.28,37.65,37.65,37.65,37.65,37.65,48.15,1.1,32.62,29.26,37.65,37.65,37.65,37.65,37.09,32.61,,,,,,
2019-12-22 16:00:00+01:00,,39.01,,19.83,24.86,35.3,,35.82,,39.01,39.01,38.44,38.44,1.02,38.44,8.3,54.05,,58.21,39.01,35.82,,51.72,,,,39.01,39.01,,39.01,39.01,39.01,39.01,39.01,38.44,38.44,,,,,37.52,38.44,38.44,38.44,38.44,38.44,53.64,1.02,35.82,32.49,38.44,38.44,38.44,38.44,39.01,35.82,,,,,,
2019-12-22 17:00:00+01:00,,40.0,,30.51,30.96,38.34,,38.01,,40.0,40.0,40.0,38.8,2.3,38.8,23.65,72.15,,59.27,40.0,38.01,,65.0,,,,40.0,40.0,,40.0,40.0,40.0,40.0,40.0,38.8,38.8,,,,,41.49,38.8,38.8,38.8,38.8,38.8,53.28,2.3,38.01,38.07,38.8,38.8,38.8,38.8,40.0,38.01,,,,,,
2019-12-22 18:00:00+01:00,,38.68,,35.9,29.94,37.49,,37.29,,38.68,38.68,38.28,38.28,2.3,38.28,34.16,83.0,,58.21,38.68,37.29,,79.44,,,,39.0,39.0,,39.0,39.0,39.0,39.0,39.0,38.28,38.28,,,,,38.68,38.28,38.28,38.28,38.28,38.28,53.32,2.3,37.29,38.1,38.28,38.28,38.28,38.28,38.68,37.29,,,,,,
2019-12-22 19:00:00+01:00,,37.0,,37.0,28.51,37.1,,35.5,,37.0,37.0,37.4,37.4,3.5,37.4,37.0,63.65,,60.01,37.0,35.5,,57.21,,,,39.15,39.15,,39.15,39.15,39.15,39.15,39.15,37.4,37.4,,,,,37.0,37.4,37.4,37.4,37.4,37.4,53.64,3.5,35.5,37.78,37.4,37.4,37.4,37.4,37.0,35.5,,,,,,
2019-12-22 20:00:00+01:00,,34.77,,23.17,22.55,33.77,,33.2,,34.77,34.77,35.96,35.96,5.5,35.96,16.02,49.43,,65.11,34.77,33.2,,40.83,,,,37.29,37.29,,37.29,37.29,37.29,37.29,37.29,35.96,35.96,,,,,34.77,36.99,36.99,35.96,35.96,36.99,53.19,5.5,33.2,36.25,35.96,35.96,35.96,35.96,34.77,33.2,,,,,,
2019-12-22 21:00:00+01:00,,31.83,,19.18,22.54,29.58,,28.18,,31.78,35.44,35.44,35.44,6.6,35.44,11.28,43.08,,60.01,31.83,28.18,,37.0,,,,31.83,31.83,,31.83,31.83,31.83,31.83,31.83,35.44,35.44,,,,,32.0,36.92,36.92,35.44,35.44,36.92,47.17,6.6,28.18,31.37,35.44,35.44,35.44,35.44,31.83,28.18,,,,,,
2019-12-22 22:00:00+01:00,,28.01,,19.59,22.51,27.34,,25.61,,28.01,34.83,34.83,34.83,5.5,34.83,16.56,44.93,,60.0,28.01,25.61,,36.1,,,,28.01,28.01,,28.01,28.01,28.01,28.01,28.01,34.83,34.83,,,,,32.62,36.75,36.75,34.83,34.83,36.75,46.79,5.5,23.23,27.39,34.83,34.83,34.83,34.83,28.01,25.61,,,,,,
2019-12-22 23:00:00+01:00,,18.67,,18.67,18.04,21.93,,19.94,,18.67,33.79,33.79,33.79,3.49,33.79,18.67,34.89,,0.0,18.67,19.94,,28.04,,,,18.67,18.67,,18.67,18.67,18.67,18.67,18.67,33.79,33.79,,,,,18.67,36.32,36.32,33.79,33.79,36.32,41.3,3.49,10.48,22.56,33.79,33.79,33.79,33.79,18.67,19.94,,,,,,
2019-12-23 00:00:00+01:00,,8.51,,10.6,6.34,14.17,,8.2,,6.89,24.0,29.62,29.62,5.02,29.62,8.51,48.27,,13.0,8.51,8.2,,27.68,,,,8.51,8.51,,8.51,8.51,8.51,8.51,8.51,29.62,29.62,,,,,24.0,36.03,36.03,32.69,32.54,36.03,39.89,5.02,2.09,10.07,29.62,29.62,29.62,29.62,8.51,8.2,,,,,,
2019-12-23 01:00:00+01:00,,2.21,,8.65,5.99,9.81,,3.0,,-0.31,30.81,30.81,30.81,4.52,30.81,5.1,41.07,,1.68,2.21,3.0,,19.93,,,,5.1,5.1,,5.1,5.1,5.1,5.1,5.1,30.81,30.81,,,,,30.81,35.85,35.85,32.44,32.44,35.85,40.7,4.52,1.18,3.09,30.81,30.81,30.81,30.81,2.21,3.0,,,,,,
2019-12-23 02:00:00+01:00,,-1.95,,6.12,5.1,6.08,,1.05,,-4.85,30.0,30.0,30.0,2.3,30.0,2.3,34.95,,3.11,-1.95,1.05,,0.0,,,,2.3,2.3,,2.3,2.3,2.3,2.3,2.3,30.0,30.0,,,,,30.0,35.62,35.62,32.33,32.33,35.62,40.0,2.3,1.05,2.57,30.0,30.0,30.0,30.0,-1.95,1.05,,,,,,
2019-12-23 03:00:00+01:00,,-5.98,,5.15,6.02,3.1,,0.41,,-6.75,30.16,30.16,31.04,1.02,31.04,1.02,29.13,,3.5,-5.98,0.41,,-1.0,,,,1.02,1.02,,1.02,1.02,1.02,1.02,1.02,31.04,31.04,,,,,30.16,35.59,35.59,32.31,32.31,35.59,39.51,1.02,0.41,2.09,31.04,31.04,31.04,31.04,-5.98,0.41,,,,,,
2019-12-23 04:00:00+01:00,,-4.82,,4.4,6.44,3.78,,0.51,,-5.39,25.0,33.61,33.61,1.0,33.61,1.0,24.15,,10.0,-4.82,0.51,,-1.0,,,,1.0,1.0,,1.0,1.0,1.0,1.0,1.0,33.61,33.61,,,,,25.0,35.67,35.67,33.61,33.61,35.67,38.43,1.0,0.51,2.09,33.61,33.61,33.61,33.61,-4.82,0.51,,,,,,
2019-12-23 05:00:00+01:00,,2.22,,2.37,6.55,8.84,,3.79,,2.16,10.88,35.8,35.8,2.3,35.8,2.3,2.5,,33.0,2.22,3.79,,-1.0,,,,2.3,2.3,,2.3,2.3,2.3,2.3,2.3,35.8,35.8,,,,,2.59,35.8,35.8,35.8,35.8,35.8,41.01,2.3,3.79,4.51,35.8,35.8,35.8,35.8,2.22,3.79,,,,,,
2019-12-23 06:00:00+01:00,,23.13,,23.15,22.51,24.29,,12.35,,22.84,36.16,36.16,36.36,5.5,36.36,22.84,23.67,,77.9,23.13,12.35,,-1.0,,,,24.29,24.29,,24.29,24.29,24.29,24.29,24.29,36.36,36.36,,,,,24.5,36.16,36.16,36.16,36.16,36.16,43.98,5.5,12.35,15.35,36.16,36.16,36.16,36.16,23.13,12.35,,,,,,
2019-12-23 07:00:00+01:00,,30.6,,30.6,24.78,33.45,,27.43,,30.6,36.63,36.63,47.12,19.4,47.0,30.6,34.54,,71.46,30.6,27.43,,5.0,,,,36.41,36.41,,36.41,36.41,36.41,36.41,36.41,47.12,47.12,,,,,30.6,36.63,36.63,36.63,36.63,36.63,47.12,19.4,27.42,32.3,36.63,36.63,36.63,36.63,30.6,27.43,,,,,,
2019-12-23 08:00:00+01:00,,35.34,,36.35,27.22,39.16,,31.0,,35.0,37.33,37.33,49.22,26.51,49.22,35.84,38.59,,60.0,35.34,31.0,,30.0,,,,38.22,38.22,,38.22,38.22,38.22,38.22,38.22,49.22,49.22,,,,,37.58,37.33,37.33,37.33,37.33,37.33,49.22,26.51,30.99,34.52,37.33,37.33,37.33,37.33,35.34,31.0,,,,,,
2019-12-23 09:00:00+01:00,,37.07,,37.29,27.09,38.41,,33.59,,37.0,37.56,37.56,49.57,34.44,49.57,37.18,47.06,,58.87,38.19,33.59,,36.19,,,,38.19,38.19,,38.19,38.19,38.19,38.19,38.19,49.57,49.57,,,,,37.56,37.56,37.56,37.56,37.56,37.56,49.57,34.44,33.58,34.84,37.56,37.56,37.56,37.56,38.19,33.59,,,,,,
2019-12-23 10:00:00+01:00,,36.62,,36.98,28.5,36.8,,34.13,,36.51,37.4,37.4,37.4,35.1,37.4,36.8,48.92,,59.61,36.8,34.13,,40.79,,,,36.8,36.8,,36.8,36.8,36.8,36.8,36.8,37.4,37.4,,,,,37.4,37.4,37.4,37.4,37.4,37.4,48.28,35.1,34.11,35.42,37.4,37.4,37.4,37.4,36.8,34.13,,,,,,
2019-12-23 11:00:00+01:00,,34.4,,35.52,29.43,37.95,,35.07,,34.0,37.3,37.3,37.3,34.44,37.3,34.92,45.43,,59.6,34.92,35.07,,40.43,,,,34.92,34.92,,34.92,34.92,34.92,34.92,34.92,37.3,37.3,,,,,37.3,37.3,37.3,37.3,37.3,37.3,48.28,34.44,37.21,35.07,37.3,37.3,37.3,37.3,34.92,35.07,,,,,,
2019-12-23 12:00:00+01:00,,33.26,,34.17,27.91,33.78,,34.5,,32.66,35.94,37.13,48.75,32.83,48.75,33.26,45.43,,59.59,33.26,34.5,,43.47,,,,33.26,33.26,,33.26,33.26,33.26,33.26,33.26,48.75,48.75,,,,,35.94,37.13,37.13,37.13,37.13,37.13,48.75,32.83,41.25,33.2,37.13,37.13,37.13,37.13,33.26,34.5,,,,,,
2019-12-23 13:00:00+01:00,,31.55,,32.75,34.03,33.21,,33.42,,30.75,34.9,37.04,46.77,31.53,46.77,31.55,45.06,,58.06,31.55,33.42,,43.1,,,,31.55,31.55,,31.55,31.55,31.55,31.55,31.55,46.77,46.77,,,,,34.9,37.04,37.04,37.04,37.04,37.04,48.28,31.53,45.85,31.9,37.04,37.04,37.04,37.04,31.55,33.42,,,,,,
2019-12-23 14:00:00+01:00,,35.9,,35.9,41.96,35.07,,33.84,,35.9,35.9,37.09,48.28,30.0,48.28,35.9,44.97,,58.5,35.9,33.84,,44.06,,,,35.9,35.9,,35.9,35.9,35.9,35.9,35.9,48.28,48.28,,,,,35.9,37.09,37.09,37.09,37.09,37.09,48.28,30.0,50.04,30.89,37.09,37.09,37.09,37.09,35.9,33.84,,,,,,
2019-12-23 15:00:00+01:00,,37.42,,37.42,51.65,36.24,,35.0,,37.42,37.42,37.51,49.6,29.51,49.6,37.42,47.78,,58.98,38.06,35.0,,48.65,,,,38.06,38.06,,38.06,38.06,38.06,38.06,38.06,49.6,49.6,,,,,37.42,37.51,37.51,37.51,37.51,37.51,49.6,29.51,51.92,34.34,37.51,37.51,37.51,37.51,38.06,35.0,,,,,,
2019-12-23 16:00:00+01:00,,37.18,,37.18,56.46,37.04,,39.0,,37.18,37.18,37.97,49.99,33.41,49.99,37.18,40.78,,77.9,45.0,42.96,,42.92,,,,45.0,45.0,,45.0,45.0,45.0,45.0,45.0,49.99,49.99,,,,,37.18,37.97,37.97,37.97,37.97,37.97,49.99,33.41,62.17,39.95,37.97,37.97,37.97,37.97,45.0,39.0,,,,,,
2019-12-23 17:00:00+01:00,,40.0,,40.0,51.23,39.25,,40.18,,40.0,40.0,39.21,49.22,39.0,49.22,40.0,58.55,,78.2,49.99,49.88,,61.62,,,,49.99,49.99,,49.99,49.99,49.99,49.99,49.99,49.22,49.22,,,,,40.0,38.96,38.96,38.96,38.96,38.96,49.22,39.0,57.44,42.95,38.96,38.96,38.96,39.21,49.99,40.18,,,,,,
2019-12-23 18:00:00+01:00,,40.93,,40.93,46.02,40.89,,39.77,,40.93,40.93,40.93,48.28,40.93,48.28,40.93,64.85,,78.1,44.5,45.2,,101.75,,,,47.0,47.0,,44.5,47.0,47.0,47.0,47.0,48.28,48.28,,,,,40.93,39.19,39.19,39.19,39.19,39.19,48.28,40.93,49.4,42.34,39.19,39.19,39.19,39.95,44.5,39.77,,,,,,
2019-12-23 19:00:00+01:00,,38.97,,39.17,35.04,39.71,,37.05,,38.9,38.9,37.96,37.96,39.07,37.96,39.07,63.74,,78.1,40.0,40.06,,93.66,,,,49.15,49.15,,40.0,49.15,49.15,49.15,49.15,37.96,37.96,,,,,39.22,37.96,37.96,37.96,37.96,37.96,48.08,39.07,40.03,39.29,37.96,37.96,37.96,37.96,40.0,37.05,,,,,,
2019-12-23 20:00:00+01:00,,35.98,,35.98,28.09,40.01,,33.63,,35.98,35.98,36.93,36.93,35.98,36.93,35.98,58.44,,78.2,37.34,33.63,,74.7,,,,44.84,44.84,,37.34,44.84,44.84,44.84,44.84,36.93,36.93,,,,,35.98,36.93,36.93,36.93,36.93,36.93,44.55,35.98,33.6,36.36,36.93,36.93,36.93,36.93,37.34,33.63,,,,,,
2019-12-23 21:00:00+01:00,,29.81,,31.56,23.13,38.83,,26.95,,29.2,34.63,36.36,36.36,30.79,36.36,30.79,49.44,,77.9,29.81,26.95,,52.02,,,,36.9,36.9,,36.9,36.9,36.9,36.9,36.9,36.36,36.36,,,,,34.63,36.36,36.36,36.36,36.36,36.36,44.02,30.79,26.92,29.19,36.36,36.36,36.36,36.36,29.81,26.95,,,,,,
2019-12-23 22:00:00+01:00,,27.75,,29.11,22.53,32.09,,25.21,,27.26,33.14,35.64,35.64,28.51,35.64,28.51,46.92,,69.24,27.75,25.21,,49.37,,,,31.96,31.96,,31.96,31.96,31.96,31.96,31.96,35.64,35.64,,,,,33.14,36.12,36.12,35.64,35.64,36.12,48.43,28.51,25.18,26.76,35.64,35.64,35.64,35.64,27.75,25.21,,,,,,
2019-12-23 23:00:00+01:00,,15.8,,20.8,22.51,25.07,,17.8,,14.03,32.4,33.91,33.91,18.58,33.91,18.58,41.09,,59.49,15.8,17.8,,43.23,,,,18.58,18.58,,18.58,18.58,18.58,18.58,18.58,33.91,33.91,,,,,32.4,35.91,35.91,33.91,33.91,35.91,45.52,18.58,17.78,19.06,33.91,33.91,33.91,33.91,15.8,17.8,,,,,,
2019-12-24 00:00:00+01:00,,2.94,,10.39,22.5,18.56,,8.29,,0.4,33.8,33.8,33.8,7.0,33.8,7.0,44.08,,52.81,2.94,8.29,,46.0,,,,7.0,7.0,,7.0,7.0,7.0,7.0,7.0,33.8,33.8,,,,,35.18,36.34,36.34,33.8,33.8,36.34,43.16,7.0,8.28,12.08,33.8,33.8,33.8,33.8,2.94,8.29,,,,,,
2019-12-24 01:00:00+01:00,,-0.06,,8.55,22.5,11.99,,2.93,,-2.99,33.36,33.36,33.36,4.62,33.36,4.62,47.4,,68.94,-0.06,2.93,,45.36,,,,4.62,4.62,,4.62,4.62,4.62,4.62,4.62,33.36,33.36,,,,,35.05,36.21,36.21,33.36,33.36,36.21,33.36,4.62,2.93,3.27,33.36,33.36,33.36,33.36,-0.06,2.93,,,,,,
2019-12-24 02:00:00+01:00,,-2.3,,6.19,22.4,9.53,,0.03,,-5.19,32.32,32.32,32.32,2.3,32.32,2.3,43.19,,36.1,-2.3,0.03,,41.33,,,,2.5,2.5,,2.5,2.5,2.5,2.5,2.5,32.32,32.32,,,,,32.32,35.76,35.76,32.32,32.32,35.76,32.32,2.3,0.03,1.03,32.32,32.32,32.32,32.32,-2.3,0.03,,,,,,
2019-12-24 03:00:00+01:00,,-4.14,,5.56,22.5,8.84,,0.0,,-7.45,27.09,27.09,31.68,1.09,31.68,1.09,42.57,,37.87,-4.14,0.0,,39.55,,,,2.0,2.0,,2.0,2.0,2.0,2.0,2.0,29.12,31.68,,,,,27.09,35.73,35.73,31.68,31.68,35.73,29.12,1.09,0.02,0.53,31.68,31.68,31.68,31.68,-4.14,0.0,,,,,,
2019-12-24 04:00:00+01:00,,-3.2,,2.48,22.5,8.81,,1.0,,-4.99,10.87,13.27,32.5,0.03,32.5,-0.47,39.36,,58.78,-3.2,1.0,,37.66,,,,2.5,2.5,,2.5,2.5,2.5,2.5,2.5,29.91,32.5,,,,,10.87,35.78,35.78,32.5,32.5,35.78,29.91,0.03,1.0,1.03,32.5,32.5,32.5,32.5,-3.2,1.0,,,,,,
2019-12-24 05:00:00+01:00,,0.08,,5.29,22.5,12.62,,4.85,,-1.7,12.52,14.6,34.27,2.9,34.27,2.9,37.89,,56.83,0.08,4.85,,36.25,,,,3.0,3.0,,3.0,3.0,3.0,3.0,3.0,34.27,34.27,,,,,12.52,35.75,35.75,34.27,34.27,35.75,34.27,2.9,4.84,2.01,34.27,34.27,34.27,34.27,0.08,4.85,,,,,,
2019-12-24 06:00:00+01:00,,0.42,,11.11,22.5,22.09,,10.47,,-3.23,30.01,30.01,35.14,6.26,35.14,6.26,40.25,,59.21,0.42,10.47,,38.51,,,,20.0,20.0,,20.0,20.0,20.0,20.0,20.0,35.14,35.14,,,,,30.01,36.09,36.09,35.14,35.14,36.09,35.14,6.26,10.46,14.57,35.14,35.14,35.14,35.14,0.42,10.47,,,,,,
2019-12-24 07:00:00+01:00,,15.45,,15.81,22.52,25.78,,20.84,,14.92,35.24,35.24,35.37,15.13,35.37,15.13,46.79,,65.11,15.45,20.84,,41.7,,,,32.96,32.96,,32.96,32.96,32.96,32.96,32.96,35.37,35.37,,,,,35.24,36.41,36.41,35.24,35.24,36.41,35.24,15.13,20.81,23.04,35.24,35.24,35.24,35.24,15.45,20.84,,,,,,
2019-12-24 08:00:00+01:00,,25.94,,27.11,23.05,30.07,,28.36,,25.39,35.22,36.39,36.39,26.51,36.39,26.51,37.42,,65.11,25.94,28.91,,36.67,,,,34.2,34.2,,34.2,34.2,34.2,34.2,34.2,36.39,36.39,,,,,35.22,36.39,36.39,36.39,36.39,36.39,36.39,26.51,28.87,29.83,36.39,36.39,36.39,36.39,25.94,28.36,,,,,,
2019-12-24 09:00:00+01:00,,30.14,,32.13,28.91,32.47,,32.42,,29.47,37.0,37.0,39.39,31.24,39.39,31.24,43.87,,59.18,30.14,32.42,,42.98,,,,35.0,35.0,,35.0,35.0,35.0,35.0,35.0,39.39,39.39,,,,,37.0,37.0,37.0,37.0,37.0,37.0,39.39,31.24,32.38,33.59,37.0,37.0,37.0,37.0,30.14,32.42,,,,,,
2019-12-24 10:00:00+01:00,,30.72,,30.76,28.41,32.77,,32.59,,30.65,33.55,36.63,36.63,30.72,36.63,30.72,56.62,,59.22,30.72,32.59,,55.36,,,,30.72,30.72,,30.72,30.72,30.72,30.72,30.72,36.63,36.63,,,,,33.55,36.63,36.63,36.63,36.63,36.63,40.0,30.72,32.55,34.01,36.63,36.63,36.63,36.63,30.72,32.59,,,,,,
2019-12-24 11:00:00+01:00,,30.1,,25.68,28.03,32.73,,32.54,,30.78,37.0,37.0,37.0,25.68,37.0,25.68,58.39,,53.88,30.1,32.54,,60.0,,,,30.1,30.1,,30.1,30.1,30.1,30.1,30.1,37.0,37.0,,,,,37.0,37.0,37.0,37.0,37.0,37.0,38.55,25.68,32.5,33.03,37.0,37.0,37.0,37.0,30.1,32.54,,,,,,
2019-12-24 12:00:00+01:00,,29.92,,27.0,26.93,32.48,,31.53,,31.05,35.93,37.11,40.25,27.0,40.25,27.0,55.0,,44.44,29.92,31.53,,56.51,,,,29.92,29.92,,29.92,29.92,29.92,29.92,29.92,40.25,40.25,,,,,35.93,37.11,37.11,37.11,37.11,37.11,40.25,27.0,31.49,33.21,37.11,37.11,37.11,37.11,29.92,31.53,,,,,,
2019-12-24 13:00:00+01:00,,30.58,,27.55,27.1,31.87,,30.5,,31.75,36.8,37.18,41.15,27.55,41.15,27.55,52.55,,46.77,30.58,30.5,,54.0,,,,30.0,30.0,,30.0,30.0,30.0,30.0,30.0,41.15,41.15,,,,,36.8,37.18,37.18,37.18,37.18,37.18,41.15,27.55,30.46,31.73,37.18,37.18,37.18,37.18,30.58,30.5,,,,,,
2019-12-24 14:00:00+01:00,,34.97,,29.41,27.75,31.98,,32.0,,34.97,36.85,37.13,43.03,27.0,43.03,27.0,46.04,,59.15,34.97,32.0,,47.29,,,,34.97,34.97,,34.97,34.97,34.97,34.97,34.97,43.03,43.03,,,,,36.85,37.13,37.13,37.13,37.13,37.13,43.03,27.0,31.96,34.06,37.13,37.13,37.13,37.13,34.97,32.0,,,,,,
2019-12-24 15:00:00+01:00,,37.17,,30.81,31.01,33.92,,34.0,,37.17,37.25,37.51,45.08,26.97,45.08,26.97,40.34,,60.0,37.17,34.0,,41.44,,,,38.93,38.93,,37.18,38.93,38.93,38.93,38.93,45.08,45.08,,,,,36.31,37.51,37.51,37.51,37.51,37.51,45.08,26.97,33.96,32.62,37.51,37.51,37.51,37.51,37.17,34.0,,,,,,
2019-12-24 16:00:00+01:00,,37.77,,30.94,40.03,37.54,,37.0,,37.77,38.52,38.27,48.38,27.72,48.38,27.72,42.13,,59.34,37.77,37.0,,43.29,,,,46.58,56.99,,37.77,56.99,56.99,56.99,56.99,48.38,48.38,,,,,39.53,38.27,38.27,38.27,38.27,38.27,48.38,27.72,36.95,34.02,38.27,38.27,38.27,38.27,37.77,37.0,,,,,,
2019-12-24 17:00:00+01:00,,40.0,,33.41,40.51,37.68,,37.48,,40.0,40.2,40.0,42.25,33.41,42.25,33.41,59.61,,59.93,40.0,37.48,,59.68,,,,49.88,60.67,,40.0,60.67,60.67,60.67,60.67,42.25,42.25,,,,,41.63,38.71,38.71,38.71,38.71,38.71,42.25,33.41,37.43,34.08,38.71,38.71,38.71,39.04,40.0,37.48,,,,,,
2019-12-24 18:00:00+01:00,,36.51,,36.51,31.46,36.43,,34.93,,36.51,37.21,37.41,37.41,36.51,37.41,36.51,61.78,,65.1,36.51,34.93,,65.0,,,,49.88,60.67,,38.0,60.67,60.67,60.67,60.67,37.41,37.41,,,,,36.51,37.41,37.41,37.41,37.41,37.41,37.41,36.51,34.89,34.58,37.41,37.41,37.41,37.41,36.51,34.93,,,,,,
2019-12-24 19:00:00+01:00,,34.03,,34.03,28.05,33.2,,32.01,,34.03,34.75,36.04,36.04,35.72,36.04,34.03,53.38,,59.59,34.03,32.01,,56.16,,,,49.88,60.57,,37.13,60.57,60.57,60.57,60.57,36.04,36.04,,,,,34.03,36.04,36.04,36.04,36.04,36.04,36.04,35.72,31.97,33.68,36.04,36.04,36.04,36.04,34.03,32.01,,,,,,
2019-12-24 20:00:00+01:00,,29.0,,30.84,23.91,30.66,,28.76,,28.38,35.41,35.41,35.41,34.11,35.41,30.0,51.04,,58.77,29.0,28.76,,52.42,,,,46.58,56.99,,36.9,56.99,56.99,56.99,56.99,35.41,35.41,,,,,35.41,36.34,36.34,35.41,35.41,36.34,35.41,34.11,28.72,34.0,35.41,35.41,35.41,35.41,29.0,28.76,,,,,,
2019-12-24 21:00:00+01:00,,28.28,,29.48,22.53,26.37,,25.01,,27.87,35.54,35.54,35.54,28.93,35.54,28.93,44.45,,58.77,28.28,25.01,,45.65,,,,37.16,37.16,,35.91,37.16,37.16,37.16,37.16,35.54,35.54,,,,,31.5,36.06,36.06,35.54,35.54,36.06,35.54,28.93,23.14,27.06,35.54,35.54,35.54,35.54,28.28,25.01,,,,,,
2019-12-24 22:00:00+01:00,,27.46,,33.61,22.53,24.22,,24.7,,27.01,35.49,35.49,35.49,23.61,35.49,23.61,43.85,,60.0,27.46,24.7,,45.02,,,,27.46,27.46,,27.46,27.46,27.46,27.46,27.46,35.49,35.49,,,,,34.9,36.05,36.05,35.49,35.49,36.05,44.21,23.61,24.67,26.06,35.49,35.49,35.49,35.49,27.46,24.7,,,,,,
2019-12-24 23:00:00+01:00,,20.99,,22.57,22.5,18.66,,16.68,,19.8,34.55,34.55,34.55,20.99,34.55,20.99,38.62,,30.0,20.99,16.68,,40.07,,,,20.99,20.99,,20.99,20.99,20.99,20.99,20.99,34.55,34.55,,,,,30.5,36.01,36.01,34.55,34.55,36.01,43.19,20.99,16.66,19.14,34.55,34.55,34.55,34.55,20.99,16.68,,,,,,
2019-12-25 00:00:00+01:00,,23.07,,15.7,5.09,9.72,,10.36,,22.95,33.69,33.69,33.69,12.28,33.69,12.28,35.8,,45.0,23.07,10.36,,34.95,,,,15.0,15.0,,15.0,15.0,15.0,15.0,15.0,33.69,33.69,,,,,26.0,35.6,35.6,33.69,33.69,35.6,34.05,12.28,10.34,8.97,33.69,33.69,33.69,33.69,23.07,10.36,,,,,,
2019-12-25 01:00:00+01:00,,20.03,,14.32,2.97,7.5,,8.38,,19.5,33.07,33.07,33.07,9.99,33.07,9.99,32.71,,40.0,20.03,8.38,,32.0,,,,10.0,10.0,,10.0,10.0,10.0,10.0,10.0,33.07,33.07,,,,,26.0,35.65,35.65,33.07,33.07,35.65,38.92,9.99,8.37,5.54,33.07,33.07,33.07,33.07,20.03,8.38,,,,,,
2019-12-25 02:00:00+01:00,,15.84,,11.48,1.49,5.47,,4.02,,15.84,32.23,32.23,32.23,9.32,32.23,9.32,26.02,,33.0,15.84,4.02,,27.21,,,,10.0,10.0,,10.0,10.0,10.0,10.0,10.0,32.23,32.23,,,,,15.34,35.58,35.58,32.23,32.23,35.58,39.91,9.32,4.01,1.79,32.23,32.23,32.23,32.23,15.84,4.02,,,,,,
2019-12-25 03:00:00+01:00,,11.96,,7.55,1.51,3.95,,2.1,,11.96,32.02,32.02,32.02,5.37,32.02,5.37,19.06,,32.0,11.96,2.1,,19.93,,,,9.5,9.5,,9.5,9.5,9.5,9.5,9.5,32.02,32.02,,,,,11.46,35.6,35.6,32.02,32.02,35.6,37.59,5.37,2.09,0.65,32.02,32.02,32.02,32.02,11.96,2.1,,,,,,
2019-12-25 04:00:00+01:00,,10.07,,6.17,5.08,3.58,,1.73,,10.07,32.94,32.94,32.94,4.24,32.94,4.24,14.51,,36.76,10.07,1.73,,19.0,,,,10.07,10.07,,10.07,10.07,10.07,10.07,10.07,32.94,32.94,,,,,9.62,35.74,35.74,32.94,32.94,35.74,36.33,4.24,1.73,0.65,32.94,32.94,32.94,32.94,10.07,1.73,,,,,,
2019-12-25 05:00:00+01:00,,16.67,,8.18,5.1,4.79,,3.41,,16.67,34.5,34.5,34.5,4.0,34.5,4.0,18.61,,52.8,16.67,3.41,,19.46,,,,10.0,10.0,,10.0,10.0,10.0,10.0,10.0,34.5,34.5,,,,,15.71,35.76,35.76,34.5,34.5,35.76,35.23,4.0,3.4,2.18,34.5,34.5,34.5,34.5,16.67,3.41,,,,,,
2019-12-25 06:00:00+01:00,,10.1,,6.95,5.07,8.08,,6.29,,10.1,34.67,34.67,34.67,5.41,34.67,5.41,26.03,,59.78,10.1,6.29,,27.21,,,,9.9,9.9,,9.9,9.9,9.9,9.9,9.9,34.67,34.67,,,,,9.56,35.76,35.76,34.67,34.67,35.76,40.03,5.41,6.28,6.62,34.67,34.67,34.67,34.67,10.1,6.29,,,,,,
2019-12-25 07:00:00+01:00,,17.81,,10.44,22.41,12.57,,11.45,,17.81,34.85,34.85,34.85,6.87,34.85,6.87,39.13,,59.62,17.81,11.45,,34.31,,,,17.81,17.81,,17.81,17.81,17.81,17.81,17.81,34.85,34.85,,,,,16.55,35.7,35.7,34.85,34.85,35.7,34.85,6.87,11.43,12.23,34.85,34.85,34.85,34.85,17.81,11.45,,,,,,
2019-12-25 08:00:00+01:00,,24.56,,13.07,22.51,19.26,,20.15,,26.45,35.71,35.71,35.71,9.34,35.71,9.34,28.82,,65.11,24.56,20.15,,33.12,,,,10.0,10.0,,10.0,10.0,10.0,10.0,10.0,35.71,35.71,,,,,27.85,35.71,35.71,35.71,35.71,35.71,35.71,9.34,20.11,20.67,35.71,35.71,35.71,35.71,24.56,20.15,,,,,,
2019-12-25 09:00:00+01:00,,29.01,,18.44,22.52,24.65,,25.43,,33.1,36.02,36.02,36.02,9.99,36.02,9.99,37.49,,69.22,29.01,25.43,,39.19,,,,10.0,10.0,,10.0,10.0,10.0,10.0,10.0,36.02,36.02,,,,,33.1,36.02,36.02,36.02,36.02,36.02,36.02,9.99,22.0,25.99,36.02,36.02,36.02,36.02,29.01,25.43,,,,,,
2019-12-25 10:00:00+01:00,,27.89,,32.4,22.53,24.72,,26.81,,31.62,35.52,35.52,35.52,12.03,35.52,12.03,43.35,,69.22,27.89,26.81,,45.31,,,,17.97,17.97,,17.97,17.97,17.97,17.97,17.97,35.52,35.52,,,,,34.6,35.74,35.74,35.52,35.52,35.74,35.52,12.03,21.76,29.21,35.52,35.52,35.52,35.52,27.89,26.81,,,,,,
2019-12-25 11:00:00+01:00,,29.01,,30.01,22.53,24.69,,27.37,,32.86,35.69,35.69,35.69,11.78,35.69,11.78,48.16,,60.01,29.01,27.37,,50.33,,,,14.61,14.61,,14.61,14.61,14.61,14.61,14.61,35.69,35.69,,,,,34.81,35.96,35.96,35.69,35.69,35.96,35.69,11.78,20.92,28.5,35.69,35.69,35.69,35.69,29.01,27.37,,,,,,
2019-12-25 12:00:00+01:00,,27.86,,29.17,22.52,23.67,,25.65,,30.88,36.29,36.29,36.29,15.01,36.29,15.01,52.74,,46.1,27.86,25.65,,53.8,,,,17.97,17.97,,17.97,17.97,17.97,17.97,17.97,36.29,36.29,,,,,32.5,36.29,36.29,36.29,36.29,36.29,37.5,15.01,19.42,27.38,36.29,36.29,36.29,36.29,27.86,25.65,,,,,,
2019-12-25 13:00:00+01:00,,26.08,,35.49,22.52,21.78,,23.48,,29.65,36.19,36.19,36.19,12.03,36.19,12.03,58.81,,33.87,26.08,23.48,,60.0,,,,12.03,12.03,,12.03,12.03,12.03,12.03,12.03,36.19,36.19,,,,,34.4,36.19,36.19,36.19,36.19,36.19,37.74,12.03,16.98,23.93,36.19,36.19,36.19,36.19,26.08,23.48,,,,,,
2019-12-25 14:00:00+01:00,,26.76,,35.0,22.53,23.6,,23.8,,30.54,34.96,36.14,36.14,11.59,36.14,11.59,61.4,,40.0,26.76,23.8,,60.41,,,,11.59,11.59,,11.59,11.59,11.59,11.59,11.59,36.14,36.14,,,,,34.96,36.14,36.14,36.14,36.14,36.14,36.14,11.59,20.92,22.95,36.14,36.14,36.14,36.14,26.76,23.8,,,,,,
2019-12-25 15:00:00+01:00,,31.01,,19.14,22.54,26.35,,27.9,,35.44,36.44,36.44,36.44,9.99,36.44,9.99,57.32,,58.39,31.01,27.9,,55.73,,,,15.06,15.06,,15.06,15.06,15.06,15.06,15.06,36.44,36.44,,,,,35.28,36.44,36.44,36.44,36.44,36.44,36.44,9.99,22.36,27.7,36.44,36.44,36.44,36.44,31.01,27.9,,,,,,
2019-12-25 16:00:00+01:00,,31.97,,32.93,27.96,28.71,,32.0,,36.3,37.19,37.19,39.34,12.53,39.34,12.53,52.66,,58.34,31.97,32.0,,48.25,,,,26.85,40.0,,26.85,40.0,40.0,40.0,40.0,39.34,39.34,,,,,38.42,37.19,37.19,37.19,37.19,37.19,39.34,12.53,31.94,33.18,37.19,37.19,37.19,37.19,31.97,32.0,,,,,,
2019-12-25 17:00:00+01:00,,32.06,,51.16,28.91,32.57,,34.07,,37.37,37.37,37.37,38.28,14.99,38.28,14.99,52.75,,60.0,32.06,34.07,,35.7,,,,32.06,60.04,,32.06,60.04,60.04,60.04,60.04,38.28,38.28,,,,,47.3,37.37,37.37,37.37,37.37,37.37,38.28,14.99,34.01,36.98,37.37,37.37,37.37,37.37,32.06,34.07,,,,,,
2019-12-25 18:00:00+01:00,,32.73,,46.75,28.28,33.0,,34.0,,36.45,37.35,37.35,38.77,19.62,38.77,19.62,48.21,,60.69,32.73,34.0,,32.94,,,,32.73,60.57,,32.73,60.57,60.57,60.57,60.57,38.77,38.77,,,,,42.46,37.35,37.35,37.35,37.35,37.35,38.77,19.62,33.94,34.29,37.35,37.35,37.35,37.35,32.73,34.0,,,,,,
2019-12-25 19:00:00+01:00,,34.0,,41.73,28.04,32.54,,33.08,,35.46,36.33,36.33,36.33,29.37,36.33,29.37,43.03,,60.0,34.0,33.08,,28.51,,,,34.0,60.77,,34.0,60.77,60.77,60.77,60.77,36.33,36.33,,,,,38.53,36.39,36.39,36.33,36.33,36.39,36.33,29.37,29.32,33.99,36.33,36.33,36.33,36.33,34.0,33.08,,,,,,
2019-12-25 20:00:00+01:00,,32.13,,36.34,27.06,30.39,,32.6,,32.93,34.85,34.85,34.85,29.61,34.85,29.61,45.61,,59.43,32.13,32.6,,28.25,,,,32.13,60.67,,32.13,60.67,60.67,60.67,60.67,34.85,34.85,,,,,34.85,36.09,36.09,34.85,34.85,36.09,34.85,29.61,25.4,33.94,34.85,34.85,34.85,34.85,32.13,32.6,,,,,,
2019-12-25 21:00:00+01:00,,32.9,,34.64,22.55,28.77,,29.54,,33.65,34.63,34.63,34.63,30.0,34.63,30.0,45.74,,59.32,32.9,29.54,,22.87,,,,32.9,60.04,,32.9,60.04,60.04,60.04,60.04,34.63,34.63,,,,,34.63,35.79,35.79,34.68,34.63,35.79,34.63,30.0,26.98,33.91,34.63,34.63,34.63,34.63,32.9,29.54,,,,,,
2019-12-25 22:00:00+01:00,,33.67,,34.61,22.54,28.08,,29.22,,34.28,34.29,34.29,34.29,31.0,34.29,31.0,41.42,,65.11,33.67,29.22,,19.18,,,,31.0,50.0,,31.0,50.0,50.0,50.0,50.0,34.29,34.29,,,,,34.94,36.1,36.1,34.29,34.29,36.1,40.69,31.0,29.16,29.91,34.29,34.29,34.29,34.29,33.67,29.22,,,,,,
2019-12-25 23:00:00+01:00,,32.09,,32.09,22.53,23.68,,23.05,,32.09,32.75,32.75,32.75,25.32,32.75,32.09,38.65,,57.93,32.09,23.05,,6.52,,,,32.09,35.59,,32.09,35.59,35.59,35.59,35.59,32.75,32.75,,,,,32.09,35.82,35.82,32.75,32.75,35.82,39.43,25.32,23.01,22.96,32.75,32.75,32.75,32.75,32.09,23.05,,,,,,
2019-12-26 00:00:00+01:00,,25.28,,41.56,22.51,25.07,,25.04,,27.95,33.44,33.44,33.44,12.0,33.44,14.7,66.79,,45.0,25.28,25.04,,0.0,,,,34.45,34.45,,34.45,34.45,34.45,34.45,34.45,33.44,33.44,,,,,34.42,35.56,35.56,33.44,33.44,35.56,37.53,12.0,20.92,27.27,33.44,33.44,33.44,33.44,25.28,25.04,,,,,,
2019-12-26 01:00:00+01:00,,23.12,,42.54,22.51,23.0,,22.8,,26.35,32.93,32.93,32.93,10.58,32.93,10.58,58.61,,45.0,23.12,22.8,,0.0,,,,29.0,29.0,,29.0,29.0,29.0,29.0,29.0,32.93,32.93,,,,,34.01,35.45,35.45,32.93,32.93,35.45,32.93,10.58,20.5,23.04,32.93,32.93,32.93,32.93,23.12,22.8,,,,,,
2019-12-26 02:00:00+01:00,,23.11,,35.57,22.51,20.06,,19.0,,26.34,31.87,31.87,31.87,7.99,31.87,9.1,42.23,,45.0,23.11,19.0,,0.0,,,,23.11,23.11,,23.11,23.11,23.11,23.11,23.11,31.87,31.87,,,,,31.87,35.37,35.37,31.87,31.87,35.37,31.87,7.99,15.99,18.99,31.87,31.87,31.87,31.87,23.11,19.0,,,,,,
2019-12-26 03:00:00+01:00,,21.74,,31.46,22.51,18.09,,16.8,,25.58,31.56,31.56,31.56,4.86,31.56,4.86,32.66,,40.0,21.74,16.74,,0.0,,,,21.74,21.74,,21.74,21.74,21.74,21.74,21.74,30.36,31.56,,,,,31.56,35.54,35.54,31.56,31.56,35.54,30.36,4.86,15.99,14.97,31.56,31.56,31.56,31.56,21.74,16.74,,,,,,
2019-12-26 04:00:00+01:00,,22.22,,27.95,22.51,17.65,,16.2,,26.33,32.01,32.01,31.06,3.92,32.01,3.92,31.17,,40.0,22.22,16.2,,0.0,,,,22.22,22.22,,22.22,22.22,22.22,22.22,22.22,31.06,31.06,,,,,32.01,35.62,35.62,32.01,32.01,35.62,31.06,3.92,16.2,15.37,32.01,32.01,32.01,32.01,22.22,16.2,,,,,,
2019-12-26 05:00:00+01:00,,25.01,,13.89,22.51,17.94,,20.7,,28.37,33.87,33.87,34.82,5.1,33.87,5.1,14.31,,45.0,25.01,20.2,,0.0,,,,25.01,25.01,,25.01,25.01,25.01,25.01,25.01,34.82,34.82,,,,,26.16,35.72,35.72,33.87,33.87,35.72,30.21,5.1,20.19,16.28,33.87,33.87,33.87,33.87,25.01,20.2,,,,,,
2019-12-26 06:00:00+01:00,,25.86,,21.84,22.52,19.87,,22.2,,27.14,34.39,34.39,34.39,14.0,34.39,18.97,21.35,,45.0,25.86,20.03,,0.0,,,,25.86,25.86,,25.86,25.86,25.86,25.86,25.86,34.39,34.39,,,,,26.11,35.66,35.66,34.39,34.39,35.66,34.39,14.0,20.02,19.91,34.39,34.39,34.39,34.39,25.86,20.03,,,,,,
2019-12-26 07:00:00+01:00,,26.11,,24.3,22.54,24.24,,25.07,,26.78,35.32,35.32,35.32,22.8,35.32,22.8,25.04,,45.0,26.11,25.07,,0.0,,,,30.0,30.0,,30.0,30.0,30.0,30.0,30.0,35.32,35.32,,,,,26.3,35.69,35.69,35.32,35.32,35.69,35.32,22.8,23.01,24.09,35.32,35.32,35.32,35.32,26.11,25.07,,,,,,
2019-12-26 08:00:00+01:00,,29.58,,28.38,24.02,27.68,,28.6,,30.0,35.87,35.87,35.87,27.4,35.87,27.4,27.75,,46.17,29.58,28.6,,22.21,,,,29.98,29.98,,29.98,29.98,29.98,29.98,29.98,35.87,35.87,,,,,29.75,35.87,35.87,35.87,35.87,35.87,43.05,27.4,26.98,29.35,35.87,35.87,35.87,35.87,29.58,28.6,,,,,,
2019-12-26 09:00:00+01:00,,34.15,,33.25,25.1,29.92,,31.5,,34.47,36.34,36.34,36.34,32.51,36.34,32.51,33.42,,46.64,34.15,31.5,,28.0,,,,34.15,34.15,,34.15,34.15,34.15,34.15,34.15,36.34,36.34,,,,,34.31,36.34,36.34,36.34,36.34,36.34,41.94,32.51,29.41,32.3,36.34,36.34,36.34,36.34,34.15,31.5,,,,,,
2019-12-26 10:00:00+01:00,,34.95,,34.95,26.08,30.78,,32.9,,34.95,36.19,36.19,36.19,34.95,36.19,34.95,36.03,,45.48,34.95,32.9,,35.43,,,,34.95,34.95,,34.95,34.95,34.95,34.95,34.95,36.19,36.19,,,,,34.95,36.19,36.19,36.19,36.19,36.19,43.27,34.95,26.06,32.03,36.19,36.19,36.19,36.19,34.95,32.9,,,,,,
2019-12-26 11:00:00+01:00,,35.14,,33.84,24.98,31.35,,33.04,,35.71,36.59,36.59,36.59,32.51,36.59,32.51,36.97,,45.0,32.51,33.04,,35.09,,,,32.51,32.51,,32.51,32.51,32.51,32.51,32.51,36.59,36.59,,,,,35.71,36.59,36.59,36.59,36.59,36.59,43.56,32.51,21.99,32.05,36.59,36.59,36.59,36.59,32.51,33.04,,,,,,
2019-12-26 12:00:00+01:00,,35.31,,34.24,22.55,31.36,,32.93,,35.69,36.67,36.67,36.67,33.36,36.67,33.36,41.68,,45.0,33.36,32.93,,40.52,,,,33.36,33.36,,33.36,33.36,33.36,33.36,33.36,36.67,36.67,,,,,35.5,36.67,36.67,36.67,36.67,36.67,43.38,33.36,20.5,31.07,36.67,36.67,36.67,36.67,33.36,32.93,,,,,,
2019-12-26 13:00:00+01:00,,34.07,,31.98,24.01,30.33,,32.0,,34.96,34.96,36.68,36.68,29.92,36.68,29.92,44.61,,43.78,29.92,32.0,,42.33,,,,29.92,29.92,,29.92,29.92,29.92,29.92,29.92,36.68,36.68,,,,,34.96,36.68,36.68,36.68,36.68,36.68,42.22,29.92,20.5,30.94,36.68,36.68,36.68,36.68,29.92,32.0,,,,,,
2019-12-26 14:00:00+01:00,,35.4,,31.31,29.52,31.39,,33.69,,36.83,36.83,37.3,37.3,27.98,37.3,27.98,42.69,,57.43,31.39,33.69,,40.52,,,,31.39,31.39,,31.39,31.39,31.39,31.39,31.39,37.3,37.3,,,,,36.11,37.3,37.3,37.3,37.3,37.3,44.33,27.98,24.89,32.91,37.3,37.3,37.3,37.3,31.39,33.69,,,,,,
2019-12-26 15:00:00+01:00,,36.66,,31.31,38.09,34.4,,38.25,,38.53,38.53,38.53,40.28,26.94,40.28,26.94,42.7,,59.38,36.01,38.25,,40.52,,,,36.01,36.01,,36.01,36.01,36.01,36.01,36.01,40.28,40.28,,,,,37.49,38.53,38.53,38.53,38.53,38.53,40.28,26.94,32.8,36.81,38.53,38.53,38.53,38.53,36.01,38.25,,,,,,
2019-12-26 16:00:00+01:00,,38.5,,34.91,50.02,37.04,,40.9,,39.75,39.75,39.75,43.97,32.0,43.02,32.0,44.03,,60.01,38.5,40.9,,41.78,,,,38.5,41.0,,38.5,41.0,41.0,41.0,41.0,43.97,43.97,,,,,39.06,39.67,39.67,39.67,39.67,39.67,43.97,32.0,40.88,38.66,39.67,39.67,39.67,39.67,38.5,40.9,,,,,,
2019-12-26 17:00:00+01:00,,41.91,,41.21,51.92,39.22,,43.0,,42.55,42.55,42.55,45.04,39.0,43.0,39.0,52.08,,82.57,41.91,43.0,,50.0,,,,40.63,51.9,,40.63,51.9,51.9,71.2,51.9,45.04,45.04,,,,,42.55,40.44,40.44,40.44,40.44,40.44,45.04,39.0,42.98,41.22,40.44,40.44,40.44,41.53,41.91,43.0,,,,,,
2019-12-26 18:00:00+01:00,,42.64,,42.64,48.9,38.8,,41.96,,42.64,42.64,42.64,45.02,42.64,43.01,42.64,58.66,,82.6,42.64,41.96,,55.66,,,,46.17,54.08,,42.64,54.08,54.08,85.2,54.08,45.02,45.02,,,,,42.64,40.09,40.09,40.09,40.09,40.09,45.02,42.64,41.94,40.77,40.09,40.09,40.09,41.62,42.64,41.96,,,,,,
2019-12-26 19:00:00+01:00,,40.92,,40.92,40.02,38.02,,40.81,,40.92,40.92,40.92,38.9,40.92,38.9,40.92,55.68,,65.11,40.92,40.81,,52.83,,,,45.17,60.57,,40.92,60.57,60.57,88.2,60.57,38.9,38.9,,,,,40.92,38.9,38.9,38.9,38.9,38.9,45.03,40.92,40.79,38.95,38.9,38.9,38.9,38.9,40.92,40.81,,,,,,
2019-12-26 20:00:00+01:00,,37.24,,37.24,33.95,36.96,,39.5,,37.24,37.24,37.24,37.24,37.24,37.24,37.24,49.53,,65.11,37.24,39.5,,46.99,,,,45.17,60.57,,37.24,60.57,60.57,88.2,60.57,37.24,37.24,,,,,37.24,37.24,37.24,37.24,37.24,37.24,45.76,37.24,39.48,38.05,37.24,37.24,37.24,37.24,37.24,39.5,,,,,,
2019-12-26 21:00:00+01:00,,35.98,,33.8,28.94,35.13,,37.63,,36.78,36.78,36.78,36.78,32.03,36.78,32.03,44.16,,60.0,35.98,37.63,,41.89,,,,35.98,54.25,,35.98,54.25,54.25,88.2,54.25,36.78,36.78,,,,,36.42,36.78,36.78,36.78,36.78,36.78,42.23,32.03,31.42,35.95,36.78,36.78,36.78,36.78,35.98,37.63,,,,,,
2019-12-26 22:00:00+01:00,,35.51,,32.79,28.92,34.08,,37.1,,36.45,36.45,36.45,36.45,30.58,36.45,30.58,44.28,,65.11,35.51,37.1,,39.52,,,,34.91,51.9,,34.91,51.9,51.9,71.2,51.9,36.45,36.45,,,,,35.96,36.45,36.45,36.45,36.45,36.45,36.45,30.58,32.57,34.59,36.45,36.45,36.45,36.45,35.51,37.1,,,,,,
2019-12-26 23:00:00+01:00,,33.78,,30.97,25.62,31.72,,34.01,,34.75,34.75,34.75,34.75,28.7,34.75,28.7,49.33,,68.98,33.78,34.01,,34.0,,,,33.78,45.0,,33.78,45.0,45.0,45.0,45.0,34.75,34.75,,,,,34.25,35.49,35.49,34.75,34.75,35.49,34.75,28.7,26.98,32.04,34.75,34.75,34.75,34.75,33.78,34.01,,,,,,
2019-12-27 00:00:00+01:00,,31.17,,28.69,23.04,33.58,,32.29,,31.17,33.11,33.11,33.11,27.47,33.11,27.47,42.02,,68.78,31.17,32.29,,43.81,,,,34.3,40.99,,34.3,40.99,40.99,40.99,40.99,33.11,33.11,,,,,30.81,35.51,35.51,33.11,33.11,35.51,40.31,27.47,27.69,33.04,33.11,33.11,33.11,33.11,31.17,32.29,,,,,,
2019-12-27 01:00:00+01:00,,30.02,,26.65,22.95,32.78,,30.13,,30.02,32.93,32.93,32.93,25.0,32.93,25.0,42.33,,64.58,30.02,30.13,,40.15,,,,34.58,35.79,,34.58,35.79,35.79,35.79,35.79,32.93,32.93,,,,,29.51,35.47,35.47,32.93,32.93,35.47,35.72,25.0,26.6,31.0,32.93,32.93,32.93,32.93,30.02,30.13,,,,,,
2019-12-27 02:00:00+01:00,,28.67,,22.85,22.55,31.75,,28.0,,28.67,32.0,32.0,32.0,19.99,32.0,19.99,33.75,,76.65,28.67,28.0,,32.0,,,,35.0,35.55,,35.0,35.55,35.55,35.55,35.55,32.0,32.0,,,,,27.8,35.42,35.42,32.0,32.0,35.42,32.0,19.99,26.97,29.96,32.0,32.0,32.0,32.0,28.67,28.0,,,,,,
2019-12-27 03:00:00+01:00,,28.7,,22.68,22.55,31.06,,26.91,,28.7,32.19,32.19,32.19,19.73,32.19,19.73,29.35,,76.58,28.7,26.91,,27.83,,,,34.87,34.87,,34.87,34.87,34.87,34.87,34.87,32.19,32.19,,,,,27.8,35.4,35.4,32.19,32.19,35.4,32.19,19.73,26.9,29.09,32.19,32.19,32.19,32.19,28.7,26.91,,,,,,
2019-12-27 04:00:00+01:00,,29.19,,20.73,23.04,31.23,,28.21,,29.19,33.14,33.14,33.14,16.6,33.14,16.6,28.93,,76.65,29.19,28.21,,27.43,,,,34.86,34.86,,34.86,34.86,34.86,34.86,34.86,33.14,33.14,,,,,27.92,35.44,35.44,33.14,33.14,35.44,33.14,16.6,28.2,30.06,33.14,33.14,33.14,33.14,29.19,28.21,,,,,,
2019-12-27 05:00:00+01:00,,31.03,,23.96,24.99,32.37,,31.65,,31.03,35.58,35.58,35.58,20.5,35.58,20.5,29.01,,61.98,31.03,31.65,,27.52,,,,34.7,40.0,,34.7,40.0,40.0,40.0,40.0,35.58,35.58,,,,,29.76,35.58,35.58,35.58,35.58,35.58,37.29,20.5,31.63,32.14,35.58,35.58,35.58,35.58,31.03,31.65,,,,,,
2019-12-27 06:00:00+01:00,,33.1,,26.98,29.1,36.06,,32.06,,33.1,33.16,36.12,36.12,24.0,36.12,24.0,31.19,,76.78,33.1,32.06,,27.0,,,,35.33,56.99,,35.33,56.99,56.99,56.99,56.99,36.12,36.12,,,,,31.98,36.12,36.12,36.12,36.12,36.12,46.92,24.0,28.73,35.01,36.12,36.12,36.12,36.12,33.1,32.06,,,,,,
2019-12-27 07:00:00+01:00,,38.89,,32.64,53.2,40.9,,38.8,,38.89,38.89,37.58,43.05,29.57,43.05,29.57,36.54,,76.86,38.89,38.8,,32.0,,,,38.89,60.67,,38.89,60.67,60.67,60.67,60.67,43.05,43.05,,,,,37.48,37.58,37.58,37.58,37.58,37.58,50.44,29.57,38.78,39.66,37.58,37.58,37.58,37.58,38.89,38.8,,,,,,
2019-12-27 08:00:00+01:00,,38.55,,35.99,52.91,43.5,,43.19,,38.55,38.55,38.55,45.33,34.75,45.33,34.75,35.75,,76.77,38.55,43.19,,33.91,,,,39.13,63.69,,38.55,63.69,63.69,63.69,63.69,45.33,45.33,,,,,38.0,38.55,38.55,38.55,38.55,38.55,52.55,34.75,43.17,44.04,38.55,38.55,38.55,38.55,38.55,43.19,,,,,,
2019-12-27 09:00:00+01:00,,40.0,,38.71,49.91,43.9,,45.1,,40.0,40.0,40.0,45.04,38.09,45.04,38.09,39.95,,76.86,40.0,45.1,,37.89,,,,41.76,63.69,,40.0,63.69,63.69,63.69,63.69,45.04,45.04,,,,,39.77,39.3,39.3,39.3,39.3,39.3,53.14,38.09,42.87,45.06,39.3,39.3,39.3,39.3,40.0,45.1,,,,,,
2019-12-27 10:00:00+01:00,,40.0,,39.05,51.05,43.62,,45.99,,40.0,40.0,40.0,39.05,38.59,39.05,38.59,40.3,,69.18,40.0,45.99,,37.64,,,,40.0,60.44,,40.0,60.44,60.44,60.44,60.44,39.05,39.05,,,,,39.83,39.05,39.05,39.05,39.05,39.05,53.56,38.59,39.11,45.05,39.05,39.05,39.05,39.05,40.0,45.99,,,,,,
2019-12-27 11:00:00+01:00,,40.47,,38.87,49.52,42.36,,46.09,,40.47,40.17,40.17,39.59,38.09,39.59,38.09,41.61,,76.77,40.47,46.09,,39.47,,,,40.0,56.99,,40.0,56.99,56.99,56.99,56.99,39.59,39.59,,,,,40.17,39.59,39.59,39.59,39.59,39.59,53.55,38.09,39.11,44.99,39.59,39.59,39.59,39.59,40.47,46.09,,,,,,
2019-12-27 12:00:00+01:00,,39.96,,39.38,49.5,41.79,,43.94,,40.15,40.15,40.15,46.71,39.0,46.71,39.0,43.46,,69.24,39.96,43.94,,41.22,,,,39.96,56.99,,39.96,56.99,56.99,56.99,56.99,46.71,46.71,,,,,40.0,39.58,39.58,40.15,40.15,39.58,53.68,39.0,35.64,43.43,40.15,40.15,40.15,40.15,39.96,43.94,,,,,,
2019-12-27 13:00:00+01:00,,39.93,,38.46,49.95,41.11,,43.0,,40.41,40.41,40.41,47.09,37.52,47.09,37.52,46.98,,66.73,39.93,43.0,,44.56,,,,39.93,56.99,,39.93,56.99,56.99,56.99,56.99,47.09,47.09,,,,,40.04,39.5,39.5,40.41,40.41,39.5,51.82,37.52,35.13,42.97,40.41,40.41,40.41,40.41,39.93,43.0,,,,,,
2019-12-27 14:00:00+01:00,,40.99,,37.28,54.3,42.13,,43.99,,42.2,42.05,42.05,53.23,34.9,53.23,34.9,45.33,,76.8,40.99,43.99,,43.0,,,,40.0,60.44,,40.0,60.44,60.44,60.44,60.44,53.23,53.23,,,,,41.27,39.94,39.94,42.05,42.05,39.94,53.23,34.9,39.13,41.99,42.05,42.05,42.05,42.05,40.99,43.99,,,,,,
2019-12-27 15:00:00+01:00,,43.04,,36.63,54.98,44.41,,46.0,,45.13,45.13,45.13,53.97,32.51,53.97,32.51,46.98,,76.86,43.04,46.0,,44.56,,,,46.58,60.57,,42.58,60.57,60.57,60.57,60.57,53.97,53.97,,,,,43.52,40.29,40.29,45.13,45.13,40.29,53.97,32.51,45.98,43.02,45.13,45.13,45.13,45.13,43.04,46.0,,,,,,
2019-12-27 16:00:00+01:00,,44.62,,38.75,53.72,46.48,,48.94,,46.53,46.53,46.53,54.39,34.99,54.39,34.99,46.68,,77.04,44.62,48.94,,44.28,,,,53.58,63.69,,42.24,63.69,63.69,80.05,63.69,54.39,54.39,,,,,45.06,40.94,40.94,46.53,45.48,40.94,54.39,34.99,48.91,46.6,46.53,46.53,46.53,46.53,44.62,48.94,,,,,,
2019-12-27 17:00:00+01:00,,47.83,,43.07,53.32,48.18,,51.8,,49.38,49.38,49.38,54.56,40.01,54.56,40.01,58.66,,79.1,47.83,51.8,,57.0,,,,54.88,78.16,,47.83,78.16,78.16,86.46,78.16,54.56,54.56,,,,,48.19,40.68,40.68,49.38,43.15,40.68,54.56,40.01,51.77,50.47,49.38,49.38,49.38,49.38,47.83,51.8,,,,,,
2019-12-27 18:00:00+01:00,,44.88,,44.88,52.51,47.86,,49.48,,44.88,44.88,44.88,51.3,44.88,51.3,44.88,64.59,,79.1,44.88,49.48,,65.83,,,,54.44,78.48,,44.88,78.48,78.48,91.88,78.48,51.3,51.3,,,,,44.88,40.34,40.34,44.88,41.67,40.34,54.3,44.88,49.45,48.48,44.88,44.88,44.88,44.88,44.88,49.48,,,,,,
2019-12-27 19:00:00+01:00,,43.99,,43.99,49.51,45.26,,46.54,,43.99,43.99,43.99,40.55,43.99,40.55,43.99,56.75,,76.9,43.99,46.54,,57.84,,,,54.37,78.48,,43.99,78.48,78.48,91.88,78.48,40.55,40.55,,,,,43.99,39.84,39.84,40.55,40.55,39.84,53.04,43.99,46.52,45.53,40.55,40.55,40.55,40.55,43.99,46.54,,,,,,
2019-12-27 20:00:00+01:00,,39.52,,39.52,40.53,41.57,,42.66,,39.52,39.52,39.52,38.22,39.52,38.22,39.52,49.32,,79.1,39.52,42.66,,48.0,,,,49.88,77.55,,39.52,77.55,77.55,87.46,77.55,38.22,38.22,,,,,39.52,38.22,38.22,38.22,38.22,38.22,53.13,39.52,40.41,40.04,38.22,38.22,38.22,38.22,39.52,42.66,,,,,,
2019-12-27 21:00:00+01:00,,36.67,,36.67,34.23,38.46,,38.15,,36.67,36.67,36.67,36.67,36.67,36.67,36.67,41.22,,79.1,36.67,38.15,,39.1,,,,46.58,60.67,,36.67,60.67,60.67,86.46,60.67,36.67,36.67,,,,,36.67,36.67,36.67,36.67,36.67,36.67,50.06,36.67,35.13,37.32,36.67,36.67,36.67,36.67,36.67,38.15,,,,,,
2019-12-27 22:00:00+01:00,,35.38,,35.38,32.1,37.18,,36.87,,35.38,35.38,35.75,35.75,35.38,35.75,35.38,36.82,,74.98,35.38,36.87,,34.92,,,,36.51,60.0,,35.38,60.0,60.0,60.0,60.0,35.75,35.75,,,,,35.38,35.75,35.75,35.75,35.75,35.75,48.36,35.38,36.85,34.99,35.75,35.75,35.75,35.75,35.38,36.87,,,,,,
2019-12-27 23:00:00+01:00,,33.57,,33.57,26.94,35.35,,32.63,,33.57,33.57,34.49,34.49,33.57,34.49,33.57,34.53,,32.0,33.57,32.63,,29.13,,,,33.57,42.0,,33.57,42.0,42.0,42.0,42.0,34.49,34.49,,,,,33.57,35.0,35.0,34.49,34.49,35.0,46.57,33.57,32.61,33.08,34.49,34.49,34.49,34.49,33.57,32.63,,,,,,
2019-12-28 00:00:00+01:00,,30.17,,30.17,29.05,33.03,,30.96,,30.17,33.48,33.48,33.48,30.17,33.48,30.17,38.33,,60.93,30.17,30.96,,36.5,,,,34.99,40.0,,34.99,40.0,40.0,40.0,40.0,33.48,33.48,,,,,30.17,34.24,34.24,33.48,33.48,34.24,34.53,30.17,29.39,36.51,33.48,33.48,33.48,33.48,30.17,30.96,,,,,,
2019-12-28 01:00:00+01:00,,29.5,,29.5,24.65,30.49,,29.28,,29.5,32.32,32.32,32.32,29.5,32.32,29.5,33.12,,42.0,29.5,29.28,,25.39,,,,34.42,34.42,,34.42,34.42,34.42,34.42,34.42,32.32,32.32,,,,,29.5,34.13,34.13,32.32,32.32,34.13,32.32,29.5,24.89,33.65,32.32,32.32,32.32,32.32,29.5,29.28,,,,,,
2019-12-28 02:00:00+01:00,,29.01,,26.97,24.01,29.44,,27.97,,29.43,31.08,31.08,31.08,25.75,31.08,25.75,29.32,,31.02,29.01,27.97,,0.0,,,,30.0,30.0,,30.0,30.0,30.0,30.0,30.0,31.08,31.08,,,,,29.13,34.05,34.05,31.08,31.08,34.05,31.08,25.75,23.0,30.03,31.08,31.08,31.08,31.08,29.01,27.97,,,,,,
2019-12-28 03:00:00+01:00,,27.4,,24.71,22.54,28.35,,26.18,,28.2,30.82,30.82,30.82,23.0,30.82,23.0,27.11,,29.39,27.4,26.18,,0.0,,,,27.4,27.4,,27.4,27.4,27.4,27.4,27.4,30.82,30.82,,,,,27.92,34.01,34.01,30.82,30.82,34.01,30.82,23.0,21.99,26.33,30.82,30.82,30.82,30.82,27.4,26.18,,,,,,
2019-12-28 04:00:00+01:00,,27.37,,23.47,22.7,28.42,,26.44,,28.53,30.53,30.53,30.53,20.97,30.53,20.97,24.12,,29.56,27.37,26.44,,-4.48,,,,27.37,27.37,,27.37,27.37,27.37,27.37,27.37,30.53,30.53,,,,,27.9,34.01,34.01,30.53,30.53,34.01,30.53,20.97,23.0,26.03,30.53,30.53,30.53,30.53,27.37,26.44,,,,,,
2019-12-28 05:00:00+01:00,,27.4,,22.93,24.06,29.34,,26.71,,27.4,30.46,30.46,30.46,20.72,30.46,20.72,22.36,,32.82,27.4,26.71,,-5.0,,,,27.4,27.4,,27.4,27.4,27.4,27.4,27.4,30.46,30.46,,,,,27.05,34.01,34.01,30.46,30.46,34.01,30.46,20.72,26.7,26.39,30.46,30.46,30.46,30.46,27.4,26.71,,,,,,
2019-12-28 06:00:00+01:00,,28.91,,24.0,47.04,28.91,,25.92,,29.2,31.6,31.6,31.6,21.47,31.6,21.47,23.39,,45.29,28.91,25.92,,-5.0,,,,28.91,28.91,,28.91,28.91,28.91,28.91,28.91,31.6,31.6,,,,,28.57,34.1,34.1,31.6,31.6,34.1,31.6,21.47,25.91,25.47,31.6,31.6,31.6,31.6,28.91,25.92,,,,,,
2019-12-28 07:00:00+01:00,,31.63,,25.85,34.4,31.73,,30.17,,31.63,31.63,32.99,32.99,23.0,32.99,23.0,25.2,,60.93,31.63,30.17,,-1.0,,,,35.0,35.0,,35.0,35.0,35.0,35.0,35.0,32.99,32.99,,,,,30.86,34.06,34.06,32.99,32.99,34.06,32.99,23.0,30.15,31.9,32.99,32.99,32.99,32.99,31.63,30.17,,,,,,
2019-12-28 08:00:00+01:00,,34.61,,29.6,33.09,35.54,,34.99,,34.61,34.61,34.61,34.61,27.0,34.61,27.16,30.41,,58.51,34.61,34.99,,5.0,,,,39.0,39.0,,39.0,39.0,39.0,39.0,39.0,34.61,34.61,,,,,33.93,34.61,34.61,34.61,34.61,34.61,38.72,27.0,34.97,36.51,34.61,34.61,34.61,34.61,34.61,34.99,,,,,,
2019-12-28 09:00:00+01:00,,36.82,,35.42,34.71,36.76,,37.0,,36.82,36.82,36.82,35.45,34.75,35.45,34.75,36.4,,60.0,36.82,37.0,,15.09,,,,36.82,36.82,,36.82,36.82,36.82,36.82,36.82,35.45,35.45,,,,,36.6,35.45,35.45,35.45,35.45,35.45,46.4,34.75,36.98,38.5,35.45,35.45,35.45,35.45,36.82,37.0,,,,,,
2019-12-28 10:00:00+01:00,,35.61,,35.61,35.01,36.05,,37.7,,35.61,35.61,35.61,35.61,35.0,35.61,35.61,39.91,,60.0,35.61,37.7,,29.0,,,,35.61,35.61,,35.61,35.61,35.61,35.61,35.61,35.61,35.61,,,,,35.61,35.61,35.61,35.61,35.61,35.61,45.72,35.0,37.68,38.46,35.61,35.61,35.61,35.61,35.61,37.7,,,,,,
2019-12-28 11:00:00+01:00,,35.05,,35.05,32.48,35.14,,37.1,,35.05,35.05,35.05,35.05,34.51,35.05,35.05,46.36,,60.0,35.05,37.1,,44.15,,,,35.05,35.05,,35.05,35.05,35.05,35.05,35.05,35.05,35.05,,,,,35.05,35.05,35.05,35.05,35.05,35.05,43.87,34.51,35.13,37.94,35.05,35.05,35.05,35.05,35.05,37.1,,,,,,
2019-12-28 12:00:00+01:00,,34.7,,34.7,34.54,34.85,,36.79,,34.7,34.7,34.7,34.7,33.0,34.7,34.7,46.97,,60.0,34.7,36.79,,44.73,,,,34.7,34.7,,34.7,34.7,34.7,34.7,34.7,34.7,34.7,,,,,34.7,34.7,34.7,34.7,34.7,34.7,45.9,33.0,31.9,37.02,34.7,34.7,34.7,34.7,34.7,36.79,,,,,,
2019-12-28 13:00:00+01:00,,33.78,,32.77,43.95,33.91,,35.9,,33.78,33.78,34.61,34.61,32.27,34.61,32.27,43.44,,61.31,33.78,35.9,,41.38,,,,32.27,32.27,,32.27,32.27,32.27,32.27,32.27,34.61,34.61,,,,,33.65,34.61,34.61,34.61,34.61,34.61,45.54,32.27,29.18,35.85,34.61,34.61,34.61,34.61,33.78,35.9,,,,,,
2019-12-28 14:00:00+01:00,,34.91,,32.98,53.7,34.83,,36.79,,34.91,34.91,34.94,34.94,30.51,34.94,30.51,42.94,,59.41,34.91,36.79,,40.9,,,,34.58,34.58,,34.58,34.58,34.58,34.58,34.58,34.94,34.94,,,,,35.2,34.94,34.94,34.94,34.94,34.94,45.7,30.51,32.49,34.98,34.94,34.94,34.94,34.94,34.91,36.79,,,,,,
2019-12-28 15:00:00+01:00,,35.86,,31.74,53.71,37.03,,38.86,,35.86,35.86,35.83,35.83,26.48,35.83,26.48,41.06,,62.22,35.86,38.86,,39.11,,,,35.86,35.86,,35.86,35.86,35.86,35.86,35.86,35.83,35.83,,,,,36.48,35.83,35.83,35.83,35.83,35.83,46.57,26.48,38.84,36.66,35.83,35.83,35.83,35.83,35.86,38.86,,,,,,
2019-12-28 16:00:00+01:00,,39.86,,34.58,49.93,40.05,,42.14,,39.86,37.73,37.73,37.73,32.0,36.9,32.0,40.42,,65.1,40.0,42.14,,38.51,,,,40.0,40.0,,40.0,40.0,40.0,40.0,40.0,37.73,37.73,,,,,39.19,36.9,36.9,36.9,36.9,36.9,49.21,32.0,42.12,42.5,36.9,36.9,36.9,37.73,40.0,42.14,,,,,,
2019-12-28 17:00:00+01:00,,40.79,,40.79,49.53,42.5,,44.62,,40.79,37.48,37.48,36.71,39.09,36.71,40.79,58.7,,62.27,44.0,44.62,,55.92,,,,44.0,44.0,,44.0,44.0,44.0,44.0,44.0,36.71,36.71,,,,,40.79,36.71,36.71,36.71,36.71,36.71,49.21,39.09,44.6,45.99,36.71,36.71,36.71,36.71,44.0,44.62,,,,,,
2019-12-28 18:00:00+01:00,,43.75,,43.75,49.51,41.92,,43.57,,43.75,36.26,36.26,36.26,43.75,36.26,43.75,63.87,,62.26,43.75,43.57,,60.83,,,,43.75,43.75,,43.75,43.75,43.75,43.75,43.75,36.26,36.26,,,,,43.75,36.26,36.26,36.26,36.26,36.26,49.64,43.75,41.2,46.02,36.26,36.26,36.26,36.26,43.75,43.57,,,,,,
2019-12-28 19:00:00+01:00,,43.29,,43.29,42.96,40.85,,42.14,,43.29,35.55,35.55,35.55,43.29,35.55,43.29,52.98,,60.0,43.29,42.14,,50.47,,,,45.17,45.17,,43.29,45.17,45.17,45.17,45.17,35.55,35.55,,,,,43.29,35.55,35.55,35.55,35.55,35.55,49.21,43.29,38.52,43.86,35.55,35.55,35.55,35.55,43.29,42.14,,,,,,
2019-12-28 20:00:00+01:00,,39.62,,39.62,37.33,37.19,,37.82,,39.62,34.97,34.97,34.97,39.62,34.97,39.62,40.88,,60.0,39.62,37.82,,38.93,,,,41.0,41.0,,41.0,41.0,41.0,41.0,41.0,34.97,34.97,,,,,39.62,34.97,34.97,34.97,34.97,34.97,48.83,39.62,34.22,38.85,34.97,34.97,34.97,34.97,39.62,37.82,,,,,,
2019-12-28 21:00:00+01:00,,35.39,,35.39,34.93,34.06,,34.7,,35.39,35.14,35.14,34.54,35.39,34.54,35.39,38.72,,60.0,35.39,34.7,,33.96,,,,35.39,35.39,,35.39,35.39,35.39,35.39,35.39,34.54,34.54,,,,,35.39,34.54,34.54,34.54,34.54,34.54,45.52,35.39,28.34,35.26,34.54,34.54,34.54,34.54,35.39,34.7,,,,,,
2019-12-28 22:00:00+01:00,,34.75,,34.75,43.02,32.81,,32.24,,34.75,34.75,33.6,33.6,34.75,33.6,34.75,35.7,,58.51,34.75,32.24,,26.55,,,,34.75,34.75,,34.75,34.75,34.75,34.75,34.75,33.6,33.6,,,,,34.75,34.2,34.2,33.6,33.6,34.2,37.74,34.75,27.49,34.99,33.6,33.6,33.6,33.6,34.75,32.24,,,,,,
2019-12-28 23:00:00+01:00,,30.17,,30.17,25.17,30.59,,29.95,,30.17,30.17,31.32,31.32,30.17,31.32,30.17,30.9,,59.18,30.17,29.95,,11.0,,,,30.17,30.17,,30.17,30.17,30.17,30.17,30.17,31.32,31.32,,,,,30.17,33.19,33.19,31.32,31.32,33.19,35.16,30.17,20.91,34.08,31.32,31.32,31.32,31.32,30.17,29.95,,,,,,
2019-12-29 00:00:00+01:00,,30.6,,30.6,22.54,28.33,,27.0,,30.6,30.6,30.6,30.6,30.6,30.6,30.6,31.52,,40.0,30.6,27.0,,0.0,,,,30.6,30.6,,30.6,30.6,30.6,30.6,30.6,30.6,30.6,,,,,30.6,33.71,33.71,30.6,30.6,33.71,30.6,30.6,26.99,30.72,30.6,30.6,30.6,30.6,30.6,27.0,,,,,,
2019-12-29 01:00:00+01:00,,28.1,,28.1,22.53,26.41,,24.91,,28.1,28.1,28.1,28.1,28.1,28.1,28.1,28.94,,40.0,28.1,24.91,,-4.99,,,,28.1,28.1,,28.1,28.1,28.1,28.1,28.1,28.1,28.1,,,,,28.1,33.66,33.66,28.1,28.1,33.66,29.25,28.1,24.9,26.75,28.1,28.1,28.1,28.1,28.1,24.91,,,,,,
2019-12-29 02:00:00+01:00,,26.92,,26.92,22.52,25.13,,24.8,,26.92,26.92,26.92,26.92,26.92,26.92,26.92,27.65,,24.9,25.0,24.8,,-5.11,,,,25.0,25.0,,25.0,25.0,25.0,25.0,25.0,26.92,26.92,,,,,26.92,33.58,33.58,26.92,26.92,33.58,32.4,26.92,24.79,26.05,26.92,26.92,26.92,26.92,25.0,24.8,,,,,,
2019-12-29 03:00:00+01:00,,22.85,,22.85,22.52,22.1,,22.0,,22.85,22.85,22.85,22.85,22.85,22.85,22.85,23.47,,22.0,20.55,22.0,,-5.0,,,,20.55,20.55,,20.55,20.55,20.55,20.55,20.55,22.85,22.85,,,,,22.85,33.55,33.55,22.85,22.85,33.55,33.27,22.85,21.99,22.96,22.85,22.85,22.85,22.85,20.55,22.0,,,,,,
2019-12-29 04:00:00+01:00,,20.97,,20.97,22.52,21.07,,21.22,,20.97,20.97,20.97,20.97,20.97,20.97,20.97,21.13,,21.0,20.0,21.22,,-5.0,,,,20.0,20.0,,20.0,20.0,20.0,20.0,20.0,20.97,20.97,,,,,20.97,33.51,33.51,20.97,20.97,33.51,34.83,20.97,21.21,21.89,20.97,20.97,20.97,20.97,20.0,21.22,,,,,,
2019-12-29 05:00:00+01:00,,21.31,,21.31,22.52,22.13,,21.56,,21.31,21.31,21.31,21.31,21.31,21.31,21.31,20.88,,22.09,21.31,21.56,,-5.11,,,,21.31,21.31,,21.31,21.31,21.31,21.31,21.31,21.31,21.31,,,,,21.31,33.55,33.55,21.31,21.31,33.55,35.83,21.31,21.55,22.09,21.31,21.31,21.31,21.31,21.31,21.56,,,,,,
2019-12-29 06:00:00+01:00,,22.72,,22.72,22.51,21.78,,21.87,,22.72,22.72,22.72,22.72,22.72,22.72,22.72,22.27,,23.37,22.72,21.87,,-5.09,,,,22.72,22.72,,22.72,22.72,22.72,22.72,22.72,22.72,22.72,,,,,22.72,33.82,33.82,22.72,22.72,33.82,31.87,22.72,21.86,21.07,22.72,22.72,22.72,22.72,22.72,21.87,,,,,,
2019-12-29 07:00:00+01:00,,25.1,,25.1,22.52,26.23,,24.9,,25.1,25.1,25.1,25.1,25.1,25.1,25.1,24.6,,41.0,25.1,24.9,,-4.99,,,,25.1,25.1,,25.1,25.1,25.1,25.1,25.1,25.1,25.1,,,,,25.1,33.03,33.03,25.1,25.1,33.03,37.01,25.1,24.89,25.92,25.1,25.1,25.1,25.1,25.1,24.9,,,,,,
2019-12-29 08:00:00+01:00,,27.52,,27.52,22.54,27.93,,26.8,,27.52,27.52,27.52,27.52,27.52,27.52,27.52,28.27,,57.82,27.52,26.8,,0.0,,,,27.52,27.52,,27.52,27.52,27.52,27.52,27.52,27.52,27.52,,,,,27.52,32.77,32.77,27.62,27.62,32.77,34.53,27.52,26.79,28.08,27.52,27.52,27.52,27.52,27.52,26.8,,,,,,
2019-12-29 09:00:00+01:00,,30.04,,30.04,24.53,28.85,,29.48,,30.04,30.04,30.04,30.04,30.04,30.04,30.04,30.94,,57.54,30.04,29.48,,0.0,,,,30.04,30.04,,30.04,30.04,30.04,30.04,30.04,30.04,30.04,,,,,30.04,32.94,32.94,30.04,30.04,32.94,38.67,30.04,29.47,31.16,30.04,30.04,30.04,30.04,30.04,29.48,,,,,,
2019-12-29 10:00:00+01:00,,31.37,,33.71,25.66,28.95,,30.58,,30.6,30.6,30.6,30.6,32.52,30.6,32.52,37.28,,60.25,31.37,30.58,,25.0,,,,32.52,32.52,,32.52,32.52,32.52,32.52,32.52,30.6,30.6,,,,,36.05,33.53,33.53,30.6,30.6,33.53,43.13,32.52,27.0,32.27,30.6,30.6,30.6,30.6,31.37,30.58,,,,,,
2019-12-29 11:00:00+01:00,,31.56,,33.5,24.98,29.11,,31.21,,30.93,30.93,30.93,30.93,32.51,30.93,32.51,46.85,,60.0,31.56,31.21,,38.57,,,,32.51,32.51,,32.51,32.51,32.51,32.51,32.51,30.93,30.93,,,,,35.45,33.95,33.95,30.93,30.93,33.95,39.61,32.51,26.98,31.08,30.93,30.93,30.93,30.93,31.56,31.21,,,,,,
2019-12-29 12:00:00+01:00,,32.03,,32.03,23.35,28.93,,31.3,,32.03,32.03,32.03,32.03,32.03,32.03,32.03,44.6,,60.0,32.03,31.3,,42.38,,,,32.03,32.03,,32.03,32.03,32.03,32.03,32.03,32.03,32.03,,,,,32.03,33.19,33.19,32.03,32.03,33.19,42.42,32.03,23.99,31.29,32.03,32.03,32.03,32.03,32.03,31.3,,,,,,
2019-12-29 13:00:00+01:00,,30.61,,30.61,22.54,27.85,,30.1,,30.61,30.61,30.61,30.61,30.61,30.61,30.61,48.72,,60.0,30.61,30.1,,46.29,,,,30.61,30.61,,30.61,30.61,30.61,30.61,30.61,30.61,30.61,,,,,30.61,33.08,33.08,30.61,30.61,33.08,43.6,30.61,22.79,29.51,30.61,30.61,30.61,30.61,30.61,30.1,,,,,,
2019-12-29 14:00:00+01:00,,30.8,,30.8,25.8,27.59,,30.83,,30.8,30.8,30.8,30.8,30.8,30.8,30.8,45.31,,65.1,30.8,30.83,,43.05,,,,30.8,30.8,,30.8,30.8,30.8,30.8,30.8,30.8,30.8,,,,,30.8,33.1,33.1,30.8,30.8,33.1,44.16,30.8,22.79,28.82,30.8,30.8,30.8,30.8,30.8,30.83,,,,,,
2019-12-29 15:00:00+01:00,,32.86,,32.03,27.08,29.54,,32.6,,32.86,32.86,32.86,32.86,31.39,32.86,31.39,42.25,,69.34,32.86,32.6,,40.15,,,,32.86,32.86,,32.86,32.86,32.86,32.86,32.86,32.86,32.86,,,,,32.89,33.51,33.51,32.86,32.86,33.51,43.25,31.39,29.07,31.07,32.86,32.86,32.86,32.86,32.86,32.6,,,,,,
2019-12-29 16:00:00+01:00,,33.97,,33.97,30.06,32.23,,37.96,,33.97,33.74,33.74,33.74,33.97,33.74,33.97,39.91,,66.96,33.97,37.96,,38.99,,,,35.64,35.64,,35.64,35.64,35.64,35.64,35.64,33.74,33.74,,,,,33.97,33.74,33.74,33.74,33.74,33.74,44.69,33.97,37.94,34.9,33.74,33.74,33.74,33.74,33.97,37.96,,,,,,
2019-12-29 17:00:00+01:00,,40.13,,41.92,35.18,38.02,,41.0,,39.53,33.99,33.99,33.99,41.0,33.99,41.0,59.93,,65.1,40.13,41.0,,56.94,,,,41.0,41.0,,41.0,41.0,41.0,41.0,41.0,33.99,33.99,,,,,43.92,33.99,33.99,33.99,33.99,33.99,44.59,41.0,40.98,39.18,33.99,33.99,33.99,33.99,40.13,41.0,,,,,,
2019-12-29 18:00:00+01:00,,42.01,,44.97,34.84,39.97,,41.2,,41.16,33.35,33.35,33.35,43.5,33.35,43.5,65.27,,60.0,42.01,41.2,,68.06,,,,43.5,43.5,,43.5,43.5,43.5,43.5,43.5,33.35,33.35,,,,,46.09,33.74,33.74,33.35,33.35,33.74,44.43,43.5,41.18,39.97,33.35,33.35,33.35,33.35,42.01,41.2,,,,,,
2019-12-29 19:00:00+01:00,,41.19,,45.94,33.3,39.97,,39.84,,39.6,32.54,32.54,32.54,43.5,32.54,43.5,54.93,,60.0,41.19,39.84,,56.08,,,,44.45,44.45,,43.5,44.45,44.45,44.45,44.45,32.54,32.54,,,,,46.24,33.57,33.57,32.54,32.54,33.57,44.82,43.5,39.82,38.93,32.54,32.54,32.54,32.54,41.19,39.84,,,,,,
2019-12-29 20:00:00+01:00,,38.83,,41.02,27.67,38.06,,35.68,,38.14,30.79,30.79,30.79,40.0,30.79,40.0,46.88,,60.0,38.83,35.68,,47.86,,,,42.0,42.0,,40.0,42.0,42.0,42.0,42.0,30.79,30.79,,,,,45.33,33.46,33.46,30.79,30.79,33.46,44.82,40.0,29.28,34.93,30.79,30.79,30.79,30.79,38.83,35.68,,,,,,
2019-12-29 21:00:00+01:00,,33.02,,36.6,23.92,34.79,,32.02,,32.0,30.02,30.02,30.02,41.15,30.02,34.9,42.06,,59.41,33.02,32.02,,42.95,,,,35.03,35.03,,35.03,35.03,35.03,35.03,35.03,30.02,30.02,,,,,40.68,33.38,33.38,30.02,30.02,33.38,44.48,41.15,20.91,30.05,30.02,30.02,30.02,30.02,33.02,32.02,,,,,,
2019-12-29 22:00:00+01:00,,31.58,,36.82,22.54,34.09,,30.0,,30.11,25.56,25.56,25.56,39.06,25.56,34.3,38.07,,60.0,31.58,30.0,,38.87,,,,34.3,34.3,,34.3,34.3,34.3,34.3,34.3,25.56,25.56,,,,,36.82,33.95,33.95,25.56,25.56,33.95,33.96,39.06,20.28,27.59,25.56,25.56,25.56,25.56,31.58,30.0,,,,,,
2019-12-29 23:00:00+01:00,,26.7,,30.4,22.51,31.16,,25.24,,25.52,20.86,20.86,20.86,34.9,20.86,28.94,29.72,,40.0,26.7,25.24,,30.34,,,,28.94,28.94,,28.94,28.94,28.94,28.94,28.94,20.86,20.86,,,,,30.4,33.15,33.15,20.86,20.86,33.15,27.81,34.9,14.64,23.0,20.86,20.86,20.86,20.86,26.7,25.24,,,,,,
2019-12-30 00:00:00+01:00,,16.38,,30.0,22.42,27.57,,22.2,,11.07,11.07,11.07,11.07,33.1,11.07,26.06,29.3,,34.9,16.38,22.2,,29.2,,,,26.06,26.06,,26.06,26.06,26.06,26.06,26.06,11.07,11.07,,,,,30.12,33.1,33.1,11.07,11.07,33.1,17.75,33.1,8.36,21.26,11.07,11.07,11.07,11.07,16.38,22.2,,,,,,
2019-12-30 01:00:00+01:00,,15.96,,29.91,12.11,25.87,,17.11,,11.84,11.84,11.84,11.84,25.0,11.84,23.46,29.22,,34.9,15.96,17.11,,30.56,,,,23.46,23.46,,23.46,23.46,23.46,23.46,23.46,11.84,11.84,,,,,30.03,32.95,32.95,11.84,11.84,32.95,16.16,25.0,6.27,18.3,11.84,11.84,11.84,11.84,15.96,17.11,,,,,,
2019-12-30 02:00:00+01:00,,11.8,,26.16,10.94,22.6,,13.96,,6.16,6.16,6.16,6.16,22.51,6.16,22.0,26.95,,21.0,11.8,13.96,,27.51,,,,22.0,22.0,,22.0,22.0,22.0,22.0,22.0,6.16,6.16,,,,,27.69,32.88,32.88,6.16,6.16,32.88,15.23,22.51,2.09,16.15,6.16,6.16,6.16,6.16,11.8,13.96,,,,,,
2019-12-30 03:00:00+01:00,,6.26,,22.57,8.05,19.66,,10.99,,1.4,1.4,1.4,1.4,21.97,1.4,15.07,23.25,,18.0,6.26,10.99,,23.74,,,,15.07,15.07,,15.07,15.07,15.07,15.07,15.07,1.4,1.4,,,,,23.89,32.89,32.89,3.93,3.93,32.89,13.11,21.97,5.23,13.1,1.4,1.4,1.4,1.4,6.26,10.99,,,,,,
2019-12-30 04:00:00+01:00,,8.67,,21.68,18.42,19.65,,11.9,,4.81,4.81,4.81,4.81,21.47,4.81,15.68,22.34,,20.9,8.67,11.9,,22.8,,,,15.68,15.68,,15.68,15.68,15.68,15.68,15.68,4.81,4.81,,,,,22.95,32.97,32.97,4.81,4.81,32.97,14.64,21.47,10.04,13.73,4.81,4.81,4.81,4.81,8.67,11.9,,,,,,
2019-12-30 05:00:00+01:00,,18.3,,22.7,22.51,22.31,,18.6,,16.43,16.43,16.43,16.43,22.22,16.43,21.7,23.39,,34.9,18.3,18.6,,24.45,,,,21.7,21.7,,21.7,21.7,21.7,21.7,21.7,16.43,16.43,,,,,24.9,32.92,32.92,16.43,16.43,32.92,16.43,22.22,16.31,18.52,16.43,16.43,16.43,16.43,18.3,18.6,,,,,,
2019-12-30 06:00:00+01:00,,28.02,,30.0,22.52,27.99,,22.95,,26.9,26.9,26.9,26.9,30.0,26.9,30.0,29.69,,57.0,28.02,22.95,,28.32,,,,30.0,30.0,,30.0,30.0,30.0,30.0,30.0,26.9,26.9,,,,,30.5,33.8,33.8,26.9,26.9,33.8,26.9,30.0,16.31,23.91,26.9,26.9,26.9,26.9,28.02,22.95,,,,,,
2019-12-30 07:00:00+01:00,,33.09,,39.94,24.69,38.99,,28.78,,30.38,30.38,30.38,30.38,38.0,30.38,38.0,39.04,,60.33,33.09,28.78,,39.84,,,,40.99,40.99,,40.99,40.99,40.99,40.99,40.99,30.38,30.38,,,,,40.1,33.57,33.57,30.38,30.38,33.57,30.38,38.0,22.79,33.09,30.38,30.38,30.38,30.38,33.09,28.78,,,,,,
2019-12-30 08:00:00+01:00,,35.31,,43.36,27.96,40.59,,32.01,,32.04,32.04,32.04,32.04,41.26,32.04,41.26,42.39,,60.0,35.31,32.01,,41.24,,,,43.91,43.91,,43.91,43.91,43.91,43.91,43.91,32.04,32.04,,,,,43.54,34.05,34.05,32.04,32.04,34.05,32.04,41.26,31.99,35.07,32.04,32.04,32.04,32.04,35.31,32.01,,,,,,
2019-12-30 09:00:00+01:00,,35.64,,42.42,28.07,42.0,,35.19,,31.9,31.9,31.9,31.96,42.42,31.9,42.42,43.58,,65.1,35.64,35.19,,44.47,,,,42.42,42.42,,42.42,42.42,42.42,42.42,42.42,31.96,31.96,,,,,42.42,34.17,34.17,31.9,31.9,34.17,34.61,42.42,26.97,36.85,31.9,31.9,31.9,31.9,35.64,35.19,,,,,,
2019-12-30 10:00:00+01:00,,35.92,,42.42,27.2,41.32,,34.58,,29.06,29.06,29.06,29.06,42.42,29.06,42.42,43.71,,69.26,35.92,34.58,,43.5,,,,42.42,42.42,,42.42,42.42,42.42,42.42,42.42,29.06,29.06,,,,,42.42,34.23,34.23,29.06,29.06,34.23,33.99,42.42,23.99,35.22,29.06,29.06,29.06,29.06,35.92,34.58,,,,,,
2019-12-30 11:00:00+01:00,,38.6,,43.13,25.92,38.59,,34.02,,26.94,26.94,29.55,29.55,40.98,29.55,40.98,44.63,,69.27,38.6,34.02,,46.64,,,,40.98,40.98,,40.98,40.98,40.98,40.98,40.98,29.55,29.55,,,,,43.13,34.22,34.22,29.55,29.55,34.22,32.89,40.98,23.99,33.47,29.55,29.55,29.55,29.55,38.6,34.02,,,,,,
2019-12-30 12:00:00+01:00,,39.38,,39.14,24.38,37.2,,35.36,,30.3,30.3,30.3,34.18,39.38,30.3,39.38,40.47,,69.28,39.38,35.36,,42.29,,,,39.38,39.38,,39.38,39.38,39.38,39.38,39.38,34.18,34.18,,,,,39.05,34.16,34.16,30.3,30.3,34.16,34.18,39.38,26.97,33.81,30.3,30.3,30.3,30.3,39.38,35.36,,,,,,
2019-12-30 13:00:00+01:00,,34.27,,39.72,24.02,38.0,,34.05,,30.61,30.61,30.61,35.55,38.38,30.61,37.73,41.11,,69.29,34.27,34.05,,42.96,,,,37.73,37.73,,37.73,37.73,37.73,37.73,37.73,35.55,35.55,,,,,39.72,34.18,34.18,30.61,30.61,34.18,35.55,38.38,28.91,34.1,30.61,30.61,30.61,30.61,34.27,34.05,,,,,,
2019-12-30 14:00:00+01:00,,39.8,,36.95,27.39,38.82,,37.2,,31.53,31.53,31.63,37.49,35.32,31.63,34.96,41.23,,82.0,39.8,37.2,,43.08,,,,40.0,40.0,,40.0,40.0,40.0,40.0,40.0,37.49,37.49,,,,,36.95,34.18,34.18,31.63,31.63,34.18,37.49,35.32,37.18,36.41,31.63,31.63,31.63,31.63,39.8,37.2,,,,,,
2019-12-30 15:00:00+01:00,,34.17,,36.0,31.65,40.62,,38.9,,33.61,33.61,33.52,38.53,35.16,33.52,35.16,44.25,,82.73,34.17,38.9,,46.24,,,,41.23,41.23,,41.23,41.23,41.23,41.23,41.23,38.53,38.53,,,,,38.4,34.26,34.26,33.52,33.52,34.26,38.53,35.16,38.88,38.98,33.52,33.52,33.52,33.52,34.17,38.9,,,,,,
2019-12-30 16:00:00+01:00,,38.35,,36.8,32.08,43.06,,41.45,,35.25,34.4,34.4,39.81,36.46,34.4,36.46,40.55,,82.2,44.37,45.82,,53.31,,,,45.0,45.0,,44.37,45.0,45.0,45.0,45.0,39.81,39.81,,,,,39.17,34.4,34.4,34.4,34.4,34.4,39.81,36.46,45.79,45.33,34.4,34.4,34.4,34.4,44.37,41.45,,,,,,
2019-12-30 17:00:00+01:00,,41.02,,46.15,35.64,45.03,,41.75,,38.09,34.6,34.6,39.78,43.59,34.6,43.59,61.05,,82.88,44.6,50.39,,75.51,,,,51.67,51.67,,44.6,51.67,51.67,56.99,51.67,39.78,39.78,,,,,58.97,34.6,34.6,34.6,34.6,34.6,39.78,43.59,50.36,49.95,34.6,34.6,34.6,34.6,44.6,41.75,,,,,,
2019-12-30 18:00:00+01:00,,42.99,,48.78,34.91,46.78,,41.0,,39.35,34.43,34.43,39.36,46.42,34.43,46.42,70.08,,82.1,46.42,47.78,,107.64,,,,54.13,54.13,,46.42,54.13,54.13,85.07,54.13,39.36,39.36,,,,,48.78,34.43,34.43,34.43,34.43,34.43,39.36,46.42,47.75,48.58,34.43,34.43,34.43,34.43,46.42,41.0,,,,,,
2019-12-30 19:00:00+01:00,,39.96,,53.27,33.01,46.36,,38.66,,31.58,31.58,31.58,31.58,47.82,31.58,47.82,63.45,,82.0,47.82,44.99,,75.53,,,,55.42,55.42,,47.82,55.42,55.42,85.07,55.42,31.58,31.58,,,,,53.27,33.79,33.79,31.58,31.58,33.79,39.66,47.82,44.96,46.04,31.58,31.58,31.58,31.58,47.82,38.66,,,,,,
2019-12-30 20:00:00+01:00,,34.46,,40.0,30.95,44.03,,36.8,,30.68,30.68,30.68,30.68,47.5,30.68,40.6,55.17,,77.14,40.6,42.86,,57.98,,,,50.94,51.16,,40.6,51.16,51.16,85.07,51.16,30.68,30.68,,,,,39.0,33.95,33.95,30.68,30.68,33.95,38.59,47.5,42.83,45.58,30.68,30.68,30.68,30.68,40.6,36.8,,,,,,
2019-12-30 21:00:00+01:00,,31.4,,34.81,26.05,39.65,,30.0,,29.67,29.67,29.67,29.67,46.42,29.67,36.77,46.3,,66.5,40.0,35.94,,48.0,,,,44.0,44.0,,40.0,44.0,44.0,55.99,44.0,29.67,29.67,,,,,34.81,33.7,33.7,29.67,29.67,33.7,29.71,46.42,35.92,39.05,29.67,29.67,29.67,29.67,40.0,30.0,,,,,,
2019-12-30 22:00:00+01:00,,33.12,,40.0,24.18,38.31,,27.7,,29.68,29.68,28.96,28.96,42.76,28.96,38.27,53.06,,69.22,38.27,35.38,,53.31,,,,38.27,38.27,,38.27,38.27,38.27,38.27,38.27,28.96,28.96,,,,,32.89,33.98,33.98,28.96,28.96,33.98,29.18,42.76,35.36,37.66,28.96,28.96,28.96,28.96,38.27,27.7,,,,,,
2019-12-30 23:00:00+01:00,,30.04,,44.17,22.53,37.29,,24.1,,24.33,24.33,24.33,24.33,40.88,24.33,37.55,46.14,,0.0,30.04,29.52,,44.85,,,,37.55,37.55,,37.55,37.55,37.55,37.55,37.55,24.33,24.33,,,,,32.2,33.26,33.26,24.33,24.33,33.26,24.33,40.88,29.5,32.09,24.33,24.33,24.33,24.33,30.04,24.1,,,,,,
2019-12-31 00:00:00+01:00,,28.43,,47.47,22.53,35.13,,20.18,,24.14,23.04,23.04,23.04,37.55,23.04,37.55,48.91,,25.1,37.55,34.02,,46.45,,,,37.55,37.55,,37.55,37.55,37.55,37.55,37.55,23.04,23.04,,,,,29.4,31.19,31.19,23.04,23.04,31.19,23.04,37.55,34.0,32.49,23.04,23.04,23.04,23.04,37.55,20.18,,,,,,
2019-12-31 01:00:00+01:00,,26.08,,42.95,22.53,32.37,,17.92,,22.12,21.59,21.59,21.59,34.22,21.59,34.22,44.26,,25.1,26.08,26.99,,42.03,,,,34.22,34.22,,34.22,34.22,34.22,34.22,34.22,21.59,21.59,,,,,30.0,31.25,31.25,21.59,21.59,31.25,15.1,34.22,26.97,27.75,21.59,21.59,21.59,21.59,26.08,17.92,,,,,,
2019-12-31 02:00:00+01:00,,23.18,,43.35,22.51,30.02,,13.04,,13.01,12.84,12.84,12.84,30.95,12.84,30.95,44.67,,25.1,23.18,16.31,,41.58,,,,30.95,30.95,,30.95,30.95,30.95,30.95,30.95,12.84,12.84,,,,,30.31,31.31,31.31,12.84,12.84,31.31,12.84,30.95,16.3,22.27,12.84,12.84,12.84,12.84,23.18,13.04,,,,,,
2019-12-31 03:00:00+01:00,,22.87,,35.42,22.51,28.57,,6.7,,4.97,4.97,4.97,4.97,29.8,4.97,29.8,36.5,,23.0,22.87,10.25,,35.51,,,,29.8,29.8,,29.8,29.8,29.8,29.8,29.8,4.97,4.97,,,,,32.87,31.81,31.81,4.97,4.97,31.81,10.55,29.8,10.24,16.38,4.97,4.97,4.97,4.97,22.87,6.7,,,,,,
2019-12-31 04:00:00+01:00,,25.18,,33.43,22.51,28.53,,7.67,,9.81,9.81,9.81,9.81,28.59,9.81,28.59,34.45,,24.49,25.18,10.67,,33.51,,,,28.59,28.59,,28.59,28.59,28.59,28.59,28.59,9.81,9.81,,,,,33.0,31.94,31.94,9.81,9.81,31.94,10.55,28.59,10.66,17.62,9.81,9.81,9.81,9.81,25.18,7.67,,,,,,
2019-12-31 05:00:00+01:00,,27.02,,33.0,22.52,31.41,,12.5,,18.37,18.37,18.37,18.37,30.95,18.37,30.95,34.01,,43.1,27.02,18.49,,33.08,,,,34.67,34.67,,34.67,34.67,34.67,34.67,34.67,18.37,18.37,,,,,32.87,31.81,31.81,18.37,18.37,31.81,15.43,30.95,18.47,24.23,18.37,18.37,18.37,18.37,27.02,12.5,,,,,,
2019-12-31 06:00:00+01:00,,25.99,,35.62,22.52,35.94,,19.39,,23.5,23.5,23.5,23.5,30.75,23.5,30.75,36.71,,69.24,25.99,22.92,,34.86,,,,42.0,42.0,,42.0,42.0,42.0,42.0,42.0,23.5,23.5,,,,,33.29,32.23,32.23,23.5,23.5,32.23,23.5,30.75,22.91,21.45,23.5,23.5,23.5,23.5,25.99,19.39,,,,,,
2019-12-31 07:00:00+01:00,,30.37,,44.27,26.12,42.01,,25.9,,27.17,27.17,27.17,27.17,37.01,27.17,37.01,43.3,,67.94,30.37,28.52,,41.11,,,,45.02,52.61,,42.49,52.61,52.61,52.61,52.61,27.17,27.17,,,,,32.96,31.9,31.9,27.17,27.17,31.9,27.17,37.01,28.5,30.41,27.17,27.17,27.17,27.17,30.37,25.9,,,,,,
2019-12-31 08:00:00+01:00,,37.62,,43.22,29.93,42.08,,29.95,,36.56,30.82,30.82,30.82,40.15,30.82,40.15,41.26,,69.39,37.62,34.45,,39.17,,,,44.3,52.63,,41.52,52.63,52.63,52.63,52.63,30.82,30.82,,,,,36.56,32.03,32.03,30.82,30.82,32.03,30.82,40.15,34.43,33.01,30.82,30.82,30.82,30.82,37.62,29.95,,,,,,
2019-12-31 09:00:00+01:00,,40.92,,43.12,27.18,41.8,,33.06,,40.43,32.28,32.28,32.28,42.15,32.28,42.15,43.32,,66.52,41.0,36.13,,42.11,,,,43.01,48.0,,43.01,48.0,48.0,52.62,48.0,32.28,32.28,,,,,41.85,32.47,32.47,32.28,32.28,32.47,33.3,42.15,36.11,33.43,32.28,32.28,32.28,32.28,41.0,33.06,,,,,,
2019-12-31 10:00:00+01:00,,36.25,,48.42,26.2,39.98,,33.11,,32.22,31.45,31.45,31.45,42.25,31.45,42.25,49.93,,67.84,36.25,33.91,,47.39,,,,42.25,44.5,,42.25,44.5,44.5,44.5,44.5,31.45,31.45,,,,,47.76,32.73,32.73,31.45,31.45,32.73,31.76,42.25,33.89,32.06,31.45,31.45,31.45,31.45,36.25,33.11,,,,,,
2019-12-31 11:00:00+01:00,,39.14,,40.0,25.98,37.93,,34.14,,38.98,31.95,31.95,31.95,39.53,31.95,39.53,48.16,,69.39,39.14,34.14,,50.32,,,,40.57,40.57,,40.57,40.57,40.57,40.57,40.57,31.95,31.95,,,,,38.98,32.73,32.73,31.95,31.95,32.73,37.26,39.53,34.12,32.05,31.95,31.95,31.95,31.95,39.14,34.14,,,,,,
2019-12-31 12:00:00+01:00,,38.6,,38.6,26.96,37.04,,33.98,,38.6,33.14,33.14,33.14,38.6,33.14,38.6,51.75,,69.39,38.6,33.98,,52.78,,,,40.0,40.0,,40.0,40.0,40.0,40.0,40.0,33.14,33.14,,,,,38.6,33.14,33.14,33.14,33.14,33.14,36.02,38.6,33.96,31.55,33.14,33.14,33.14,33.14,38.6,33.98,,,,,,
2019-12-31 13:00:00+01:00,,37.9,,37.9,25.79,35.81,,32.84,,37.9,33.38,33.38,33.38,37.9,33.38,37.9,54.11,,67.84,37.9,32.84,,55.18,,,,40.0,40.0,,40.0,40.0,40.0,40.0,40.0,33.38,33.38,,,,,37.9,33.38,33.38,33.38,33.38,33.38,34.13,37.9,32.82,31.29,33.38,33.38,33.38,33.38,37.9,32.84,,,,,,
2019-12-31 14:00:00+01:00,,38.0,,38.0,28.74,36.2,,34.5,,38.0,33.74,33.74,33.74,38.0,33.74,38.0,51.6,,69.23,38.0,34.5,,53.25,,,,41.17,44.5,,38.0,44.5,44.5,44.5,44.5,33.74,33.74,,,,,38.0,33.74,33.74,33.74,33.74,33.74,36.44,38.0,34.48,34.26,33.74,33.74,33.74,33.74,38.0,34.5,,,,,,
2019-12-31 15:00:00+01:00,,39.58,,39.58,32.73,38.74,,37.0,,39.58,34.33,34.33,42.74,39.58,34.33,39.58,42.46,,73.78,39.58,37.0,,45.0,,,,45.02,57.27,,39.58,57.27,57.27,85.07,57.27,42.74,42.74,,,,,39.58,34.33,34.33,34.33,34.33,34.33,42.74,39.58,36.98,34.69,34.33,34.33,34.33,34.33,39.58,37.0,,,,,,
2019-12-31 16:00:00+01:00,,42.28,,42.28,40.55,40.11,,40.0,,42.28,35.01,35.01,45.67,42.28,35.01,42.28,43.78,,77.24,42.28,41.21,,45.73,,,,48.21,60.47,,42.28,60.47,60.47,89.07,60.47,45.67,45.67,,,,,42.28,35.01,35.01,34.63,34.63,35.01,45.67,42.28,41.19,42.09,34.63,34.63,35.01,35.01,42.28,40.0,,,,,,
2019-12-31 17:00:00+01:00,,46.06,,46.06,44.03,43.43,,43.34,,46.06,35.98,35.98,47.75,46.06,35.39,46.06,62.77,,77.59,46.64,44.32,,65.56,,,,58.87,66.61,,46.64,66.61,66.61,99.85,66.61,47.75,47.75,,,,,46.06,35.39,35.39,34.59,34.59,35.39,47.75,46.06,44.29,48.07,34.59,34.59,35.39,35.98,46.64,43.34,,,,,,
2019-12-31 18:00:00+01:00,,47.73,,47.73,41.5,44.0,,43.0,,47.73,35.48,35.48,46.82,47.73,34.76,47.73,64.83,,77.69,47.73,43.0,,86.61,,,,59.6,71.13,,47.73,71.13,71.13,86.28,71.13,46.82,46.82,,,,,47.73,34.76,34.76,34.76,34.76,34.76,46.82,47.73,42.97,47.56,34.76,34.76,34.76,35.48,47.73,43.0,,,,,,
2019-12-31 19:00:00+01:00,,46.0,,46.0,37.44,42.73,,40.16,,46.0,33.85,33.85,32.37,46.0,32.37,46.0,53.66,,77.52,46.0,40.16,,68.0,,,,49.99,65.0,,46.0,65.0,65.0,99.85,65.0,32.37,32.37,,,,,46.0,33.85,33.85,32.37,32.37,33.85,42.75,46.0,40.13,42.05,32.37,32.37,32.37,32.37,46.0,40.16,,,,,,
2019-12-31 20:00:00+01:00,,42.2,,42.2,30.58,39.71,,35.52,,42.2,33.54,33.54,31.23,42.58,31.23,42.2,45.98,,77.06,42.2,35.52,,50.0,,,,48.21,60.77,,42.2,60.77,60.77,99.85,60.77,31.23,31.23,,,,,42.2,33.54,33.54,31.23,31.23,33.54,38.3,42.58,35.5,39.08,31.23,31.23,31.23,31.23,42.2,35.52,,,,,,
2019-12-31 21:00:00+01:00,,39.74,,39.74,31.09,36.77,,34.5,,39.74,33.17,33.17,31.33,39.74,31.33,39.74,44.38,,66.13,39.74,34.5,,46.0,,,,45.02,57.99,,39.74,57.99,57.99,98.74,57.99,31.33,31.33,,,,,39.74,33.17,33.17,31.33,31.33,33.17,33.01,39.74,34.48,36.56,31.33,31.33,31.33,31.33,39.74,34.5,,,,,,
2019-12-31 22:00:00+01:00,,38.88,,38.88,30.04,36.9,,36.55,,38.88,33.04,33.04,31.46,38.88,31.46,38.88,40.28,,68.12,38.88,36.55,,42.37,,,,43.63,57.27,,40.0,57.27,57.27,75.44,57.27,31.46,31.46,,,,,38.88,32.75,32.75,31.46,31.46,32.75,39.88,38.88,36.53,36.12,31.46,31.46,31.46,31.46,38.88,36.55,,,,,,
2019-12-31 23:00:00+01:00,,37.39,,37.36,27.71,35.27,,34.18,,37.39,32.28,30.83,30.83,37.37,30.83,37.37,38.55,,68.35,37.39,36.11,,40.24,,,,40.88,44.5,,40.88,44.5,44.5,44.5,44.5,30.83,30.83,,,,,37.21,32.56,32.56,30.83,30.83,32.56,39.73,37.37,36.09,34.19,30.83,30.83,30.83,30.83,37.39,34.18,,,,,,
